site_id,activity_name,mining_processing_type,archetypes,compartment_name,substance_name,flow_direction,release_pathway,unit,value,data_source,value_formula,ore_processed_t,value_normalized,functional_unit,allocation_factor,normalization_key
ON-MAIN-1f126a43,Underground mining and beneficiation at Macassa,"Underground, concentrator",Au–Ag free-milling,Air,Ammonia (total),Emission,Stack Emissions,tonnes,0.636,MetalliCan,MetalliCan,441588.0,1.4402565287100193e-06,Ore processed,1,ore
ON-MAIN-1f126a43,Underground mining and beneficiation at Macassa,"Underground, concentrator",Au–Ag free-milling,Air,Arsenic (and its compounds),Emission,Stack Emissions,kg,0.116,MetalliCan,MetalliCan,441588.0,2.626882976892488e-07,Ore processed,1,ore
ON-MAIN-1f126a43,Underground mining and beneficiation at Macassa,"Underground, concentrator",Au–Ag free-milling,Air,Carbon monoxide,Emission,Stack Emissions,tonnes,76.208,MetalliCan,MetalliCan,441588.0,0.00017257715336467476,Ore processed,1,ore
ON-MAIN-1f126a43,Underground mining and beneficiation at Macassa,"Underground, concentrator",Au–Ag free-milling,Air,Chromium (and its compounds),Emission,Stack Emissions,tonnes,0.00105,MetalliCan,MetalliCan,441588.0,2.3777820049457863e-09,Ore processed,1,ore
ON-MAIN-1f126a43,Underground mining and beneficiation at Macassa,"Underground, concentrator",Au–Ag free-milling,Air,Cobalt (and its compounds),Emission,Stack Emissions,kg,0.18,MetalliCan,MetalliCan,441588.0,4.0761977227642053e-07,Ore processed,1,ore
ON-MAIN-1f126a43,Underground mining and beneficiation at Macassa,"Underground, concentrator",Au–Ag free-milling,Air,Copper (and its compounds),Emission,Stack Emissions,tonnes,0.00105,MetalliCan,MetalliCan,441588.0,2.3777820049457863e-09,Ore processed,1,ore
ON-MAIN-1f126a43,Underground mining and beneficiation at Macassa,"Underground, concentrator",Au–Ag free-milling,Air,Cyanides (ionic),Emission,Stack Emissions,tonnes,0.098,MetalliCan,MetalliCan,441588.0,2.2192632046160675e-07,Ore processed,1,ore
ON-MAIN-1f126a43,Underground mining and beneficiation at Macassa,"Underground, concentrator",Au–Ag free-milling,Air,Lead (and its compounds),Emission,Stack Emissions,kg,0.29,MetalliCan,MetalliCan,441588.0,6.56720744223122e-07,Ore processed,1,ore
ON-MAIN-1f126a43,Underground mining and beneficiation at Macassa,"Underground, concentrator",Au–Ag free-milling,Air,Manganese (and its compounds),Emission,Stack Emissions,tonnes,0.012,MetalliCan,MetalliCan,441588.0,2.7174651485094705e-08,Ore processed,1,ore
ON-MAIN-1f126a43,Underground mining and beneficiation at Macassa,"Underground, concentrator",Au–Ag free-milling,Air,Nitric acid,Emission,Stack Emissions,tonnes,0.105,MetalliCan,MetalliCan,441588.0,2.3777820049457866e-07,Ore processed,1,ore
ON-MAIN-1f126a43,Underground mining and beneficiation at Macassa,"Underground, concentrator",Au–Ag free-milling,Air,Nitrogen oxides (expressed as nitrogen dioxide),Emission,Stack Emissions,tonnes,140.902,MetalliCan,MetalliCan,441588.0,0.0003190802286294011,Ore processed,1,ore
ON-MAIN-1f126a43,Underground mining and beneficiation at Macassa,"Underground, concentrator",Au–Ag free-milling,Air,Phosphorus (total),Emission,Stack Emissions,tonnes,0.001,MetalliCan,MetalliCan,441588.0,2.2645542904245586e-09,Ore processed,1,ore
ON-MAIN-1f126a43,Underground mining and beneficiation at Macassa,"Underground, concentrator",Au–Ag free-milling,Air,PM10 - Particulate Matter <= 10 Micrometers,Emission,Stack Emissions,tonnes,21.207,MetalliCan,MetalliCan,441588.0,4.8024402837033614e-05,Ore processed,1,ore
ON-MAIN-1f126a43,Underground mining and beneficiation at Macassa,"Underground, concentrator",Au–Ag free-milling,Air,PM2.5 - Particulate Matter <= 2.5 Micrometers,Emission,Stack Emissions,tonnes,21.207,MetalliCan,MetalliCan,441588.0,4.8024402837033614e-05,Ore processed,1,ore
ON-MAIN-1f126a43,Underground mining and beneficiation at Macassa,"Underground, concentrator",Au–Ag free-milling,Air,Thallium (and its compounds),Emission,Stack Emissions,kg,0.008,MetalliCan,MetalliCan,441588.0,1.811643432339647e-08,Ore processed,1,ore
ON-MAIN-1f126a43,Underground mining and beneficiation at Macassa,"Underground, concentrator",Au–Ag free-milling,Air,Total particulate matter,Emission,Stack Emissions,tonnes,21.207,MetalliCan,MetalliCan,441588.0,4.8024402837033614e-05,Ore processed,1,ore
ON-MAIN-1f126a43,Underground mining and beneficiation at Macassa,"Underground, concentrator",Au–Ag free-milling,Air,Vanadium (and its compounds),Emission,Stack Emissions,tonnes,0.00158,MetalliCan,MetalliCan,441588.0,3.5779957788708026e-09,Ore processed,1,ore
ON-MAIN-1f126a43,Underground mining and beneficiation at Macassa,"Underground, concentrator",Au–Ag free-milling,Air,Zinc (and its compounds),Emission,Stack Emissions,tonnes,0.0008,MetalliCan,MetalliCan,441588.0,1.811643432339647e-09,Ore processed,1,ore
QC-MAIN-e7e6a960,Open-pit mining and beneficiation at Canadian Malartic,"Open-pit, concentrator",Au–Ag free-milling,Air,Carbon monoxide,Emission,Stack Emissions,tonnes,3.03,MetalliCan,MetalliCan,17332900.0,1.7481206260925751e-07,Ore processed,1,ore
QC-MAIN-e7e6a960,Open-pit mining and beneficiation at Canadian Malartic,"Open-pit, concentrator",Au–Ag free-milling,Air,Nitrogen oxides (expressed as nitrogen dioxide),Emission,Stack Emissions,tonnes,9.03,MetalliCan,MetalliCan,17332900.0,5.209745628256091e-07,Ore processed,1,ore
QC-MAIN-e7e6a960,Open-pit mining and beneficiation at Canadian Malartic,"Open-pit, concentrator",Au–Ag free-milling,Air,PM10 - Particulate Matter <= 10 Micrometers,Emission,Stack Emissions,tonnes,1.73,MetalliCan,MetalliCan,17332900.0,9.981018756238137e-08,Ore processed,1,ore
QC-MAIN-e7e6a960,Open-pit mining and beneficiation at Canadian Malartic,"Open-pit, concentrator",Au–Ag free-milling,Air,PM2.5 - Particulate Matter <= 2.5 Micrometers,Emission,Stack Emissions,tonnes,0.61,MetalliCan,MetalliCan,17332900.0,3.519318752199574e-08,Ore processed,1,ore
QC-MAIN-e7e6a960,Open-pit mining and beneficiation at Canadian Malartic,"Open-pit, concentrator",Au–Ag free-milling,Air,Total particulate matter,Emission,Stack Emissions,tonnes,7.86,MetalliCan,MetalliCan,17332900.0,4.5347287528342056e-07,Ore processed,1,ore
QC-MAIN-e7e6a960,Open-pit mining and beneficiation at Canadian Malartic,"Open-pit, concentrator",Au–Ag free-milling,Air,Volatile Organic Compounds (Total),Emission,Stack Emissions,tonnes,0.5,MetalliCan,MetalliCan,17332900.0,2.8846875018029298e-08,Ore processed,1,ore
NU-MAIN-8b0264c9,Open-pit and underground mining and beneficiation at Meliadine,"Open-pit, underground, concentrator",Au–Ag free-milling,Air,Arsenic (and its compounds),Emission,Stack Emissions,kg,0.950969,MetalliCan,MetalliCan,1918143.0,4.957758623835657e-07,Ore processed,1,ore
NU-MAIN-8b0264c9,Open-pit and underground mining and beneficiation at Meliadine,"Open-pit, underground, concentrator",Au–Ag free-milling,Air,Cadmium (and its compounds),Emission,Stack Emissions,kg,0.203747,MetalliCan,MetalliCan,1918143.0,1.0622096475601663e-07,Ore processed,1,ore
NU-MAIN-8b0264c9,Open-pit and underground mining and beneficiation at Meliadine,"Open-pit, underground, concentrator",Au–Ag free-milling,Air,Carbon monoxide,Emission,Stack Emissions,tonnes,434.002636,MetalliCan,MetalliCan,1918143.0,0.00022626187724272904,Ore processed,1,ore
NU-MAIN-8b0264c9,Open-pit and underground mining and beneficiation at Meliadine,"Open-pit, underground, concentrator",Au–Ag free-milling,Air,Chromium (and its compounds),Emission,Stack Emissions,tonnes,0.000219,MetalliCan,MetalliCan,1918143.0,1.1417292662747251e-10,Ore processed,1,ore
NU-MAIN-8b0264c9,Open-pit and underground mining and beneficiation at Meliadine,"Open-pit, underground, concentrator",Au–Ag free-milling,Air,Cobalt (and its compounds),Emission,Stack Emissions,kg,0.002818,MetalliCan,MetalliCan,1918143.0,1.4691292567863815e-09,Ore processed,1,ore
NU-MAIN-8b0264c9,Open-pit and underground mining and beneficiation at Meliadine,"Open-pit, underground, concentrator",Au–Ag free-milling,Air,Copper (and its compounds),Emission,Stack Emissions,tonnes,0.000968,MetalliCan,MetalliCan,1918143.0,5.046547624447187e-10,Ore processed,1,ore
NU-MAIN-8b0264c9,Open-pit and underground mining and beneficiation at Meliadine,"Open-pit, underground, concentrator",Au–Ag free-milling,Air,Dioxins and furans - total,Emission,Stack Emissions,g TEQ,0.001444,MetalliCan,MetalliCan,1918143.0,7.528114431510059e-10,Ore processed,1,ore
NU-MAIN-8b0264c9,Open-pit and underground mining and beneficiation at Meliadine,"Open-pit, underground, concentrator",Au–Ag free-milling,Air,Hydrochloric acid,Emission,Stack Emissions,tonnes,2.18248,MetalliCan,MetalliCan,1918143.0,1.1378088077896173e-06,Ore processed,1,ore
NU-MAIN-8b0264c9,Open-pit and underground mining and beneficiation at Meliadine,"Open-pit, underground, concentrator",Au–Ag free-milling,Air,Lead (and its compounds),Emission,Stack Emissions,kg,1.624417,MetalliCan,MetalliCan,1918143.0,8.468696025270274e-07,Ore processed,1,ore
NU-MAIN-8b0264c9,Open-pit and underground mining and beneficiation at Meliadine,"Open-pit, underground, concentrator",Au–Ag free-milling,Air,Manganese (and its compounds),Emission,Stack Emissions,tonnes,0.000408,MetalliCan,MetalliCan,1918143.0,2.1270572631967481e-10,Ore processed,1,ore
NU-MAIN-8b0264c9,Open-pit and underground mining and beneficiation at Meliadine,"Open-pit, underground, concentrator",Au–Ag free-milling,Air,Nickel (and its compounds),Emission,Stack Emissions,tonnes,0.000184,MetalliCan,MetalliCan,1918143.0,9.592611186965726e-11,Ore processed,1,ore
NU-MAIN-8b0264c9,Open-pit and underground mining and beneficiation at Meliadine,"Open-pit, underground, concentrator",Au–Ag free-milling,Air,Nitrogen oxides (expressed as nitrogen dioxide),Emission,Stack Emissions,tonnes,1636.562586,MetalliCan,MetalliCan,1918143.0,0.0008532015527518022,Ore processed,1,ore
NU-MAIN-8b0264c9,Open-pit and underground mining and beneficiation at Meliadine,"Open-pit, underground, concentrator",Au–Ag free-milling,Air,PM10 - Particulate Matter <= 10 Micrometers,Emission,Stack Emissions,tonnes,26.086918,MetalliCan,MetalliCan,1918143.0,1.3600090295666174e-05,Ore processed,1,ore
NU-MAIN-8b0264c9,Open-pit and underground mining and beneficiation at Meliadine,"Open-pit, underground, concentrator",Au–Ag free-milling,Air,PM2.5 - Particulate Matter <= 2.5 Micrometers,Emission,Stack Emissions,tonnes,24.895701,MetalliCan,MetalliCan,1918143.0,1.2979064126084446e-05,Ore processed,1,ore
NU-MAIN-8b0264c9,Open-pit and underground mining and beneficiation at Meliadine,"Open-pit, underground, concentrator",Au–Ag free-milling,Air,Selenium (and its compounds),Emission,Stack Emissions,kg,0.884657,MetalliCan,MetalliCan,1918143.0,4.6120492580584454e-07,Ore processed,1,ore
NU-MAIN-8b0264c9,Open-pit and underground mining and beneficiation at Meliadine,"Open-pit, underground, concentrator",Au–Ag free-milling,Air,Thallium (and its compounds),Emission,Stack Emissions,kg,0.002537,MetalliCan,MetalliCan,1918143.0,1.3226334011593506e-09,Ore processed,1,ore
NU-MAIN-8b0264c9,Open-pit and underground mining and beneficiation at Meliadine,"Open-pit, underground, concentrator",Au–Ag free-milling,Air,Total particulate matter,Emission,Stack Emissions,tonnes,32.814761,MetalliCan,MetalliCan,1918143.0,1.7107567579685143e-05,Ore processed,1,ore
NU-MAIN-8b0264c9,Open-pit and underground mining and beneficiation at Meliadine,"Open-pit, underground, concentrator",Au–Ag free-milling,Air,Vanadium (and its compounds),Emission,Stack Emissions,tonnes,5e-06,MetalliCan,MetalliCan,1918143.0,2.6066878225450346e-12,Ore processed,1,ore
NU-MAIN-8b0264c9,Open-pit and underground mining and beneficiation at Meliadine,"Open-pit, underground, concentrator",Au–Ag free-milling,Air,Volatile Organic Compounds (Total),Emission,Stack Emissions,tonnes,41.799029,MetalliCan,MetalliCan,1918143.0,2.179140397770135e-05,Ore processed,1,ore
NU-MAIN-8b0264c9,Open-pit and underground mining and beneficiation at Meliadine,"Open-pit, underground, concentrator",Au–Ag free-milling,Air,Zinc (and its compounds),Emission,Stack Emissions,tonnes,0.00608,MetalliCan,MetalliCan,1918143.0,3.169732392214762e-09,Ore processed,1,ore
QC-MAIN-c0660aec,Underground mining and beneficiation at Goldex,"Underground, concentrator",Au–Ag polymetallic,Air,Arsenic (and its compounds),Emission,Stack Emissions,kg,0.37,MetalliCan,MetalliCan,2886927.328724,1.2816394660115577e-07,Ore processed,1,ore
QC-MAIN-c0660aec,Underground mining and beneficiation at Goldex,"Underground, concentrator",Au–Ag polymetallic,Air,Chromium (and its compounds),Emission,Stack Emissions,tonnes,1e-06,MetalliCan,MetalliCan,2886927.328724,3.463890448679885e-13,Ore processed,1,ore
QC-MAIN-c0660aec,Underground mining and beneficiation at Goldex,"Underground, concentrator",Au–Ag polymetallic,Air,Cobalt (and its compounds),Emission,Stack Emissions,kg,0.00012,MetalliCan,MetalliCan,2886927.328724,4.156668538415863e-11,Ore processed,1,ore
QC-MAIN-c0660aec,Underground mining and beneficiation at Goldex,"Underground, concentrator",Au–Ag polymetallic,Air,Copper (and its compounds),Emission,Stack Emissions,tonnes,3e-06,MetalliCan,MetalliCan,2886927.328724,1.0391671346039656e-12,Ore processed,1,ore
QC-MAIN-c0660aec,Underground mining and beneficiation at Goldex,"Underground, concentrator",Au–Ag polymetallic,Air,Lead (and its compounds),Emission,Stack Emissions,kg,9.36,MetalliCan,MetalliCan,2886927.328724,3.242201459964373e-06,Ore processed,1,ore
QC-MAIN-c0660aec,Underground mining and beneficiation at Goldex,"Underground, concentrator",Au–Ag polymetallic,Air,Manganese (and its compounds),Emission,Stack Emissions,tonnes,3e-06,MetalliCan,MetalliCan,2886927.328724,1.0391671346039656e-12,Ore processed,1,ore
QC-MAIN-c0660aec,Underground mining and beneficiation at Goldex,"Underground, concentrator",Au–Ag polymetallic,Air,Nickel (and its compounds),Emission,Stack Emissions,tonnes,1e-06,MetalliCan,MetalliCan,2886927.328724,3.463890448679885e-13,Ore processed,1,ore
QC-MAIN-c0660aec,Underground mining and beneficiation at Goldex,"Underground, concentrator",Au–Ag polymetallic,Air,Total particulate matter,Emission,Stack Emissions,tonnes,0.019,MetalliCan,MetalliCan,2886927.328724,6.581391852491782e-09,Ore processed,1,ore
QC-MAIN-c0660aec,Underground mining and beneficiation at Goldex,"Underground, concentrator",Au–Ag polymetallic,Air,Vanadium (and its compounds),Emission,Stack Emissions,tonnes,1e-06,MetalliCan,MetalliCan,2886927.328724,3.463890448679885e-13,Ore processed,1,ore
QC-MAIN-c0660aec,Underground mining and beneficiation at Goldex,"Underground, concentrator",Au–Ag polymetallic,Air,Zinc (and its compounds),Emission,Stack Emissions,tonnes,6e-06,MetalliCan,MetalliCan,2886927.328724,2.0783342692079312e-12,Ore processed,1,ore
ON-MAIN-687b8c8d,Underground mining and beneficiation at Island,"Underground, concentrator",Au–Ag free-milling,Air,Ammonia (total),Emission,Stack Emissions,tonnes,0.483,MetalliCan,MetalliCan,439008.0,1.1002077410890006e-06,Ore processed,1,ore
ON-MAIN-7607a50e,Underground mining and beneficiation at Young-Davidson,"Underground, concentrator",Au–Ag free-milling,Air,Antimony (and its compounds),Emission,Stack Emissions,tonnes,7e-06,MetalliCan,MetalliCan,2878047.0,2.432204894499638e-12,Ore processed,1,ore
ON-MAIN-687b8c8d,Underground mining and beneficiation at Island,"Underground, concentrator",Au–Ag free-milling,Air,Arsenic (and its compounds),Emission,Stack Emissions,kg,1.8225,MetalliCan,MetalliCan,439008.0,4.151404985786136e-06,Ore processed,1,ore
ON-MAIN-7607a50e,Underground mining and beneficiation at Young-Davidson,"Underground, concentrator",Au–Ag free-milling,Air,Arsenic (and its compounds),Emission,Stack Emissions,kg,0.032638,MetalliCan,MetalliCan,2878047.0,1.1340329049525598e-08,Ore processed,1,ore
ON-MAIN-687b8c8d,Underground mining and beneficiation at Island,"Underground, concentrator",Au–Ag free-milling,Air,Cadmium (and its compounds),Emission,Stack Emissions,kg,0.0138,MetalliCan,MetalliCan,439008.0,3.143450688825716e-08,Ore processed,1,ore
ON-MAIN-7607a50e,Underground mining and beneficiation at Young-Davidson,"Underground, concentrator",Au–Ag free-milling,Air,Cadmium (and its compounds),Emission,Stack Emissions,kg,0.106318,MetalliCan,MetalliCan,2878047.0,3.6941022853344646e-08,Ore processed,1,ore
ON-MAIN-7607a50e,Underground mining and beneficiation at Young-Davidson,"Underground, concentrator",Au–Ag free-milling,Air,Carbon disulphide,Emission,Stack Emissions,tonnes,30.228766,MetalliCan,MetalliCan,2878047.0,1.0503221802840606e-05,Ore processed,1,ore
ON-MAIN-687b8c8d,Underground mining and beneficiation at Island,"Underground, concentrator",Au–Ag free-milling,Air,Carbon monoxide,Emission,Stack Emissions,tonnes,96.4102,MetalliCan,MetalliCan,439008.0,0.0002196092098549457,Ore processed,1,ore
ON-MAIN-7607a50e,Underground mining and beneficiation at Young-Davidson,"Underground, concentrator",Au–Ag free-milling,Air,Carbon monoxide,Emission,Stack Emissions,tonnes,214.673254,MetalliCan,MetalliCan,2878047.0,7.458990558528057e-05,Ore processed,1,ore
ON-MAIN-687b8c8d,Underground mining and beneficiation at Island,"Underground, concentrator",Au–Ag free-milling,Air,Chromium (and its compounds),Emission,Stack Emissions,tonnes,0.002,MetalliCan,MetalliCan,439008.0,4.555725635979299e-09,Ore processed,1,ore
ON-MAIN-7607a50e,Underground mining and beneficiation at Young-Davidson,"Underground, concentrator",Au–Ag free-milling,Air,Chromium (and its compounds),Emission,Stack Emissions,tonnes,0.000909,MetalliCan,MetalliCan,2878047.0,3.158391784428816e-10,Ore processed,1,ore
ON-MAIN-687b8c8d,Underground mining and beneficiation at Island,"Underground, concentrator",Au–Ag free-milling,Air,Cobalt (and its compounds),Emission,Stack Emissions,kg,0.3701,MetalliCan,MetalliCan,439008.0,8.430370289379692e-07,Ore processed,1,ore
ON-MAIN-7607a50e,Underground mining and beneficiation at Young-Davidson,"Underground, concentrator",Au–Ag free-milling,Air,Cobalt (and its compounds),Emission,Stack Emissions,kg,0.096206,MetalliCan,MetalliCan,2878047.0,3.3427529154318887e-08,Ore processed,1,ore
ON-MAIN-687b8c8d,Underground mining and beneficiation at Island,"Underground, concentrator",Au–Ag free-milling,Air,Copper (and its compounds),Emission,Stack Emissions,tonnes,0.0013,MetalliCan,MetalliCan,439008.0,2.9612216633865442e-09,Ore processed,1,ore
ON-MAIN-7607a50e,Underground mining and beneficiation at Young-Davidson,"Underground, concentrator",Au–Ag free-milling,Air,Copper (and its compounds),Emission,Stack Emissions,tonnes,0.001595,MetalliCan,MetalliCan,2878047.0,5.541952581038461e-10,Ore processed,1,ore
ON-MAIN-687b8c8d,Underground mining and beneficiation at Island,"Underground, concentrator",Au–Ag free-milling,Air,Lead (and its compounds),Emission,Stack Emissions,kg,0.3765,MetalliCan,MetalliCan,439008.0,8.57615350973103e-07,Ore processed,1,ore
ON-MAIN-7607a50e,Underground mining and beneficiation at Young-Davidson,"Underground, concentrator",Au–Ag free-milling,Air,Lead (and its compounds),Emission,Stack Emissions,kg,0.327258,MetalliCan,MetalliCan,2878047.0,1.1370835848059465e-07,Ore processed,1,ore
ON-MAIN-687b8c8d,Underground mining and beneficiation at Island,"Underground, concentrator",Au–Ag free-milling,Air,Manganese (and its compounds),Emission,Stack Emissions,tonnes,0.0169,MetalliCan,MetalliCan,439008.0,3.849588162402507e-08,Ore processed,1,ore
ON-MAIN-7607a50e,Underground mining and beneficiation at Young-Davidson,"Underground, concentrator",Au–Ag free-milling,Air,Manganese (and its compounds),Emission,Stack Emissions,tonnes,0.009174,MetalliCan,MetalliCan,2878047.0,3.1875782431628114e-09,Ore processed,1,ore
ON-MAIN-687b8c8d,Underground mining and beneficiation at Island,"Underground, concentrator",Au–Ag free-milling,Air,Mercury (and its compounds),Emission,Stack Emissions,tonnes,1.55e-05,MetalliCan,MetalliCan,439008.0,3.530687367883957e-11,Ore processed,1,ore
ON-MAIN-687b8c8d,Underground mining and beneficiation at Island,"Underground, concentrator",Au–Ag free-milling,Air,Nickel (and its compounds),Emission,Stack Emissions,tonnes,0.0017,MetalliCan,MetalliCan,439008.0,3.872366790582404e-09,Ore processed,1,ore
ON-MAIN-7607a50e,Underground mining and beneficiation at Young-Davidson,"Underground, concentrator",Au–Ag free-milling,Air,Nickel (and its compounds),Emission,Stack Emissions,tonnes,0.000378,MetalliCan,MetalliCan,2878047.0,1.3133906430298048e-10,Ore processed,1,ore
ON-MAIN-7607a50e,Underground mining and beneficiation at Young-Davidson,"Underground, concentrator",Au–Ag free-milling,Air,Nitrate ion in solution at pH >= 6.0,Emission,Stack Emissions,tonnes,0.0002,MetalliCan,MetalliCan,2878047.0,6.949156841427538e-11,Ore processed,1,ore
ON-MAIN-687b8c8d,Underground mining and beneficiation at Island,"Underground, concentrator",Au–Ag free-milling,Air,Nitrogen oxides (expressed as nitrogen dioxide),Emission,Stack Emissions,tonnes,440.1722,MetalliCan,MetalliCan,439008.0,0.0010026518878927034,Ore processed,1,ore
ON-MAIN-7607a50e,Underground mining and beneficiation at Young-Davidson,"Underground, concentrator",Au–Ag free-milling,Air,Nitrogen oxides (expressed as nitrogen dioxide),Emission,Stack Emissions,tonnes,33.825137,MetalliCan,MetalliCan,2878047.0,1.1752809109788685e-05,Ore processed,1,ore
ON-MAIN-7607a50e,Underground mining and beneficiation at Young-Davidson,"Underground, concentrator",Au–Ag free-milling,Air,Phosphorus (total),Emission,Stack Emissions,tonnes,0.008252,MetalliCan,MetalliCan,2878047.0,2.8672221127730023e-09,Ore processed,1,ore
ON-MAIN-687b8c8d,Underground mining and beneficiation at Island,"Underground, concentrator",Au–Ag free-milling,Air,PM10 - Particulate Matter <= 10 Micrometers,Emission,Stack Emissions,tonnes,43.1072,MetalliCan,MetalliCan,439008.0,9.819228806764341e-05,Ore processed,1,ore
ON-MAIN-7607a50e,Underground mining and beneficiation at Young-Davidson,"Underground, concentrator",Au–Ag free-milling,Air,PM10 - Particulate Matter <= 10 Micrometers,Emission,Stack Emissions,tonnes,4.766211,MetalliCan,MetalliCan,2878047.0,1.6560573889168593e-06,Ore processed,1,ore
ON-MAIN-687b8c8d,Underground mining and beneficiation at Island,"Underground, concentrator",Au–Ag free-milling,Air,PM2.5 - Particulate Matter <= 2.5 Micrometers,Emission,Stack Emissions,tonnes,36.8965,MetalliCan,MetalliCan,439008.0,8.40451654639551e-05,Ore processed,1,ore
ON-MAIN-7607a50e,Underground mining and beneficiation at Young-Davidson,"Underground, concentrator",Au–Ag free-milling,Air,PM2.5 - Particulate Matter <= 2.5 Micrometers,Emission,Stack Emissions,tonnes,2.941035,MetalliCan,MetalliCan,2878047.0,1.0218856745563918e-06,Ore processed,1,ore
ON-MAIN-687b8c8d,Underground mining and beneficiation at Island,"Underground, concentrator",Au–Ag free-milling,Air,Selenium (and its compounds),Emission,Stack Emissions,kg,1.8958,MetalliCan,MetalliCan,439008.0,4.318372330344777e-06,Ore processed,1,ore
ON-MAIN-7607a50e,Underground mining and beneficiation at Young-Davidson,"Underground, concentrator",Au–Ag free-milling,Air,Selenium (and its compounds),Emission,Stack Emissions,kg,0.006421,MetalliCan,MetalliCan,2878047.0,2.231026803940311e-09,Ore processed,1,ore
ON-MAIN-7607a50e,Underground mining and beneficiation at Young-Davidson,"Underground, concentrator",Au–Ag free-milling,Air,Silver (and its compounds),Emission,Stack Emissions,tonnes,5e-06,MetalliCan,MetalliCan,2878047.0,1.7372892103568846e-12,Ore processed,1,ore
ON-MAIN-7607a50e,Underground mining and beneficiation at Young-Davidson,"Underground, concentrator",Au–Ag free-milling,Air,Thallium (and its compounds),Emission,Stack Emissions,kg,0.005316,MetalliCan,MetalliCan,2878047.0,1.8470858884514397e-09,Ore processed,1,ore
ON-MAIN-687b8c8d,Underground mining and beneficiation at Island,"Underground, concentrator",Au–Ag free-milling,Air,Total particulate matter,Emission,Stack Emissions,tonnes,56.1228,MetalliCan,MetalliCan,439008.0,0.00012784003936146948,Ore processed,1,ore
ON-MAIN-7607a50e,Underground mining and beneficiation at Young-Davidson,"Underground, concentrator",Au–Ag free-milling,Air,Total particulate matter,Emission,Stack Emissions,tonnes,8.412956,MetalliCan,MetalliCan,2878047.0,2.923147537201442e-06,Ore processed,1,ore
ON-MAIN-7607a50e,Underground mining and beneficiation at Young-Davidson,"Underground, concentrator",Au–Ag free-milling,Air,Total reduced sulphur (expressed as hydrogen sulphide),Emission,Stack Emissions,tonnes,27.054746,MetalliCan,MetalliCan,2878047.0,9.400383662949216e-06,Ore processed,1,ore
ON-MAIN-7607a50e,Underground mining and beneficiation at Young-Davidson,"Underground, concentrator",Au–Ag free-milling,Air,Vanadium (and its compounds),Emission,Stack Emissions,tonnes,0.000756,MetalliCan,MetalliCan,2878047.0,2.6267812860596095e-10,Ore processed,1,ore
ON-MAIN-7607a50e,Underground mining and beneficiation at Young-Davidson,"Underground, concentrator",Au–Ag free-milling,Air,Volatile Organic Compounds (Total),Emission,Stack Emissions,tonnes,30.752677,MetalliCan,MetalliCan,2878047.0,1.0685258788338063e-05,Ore processed,1,ore
ON-MAIN-687b8c8d,Underground mining and beneficiation at Island,"Underground, concentrator",Au–Ag free-milling,Air,Zinc (and its compounds),Emission,Stack Emissions,tonnes,0.0015,MetalliCan,MetalliCan,439008.0,3.416794226984474e-09,Ore processed,1,ore
ON-MAIN-7607a50e,Underground mining and beneficiation at Young-Davidson,"Underground, concentrator",Au–Ag free-milling,Air,Zinc (and its compounds),Emission,Stack Emissions,tonnes,0.0032,MetalliCan,MetalliCan,2878047.0,1.111865094628406e-09,Ore processed,1,ore
BC-MAIN-e34feb4d,,,,Air,Nitrogen oxides (expressed as nitrogen dioxide),Emission,Stack Emissions,tonnes,64.607,MetalliCan,MetalliCan,,,Ore processed,1,ore
BC-MAIN-e34feb4d,,,,Air,PM10 - Particulate Matter <= 10 Micrometers,Emission,Stack Emissions,tonnes,4.519,MetalliCan,MetalliCan,,,Ore processed,1,ore
BC-MAIN-e34feb4d,,,,Air,PM2.5 - Particulate Matter <= 2.5 Micrometers,Emission,Stack Emissions,tonnes,4.519,MetalliCan,MetalliCan,,,Ore processed,1,ore
BC-MAIN-e34feb4d,,,,Air,Total particulate matter,Emission,Stack Emissions,tonnes,4.519,MetalliCan,MetalliCan,,,Ore processed,1,ore
QC-MAIN-5ce331b8,Open-pit and underground mining and beneficiation at Nunavik Nickel,"Open-pit, underground, concentrator",Ni–Cu sulfide,Air,Carbon monoxide,Emission,Stack Emissions,tonnes,418.63,MetalliCan,MetalliCan,6835294.11764705,6.124535283993124e-05,Ore processed,1,ore
QC-MAIN-5ce331b8,Open-pit and underground mining and beneficiation at Nunavik Nickel,"Open-pit, underground, concentrator",Ni–Cu sulfide,Air,Nitrogen oxides (expressed as nitrogen dioxide),Emission,Stack Emissions,tonnes,1599.63,MetalliCan,MetalliCan,6835294.11764705,0.0002340250430292602,Ore processed,1,ore
QC-MAIN-5ce331b8,Open-pit and underground mining and beneficiation at Nunavik Nickel,"Open-pit, underground, concentrator",Ni–Cu sulfide,Air,PM10 - Particulate Matter <= 10 Micrometers,Emission,Stack Emissions,tonnes,32.69,MetalliCan,MetalliCan,6835294.11764705,4.782530120481933e-06,Ore processed,1,ore
QC-MAIN-5ce331b8,Open-pit and underground mining and beneficiation at Nunavik Nickel,"Open-pit, underground, concentrator",Ni–Cu sulfide,Air,PM2.5 - Particulate Matter <= 2.5 Micrometers,Emission,Stack Emissions,tonnes,31.01,MetalliCan,MetalliCan,6835294.11764705,4.536746987951813e-06,Ore processed,1,ore
QC-MAIN-5ce331b8,Open-pit and underground mining and beneficiation at Nunavik Nickel,"Open-pit, underground, concentrator",Ni–Cu sulfide,Air,Sulphur dioxide,Emission,Stack Emissions,tonnes,9.04,MetalliCan,MetalliCan,6835294.11764705,1.322547332185888e-06,Ore processed,1,ore
QC-MAIN-5ce331b8,Open-pit and underground mining and beneficiation at Nunavik Nickel,"Open-pit, underground, concentrator",Ni–Cu sulfide,Air,Total particulate matter,Emission,Stack Emissions,tonnes,39.31,MetalliCan,MetalliCan,6835294.11764705,5.751032702237529e-06,Ore processed,1,ore
QC-MAIN-5ce331b8,Open-pit and underground mining and beneficiation at Nunavik Nickel,"Open-pit, underground, concentrator",Ni–Cu sulfide,Air,Volatile Organic Compounds (Total),Emission,Stack Emissions,tonnes,47.44,MetalliCan,MetalliCan,6835294.11764705,6.940447504302935e-06,Ore processed,1,ore
BC-MAIN-599152a0,Open-pit mining and beneficiation at Copper Mountain,"Open-pit, concentrator",Cu Porphyry,Air,Carbon monoxide,Emission,Stack Emissions,tonnes,10.5047,MetalliCan,MetalliCan,6862152.0,1.5308171547351327e-06,Ore processed,1,ore
BC-MAIN-599152a0,Open-pit mining and beneficiation at Copper Mountain,"Open-pit, concentrator",Cu Porphyry,Air,Nitrogen oxides (expressed as nitrogen dioxide),Emission,Stack Emissions,tonnes,46.0267,MetalliCan,MetalliCan,6862152.0,6.707327380681745e-06,Ore processed,1,ore
BC-MAIN-599152a0,Open-pit mining and beneficiation at Copper Mountain,"Open-pit, concentrator",Cu Porphyry,Air,PM10 - Particulate Matter <= 10 Micrometers,Emission,Stack Emissions,tonnes,13.1382,MetalliCan,MetalliCan,6862152.0,1.9145888928137994e-06,Ore processed,1,ore
BC-MAIN-599152a0,Open-pit mining and beneficiation at Copper Mountain,"Open-pit, concentrator",Cu Porphyry,Air,PM2.5 - Particulate Matter <= 2.5 Micrometers,Emission,Stack Emissions,tonnes,13.1382,MetalliCan,MetalliCan,6862152.0,1.9145888928137994e-06,Ore processed,1,ore
BC-MAIN-599152a0,Open-pit mining and beneficiation at Copper Mountain,"Open-pit, concentrator",Cu Porphyry,Air,Total particulate matter,Emission,Stack Emissions,tonnes,13.1382,MetalliCan,MetalliCan,6862152.0,1.9145888928137994e-06,Ore processed,1,ore
ON-MAIN-7f050560,Underground mining and beneficiation at Red Lake,"Underground, concentrator",Au–Ag refractory,Air,Arsenic (and its compounds),Emission,Stack Emissions,kg,19.1064,MetalliCan,MetalliCan,841000.0,2.2718668252080856e-05,Ore processed,1,ore
ON-MAIN-7f050560,Underground mining and beneficiation at Red Lake,"Underground, concentrator",Au–Ag refractory,Air,Cadmium (and its compounds),Emission,Stack Emissions,kg,0.1762,MetalliCan,MetalliCan,841000.0,2.0951248513674197e-07,Ore processed,1,ore
ON-MAIN-7f050560,Underground mining and beneficiation at Red Lake,"Underground, concentrator",Au–Ag refractory,Air,Carbon monoxide,Emission,Stack Emissions,tonnes,170.6614,MetalliCan,MetalliCan,841000.0,0.00020292675386444708,Ore processed,1,ore
ON-MAIN-7f050560,Underground mining and beneficiation at Red Lake,"Underground, concentrator",Au–Ag refractory,Air,Cobalt (and its compounds),Emission,Stack Emissions,kg,2.0602,MetalliCan,MetalliCan,841000.0,2.449702734839477e-06,Ore processed,1,ore
ON-MAIN-7f050560,Underground mining and beneficiation at Red Lake,"Underground, concentrator",Au–Ag refractory,Air,Lead (and its compounds),Emission,Stack Emissions,kg,0.5794,MetalliCan,MetalliCan,841000.0,6.889417360285375e-07,Ore processed,1,ore
ON-MAIN-7f050560,Underground mining and beneficiation at Red Lake,"Underground, concentrator",Au–Ag refractory,Air,Mercury (and its compounds),Emission,Stack Emissions,tonnes,0.0135632,MetalliCan,MetalliCan,841000.0,1.612746730083234e-08,Ore processed,1,ore
ON-MAIN-7f050560,Underground mining and beneficiation at Red Lake,"Underground, concentrator",Au–Ag refractory,Air,PM10 - Particulate Matter <= 10 Micrometers,Emission,Stack Emissions,tonnes,22.7451,MetalliCan,MetalliCan,841000.0,2.7045303210463735e-05,Ore processed,1,ore
ON-MAIN-7f050560,Underground mining and beneficiation at Red Lake,"Underground, concentrator",Au–Ag refractory,Air,PM2.5 - Particulate Matter <= 2.5 Micrometers,Emission,Stack Emissions,tonnes,17.3179,MetalliCan,MetalliCan,841000.0,2.059203329369798e-05,Ore processed,1,ore
ON-MAIN-7f050560,Underground mining and beneficiation at Red Lake,"Underground, concentrator",Au–Ag refractory,Air,Selenium (and its compounds),Emission,Stack Emissions,kg,0.1394,MetalliCan,MetalliCan,841000.0,1.6575505350772888e-07,Ore processed,1,ore
ON-MAIN-7f050560,Underground mining and beneficiation at Red Lake,"Underground, concentrator",Au–Ag refractory,Air,Thallium (and its compounds),Emission,Stack Emissions,kg,0.0103,MetalliCan,MetalliCan,841000.0,1.2247324613555291e-08,Ore processed,1,ore
ON-MAIN-7f050560,Underground mining and beneficiation at Red Lake,"Underground, concentrator",Au–Ag refractory,Air,Total particulate matter,Emission,Stack Emissions,tonnes,37.877,MetalliCan,MetalliCan,841000.0,4.503804994054697e-05,Ore processed,1,ore
ON-MAIN-7001a391,Underground mining at McCreedy West,Underground,Ni–Cu sulfide,Air,Antimony (and its compounds),Emission,Stack Emissions,tonnes,6e-06,MetalliCan,MetalliCan,317660.0,1.8888119372914438e-11,Ore processed,1,ore
ON-MAIN-7001a391,Underground mining at McCreedy West,Underground,Ni–Cu sulfide,Air,Arsenic (and its compounds),Emission,Stack Emissions,kg,0.005,MetalliCan,MetalliCan,317660.0,1.5740099477428697e-08,Ore processed,1,ore
ON-MAIN-7001a391,Underground mining at McCreedy West,Underground,Ni–Cu sulfide,Air,Cadmium (and its compounds),Emission,Stack Emissions,kg,0.02,MetalliCan,MetalliCan,317660.0,6.296039790971479e-08,Ore processed,1,ore
ON-MAIN-7001a391,Underground mining at McCreedy West,Underground,Ni–Cu sulfide,Air,Carbon monoxide,Emission,Stack Emissions,tonnes,21.76677,MetalliCan,MetalliCan,317660.0,6.852222502046214e-05,Ore processed,1,ore
ON-MAIN-7001a391,Underground mining at McCreedy West,Underground,Ni–Cu sulfide,Air,Chromium (and its compounds),Emission,Stack Emissions,tonnes,0.000197,MetalliCan,MetalliCan,317660.0,6.201599194106907e-10,Ore processed,1,ore
ON-MAIN-7001a391,Underground mining at McCreedy West,Underground,Ni–Cu sulfide,Air,Cobalt (and its compounds),Emission,Stack Emissions,kg,0.018,MetalliCan,MetalliCan,317660.0,5.6664358118743304e-08,Ore processed,1,ore
ON-MAIN-7001a391,Underground mining at McCreedy West,Underground,Ni–Cu sulfide,Air,Copper (and its compounds),Emission,Stack Emissions,tonnes,0.001262,MetalliCan,MetalliCan,317660.0,3.972801108103004e-09,Ore processed,1,ore
ON-MAIN-7001a391,Underground mining at McCreedy West,Underground,Ni–Cu sulfide,Air,Lead (and its compounds),Emission,Stack Emissions,kg,0.042,MetalliCan,MetalliCan,317660.0,1.3221683561040107e-07,Ore processed,1,ore
ON-MAIN-7001a391,Underground mining at McCreedy West,Underground,Ni–Cu sulfide,Air,Manganese (and its compounds),Emission,Stack Emissions,tonnes,0.000481,MetalliCan,MetalliCan,317660.0,1.5141975697286406e-09,Ore processed,1,ore
ON-MAIN-7001a391,Underground mining at McCreedy West,Underground,Ni–Cu sulfide,Air,Nickel (and its compounds),Emission,Stack Emissions,tonnes,0.000365,MetalliCan,MetalliCan,317660.0,1.149027261852295e-09,Ore processed,1,ore
ON-MAIN-7001a391,Underground mining at McCreedy West,Underground,Ni–Cu sulfide,Air,Nitrogen oxides (expressed as nitrogen dioxide),Emission,Stack Emissions,tonnes,81.695002,MetalliCan,MetalliCan,317660.0,0.00025717749165774726,Ore processed,1,ore
ON-MAIN-9a34108c,,,,Air,Nitrogen oxides (expressed as nitrogen dioxide),Emission,Stack Emissions,tonnes,30.323947,MetalliCan,MetalliCan,,,Ore processed,1,ore
ON-MAIN-7001a391,Underground mining at McCreedy West,Underground,Ni–Cu sulfide,Air,PM10 - Particulate Matter <= 10 Micrometers,Emission,Stack Emissions,tonnes,5.888895,MetalliCan,MetalliCan,317660.0,1.853835862242649e-05,Ore processed,1,ore
ON-MAIN-9a34108c,,,,Air,PM10 - Particulate Matter <= 10 Micrometers,Emission,Stack Emissions,tonnes,2.153357,MetalliCan,MetalliCan,,,Ore processed,1,ore
ON-MAIN-7001a391,Underground mining at McCreedy West,Underground,Ni–Cu sulfide,Air,PM2.5 - Particulate Matter <= 2.5 Micrometers,Emission,Stack Emissions,tonnes,5.659484,MetalliCan,MetalliCan,317660.0,1.7816168230183216e-05,Ore processed,1,ore
ON-MAIN-9a34108c,,,,Air,PM2.5 - Particulate Matter <= 2.5 Micrometers,Emission,Stack Emissions,tonnes,2.114952,MetalliCan,MetalliCan,,,Ore processed,1,ore
ON-MAIN-7001a391,Underground mining at McCreedy West,Underground,Ni–Cu sulfide,Air,Selenium (and its compounds),Emission,Stack Emissions,kg,0.035,MetalliCan,MetalliCan,317660.0,1.1018069634200089e-07,Ore processed,1,ore
ON-MAIN-7001a391,Underground mining at McCreedy West,Underground,Ni–Cu sulfide,Air,Total particulate matter,Emission,Stack Emissions,tonnes,6.153531,MetalliCan,MetalliCan,317660.0,1.9371438015488258e-05,Ore processed,1,ore
ON-MAIN-7001a391,Underground mining at McCreedy West,Underground,Ni–Cu sulfide,Air,Vanadium (and its compounds),Emission,Stack Emissions,tonnes,6.5e-05,MetalliCan,MetalliCan,317660.0,2.0462129320657306e-10,Ore processed,1,ore
ON-MAIN-7001a391,Underground mining at McCreedy West,Underground,Ni–Cu sulfide,Air,Zinc (and its compounds),Emission,Stack Emissions,tonnes,0.000517,MetalliCan,MetalliCan,317660.0,1.6275262859661273e-09,Ore processed,1,ore
BC-MAIN-6b4800fe,Open-pit mining and beneficiation at Gibraltar,"Open-pit, concentrator",Cu polymetallic,Air,Carbon monoxide,Emission,Stack Emissions,tonnes,7.369848,MetalliCan,MetalliCan,30000000.0,2.456616e-07,Ore processed,1,ore
BC-MAIN-6b4800fe,Open-pit mining and beneficiation at Gibraltar,"Open-pit, concentrator",Cu polymetallic,Air,Chromium (and its compounds),Emission,Stack Emissions,tonnes,0.004725,MetalliCan,MetalliCan,30000000.0,1.575e-10,Ore processed,1,ore
BC-MAIN-6b4800fe,Open-pit mining and beneficiation at Gibraltar,"Open-pit, concentrator",Cu polymetallic,Air,Cobalt (and its compounds),Emission,Stack Emissions,kg,0.008567,MetalliCan,MetalliCan,30000000.0,2.855666666666667e-10,Ore processed,1,ore
BC-MAIN-6b4800fe,Open-pit mining and beneficiation at Gibraltar,"Open-pit, concentrator",Cu polymetallic,Air,Lead (and its compounds),Emission,Stack Emissions,kg,0.002895,MetalliCan,MetalliCan,30000000.0,9.65e-11,Ore processed,1,ore
BC-MAIN-6b4800fe,Open-pit mining and beneficiation at Gibraltar,"Open-pit, concentrator",Cu polymetallic,Air,Manganese (and its compounds),Emission,Stack Emissions,tonnes,0.008388,MetalliCan,MetalliCan,30000000.0,2.796e-10,Ore processed,1,ore
BC-MAIN-6b4800fe,Open-pit mining and beneficiation at Gibraltar,"Open-pit, concentrator",Cu polymetallic,Air,Mercury (and its compounds),Emission,Stack Emissions,tonnes,2.29e-07,MetalliCan,MetalliCan,30000000.0,7.633333333333334e-15,Ore processed,1,ore
BC-MAIN-6b4800fe,Open-pit mining and beneficiation at Gibraltar,"Open-pit, concentrator",Cu polymetallic,Air,Nickel (and its compounds),Emission,Stack Emissions,tonnes,0.000609,MetalliCan,MetalliCan,30000000.0,2.0299999999999997e-11,Ore processed,1,ore
BC-MAIN-6b4800fe,Open-pit mining and beneficiation at Gibraltar,"Open-pit, concentrator",Cu polymetallic,Air,Nitrogen oxides (expressed as nitrogen dioxide),Emission,Stack Emissions,tonnes,11.275428,MetalliCan,MetalliCan,30000000.0,3.758476e-07,Ore processed,1,ore
BC-MAIN-6b4800fe,Open-pit mining and beneficiation at Gibraltar,"Open-pit, concentrator",Cu polymetallic,Air,PM10 - Particulate Matter <= 10 Micrometers,Emission,Stack Emissions,tonnes,0.440843,MetalliCan,MetalliCan,30000000.0,1.4694766666666666e-08,Ore processed,1,ore
BC-MAIN-6b4800fe,Open-pit mining and beneficiation at Gibraltar,"Open-pit, concentrator",Cu polymetallic,Air,PM2.5 - Particulate Matter <= 2.5 Micrometers,Emission,Stack Emissions,tonnes,0.394358,MetalliCan,MetalliCan,30000000.0,1.3145266666666666e-08,Ore processed,1,ore
BC-MAIN-6b4800fe,Open-pit mining and beneficiation at Gibraltar,"Open-pit, concentrator",Cu polymetallic,Air,Sulphur dioxide,Emission,Stack Emissions,tonnes,0.268033,MetalliCan,MetalliCan,30000000.0,8.934433333333334e-09,Ore processed,1,ore
BC-MAIN-6b4800fe,Open-pit mining and beneficiation at Gibraltar,"Open-pit, concentrator",Cu polymetallic,Air,Total particulate matter,Emission,Stack Emissions,tonnes,72.973643,MetalliCan,MetalliCan,30000000.0,2.4324547666666666e-06,Ore processed,1,ore
BC-MAIN-6b4800fe,Open-pit mining and beneficiation at Gibraltar,"Open-pit, concentrator",Cu polymetallic,Air,Zinc (and its compounds),Emission,Stack Emissions,tonnes,0.002712,MetalliCan,MetalliCan,30000000.0,9.04e-11,Ore processed,1,ore
QC-MAIN-a97821c0,Underground mining and beneficiation at Raglan,"Underground, concentrator",Ni–Cu sulfide,Air,Acenaphthylene,Emission,Stack Emissions,kg,7.191,MetalliCan,MetalliCan,1500000.0,4.794e-06,Ore processed,1,ore
QC-MAIN-a97821c0,Underground mining and beneficiation at Raglan,"Underground, concentrator",Ni–Cu sulfide,Air,Arsenic (and its compounds),Emission,Stack Emissions,kg,0.30637,MetalliCan,MetalliCan,1500000.0,2.0424666666666665e-07,Ore processed,1,ore
QC-MAIN-a97821c0,Underground mining and beneficiation at Raglan,"Underground, concentrator",Ni–Cu sulfide,Air,Cadmium (and its compounds),Emission,Stack Emissions,kg,0.92009,MetalliCan,MetalliCan,1500000.0,6.133933333333333e-07,Ore processed,1,ore
QC-MAIN-a97821c0,Underground mining and beneficiation at Raglan,"Underground, concentrator",Ni–Cu sulfide,Air,Carbon monoxide,Emission,Stack Emissions,tonnes,668.19247,MetalliCan,MetalliCan,1500000.0,0.00044546164666666664,Ore processed,1,ore
QC-MAIN-a97821c0,Underground mining and beneficiation at Raglan,"Underground, concentrator",Ni–Cu sulfide,Air,Chromium (and its compounds),Emission,Stack Emissions,tonnes,0.1103,MetalliCan,MetalliCan,1500000.0,7.353333333333333e-08,Ore processed,1,ore
QC-MAIN-a97821c0,Underground mining and beneficiation at Raglan,"Underground, concentrator",Ni–Cu sulfide,Air,Cobalt (and its compounds),Emission,Stack Emissions,kg,5.97454,MetalliCan,MetalliCan,1500000.0,3.983026666666666e-06,Ore processed,1,ore
QC-MAIN-a97821c0,Underground mining and beneficiation at Raglan,"Underground, concentrator",Ni–Cu sulfide,Air,Copper (and its compounds),Emission,Stack Emissions,tonnes,0.0953,MetalliCan,MetalliCan,1500000.0,6.353333333333333e-08,Ore processed,1,ore
QC-MAIN-a97821c0,Underground mining and beneficiation at Raglan,"Underground, concentrator",Ni–Cu sulfide,Air,Fluorene,Emission,Stack Emissions,kg,10.137,MetalliCan,MetalliCan,1500000.0,6.758e-06,Ore processed,1,ore
QC-MAIN-a97821c0,Underground mining and beneficiation at Raglan,"Underground, concentrator",Ni–Cu sulfide,Air,i-Butyl alcohol,Emission,Stack Emissions,tonnes,0.0252,MetalliCan,MetalliCan,1500000.0,1.68e-08,Ore processed,1,ore
QC-MAIN-a97821c0,Underground mining and beneficiation at Raglan,"Underground, concentrator",Ni–Cu sulfide,Air,Lead (and its compounds),Emission,Stack Emissions,kg,77.832271,MetalliCan,MetalliCan,1500000.0,5.188818066666667e-05,Ore processed,1,ore
QC-MAIN-a97821c0,Underground mining and beneficiation at Raglan,"Underground, concentrator",Ni–Cu sulfide,Air,Manganese (and its compounds),Emission,Stack Emissions,tonnes,0.0049,MetalliCan,MetalliCan,1500000.0,3.2666666666666666e-09,Ore processed,1,ore
QC-MAIN-a97821c0,Underground mining and beneficiation at Raglan,"Underground, concentrator",Ni–Cu sulfide,Air,Mercury (and its compounds),Emission,Stack Emissions,tonnes,2.6276e-05,MetalliCan,MetalliCan,1500000.0,1.7517333333333333e-11,Ore processed,1,ore
QC-MAIN-a97821c0,Underground mining and beneficiation at Raglan,"Underground, concentrator",Ni–Cu sulfide,Air,Nickel (and its compounds),Emission,Stack Emissions,tonnes,0.3119,MetalliCan,MetalliCan,1500000.0,2.0793333333333333e-07,Ore processed,1,ore
QC-MAIN-a97821c0,Underground mining and beneficiation at Raglan,"Underground, concentrator",Ni–Cu sulfide,Air,Nitrogen oxides (expressed as nitrogen dioxide),Emission,Stack Emissions,tonnes,2521.211404,MetalliCan,MetalliCan,1500000.0,0.0016808076026666667,Ore processed,1,ore
QC-MAIN-a97821c0,Underground mining and beneficiation at Raglan,"Underground, concentrator",Ni–Cu sulfide,Air,"PAHs, total unspeciated",Emission,Stack Emissions,kg,61.3369,MetalliCan,MetalliCan,1500000.0,4.0891266666666666e-05,Ore processed,1,ore
QC-MAIN-a97821c0,Underground mining and beneficiation at Raglan,"Underground, concentrator",Ni–Cu sulfide,Air,Phenanthrene,Emission,Stack Emissions,kg,31.905,MetalliCan,MetalliCan,1500000.0,2.127e-05,Ore processed,1,ore
QC-MAIN-a97821c0,Underground mining and beneficiation at Raglan,"Underground, concentrator",Ni–Cu sulfide,Air,Phosphorus (total),Emission,Stack Emissions,tonnes,0.02043,MetalliCan,MetalliCan,1500000.0,1.362e-08,Ore processed,1,ore
QC-MAIN-a97821c0,Underground mining and beneficiation at Raglan,"Underground, concentrator",Ni–Cu sulfide,Air,PM10 - Particulate Matter <= 10 Micrometers,Emission,Stack Emissions,tonnes,46.5534,MetalliCan,MetalliCan,1500000.0,3.1035600000000005e-05,Ore processed,1,ore
QC-MAIN-a97821c0,Underground mining and beneficiation at Raglan,"Underground, concentrator",Ni–Cu sulfide,Air,PM2.5 - Particulate Matter <= 2.5 Micrometers,Emission,Stack Emissions,tonnes,40.9198,MetalliCan,MetalliCan,1500000.0,2.727986666666667e-05,Ore processed,1,ore
QC-MAIN-a97821c0,Underground mining and beneficiation at Raglan,"Underground, concentrator",Ni–Cu sulfide,Air,Selenium (and its compounds),Emission,Stack Emissions,kg,0.1513,MetalliCan,MetalliCan,1500000.0,1.0086666666666666e-07,Ore processed,1,ore
QC-MAIN-a97821c0,Underground mining and beneficiation at Raglan,"Underground, concentrator",Ni–Cu sulfide,Air,Thallium (and its compounds),Emission,Stack Emissions,kg,0.2046,MetalliCan,MetalliCan,1500000.0,1.364e-07,Ore processed,1,ore
QC-MAIN-a97821c0,Underground mining and beneficiation at Raglan,"Underground, concentrator",Ni–Cu sulfide,Air,Total particulate matter,Emission,Stack Emissions,tonnes,57.5641,MetalliCan,MetalliCan,1500000.0,3.837606666666667e-05,Ore processed,1,ore
QC-MAIN-a97821c0,Underground mining and beneficiation at Raglan,"Underground, concentrator",Ni–Cu sulfide,Air,Vanadium (and its compounds),Emission,Stack Emissions,tonnes,0.00016,MetalliCan,MetalliCan,1500000.0,1.0666666666666667e-10,Ore processed,1,ore
QC-MAIN-a97821c0,Underground mining and beneficiation at Raglan,"Underground, concentrator",Ni–Cu sulfide,Air,Volatile Organic Compounds (Total),Emission,Stack Emissions,tonnes,66.0286,MetalliCan,MetalliCan,1500000.0,4.401906666666667e-05,Ore processed,1,ore
QC-MAIN-a97821c0,Underground mining and beneficiation at Raglan,"Underground, concentrator",Ni–Cu sulfide,Air,Zinc (and its compounds),Emission,Stack Emissions,tonnes,0.0286,MetalliCan,MetalliCan,1500000.0,1.9066666666666665e-08,Ore processed,1,ore
ON-MAIN-f8313ebd,Underground mining and beneficiation at Kidd Creek,"Underground, concentrator",Cu polymetallic,Air,Arsenic (and its compounds),Emission,Stack Emissions,kg,2.324,MetalliCan,MetalliCan,1340000.0,1.7343283582089552e-06,Ore processed,1,ore
ON-MAIN-f8313ebd,Underground mining and beneficiation at Kidd Creek,"Underground, concentrator",Cu polymetallic,Air,Cadmium (and its compounds),Emission,Stack Emissions,kg,0.283,MetalliCan,MetalliCan,1340000.0,2.1119402985074624e-07,Ore processed,1,ore
ON-MAIN-f8313ebd,Underground mining and beneficiation at Kidd Creek,"Underground, concentrator",Cu polymetallic,Air,Carbon monoxide,Emission,Stack Emissions,tonnes,69.526,MetalliCan,MetalliCan,1340000.0,5.188507462686567e-05,Ore processed,1,ore
ON-MAIN-f8313ebd,Underground mining and beneficiation at Kidd Creek,"Underground, concentrator",Cu polymetallic,Air,Copper (and its compounds),Emission,Stack Emissions,tonnes,0.917,MetalliCan,MetalliCan,1340000.0,6.843283582089552e-07,Ore processed,1,ore
ON-MAIN-f8313ebd,Underground mining and beneficiation at Kidd Creek,"Underground, concentrator",Cu polymetallic,Air,Lead (and its compounds),Emission,Stack Emissions,kg,56.777,MetalliCan,MetalliCan,1340000.0,4.237089552238806e-05,Ore processed,1,ore
ON-MAIN-f8313ebd,Underground mining and beneficiation at Kidd Creek,"Underground, concentrator",Cu polymetallic,Air,Nitrogen oxides (expressed as nitrogen dioxide),Emission,Stack Emissions,tonnes,175.679,MetalliCan,MetalliCan,1340000.0,0.00013110373134328358,Ore processed,1,ore
ON-MAIN-f8313ebd,Underground mining and beneficiation at Kidd Creek,"Underground, concentrator",Cu polymetallic,Air,PM10 - Particulate Matter <= 10 Micrometers,Emission,Stack Emissions,tonnes,72.822,MetalliCan,MetalliCan,1340000.0,5.4344776119402985e-05,Ore processed,1,ore
ON-MAIN-f8313ebd,Underground mining and beneficiation at Kidd Creek,"Underground, concentrator",Cu polymetallic,Air,PM2.5 - Particulate Matter <= 2.5 Micrometers,Emission,Stack Emissions,tonnes,20.535,MetalliCan,MetalliCan,1340000.0,1.5324626865671643e-05,Ore processed,1,ore
ON-MAIN-f8313ebd,Underground mining and beneficiation at Kidd Creek,"Underground, concentrator",Cu polymetallic,Air,Selenium (and its compounds),Emission,Stack Emissions,kg,0.40597,MetalliCan,MetalliCan,1340000.0,3.0296268656716417e-07,Ore processed,1,ore
ON-MAIN-f8313ebd,Underground mining and beneficiation at Kidd Creek,"Underground, concentrator",Cu polymetallic,Air,Total particulate matter,Emission,Stack Emissions,tonnes,89.663,MetalliCan,MetalliCan,1340000.0,6.691268656716418e-05,Ore processed,1,ore
ON-MAIN-f8313ebd,Underground mining and beneficiation at Kidd Creek,"Underground, concentrator",Cu polymetallic,Air,Zinc (and its compounds),Emission,Stack Emissions,tonnes,1.675,MetalliCan,MetalliCan,1340000.0,1.25e-06,Ore processed,1,ore
ON-MAIN-3b3e5365,,,,Air,Ammonia (total),Emission,Stack Emissions,tonnes,10.300651,MetalliCan,MetalliCan,,,Ore processed,1,ore
ON-MAIN-3b3e5365,,,,Air,Arsenic (and its compounds),Emission,Stack Emissions,kg,6.867491,MetalliCan,MetalliCan,,,Ore processed,1,ore
ON-MAIN-fefeaee4,Underground mining and beneficiation at Musselwhite,"Underground, concentrator",Au–Ag free-milling,Air,Arsenic (and its compounds),Emission,Stack Emissions,kg,1.76,MetalliCan,MetalliCan,1028000.0,1.7120622568093385e-06,Ore processed,1,ore
ON-MAIN-3b3e5365,,,,Air,Cadmium (and its compounds),Emission,Stack Emissions,kg,0.095199,MetalliCan,MetalliCan,,,Ore processed,1,ore
ON-MAIN-fefeaee4,Underground mining and beneficiation at Musselwhite,"Underground, concentrator",Au–Ag free-milling,Air,Cadmium (and its compounds),Emission,Stack Emissions,kg,0.4035,MetalliCan,MetalliCan,1028000.0,3.925097276264592e-07,Ore processed,1,ore
ON-MAIN-3b3e5365,,,,Air,Carbon monoxide,Emission,Stack Emissions,tonnes,36.075722,MetalliCan,MetalliCan,,,Ore processed,1,ore
ON-MAIN-fefeaee4,Underground mining and beneficiation at Musselwhite,"Underground, concentrator",Au–Ag free-milling,Air,Carbon monoxide,Emission,Stack Emissions,tonnes,192.691139,MetalliCan,MetalliCan,1028000.0,0.00018744274221789883,Ore processed,1,ore
ON-MAIN-3b3e5365,,,,Air,Chromium (and its compounds),Emission,Stack Emissions,tonnes,0.005082,MetalliCan,MetalliCan,,,Ore processed,1,ore
ON-MAIN-3b3e5365,,,,Air,Cobalt (and its compounds),Emission,Stack Emissions,kg,0.563539,MetalliCan,MetalliCan,,,Ore processed,1,ore
ON-MAIN-fefeaee4,Underground mining and beneficiation at Musselwhite,"Underground, concentrator",Au–Ag free-milling,Air,Cobalt (and its compounds),Emission,Stack Emissions,kg,9.5e-05,MetalliCan,MetalliCan,1028000.0,9.24124513618677e-11,Ore processed,1,ore
ON-MAIN-3b3e5365,,,,Air,Copper (and its compounds),Emission,Stack Emissions,tonnes,0.002321,MetalliCan,MetalliCan,,,Ore processed,1,ore
ON-MAIN-3b3e5365,,,,Air,Cyanides (ionic),Emission,Stack Emissions,tonnes,0.038111,MetalliCan,MetalliCan,,,Ore processed,1,ore
ON-MAIN-3b3e5365,,,,Air,Lead (and its compounds),Emission,Stack Emissions,kg,60.836422,MetalliCan,MetalliCan,,,Ore processed,1,ore
ON-MAIN-fefeaee4,Underground mining and beneficiation at Musselwhite,"Underground, concentrator",Au–Ag free-milling,Air,Lead (and its compounds),Emission,Stack Emissions,kg,76.863328,MetalliCan,MetalliCan,1028000.0,7.476977431906614e-05,Ore processed,1,ore
ON-MAIN-3b3e5365,,,,Air,Manganese (and its compounds),Emission,Stack Emissions,tonnes,0.035428,MetalliCan,MetalliCan,,,Ore processed,1,ore
ON-MAIN-3b3e5365,,,,Air,Mercury (and its compounds),Emission,Stack Emissions,tonnes,0.09064181,MetalliCan,MetalliCan,,,Ore processed,1,ore
ON-MAIN-fefeaee4,Underground mining and beneficiation at Musselwhite,"Underground, concentrator",Au–Ag free-milling,Air,Mercury (and its compounds),Emission,Stack Emissions,tonnes,0.000271307,MetalliCan,MetalliCan,1028000.0,2.6391731517509727e-10,Ore processed,1,ore
ON-MAIN-3b3e5365,,,,Air,Nickel (and its compounds),Emission,Stack Emissions,tonnes,0.00247,MetalliCan,MetalliCan,,,Ore processed,1,ore
ON-MAIN-3b3e5365,,,,Air,Nitrogen oxides (expressed as nitrogen dioxide),Emission,Stack Emissions,tonnes,148.126537,MetalliCan,MetalliCan,,,Ore processed,1,ore
ON-MAIN-fefeaee4,Underground mining and beneficiation at Musselwhite,"Underground, concentrator",Au–Ag free-milling,Air,Nitrogen oxides (expressed as nitrogen dioxide),Emission,Stack Emissions,tonnes,298.175639,MetalliCan,MetalliCan,1028000.0,0.000290054123540856,Ore processed,1,ore
ON-MAIN-3b3e5365,,,,Air,PM10 - Particulate Matter <= 10 Micrometers,Emission,Stack Emissions,tonnes,18.475774,MetalliCan,MetalliCan,,,Ore processed,1,ore
ON-MAIN-fefeaee4,Underground mining and beneficiation at Musselwhite,"Underground, concentrator",Au–Ag free-milling,Air,PM10 - Particulate Matter <= 10 Micrometers,Emission,Stack Emissions,tonnes,28.311683,MetalliCan,MetalliCan,1028000.0,2.754054766536965e-05,Ore processed,1,ore
ON-MAIN-3b3e5365,,,,Air,PM2.5 - Particulate Matter <= 2.5 Micrometers,Emission,Stack Emissions,tonnes,14.238435,MetalliCan,MetalliCan,,,Ore processed,1,ore
ON-MAIN-fefeaee4,Underground mining and beneficiation at Musselwhite,"Underground, concentrator",Au–Ag free-milling,Air,PM2.5 - Particulate Matter <= 2.5 Micrometers,Emission,Stack Emissions,tonnes,26.902601,MetalliCan,MetalliCan,1028000.0,2.61698453307393e-05,Ore processed,1,ore
ON-MAIN-3b3e5365,,,,Air,Selenium (and its compounds),Emission,Stack Emissions,kg,1.818454,MetalliCan,MetalliCan,,,Ore processed,1,ore
ON-MAIN-fefeaee4,Underground mining and beneficiation at Musselwhite,"Underground, concentrator",Au–Ag free-milling,Air,Selenium (and its compounds),Emission,Stack Emissions,kg,0.43284,MetalliCan,MetalliCan,1028000.0,4.2105058365758754e-07,Ore processed,1,ore
ON-MAIN-3b3e5365,,,,Air,Thallium (and its compounds),Emission,Stack Emissions,kg,0.004678,MetalliCan,MetalliCan,,,Ore processed,1,ore
ON-MAIN-fefeaee4,Underground mining and beneficiation at Musselwhite,"Underground, concentrator",Au–Ag free-milling,Air,Thallium (and its compounds),Emission,Stack Emissions,kg,0.0316,MetalliCan,MetalliCan,1028000.0,3.0739299610894946e-08,Ore processed,1,ore
ON-MAIN-3b3e5365,,,,Air,Total particulate matter,Emission,Stack Emissions,tonnes,31.164513,MetalliCan,MetalliCan,,,Ore processed,1,ore
ON-MAIN-fefeaee4,Underground mining and beneficiation at Musselwhite,"Underground, concentrator",Au–Ag free-milling,Air,Total particulate matter,Emission,Stack Emissions,tonnes,30.948952,MetalliCan,MetalliCan,1028000.0,3.0105984435797664e-05,Ore processed,1,ore
ON-MAIN-3b3e5365,,,,Air,Vanadium (and its compounds),Emission,Stack Emissions,tonnes,0.001407,MetalliCan,MetalliCan,,,Ore processed,1,ore
ON-MAIN-3b3e5365,,,,Air,Zinc (and its compounds),Emission,Stack Emissions,tonnes,0.004923,MetalliCan,MetalliCan,,,Ore processed,1,ore
QC-MAIN-b86f7d07,Open-pit and underground mining and beneficiation at Casa Berardi,"Open-pit, underground, concentrator",Au–Ag free-milling,Air,Carbon monoxide,Emission,Stack Emissions,tonnes,51.75,MetalliCan,MetalliCan,1361450.0,3.80109442138896e-05,Ore processed,1,ore
BC-MAIN-3f490561,Open-pit mining and beneficiation at Mount Polley,"Open-pit, concentrator",Cu Porphyry,Air,Chromium (and its compounds),Emission,Stack Emissions,tonnes,1.186,MetalliCan,MetalliCan,5948239.0,1.9938674286624998e-07,Ore processed,1,ore
BC-MAIN-3f490561,Open-pit mining and beneficiation at Mount Polley,"Open-pit, concentrator",Cu Porphyry,Air,Lead (and its compounds),Emission,Stack Emissions,kg,0.1601,MetalliCan,MetalliCan,5948239.0,2.6915529117105077e-08,Ore processed,1,ore
BC-MAIN-3f490561,Open-pit mining and beneficiation at Mount Polley,"Open-pit, concentrator",Cu Porphyry,Air,Manganese (and its compounds),Emission,Stack Emissions,tonnes,2.718,MetalliCan,MetalliCan,5948239.0,4.5694196215047846e-07,Ore processed,1,ore
BC-MAIN-3f490561,Open-pit mining and beneficiation at Mount Polley,"Open-pit, concentrator",Cu Porphyry,Air,Nickel (and its compounds),Emission,Stack Emissions,tonnes,1.9e-05,MetalliCan,MetalliCan,5948239.0,3.194222693472808e-12,Ore processed,1,ore
NL-MAIN-dd723db4,Open-pit mining and beneficiation at Carol Lake,"Open-pit, concentrator",Fe concentrator + pellet plant,Air,1-Nitropyrene,Emission,Stack Emissions,kg,7.087,MetalliCan,MetalliCan,16478000.0,4.3008860298579925e-07,Ore processed,1,ore
NL-MAIN-dd723db4,Open-pit mining and beneficiation at Carol Lake,"Open-pit, concentrator",Fe concentrator + pellet plant,Air,Aluminum (fume or dust only),Emission,Stack Emissions,tonnes,15.357,MetalliCan,MetalliCan,16478000.0,9.319698992596189e-07,Ore processed,1,ore
NL-MAIN-dd723db4,Open-pit mining and beneficiation at Carol Lake,"Open-pit, concentrator",Fe concentrator + pellet plant,Air,Ammonia (total),Emission,Stack Emissions,tonnes,0.943,MetalliCan,MetalliCan,16478000.0,5.7227818910061896e-08,Ore processed,1,ore
NL-MAIN-dd723db4,Open-pit mining and beneficiation at Carol Lake,"Open-pit, concentrator",Fe concentrator + pellet plant,Air,Arsenic (and its compounds),Emission,Stack Emissions,kg,413.7,MetalliCan,MetalliCan,16478000.0,2.5106202209005948e-05,Ore processed,1,ore
NL-MAIN-dd723db4,Open-pit mining and beneficiation at Carol Lake,"Open-pit, concentrator",Fe concentrator + pellet plant,Air,Cadmium (and its compounds),Emission,Stack Emissions,kg,42.7,MetalliCan,MetalliCan,16478000.0,2.591333899745115e-06,Ore processed,1,ore
NL-MAIN-dd723db4,Open-pit mining and beneficiation at Carol Lake,"Open-pit, concentrator",Fe concentrator + pellet plant,Air,Carbon monoxide,Emission,Stack Emissions,tonnes,3755.802,MetalliCan,MetalliCan,16478000.0,0.00022792826799368856,Ore processed,1,ore
NL-MAIN-dd723db4,Open-pit mining and beneficiation at Carol Lake,"Open-pit, concentrator",Fe concentrator + pellet plant,Air,Chromium (and its compounds),Emission,Stack Emissions,tonnes,2.515,MetalliCan,MetalliCan,16478000.0,1.5262774608569002e-07,Ore processed,1,ore
NL-MAIN-dd723db4,Open-pit mining and beneficiation at Carol Lake,"Open-pit, concentrator",Fe concentrator + pellet plant,Air,Cobalt (and its compounds),Emission,Stack Emissions,kg,4116.0,MetalliCan,MetalliCan,16478000.0,0.0002497875955819881,Ore processed,1,ore
NL-MAIN-dd723db4,Open-pit mining and beneficiation at Carol Lake,"Open-pit, concentrator",Fe concentrator + pellet plant,Air,Copper (and its compounds),Emission,Stack Emissions,tonnes,0.288,MetalliCan,MetalliCan,16478000.0,1.7477849253550188e-08,Ore processed,1,ore
NL-MAIN-dd723db4,Open-pit mining and beneficiation at Carol Lake,"Open-pit, concentrator",Fe concentrator + pellet plant,Air,Dioxins and furans - total,Emission,Stack Emissions,g TEQ,1.073,MetalliCan,MetalliCan,16478000.0,6.511712586478941e-08,Ore processed,1,ore
NL-MAIN-dd723db4,Open-pit mining and beneficiation at Carol Lake,"Open-pit, concentrator",Fe concentrator + pellet plant,Air,Hexachlorobenzene,Emission,Stack Emissions,grams,276.793,MetalliCan,MetalliCan,16478000.0,1.6797730307076103e-05,Ore processed,1,ore
NL-MAIN-dd723db4,Open-pit mining and beneficiation at Carol Lake,"Open-pit, concentrator",Fe concentrator + pellet plant,Air,Hydrochloric acid,Emission,Stack Emissions,tonnes,117.382,MetalliCan,MetalliCan,16478000.0,7.1235586843063484e-06,Ore processed,1,ore
NL-MAIN-dd723db4,Open-pit mining and beneficiation at Carol Lake,"Open-pit, concentrator",Fe concentrator + pellet plant,Air,Lead (and its compounds),Emission,Stack Emissions,kg,1471.7,MetalliCan,MetalliCan,16478000.0,8.931302342517296e-05,Ore processed,1,ore
NL-MAIN-dd723db4,Open-pit mining and beneficiation at Carol Lake,"Open-pit, concentrator",Fe concentrator + pellet plant,Air,Manganese (and its compounds),Emission,Stack Emissions,tonnes,17.003,MetalliCan,MetalliCan,16478000.0,1.0318606627017842e-06,Ore processed,1,ore
NL-MAIN-dd723db4,Open-pit mining and beneficiation at Carol Lake,"Open-pit, concentrator",Fe concentrator + pellet plant,Air,Mercury (and its compounds),Emission,Stack Emissions,tonnes,0.0205,MetalliCan,MetalliCan,16478000.0,1.2440830197839544e-09,Ore processed,1,ore
NL-MAIN-dd723db4,Open-pit mining and beneficiation at Carol Lake,"Open-pit, concentrator",Fe concentrator + pellet plant,Air,Methanol,Emission,Stack Emissions,tonnes,441.082,MetalliCan,MetalliCan,16478000.0,2.6767933001577862e-05,Ore processed,1,ore
NL-MAIN-dd723db4,Open-pit mining and beneficiation at Carol Lake,"Open-pit, concentrator",Fe concentrator + pellet plant,Air,Nickel (and its compounds),Emission,Stack Emissions,tonnes,2.444,MetalliCan,MetalliCan,16478000.0,1.4831897074887728e-07,Ore processed,1,ore
NL-MAIN-dd723db4,Open-pit mining and beneficiation at Carol Lake,"Open-pit, concentrator",Fe concentrator + pellet plant,Air,Nitrogen oxides (expressed as nitrogen dioxide),Emission,Stack Emissions,tonnes,3678.939,MetalliCan,MetalliCan,16478000.0,0.0002232636849132176,Ore processed,1,ore
NL-MAIN-dd723db4,Open-pit mining and beneficiation at Carol Lake,"Open-pit, concentrator",Fe concentrator + pellet plant,Air,"PAHs, total unspeciated",Emission,Stack Emissions,kg,34.34,MetalliCan,MetalliCan,16478000.0,2.0839907755795607e-06,Ore processed,1,ore
NL-MAIN-dd723db4,Open-pit mining and beneficiation at Carol Lake,"Open-pit, concentrator",Fe concentrator + pellet plant,Air,Phenanthrene,Emission,Stack Emissions,kg,13.83,MetalliCan,MetalliCan,16478000.0,8.39300886029858e-07,Ore processed,1,ore
NL-MAIN-dd723db4,Open-pit mining and beneficiation at Carol Lake,"Open-pit, concentrator",Fe concentrator + pellet plant,Air,Phosphorus (total),Emission,Stack Emissions,tonnes,0.567,MetalliCan,MetalliCan,16478000.0,3.440951571792693e-08,Ore processed,1,ore
NL-MAIN-dd723db4,Open-pit mining and beneficiation at Carol Lake,"Open-pit, concentrator",Fe concentrator + pellet plant,Air,PM10 - Particulate Matter <= 10 Micrometers,Emission,Stack Emissions,tonnes,1833.289,MetalliCan,MetalliCan,16478000.0,0.0001112567665978881,Ore processed,1,ore
NL-MAIN-dd723db4,Open-pit mining and beneficiation at Carol Lake,"Open-pit, concentrator",Fe concentrator + pellet plant,Air,PM2.5 - Particulate Matter <= 2.5 Micrometers,Emission,Stack Emissions,tonnes,380.467,MetalliCan,MetalliCan,16478000.0,2.308939191649472e-05,Ore processed,1,ore
NL-MAIN-dd723db4,Open-pit mining and beneficiation at Carol Lake,"Open-pit, concentrator",Fe concentrator + pellet plant,Air,Quinoline,Emission,Stack Emissions,kg,3.6,MetalliCan,MetalliCan,16478000.0,2.1847311566937736e-07,Ore processed,1,ore
NL-MAIN-dd723db4,Open-pit mining and beneficiation at Carol Lake,"Open-pit, concentrator",Fe concentrator + pellet plant,Air,Selenium (and its compounds),Emission,Stack Emissions,kg,214.0,MetalliCan,MetalliCan,16478000.0,1.2987012987012988e-05,Ore processed,1,ore
NL-MAIN-dd723db4,Open-pit mining and beneficiation at Carol Lake,"Open-pit, concentrator",Fe concentrator + pellet plant,Air,Sulphur dioxide,Emission,Stack Emissions,tonnes,4810.651,MetalliCan,MetalliCan,16478000.0,0.00029194386454666827,Ore processed,1,ore
NL-MAIN-dd723db4,Open-pit mining and beneficiation at Carol Lake,"Open-pit, concentrator",Fe concentrator + pellet plant,Air,Sulphuric acid,Emission,Stack Emissions,tonnes,93.319,MetalliCan,MetalliCan,16478000.0,5.663247966986285e-06,Ore processed,1,ore
NL-MAIN-dd723db4,Open-pit mining and beneficiation at Carol Lake,"Open-pit, concentrator",Fe concentrator + pellet plant,Air,Thallium (and its compounds),Emission,Stack Emissions,kg,207.0,MetalliCan,MetalliCan,16478000.0,1.2562204150989197e-05,Ore processed,1,ore
NL-MAIN-dd723db4,Open-pit mining and beneficiation at Carol Lake,"Open-pit, concentrator",Fe concentrator + pellet plant,Air,Total particulate matter,Emission,Stack Emissions,tonnes,6497.524,MetalliCan,MetalliCan,16478000.0,0.00039431508678237654,Ore processed,1,ore
NL-MAIN-dd723db4,Open-pit mining and beneficiation at Carol Lake,"Open-pit, concentrator",Fe concentrator + pellet plant,Air,Vanadium (and its compounds),Emission,Stack Emissions,tonnes,1.435,MetalliCan,MetalliCan,16478000.0,8.708581138487681e-08,Ore processed,1,ore
NL-MAIN-dd723db4,Open-pit mining and beneficiation at Carol Lake,"Open-pit, concentrator",Fe concentrator + pellet plant,Air,Volatile Organic Compounds (Total),Emission,Stack Emissions,tonnes,23.836,MetalliCan,MetalliCan,16478000.0,1.4465347736375772e-06,Ore processed,1,ore
NL-MAIN-dd723db4,Open-pit mining and beneficiation at Carol Lake,"Open-pit, concentrator",Fe concentrator + pellet plant,Air,Zinc (and its compounds),Emission,Stack Emissions,tonnes,1.347,MetalliCan,MetalliCan,16478000.0,8.174535744629202e-08,Ore processed,1,ore
ON-MAIN-aeafbb59,Open-pit mining and beneficiation at Detour Lake,"Open-pit, concentrator",Au–Ag free-milling,Air,Antimony (and its compounds),Emission,Stack Emissions,tonnes,0.00053,MetalliCan,MetalliCan,25434853.5024164,2.0837548757638733e-11,Ore processed,1,ore
ON-MAIN-aeafbb59,Open-pit mining and beneficiation at Detour Lake,"Open-pit, concentrator",Au–Ag free-milling,Air,Arsenic (and its compounds),Emission,Stack Emissions,kg,0.981,MetalliCan,MetalliCan,25434853.5024164,3.856912326649735e-08,Ore processed,1,ore
ON-MAIN-aeafbb59,Open-pit mining and beneficiation at Detour Lake,"Open-pit, concentrator",Au–Ag free-milling,Air,Cadmium (and its compounds),Emission,Stack Emissions,kg,0.106,MetalliCan,MetalliCan,25434853.5024164,4.167509751527747e-09,Ore processed,1,ore
ON-MAIN-aeafbb59,Open-pit mining and beneficiation at Detour Lake,"Open-pit, concentrator",Au–Ag free-milling,Air,Carbon monoxide,Emission,Stack Emissions,tonnes,40.977,MetalliCan,MetalliCan,25434853.5024164,1.611057048003325e-06,Ore processed,1,ore
ON-MAIN-aeafbb59,Open-pit mining and beneficiation at Detour Lake,"Open-pit, concentrator",Au–Ag free-milling,Air,Chromium (and its compounds),Emission,Stack Emissions,tonnes,0.024,MetalliCan,MetalliCan,25434853.5024164,9.43587113553452e-10,Ore processed,1,ore
ON-MAIN-aeafbb59,Open-pit mining and beneficiation at Detour Lake,"Open-pit, concentrator",Au–Ag free-milling,Air,Cobalt (and its compounds),Emission,Stack Emissions,kg,7.76,MetalliCan,MetalliCan,25434853.5024164,3.0509316671561614e-07,Ore processed,1,ore
ON-MAIN-aeafbb59,Open-pit mining and beneficiation at Detour Lake,"Open-pit, concentrator",Au–Ag free-milling,Air,Copper (and its compounds),Emission,Stack Emissions,tonnes,0.031,MetalliCan,MetalliCan,25434853.5024164,1.218800021673209e-09,Ore processed,1,ore
ON-MAIN-aeafbb59,Open-pit mining and beneficiation at Detour Lake,"Open-pit, concentrator",Au–Ag free-milling,Air,Lead (and its compounds),Emission,Stack Emissions,kg,11.204,MetalliCan,MetalliCan,25434853.5024164,4.404979175105366e-07,Ore processed,1,ore
ON-MAIN-aeafbb59,Open-pit mining and beneficiation at Detour Lake,"Open-pit, concentrator",Au–Ag free-milling,Air,Manganese (and its compounds),Emission,Stack Emissions,tonnes,0.255,MetalliCan,MetalliCan,25434853.5024164,1.0025613081505428e-08,Ore processed,1,ore
ON-MAIN-aeafbb59,Open-pit mining and beneficiation at Detour Lake,"Open-pit, concentrator",Au–Ag free-milling,Air,Mercury (and its compounds),Emission,Stack Emissions,tonnes,1e-06,MetalliCan,MetalliCan,25434853.5024164,3.931612973139383e-14,Ore processed,1,ore
ON-MAIN-aeafbb59,Open-pit mining and beneficiation at Detour Lake,"Open-pit, concentrator",Au–Ag free-milling,Air,Nickel (and its compounds),Emission,Stack Emissions,tonnes,0.013,MetalliCan,MetalliCan,25434853.5024164,5.111096865081199e-10,Ore processed,1,ore
ON-MAIN-aeafbb59,Open-pit mining and beneficiation at Detour Lake,"Open-pit, concentrator",Au–Ag free-milling,Air,Nitrogen oxides (expressed as nitrogen dioxide),Emission,Stack Emissions,tonnes,180.177,MetalliCan,MetalliCan,25434853.5024164,7.083862306613347e-06,Ore processed,1,ore
ON-MAIN-aeafbb59,Open-pit mining and beneficiation at Detour Lake,"Open-pit, concentrator",Au–Ag free-milling,Air,Phosphorus (total),Emission,Stack Emissions,tonnes,0.104,MetalliCan,MetalliCan,25434853.5024164,4.088877492064959e-09,Ore processed,1,ore
ON-MAIN-aeafbb59,Open-pit mining and beneficiation at Detour Lake,"Open-pit, concentrator",Au–Ag free-milling,Air,PM10 - Particulate Matter <= 10 Micrometers,Emission,Stack Emissions,tonnes,45.27,MetalliCan,MetalliCan,25434853.5024164,1.7798411929401992e-06,Ore processed,1,ore
ON-MAIN-aeafbb59,Open-pit mining and beneficiation at Detour Lake,"Open-pit, concentrator",Au–Ag free-milling,Air,PM2.5 - Particulate Matter <= 2.5 Micrometers,Emission,Stack Emissions,tonnes,33.68,MetalliCan,MetalliCan,25434853.5024164,1.3241672493533443e-06,Ore processed,1,ore
ON-MAIN-aeafbb59,Open-pit mining and beneficiation at Detour Lake,"Open-pit, concentrator",Au–Ag free-milling,Air,Selenium (and its compounds),Emission,Stack Emissions,kg,1.012,MetalliCan,MetalliCan,25434853.5024164,3.9787923288170565e-08,Ore processed,1,ore
ON-MAIN-aeafbb59,Open-pit mining and beneficiation at Detour Lake,"Open-pit, concentrator",Au–Ag free-milling,Air,Sulphur dioxide,Emission,Stack Emissions,tonnes,7.025,MetalliCan,MetalliCan,25434853.5024164,2.761958113630417e-07,Ore processed,1,ore
ON-MAIN-aeafbb59,Open-pit mining and beneficiation at Detour Lake,"Open-pit, concentrator",Au–Ag free-milling,Air,Thallium (and its compounds),Emission,Stack Emissions,kg,0.583,MetalliCan,MetalliCan,25434853.5024164,2.2921303633402603e-08,Ore processed,1,ore
ON-MAIN-aeafbb59,Open-pit mining and beneficiation at Detour Lake,"Open-pit, concentrator",Au–Ag free-milling,Air,Total particulate matter,Emission,Stack Emissions,tonnes,222.149,MetalliCan,MetalliCan,25434853.5024164,8.73403890369941e-06,Ore processed,1,ore
ON-MAIN-aeafbb59,Open-pit mining and beneficiation at Detour Lake,"Open-pit, concentrator",Au–Ag free-milling,Air,Vanadium (and its compounds),Emission,Stack Emissions,tonnes,0.042,MetalliCan,MetalliCan,25434853.5024164,1.6512774487185412e-09,Ore processed,1,ore
ON-MAIN-aeafbb59,Open-pit mining and beneficiation at Detour Lake,"Open-pit, concentrator",Au–Ag free-milling,Air,Volatile Organic Compounds (Total),Emission,Stack Emissions,tonnes,12.212,MetalliCan,MetalliCan,25434853.5024164,4.801285762797815e-07,Ore processed,1,ore
ON-MAIN-aeafbb59,Open-pit mining and beneficiation at Detour Lake,"Open-pit, concentrator",Au–Ag free-milling,Air,Zinc (and its compounds),Emission,Stack Emissions,tonnes,0.016,MetalliCan,MetalliCan,25434853.5024164,6.290580757023014e-10,Ore processed,1,ore
QC-MAIN-e51eda66,Underground mining and beneficiation at LaRonde,"Underground, concentrator",Au–Ag polymetallic,Air,Arsenic (and its compounds),Emission,Stack Emissions,kg,0.764,MetalliCan,MetalliCan,1501500.0,5.088245088245088e-07,Ore processed,1,ore
QC-MAIN-e51eda66,Underground mining and beneficiation at LaRonde,"Underground, concentrator",Au–Ag polymetallic,Air,Cadmium (and its compounds),Emission,Stack Emissions,kg,2.38,MetalliCan,MetalliCan,1501500.0,1.585081585081585e-06,Ore processed,1,ore
QC-MAIN-e51eda66,Underground mining and beneficiation at LaRonde,"Underground, concentrator",Au–Ag polymetallic,Air,Chromium (and its compounds),Emission,Stack Emissions,tonnes,0.01,MetalliCan,MetalliCan,1501500.0,6.6600066600066605e-09,Ore processed,1,ore
QC-MAIN-e51eda66,Underground mining and beneficiation at LaRonde,"Underground, concentrator",Au–Ag polymetallic,Air,Cobalt (and its compounds),Emission,Stack Emissions,kg,0.51,MetalliCan,MetalliCan,1501500.0,3.3966033966033966e-07,Ore processed,1,ore
QC-MAIN-e51eda66,Underground mining and beneficiation at LaRonde,"Underground, concentrator",Au–Ag polymetallic,Air,Copper (and its compounds),Emission,Stack Emissions,tonnes,0.01,MetalliCan,MetalliCan,1501500.0,6.6600066600066605e-09,Ore processed,1,ore
QC-MAIN-e51eda66,Underground mining and beneficiation at LaRonde,"Underground, concentrator",Au–Ag polymetallic,Air,Hydrochloric acid,Emission,Stack Emissions,tonnes,1.89,MetalliCan,MetalliCan,1501500.0,1.2587412587412587e-06,Ore processed,1,ore
QC-MAIN-e51eda66,Underground mining and beneficiation at LaRonde,"Underground, concentrator",Au–Ag polymetallic,Air,Lead (and its compounds),Emission,Stack Emissions,kg,10.69,MetalliCan,MetalliCan,1501500.0,7.1195471195471195e-06,Ore processed,1,ore
QC-MAIN-e51eda66,Underground mining and beneficiation at LaRonde,"Underground, concentrator",Au–Ag polymetallic,Air,Manganese (and its compounds),Emission,Stack Emissions,tonnes,0.00265,MetalliCan,MetalliCan,1501500.0,1.764901764901765e-09,Ore processed,1,ore
QC-MAIN-e51eda66,Underground mining and beneficiation at LaRonde,"Underground, concentrator",Au–Ag polymetallic,Air,Nickel (and its compounds),Emission,Stack Emissions,tonnes,0.0193,MetalliCan,MetalliCan,1501500.0,1.2853812853812854e-08,Ore processed,1,ore
QC-MAIN-e51eda66,Underground mining and beneficiation at LaRonde,"Underground, concentrator",Au–Ag polymetallic,Air,PM10 - Particulate Matter <= 10 Micrometers,Emission,Stack Emissions,tonnes,0.044,MetalliCan,MetalliCan,1501500.0,2.9304029304029303e-08,Ore processed,1,ore
QC-MAIN-e51eda66,Underground mining and beneficiation at LaRonde,"Underground, concentrator",Au–Ag polymetallic,Air,PM2.5 - Particulate Matter <= 2.5 Micrometers,Emission,Stack Emissions,tonnes,0.044,MetalliCan,MetalliCan,1501500.0,2.9304029304029303e-08,Ore processed,1,ore
QC-MAIN-e51eda66,Underground mining and beneficiation at LaRonde,"Underground, concentrator",Au–Ag polymetallic,Air,Selenium (and its compounds),Emission,Stack Emissions,kg,2.07,MetalliCan,MetalliCan,1501500.0,1.3786213786213786e-06,Ore processed,1,ore
QC-MAIN-e51eda66,Underground mining and beneficiation at LaRonde,"Underground, concentrator",Au–Ag polymetallic,Air,Total particulate matter,Emission,Stack Emissions,tonnes,0.044,MetalliCan,MetalliCan,1501500.0,2.9304029304029303e-08,Ore processed,1,ore
QC-MAIN-e51eda66,Underground mining and beneficiation at LaRonde,"Underground, concentrator",Au–Ag polymetallic,Air,Vanadium (and its compounds),Emission,Stack Emissions,tonnes,0.0001,MetalliCan,MetalliCan,1501500.0,6.66000666000666e-11,Ore processed,1,ore
QC-MAIN-e51eda66,Underground mining and beneficiation at LaRonde,"Underground, concentrator",Au–Ag polymetallic,Air,Zinc (and its compounds),Emission,Stack Emissions,tonnes,0.0357,MetalliCan,MetalliCan,1501500.0,2.3776223776223778e-08,Ore processed,1,ore
ON-MAIN-4e0734b5,Open-pit and underground mining and beneficiation at Fox Complex,"Open-pit, underground, concentrator",Au–Ag free-milling,Air,Arsenic (and its compounds),Emission,Stack Emissions,kg,0.000872,MetalliCan,MetalliCan,457000.0,1.9080962800875273e-09,Ore processed,1,ore
ON-MAIN-4e0734b5,Open-pit and underground mining and beneficiation at Fox Complex,"Open-pit, underground, concentrator",Au–Ag free-milling,Air,Cadmium (and its compounds),Emission,Stack Emissions,kg,1e-06,MetalliCan,MetalliCan,457000.0,2.188183807439825e-12,Ore processed,1,ore
ON-MAIN-4e0734b5,Open-pit and underground mining and beneficiation at Fox Complex,"Open-pit, underground, concentrator",Au–Ag free-milling,Air,Chromium (and its compounds),Emission,Stack Emissions,tonnes,0.000257,MetalliCan,MetalliCan,457000.0,5.62363238512035e-10,Ore processed,1,ore
ON-MAIN-4e0734b5,Open-pit and underground mining and beneficiation at Fox Complex,"Open-pit, underground, concentrator",Au–Ag free-milling,Air,Cobalt (and its compounds),Emission,Stack Emissions,kg,0.000382,MetalliCan,MetalliCan,457000.0,8.358862144420132e-10,Ore processed,1,ore
ON-MAIN-4e0734b5,Open-pit and underground mining and beneficiation at Fox Complex,"Open-pit, underground, concentrator",Au–Ag free-milling,Air,Copper (and its compounds),Emission,Stack Emissions,tonnes,1e-06,MetalliCan,MetalliCan,457000.0,2.188183807439825e-12,Ore processed,1,ore
ON-MAIN-4e0734b5,Open-pit and underground mining and beneficiation at Fox Complex,"Open-pit, underground, concentrator",Au–Ag free-milling,Air,Lead (and its compounds),Emission,Stack Emissions,kg,0.016274,MetalliCan,MetalliCan,457000.0,3.561050328227571e-08,Ore processed,1,ore
ON-MAIN-4e0734b5,Open-pit and underground mining and beneficiation at Fox Complex,"Open-pit, underground, concentrator",Au–Ag free-milling,Air,Manganese (and its compounds),Emission,Stack Emissions,tonnes,0.002326,MetalliCan,MetalliCan,457000.0,5.089715536105032e-09,Ore processed,1,ore
ON-MAIN-4e0734b5,Open-pit and underground mining and beneficiation at Fox Complex,"Open-pit, underground, concentrator",Au–Ag free-milling,Air,Nickel (and its compounds),Emission,Stack Emissions,tonnes,0.000175,MetalliCan,MetalliCan,457000.0,3.829321663019694e-10,Ore processed,1,ore
ON-MAIN-4e0734b5,Open-pit and underground mining and beneficiation at Fox Complex,"Open-pit, underground, concentrator",Au–Ag free-milling,Air,Nitrogen oxides (expressed as nitrogen dioxide),Emission,Stack Emissions,tonnes,26.721286,MetalliCan,MetalliCan,457000.0,5.847108533916849e-05,Ore processed,1,ore
ON-MAIN-4e0734b5,Open-pit and underground mining and beneficiation at Fox Complex,"Open-pit, underground, concentrator",Au–Ag free-milling,Air,PM10 - Particulate Matter <= 10 Micrometers,Emission,Stack Emissions,tonnes,1.815138,MetalliCan,MetalliCan,457000.0,3.9718555798687085e-06,Ore processed,1,ore
ON-MAIN-4e0734b5,Open-pit and underground mining and beneficiation at Fox Complex,"Open-pit, underground, concentrator",Au–Ag free-milling,Air,PM2.5 - Particulate Matter <= 2.5 Micrometers,Emission,Stack Emissions,tonnes,1.80369,MetalliCan,MetalliCan,457000.0,3.946805251641138e-06,Ore processed,1,ore
ON-MAIN-4e0734b5,Open-pit and underground mining and beneficiation at Fox Complex,"Open-pit, underground, concentrator",Au–Ag free-milling,Air,Total particulate matter,Emission,Stack Emissions,tonnes,1.818359,MetalliCan,MetalliCan,457000.0,3.978903719912473e-06,Ore processed,1,ore
ON-MAIN-4e0734b5,Open-pit and underground mining and beneficiation at Fox Complex,"Open-pit, underground, concentrator",Au–Ag free-milling,Air,Vanadium (and its compounds),Emission,Stack Emissions,tonnes,1e-06,MetalliCan,MetalliCan,457000.0,2.188183807439825e-12,Ore processed,1,ore
QC-MAIN-089f3c60,Open-pit mining at Bloom Lake,Open-pit,Magnetite concentrator,Air,Carbon monoxide,Emission,Stack Emissions,tonnes,32.78,MetalliCan,MetalliCan,11187000.0,2.930186823992134e-06,Ore processed,1,ore
QC-MAIN-089f3c60,Open-pit mining at Bloom Lake,Open-pit,Magnetite concentrator,Air,Nitrogen oxides (expressed as nitrogen dioxide),Emission,Stack Emissions,tonnes,151.08,MetalliCan,MetalliCan,11187000.0,1.3504961115580585e-05,Ore processed,1,ore
QC-MAIN-089f3c60,Open-pit mining at Bloom Lake,Open-pit,Magnetite concentrator,Air,PM10 - Particulate Matter <= 10 Micrometers,Emission,Stack Emissions,tonnes,10.51,MetalliCan,MetalliCan,11187000.0,9.394833288638598e-07,Ore processed,1,ore
QC-MAIN-089f3c60,Open-pit mining at Bloom Lake,Open-pit,Magnetite concentrator,Air,PM2.5 - Particulate Matter <= 2.5 Micrometers,Emission,Stack Emissions,tonnes,10.26,MetalliCan,MetalliCan,11187000.0,9.17135961383749e-07,Ore processed,1,ore
QC-MAIN-089f3c60,Open-pit mining at Bloom Lake,Open-pit,Magnetite concentrator,Air,Total particulate matter,Emission,Stack Emissions,tonnes,10.84,MetalliCan,MetalliCan,11187000.0,9.68981853937606e-07,Ore processed,1,ore
QC-MAIN-089f3c60,Open-pit mining at Bloom Lake,Open-pit,Magnetite concentrator,Air,Volatile Organic Compounds (Total),Emission,Stack Emissions,tonnes,11.86,MetalliCan,MetalliCan,11187000.0,1.0601591132564583e-06,Ore processed,1,ore
BC-MAIN-23155c25,,,,Air,Acenaphthene,Emission,Stack Emissions,kg,0.0994,MetalliCan,MetalliCan,,,Ore processed,1,ore
BC-MAIN-23155c25,,,,Air,Acenaphthylene,Emission,Stack Emissions,kg,0.1585,MetalliCan,MetalliCan,,,Ore processed,1,ore
BC-MAIN-23155c25,,,,Air,Anthracene,Emission,Stack Emissions,kg,0.1198,MetalliCan,MetalliCan,,,Ore processed,1,ore
BC-MAIN-23155c25,,,,Air,Arsenic (and its compounds),Emission,Stack Emissions,kg,0.00146,MetalliCan,MetalliCan,,,Ore processed,1,ore
BC-MAIN-23155c25,,,,Air,Benz[a]anthracene,Emission,Stack Emissions,kg,0.1153,MetalliCan,MetalliCan,,,Ore processed,1,ore
BC-MAIN-23155c25,,,,Air,Benzo[a]pyrene,Emission,Stack Emissions,kg,0.0059,MetalliCan,MetalliCan,,,Ore processed,1,ore
BC-MAIN-23155c25,,,,Air,Benzo[b]fluoranthene,Emission,Stack Emissions,kg,0.007,MetalliCan,MetalliCan,,,Ore processed,1,ore
BC-MAIN-23155c25,,,,Air,Benzo[ghi]perylene,Emission,Stack Emissions,kg,0.0212,MetalliCan,MetalliCan,,,Ore processed,1,ore
BC-MAIN-23155c25,,,,Air,Benzo[k]fluoranthene,Emission,Stack Emissions,kg,0.007,MetalliCan,MetalliCan,,,Ore processed,1,ore
BC-MAIN-23155c25,,,,Air,Cadmium (and its compounds),Emission,Stack Emissions,kg,0.0011,MetalliCan,MetalliCan,,,Ore processed,1,ore
BC-MAIN-23155c25,,,,Air,Carbon monoxide,Emission,Stack Emissions,tonnes,72.94,MetalliCan,MetalliCan,,,Ore processed,1,ore
BC-MAIN-23155c25,,,,Air,Chromium (and its compounds),Emission,Stack Emissions,tonnes,0.0011,MetalliCan,MetalliCan,,,Ore processed,1,ore
BC-MAIN-23155c25,,,,Air,Copper (and its compounds),Emission,Stack Emissions,tonnes,0.002191,MetalliCan,MetalliCan,,,Ore processed,1,ore
BC-MAIN-23155c25,,,,Air,"Dibenz[a,h]anthracene",Emission,Stack Emissions,kg,0.0225,MetalliCan,MetalliCan,,,Ore processed,1,ore
BC-MAIN-23155c25,,,,Air,Fluoranthene,Emission,Stack Emissions,kg,0.4873,MetalliCan,MetalliCan,,,Ore processed,1,ore
BC-MAIN-23155c25,,,,Air,Fluorene,Emission,Stack Emissions,kg,1.8331,MetalliCan,MetalliCan,,,Ore processed,1,ore
BC-MAIN-23155c25,,,,Air,"Indeno[1,2,3-cd]pyrene",Emission,Stack Emissions,kg,0.0173,MetalliCan,MetalliCan,,,Ore processed,1,ore
BC-MAIN-23155c25,,,,Air,Lead (and its compounds),Emission,Stack Emissions,kg,0.003287,MetalliCan,MetalliCan,,,Ore processed,1,ore
BC-MAIN-23155c25,,,,Air,Manganese (and its compounds),Emission,Stack Emissions,tonnes,0.002191,MetalliCan,MetalliCan,,,Ore processed,1,ore
BC-MAIN-23155c25,,,,Air,Mercury (and its compounds),Emission,Stack Emissions,tonnes,1.9e-05,MetalliCan,MetalliCan,,,Ore processed,1,ore
BC-MAIN-23155c25,,,,Air,Nickel (and its compounds),Emission,Stack Emissions,tonnes,0.001096,MetalliCan,MetalliCan,,,Ore processed,1,ore
BC-MAIN-23155c25,,,,Air,Nitrogen oxides (expressed as nitrogen dioxide),Emission,Stack Emissions,tonnes,328.3833,MetalliCan,MetalliCan,,,Ore processed,1,ore
BC-MAIN-23155c25,,,,Air,Phenanthrene,Emission,Stack Emissions,kg,1.8613,MetalliCan,MetalliCan,,,Ore processed,1,ore
BC-MAIN-23155c25,,,,Air,PM10 - Particulate Matter <= 10 Micrometers,Emission,Stack Emissions,tonnes,33.96,MetalliCan,MetalliCan,,,Ore processed,1,ore
BC-MAIN-23155c25,,,,Air,PM2.5 - Particulate Matter <= 2.5 Micrometers,Emission,Stack Emissions,tonnes,21.16,MetalliCan,MetalliCan,,,Ore processed,1,ore
BC-MAIN-23155c25,,,,Air,Pyrene,Emission,Stack Emissions,kg,0.3093,MetalliCan,MetalliCan,,,Ore processed,1,ore
BC-MAIN-23155c25,,,,Air,Selenium (and its compounds),Emission,Stack Emissions,kg,0.005478,MetalliCan,MetalliCan,,,Ore processed,1,ore
BC-MAIN-23155c25,,,,Air,Sulphur dioxide,Emission,Stack Emissions,tonnes,18.26,MetalliCan,MetalliCan,,,Ore processed,1,ore
BC-MAIN-23155c25,,,,Air,Total particulate matter,Emission,Stack Emissions,tonnes,66.66,MetalliCan,MetalliCan,,,Ore processed,1,ore
BC-MAIN-23155c25,,,,Air,Volatile Organic Compounds (Total),Emission,Stack Emissions,tonnes,22.98,MetalliCan,MetalliCan,,,Ore processed,1,ore
BC-MAIN-23155c25,,,,Air,Zinc (and its compounds),Emission,Stack Emissions,tonnes,0.001461,MetalliCan,MetalliCan,,,Ore processed,1,ore
ON-MAIN-0aadf28f,Open-pit and underground mining and beneficiation at Rainy River,"Open-pit, underground, concentrator",Au–Ag free-milling,Air,Ammonia (total),Emission,Stack Emissions,tonnes,0.77,MetalliCan,MetalliCan,8764000.0,8.78594249201278e-08,Ore processed,1,ore
BC-MAIN-aa76f6f2,Underground mining and beneficiation at New Afton,"Underground, concentrator",Cu Porphyry,Air,Arsenic (and its compounds),Emission,Stack Emissions,kg,2.368354,MetalliCan,MetalliCan,3065000.0,7.727092985318108e-07,Ore processed,1,ore
BC-MAIN-aa76f6f2,Underground mining and beneficiation at New Afton,"Underground, concentrator",Cu Porphyry,Air,Cadmium (and its compounds),Emission,Stack Emissions,kg,1.127727,MetalliCan,MetalliCan,3065000.0,3.6793703099510603e-07,Ore processed,1,ore
ON-MAIN-0aadf28f,Open-pit and underground mining and beneficiation at Rainy River,"Open-pit, underground, concentrator",Au–Ag free-milling,Air,Carbon monoxide,Emission,Stack Emissions,tonnes,7.331,MetalliCan,MetalliCan,8764000.0,8.364901871291648e-07,Ore processed,1,ore
BC-MAIN-aa76f6f2,Underground mining and beneficiation at New Afton,"Underground, concentrator",Cu Porphyry,Air,Chromium (and its compounds),Emission,Stack Emissions,tonnes,0.001968,MetalliCan,MetalliCan,3065000.0,6.420880913539968e-10,Ore processed,1,ore
BC-MAIN-aa76f6f2,Underground mining and beneficiation at New Afton,"Underground, concentrator",Cu Porphyry,Air,Cobalt (and its compounds),Emission,Stack Emissions,kg,0.851472,MetalliCan,MetalliCan,3065000.0,2.7780489396411093e-07,Ore processed,1,ore
BC-MAIN-aa76f6f2,Underground mining and beneficiation at New Afton,"Underground, concentrator",Cu Porphyry,Air,Copper (and its compounds),Emission,Stack Emissions,tonnes,0.009007,MetalliCan,MetalliCan,3065000.0,2.9386623164763457e-09,Ore processed,1,ore
ON-MAIN-0aadf28f,Open-pit and underground mining and beneficiation at Rainy River,"Open-pit, underground, concentrator",Au–Ag free-milling,Air,Copper (and its compounds),Emission,Stack Emissions,tonnes,0.445,MetalliCan,MetalliCan,8764000.0,5.077590141487905e-08,Ore processed,1,ore
BC-MAIN-aa76f6f2,Underground mining and beneficiation at New Afton,"Underground, concentrator",Cu Porphyry,Air,Lead (and its compounds),Emission,Stack Emissions,kg,1.179446,MetalliCan,MetalliCan,3065000.0,3.848110929853181e-07,Ore processed,1,ore
BC-MAIN-aa76f6f2,Underground mining and beneficiation at New Afton,"Underground, concentrator",Cu Porphyry,Air,Manganese (and its compounds),Emission,Stack Emissions,tonnes,0.008389,MetalliCan,MetalliCan,3065000.0,2.7370309951060363e-09,Ore processed,1,ore
BC-MAIN-aa76f6f2,Underground mining and beneficiation at New Afton,"Underground, concentrator",Cu Porphyry,Air,Mercury (and its compounds),Emission,Stack Emissions,tonnes,7.821e-06,MetalliCan,MetalliCan,3065000.0,2.5517128874388257e-12,Ore processed,1,ore
BC-MAIN-aa76f6f2,Underground mining and beneficiation at New Afton,"Underground, concentrator",Cu Porphyry,Air,Nickel (and its compounds),Emission,Stack Emissions,tonnes,0.005538,MetalliCan,MetalliCan,3065000.0,1.8068515497553019e-09,Ore processed,1,ore
ON-MAIN-0aadf28f,Open-pit and underground mining and beneficiation at Rainy River,"Open-pit, underground, concentrator",Au–Ag free-milling,Air,Nitrogen oxides (expressed as nitrogen dioxide),Emission,Stack Emissions,tonnes,62.412,MetalliCan,MetalliCan,8764000.0,7.121405750798722e-06,Ore processed,1,ore
BC-MAIN-aa76f6f2,Underground mining and beneficiation at New Afton,"Underground, concentrator",Cu Porphyry,Air,Phosphorus (total),Emission,Stack Emissions,tonnes,0.009827,MetalliCan,MetalliCan,3065000.0,3.206199021207178e-09,Ore processed,1,ore
BC-MAIN-aa76f6f2,Underground mining and beneficiation at New Afton,"Underground, concentrator",Cu Porphyry,Air,PM10 - Particulate Matter <= 10 Micrometers,Emission,Stack Emissions,tonnes,6.844,MetalliCan,MetalliCan,3065000.0,2.232952691680261e-06,Ore processed,1,ore
ON-MAIN-0aadf28f,Open-pit and underground mining and beneficiation at Rainy River,"Open-pit, underground, concentrator",Au–Ag free-milling,Air,PM10 - Particulate Matter <= 10 Micrometers,Emission,Stack Emissions,tonnes,1.533,MetalliCan,MetalliCan,8764000.0,1.7492012779552714e-07,Ore processed,1,ore
BC-MAIN-aa76f6f2,Underground mining and beneficiation at New Afton,"Underground, concentrator",Cu Porphyry,Air,PM2.5 - Particulate Matter <= 2.5 Micrometers,Emission,Stack Emissions,tonnes,3.794,MetalliCan,MetalliCan,3065000.0,1.2378466557911908e-06,Ore processed,1,ore
ON-MAIN-0aadf28f,Open-pit and underground mining and beneficiation at Rainy River,"Open-pit, underground, concentrator",Au–Ag free-milling,Air,PM2.5 - Particulate Matter <= 2.5 Micrometers,Emission,Stack Emissions,tonnes,1.533,MetalliCan,MetalliCan,8764000.0,1.7492012779552714e-07,Ore processed,1,ore
BC-MAIN-aa76f6f2,Underground mining and beneficiation at New Afton,"Underground, concentrator",Cu Porphyry,Air,Selenium (and its compounds),Emission,Stack Emissions,kg,9.934,MetalliCan,MetalliCan,3065000.0,3.2411092985318107e-06,Ore processed,1,ore
ON-MAIN-0aadf28f,Open-pit and underground mining and beneficiation at Rainy River,"Open-pit, underground, concentrator",Au–Ag free-milling,Air,Sulphur dioxide,Emission,Stack Emissions,tonnes,1.484,MetalliCan,MetalliCan,8764000.0,1.693290734824281e-07,Ore processed,1,ore
BC-MAIN-aa76f6f2,Underground mining and beneficiation at New Afton,"Underground, concentrator",Cu Porphyry,Air,Total particulate matter,Emission,Stack Emissions,tonnes,7.749,MetalliCan,MetalliCan,3065000.0,2.528221859706362e-06,Ore processed,1,ore
ON-MAIN-0aadf28f,Open-pit and underground mining and beneficiation at Rainy River,"Open-pit, underground, concentrator",Au–Ag free-milling,Air,Total particulate matter,Emission,Stack Emissions,tonnes,1.533,MetalliCan,MetalliCan,8764000.0,1.7492012779552714e-07,Ore processed,1,ore
BC-MAIN-aa76f6f2,Underground mining and beneficiation at New Afton,"Underground, concentrator",Cu Porphyry,Air,Vanadium (and its compounds),Emission,Stack Emissions,tonnes,0.003992,MetalliCan,MetalliCan,3065000.0,1.3024469820554648e-09,Ore processed,1,ore
BC-MAIN-aa76f6f2,Underground mining and beneficiation at New Afton,"Underground, concentrator",Cu Porphyry,Air,Zinc (and its compounds),Emission,Stack Emissions,tonnes,0.010066,MetalliCan,MetalliCan,3065000.0,3.2841761827079938e-09,Ore processed,1,ore
BC-MAIN-8eb8be0d,Open-pit mining and beneficiation at Red Chris,"Open-pit, concentrator",Au–Ag polymetallic,Air,Arsenic (and its compounds),Emission,Stack Emissions,kg,0.6542,MetalliCan,MetalliCan,1139000.0,5.743634767339772e-07,Ore processed,1,ore
BC-MAIN-8eb8be0d,Open-pit mining and beneficiation at Red Chris,"Open-pit, concentrator",Au–Ag polymetallic,Air,Cadmium (and its compounds),Emission,Stack Emissions,kg,1.6661,MetalliCan,MetalliCan,1139000.0,1.462774363476734e-06,Ore processed,1,ore
BC-MAIN-8eb8be0d,Open-pit mining and beneficiation at Red Chris,"Open-pit, concentrator",Au–Ag polymetallic,Air,Carbon monoxide,Emission,Stack Emissions,tonnes,51.5033,MetalliCan,MetalliCan,1139000.0,4.521799824407375e-05,Ore processed,1,ore
BC-MAIN-8eb8be0d,Open-pit mining and beneficiation at Red Chris,"Open-pit, concentrator",Au–Ag polymetallic,Air,Dioxins and furans - total,Emission,Stack Emissions,g TEQ,1.07,MetalliCan,MetalliCan,1139000.0,9.394205443371379e-07,Ore processed,1,ore
BC-MAIN-8eb8be0d,Open-pit mining and beneficiation at Red Chris,"Open-pit, concentrator",Au–Ag polymetallic,Air,Hexachlorobenzene,Emission,Stack Emissions,grams,0.3057,MetalliCan,MetalliCan,1139000.0,2.6839332748024585e-07,Ore processed,1,ore
BC-MAIN-8eb8be0d,Open-pit mining and beneficiation at Red Chris,"Open-pit, concentrator",Au–Ag polymetallic,Air,Lead (and its compounds),Emission,Stack Emissions,kg,32.7099,MetalliCan,MetalliCan,1139000.0,2.87180860403863e-05,Ore processed,1,ore
BC-MAIN-8eb8be0d,Open-pit mining and beneficiation at Red Chris,"Open-pit, concentrator",Au–Ag polymetallic,Air,Mercury (and its compounds),Emission,Stack Emissions,tonnes,0.000856,MetalliCan,MetalliCan,1139000.0,7.515364354697103e-10,Ore processed,1,ore
BC-MAIN-8eb8be0d,Open-pit mining and beneficiation at Red Chris,"Open-pit, concentrator",Au–Ag polymetallic,Air,Nitrogen oxides (expressed as nitrogen dioxide),Emission,Stack Emissions,tonnes,236.8105,MetalliCan,MetalliCan,1139000.0,0.00020791088674275678,Ore processed,1,ore
BC-MAIN-8eb8be0d,Open-pit mining and beneficiation at Red Chris,"Open-pit, concentrator",Au–Ag polymetallic,Air,PM10 - Particulate Matter <= 10 Micrometers,Emission,Stack Emissions,tonnes,20.4465,MetalliCan,MetalliCan,1139000.0,1.7951273046532045e-05,Ore processed,1,ore
BC-MAIN-8eb8be0d,Open-pit mining and beneficiation at Red Chris,"Open-pit, concentrator",Au–Ag polymetallic,Air,PM2.5 - Particulate Matter <= 2.5 Micrometers,Emission,Stack Emissions,tonnes,20.4465,MetalliCan,MetalliCan,1139000.0,1.7951273046532045e-05,Ore processed,1,ore
BC-MAIN-8eb8be0d,Open-pit mining and beneficiation at Red Chris,"Open-pit, concentrator",Au–Ag polymetallic,Air,Total particulate matter,Emission,Stack Emissions,tonnes,20.4656,MetalliCan,MetalliCan,1139000.0,1.7968042142230025e-05,Ore processed,1,ore
QC-MAIN-dc1a16f9,,,,Air,Arsenic (and its compounds),Emission,Stack Emissions,kg,0.025,MetalliCan,MetalliCan,,,Ore processed,1,ore
QC-MAIN-dc1a16f9,,,,Air,Cadmium (and its compounds),Emission,Stack Emissions,kg,0.0561,MetalliCan,MetalliCan,,,Ore processed,1,ore
QC-MAIN-dc1a16f9,,,,Air,Cobalt (and its compounds),Emission,Stack Emissions,kg,0.782,MetalliCan,MetalliCan,,,Ore processed,1,ore
QC-MAIN-dc1a16f9,,,,Air,Lead (and its compounds),Emission,Stack Emissions,kg,0.255,MetalliCan,MetalliCan,,,Ore processed,1,ore
QC-MAIN-dc1a16f9,,,,Air,Mercury (and its compounds),Emission,Stack Emissions,tonnes,9e-07,MetalliCan,MetalliCan,,,Ore processed,1,ore
QC-MAIN-dc1a16f9,,,,Air,Selenium (and its compounds),Emission,Stack Emissions,kg,0.029,MetalliCan,MetalliCan,,,Ore processed,1,ore
QC-MAIN-dc1a16f9,,,,Air,Thallium (and its compounds),Emission,Stack Emissions,kg,0.317,MetalliCan,MetalliCan,,,Ore processed,1,ore
BC-MAIN-857b7b89,Underground mining and beneficiation at Brucejack,"Underground, concentrator",Au–Ag free-milling,Air,Carbon monoxide,Emission,Stack Emissions,tonnes,24.693,MetalliCan,MetalliCan,166000.0,0.00014875301204819277,Ore processed,1,ore
BC-MAIN-857b7b89,Underground mining and beneficiation at Brucejack,"Underground, concentrator",Au–Ag free-milling,Air,Dioxins and furans - total,Emission,Stack Emissions,g TEQ,2.2e-05,MetalliCan,MetalliCan,166000.0,1.325301204819277e-10,Ore processed,1,ore
BC-MAIN-857b7b89,Underground mining and beneficiation at Brucejack,"Underground, concentrator",Au–Ag free-milling,Air,Hexachlorobenzene,Emission,Stack Emissions,grams,0.0023,MetalliCan,MetalliCan,166000.0,1.3855421686746988e-08,Ore processed,1,ore
BC-MAIN-857b7b89,Underground mining and beneficiation at Brucejack,"Underground, concentrator",Au–Ag free-milling,Air,Nitrogen oxides (expressed as nitrogen dioxide),Emission,Stack Emissions,tonnes,90.104,MetalliCan,MetalliCan,166000.0,0.0005427951807228915,Ore processed,1,ore
BC-MAIN-857b7b89,Underground mining and beneficiation at Brucejack,"Underground, concentrator",Au–Ag free-milling,Air,PM10 - Particulate Matter <= 10 Micrometers,Emission,Stack Emissions,tonnes,1.427,MetalliCan,MetalliCan,166000.0,8.596385542168675e-06,Ore processed,1,ore
BC-MAIN-857b7b89,Underground mining and beneficiation at Brucejack,"Underground, concentrator",Au–Ag free-milling,Air,PM2.5 - Particulate Matter <= 2.5 Micrometers,Emission,Stack Emissions,tonnes,1.381,MetalliCan,MetalliCan,166000.0,8.319277108433735e-06,Ore processed,1,ore
BC-MAIN-857b7b89,Underground mining and beneficiation at Brucejack,"Underground, concentrator",Au–Ag free-milling,Air,Total particulate matter,Emission,Stack Emissions,tonnes,1.77,MetalliCan,MetalliCan,166000.0,1.066265060240964e-05,Ore processed,1,ore
ON-MAIN-8825d90d,Open-pit mining and beneficiation at Magino,"Open-pit, concentrator",Au–Ag free-milling,Air,Arsenic (and its compounds),Emission,Stack Emissions,kg,0.093668,MetalliCan,MetalliCan,1165551.0,8.036370780858152e-08,Ore processed,1,ore
ON-MAIN-8825d90d,Open-pit mining and beneficiation at Magino,"Open-pit, concentrator",Au–Ag free-milling,Air,Carbon monoxide,Emission,Stack Emissions,tonnes,20.78366,MetalliCan,MetalliCan,1165551.0,1.7831617835684583e-05,Ore processed,1,ore
ON-MAIN-8825d90d,Open-pit mining and beneficiation at Magino,"Open-pit, concentrator",Au–Ag free-milling,Air,Chromium (and its compounds),Emission,Stack Emissions,tonnes,0.000486,MetalliCan,MetalliCan,1165551.0,4.1697017118942026e-10,Ore processed,1,ore
ON-MAIN-8825d90d,Open-pit mining and beneficiation at Magino,"Open-pit, concentrator",Au–Ag free-milling,Air,Cobalt (and its compounds),Emission,Stack Emissions,kg,0.232258,MetalliCan,MetalliCan,1165551.0,1.9926884366278266e-07,Ore processed,1,ore
ON-MAIN-8825d90d,Open-pit mining and beneficiation at Magino,"Open-pit, concentrator",Au–Ag free-milling,Air,Copper (and its compounds),Emission,Stack Emissions,tonnes,0.000928,MetalliCan,MetalliCan,1165551.0,7.961899565098396e-10,Ore processed,1,ore
ON-MAIN-8825d90d,Open-pit mining and beneficiation at Magino,"Open-pit, concentrator",Au–Ag free-milling,Air,Hydrogen cyanide,Emission,Stack Emissions,tonnes,2.357473,MetalliCan,MetalliCan,1165551.0,2.0226253505852597e-06,Ore processed,1,ore
ON-MAIN-8825d90d,Open-pit mining and beneficiation at Magino,"Open-pit, concentrator",Au–Ag free-milling,Air,Lead (and its compounds),Emission,Stack Emissions,kg,0.024373,MetalliCan,MetalliCan,1165551.0,2.0911139881480946e-08,Ore processed,1,ore
ON-MAIN-8825d90d,Open-pit mining and beneficiation at Magino,"Open-pit, concentrator",Au–Ag free-milling,Air,Manganese (and its compounds),Emission,Stack Emissions,tonnes,0.014069,MetalliCan,MetalliCan,1165551.0,1.2070685881613074e-08,Ore processed,1,ore
ON-MAIN-8825d90d,Open-pit mining and beneficiation at Magino,"Open-pit, concentrator",Au–Ag free-milling,Air,Nickel (and its compounds),Emission,Stack Emissions,tonnes,0.00347,MetalliCan,MetalliCan,1165551.0,2.9771327037598528e-09,Ore processed,1,ore
ON-MAIN-8825d90d,Open-pit mining and beneficiation at Magino,"Open-pit, concentrator",Au–Ag free-milling,Air,Nitrogen oxides (expressed as nitrogen dioxide),Emission,Stack Emissions,tonnes,200.592948,MetalliCan,MetalliCan,1165551.0,0.00017210139067273762,Ore processed,1,ore
ON-MAIN-8825d90d,Open-pit mining and beneficiation at Magino,"Open-pit, concentrator",Au–Ag free-milling,Air,PM10 - Particulate Matter <= 10 Micrometers,Emission,Stack Emissions,tonnes,2.808925,MetalliCan,MetalliCan,1165551.0,2.4099546051609924e-06,Ore processed,1,ore
ON-MAIN-8825d90d,Open-pit mining and beneficiation at Magino,"Open-pit, concentrator",Au–Ag free-milling,Air,PM2.5 - Particulate Matter <= 2.5 Micrometers,Emission,Stack Emissions,tonnes,2.40327,MetalliCan,MetalliCan,1165551.0,2.0619174965316835e-06,Ore processed,1,ore
ON-MAIN-8825d90d,Open-pit mining and beneficiation at Magino,"Open-pit, concentrator",Au–Ag free-milling,Air,Selenium (and its compounds),Emission,Stack Emissions,kg,0.023895,MetalliCan,MetalliCan,1165551.0,2.0501033416813164e-08,Ore processed,1,ore
ON-MAIN-8825d90d,Open-pit mining and beneficiation at Magino,"Open-pit, concentrator",Au–Ag free-milling,Air,Thallium (and its compounds),Emission,Stack Emissions,kg,0.001959,MetalliCan,MetalliCan,1165551.0,1.6807501344857496e-09,Ore processed,1,ore
ON-MAIN-8825d90d,Open-pit mining and beneficiation at Magino,"Open-pit, concentrator",Au–Ag free-milling,Air,Total particulate matter,Emission,Stack Emissions,tonnes,6.816918,MetalliCan,MetalliCan,1165551.0,5.848665566757697e-06,Ore processed,1,ore
ON-MAIN-8825d90d,Open-pit mining and beneficiation at Magino,"Open-pit, concentrator",Au–Ag free-milling,Air,Vanadium (and its compounds),Emission,Stack Emissions,tonnes,0.000174,MetalliCan,MetalliCan,1165551.0,1.492856168455949e-10,Ore processed,1,ore
ON-MAIN-7f050560,Underground mining and beneficiation at Red Lake,"Underground, concentrator",Au–Ag refractory,Air,Arsenic (and its compounds),Emission,Stack Emissions,kg,1.119783,MetalliCan,MetalliCan,841000.0,1.3314898929845422e-06,Ore processed,1,ore
ON-MAIN-7f050560,Underground mining and beneficiation at Red Lake,"Underground, concentrator",Au–Ag refractory,Air,Cobalt (and its compounds),Emission,Stack Emissions,kg,0.142689,MetalliCan,MetalliCan,841000.0,1.6966587395957196e-07,Ore processed,1,ore
ON-MAIN-7f050560,Underground mining and beneficiation at Red Lake,"Underground, concentrator",Au–Ag refractory,Air,PM10 - Particulate Matter <= 10 Micrometers,Emission,Stack Emissions,tonnes,2.094518,MetalliCan,MetalliCan,841000.0,2.4905089179548155e-06,Ore processed,1,ore
ON-MAIN-7f050560,Underground mining and beneficiation at Red Lake,"Underground, concentrator",Au–Ag refractory,Air,PM2.5 - Particulate Matter <= 2.5 Micrometers,Emission,Stack Emissions,tonnes,1.070544,MetalliCan,MetalliCan,841000.0,1.2729417360285373e-06,Ore processed,1,ore
NL-MAIN-b64bae7a,Open-pit mining and beneficiation at Scully,"Open-pit, concentrator",Fe concentrator,Air,Arsenic (and its compounds),Emission,Stack Emissions,kg,51.832,MetalliCan,MetalliCan,3560000.0,1.4559550561797753e-05,Ore processed,1,ore
NL-MAIN-b64bae7a,Open-pit mining and beneficiation at Scully,"Open-pit, concentrator",Fe concentrator,Air,Cadmium (and its compounds),Emission,Stack Emissions,kg,3.1,MetalliCan,MetalliCan,3560000.0,8.707865168539327e-07,Ore processed,1,ore
NL-MAIN-b64bae7a,Open-pit mining and beneficiation at Scully,"Open-pit, concentrator",Fe concentrator,Air,Carbon monoxide,Emission,Stack Emissions,tonnes,138.958,MetalliCan,MetalliCan,3560000.0,3.903314606741573e-05,Ore processed,1,ore
NL-MAIN-b64bae7a,Open-pit mining and beneficiation at Scully,"Open-pit, concentrator",Fe concentrator,Air,Cobalt (and its compounds),Emission,Stack Emissions,kg,125.609,MetalliCan,MetalliCan,3560000.0,3.5283426966292136e-05,Ore processed,1,ore
NL-MAIN-b64bae7a,Open-pit mining and beneficiation at Scully,"Open-pit, concentrator",Fe concentrator,Air,Lead (and its compounds),Emission,Stack Emissions,kg,35.693,MetalliCan,MetalliCan,3560000.0,1.0026123595505617e-05,Ore processed,1,ore
NL-MAIN-b64bae7a,Open-pit mining and beneficiation at Scully,"Open-pit, concentrator",Fe concentrator,Air,Manganese (and its compounds),Emission,Stack Emissions,tonnes,40.333,MetalliCan,MetalliCan,3560000.0,1.1329494382022472e-05,Ore processed,1,ore
NL-MAIN-b64bae7a,Open-pit mining and beneficiation at Scully,"Open-pit, concentrator",Fe concentrator,Air,Nitrogen oxides (expressed as nitrogen dioxide),Emission,Stack Emissions,tonnes,232.968,MetalliCan,MetalliCan,3560000.0,6.544044943820224e-05,Ore processed,1,ore
NL-MAIN-b64bae7a,Open-pit mining and beneficiation at Scully,"Open-pit, concentrator",Fe concentrator,Air,Phosphorus (total),Emission,Stack Emissions,tonnes,0.905,MetalliCan,MetalliCan,3560000.0,2.542134831460674e-07,Ore processed,1,ore
NL-MAIN-b64bae7a,Open-pit mining and beneficiation at Scully,"Open-pit, concentrator",Fe concentrator,Air,PM10 - Particulate Matter <= 10 Micrometers,Emission,Stack Emissions,tonnes,881.928,MetalliCan,MetalliCan,3560000.0,0.00024773258426966294,Ore processed,1,ore
NL-MAIN-b64bae7a,Open-pit mining and beneficiation at Scully,"Open-pit, concentrator",Fe concentrator,Air,PM2.5 - Particulate Matter <= 2.5 Micrometers,Emission,Stack Emissions,tonnes,161.234,MetalliCan,MetalliCan,3560000.0,4.529044943820225e-05,Ore processed,1,ore
NL-MAIN-b64bae7a,Open-pit mining and beneficiation at Scully,"Open-pit, concentrator",Fe concentrator,Air,Sulphur dioxide,Emission,Stack Emissions,tonnes,175.254,MetalliCan,MetalliCan,3560000.0,4.9228651685393255e-05,Ore processed,1,ore
NL-MAIN-b64bae7a,Open-pit mining and beneficiation at Scully,"Open-pit, concentrator",Fe concentrator,Air,Total particulate matter,Emission,Stack Emissions,tonnes,2450.239,MetalliCan,MetalliCan,3560000.0,0.000688269382022472,Ore processed,1,ore
BC-MAIN-bf503b6b,Open-pit mining and beneficiation at Highland Valley,"Open-pit, concentrator",Cu polymetallic,Air,Arsenic (and its compounds),Emission,Stack Emissions,kg,2e-06,MetalliCan,MetalliCan,17408000.0,1.1488970588235294e-13,Ore processed,1,ore
BC-MAIN-bf503b6b,Open-pit mining and beneficiation at Highland Valley,"Open-pit, concentrator",Cu polymetallic,Air,Cadmium (and its compounds),Emission,Stack Emissions,kg,1e-06,MetalliCan,MetalliCan,17408000.0,5.744485294117647e-14,Ore processed,1,ore
BC-MAIN-bf503b6b,Open-pit mining and beneficiation at Highland Valley,"Open-pit, concentrator",Cu polymetallic,Air,Carbon monoxide,Emission,Stack Emissions,tonnes,10.031,MetalliCan,MetalliCan,17408000.0,5.762293198529413e-07,Ore processed,1,ore
BC-MAIN-bf503b6b,Open-pit mining and beneficiation at Highland Valley,"Open-pit, concentrator",Cu polymetallic,Air,Cobalt (and its compounds),Emission,Stack Emissions,kg,1.021,MetalliCan,MetalliCan,17408000.0,5.865119485294117e-08,Ore processed,1,ore
BC-MAIN-bf503b6b,Open-pit mining and beneficiation at Highland Valley,"Open-pit, concentrator",Cu polymetallic,Air,Lead (and its compounds),Emission,Stack Emissions,kg,1.021,MetalliCan,MetalliCan,17408000.0,5.865119485294117e-08,Ore processed,1,ore
BC-MAIN-bf503b6b,Open-pit mining and beneficiation at Highland Valley,"Open-pit, concentrator",Cu polymetallic,Air,Nitrogen oxides (expressed as nitrogen dioxide),Emission,Stack Emissions,tonnes,11.432,MetalliCan,MetalliCan,17408000.0,6.567095588235294e-07,Ore processed,1,ore
BC-MAIN-bf503b6b,Open-pit mining and beneficiation at Highland Valley,"Open-pit, concentrator",Cu polymetallic,Air,PM10 - Particulate Matter <= 10 Micrometers,Emission,Stack Emissions,tonnes,1.368,MetalliCan,MetalliCan,17408000.0,7.858455882352942e-08,Ore processed,1,ore
BC-MAIN-bf503b6b,Open-pit mining and beneficiation at Highland Valley,"Open-pit, concentrator",Cu polymetallic,Air,PM2.5 - Particulate Matter <= 2.5 Micrometers,Emission,Stack Emissions,tonnes,0.937,MetalliCan,MetalliCan,17408000.0,5.382582720588236e-08,Ore processed,1,ore
BC-MAIN-bf503b6b,Open-pit mining and beneficiation at Highland Valley,"Open-pit, concentrator",Cu polymetallic,Air,Total particulate matter,Emission,Stack Emissions,tonnes,7.743,MetalliCan,MetalliCan,17408000.0,4.4479549632352945e-07,Ore processed,1,ore
BC-MAIN-bf503b6b,Open-pit mining and beneficiation at Highland Valley,"Open-pit, concentrator",Cu polymetallic,Air,Volatile Organic Compounds (Total),Emission,Stack Emissions,tonnes,6.071,MetalliCan,MetalliCan,17408000.0,3.4874770220588234e-07,Ore processed,1,ore
MB-MAIN-e0a6250e,Open-pit and underground mining and beneficiation at Thompson (T-1 and T-3),"Open-pit, underground, concentrator",Ni–Cu sulfide,Air,Ammonia (total),Emission,Stack Emissions,tonnes,5.91,MetalliCan,MetalliCan,464705.882352941,1.2717721518987347e-05,Ore processed,1,ore
MB-MAIN-e0a6250e,Open-pit and underground mining and beneficiation at Thompson (T-1 and T-3),"Open-pit, underground, concentrator",Ni–Cu sulfide,Air,Arsenic (and its compounds),Emission,Stack Emissions,kg,1.14,MetalliCan,MetalliCan,464705.882352941,2.4531645569620264e-06,Ore processed,1,ore
MB-MAIN-e0a6250e,Open-pit and underground mining and beneficiation at Thompson (T-1 and T-3),"Open-pit, underground, concentrator",Ni–Cu sulfide,Air,Cadmium (and its compounds),Emission,Stack Emissions,kg,0.13,MetalliCan,MetalliCan,464705.882352941,2.797468354430381e-07,Ore processed,1,ore
MB-MAIN-e0a6250e,Open-pit and underground mining and beneficiation at Thompson (T-1 and T-3),"Open-pit, underground, concentrator",Ni–Cu sulfide,Air,Carbon monoxide,Emission,Stack Emissions,tonnes,51.75,MetalliCan,MetalliCan,464705.882352941,0.00011136075949367093,Ore processed,1,ore
MB-MAIN-e0a6250e,Open-pit and underground mining and beneficiation at Thompson (T-1 and T-3),"Open-pit, underground, concentrator",Ni–Cu sulfide,Air,Cobalt (and its compounds),Emission,Stack Emissions,kg,8.63,MetalliCan,MetalliCan,464705.882352941,1.8570886075949376e-05,Ore processed,1,ore
MB-MAIN-e0a6250e,Open-pit and underground mining and beneficiation at Thompson (T-1 and T-3),"Open-pit, underground, concentrator",Ni–Cu sulfide,Air,Copper (and its compounds),Emission,Stack Emissions,tonnes,0.04,MetalliCan,MetalliCan,464705.882352941,8.607594936708864e-08,Ore processed,1,ore
MB-MAIN-e0a6250e,Open-pit and underground mining and beneficiation at Thompson (T-1 and T-3),"Open-pit, underground, concentrator",Ni–Cu sulfide,Air,Lead (and its compounds),Emission,Stack Emissions,kg,3.08,MetalliCan,MetalliCan,464705.882352941,6.627848101265826e-06,Ore processed,1,ore
MB-MAIN-e0a6250e,Open-pit and underground mining and beneficiation at Thompson (T-1 and T-3),"Open-pit, underground, concentrator",Ni–Cu sulfide,Air,Nickel (and its compounds),Emission,Stack Emissions,tonnes,1.84,MetalliCan,MetalliCan,464705.882352941,3.959493670886078e-06,Ore processed,1,ore
MB-MAIN-e0a6250e,Open-pit and underground mining and beneficiation at Thompson (T-1 and T-3),"Open-pit, underground, concentrator",Ni–Cu sulfide,Air,Nitrogen oxides (expressed as nitrogen dioxide),Emission,Stack Emissions,tonnes,74.7,MetalliCan,MetalliCan,464705.882352941,0.00016074683544303804,Ore processed,1,ore
MB-MAIN-e0a6250e,Open-pit and underground mining and beneficiation at Thompson (T-1 and T-3),"Open-pit, underground, concentrator",Ni–Cu sulfide,Air,PM10 - Particulate Matter <= 10 Micrometers,Emission,Stack Emissions,tonnes,28.03,MetalliCan,MetalliCan,464705.882352941,6.031772151898737e-05,Ore processed,1,ore
MB-MAIN-e0a6250e,Open-pit and underground mining and beneficiation at Thompson (T-1 and T-3),"Open-pit, underground, concentrator",Ni–Cu sulfide,Air,PM2.5 - Particulate Matter <= 2.5 Micrometers,Emission,Stack Emissions,tonnes,11.74,MetalliCan,MetalliCan,464705.882352941,2.526329113924052e-05,Ore processed,1,ore
MB-MAIN-e0a6250e,Open-pit and underground mining and beneficiation at Thompson (T-1 and T-3),"Open-pit, underground, concentrator",Ni–Cu sulfide,Air,Selenium (and its compounds),Emission,Stack Emissions,kg,0.7,MetalliCan,MetalliCan,464705.882352941,1.5063291139240512e-06,Ore processed,1,ore
MB-MAIN-e0a6250e,Open-pit and underground mining and beneficiation at Thompson (T-1 and T-3),"Open-pit, underground, concentrator",Ni–Cu sulfide,Air,Total particulate matter,Emission,Stack Emissions,tonnes,46.96,MetalliCan,MetalliCan,464705.882352941,0.00010105316455696207,Ore processed,1,ore
NL-MAIN-2d8801d6,Open-pit and underground mining and beneficiation at Voisey’s Bay,"Open-pit, underground, concentrator",Ni–Cu sulfide,Air,Ammonia (total),Emission,Stack Emissions,tonnes,6.6,MetalliCan,MetalliCan,794117.647058823,8.311111111111116e-06,Ore processed,1,ore
NL-MAIN-2d8801d6,Open-pit and underground mining and beneficiation at Voisey’s Bay,"Open-pit, underground, concentrator",Ni–Cu sulfide,Air,Arsenic (and its compounds),Emission,Stack Emissions,kg,0.832,MetalliCan,MetalliCan,794117.647058823,1.0477037037037043e-06,Ore processed,1,ore
NL-MAIN-2d8801d6,Open-pit and underground mining and beneficiation at Voisey’s Bay,"Open-pit, underground, concentrator",Ni–Cu sulfide,Air,Cadmium (and its compounds),Emission,Stack Emissions,kg,0.604,MetalliCan,MetalliCan,794117.647058823,7.60592592592593e-07,Ore processed,1,ore
NL-MAIN-2d8801d6,Open-pit and underground mining and beneficiation at Voisey’s Bay,"Open-pit, underground, concentrator",Ni–Cu sulfide,Air,Carbon monoxide,Emission,Stack Emissions,tonnes,262.886,MetalliCan,MetalliCan,794117.647058823,0.00033104162962962986,Ore processed,1,ore
NL-MAIN-2d8801d6,Open-pit and underground mining and beneficiation at Voisey’s Bay,"Open-pit, underground, concentrator",Ni–Cu sulfide,Air,Chromium (and its compounds),Emission,Stack Emissions,tonnes,0.002,MetalliCan,MetalliCan,794117.647058823,2.51851851851852e-09,Ore processed,1,ore
NL-MAIN-2d8801d6,Open-pit and underground mining and beneficiation at Voisey’s Bay,"Open-pit, underground, concentrator",Ni–Cu sulfide,Air,Cobalt (and its compounds),Emission,Stack Emissions,kg,0.01,MetalliCan,MetalliCan,794117.647058823,1.25925925925926e-08,Ore processed,1,ore
NL-MAIN-2d8801d6,Open-pit and underground mining and beneficiation at Voisey’s Bay,"Open-pit, underground, concentrator",Ni–Cu sulfide,Air,Copper (and its compounds),Emission,Stack Emissions,tonnes,0.002,MetalliCan,MetalliCan,794117.647058823,2.51851851851852e-09,Ore processed,1,ore
NL-MAIN-2d8801d6,Open-pit and underground mining and beneficiation at Voisey’s Bay,"Open-pit, underground, concentrator",Ni–Cu sulfide,Air,Hexachlorobenzene,Emission,Stack Emissions,grams,4.808,MetalliCan,MetalliCan,794117.647058823,6.054518518518522e-06,Ore processed,1,ore
NL-MAIN-2d8801d6,Open-pit and underground mining and beneficiation at Voisey’s Bay,"Open-pit, underground, concentrator",Ni–Cu sulfide,Air,Lead (and its compounds),Emission,Stack Emissions,kg,2.302,MetalliCan,MetalliCan,794117.647058823,2.8988148148148167e-06,Ore processed,1,ore
NL-MAIN-2d8801d6,Open-pit and underground mining and beneficiation at Voisey’s Bay,"Open-pit, underground, concentrator",Ni–Cu sulfide,Air,Manganese (and its compounds),Emission,Stack Emissions,tonnes,0.001,MetalliCan,MetalliCan,794117.647058823,1.25925925925926e-09,Ore processed,1,ore
NL-MAIN-2d8801d6,Open-pit and underground mining and beneficiation at Voisey’s Bay,"Open-pit, underground, concentrator",Ni–Cu sulfide,Air,Mercury (and its compounds),Emission,Stack Emissions,tonnes,0.0007800000000000001,MetalliCan,MetalliCan,794117.647058823,9.82222222222223e-10,Ore processed,1,ore
NL-MAIN-2d8801d6,Open-pit and underground mining and beneficiation at Voisey’s Bay,"Open-pit, underground, concentrator",Ni–Cu sulfide,Air,Nickel (and its compounds),Emission,Stack Emissions,tonnes,0.001,MetalliCan,MetalliCan,794117.647058823,1.25925925925926e-09,Ore processed,1,ore
NL-MAIN-2d8801d6,Open-pit and underground mining and beneficiation at Voisey’s Bay,"Open-pit, underground, concentrator",Ni–Cu sulfide,Air,Nitrogen oxides (expressed as nitrogen dioxide),Emission,Stack Emissions,tonnes,3224.385,MetalliCan,MetalliCan,794117.647058823,0.004060336666666669,Ore processed,1,ore
NL-MAIN-2d8801d6,Open-pit and underground mining and beneficiation at Voisey’s Bay,"Open-pit, underground, concentrator",Ni–Cu sulfide,Air,"PAHs, total unspeciated",Emission,Stack Emissions,kg,136.966,MetalliCan,MetalliCan,794117.647058823,0.00017247570370370382,Ore processed,1,ore
NL-MAIN-2d8801d6,Open-pit and underground mining and beneficiation at Voisey’s Bay,"Open-pit, underground, concentrator",Ni–Cu sulfide,Air,Phenanthrene,Emission,Stack Emissions,kg,25.626,MetalliCan,MetalliCan,794117.647058823,3.2269777777777796e-05,Ore processed,1,ore
NL-MAIN-2d8801d6,Open-pit and underground mining and beneficiation at Voisey’s Bay,"Open-pit, underground, concentrator",Ni–Cu sulfide,Air,Phosphorus (total),Emission,Stack Emissions,tonnes,0.00015,MetalliCan,MetalliCan,794117.647058823,1.88888888888889e-10,Ore processed,1,ore
NL-MAIN-2d8801d6,Open-pit and underground mining and beneficiation at Voisey’s Bay,"Open-pit, underground, concentrator",Ni–Cu sulfide,Air,PM10 - Particulate Matter <= 10 Micrometers,Emission,Stack Emissions,tonnes,19.039,MetalliCan,MetalliCan,794117.647058823,2.3975037037037056e-05,Ore processed,1,ore
NL-MAIN-2d8801d6,Open-pit and underground mining and beneficiation at Voisey’s Bay,"Open-pit, underground, concentrator",Ni–Cu sulfide,Air,PM2.5 - Particulate Matter <= 2.5 Micrometers,Emission,Stack Emissions,tonnes,17.998,MetalliCan,MetalliCan,794117.647058823,2.2664148148148163e-05,Ore processed,1,ore
NL-MAIN-2d8801d6,Open-pit and underground mining and beneficiation at Voisey’s Bay,"Open-pit, underground, concentrator",Ni–Cu sulfide,Air,Selenium (and its compounds),Emission,Stack Emissions,kg,0.076,MetalliCan,MetalliCan,794117.647058823,9.570370370370377e-08,Ore processed,1,ore
NL-MAIN-2d8801d6,Open-pit and underground mining and beneficiation at Voisey’s Bay,"Open-pit, underground, concentrator",Ni–Cu sulfide,Air,Silver (and its compounds),Emission,Stack Emissions,tonnes,1.9e-05,MetalliCan,MetalliCan,794117.647058823,2.3925925925925943e-11,Ore processed,1,ore
NL-MAIN-2d8801d6,Open-pit and underground mining and beneficiation at Voisey’s Bay,"Open-pit, underground, concentrator",Ni–Cu sulfide,Air,Total particulate matter,Emission,Stack Emissions,tonnes,30.207,MetalliCan,MetalliCan,794117.647058823,3.803844444444447e-05,Ore processed,1,ore
NL-MAIN-2d8801d6,Open-pit and underground mining and beneficiation at Voisey’s Bay,"Open-pit, underground, concentrator",Ni–Cu sulfide,Air,Vanadium (and its compounds),Emission,Stack Emissions,tonnes,1.1e-05,MetalliCan,MetalliCan,794117.647058823,1.385185185185186e-11,Ore processed,1,ore
NL-MAIN-2d8801d6,Open-pit and underground mining and beneficiation at Voisey’s Bay,"Open-pit, underground, concentrator",Ni–Cu sulfide,Air,Volatile Organic Compounds (Total),Emission,Stack Emissions,tonnes,52.087,MetalliCan,MetalliCan,794117.647058823,6.559103703703708e-05,Ore processed,1,ore
NL-MAIN-2d8801d6,Open-pit and underground mining and beneficiation at Voisey’s Bay,"Open-pit, underground, concentrator",Ni–Cu sulfide,Air,Zinc (and its compounds),Emission,Stack Emissions,tonnes,0.002,MetalliCan,MetalliCan,794117.647058823,2.51851851851852e-09,Ore processed,1,ore
YT-MAIN-e05ed9fe,,,,Air,Arsenic (and its compounds),Emission,Stack Emissions,kg,0.0051,MetalliCan,MetalliCan,,,Ore processed,1,ore
YT-MAIN-e05ed9fe,,,,Air,Carbon monoxide,Emission,Stack Emissions,tonnes,42.5506,MetalliCan,MetalliCan,,,Ore processed,1,ore
YT-MAIN-e05ed9fe,,,,Air,Nitrogen oxides (expressed as nitrogen dioxide),Emission,Stack Emissions,tonnes,197.3845,MetalliCan,MetalliCan,,,Ore processed,1,ore
YT-MAIN-e05ed9fe,,,,Air,PM10 - Particulate Matter <= 10 Micrometers,Emission,Stack Emissions,tonnes,14.0105,MetalliCan,MetalliCan,,,Ore processed,1,ore
YT-MAIN-e05ed9fe,,,,Air,PM2.5 - Particulate Matter <= 2.5 Micrometers,Emission,Stack Emissions,tonnes,14.0105,MetalliCan,MetalliCan,,,Ore processed,1,ore
YT-MAIN-e05ed9fe,,,,Air,Sulphur dioxide,Emission,Stack Emissions,tonnes,13.0801,MetalliCan,MetalliCan,,,Ore processed,1,ore
YT-MAIN-e05ed9fe,,,,Air,Total particulate matter,Emission,Stack Emissions,tonnes,14.037,MetalliCan,MetalliCan,,,Ore processed,1,ore
YT-MAIN-e05ed9fe,,,,Air,Volatile Organic Compounds (Total),Emission,Stack Emissions,tonnes,15.7326,MetalliCan,MetalliCan,,,Ore processed,1,ore
ON-MAIN-cb85213a,Underground mining and beneficiation at Eagle River,"Underground, concentrator",Au–Ag free-milling,Air,Carbon monoxide,Emission,Stack Emissions,tonnes,49.312857,MetalliCan,MetalliCan,222627.0,0.00022150438626042664,Ore processed,1,ore
ON-MAIN-cb85213a,Underground mining and beneficiation at Eagle River,"Underground, concentrator",Au–Ag free-milling,Air,Chromium (and its compounds),Emission,Stack Emissions,tonnes,0.002063,MetalliCan,MetalliCan,222627.0,9.266620850121505e-09,Ore processed,1,ore
ON-MAIN-cb85213a,Underground mining and beneficiation at Eagle River,"Underground, concentrator",Au–Ag free-milling,Air,Cobalt (and its compounds),Emission,Stack Emissions,kg,0.00091,MetalliCan,MetalliCan,222627.0,4.087554519442835e-09,Ore processed,1,ore
ON-MAIN-cb85213a,Underground mining and beneficiation at Eagle River,"Underground, concentrator",Au–Ag free-milling,Air,Lead (and its compounds),Emission,Stack Emissions,kg,0.13203,MetalliCan,MetalliCan,222627.0,5.930547507714698e-07,Ore processed,1,ore
ON-MAIN-cb85213a,Underground mining and beneficiation at Eagle River,"Underground, concentrator",Au–Ag free-milling,Air,Manganese (and its compounds),Emission,Stack Emissions,tonnes,0.019006,MetalliCan,MetalliCan,222627.0,8.53714958203632e-08,Ore processed,1,ore
ON-MAIN-cb85213a,Underground mining and beneficiation at Eagle River,"Underground, concentrator",Au–Ag free-milling,Air,Nickel (and its compounds),Emission,Stack Emissions,tonnes,0.001394,MetalliCan,MetalliCan,222627.0,6.2615945056080354e-09,Ore processed,1,ore
ON-MAIN-cb85213a,Underground mining and beneficiation at Eagle River,"Underground, concentrator",Au–Ag free-milling,Air,Nitrogen oxides (expressed as nitrogen dioxide),Emission,Stack Emissions,tonnes,164.458578,MetalliCan,MetalliCan,222627.0,0.0007387180261154306,Ore processed,1,ore
ON-MAIN-cb85213a,Underground mining and beneficiation at Eagle River,"Underground, concentrator",Au–Ag free-milling,Air,PM10 - Particulate Matter <= 10 Micrometers,Emission,Stack Emissions,tonnes,1.202337,MetalliCan,MetalliCan,222627.0,5.400679162904769e-06,Ore processed,1,ore
ON-MAIN-cb85213a,Underground mining and beneficiation at Eagle River,"Underground, concentrator",Au–Ag free-milling,Air,PM10 - Particulate Matter <= 10 Micrometers,Emission,Stack Emissions,tonnes,11.165898,MetalliCan,MetalliCan,222627.0,5.0155183333557926e-05,Ore processed,1,ore
ON-MAIN-cb85213a,Underground mining and beneficiation at Eagle River,"Underground, concentrator",Au–Ag free-milling,Air,PM2.5 - Particulate Matter <= 2.5 Micrometers,Emission,Stack Emissions,tonnes,1.134085,MetalliCan,MetalliCan,222627.0,5.09410359031025e-06,Ore processed,1,ore
ON-MAIN-cb85213a,Underground mining and beneficiation at Eagle River,"Underground, concentrator",Au–Ag free-milling,Air,PM2.5 - Particulate Matter <= 2.5 Micrometers,Emission,Stack Emissions,tonnes,11.165898,MetalliCan,MetalliCan,222627.0,5.0155183333557926e-05,Ore processed,1,ore
ON-MAIN-cb85213a,Underground mining and beneficiation at Eagle River,"Underground, concentrator",Au–Ag free-milling,Air,Total particulate matter,Emission,Stack Emissions,tonnes,11.165898,MetalliCan,MetalliCan,222627.0,5.0155183333557926e-05,Ore processed,1,ore
ON-MAIN-6e9be24e,Open-pit and underground mining and beneficiation at Hemlo (Williams),"Open-pit, underground, concentrator",Au–Ag free-milling,Air,Ammonia (total),Emission,Stack Emissions,tonnes,3.567718,MetalliCan,MetalliCan,1266009.0,2.818082651861085e-06,Ore processed,1,ore
ON-MAIN-6e9be24e,Open-pit and underground mining and beneficiation at Hemlo (Williams),"Open-pit, underground, concentrator",Au–Ag free-milling,Air,Antimony (and its compounds),Emission,Stack Emissions,tonnes,0.001028,MetalliCan,MetalliCan,1266009.0,8.120005465995898e-10,Ore processed,1,ore
ON-MAIN-6e9be24e,Open-pit and underground mining and beneficiation at Hemlo (Williams),"Open-pit, underground, concentrator",Au–Ag free-milling,Air,Arsenic (and its compounds),Emission,Stack Emissions,kg,1.812416,MetalliCan,MetalliCan,1266009.0,1.4315980376126868e-06,Ore processed,1,ore
ON-MAIN-6e9be24e,Open-pit and underground mining and beneficiation at Hemlo (Williams),"Open-pit, underground, concentrator",Au–Ag free-milling,Air,Cadmium (and its compounds),Emission,Stack Emissions,kg,0.530323,MetalliCan,MetalliCan,1266009.0,4.1889354657036405e-07,Ore processed,1,ore
ON-MAIN-6e9be24e,Open-pit and underground mining and beneficiation at Hemlo (Williams),"Open-pit, underground, concentrator",Au–Ag free-milling,Air,Carbon monoxide,Emission,Stack Emissions,tonnes,732.672002,MetalliCan,MetalliCan,1266009.0,0.0005787257452356184,Ore processed,1,ore
ON-MAIN-6e9be24e,Open-pit and underground mining and beneficiation at Hemlo (Williams),"Open-pit, underground, concentrator",Au–Ag free-milling,Air,Chromium (and its compounds),Emission,Stack Emissions,tonnes,0.002507,MetalliCan,MetalliCan,1266009.0,1.9802386870867426e-09,Ore processed,1,ore
ON-MAIN-6e9be24e,Open-pit and underground mining and beneficiation at Hemlo (Williams),"Open-pit, underground, concentrator",Au–Ag free-milling,Air,Cobalt (and its compounds),Emission,Stack Emissions,kg,0.449416,MetalliCan,MetalliCan,1266009.0,3.5498641794805566e-07,Ore processed,1,ore
ON-MAIN-6e9be24e,Open-pit and underground mining and beneficiation at Hemlo (Williams),"Open-pit, underground, concentrator",Au–Ag free-milling,Air,Copper (and its compounds),Emission,Stack Emissions,tonnes,0.005832,MetalliCan,MetalliCan,1266009.0,4.606602322732303e-09,Ore processed,1,ore
ON-MAIN-6e9be24e,Open-pit and underground mining and beneficiation at Hemlo (Williams),"Open-pit, underground, concentrator",Au–Ag free-milling,Air,Lead (and its compounds),Emission,Stack Emissions,kg,51.50023,MetalliCan,MetalliCan,1266009.0,4.067919738327295e-05,Ore processed,1,ore
ON-MAIN-6e9be24e,Open-pit and underground mining and beneficiation at Hemlo (Williams),"Open-pit, underground, concentrator",Au–Ag free-milling,Air,Manganese (and its compounds),Emission,Stack Emissions,tonnes,0.005372,MetalliCan,MetalliCan,1266009.0,4.2432557746429926e-09,Ore processed,1,ore
ON-MAIN-6e9be24e,Open-pit and underground mining and beneficiation at Hemlo (Williams),"Open-pit, underground, concentrator",Au–Ag free-milling,Air,Mercury (and its compounds),Emission,Stack Emissions,tonnes,0.000207519,MetalliCan,MetalliCan,1266009.0,1.6391589633249052e-10,Ore processed,1,ore
ON-MAIN-6e9be24e,Open-pit and underground mining and beneficiation at Hemlo (Williams),"Open-pit, underground, concentrator",Au–Ag free-milling,Air,Nickel (and its compounds),Emission,Stack Emissions,tonnes,0.00651,MetalliCan,MetalliCan,1266009.0,5.142143539263939e-09,Ore processed,1,ore
ON-MAIN-6e9be24e,Open-pit and underground mining and beneficiation at Hemlo (Williams),"Open-pit, underground, concentrator",Au–Ag free-milling,Air,Nitrogen oxides (expressed as nitrogen dioxide),Emission,Stack Emissions,tonnes,104.591182,MetalliCan,MetalliCan,1266009.0,8.261488030495834e-05,Ore processed,1,ore
ON-MAIN-6e9be24e,Open-pit and underground mining and beneficiation at Hemlo (Williams),"Open-pit, underground, concentrator",Au–Ag free-milling,Air,Phosphorus (total),Emission,Stack Emissions,tonnes,0.034131,MetalliCan,MetalliCan,1266009.0,2.6959523984426652e-08,Ore processed,1,ore
ON-MAIN-6e9be24e,Open-pit and underground mining and beneficiation at Hemlo (Williams),"Open-pit, underground, concentrator",Au–Ag free-milling,Air,PM10 - Particulate Matter <= 10 Micrometers,Emission,Stack Emissions,tonnes,0.148665,MetalliCan,MetalliCan,1266009.0,1.1742807515586381e-07,Ore processed,1,ore
ON-MAIN-6e9be24e,Open-pit and underground mining and beneficiation at Hemlo (Williams),"Open-pit, underground, concentrator",Au–Ag free-milling,Air,PM2.5 - Particulate Matter <= 2.5 Micrometers,Emission,Stack Emissions,tonnes,0.139925,MetalliCan,MetalliCan,1266009.0,1.1052449074216691e-07,Ore processed,1,ore
ON-MAIN-6e9be24e,Open-pit and underground mining and beneficiation at Hemlo (Williams),"Open-pit, underground, concentrator",Au–Ag free-milling,Air,Selenium (and its compounds),Emission,Stack Emissions,kg,1.908177,MetalliCan,MetalliCan,1266009.0,1.5072381002030792e-06,Ore processed,1,ore
ON-MAIN-6e9be24e,Open-pit and underground mining and beneficiation at Hemlo (Williams),"Open-pit, underground, concentrator",Au–Ag free-milling,Air,Thallium (and its compounds),Emission,Stack Emissions,kg,0.756757,MetalliCan,MetalliCan,1266009.0,5.977500949835269e-07,Ore processed,1,ore
ON-MAIN-6e9be24e,Open-pit and underground mining and beneficiation at Hemlo (Williams),"Open-pit, underground, concentrator",Au–Ag free-milling,Air,Total particulate matter,Emission,Stack Emissions,tonnes,29.653988,MetalliCan,MetalliCan,1266009.0,2.3423204732351822e-05,Ore processed,1,ore
ON-MAIN-6e9be24e,Open-pit and underground mining and beneficiation at Hemlo (Williams),"Open-pit, underground, concentrator",Au–Ag free-milling,Air,Vanadium (and its compounds),Emission,Stack Emissions,tonnes,0.000585,MetalliCan,MetalliCan,1266009.0,4.6208202311357976e-10,Ore processed,1,ore
ON-MAIN-6e9be24e,Open-pit and underground mining and beneficiation at Hemlo (Williams),"Open-pit, underground, concentrator",Au–Ag free-milling,Air,Zinc (and its compounds),Emission,Stack Emissions,tonnes,0.00817,MetalliCan,MetalliCan,1266009.0,6.453350647586234e-09,Ore processed,1,ore
QC-MAIN-e7e6a960,Open-pit mining and beneficiation at Canadian Malartic,"Open-pit, concentrator",Au–Ag free-milling,Air,PM10 - Particulate Matter <= 10 Micrometers,Emission,Storage / Handling,tonnes,20.97,MetalliCan,MetalliCan,17332900.0,1.2098379382561487e-06,Ore processed,1,ore
QC-MAIN-e7e6a960,Open-pit mining and beneficiation at Canadian Malartic,"Open-pit, concentrator",Au–Ag free-milling,Air,PM2.5 - Particulate Matter <= 2.5 Micrometers,Emission,Storage / Handling,tonnes,3.18,MetalliCan,MetalliCan,17332900.0,1.8346612511466633e-07,Ore processed,1,ore
QC-MAIN-e7e6a960,Open-pit mining and beneficiation at Canadian Malartic,"Open-pit, concentrator",Au–Ag free-milling,Air,Total particulate matter,Emission,Storage / Handling,tonnes,44.34,MetalliCan,MetalliCan,17332900.0,2.558140876598838e-06,Ore processed,1,ore
QC-MAIN-5ce331b8,Open-pit and underground mining and beneficiation at Nunavik Nickel,"Open-pit, underground, concentrator",Ni–Cu sulfide,Air,PM10 - Particulate Matter <= 10 Micrometers,Emission,Storage / Handling,tonnes,102.37,MetalliCan,MetalliCan,6835294.11764705,1.4976678141135992e-05,Ore processed,1,ore
QC-MAIN-5ce331b8,Open-pit and underground mining and beneficiation at Nunavik Nickel,"Open-pit, underground, concentrator",Ni–Cu sulfide,Air,PM2.5 - Particulate Matter <= 2.5 Micrometers,Emission,Storage / Handling,tonnes,15.22,MetalliCan,MetalliCan,6835294.11764705,2.2266781411359755e-06,Ore processed,1,ore
QC-MAIN-5ce331b8,Open-pit and underground mining and beneficiation at Nunavik Nickel,"Open-pit, underground, concentrator",Ni–Cu sulfide,Air,Total particulate matter,Emission,Storage / Handling,tonnes,219.6,MetalliCan,MetalliCan,6835294.11764705,3.212736660929436e-05,Ore processed,1,ore
QC-MAIN-a97821c0,Underground mining and beneficiation at Raglan,"Underground, concentrator",Ni–Cu sulfide,Air,PM10 - Particulate Matter <= 10 Micrometers,Emission,Storage / Handling,tonnes,44.3785,MetalliCan,MetalliCan,1500000.0,2.9585666666666667e-05,Ore processed,1,ore
QC-MAIN-a97821c0,Underground mining and beneficiation at Raglan,"Underground, concentrator",Ni–Cu sulfide,Air,PM2.5 - Particulate Matter <= 2.5 Micrometers,Emission,Storage / Handling,tonnes,15.5816,MetalliCan,MetalliCan,1500000.0,1.0387733333333334e-05,Ore processed,1,ore
QC-MAIN-a97821c0,Underground mining and beneficiation at Raglan,"Underground, concentrator",Ni–Cu sulfide,Air,Total particulate matter,Emission,Storage / Handling,tonnes,89.756,MetalliCan,MetalliCan,1500000.0,5.983733333333333e-05,Ore processed,1,ore
BC-MAIN-3f490561,Open-pit mining and beneficiation at Mount Polley,"Open-pit, concentrator",Cu Porphyry,Air,Volatile Organic Compounds (Total),Emission,Storage / Handling,tonnes,16.78,MetalliCan,MetalliCan,5948239.0,2.82100298928809e-06,Ore processed,1,ore
NL-MAIN-dd723db4,Open-pit mining and beneficiation at Carol Lake,"Open-pit, concentrator",Fe concentrator + pellet plant,Air,PM10 - Particulate Matter <= 10 Micrometers,Emission,Storage / Handling,tonnes,8.471,MetalliCan,MetalliCan,16478000.0,5.140793785653599e-07,Ore processed,1,ore
NL-MAIN-dd723db4,Open-pit mining and beneficiation at Carol Lake,"Open-pit, concentrator",Fe concentrator + pellet plant,Air,PM2.5 - Particulate Matter <= 2.5 Micrometers,Emission,Storage / Handling,tonnes,2.662,MetalliCan,MetalliCan,16478000.0,1.6154873164218959e-07,Ore processed,1,ore
NL-MAIN-dd723db4,Open-pit mining and beneficiation at Carol Lake,"Open-pit, concentrator",Fe concentrator + pellet plant,Air,Total particulate matter,Emission,Storage / Handling,tonnes,17.91,MetalliCan,MetalliCan,16478000.0,1.0869037504551523e-06,Ore processed,1,ore
QC-MAIN-e51eda66,Underground mining and beneficiation at LaRonde,"Underground, concentrator",Au–Ag polymetallic,Air,PM10 - Particulate Matter <= 10 Micrometers,Emission,Storage / Handling,tonnes,15.342,MetalliCan,MetalliCan,1501500.0,1.0217782217782218e-05,Ore processed,1,ore
QC-MAIN-e51eda66,Underground mining and beneficiation at LaRonde,"Underground, concentrator",Au–Ag polymetallic,Air,PM2.5 - Particulate Matter <= 2.5 Micrometers,Emission,Storage / Handling,tonnes,6.137,MetalliCan,MetalliCan,1501500.0,4.087246087246087e-06,Ore processed,1,ore
QC-MAIN-e51eda66,Underground mining and beneficiation at LaRonde,"Underground, concentrator",Au–Ag polymetallic,Air,Total particulate matter,Emission,Storage / Handling,tonnes,30.683,MetalliCan,MetalliCan,1501500.0,2.0434898434898436e-05,Ore processed,1,ore
ON-MAIN-0aadf28f,Open-pit and underground mining and beneficiation at Rainy River,"Open-pit, underground, concentrator",Au–Ag free-milling,Air,PM10 - Particulate Matter <= 10 Micrometers,Emission,Storage / Handling,tonnes,16.22,MetalliCan,MetalliCan,8764000.0,1.8507530807850295e-06,Ore processed,1,ore
ON-MAIN-0aadf28f,Open-pit and underground mining and beneficiation at Rainy River,"Open-pit, underground, concentrator",Au–Ag free-milling,Air,PM2.5 - Particulate Matter <= 2.5 Micrometers,Emission,Storage / Handling,tonnes,4.584,MetalliCan,MetalliCan,8764000.0,5.230488361478777e-07,Ore processed,1,ore
ON-MAIN-0aadf28f,Open-pit and underground mining and beneficiation at Rainy River,"Open-pit, underground, concentrator",Au–Ag free-milling,Air,Total particulate matter,Emission,Storage / Handling,tonnes,40.55,MetalliCan,MetalliCan,8764000.0,4.626882701962574e-06,Ore processed,1,ore
QC-MAIN-dc1a16f9,,,,Air,Volatile Organic Compounds (Total),Emission,Storage / Handling,tonnes,19.7,MetalliCan,MetalliCan,,,Ore processed,1,ore
YT-MAIN-e05ed9fe,,,,Air,PM10 - Particulate Matter <= 10 Micrometers,Emission,Storage / Handling,tonnes,9.5383,MetalliCan,MetalliCan,,,Ore processed,1,ore
YT-MAIN-e05ed9fe,,,,Air,PM2.5 - Particulate Matter <= 2.5 Micrometers,Emission,Storage / Handling,tonnes,1.4307,MetalliCan,MetalliCan,,,Ore processed,1,ore
YT-MAIN-e05ed9fe,,,,Air,Total particulate matter,Emission,Storage / Handling,tonnes,19.0765,MetalliCan,MetalliCan,,,Ore processed,1,ore
ON-MAIN-1f126a43,Underground mining and beneficiation at Macassa,"Underground, concentrator",Au–Ag free-milling,Air,Arsenic (and its compounds),Emission,Fugitive Emissions,kg,0.31,MetalliCan,MetalliCan,441588.0,7.020118300316132e-07,Ore processed,1,ore
ON-MAIN-1f126a43,Underground mining and beneficiation at Macassa,"Underground, concentrator",Au–Ag free-milling,Air,Chromium (and its compounds),Emission,Fugitive Emissions,tonnes,0.00234,MetalliCan,MetalliCan,441588.0,5.299057039593467e-09,Ore processed,1,ore
ON-MAIN-1f126a43,Underground mining and beneficiation at Macassa,"Underground, concentrator",Au–Ag free-milling,Air,Cobalt (and its compounds),Emission,Fugitive Emissions,kg,0.55,MetalliCan,MetalliCan,441588.0,1.2455048597335074e-06,Ore processed,1,ore
ON-MAIN-1f126a43,Underground mining and beneficiation at Macassa,"Underground, concentrator",Au–Ag free-milling,Air,Copper (and its compounds),Emission,Fugitive Emissions,tonnes,0.00157,MetalliCan,MetalliCan,441588.0,3.555350235966557e-09,Ore processed,1,ore
ON-MAIN-1f126a43,Underground mining and beneficiation at Macassa,"Underground, concentrator",Au–Ag free-milling,Air,Lead (and its compounds),Emission,Fugitive Emissions,kg,1.31,MetalliCan,MetalliCan,441588.0,2.9665661204561717e-06,Ore processed,1,ore
ON-MAIN-1f126a43,Underground mining and beneficiation at Macassa,"Underground, concentrator",Au–Ag free-milling,Air,Manganese (and its compounds),Emission,Fugitive Emissions,tonnes,0.03,MetalliCan,MetalliCan,441588.0,6.793662871273676e-08,Ore processed,1,ore
ON-MAIN-1f126a43,Underground mining and beneficiation at Macassa,"Underground, concentrator",Au–Ag free-milling,Air,Nickel (and its compounds),Emission,Fugitive Emissions,tonnes,0.00133,MetalliCan,MetalliCan,441588.0,3.011857206264663e-09,Ore processed,1,ore
ON-MAIN-1f126a43,Underground mining and beneficiation at Macassa,"Underground, concentrator",Au–Ag free-milling,Air,Phosphorus (total),Emission,Fugitive Emissions,tonnes,0.047,MetalliCan,MetalliCan,441588.0,1.0643405164995425e-07,Ore processed,1,ore
ON-MAIN-1f126a43,Underground mining and beneficiation at Macassa,"Underground, concentrator",Au–Ag free-milling,Air,PM10 - Particulate Matter <= 10 Micrometers,Emission,Fugitive Emissions,tonnes,16.363,MetalliCan,MetalliCan,441588.0,3.705490185421705e-05,Ore processed,1,ore
ON-MAIN-1f126a43,Underground mining and beneficiation at Macassa,"Underground, concentrator",Au–Ag free-milling,Air,PM2.5 - Particulate Matter <= 2.5 Micrometers,Emission,Fugitive Emissions,tonnes,2.306,MetalliCan,MetalliCan,441588.0,5.222062193719033e-06,Ore processed,1,ore
ON-MAIN-1f126a43,Underground mining and beneficiation at Macassa,"Underground, concentrator",Au–Ag free-milling,Air,Selenium (and its compounds),Emission,Fugitive Emissions,kg,0.01689,MetalliCan,MetalliCan,441588.0,3.824832196527079e-08,Ore processed,1,ore
ON-MAIN-1f126a43,Underground mining and beneficiation at Macassa,"Underground, concentrator",Au–Ag free-milling,Air,Thallium (and its compounds),Emission,Fugitive Emissions,kg,0.029,MetalliCan,MetalliCan,441588.0,6.56720744223122e-08,Ore processed,1,ore
ON-MAIN-1f126a43,Underground mining and beneficiation at Macassa,"Underground, concentrator",Au–Ag free-milling,Air,Total particulate matter,Emission,Fugitive Emissions,tonnes,34.147,MetalliCan,MetalliCan,441588.0,7.73277353551274e-05,Ore processed,1,ore
ON-MAIN-1f126a43,Underground mining and beneficiation at Macassa,"Underground, concentrator",Au–Ag free-milling,Air,Vanadium (and its compounds),Emission,Fugitive Emissions,tonnes,0.00436,MetalliCan,MetalliCan,441588.0,9.873456706251077e-09,Ore processed,1,ore
ON-MAIN-1f126a43,Underground mining and beneficiation at Macassa,"Underground, concentrator",Au–Ag free-milling,Air,Zinc (and its compounds),Emission,Fugitive Emissions,tonnes,0.00225,MetalliCan,MetalliCan,441588.0,5.095247153455256e-09,Ore processed,1,ore
QC-MAIN-e7e6a960,Open-pit mining and beneficiation at Canadian Malartic,"Open-pit, concentrator",Au–Ag free-milling,Air,Arsenic (and its compounds),Emission,Fugitive Emissions,kg,4.54,MetalliCan,MetalliCan,17332900.0,2.6192962516370604e-07,Ore processed,1,ore
QC-MAIN-e7e6a960,Open-pit mining and beneficiation at Canadian Malartic,"Open-pit, concentrator",Au–Ag free-milling,Air,Cadmium (and its compounds),Emission,Fugitive Emissions,kg,0.156,MetalliCan,MetalliCan,17332900.0,9.000225005625141e-09,Ore processed,1,ore
QC-MAIN-e7e6a960,Open-pit mining and beneficiation at Canadian Malartic,"Open-pit, concentrator",Au–Ag free-milling,Air,Carbon monoxide,Emission,Fugitive Emissions,tonnes,619.2,MetalliCan,MetalliCan,17332900.0,3.572397002232749e-05,Ore processed,1,ore
QC-MAIN-e7e6a960,Open-pit mining and beneficiation at Canadian Malartic,"Open-pit, concentrator",Au–Ag free-milling,Air,Chromium (and its compounds),Emission,Fugitive Emissions,tonnes,1.1211,MetalliCan,MetalliCan,17332900.0,6.468046316542529e-08,Ore processed,1,ore
QC-MAIN-e7e6a960,Open-pit mining and beneficiation at Canadian Malartic,"Open-pit, concentrator",Au–Ag free-milling,Air,Cobalt (and its compounds),Emission,Fugitive Emissions,kg,63.845,MetalliCan,MetalliCan,17332900.0,3.6834574710521607e-06,Ore processed,1,ore
QC-MAIN-e7e6a960,Open-pit mining and beneficiation at Canadian Malartic,"Open-pit, concentrator",Au–Ag free-milling,Air,Copper (and its compounds),Emission,Fugitive Emissions,tonnes,0.146,MetalliCan,MetalliCan,17332900.0,8.423287505264554e-09,Ore processed,1,ore
QC-MAIN-e7e6a960,Open-pit mining and beneficiation at Canadian Malartic,"Open-pit, concentrator",Au–Ag free-milling,Air,Ethylene glycol,Emission,Fugitive Emissions,tonnes,19.05,MetalliCan,MetalliCan,17332900.0,1.0990659381869163e-06,Ore processed,1,ore
QC-MAIN-e7e6a960,Open-pit mining and beneficiation at Canadian Malartic,"Open-pit, concentrator",Au–Ag free-milling,Air,Lead (and its compounds),Emission,Fugitive Emissions,kg,11.949,MetalliCan,MetalliCan,17332900.0,6.893826191808642e-07,Ore processed,1,ore
QC-MAIN-e7e6a960,Open-pit mining and beneficiation at Canadian Malartic,"Open-pit, concentrator",Au–Ag free-milling,Air,Manganese (and its compounds),Emission,Fugitive Emissions,tonnes,1.138,MetalliCan,MetalliCan,17332900.0,6.565548754103468e-08,Ore processed,1,ore
QC-MAIN-e7e6a960,Open-pit mining and beneficiation at Canadian Malartic,"Open-pit, concentrator",Au–Ag free-milling,Air,Mercury (and its compounds),Emission,Fugitive Emissions,tonnes,2.9e-05,MetalliCan,MetalliCan,17332900.0,1.6731187510456992e-12,Ore processed,1,ore
QC-MAIN-e7e6a960,Open-pit mining and beneficiation at Canadian Malartic,"Open-pit, concentrator",Au–Ag free-milling,Air,Nickel (and its compounds),Emission,Fugitive Emissions,tonnes,0.487,MetalliCan,MetalliCan,17332900.0,2.8096856267560533e-08,Ore processed,1,ore
QC-MAIN-e7e6a960,Open-pit mining and beneficiation at Canadian Malartic,"Open-pit, concentrator",Au–Ag free-milling,Air,Nitrogen oxides (expressed as nitrogen dioxide),Emission,Fugitive Emissions,tonnes,145.93,MetalliCan,MetalliCan,17332900.0,8.419248942762031e-06,Ore processed,1,ore
QC-MAIN-e7e6a960,Open-pit mining and beneficiation at Canadian Malartic,"Open-pit, concentrator",Au–Ag free-milling,Air,PM10 - Particulate Matter <= 10 Micrometers,Emission,Fugitive Emissions,tonnes,182.17,MetalliCan,MetalliCan,17332900.0,1.0510070444068794e-05,Ore processed,1,ore
QC-MAIN-e7e6a960,Open-pit mining and beneficiation at Canadian Malartic,"Open-pit, concentrator",Au–Ag free-milling,Air,PM2.5 - Particulate Matter <= 2.5 Micrometers,Emission,Fugitive Emissions,tonnes,111.11,MetalliCan,MetalliCan,17332900.0,6.41035256650647e-06,Ore processed,1,ore
QC-MAIN-e7e6a960,Open-pit mining and beneficiation at Canadian Malartic,"Open-pit, concentrator",Au–Ag free-milling,Air,Selenium (and its compounds),Emission,Fugitive Emissions,kg,0.613,MetalliCan,MetalliCan,17332900.0,3.5366268772103916e-08,Ore processed,1,ore
QC-MAIN-e7e6a960,Open-pit mining and beneficiation at Canadian Malartic,"Open-pit, concentrator",Au–Ag free-milling,Air,Thallium (and its compounds),Emission,Fugitive Emissions,kg,9.538,MetalliCan,MetalliCan,17332900.0,5.502829878439268e-07,Ore processed,1,ore
QC-MAIN-e7e6a960,Open-pit mining and beneficiation at Canadian Malartic,"Open-pit, concentrator",Au–Ag free-milling,Air,Total particulate matter,Emission,Fugitive Emissions,tonnes,354.76,MetalliCan,MetalliCan,17332900.0,2.0467434762792146e-05,Ore processed,1,ore
QC-MAIN-e7e6a960,Open-pit mining and beneficiation at Canadian Malartic,"Open-pit, concentrator",Au–Ag free-milling,Air,Vanadium (and its compounds),Emission,Fugitive Emissions,tonnes,0.173,MetalliCan,MetalliCan,17332900.0,9.981018756238137e-09,Ore processed,1,ore
QC-MAIN-e7e6a960,Open-pit mining and beneficiation at Canadian Malartic,"Open-pit, concentrator",Au–Ag free-milling,Air,Volatile Organic Compounds (Total),Emission,Fugitive Emissions,tonnes,27.5,MetalliCan,MetalliCan,17332900.0,1.5865781259916112e-06,Ore processed,1,ore
QC-MAIN-e7e6a960,Open-pit mining and beneficiation at Canadian Malartic,"Open-pit, concentrator",Au–Ag free-milling,Air,Zinc (and its compounds),Emission,Fugitive Emissions,tonnes,0.126,MetalliCan,MetalliCan,17332900.0,7.2694125045433826e-09,Ore processed,1,ore
NU-MAIN-8b0264c9,Open-pit and underground mining and beneficiation at Meliadine,"Open-pit, underground, concentrator",Au–Ag free-milling,Air,Arsenic (and its compounds),Emission,Fugitive Emissions,kg,10.450041,MetalliCan,MetalliCan,1918143.0,5.447998923959267e-06,Ore processed,1,ore
NU-MAIN-8b0264c9,Open-pit and underground mining and beneficiation at Meliadine,"Open-pit, underground, concentrator",Au–Ag free-milling,Air,Cadmium (and its compounds),Emission,Fugitive Emissions,kg,0.004496,MetalliCan,MetalliCan,1918143.0,2.343933690032495e-09,Ore processed,1,ore
NU-MAIN-8b0264c9,Open-pit and underground mining and beneficiation at Meliadine,"Open-pit, underground, concentrator",Au–Ag free-milling,Air,Carbon monoxide,Emission,Fugitive Emissions,tonnes,139.139712,MetalliCan,MetalliCan,1918143.0,7.253875858056464e-05,Ore processed,1,ore
NU-MAIN-8b0264c9,Open-pit and underground mining and beneficiation at Meliadine,"Open-pit, underground, concentrator",Au–Ag free-milling,Air,Cobalt (and its compounds),Emission,Fugitive Emissions,kg,1.081616,MetalliCan,MetalliCan,1918143.0,5.63887051173974e-07,Ore processed,1,ore
NU-MAIN-8b0264c9,Open-pit and underground mining and beneficiation at Meliadine,"Open-pit, underground, concentrator",Au–Ag free-milling,Air,Copper (and its compounds),Emission,Fugitive Emissions,tonnes,0.002539,MetalliCan,MetalliCan,1918143.0,1.3236760762883685e-09,Ore processed,1,ore
NU-MAIN-8b0264c9,Open-pit and underground mining and beneficiation at Meliadine,"Open-pit, underground, concentrator",Au–Ag free-milling,Air,Cyanides (ionic),Emission,Fugitive Emissions,tonnes,3.518127,MetalliCan,MetalliCan,1918143.0,1.8341317618133787e-06,Ore processed,1,ore
NU-MAIN-8b0264c9,Open-pit and underground mining and beneficiation at Meliadine,"Open-pit, underground, concentrator",Au–Ag free-milling,Air,Hydrogen sulphide,Emission,Fugitive Emissions,tonnes,69.569856,MetalliCan,MetalliCan,1918143.0,3.626937929028232e-05,Ore processed,1,ore
NU-MAIN-8b0264c9,Open-pit and underground mining and beneficiation at Meliadine,"Open-pit, underground, concentrator",Au–Ag free-milling,Air,Lead (and its compounds),Emission,Fugitive Emissions,kg,0.57485,MetalliCan,MetalliCan,1918143.0,2.996908989580026e-07,Ore processed,1,ore
NU-MAIN-8b0264c9,Open-pit and underground mining and beneficiation at Meliadine,"Open-pit, underground, concentrator",Au–Ag free-milling,Air,Manganese (and its compounds),Emission,Fugitive Emissions,tonnes,0.036073,MetalliCan,MetalliCan,1918143.0,1.8806209964533408e-08,Ore processed,1,ore
NU-MAIN-8b0264c9,Open-pit and underground mining and beneficiation at Meliadine,"Open-pit, underground, concentrator",Au–Ag free-milling,Air,Nickel (and its compounds),Emission,Fugitive Emissions,tonnes,0.002941,MetalliCan,MetalliCan,1918143.0,1.5332537772209893e-09,Ore processed,1,ore
NU-MAIN-8b0264c9,Open-pit and underground mining and beneficiation at Meliadine,"Open-pit, underground, concentrator",Au–Ag free-milling,Air,Phosphorus (total),Emission,Fugitive Emissions,tonnes,0.014506,MetalliCan,MetalliCan,1918143.0,7.562522710767655e-09,Ore processed,1,ore
NU-MAIN-8b0264c9,Open-pit and underground mining and beneficiation at Meliadine,"Open-pit, underground, concentrator",Au–Ag free-milling,Air,PM10 - Particulate Matter <= 10 Micrometers,Emission,Fugitive Emissions,tonnes,77.010091,MetalliCan,MetalliCan,1918143.0,4.014825328455699e-05,Ore processed,1,ore
NU-MAIN-8b0264c9,Open-pit and underground mining and beneficiation at Meliadine,"Open-pit, underground, concentrator",Au–Ag free-milling,Air,PM2.5 - Particulate Matter <= 2.5 Micrometers,Emission,Fugitive Emissions,tonnes,19.829679,MetalliCan,MetalliCan,1918143.0,1.0337956554855398e-05,Ore processed,1,ore
NU-MAIN-8b0264c9,Open-pit and underground mining and beneficiation at Meliadine,"Open-pit, underground, concentrator",Au–Ag free-milling,Air,Selenium (and its compounds),Emission,Fugitive Emissions,kg,0.011622,MetalliCan,MetalliCan,1918143.0,6.058985174723678e-09,Ore processed,1,ore
NU-MAIN-8b0264c9,Open-pit and underground mining and beneficiation at Meliadine,"Open-pit, underground, concentrator",Au–Ag free-milling,Air,Thallium (and its compounds),Emission,Fugitive Emissions,kg,0.010684,MetalliCan,MetalliCan,1918143.0,5.56997053921423e-09,Ore processed,1,ore
NU-MAIN-8b0264c9,Open-pit and underground mining and beneficiation at Meliadine,"Open-pit, underground, concentrator",Au–Ag free-milling,Air,Total particulate matter,Emission,Fugitive Emissions,tonnes,211.275012,MetalliCan,MetalliCan,1918143.0,0.00011014560019769121,Ore processed,1,ore
NU-MAIN-8b0264c9,Open-pit and underground mining and beneficiation at Meliadine,"Open-pit, underground, concentrator",Au–Ag free-milling,Air,Total reduced sulphur (expressed as hydrogen sulphide),Emission,Fugitive Emissions,tonnes,69.569856,MetalliCan,MetalliCan,1918143.0,3.626937929028232e-05,Ore processed,1,ore
NU-MAIN-8b0264c9,Open-pit and underground mining and beneficiation at Meliadine,"Open-pit, underground, concentrator",Au–Ag free-milling,Air,Vanadium (and its compounds),Emission,Fugitive Emissions,tonnes,0.004866,MetalliCan,MetalliCan,1918143.0,2.5368285889008275e-09,Ore processed,1,ore
NU-MAIN-8b0264c9,Open-pit and underground mining and beneficiation at Meliadine,"Open-pit, underground, concentrator",Au–Ag free-milling,Air,Zinc (and its compounds),Emission,Fugitive Emissions,tonnes,0.002843,MetalliCan,MetalliCan,1918143.0,1.4821626958991065e-09,Ore processed,1,ore
ON-MAIN-7607a50e,Underground mining and beneficiation at Young-Davidson,"Underground, concentrator",Au–Ag free-milling,Air,Antimony (and its compounds),Emission,Fugitive Emissions,tonnes,0.000162,MetalliCan,MetalliCan,2878047.0,5.628817041556306e-11,Ore processed,1,ore
ON-MAIN-687b8c8d,Underground mining and beneficiation at Island,"Underground, concentrator",Au–Ag free-milling,Air,Arsenic (and its compounds),Emission,Fugitive Emissions,kg,0.1979,MetalliCan,MetalliCan,439008.0,4.507890516801516e-07,Ore processed,1,ore
ON-MAIN-7607a50e,Underground mining and beneficiation at Young-Davidson,"Underground, concentrator",Au–Ag free-milling,Air,Arsenic (and its compounds),Emission,Fugitive Emissions,kg,0.429262,MetalliCan,MetalliCan,2878047.0,1.4915044820324338e-07,Ore processed,1,ore
ON-MAIN-687b8c8d,Underground mining and beneficiation at Island,"Underground, concentrator",Au–Ag free-milling,Air,Cadmium (and its compounds),Emission,Fugitive Emissions,kg,0.0003,MetalliCan,MetalliCan,439008.0,6.833588453968947e-10,Ore processed,1,ore
ON-MAIN-7607a50e,Underground mining and beneficiation at Young-Davidson,"Underground, concentrator",Au–Ag free-milling,Air,Cadmium (and its compounds),Emission,Fugitive Emissions,kg,0.039515,MetalliCan,MetalliCan,2878047.0,1.3729796629450458e-08,Ore processed,1,ore
ON-MAIN-687b8c8d,Underground mining and beneficiation at Island,"Underground, concentrator",Au–Ag free-milling,Air,Carbon monoxide,Emission,Fugitive Emissions,tonnes,225.7542,MetalliCan,MetalliCan,439008.0,0.0005142370981849989,Ore processed,1,ore
ON-MAIN-687b8c8d,Underground mining and beneficiation at Island,"Underground, concentrator",Au–Ag free-milling,Air,Chromium (and its compounds),Emission,Fugitive Emissions,tonnes,0.0004,MetalliCan,MetalliCan,439008.0,9.111451271958598e-10,Ore processed,1,ore
ON-MAIN-7607a50e,Underground mining and beneficiation at Young-Davidson,"Underground, concentrator",Au–Ag free-milling,Air,Chromium (and its compounds),Emission,Fugitive Emissions,tonnes,0.014797,MetalliCan,MetalliCan,2878047.0,5.1413336891301635e-09,Ore processed,1,ore
ON-MAIN-687b8c8d,Underground mining and beneficiation at Island,"Underground, concentrator",Au–Ag free-milling,Air,Cobalt (and its compounds),Emission,Fugitive Emissions,kg,0.0866,MetalliCan,MetalliCan,439008.0,1.9726292003790362e-07,Ore processed,1,ore
ON-MAIN-7607a50e,Underground mining and beneficiation at Young-Davidson,"Underground, concentrator",Au–Ag free-milling,Air,Cobalt (and its compounds),Emission,Fugitive Emissions,kg,2.149523,MetalliCan,MetalliCan,2878047.0,7.468686230627921e-07,Ore processed,1,ore
ON-MAIN-687b8c8d,Underground mining and beneficiation at Island,"Underground, concentrator",Au–Ag free-milling,Air,Copper (and its compounds),Emission,Fugitive Emissions,tonnes,0.0003,MetalliCan,MetalliCan,439008.0,6.833588453968947e-10,Ore processed,1,ore
ON-MAIN-7607a50e,Underground mining and beneficiation at Young-Davidson,"Underground, concentrator",Au–Ag free-milling,Air,Copper (and its compounds),Emission,Fugitive Emissions,tonnes,0.03209,MetalliCan,MetalliCan,2878047.0,1.1149922152070484e-08,Ore processed,1,ore
ON-MAIN-687b8c8d,Underground mining and beneficiation at Island,"Underground, concentrator",Au–Ag free-milling,Air,Lead (and its compounds),Emission,Fugitive Emissions,kg,0.0216,MetalliCan,MetalliCan,439008.0,4.920183686857643e-08,Ore processed,1,ore
ON-MAIN-7607a50e,Underground mining and beneficiation at Young-Davidson,"Underground, concentrator",Au–Ag free-milling,Air,Lead (and its compounds),Emission,Fugitive Emissions,kg,6.876554,MetalliCan,MetalliCan,2878047.0,2.3893126137272947e-06,Ore processed,1,ore
ON-MAIN-687b8c8d,Underground mining and beneficiation at Island,"Underground, concentrator",Au–Ag free-milling,Air,Manganese (and its compounds),Emission,Fugitive Emissions,tonnes,0.0033,MetalliCan,MetalliCan,439008.0,7.516947299365842e-09,Ore processed,1,ore
ON-MAIN-7607a50e,Underground mining and beneficiation at Young-Davidson,"Underground, concentrator",Au–Ag free-milling,Air,Manganese (and its compounds),Emission,Fugitive Emissions,tonnes,0.157311,MetalliCan,MetalliCan,2878047.0,5.465894059409037e-08,Ore processed,1,ore
ON-MAIN-687b8c8d,Underground mining and beneficiation at Island,"Underground, concentrator",Au–Ag free-milling,Air,Mercury (and its compounds),Emission,Fugitive Emissions,tonnes,4.9e-06,MetalliCan,MetalliCan,439008.0,1.1161527808149282e-11,Ore processed,1,ore
ON-MAIN-7607a50e,Underground mining and beneficiation at Young-Davidson,"Underground, concentrator",Au–Ag free-milling,Air,Mercury (and its compounds),Emission,Fugitive Emissions,tonnes,1.18e-07,MetalliCan,MetalliCan,2878047.0,4.100002536442247e-14,Ore processed,1,ore
ON-MAIN-687b8c8d,Underground mining and beneficiation at Island,"Underground, concentrator",Au–Ag free-milling,Air,Nickel (and its compounds),Emission,Fugitive Emissions,tonnes,0.0002,MetalliCan,MetalliCan,439008.0,4.555725635979299e-10,Ore processed,1,ore
ON-MAIN-7607a50e,Underground mining and beneficiation at Young-Davidson,"Underground, concentrator",Au–Ag free-milling,Air,Nickel (and its compounds),Emission,Fugitive Emissions,tonnes,0.005837,MetalliCan,MetalliCan,2878047.0,2.028111424170627e-09,Ore processed,1,ore
ON-MAIN-7607a50e,Underground mining and beneficiation at Young-Davidson,"Underground, concentrator",Au–Ag free-milling,Air,Phosphorus (total),Emission,Fugitive Emissions,tonnes,0.203862,MetalliCan,MetalliCan,2878047.0,7.083345060035502e-08,Ore processed,1,ore
ON-MAIN-687b8c8d,Underground mining and beneficiation at Island,"Underground, concentrator",Au–Ag free-milling,Air,PM10 - Particulate Matter <= 10 Micrometers,Emission,Fugitive Emissions,tonnes,25.8298,MetalliCan,MetalliCan,439008.0,5.8836741016109046e-05,Ore processed,1,ore
ON-MAIN-7607a50e,Underground mining and beneficiation at Young-Davidson,"Underground, concentrator",Au–Ag free-milling,Air,PM10 - Particulate Matter <= 10 Micrometers,Emission,Fugitive Emissions,tonnes,17.132195,MetalliCan,MetalliCan,2878047.0,5.952715504646032e-06,Ore processed,1,ore
ON-MAIN-687b8c8d,Underground mining and beneficiation at Island,"Underground, concentrator",Au–Ag free-milling,Air,PM2.5 - Particulate Matter <= 2.5 Micrometers,Emission,Fugitive Emissions,tonnes,23.2921,MetalliCan,MetalliCan,439008.0,5.305620854289672e-05,Ore processed,1,ore
ON-MAIN-7607a50e,Underground mining and beneficiation at Young-Davidson,"Underground, concentrator",Au–Ag free-milling,Air,PM2.5 - Particulate Matter <= 2.5 Micrometers,Emission,Fugitive Emissions,tonnes,1.370978,MetalliCan,MetalliCan,2878047.0,4.7635705740733214e-07,Ore processed,1,ore
ON-MAIN-687b8c8d,Underground mining and beneficiation at Island,"Underground, concentrator",Au–Ag free-milling,Air,Selenium (and its compounds),Emission,Fugitive Emissions,kg,0.0026,MetalliCan,MetalliCan,439008.0,5.9224433267730884e-09,Ore processed,1,ore
ON-MAIN-7607a50e,Underground mining and beneficiation at Young-Davidson,"Underground, concentrator",Au–Ag free-milling,Air,Selenium (and its compounds),Emission,Fugitive Emissions,kg,0.107657,MetalliCan,MetalliCan,2878047.0,3.740626890387822e-08,Ore processed,1,ore
ON-MAIN-7607a50e,Underground mining and beneficiation at Young-Davidson,"Underground, concentrator",Au–Ag free-milling,Air,Silver (and its compounds),Emission,Fugitive Emissions,tonnes,0.000133,MetalliCan,MetalliCan,2878047.0,4.621189299549313e-11,Ore processed,1,ore
ON-MAIN-7607a50e,Underground mining and beneficiation at Young-Davidson,"Underground, concentrator",Au–Ag free-milling,Air,Thallium (and its compounds),Emission,Fugitive Emissions,kg,0.134719,MetalliCan,MetalliCan,2878047.0,4.680917302601382e-08,Ore processed,1,ore
ON-MAIN-687b8c8d,Underground mining and beneficiation at Island,"Underground, concentrator",Au–Ag free-milling,Air,Total particulate matter,Emission,Fugitive Emissions,tonnes,42.1782,MetalliCan,MetalliCan,439008.0,9.607615350973103e-05,Ore processed,1,ore
ON-MAIN-7607a50e,Underground mining and beneficiation at Young-Davidson,"Underground, concentrator",Au–Ag free-milling,Air,Total particulate matter,Emission,Fugitive Emissions,tonnes,153.795999,MetalliCan,MetalliCan,2878047.0,5.343762593175163e-05,Ore processed,1,ore
ON-MAIN-7607a50e,Underground mining and beneficiation at Young-Davidson,"Underground, concentrator",Au–Ag free-milling,Air,Vanadium (and its compounds),Emission,Fugitive Emissions,tonnes,0.013265,MetalliCan,MetalliCan,2878047.0,4.609028275076815e-09,Ore processed,1,ore
ON-MAIN-7607a50e,Underground mining and beneficiation at Young-Davidson,"Underground, concentrator",Au–Ag free-milling,Air,Volatile Organic Compounds (Total),Emission,Fugitive Emissions,tonnes,0.446133,MetalliCan,MetalliCan,2878047.0,1.5501240945682958e-07,Ore processed,1,ore
ON-MAIN-687b8c8d,Underground mining and beneficiation at Island,"Underground, concentrator",Au–Ag free-milling,Air,Zinc (and its compounds),Emission,Fugitive Emissions,tonnes,0.0003,MetalliCan,MetalliCan,439008.0,6.833588453968947e-10,Ore processed,1,ore
ON-MAIN-7607a50e,Underground mining and beneficiation at Young-Davidson,"Underground, concentrator",Au–Ag free-milling,Air,Zinc (and its compounds),Emission,Fugitive Emissions,tonnes,0.009048,MetalliCan,MetalliCan,2878047.0,3.1437985550618182e-09,Ore processed,1,ore
QC-MAIN-5ce331b8,Open-pit and underground mining and beneficiation at Nunavik Nickel,"Open-pit, underground, concentrator",Ni–Cu sulfide,Air,Carbon monoxide,Emission,Fugitive Emissions,tonnes,27.79,MetalliCan,MetalliCan,6835294.11764705,4.065662650602415e-06,Ore processed,1,ore
QC-MAIN-5ce331b8,Open-pit and underground mining and beneficiation at Nunavik Nickel,"Open-pit, underground, concentrator",Ni–Cu sulfide,Air,Nitrogen oxides (expressed as nitrogen dioxide),Emission,Fugitive Emissions,tonnes,5.11,MetalliCan,MetalliCan,6835294.11764705,7.475903614457841e-07,Ore processed,1,ore
QC-MAIN-5ce331b8,Open-pit and underground mining and beneficiation at Nunavik Nickel,"Open-pit, underground, concentrator",Ni–Cu sulfide,Air,PM10 - Particulate Matter <= 10 Micrometers,Emission,Fugitive Emissions,tonnes,10.11,MetalliCan,MetalliCan,6835294.11764705,1.4790877796901912e-06,Ore processed,1,ore
QC-MAIN-5ce331b8,Open-pit and underground mining and beneficiation at Nunavik Nickel,"Open-pit, underground, concentrator",Ni–Cu sulfide,Air,PM2.5 - Particulate Matter <= 2.5 Micrometers,Emission,Fugitive Emissions,tonnes,8.29,MetalliCan,MetalliCan,6835294.11764705,1.2128227194492269e-06,Ore processed,1,ore
QC-MAIN-5ce331b8,Open-pit and underground mining and beneficiation at Nunavik Nickel,"Open-pit, underground, concentrator",Ni–Cu sulfide,Air,Sulphur dioxide,Emission,Fugitive Emissions,tonnes,0.03,MetalliCan,MetalliCan,6835294.11764705,4.388984509466442e-09,Ore processed,1,ore
QC-MAIN-5ce331b8,Open-pit and underground mining and beneficiation at Nunavik Nickel,"Open-pit, underground, concentrator",Ni–Cu sulfide,Air,Total particulate matter,Emission,Fugitive Emissions,tonnes,19.27,MetalliCan,MetalliCan,6835294.11764705,2.8191910499139452e-06,Ore processed,1,ore
BC-MAIN-ed23117f,Open-pit mining and beneficiation at Mount Milligan,"Open-pit, concentrator",Cu Porphyry,Air,Antimony (and its compounds),Emission,Fugitive Emissions,tonnes,0.019,MetalliCan,MetalliCan,21680000.0,8.763837638376383e-10,Ore processed,1,ore
BC-MAIN-ed23117f,Open-pit mining and beneficiation at Mount Milligan,"Open-pit, concentrator",Cu Porphyry,Air,Arsenic (and its compounds),Emission,Fugitive Emissions,kg,70.251,MetalliCan,MetalliCan,21680000.0,3.2403597785977862e-06,Ore processed,1,ore
BC-MAIN-ed23117f,Open-pit mining and beneficiation at Mount Milligan,"Open-pit, concentrator",Cu Porphyry,Air,Cadmium (and its compounds),Emission,Fugitive Emissions,kg,1.972,MetalliCan,MetalliCan,21680000.0,9.095940959409594e-08,Ore processed,1,ore
BC-MAIN-ed23117f,Open-pit mining and beneficiation at Mount Milligan,"Open-pit, concentrator",Cu Porphyry,Air,Carbon monoxide,Emission,Fugitive Emissions,tonnes,150.427,MetalliCan,MetalliCan,21680000.0,6.938514760147601e-06,Ore processed,1,ore
BC-MAIN-ed23117f,Open-pit mining and beneficiation at Mount Milligan,"Open-pit, concentrator",Cu Porphyry,Air,Chromium (and its compounds),Emission,Fugitive Emissions,tonnes,1.272,MetalliCan,MetalliCan,21680000.0,5.867158671586716e-08,Ore processed,1,ore
BC-MAIN-ed23117f,Open-pit mining and beneficiation at Mount Milligan,"Open-pit, concentrator",Cu Porphyry,Air,Cobalt (and its compounds),Emission,Fugitive Emissions,kg,153.855,MetalliCan,MetalliCan,21680000.0,7.0966328413284124e-06,Ore processed,1,ore
BC-MAIN-ed23117f,Open-pit mining and beneficiation at Mount Milligan,"Open-pit, concentrator",Cu Porphyry,Air,Copper (and its compounds),Emission,Fugitive Emissions,tonnes,13.701,MetalliCan,MetalliCan,21680000.0,6.319649446494466e-07,Ore processed,1,ore
BC-MAIN-ed23117f,Open-pit mining and beneficiation at Mount Milligan,"Open-pit, concentrator",Cu Porphyry,Air,Lead (and its compounds),Emission,Fugitive Emissions,kg,49.872,MetalliCan,MetalliCan,21680000.0,2.300369003690037e-06,Ore processed,1,ore
BC-MAIN-ed23117f,Open-pit mining and beneficiation at Mount Milligan,"Open-pit, concentrator",Cu Porphyry,Air,Manganese (and its compounds),Emission,Fugitive Emissions,tonnes,4.883,MetalliCan,MetalliCan,21680000.0,2.2523062730627307e-07,Ore processed,1,ore
BC-MAIN-ed23117f,Open-pit mining and beneficiation at Mount Milligan,"Open-pit, concentrator",Cu Porphyry,Air,Mercury (and its compounds),Emission,Fugitive Emissions,tonnes,0.002637,MetalliCan,MetalliCan,21680000.0,1.2163284132841327e-10,Ore processed,1,ore
BC-MAIN-ed23117f,Open-pit mining and beneficiation at Mount Milligan,"Open-pit, concentrator",Cu Porphyry,Air,Nickel (and its compounds),Emission,Fugitive Emissions,tonnes,0.231,MetalliCan,MetalliCan,21680000.0,1.0654981549815499e-08,Ore processed,1,ore
BC-MAIN-ed23117f,Open-pit mining and beneficiation at Mount Milligan,"Open-pit, concentrator",Cu Porphyry,Air,Nitrogen oxides (expressed as nitrogen dioxide),Emission,Fugitive Emissions,tonnes,60.999,MetalliCan,MetalliCan,21680000.0,2.8136070110701108e-06,Ore processed,1,ore
BC-MAIN-ed23117f,Open-pit mining and beneficiation at Mount Milligan,"Open-pit, concentrator",Cu Porphyry,Air,Phosphorus (total),Emission,Fugitive Emissions,tonnes,11.186,MetalliCan,MetalliCan,21680000.0,5.159594095940959e-07,Ore processed,1,ore
BC-MAIN-ed23117f,Open-pit mining and beneficiation at Mount Milligan,"Open-pit, concentrator",Cu Porphyry,Air,PM10 - Particulate Matter <= 10 Micrometers,Emission,Fugitive Emissions,tonnes,1964.406,MetalliCan,MetalliCan,21680000.0,9.06091328413284e-05,Ore processed,1,ore
BC-MAIN-ed23117f,Open-pit mining and beneficiation at Mount Milligan,"Open-pit, concentrator",Cu Porphyry,Air,PM2.5 - Particulate Matter <= 2.5 Micrometers,Emission,Fugitive Emissions,tonnes,0.743,MetalliCan,MetalliCan,21680000.0,3.427121771217712e-08,Ore processed,1,ore
BC-MAIN-ed23117f,Open-pit mining and beneficiation at Mount Milligan,"Open-pit, concentrator",Cu Porphyry,Air,Selenium (and its compounds),Emission,Fugitive Emissions,kg,31.646,MetalliCan,MetalliCan,21680000.0,1.4596863468634688e-06,Ore processed,1,ore
BC-MAIN-ed23117f,Open-pit mining and beneficiation at Mount Milligan,"Open-pit, concentrator",Cu Porphyry,Air,Thallium (and its compounds),Emission,Fugitive Emissions,kg,7.243,MetalliCan,MetalliCan,21680000.0,3.340867158671587e-07,Ore processed,1,ore
BC-MAIN-ed23117f,Open-pit mining and beneficiation at Mount Milligan,"Open-pit, concentrator",Cu Porphyry,Air,Total particulate matter,Emission,Fugitive Emissions,tonnes,9451.033,MetalliCan,MetalliCan,21680000.0,0.00043593325645756455,Ore processed,1,ore
BC-MAIN-ed23117f,Open-pit mining and beneficiation at Mount Milligan,"Open-pit, concentrator",Cu Porphyry,Air,Vanadium (and its compounds),Emission,Fugitive Emissions,tonnes,0.938,MetalliCan,MetalliCan,21680000.0,4.326568265682657e-08,Ore processed,1,ore
BC-MAIN-ed23117f,Open-pit mining and beneficiation at Mount Milligan,"Open-pit, concentrator",Cu Porphyry,Air,Zinc (and its compounds),Emission,Fugitive Emissions,tonnes,0.372,MetalliCan,MetalliCan,21680000.0,1.7158671586715866e-08,Ore processed,1,ore
BC-MAIN-599152a0,Open-pit mining and beneficiation at Copper Mountain,"Open-pit, concentrator",Cu Porphyry,Air,Arsenic (and its compounds),Emission,Fugitive Emissions,kg,24.0936,MetalliCan,MetalliCan,6862152.0,3.5110851522962473e-06,Ore processed,1,ore
BC-MAIN-599152a0,Open-pit mining and beneficiation at Copper Mountain,"Open-pit, concentrator",Cu Porphyry,Air,Cadmium (and its compounds),Emission,Fugitive Emissions,kg,0.4708,MetalliCan,MetalliCan,6862152.0,6.860821503225228e-08,Ore processed,1,ore
BC-MAIN-599152a0,Open-pit mining and beneficiation at Copper Mountain,"Open-pit, concentrator",Cu Porphyry,Air,Carbon monoxide,Emission,Fugitive Emissions,tonnes,225.2297,MetalliCan,MetalliCan,6862152.0,3.282202143001205e-05,Ore processed,1,ore
BC-MAIN-599152a0,Open-pit mining and beneficiation at Copper Mountain,"Open-pit, concentrator",Cu Porphyry,Air,Cobalt (and its compounds),Emission,Fugitive Emissions,kg,67.8099,MetalliCan,MetalliCan,6862152.0,9.881725149778087e-06,Ore processed,1,ore
BC-MAIN-599152a0,Open-pit mining and beneficiation at Copper Mountain,"Open-pit, concentrator",Cu Porphyry,Air,Copper (and its compounds),Emission,Fugitive Emissions,tonnes,3.5793,MetalliCan,MetalliCan,6862152.0,5.216002210385314e-07,Ore processed,1,ore
BC-MAIN-599152a0,Open-pit mining and beneficiation at Copper Mountain,"Open-pit, concentrator",Cu Porphyry,Air,Lead (and its compounds),Emission,Fugitive Emissions,kg,18.4635,MetalliCan,MetalliCan,6862152.0,2.6906282460662484e-06,Ore processed,1,ore
BC-MAIN-599152a0,Open-pit mining and beneficiation at Copper Mountain,"Open-pit, concentrator",Cu Porphyry,Air,Manganese (and its compounds),Emission,Fugitive Emissions,tonnes,2.0803,MetalliCan,MetalliCan,6862152.0,3.0315562814697196e-07,Ore processed,1,ore
BC-MAIN-599152a0,Open-pit mining and beneficiation at Copper Mountain,"Open-pit, concentrator",Cu Porphyry,Air,Mercury (and its compounds),Emission,Fugitive Emissions,tonnes,0.0001652,MetalliCan,MetalliCan,6862152.0,2.407408055082429e-11,Ore processed,1,ore
BC-MAIN-599152a0,Open-pit mining and beneficiation at Copper Mountain,"Open-pit, concentrator",Cu Porphyry,Air,Nitrogen oxides (expressed as nitrogen dioxide),Emission,Fugitive Emissions,tonnes,47.6999,MetalliCan,MetalliCan,6862152.0,6.951157596042758e-06,Ore processed,1,ore
BC-MAIN-599152a0,Open-pit mining and beneficiation at Copper Mountain,"Open-pit, concentrator",Cu Porphyry,Air,Phosphorus (total),Emission,Fugitive Emissions,tonnes,5.2515,MetalliCan,MetalliCan,6862152.0,7.652847095196959e-07,Ore processed,1,ore
BC-MAIN-599152a0,Open-pit mining and beneficiation at Copper Mountain,"Open-pit, concentrator",Cu Porphyry,Air,PM10 - Particulate Matter <= 10 Micrometers,Emission,Fugitive Emissions,tonnes,1118.9568,MetalliCan,MetalliCan,6862152.0,0.00016306208314826017,Ore processed,1,ore
BC-MAIN-599152a0,Open-pit mining and beneficiation at Copper Mountain,"Open-pit, concentrator",Cu Porphyry,Air,PM2.5 - Particulate Matter <= 2.5 Micrometers,Emission,Fugitive Emissions,tonnes,390.4457,MetalliCan,MetalliCan,6862152.0,5.6898433610913895e-05,Ore processed,1,ore
BC-MAIN-599152a0,Open-pit mining and beneficiation at Copper Mountain,"Open-pit, concentrator",Cu Porphyry,Air,Selenium (and its compounds),Emission,Fugitive Emissions,kg,4.1532,MetalliCan,MetalliCan,6862152.0,6.052328773830717e-07,Ore processed,1,ore
BC-MAIN-599152a0,Open-pit mining and beneficiation at Copper Mountain,"Open-pit, concentrator",Cu Porphyry,Air,Thallium (and its compounds),Emission,Fugitive Emissions,kg,0.217,MetalliCan,MetalliCan,6862152.0,3.162273292693021e-08,Ore processed,1,ore
BC-MAIN-599152a0,Open-pit mining and beneficiation at Copper Mountain,"Open-pit, concentrator",Cu Porphyry,Air,Total particulate matter,Emission,Fugitive Emissions,tonnes,3955.7019,MetalliCan,MetalliCan,6862152.0,0.0005764520954942415,Ore processed,1,ore
ON-MAIN-7f050560,Underground mining and beneficiation at Red Lake,"Underground, concentrator",Au–Ag refractory,Air,Arsenic (and its compounds),Emission,Fugitive Emissions,kg,3.4905,MetalliCan,MetalliCan,841000.0,4.150416171224733e-06,Ore processed,1,ore
ON-MAIN-7f050560,Underground mining and beneficiation at Red Lake,"Underground, concentrator",Au–Ag refractory,Air,Cadmium (and its compounds),Emission,Fugitive Emissions,kg,0.0008,MetalliCan,MetalliCan,841000.0,9.512485136741975e-10,Ore processed,1,ore
ON-MAIN-7f050560,Underground mining and beneficiation at Red Lake,"Underground, concentrator",Au–Ag refractory,Air,Carbon monoxide,Emission,Fugitive Emissions,tonnes,909.1068,MetalliCan,MetalliCan,841000.0,0.0010809831153388823,Ore processed,1,ore
ON-MAIN-7f050560,Underground mining and beneficiation at Red Lake,"Underground, concentrator",Au–Ag refractory,Air,Cobalt (and its compounds),Emission,Fugitive Emissions,kg,0.2693,MetalliCan,MetalliCan,841000.0,3.202140309155767e-07,Ore processed,1,ore
ON-MAIN-7f050560,Underground mining and beneficiation at Red Lake,"Underground, concentrator",Au–Ag refractory,Air,Lead (and its compounds),Emission,Fugitive Emissions,kg,20.4196,MetalliCan,MetalliCan,841000.0,2.428014268727705e-05,Ore processed,1,ore
ON-MAIN-7f050560,Underground mining and beneficiation at Red Lake,"Underground, concentrator",Au–Ag refractory,Air,Mercury (and its compounds),Emission,Fugitive Emissions,tonnes,1.4e-06,MetalliCan,MetalliCan,841000.0,1.6646848989298453e-12,Ore processed,1,ore
ON-MAIN-7f050560,Underground mining and beneficiation at Red Lake,"Underground, concentrator",Au–Ag refractory,Air,PM10 - Particulate Matter <= 10 Micrometers,Emission,Fugitive Emissions,tonnes,97.1451,MetalliCan,MetalliCan,841000.0,0.0001155114149821641,Ore processed,1,ore
ON-MAIN-7f050560,Underground mining and beneficiation at Red Lake,"Underground, concentrator",Au–Ag refractory,Air,PM2.5 - Particulate Matter <= 2.5 Micrometers,Emission,Fugitive Emissions,tonnes,94.9892,MetalliCan,MetalliCan,841000.0,0.00011294791914387633,Ore processed,1,ore
ON-MAIN-7f050560,Underground mining and beneficiation at Red Lake,"Underground, concentrator",Au–Ag refractory,Air,Selenium (and its compounds),Emission,Fugitive Emissions,kg,0.0016,MetalliCan,MetalliCan,841000.0,1.902497027348395e-09,Ore processed,1,ore
ON-MAIN-7f050560,Underground mining and beneficiation at Red Lake,"Underground, concentrator",Au–Ag refractory,Air,Thallium (and its compounds),Emission,Fugitive Emissions,kg,0.0018,MetalliCan,MetalliCan,841000.0,2.140309155766944e-09,Ore processed,1,ore
ON-MAIN-7f050560,Underground mining and beneficiation at Red Lake,"Underground, concentrator",Au–Ag refractory,Air,Total particulate matter,Emission,Fugitive Emissions,tonnes,150.6113,MetalliCan,MetalliCan,841000.0,0.0001790859690844233,Ore processed,1,ore
ON-MAIN-7001a391,Underground mining at McCreedy West,Underground,Ni–Cu sulfide,Air,Antimony (and its compounds),Emission,Fugitive Emissions,tonnes,0.000934,MetalliCan,MetalliCan,317660.0,2.9402505823836807e-09,Ore processed,1,ore
ON-MAIN-7001a391,Underground mining at McCreedy West,Underground,Ni–Cu sulfide,Air,Arsenic (and its compounds),Emission,Fugitive Emissions,kg,0.26,MetalliCan,MetalliCan,317660.0,8.184851728262923e-07,Ore processed,1,ore
ON-MAIN-7001a391,Underground mining at McCreedy West,Underground,Ni–Cu sulfide,Air,Cadmium (and its compounds),Emission,Fugitive Emissions,kg,0.373,MetalliCan,MetalliCan,317660.0,1.1742114210161808e-06,Ore processed,1,ore
ON-MAIN-7001a391,Underground mining at McCreedy West,Underground,Ni–Cu sulfide,Air,Chromium (and its compounds),Emission,Fugitive Emissions,tonnes,0.004934,MetalliCan,MetalliCan,317660.0,1.5532330164326637e-08,Ore processed,1,ore
ON-MAIN-7001a391,Underground mining at McCreedy West,Underground,Ni–Cu sulfide,Air,Cobalt (and its compounds),Emission,Fugitive Emissions,kg,2.886,MetalliCan,MetalliCan,317660.0,9.085185418371844e-06,Ore processed,1,ore
ON-MAIN-7001a391,Underground mining at McCreedy West,Underground,Ni–Cu sulfide,Air,Copper (and its compounds),Emission,Fugitive Emissions,tonnes,0.212071,MetalliCan,MetalliCan,317660.0,6.676037272555562e-07,Ore processed,1,ore
ON-MAIN-7001a391,Underground mining at McCreedy West,Underground,Ni–Cu sulfide,Air,Lead (and its compounds),Emission,Fugitive Emissions,kg,5.767,MetalliCan,MetalliCan,317660.0,1.8154630737266262e-05,Ore processed,1,ore
ON-MAIN-7001a391,Underground mining at McCreedy West,Underground,Ni–Cu sulfide,Air,Manganese (and its compounds),Emission,Fugitive Emissions,tonnes,0.028247,MetalliCan,MetalliCan,317660.0,8.892211798778569e-08,Ore processed,1,ore
ON-MAIN-7001a391,Underground mining at McCreedy West,Underground,Ni–Cu sulfide,Air,Nickel (and its compounds),Emission,Fugitive Emissions,tonnes,0.053378,MetalliCan,MetalliCan,317660.0,1.680350059812378e-07,Ore processed,1,ore
ON-MAIN-9a34108c,,,,Air,Nitrogen oxides (expressed as nitrogen dioxide),Emission,Fugitive Emissions,tonnes,0.000595,MetalliCan,MetalliCan,,,Ore processed,1,ore
ON-MAIN-7001a391,Underground mining at McCreedy West,Underground,Ni–Cu sulfide,Air,PM10 - Particulate Matter <= 10 Micrometers,Emission,Fugitive Emissions,tonnes,14.395253,MetalliCan,MetalliCan,317660.0,4.5316542844550775e-05,Ore processed,1,ore
ON-MAIN-9a34108c,,,,Air,PM10 - Particulate Matter <= 10 Micrometers,Emission,Fugitive Emissions,tonnes,0.979899,MetalliCan,MetalliCan,,,Ore processed,1,ore
ON-MAIN-7001a391,Underground mining at McCreedy West,Underground,Ni–Cu sulfide,Air,PM2.5 - Particulate Matter <= 2.5 Micrometers,Emission,Fugitive Emissions,tonnes,2.447486,MetalliCan,MetalliCan,317660.0,7.70473462192281e-06,Ore processed,1,ore
ON-MAIN-9a34108c,,,,Air,PM2.5 - Particulate Matter <= 2.5 Micrometers,Emission,Fugitive Emissions,tonnes,0.221386,MetalliCan,MetalliCan,,,Ore processed,1,ore
ON-MAIN-7001a391,Underground mining at McCreedy West,Underground,Ni–Cu sulfide,Air,Selenium (and its compounds),Emission,Fugitive Emissions,kg,5.826,MetalliCan,MetalliCan,317660.0,1.8340363911099918e-05,Ore processed,1,ore
ON-MAIN-7001a391,Underground mining at McCreedy West,Underground,Ni–Cu sulfide,Air,Total particulate matter,Emission,Fugitive Emissions,tonnes,30.906242,MetalliCan,MetalliCan,317660.0,9.729346471069697e-05,Ore processed,1,ore
ON-MAIN-7001a391,Underground mining at McCreedy West,Underground,Ni–Cu sulfide,Air,Vanadium (and its compounds),Emission,Fugitive Emissions,tonnes,0.004876,MetalliCan,MetalliCan,317660.0,1.5349745010388465e-08,Ore processed,1,ore
ON-MAIN-7001a391,Underground mining at McCreedy West,Underground,Ni–Cu sulfide,Air,Zinc (and its compounds),Emission,Fugitive Emissions,tonnes,0.009233,MetalliCan,MetalliCan,317660.0,2.9065667695019832e-08,Ore processed,1,ore
BC-MAIN-6b4800fe,Open-pit mining and beneficiation at Gibraltar,"Open-pit, concentrator",Cu polymetallic,Air,Arsenic (and its compounds),Emission,Fugitive Emissions,kg,0.012317,MetalliCan,MetalliCan,30000000.0,4.1056666666666667e-10,Ore processed,1,ore
BC-MAIN-6b4800fe,Open-pit mining and beneficiation at Gibraltar,"Open-pit, concentrator",Cu polymetallic,Air,Cadmium (and its compounds),Emission,Fugitive Emissions,kg,0.003332,MetalliCan,MetalliCan,30000000.0,1.1106666666666667e-10,Ore processed,1,ore
BC-MAIN-6b4800fe,Open-pit mining and beneficiation at Gibraltar,"Open-pit, concentrator",Cu polymetallic,Air,Chromium (and its compounds),Emission,Fugitive Emissions,tonnes,6.2e-05,MetalliCan,MetalliCan,30000000.0,2.066666666666667e-12,Ore processed,1,ore
BC-MAIN-6b4800fe,Open-pit mining and beneficiation at Gibraltar,"Open-pit, concentrator",Cu polymetallic,Air,Cobalt (and its compounds),Emission,Fugitive Emissions,kg,0.048699,MetalliCan,MetalliCan,30000000.0,1.6233e-09,Ore processed,1,ore
BC-MAIN-6b4800fe,Open-pit mining and beneficiation at Gibraltar,"Open-pit, concentrator",Cu polymetallic,Air,Copper (and its compounds),Emission,Fugitive Emissions,tonnes,0.002529,MetalliCan,MetalliCan,30000000.0,8.43e-11,Ore processed,1,ore
BC-MAIN-6b4800fe,Open-pit mining and beneficiation at Gibraltar,"Open-pit, concentrator",Cu polymetallic,Air,Lead (and its compounds),Emission,Fugitive Emissions,kg,0.008769,MetalliCan,MetalliCan,30000000.0,2.923e-10,Ore processed,1,ore
BC-MAIN-6b4800fe,Open-pit mining and beneficiation at Gibraltar,"Open-pit, concentrator",Cu polymetallic,Air,Manganese (and its compounds),Emission,Fugitive Emissions,tonnes,0.00488,MetalliCan,MetalliCan,30000000.0,1.6266666666666665e-10,Ore processed,1,ore
BC-MAIN-6b4800fe,Open-pit mining and beneficiation at Gibraltar,"Open-pit, concentrator",Cu polymetallic,Air,Nickel (and its compounds),Emission,Fugitive Emissions,tonnes,4.2e-05,MetalliCan,MetalliCan,30000000.0,1.3999999999999999e-12,Ore processed,1,ore
BC-MAIN-6b4800fe,Open-pit mining and beneficiation at Gibraltar,"Open-pit, concentrator",Cu polymetallic,Air,PM10 - Particulate Matter <= 10 Micrometers,Emission,Fugitive Emissions,tonnes,218.777483,MetalliCan,MetalliCan,30000000.0,7.292582766666666e-06,Ore processed,1,ore
BC-MAIN-6b4800fe,Open-pit mining and beneficiation at Gibraltar,"Open-pit, concentrator",Cu polymetallic,Air,PM2.5 - Particulate Matter <= 2.5 Micrometers,Emission,Fugitive Emissions,tonnes,78.879409,MetalliCan,MetalliCan,30000000.0,2.629313633333333e-06,Ore processed,1,ore
BC-MAIN-6b4800fe,Open-pit mining and beneficiation at Gibraltar,"Open-pit, concentrator",Cu polymetallic,Air,Selenium (and its compounds),Emission,Fugitive Emissions,kg,0.055155,MetalliCan,MetalliCan,30000000.0,1.8385e-09,Ore processed,1,ore
BC-MAIN-6b4800fe,Open-pit mining and beneficiation at Gibraltar,"Open-pit, concentrator",Cu polymetallic,Air,Total particulate matter,Emission,Fugitive Emissions,tonnes,457.620478,MetalliCan,MetalliCan,30000000.0,1.5254015933333334e-05,Ore processed,1,ore
BC-MAIN-6b4800fe,Open-pit mining and beneficiation at Gibraltar,"Open-pit, concentrator",Cu polymetallic,Air,Zinc (and its compounds),Emission,Fugitive Emissions,tonnes,0.000774,MetalliCan,MetalliCan,30000000.0,2.5799999999999998e-11,Ore processed,1,ore
QC-MAIN-a97821c0,Underground mining and beneficiation at Raglan,"Underground, concentrator",Ni–Cu sulfide,Air,Carbon monoxide,Emission,Fugitive Emissions,tonnes,67.13164,MetalliCan,MetalliCan,1500000.0,4.475442666666667e-05,Ore processed,1,ore
QC-MAIN-a97821c0,Underground mining and beneficiation at Raglan,"Underground, concentrator",Ni–Cu sulfide,Air,Chromium (and its compounds),Emission,Fugitive Emissions,tonnes,6e-05,MetalliCan,MetalliCan,1500000.0,4.0000000000000004e-11,Ore processed,1,ore
QC-MAIN-a97821c0,Underground mining and beneficiation at Raglan,"Underground, concentrator",Ni–Cu sulfide,Air,Cobalt (and its compounds),Emission,Fugitive Emissions,kg,0.0014,MetalliCan,MetalliCan,1500000.0,9.333333333333334e-10,Ore processed,1,ore
QC-MAIN-a97821c0,Underground mining and beneficiation at Raglan,"Underground, concentrator",Ni–Cu sulfide,Air,i-Butyl alcohol,Emission,Fugitive Emissions,tonnes,15.4625,MetalliCan,MetalliCan,1500000.0,1.0308333333333334e-05,Ore processed,1,ore
QC-MAIN-a97821c0,Underground mining and beneficiation at Raglan,"Underground, concentrator",Ni–Cu sulfide,Air,Manganese (and its compounds),Emission,Fugitive Emissions,tonnes,0.0026,MetalliCan,MetalliCan,1500000.0,1.7333333333333333e-09,Ore processed,1,ore
QC-MAIN-a97821c0,Underground mining and beneficiation at Raglan,"Underground, concentrator",Ni–Cu sulfide,Air,Nickel (and its compounds),Emission,Fugitive Emissions,tonnes,0.000141,MetalliCan,MetalliCan,1500000.0,9.400000000000001e-11,Ore processed,1,ore
QC-MAIN-a97821c0,Underground mining and beneficiation at Raglan,"Underground, concentrator",Ni–Cu sulfide,Air,Nitrogen oxides (expressed as nitrogen dioxide),Emission,Fugitive Emissions,tonnes,12.969392,MetalliCan,MetalliCan,1500000.0,8.646261333333332e-06,Ore processed,1,ore
QC-MAIN-a97821c0,Underground mining and beneficiation at Raglan,"Underground, concentrator",Ni–Cu sulfide,Air,PM10 - Particulate Matter <= 10 Micrometers,Emission,Fugitive Emissions,tonnes,0.8816,MetalliCan,MetalliCan,1500000.0,5.877333333333334e-07,Ore processed,1,ore
QC-MAIN-a97821c0,Underground mining and beneficiation at Raglan,"Underground, concentrator",Ni–Cu sulfide,Air,PM2.5 - Particulate Matter <= 2.5 Micrometers,Emission,Fugitive Emissions,tonnes,0.5593,MetalliCan,MetalliCan,1500000.0,3.7286666666666666e-07,Ore processed,1,ore
QC-MAIN-a97821c0,Underground mining and beneficiation at Raglan,"Underground, concentrator",Ni–Cu sulfide,Air,Total particulate matter,Emission,Fugitive Emissions,tonnes,1.8213,MetalliCan,MetalliCan,1500000.0,1.2142e-06,Ore processed,1,ore
QC-MAIN-a97821c0,Underground mining and beneficiation at Raglan,"Underground, concentrator",Ni–Cu sulfide,Air,Volatile Organic Compounds (Total),Emission,Fugitive Emissions,tonnes,0.2459,MetalliCan,MetalliCan,1500000.0,1.6393333333333333e-07,Ore processed,1,ore
ON-MAIN-f8313ebd,Underground mining and beneficiation at Kidd Creek,"Underground, concentrator",Cu polymetallic,Air,Carbon monoxide,Emission,Fugitive Emissions,tonnes,0.027,MetalliCan,MetalliCan,1340000.0,2.0149253731343283e-08,Ore processed,1,ore
ON-MAIN-f8313ebd,Underground mining and beneficiation at Kidd Creek,"Underground, concentrator",Cu polymetallic,Air,Copper (and its compounds),Emission,Fugitive Emissions,tonnes,0.035,MetalliCan,MetalliCan,1340000.0,2.611940298507463e-08,Ore processed,1,ore
ON-MAIN-f8313ebd,Underground mining and beneficiation at Kidd Creek,"Underground, concentrator",Cu polymetallic,Air,Lead (and its compounds),Emission,Fugitive Emissions,kg,1.594,MetalliCan,MetalliCan,1340000.0,1.1895522388059702e-06,Ore processed,1,ore
ON-MAIN-f8313ebd,Underground mining and beneficiation at Kidd Creek,"Underground, concentrator",Cu polymetallic,Air,PM10 - Particulate Matter <= 10 Micrometers,Emission,Fugitive Emissions,tonnes,0.652,MetalliCan,MetalliCan,1340000.0,4.865671641791045e-07,Ore processed,1,ore
ON-MAIN-f8313ebd,Underground mining and beneficiation at Kidd Creek,"Underground, concentrator",Cu polymetallic,Air,PM2.5 - Particulate Matter <= 2.5 Micrometers,Emission,Fugitive Emissions,tonnes,0.034,MetalliCan,MetalliCan,1340000.0,2.537313432835821e-08,Ore processed,1,ore
ON-MAIN-f8313ebd,Underground mining and beneficiation at Kidd Creek,"Underground, concentrator",Cu polymetallic,Air,Total particulate matter,Emission,Fugitive Emissions,tonnes,1.518,MetalliCan,MetalliCan,1340000.0,1.1328358208955223e-06,Ore processed,1,ore
ON-MAIN-f8313ebd,Underground mining and beneficiation at Kidd Creek,"Underground, concentrator",Cu polymetallic,Air,Zinc (and its compounds),Emission,Fugitive Emissions,tonnes,0.08,MetalliCan,MetalliCan,1340000.0,5.970149253731343e-08,Ore processed,1,ore
ON-MAIN-3b3e5365,,,,Air,Arsenic (and its compounds),Emission,Fugitive Emissions,kg,21.148381,MetalliCan,MetalliCan,,,Ore processed,1,ore
ON-MAIN-fefeaee4,Underground mining and beneficiation at Musselwhite,"Underground, concentrator",Au–Ag free-milling,Air,Arsenic (and its compounds),Emission,Fugitive Emissions,kg,3.918,MetalliCan,MetalliCan,1028000.0,3.811284046692607e-06,Ore processed,1,ore
ON-MAIN-3b3e5365,,,,Air,Cadmium (and its compounds),Emission,Fugitive Emissions,kg,0.140027,MetalliCan,MetalliCan,,,Ore processed,1,ore
ON-MAIN-3b3e5365,,,,Air,Carbon monoxide,Emission,Fugitive Emissions,tonnes,31.0127,MetalliCan,MetalliCan,,,Ore processed,1,ore
ON-MAIN-fefeaee4,Underground mining and beneficiation at Musselwhite,"Underground, concentrator",Au–Ag free-milling,Air,Carbon monoxide,Emission,Fugitive Emissions,tonnes,33.53805,MetalliCan,MetalliCan,1028000.0,3.262456225680934e-05,Ore processed,1,ore
QC-MAIN-6dc537e6,Underground mining and beneficiation at Éléonore,"Underground, concentrator",Au–Ag free-milling,Air,Carbon monoxide,Emission,Fugitive Emissions,tonnes,159.04,MetalliCan,MetalliCan,1661000.0,9.574954846478025e-05,Ore processed,1,ore
ON-MAIN-3b3e5365,,,,Air,Chromium (and its compounds),Emission,Fugitive Emissions,tonnes,0.039773,MetalliCan,MetalliCan,,,Ore processed,1,ore
QC-MAIN-6dc537e6,Underground mining and beneficiation at Éléonore,"Underground, concentrator",Au–Ag free-milling,Air,Chromium (and its compounds),Emission,Fugitive Emissions,tonnes,3e-05,MetalliCan,MetalliCan,1661000.0,1.8061408789885613e-11,Ore processed,1,ore
ON-MAIN-3b3e5365,,,,Air,Cobalt (and its compounds),Emission,Fugitive Emissions,kg,8.742762,MetalliCan,MetalliCan,,,Ore processed,1,ore
ON-MAIN-fefeaee4,Underground mining and beneficiation at Musselwhite,"Underground, concentrator",Au–Ag free-milling,Air,Cobalt (and its compounds),Emission,Fugitive Emissions,kg,0.000979,MetalliCan,MetalliCan,1028000.0,9.523346303501947e-10,Ore processed,1,ore
QC-MAIN-6dc537e6,Underground mining and beneficiation at Éléonore,"Underground, concentrator",Au–Ag free-milling,Air,Cobalt (and its compounds),Emission,Fugitive Emissions,kg,0.00022,MetalliCan,MetalliCan,1661000.0,1.3245033112582783e-10,Ore processed,1,ore
ON-MAIN-3b3e5365,,,,Air,Copper (and its compounds),Emission,Fugitive Emissions,tonnes,0.033748,MetalliCan,MetalliCan,,,Ore processed,1,ore
ON-MAIN-3b3e5365,,,,Air,Lead (and its compounds),Emission,Fugitive Emissions,kg,2.696152,MetalliCan,MetalliCan,,,Ore processed,1,ore
ON-MAIN-fefeaee4,Underground mining and beneficiation at Musselwhite,"Underground, concentrator",Au–Ag free-milling,Air,Lead (and its compounds),Emission,Fugitive Emissions,kg,13.055331,MetalliCan,MetalliCan,1028000.0,1.269973832684825e-05,Ore processed,1,ore
QC-MAIN-6dc537e6,Underground mining and beneficiation at Éléonore,"Underground, concentrator",Au–Ag free-milling,Air,Lead (and its compounds),Emission,Fugitive Emissions,kg,0.381,MetalliCan,MetalliCan,1661000.0,2.2937989163154727e-07,Ore processed,1,ore
ON-MAIN-3b3e5365,,,,Air,Manganese (and its compounds),Emission,Fugitive Emissions,tonnes,0.304121,MetalliCan,MetalliCan,,,Ore processed,1,ore
QC-MAIN-6dc537e6,Underground mining and beneficiation at Éléonore,"Underground, concentrator",Au–Ag free-milling,Air,Manganese (and its compounds),Emission,Fugitive Emissions,tonnes,0.00027,MetalliCan,MetalliCan,1661000.0,1.625526791089705e-10,Ore processed,1,ore
ON-MAIN-3b3e5365,,,,Air,Mercury (and its compounds),Emission,Fugitive Emissions,tonnes,2.147e-06,MetalliCan,MetalliCan,,,Ore processed,1,ore
ON-MAIN-fefeaee4,Underground mining and beneficiation at Musselwhite,"Underground, concentrator",Au–Ag free-milling,Air,Mercury (and its compounds),Emission,Fugitive Emissions,tonnes,7.12e-07,MetalliCan,MetalliCan,1028000.0,6.926070038910506e-13,Ore processed,1,ore
QC-MAIN-6dc537e6,Underground mining and beneficiation at Éléonore,"Underground, concentrator",Au–Ag free-milling,Air,Mercury (and its compounds),Emission,Fugitive Emissions,tonnes,2e-06,MetalliCan,MetalliCan,1661000.0,1.2040939193257074e-12,Ore processed,1,ore
ON-MAIN-3b3e5365,,,,Air,Nickel (and its compounds),Emission,Fugitive Emissions,tonnes,0.000358,MetalliCan,MetalliCan,,,Ore processed,1,ore
QC-MAIN-6dc537e6,Underground mining and beneficiation at Éléonore,"Underground, concentrator",Au–Ag free-milling,Air,Nickel (and its compounds),Emission,Fugitive Emissions,tonnes,3e-05,MetalliCan,MetalliCan,1661000.0,1.8061408789885613e-11,Ore processed,1,ore
ON-MAIN-3b3e5365,,,,Air,Nitrogen oxides (expressed as nitrogen dioxide),Emission,Fugitive Emissions,tonnes,6.797679,MetalliCan,MetalliCan,,,Ore processed,1,ore
QC-MAIN-6dc537e6,Underground mining and beneficiation at Éléonore,"Underground, concentrator",Au–Ag free-milling,Air,Nitrogen oxides (expressed as nitrogen dioxide),Emission,Fugitive Emissions,tonnes,110.9,MetalliCan,MetalliCan,1661000.0,6.676700782661047e-05,Ore processed,1,ore
ON-MAIN-3b3e5365,,,,Air,PM10 - Particulate Matter <= 10 Micrometers,Emission,Fugitive Emissions,tonnes,10.932114,MetalliCan,MetalliCan,,,Ore processed,1,ore
ON-MAIN-fefeaee4,Underground mining and beneficiation at Musselwhite,"Underground, concentrator",Au–Ag free-milling,Air,PM10 - Particulate Matter <= 10 Micrometers,Emission,Fugitive Emissions,tonnes,39.579759,MetalliCan,MetalliCan,1028000.0,3.850171108949417e-05,Ore processed,1,ore
QC-MAIN-6dc537e6,Underground mining and beneficiation at Éléonore,"Underground, concentrator",Au–Ag free-milling,Air,PM10 - Particulate Matter <= 10 Micrometers,Emission,Fugitive Emissions,tonnes,765.0,MetalliCan,MetalliCan,1661000.0,0.0004605659241420831,Ore processed,1,ore
ON-MAIN-3b3e5365,,,,Air,PM2.5 - Particulate Matter <= 2.5 Micrometers,Emission,Fugitive Emissions,tonnes,1.830757,MetalliCan,MetalliCan,,,Ore processed,1,ore
ON-MAIN-fefeaee4,Underground mining and beneficiation at Musselwhite,"Underground, concentrator",Au–Ag free-milling,Air,PM2.5 - Particulate Matter <= 2.5 Micrometers,Emission,Fugitive Emissions,tonnes,8.878198,MetalliCan,MetalliCan,1028000.0,8.636379377431906e-06,Ore processed,1,ore
QC-MAIN-6dc537e6,Underground mining and beneficiation at Éléonore,"Underground, concentrator",Au–Ag free-milling,Air,PM2.5 - Particulate Matter <= 2.5 Micrometers,Emission,Fugitive Emissions,tonnes,308.16,MetalliCan,MetalliCan,1661000.0,0.000185526791089705,Ore processed,1,ore
ON-MAIN-3b3e5365,,,,Air,Selenium (and its compounds),Emission,Fugitive Emissions,kg,0.009143,MetalliCan,MetalliCan,,,Ore processed,1,ore
ON-MAIN-fefeaee4,Underground mining and beneficiation at Musselwhite,"Underground, concentrator",Au–Ag free-milling,Air,Selenium (and its compounds),Emission,Fugitive Emissions,kg,0.28135,MetalliCan,MetalliCan,1028000.0,2.7368677042801554e-07,Ore processed,1,ore
ON-MAIN-3b3e5365,,,,Air,Thallium (and its compounds),Emission,Fugitive Emissions,kg,0.004816,MetalliCan,MetalliCan,,,Ore processed,1,ore
ON-MAIN-fefeaee4,Underground mining and beneficiation at Musselwhite,"Underground, concentrator",Au–Ag free-milling,Air,Thallium (and its compounds),Emission,Fugitive Emissions,kg,0.0099,MetalliCan,MetalliCan,1028000.0,9.63035019455253e-09,Ore processed,1,ore
ON-MAIN-3b3e5365,,,,Air,Total particulate matter,Emission,Fugitive Emissions,tonnes,25.431217,MetalliCan,MetalliCan,,,Ore processed,1,ore
ON-MAIN-fefeaee4,Underground mining and beneficiation at Musselwhite,"Underground, concentrator",Au–Ag free-milling,Air,Total particulate matter,Emission,Fugitive Emissions,tonnes,77.562468,MetalliCan,MetalliCan,1028000.0,7.544987159533073e-05,Ore processed,1,ore
QC-MAIN-6dc537e6,Underground mining and beneficiation at Éléonore,"Underground, concentrator",Au–Ag free-milling,Air,Total particulate matter,Emission,Fugitive Emissions,tonnes,1528.15,MetalliCan,MetalliCan,1661000.0,0.0009200180614087899,Ore processed,1,ore
ON-MAIN-3b3e5365,,,,Air,Vanadium (and its compounds),Emission,Fugitive Emissions,tonnes,0.019423,MetalliCan,MetalliCan,,,Ore processed,1,ore
ON-MAIN-3b3e5365,,,,Air,Zinc (and its compounds),Emission,Fugitive Emissions,tonnes,0.000456,MetalliCan,MetalliCan,,,Ore processed,1,ore
QC-MAIN-6dc537e6,Underground mining and beneficiation at Éléonore,"Underground, concentrator",Au–Ag free-milling,Air,Zinc (and its compounds),Emission,Fugitive Emissions,tonnes,0.00038,MetalliCan,MetalliCan,1661000.0,2.287778446718844e-10,Ore processed,1,ore
QC-MAIN-b86f7d07,Open-pit and underground mining and beneficiation at Casa Berardi,"Open-pit, underground, concentrator",Au–Ag free-milling,Air,PM10 - Particulate Matter <= 10 Micrometers,Emission,Fugitive Emissions,tonnes,3.332,MetalliCan,MetalliCan,1361450.0,2.447390649674979e-06,Ore processed,1,ore
QC-MAIN-b86f7d07,Open-pit and underground mining and beneficiation at Casa Berardi,"Open-pit, underground, concentrator",Au–Ag free-milling,Air,PM2.5 - Particulate Matter <= 2.5 Micrometers,Emission,Fugitive Emissions,tonnes,0.541,MetalliCan,MetalliCan,1361450.0,3.973704506224981e-07,Ore processed,1,ore
QC-MAIN-b86f7d07,Open-pit and underground mining and beneficiation at Casa Berardi,"Open-pit, underground, concentrator",Au–Ag free-milling,Air,Total particulate matter,Emission,Fugitive Emissions,tonnes,6.996,MetalliCan,MetalliCan,1361450.0,5.138638951118293e-06,Ore processed,1,ore
BC-MAIN-3f490561,Open-pit mining and beneficiation at Mount Polley,"Open-pit, concentrator",Cu Porphyry,Air,Carbon monoxide,Emission,Fugitive Emissions,tonnes,154.85,MetalliCan,MetalliCan,5948239.0,2.6032914951803382e-05,Ore processed,1,ore
BC-MAIN-3f490561,Open-pit mining and beneficiation at Mount Polley,"Open-pit, concentrator",Cu Porphyry,Air,Nitrogen oxides (expressed as nitrogen dioxide),Emission,Fugitive Emissions,tonnes,36.44,MetalliCan,MetalliCan,5948239.0,6.12618289211311e-06,Ore processed,1,ore
BC-MAIN-3f490561,Open-pit mining and beneficiation at Mount Polley,"Open-pit, concentrator",Cu Porphyry,Air,PM10 - Particulate Matter <= 10 Micrometers,Emission,Fugitive Emissions,tonnes,27.27,MetalliCan,MetalliCan,5948239.0,4.584550150052814e-06,Ore processed,1,ore
BC-MAIN-3f490561,Open-pit mining and beneficiation at Mount Polley,"Open-pit, concentrator",Cu Porphyry,Air,PM2.5 - Particulate Matter <= 2.5 Micrometers,Emission,Fugitive Emissions,tonnes,1.645,MetalliCan,MetalliCan,5948239.0,2.7655243846119835e-07,Ore processed,1,ore
BC-MAIN-3f490561,Open-pit mining and beneficiation at Mount Polley,"Open-pit, concentrator",Cu Porphyry,Air,Sulphur dioxide,Emission,Fugitive Emissions,tonnes,4.55,MetalliCan,MetalliCan,5948239.0,7.64932276594804e-07,Ore processed,1,ore
BC-MAIN-3f490561,Open-pit mining and beneficiation at Mount Polley,"Open-pit, concentrator",Cu Porphyry,Air,Total particulate matter,Emission,Fugitive Emissions,tonnes,68.15,MetalliCan,MetalliCan,5948239.0,1.145717245053536e-05,Ore processed,1,ore
NL-MAIN-dd723db4,Open-pit mining and beneficiation at Carol Lake,"Open-pit, concentrator",Fe concentrator + pellet plant,Air,Carbon monoxide,Emission,Fugitive Emissions,tonnes,1310.854,MetalliCan,MetalliCan,16478000.0,7.955176599101833e-05,Ore processed,1,ore
NL-MAIN-dd723db4,Open-pit mining and beneficiation at Carol Lake,"Open-pit, concentrator",Fe concentrator + pellet plant,Air,Nitrogen oxides (expressed as nitrogen dioxide),Emission,Fugitive Emissions,tonnes,308.436,MetalliCan,MetalliCan,16478000.0,1.8718048306833352e-05,Ore processed,1,ore
NL-MAIN-dd723db4,Open-pit mining and beneficiation at Carol Lake,"Open-pit, concentrator",Fe concentrator + pellet plant,Air,PM10 - Particulate Matter <= 10 Micrometers,Emission,Fugitive Emissions,tonnes,202.048,MetalliCan,MetalliCan,16478000.0,1.2261682242990655e-05,Ore processed,1,ore
NL-MAIN-dd723db4,Open-pit mining and beneficiation at Carol Lake,"Open-pit, concentrator",Fe concentrator + pellet plant,Air,PM2.5 - Particulate Matter <= 2.5 Micrometers,Emission,Fugitive Emissions,tonnes,28.091,MetalliCan,MetalliCan,16478000.0,1.7047578589634665e-06,Ore processed,1,ore
NL-MAIN-dd723db4,Open-pit mining and beneficiation at Carol Lake,"Open-pit, concentrator",Fe concentrator + pellet plant,Air,Sulphur dioxide,Emission,Fugitive Emissions,tonnes,0.012,MetalliCan,MetalliCan,16478000.0,7.282437188979245e-10,Ore processed,1,ore
NL-MAIN-dd723db4,Open-pit mining and beneficiation at Carol Lake,"Open-pit, concentrator",Fe concentrator + pellet plant,Air,Total particulate matter,Emission,Fugitive Emissions,tonnes,402.249,MetalliCan,MetalliCan,16478000.0,2.4411275640247603e-05,Ore processed,1,ore
NL-MAIN-dd723db4,Open-pit mining and beneficiation at Carol Lake,"Open-pit, concentrator",Fe concentrator + pellet plant,Air,Volatile Organic Compounds (Total),Emission,Fugitive Emissions,tonnes,442.837,MetalliCan,MetalliCan,16478000.0,2.6874438645466684e-05,Ore processed,1,ore
ON-MAIN-aeafbb59,Open-pit mining and beneficiation at Detour Lake,"Open-pit, concentrator",Au–Ag free-milling,Air,Antimony (and its compounds),Emission,Fugitive Emissions,tonnes,0.000955,MetalliCan,MetalliCan,25434853.5024164,3.7546903893481114e-11,Ore processed,1,ore
ON-MAIN-aeafbb59,Open-pit mining and beneficiation at Detour Lake,"Open-pit, concentrator",Au–Ag free-milling,Air,Arsenic (and its compounds),Emission,Fugitive Emissions,kg,2.529,MetalliCan,MetalliCan,25434853.5024164,9.9430492090695e-08,Ore processed,1,ore
ON-MAIN-aeafbb59,Open-pit mining and beneficiation at Detour Lake,"Open-pit, concentrator",Au–Ag free-milling,Air,Cadmium (and its compounds),Emission,Fugitive Emissions,kg,0.274,MetalliCan,MetalliCan,25434853.5024164,1.0772619546401912e-08,Ore processed,1,ore
ON-MAIN-aeafbb59,Open-pit mining and beneficiation at Detour Lake,"Open-pit, concentrator",Au–Ag free-milling,Air,Carbon monoxide,Emission,Fugitive Emissions,tonnes,1138.731,MetalliCan,MetalliCan,25434853.5024164,4.4770495725159835e-05,Ore processed,1,ore
ON-MAIN-aeafbb59,Open-pit mining and beneficiation at Detour Lake,"Open-pit, concentrator",Au–Ag free-milling,Air,Chromium (and its compounds),Emission,Fugitive Emissions,tonnes,0.078,MetalliCan,MetalliCan,25434853.5024164,3.0666581190487193e-09,Ore processed,1,ore
ON-MAIN-aeafbb59,Open-pit mining and beneficiation at Detour Lake,"Open-pit, concentrator",Au–Ag free-milling,Air,Cobalt (and its compounds),Emission,Fugitive Emissions,kg,22.965,MetalliCan,MetalliCan,25434853.5024164,9.028949192814595e-07,Ore processed,1,ore
ON-MAIN-aeafbb59,Open-pit mining and beneficiation at Detour Lake,"Open-pit, concentrator",Au–Ag free-milling,Air,Copper (and its compounds),Emission,Fugitive Emissions,tonnes,0.116,MetalliCan,MetalliCan,25434853.5024164,4.560671048841685e-09,Ore processed,1,ore
ON-MAIN-aeafbb59,Open-pit mining and beneficiation at Detour Lake,"Open-pit, concentrator",Au–Ag free-milling,Air,Hydrogen cyanide,Emission,Fugitive Emissions,tonnes,37.063,MetalliCan,MetalliCan,25434853.5024164,1.4571737162346499e-06,Ore processed,1,ore
ON-MAIN-aeafbb59,Open-pit mining and beneficiation at Detour Lake,"Open-pit, concentrator",Au–Ag free-milling,Air,Lead (and its compounds),Emission,Fugitive Emissions,kg,2.109,MetalliCan,MetalliCan,25434853.5024164,8.29177176035096e-08,Ore processed,1,ore
ON-MAIN-aeafbb59,Open-pit mining and beneficiation at Detour Lake,"Open-pit, concentrator",Au–Ag free-milling,Air,Manganese (and its compounds),Emission,Fugitive Emissions,tonnes,0.614,MetalliCan,MetalliCan,25434853.5024164,2.4140103655075816e-08,Ore processed,1,ore
ON-MAIN-aeafbb59,Open-pit mining and beneficiation at Detour Lake,"Open-pit, concentrator",Au–Ag free-milling,Air,Mercury (and its compounds),Emission,Fugitive Emissions,tonnes,5.7e-05,MetalliCan,MetalliCan,25434853.5024164,2.241019394689449e-12,Ore processed,1,ore
ON-MAIN-aeafbb59,Open-pit mining and beneficiation at Detour Lake,"Open-pit, concentrator",Au–Ag free-milling,Air,Nickel (and its compounds),Emission,Fugitive Emissions,tonnes,0.041,MetalliCan,MetalliCan,25434853.5024164,1.6119613189871473e-09,Ore processed,1,ore
ON-MAIN-aeafbb59,Open-pit mining and beneficiation at Detour Lake,"Open-pit, concentrator",Au–Ag free-milling,Air,Nitrogen oxides (expressed as nitrogen dioxide),Emission,Fugitive Emissions,tonnes,267.937,MetalliCan,MetalliCan,25434853.5024164,1.053424585184047e-05,Ore processed,1,ore
ON-MAIN-aeafbb59,Open-pit mining and beneficiation at Detour Lake,"Open-pit, concentrator",Au–Ag free-milling,Air,Phosphorus (total),Emission,Fugitive Emissions,tonnes,0.408,MetalliCan,MetalliCan,25434853.5024164,1.6040980930408685e-08,Ore processed,1,ore
ON-MAIN-aeafbb59,Open-pit mining and beneficiation at Detour Lake,"Open-pit, concentrator",Au–Ag free-milling,Air,PM10 - Particulate Matter <= 10 Micrometers,Emission,Fugitive Emissions,tonnes,239.617,MetalliCan,MetalliCan,25434853.5024164,9.420813057847397e-06,Ore processed,1,ore
ON-MAIN-aeafbb59,Open-pit mining and beneficiation at Detour Lake,"Open-pit, concentrator",Au–Ag free-milling,Air,PM2.5 - Particulate Matter <= 2.5 Micrometers,Emission,Fugitive Emissions,tonnes,66.402,MetalliCan,MetalliCan,25434853.5024164,2.6106696464240137e-06,Ore processed,1,ore
ON-MAIN-aeafbb59,Open-pit mining and beneficiation at Detour Lake,"Open-pit, concentrator",Au–Ag free-milling,Air,Selenium (and its compounds),Emission,Fugitive Emissions,kg,1.75,MetalliCan,MetalliCan,25434853.5024164,6.880322702993921e-08,Ore processed,1,ore
ON-MAIN-aeafbb59,Open-pit mining and beneficiation at Detour Lake,"Open-pit, concentrator",Au–Ag free-milling,Air,Sulphur dioxide,Emission,Fugitive Emissions,tonnes,33.492,MetalliCan,MetalliCan,25434853.5024164,1.3167758169638422e-06,Ore processed,1,ore
ON-MAIN-aeafbb59,Open-pit mining and beneficiation at Detour Lake,"Open-pit, concentrator",Au–Ag free-milling,Air,Thallium (and its compounds),Emission,Fugitive Emissions,kg,0.994,MetalliCan,MetalliCan,25434853.5024164,3.9080232953005475e-08,Ore processed,1,ore
ON-MAIN-aeafbb59,Open-pit mining and beneficiation at Detour Lake,"Open-pit, concentrator",Au–Ag free-milling,Air,Total particulate matter,Emission,Fugitive Emissions,tonnes,614.438,MetalliCan,MetalliCan,25434853.5024164,2.4157324119898166e-05,Ore processed,1,ore
ON-MAIN-aeafbb59,Open-pit mining and beneficiation at Detour Lake,"Open-pit, concentrator",Au–Ag free-milling,Air,Vanadium (and its compounds),Emission,Fugitive Emissions,tonnes,0.0968,MetalliCan,MetalliCan,25434853.5024164,3.805801357998923e-09,Ore processed,1,ore
ON-MAIN-aeafbb59,Open-pit mining and beneficiation at Detour Lake,"Open-pit, concentrator",Au–Ag free-milling,Air,Zinc (and its compounds),Emission,Fugitive Emissions,tonnes,0.044,MetalliCan,MetalliCan,25434853.5024164,1.7299097081813287e-09,Ore processed,1,ore
ON-MAIN-4e0734b5,Open-pit and underground mining and beneficiation at Fox Complex,"Open-pit, underground, concentrator",Au–Ag free-milling,Air,Arsenic (and its compounds),Emission,Fugitive Emissions,kg,1.510735,MetalliCan,MetalliCan,457000.0,3.3057658643326036e-06,Ore processed,1,ore
ON-MAIN-4e0734b5,Open-pit and underground mining and beneficiation at Fox Complex,"Open-pit, underground, concentrator",Au–Ag free-milling,Air,Cadmium (and its compounds),Emission,Fugitive Emissions,kg,0.002833,MetalliCan,MetalliCan,457000.0,6.199124726477024e-09,Ore processed,1,ore
ON-MAIN-4e0734b5,Open-pit and underground mining and beneficiation at Fox Complex,"Open-pit, underground, concentrator",Au–Ag free-milling,Air,Chromium (and its compounds),Emission,Fugitive Emissions,tonnes,0.016629,MetalliCan,MetalliCan,457000.0,3.6387308533916854e-08,Ore processed,1,ore
ON-MAIN-4e0734b5,Open-pit and underground mining and beneficiation at Fox Complex,"Open-pit, underground, concentrator",Au–Ag free-milling,Air,Cobalt (and its compounds),Emission,Fugitive Emissions,kg,1.52752,MetalliCan,MetalliCan,457000.0,3.3424945295404813e-06,Ore processed,1,ore
ON-MAIN-4e0734b5,Open-pit and underground mining and beneficiation at Fox Complex,"Open-pit, underground, concentrator",Au–Ag free-milling,Air,Copper (and its compounds),Emission,Fugitive Emissions,tonnes,0.002043,MetalliCan,MetalliCan,457000.0,4.470459518599563e-09,Ore processed,1,ore
ON-MAIN-4e0734b5,Open-pit and underground mining and beneficiation at Fox Complex,"Open-pit, underground, concentrator",Au–Ag free-milling,Air,Lead (and its compounds),Emission,Fugitive Emissions,kg,0.163021,MetalliCan,MetalliCan,457000.0,3.567199124726477e-07,Ore processed,1,ore
ON-MAIN-4e0734b5,Open-pit and underground mining and beneficiation at Fox Complex,"Open-pit, underground, concentrator",Au–Ag free-milling,Air,Manganese (and its compounds),Emission,Fugitive Emissions,tonnes,0.033985,MetalliCan,MetalliCan,457000.0,7.436542669584245e-08,Ore processed,1,ore
ON-MAIN-4e0734b5,Open-pit and underground mining and beneficiation at Fox Complex,"Open-pit, underground, concentrator",Au–Ag free-milling,Air,Nickel (and its compounds),Emission,Fugitive Emissions,tonnes,0.003211,MetalliCan,MetalliCan,457000.0,7.026258205689278e-09,Ore processed,1,ore
ON-MAIN-4e0734b5,Open-pit and underground mining and beneficiation at Fox Complex,"Open-pit, underground, concentrator",Au–Ag free-milling,Air,PM10 - Particulate Matter <= 10 Micrometers,Emission,Fugitive Emissions,tonnes,17.490508,MetalliCan,MetalliCan,457000.0,3.827244638949671e-05,Ore processed,1,ore
ON-MAIN-4e0734b5,Open-pit and underground mining and beneficiation at Fox Complex,"Open-pit, underground, concentrator",Au–Ag free-milling,Air,PM2.5 - Particulate Matter <= 2.5 Micrometers,Emission,Fugitive Emissions,tonnes,7.551442,MetalliCan,MetalliCan,457000.0,1.6523943107221005e-05,Ore processed,1,ore
ON-MAIN-4e0734b5,Open-pit and underground mining and beneficiation at Fox Complex,"Open-pit, underground, concentrator",Au–Ag free-milling,Air,Total particulate matter,Emission,Fugitive Emissions,tonnes,36.174828,MetalliCan,MetalliCan,457000.0,7.915717286652078e-05,Ore processed,1,ore
ON-MAIN-4e0734b5,Open-pit and underground mining and beneficiation at Fox Complex,"Open-pit, underground, concentrator",Au–Ag free-milling,Air,Vanadium (and its compounds),Emission,Fugitive Emissions,tonnes,0.003713,MetalliCan,MetalliCan,457000.0,8.12472647702407e-09,Ore processed,1,ore
ON-MAIN-4e0734b5,Open-pit and underground mining and beneficiation at Fox Complex,"Open-pit, underground, concentrator",Au–Ag free-milling,Air,Zinc (and its compounds),Emission,Fugitive Emissions,tonnes,0.001408,MetalliCan,MetalliCan,457000.0,3.0809628008752735e-09,Ore processed,1,ore
QC-MAIN-089f3c60,Open-pit mining at Bloom Lake,Open-pit,Magnetite concentrator,Air,Arsenic (and its compounds),Emission,Fugitive Emissions,kg,2.74,MetalliCan,MetalliCan,11187000.0,2.4492714758201485e-07,Ore processed,1,ore
QC-MAIN-089f3c60,Open-pit mining at Bloom Lake,Open-pit,Magnetite concentrator,Air,Cadmium (and its compounds),Emission,Fugitive Emissions,kg,0.113,MetalliCan,MetalliCan,11187000.0,1.01010101010101e-08,Ore processed,1,ore
QC-MAIN-089f3c60,Open-pit mining at Bloom Lake,Open-pit,Magnetite concentrator,Air,Carbon monoxide,Emission,Fugitive Emissions,tonnes,389.87,MetalliCan,MetalliCan,11187000.0,3.485027263788326e-05,Ore processed,1,ore
QC-MAIN-089f3c60,Open-pit mining at Bloom Lake,Open-pit,Magnetite concentrator,Air,Chromium (and its compounds),Emission,Fugitive Emissions,tonnes,1.35152,MetalliCan,MetalliCan,11187000.0,1.2081165638687762e-07,Ore processed,1,ore
QC-MAIN-089f3c60,Open-pit mining at Bloom Lake,Open-pit,Magnetite concentrator,Air,Cobalt (and its compounds),Emission,Fugitive Emissions,kg,298.783,MetalliCan,MetalliCan,11187000.0,2.6708053991239833e-05,Ore processed,1,ore
QC-MAIN-089f3c60,Open-pit mining at Bloom Lake,Open-pit,Magnetite concentrator,Air,Copper (and its compounds),Emission,Fugitive Emissions,tonnes,0.1715,MetalliCan,MetalliCan,11187000.0,1.533029409135604e-08,Ore processed,1,ore
QC-MAIN-089f3c60,Open-pit mining at Bloom Lake,Open-pit,Magnetite concentrator,Air,Lead (and its compounds),Emission,Fugitive Emissions,kg,10.576,MetalliCan,MetalliCan,11187000.0,9.453830338786091e-07,Ore processed,1,ore
QC-MAIN-089f3c60,Open-pit mining at Bloom Lake,Open-pit,Magnetite concentrator,Air,Manganese (and its compounds),Emission,Fugitive Emissions,tonnes,3.0989,MetalliCan,MetalliCan,11187000.0,2.7700902833646196e-07,Ore processed,1,ore
QC-MAIN-089f3c60,Open-pit mining at Bloom Lake,Open-pit,Magnetite concentrator,Air,Mercury (and its compounds),Emission,Fugitive Emissions,tonnes,0.000211,MetalliCan,MetalliCan,11187000.0,1.886117815321355e-11,Ore processed,1,ore
QC-MAIN-089f3c60,Open-pit mining at Bloom Lake,Open-pit,Magnetite concentrator,Air,Nickel (and its compounds),Emission,Fugitive Emissions,tonnes,0.52036,MetalliCan,MetalliCan,11187000.0,4.6514704567801914e-08,Ore processed,1,ore
QC-MAIN-089f3c60,Open-pit mining at Bloom Lake,Open-pit,Magnetite concentrator,Air,Nitrogen oxides (expressed as nitrogen dioxide),Emission,Fugitive Emissions,tonnes,84.27,MetalliCan,MetalliCan,11187000.0,7.532850630195762e-06,Ore processed,1,ore
QC-MAIN-089f3c60,Open-pit mining at Bloom Lake,Open-pit,Magnetite concentrator,Air,PM10 - Particulate Matter <= 10 Micrometers,Emission,Fugitive Emissions,tonnes,1091.19,MetalliCan,MetalliCan,11187000.0,9.75408956824886e-05,Ore processed,1,ore
QC-MAIN-089f3c60,Open-pit mining at Bloom Lake,Open-pit,Magnetite concentrator,Air,PM2.5 - Particulate Matter <= 2.5 Micrometers,Emission,Fugitive Emissions,tonnes,173.63,MetalliCan,MetalliCan,11187000.0,1.5520693662286584e-05,Ore processed,1,ore
QC-MAIN-089f3c60,Open-pit mining at Bloom Lake,Open-pit,Magnetite concentrator,Air,Selenium (and its compounds),Emission,Fugitive Emissions,kg,2.039,MetalliCan,MetalliCan,11187000.0,1.8226512916778406e-07,Ore processed,1,ore
QC-MAIN-089f3c60,Open-pit mining at Bloom Lake,Open-pit,Magnetite concentrator,Air,Thallium (and its compounds),Emission,Fugitive Emissions,kg,2.06,MetalliCan,MetalliCan,11187000.0,1.8414230803611334e-07,Ore processed,1,ore
QC-MAIN-089f3c60,Open-pit mining at Bloom Lake,Open-pit,Magnetite concentrator,Air,Total particulate matter,Emission,Fugitive Emissions,tonnes,2181.72,MetalliCan,MetalliCan,11187000.0,0.0001950227943148297,Ore processed,1,ore
QC-MAIN-089f3c60,Open-pit mining at Bloom Lake,Open-pit,Magnetite concentrator,Air,Vanadium (and its compounds),Emission,Fugitive Emissions,tonnes,0.2683,MetalliCan,MetalliCan,11187000.0,2.3983194779654956e-08,Ore processed,1,ore
QC-MAIN-089f3c60,Open-pit mining at Bloom Lake,Open-pit,Magnetite concentrator,Air,Zinc (and its compounds),Emission,Fugitive Emissions,tonnes,0.29421,MetalliCan,MetalliCan,11187000.0,2.6299275945293647e-08,Ore processed,1,ore
BC-MAIN-aa76f6f2,Underground mining and beneficiation at New Afton,"Underground, concentrator",Cu Porphyry,Air,Arsenic (and its compounds),Emission,Fugitive Emissions,kg,0.127926,MetalliCan,MetalliCan,3065000.0,4.1737683523654166e-08,Ore processed,1,ore
BC-MAIN-aa76f6f2,Underground mining and beneficiation at New Afton,"Underground, concentrator",Cu Porphyry,Air,Cadmium (and its compounds),Emission,Fugitive Emissions,kg,0.027141,MetalliCan,MetalliCan,3065000.0,8.855138662316475e-09,Ore processed,1,ore
BC-MAIN-aa76f6f2,Underground mining and beneficiation at New Afton,"Underground, concentrator",Cu Porphyry,Air,Chromium (and its compounds),Emission,Fugitive Emissions,tonnes,0.000464,MetalliCan,MetalliCan,3065000.0,1.5138662316476347e-10,Ore processed,1,ore
BC-MAIN-aa76f6f2,Underground mining and beneficiation at New Afton,"Underground, concentrator",Cu Porphyry,Air,Cobalt (and its compounds),Emission,Fugitive Emissions,kg,0.085675,MetalliCan,MetalliCan,3065000.0,2.795269168026101e-08,Ore processed,1,ore
BC-MAIN-aa76f6f2,Underground mining and beneficiation at New Afton,"Underground, concentrator",Cu Porphyry,Air,Copper (and its compounds),Emission,Fugitive Emissions,tonnes,0.006843,MetalliCan,MetalliCan,3065000.0,2.232626427406199e-09,Ore processed,1,ore
BC-MAIN-aa76f6f2,Underground mining and beneficiation at New Afton,"Underground, concentrator",Cu Porphyry,Air,Lead (and its compounds),Emission,Fugitive Emissions,kg,0.204369,MetalliCan,MetalliCan,3065000.0,6.667830342577487e-08,Ore processed,1,ore
BC-MAIN-aa76f6f2,Underground mining and beneficiation at New Afton,"Underground, concentrator",Cu Porphyry,Air,Manganese (and its compounds),Emission,Fugitive Emissions,tonnes,0.01212,MetalliCan,MetalliCan,3065000.0,3.9543230016313215e-09,Ore processed,1,ore
BC-MAIN-aa76f6f2,Underground mining and beneficiation at New Afton,"Underground, concentrator",Cu Porphyry,Air,Nickel (and its compounds),Emission,Fugitive Emissions,tonnes,0.000392,MetalliCan,MetalliCan,3065000.0,1.2789559543230016e-10,Ore processed,1,ore
BC-MAIN-aa76f6f2,Underground mining and beneficiation at New Afton,"Underground, concentrator",Cu Porphyry,Air,Phosphorus (total),Emission,Fugitive Emissions,tonnes,0.12203,MetalliCan,MetalliCan,3065000.0,3.9814029363784664e-08,Ore processed,1,ore
BC-MAIN-aa76f6f2,Underground mining and beneficiation at New Afton,"Underground, concentrator",Cu Porphyry,Air,PM10 - Particulate Matter <= 10 Micrometers,Emission,Fugitive Emissions,tonnes,10.652,MetalliCan,MetalliCan,3065000.0,3.4753670473083194e-06,Ore processed,1,ore
ON-MAIN-0aadf28f,Open-pit and underground mining and beneficiation at Rainy River,"Open-pit, underground, concentrator",Au–Ag free-milling,Air,PM10 - Particulate Matter <= 10 Micrometers,Emission,Fugitive Emissions,tonnes,137.144,MetalliCan,MetalliCan,8764000.0,1.564856230031949e-05,Ore processed,1,ore
BC-MAIN-aa76f6f2,Underground mining and beneficiation at New Afton,"Underground, concentrator",Cu Porphyry,Air,PM2.5 - Particulate Matter <= 2.5 Micrometers,Emission,Fugitive Emissions,tonnes,1.602,MetalliCan,MetalliCan,3065000.0,5.226753670473084e-07,Ore processed,1,ore
ON-MAIN-0aadf28f,Open-pit and underground mining and beneficiation at Rainy River,"Open-pit, underground, concentrator",Au–Ag free-milling,Air,PM2.5 - Particulate Matter <= 2.5 Micrometers,Emission,Fugitive Emissions,tonnes,28.949,MetalliCan,MetalliCan,8764000.0,3.3031720675490645e-06,Ore processed,1,ore
BC-MAIN-aa76f6f2,Underground mining and beneficiation at New Afton,"Underground, concentrator",Cu Porphyry,Air,Total particulate matter,Emission,Fugitive Emissions,tonnes,21.518,MetalliCan,MetalliCan,3065000.0,7.020554649265906e-06,Ore processed,1,ore
ON-MAIN-0aadf28f,Open-pit and underground mining and beneficiation at Rainy River,"Open-pit, underground, concentrator",Au–Ag free-milling,Air,Total particulate matter,Emission,Fugitive Emissions,tonnes,378.465,MetalliCan,MetalliCan,8764000.0,4.3184048379735275e-05,Ore processed,1,ore
BC-MAIN-aa76f6f2,Underground mining and beneficiation at New Afton,"Underground, concentrator",Cu Porphyry,Air,Vanadium (and its compounds),Emission,Fugitive Emissions,tonnes,0.000681,MetalliCan,MetalliCan,3065000.0,2.2218597063621532e-10,Ore processed,1,ore
BC-MAIN-aa76f6f2,Underground mining and beneficiation at New Afton,"Underground, concentrator",Cu Porphyry,Air,Zinc (and its compounds),Emission,Fugitive Emissions,tonnes,0.004827,MetalliCan,MetalliCan,3065000.0,1.5748776508972266e-09,Ore processed,1,ore
BC-MAIN-8eb8be0d,Open-pit mining and beneficiation at Red Chris,"Open-pit, concentrator",Au–Ag polymetallic,Air,Arsenic (and its compounds),Emission,Fugitive Emissions,kg,10.7679,MetalliCan,MetalliCan,1139000.0,9.453819139596137e-06,Ore processed,1,ore
BC-MAIN-8eb8be0d,Open-pit mining and beneficiation at Red Chris,"Open-pit, concentrator",Au–Ag polymetallic,Air,Cadmium (and its compounds),Emission,Fugitive Emissions,kg,0.4786,MetalliCan,MetalliCan,1139000.0,4.2019315188762076e-07,Ore processed,1,ore
BC-MAIN-8eb8be0d,Open-pit mining and beneficiation at Red Chris,"Open-pit, concentrator",Au–Ag polymetallic,Air,Carbon monoxide,Emission,Fugitive Emissions,tonnes,123.6578,MetalliCan,MetalliCan,1139000.0,0.00010856698858647936,Ore processed,1,ore
BC-MAIN-8eb8be0d,Open-pit mining and beneficiation at Red Chris,"Open-pit, concentrator",Au–Ag polymetallic,Air,Cobalt (and its compounds),Emission,Fugitive Emissions,kg,8.2876,MetalliCan,MetalliCan,1139000.0,7.276207199297629e-06,Ore processed,1,ore
BC-MAIN-8eb8be0d,Open-pit mining and beneficiation at Red Chris,"Open-pit, concentrator",Au–Ag polymetallic,Air,Lead (and its compounds),Emission,Fugitive Emissions,kg,16.2536,MetalliCan,MetalliCan,1139000.0,1.4270061457418787e-05,Ore processed,1,ore
BC-MAIN-8eb8be0d,Open-pit mining and beneficiation at Red Chris,"Open-pit, concentrator",Au–Ag polymetallic,Air,Mercury (and its compounds),Emission,Fugitive Emissions,tonnes,0.0005022,MetalliCan,MetalliCan,1139000.0,4.409130816505706e-10,Ore processed,1,ore
BC-MAIN-8eb8be0d,Open-pit mining and beneficiation at Red Chris,"Open-pit, concentrator",Au–Ag polymetallic,Air,Nitrogen oxides (expressed as nitrogen dioxide),Emission,Fugitive Emissions,tonnes,24.5924,MetalliCan,MetalliCan,1139000.0,2.1591220368744513e-05,Ore processed,1,ore
BC-MAIN-8eb8be0d,Open-pit mining and beneficiation at Red Chris,"Open-pit, concentrator",Au–Ag polymetallic,Air,PM10 - Particulate Matter <= 10 Micrometers,Emission,Fugitive Emissions,tonnes,138.2087,MetalliCan,MetalliCan,1139000.0,0.00012134214223002633,Ore processed,1,ore
BC-MAIN-8eb8be0d,Open-pit mining and beneficiation at Red Chris,"Open-pit, concentrator",Au–Ag polymetallic,Air,PM2.5 - Particulate Matter <= 2.5 Micrometers,Emission,Fugitive Emissions,tonnes,34.0673,MetalliCan,MetalliCan,1139000.0,2.990983318700615e-05,Ore processed,1,ore
BC-MAIN-8eb8be0d,Open-pit mining and beneficiation at Red Chris,"Open-pit, concentrator",Au–Ag polymetallic,Air,Selenium (and its compounds),Emission,Fugitive Emissions,kg,6.3966,MetalliCan,MetalliCan,1139000.0,5.615978928884987e-06,Ore processed,1,ore
BC-MAIN-8eb8be0d,Open-pit mining and beneficiation at Red Chris,"Open-pit, concentrator",Au–Ag polymetallic,Air,Thallium (and its compounds),Emission,Fugitive Emissions,kg,0.1081,MetalliCan,MetalliCan,1139000.0,9.490781387181738e-08,Ore processed,1,ore
BC-MAIN-8eb8be0d,Open-pit mining and beneficiation at Red Chris,"Open-pit, concentrator",Au–Ag polymetallic,Air,Total particulate matter,Emission,Fugitive Emissions,tonnes,585.8049,MetalliCan,MetalliCan,1139000.0,0.0005143151009657594,Ore processed,1,ore
QC-MAIN-dc1a16f9,,,,Air,Arsenic (and its compounds),Emission,Fugitive Emissions,kg,0.0126,MetalliCan,MetalliCan,,,Ore processed,1,ore
QC-MAIN-dc1a16f9,,,,Air,Cadmium (and its compounds),Emission,Fugitive Emissions,kg,0.0886,MetalliCan,MetalliCan,,,Ore processed,1,ore
QC-MAIN-dc1a16f9,,,,Air,Carbon monoxide,Emission,Fugitive Emissions,tonnes,115.49,MetalliCan,MetalliCan,,,Ore processed,1,ore
QC-MAIN-dc1a16f9,,,,Air,Cobalt (and its compounds),Emission,Fugitive Emissions,kg,0.393,MetalliCan,MetalliCan,,,Ore processed,1,ore
QC-MAIN-dc1a16f9,,,,Air,Lead (and its compounds),Emission,Fugitive Emissions,kg,0.402,MetalliCan,MetalliCan,,,Ore processed,1,ore
QC-MAIN-dc1a16f9,,,,Air,Mercury (and its compounds),Emission,Fugitive Emissions,tonnes,1.45e-06,MetalliCan,MetalliCan,,,Ore processed,1,ore
QC-MAIN-dc1a16f9,,,,Air,Nitrogen oxides (expressed as nitrogen dioxide),Emission,Fugitive Emissions,tonnes,27.17,MetalliCan,MetalliCan,,,Ore processed,1,ore
QC-MAIN-dc1a16f9,,,,Air,PM10 - Particulate Matter <= 10 Micrometers,Emission,Fugitive Emissions,tonnes,23.05,MetalliCan,MetalliCan,,,Ore processed,1,ore
QC-MAIN-dc1a16f9,,,,Air,PM2.5 - Particulate Matter <= 2.5 Micrometers,Emission,Fugitive Emissions,tonnes,16.28,MetalliCan,MetalliCan,,,Ore processed,1,ore
QC-MAIN-dc1a16f9,,,,Air,Selenium (and its compounds),Emission,Fugitive Emissions,kg,0.045,MetalliCan,MetalliCan,,,Ore processed,1,ore
QC-MAIN-dc1a16f9,,,,Air,Sulphur dioxide,Emission,Fugitive Emissions,tonnes,3.4,MetalliCan,MetalliCan,,,Ore processed,1,ore
QC-MAIN-dc1a16f9,,,,Air,Thallium (and its compounds),Emission,Fugitive Emissions,kg,0.5,MetalliCan,MetalliCan,,,Ore processed,1,ore
QC-MAIN-dc1a16f9,,,,Air,Total particulate matter,Emission,Fugitive Emissions,tonnes,89.35,MetalliCan,MetalliCan,,,Ore processed,1,ore
BC-MAIN-857b7b89,Underground mining and beneficiation at Brucejack,"Underground, concentrator",Au–Ag free-milling,Air,Carbon monoxide,Emission,Fugitive Emissions,tonnes,46.65,MetalliCan,MetalliCan,166000.0,0.0002810240963855422,Ore processed,1,ore
BC-MAIN-857b7b89,Underground mining and beneficiation at Brucejack,"Underground, concentrator",Au–Ag free-milling,Air,Nitrogen oxides (expressed as nitrogen dioxide),Emission,Fugitive Emissions,tonnes,10.962,MetalliCan,MetalliCan,166000.0,6.603614457831325e-05,Ore processed,1,ore
BC-MAIN-857b7b89,Underground mining and beneficiation at Brucejack,"Underground, concentrator",Au–Ag free-milling,Air,PM10 - Particulate Matter <= 10 Micrometers,Emission,Fugitive Emissions,tonnes,1.185,MetalliCan,MetalliCan,166000.0,7.13855421686747e-06,Ore processed,1,ore
BC-MAIN-857b7b89,Underground mining and beneficiation at Brucejack,"Underground, concentrator",Au–Ag free-milling,Air,PM2.5 - Particulate Matter <= 2.5 Micrometers,Emission,Fugitive Emissions,tonnes,0.265,MetalliCan,MetalliCan,166000.0,1.5963855421686747e-06,Ore processed,1,ore
BC-MAIN-857b7b89,Underground mining and beneficiation at Brucejack,"Underground, concentrator",Au–Ag free-milling,Air,Total particulate matter,Emission,Fugitive Emissions,tonnes,2.573,MetalliCan,MetalliCan,166000.0,1.55e-05,Ore processed,1,ore
ON-MAIN-8825d90d,Open-pit mining and beneficiation at Magino,"Open-pit, concentrator",Au–Ag free-milling,Air,Arsenic (and its compounds),Emission,Fugitive Emissions,kg,1.066256,MetalliCan,MetalliCan,1165551.0,9.148085326167624e-07,Ore processed,1,ore
ON-MAIN-8825d90d,Open-pit mining and beneficiation at Magino,"Open-pit, concentrator",Au–Ag free-milling,Air,Carbon monoxide,Emission,Fugitive Emissions,tonnes,70.737,MetalliCan,MetalliCan,1165551.0,6.0689751027625555e-05,Ore processed,1,ore
ON-MAIN-8825d90d,Open-pit mining and beneficiation at Magino,"Open-pit, concentrator",Au–Ag free-milling,Air,Chromium (and its compounds),Emission,Fugitive Emissions,tonnes,0.005527,MetalliCan,MetalliCan,1165551.0,4.74196324313565e-09,Ore processed,1,ore
ON-MAIN-8825d90d,Open-pit mining and beneficiation at Magino,"Open-pit, concentrator",Au–Ag free-milling,Air,Cobalt (and its compounds),Emission,Fugitive Emissions,kg,2.643879,MetalliCan,MetalliCan,1165551.0,2.2683511918397394e-06,Ore processed,1,ore
ON-MAIN-8825d90d,Open-pit mining and beneficiation at Magino,"Open-pit, concentrator",Au–Ag free-milling,Air,Copper (and its compounds),Emission,Fugitive Emissions,tonnes,0.010559,MetalliCan,MetalliCan,1165551.0,9.05923464524504e-09,Ore processed,1,ore
ON-MAIN-8825d90d,Open-pit mining and beneficiation at Magino,"Open-pit, concentrator",Au–Ag free-milling,Air,Lead (and its compounds),Emission,Fugitive Emissions,kg,0.277444,MetalliCan,MetalliCan,1165551.0,2.3803677402361631e-07,Ore processed,1,ore
ON-MAIN-8825d90d,Open-pit mining and beneficiation at Magino,"Open-pit, concentrator",Au–Ag free-milling,Air,Manganese (and its compounds),Emission,Fugitive Emissions,tonnes,0.160156,MetalliCan,MetalliCan,1165551.0,1.3740797270990285e-07,Ore processed,1,ore
ON-MAIN-8825d90d,Open-pit mining and beneficiation at Magino,"Open-pit, concentrator",Au–Ag free-milling,Air,Nickel (and its compounds),Emission,Fugitive Emissions,tonnes,0.003949,MetalliCan,MetalliCan,1165551.0,3.388097131742841e-09,Ore processed,1,ore
ON-MAIN-8825d90d,Open-pit mining and beneficiation at Magino,"Open-pit, concentrator",Au–Ag free-milling,Air,Nitrogen oxides (expressed as nitrogen dioxide),Emission,Fugitive Emissions,tonnes,0.8322,MetalliCan,MetalliCan,1165551.0,7.139970709132419e-07,Ore processed,1,ore
ON-MAIN-8825d90d,Open-pit mining and beneficiation at Magino,"Open-pit, concentrator",Au–Ag free-milling,Air,PM10 - Particulate Matter <= 10 Micrometers,Emission,Fugitive Emissions,tonnes,53.345354,MetalliCan,MetalliCan,1165551.0,4.576835676860129e-05,Ore processed,1,ore
ON-MAIN-8825d90d,Open-pit mining and beneficiation at Magino,"Open-pit, concentrator",Au–Ag free-milling,Air,PM2.5 - Particulate Matter <= 2.5 Micrometers,Emission,Fugitive Emissions,tonnes,9.153672,MetalliCan,MetalliCan,1165551.0,7.853514775415233e-06,Ore processed,1,ore
ON-MAIN-8825d90d,Open-pit mining and beneficiation at Magino,"Open-pit, concentrator",Au–Ag free-milling,Air,Selenium (and its compounds),Emission,Fugitive Emissions,kg,0.272004,MetalliCan,MetalliCan,1165551.0,2.3336945358890347e-07,Ore processed,1,ore
ON-MAIN-8825d90d,Open-pit mining and beneficiation at Magino,"Open-pit, concentrator",Au–Ag free-milling,Air,Thallium (and its compounds),Emission,Fugitive Emissions,kg,0.022304,MetalliCan,MetalliCan,1165551.0,1.9136013782322695e-08,Ore processed,1,ore
ON-MAIN-8825d90d,Open-pit mining and beneficiation at Magino,"Open-pit, concentrator",Au–Ag free-milling,Air,Total particulate matter,Emission,Fugitive Emissions,tonnes,136.932537,MetalliCan,MetalliCan,1165551.0,0.00011748309340389223,Ore processed,1,ore
ON-MAIN-8825d90d,Open-pit mining and beneficiation at Magino,"Open-pit, concentrator",Au–Ag free-milling,Air,Vanadium (and its compounds),Emission,Fugitive Emissions,tonnes,0.001986,MetalliCan,MetalliCan,1165551.0,1.703915143996273e-09,Ore processed,1,ore
ON-MAIN-7f050560,Underground mining and beneficiation at Red Lake,"Underground, concentrator",Au–Ag refractory,Air,Arsenic (and its compounds),Emission,Fugitive Emissions,kg,0.052195,MetalliCan,MetalliCan,841000.0,6.206302021403092e-08,Ore processed,1,ore
ON-MAIN-7f050560,Underground mining and beneficiation at Red Lake,"Underground, concentrator",Au–Ag refractory,Air,Cobalt (and its compounds),Emission,Fugitive Emissions,kg,0.00665,MetalliCan,MetalliCan,841000.0,7.907253269916765e-09,Ore processed,1,ore
ON-MAIN-7f050560,Underground mining and beneficiation at Red Lake,"Underground, concentrator",Au–Ag refractory,Air,PM10 - Particulate Matter <= 10 Micrometers,Emission,Fugitive Emissions,tonnes,0.083759,MetalliCan,MetalliCan,841000.0,9.959453032104637e-08,Ore processed,1,ore
ON-MAIN-7f050560,Underground mining and beneficiation at Red Lake,"Underground, concentrator",Au–Ag refractory,Air,PM2.5 - Particulate Matter <= 2.5 Micrometers,Emission,Fugitive Emissions,tonnes,0.012683,MetalliCan,MetalliCan,841000.0,1.5080856123662305e-08,Ore processed,1,ore
NL-MAIN-b64bae7a,Open-pit mining and beneficiation at Scully,"Open-pit, concentrator",Fe concentrator,Air,Carbon monoxide,Emission,Fugitive Emissions,tonnes,227.921,MetalliCan,MetalliCan,3560000.0,6.402275280898876e-05,Ore processed,1,ore
NL-MAIN-b64bae7a,Open-pit mining and beneficiation at Scully,"Open-pit, concentrator",Fe concentrator,Air,Nitrogen oxides (expressed as nitrogen dioxide),Emission,Fugitive Emissions,tonnes,53.598,MetalliCan,MetalliCan,3560000.0,1.505561797752809e-05,Ore processed,1,ore
NL-MAIN-b64bae7a,Open-pit mining and beneficiation at Scully,"Open-pit, concentrator",Fe concentrator,Air,PM10 - Particulate Matter <= 10 Micrometers,Emission,Fugitive Emissions,tonnes,26.191,MetalliCan,MetalliCan,3560000.0,7.357022471910112e-06,Ore processed,1,ore
NL-MAIN-b64bae7a,Open-pit mining and beneficiation at Scully,"Open-pit, concentrator",Fe concentrator,Air,PM2.5 - Particulate Matter <= 2.5 Micrometers,Emission,Fugitive Emissions,tonnes,9.142,MetalliCan,MetalliCan,3560000.0,2.5679775280898876e-06,Ore processed,1,ore
NL-MAIN-b64bae7a,Open-pit mining and beneficiation at Scully,"Open-pit, concentrator",Fe concentrator,Air,Sulphur dioxide,Emission,Fugitive Emissions,tonnes,6.7,MetalliCan,MetalliCan,3560000.0,1.8820224719101124e-06,Ore processed,1,ore
NL-MAIN-b64bae7a,Open-pit mining and beneficiation at Scully,"Open-pit, concentrator",Fe concentrator,Air,Total particulate matter,Emission,Fugitive Emissions,tonnes,52.996,MetalliCan,MetalliCan,3560000.0,1.4886516853932586e-05,Ore processed,1,ore
BC-MAIN-bf503b6b,Open-pit mining and beneficiation at Highland Valley,"Open-pit, concentrator",Cu polymetallic,Air,Carbon monoxide,Emission,Fugitive Emissions,tonnes,697.767,MetalliCan,MetalliCan,17408000.0,4.008312270220589e-05,Ore processed,1,ore
BC-MAIN-bf503b6b,Open-pit mining and beneficiation at Highland Valley,"Open-pit, concentrator",Cu polymetallic,Air,Nitrogen oxides (expressed as nitrogen dioxide),Emission,Fugitive Emissions,tonnes,164.18,MetalliCan,MetalliCan,17408000.0,9.431295955882353e-06,Ore processed,1,ore
BC-MAIN-bf503b6b,Open-pit mining and beneficiation at Highland Valley,"Open-pit, concentrator",Cu polymetallic,Air,PM10 - Particulate Matter <= 10 Micrometers,Emission,Fugitive Emissions,tonnes,2903.201,MetalliCan,MetalliCan,17408000.0,0.00016677395450367648,Ore processed,1,ore
BC-MAIN-bf503b6b,Open-pit mining and beneficiation at Highland Valley,"Open-pit, concentrator",Cu polymetallic,Air,PM2.5 - Particulate Matter <= 2.5 Micrometers,Emission,Fugitive Emissions,tonnes,1323.423,MetalliCan,MetalliCan,17408000.0,7.60238396139706e-05,Ore processed,1,ore
BC-MAIN-bf503b6b,Open-pit mining and beneficiation at Highland Valley,"Open-pit, concentrator",Cu polymetallic,Air,Total particulate matter,Emission,Fugitive Emissions,tonnes,5660.244,MetalliCan,MetalliCan,17408000.0,0.00032515188419117647,Ore processed,1,ore
BC-MAIN-bf503b6b,Open-pit mining and beneficiation at Highland Valley,"Open-pit, concentrator",Cu polymetallic,Air,Volatile Organic Compounds (Total),Emission,Fugitive Emissions,tonnes,39.775,MetalliCan,MetalliCan,17408000.0,2.284869025735294e-06,Ore processed,1,ore
MB-MAIN-e0a6250e,Open-pit and underground mining and beneficiation at Thompson (T-1 and T-3),"Open-pit, underground, concentrator",Ni–Cu sulfide,Air,Total particulate matter,Emission,Fugitive Emissions,tonnes,0.07,MetalliCan,MetalliCan,464705.882352941,1.5063291139240516e-07,Ore processed,1,ore
NL-MAIN-2d8801d6,Open-pit and underground mining and beneficiation at Voisey’s Bay,"Open-pit, underground, concentrator",Ni–Cu sulfide,Air,Arsenic (and its compounds),Emission,Fugitive Emissions,kg,0.887,MetalliCan,MetalliCan,794117.647058823,1.1169629629629638e-06,Ore processed,1,ore
NL-MAIN-2d8801d6,Open-pit and underground mining and beneficiation at Voisey’s Bay,"Open-pit, underground, concentrator",Ni–Cu sulfide,Air,Cadmium (and its compounds),Emission,Fugitive Emissions,kg,0.828,MetalliCan,MetalliCan,794117.647058823,1.0426666666666672e-06,Ore processed,1,ore
NL-MAIN-2d8801d6,Open-pit and underground mining and beneficiation at Voisey’s Bay,"Open-pit, underground, concentrator",Ni–Cu sulfide,Air,Carbon monoxide,Emission,Fugitive Emissions,tonnes,72.238,MetalliCan,MetalliCan,794117.647058823,9.096637037037042e-05,Ore processed,1,ore
NL-MAIN-2d8801d6,Open-pit and underground mining and beneficiation at Voisey’s Bay,"Open-pit, underground, concentrator",Ni–Cu sulfide,Air,Chromium (and its compounds),Emission,Fugitive Emissions,tonnes,0.014,MetalliCan,MetalliCan,794117.647058823,1.762962962962964e-08,Ore processed,1,ore
NL-MAIN-2d8801d6,Open-pit and underground mining and beneficiation at Voisey’s Bay,"Open-pit, underground, concentrator",Ni–Cu sulfide,Air,Cobalt (and its compounds),Emission,Fugitive Emissions,kg,14.388,MetalliCan,MetalliCan,794117.647058823,1.8118222222222233e-05,Ore processed,1,ore
NL-MAIN-2d8801d6,Open-pit and underground mining and beneficiation at Voisey’s Bay,"Open-pit, underground, concentrator",Ni–Cu sulfide,Air,Copper (and its compounds),Emission,Fugitive Emissions,tonnes,0.176,MetalliCan,MetalliCan,794117.647058823,2.2162962962962975e-07,Ore processed,1,ore
NL-MAIN-2d8801d6,Open-pit and underground mining and beneficiation at Voisey’s Bay,"Open-pit, underground, concentrator",Ni–Cu sulfide,Air,Lead (and its compounds),Emission,Fugitive Emissions,kg,6.258,MetalliCan,MetalliCan,794117.647058823,7.880444444444449e-06,Ore processed,1,ore
NL-MAIN-2d8801d6,Open-pit and underground mining and beneficiation at Voisey’s Bay,"Open-pit, underground, concentrator",Ni–Cu sulfide,Air,Manganese (and its compounds),Emission,Fugitive Emissions,tonnes,0.029,MetalliCan,MetalliCan,794117.647058823,3.651851851851854e-08,Ore processed,1,ore
NL-MAIN-2d8801d6,Open-pit and underground mining and beneficiation at Voisey’s Bay,"Open-pit, underground, concentrator",Ni–Cu sulfide,Air,Mercury (and its compounds),Emission,Fugitive Emissions,tonnes,8.2e-05,MetalliCan,MetalliCan,794117.647058823,1.0325925925925932e-10,Ore processed,1,ore
NL-MAIN-2d8801d6,Open-pit and underground mining and beneficiation at Voisey’s Bay,"Open-pit, underground, concentrator",Ni–Cu sulfide,Air,Nickel (and its compounds),Emission,Fugitive Emissions,tonnes,0.282,MetalliCan,MetalliCan,794117.647058823,3.551111111111113e-07,Ore processed,1,ore
NL-MAIN-2d8801d6,Open-pit and underground mining and beneficiation at Voisey’s Bay,"Open-pit, underground, concentrator",Ni–Cu sulfide,Air,Nitrogen oxides (expressed as nitrogen dioxide),Emission,Fugitive Emissions,tonnes,16.997,MetalliCan,MetalliCan,794117.647058823,2.1403629629629645e-05,Ore processed,1,ore
NL-MAIN-2d8801d6,Open-pit and underground mining and beneficiation at Voisey’s Bay,"Open-pit, underground, concentrator",Ni–Cu sulfide,Air,Phosphorus (total),Emission,Fugitive Emissions,tonnes,0.054,MetalliCan,MetalliCan,794117.647058823,6.800000000000004e-08,Ore processed,1,ore
NL-MAIN-2d8801d6,Open-pit and underground mining and beneficiation at Voisey’s Bay,"Open-pit, underground, concentrator",Ni–Cu sulfide,Air,PM10 - Particulate Matter <= 10 Micrometers,Emission,Fugitive Emissions,tonnes,27.106,MetalliCan,MetalliCan,794117.647058823,3.41334814814815e-05,Ore processed,1,ore
NL-MAIN-2d8801d6,Open-pit and underground mining and beneficiation at Voisey’s Bay,"Open-pit, underground, concentrator",Ni–Cu sulfide,Air,PM2.5 - Particulate Matter <= 2.5 Micrometers,Emission,Fugitive Emissions,tonnes,19.687,MetalliCan,MetalliCan,794117.647058823,2.4791037037037052e-05,Ore processed,1,ore
NL-MAIN-2d8801d6,Open-pit and underground mining and beneficiation at Voisey’s Bay,"Open-pit, underground, concentrator",Ni–Cu sulfide,Air,Selenium (and its compounds),Emission,Fugitive Emissions,kg,1.564,MetalliCan,MetalliCan,794117.647058823,1.9694814814814828e-06,Ore processed,1,ore
NL-MAIN-2d8801d6,Open-pit and underground mining and beneficiation at Voisey’s Bay,"Open-pit, underground, concentrator",Ni–Cu sulfide,Air,Silver (and its compounds),Emission,Fugitive Emissions,tonnes,0.000258,MetalliCan,MetalliCan,794117.647058823,3.248888888888891e-10,Ore processed,1,ore
NL-MAIN-2d8801d6,Open-pit and underground mining and beneficiation at Voisey’s Bay,"Open-pit, underground, concentrator",Ni–Cu sulfide,Air,Total particulate matter,Emission,Fugitive Emissions,tonnes,64.36,MetalliCan,MetalliCan,794117.647058823,8.104592592592597e-05,Ore processed,1,ore
NL-MAIN-2d8801d6,Open-pit and underground mining and beneficiation at Voisey’s Bay,"Open-pit, underground, concentrator",Ni–Cu sulfide,Air,Vanadium (and its compounds),Emission,Fugitive Emissions,tonnes,0.002283,MetalliCan,MetalliCan,794117.647058823,2.8748888888888905e-09,Ore processed,1,ore
NL-MAIN-2d8801d6,Open-pit and underground mining and beneficiation at Voisey’s Bay,"Open-pit, underground, concentrator",Ni–Cu sulfide,Air,Volatile Organic Compounds (Total),Emission,Fugitive Emissions,tonnes,0.609,MetalliCan,MetalliCan,794117.647058823,7.668888888888893e-07,Ore processed,1,ore
NL-MAIN-2d8801d6,Open-pit and underground mining and beneficiation at Voisey’s Bay,"Open-pit, underground, concentrator",Ni–Cu sulfide,Air,Zinc (and its compounds),Emission,Fugitive Emissions,tonnes,0.017,MetalliCan,MetalliCan,794117.647058823,2.140740740740742e-08,Ore processed,1,ore
ON-MAIN-cb85213a,Underground mining and beneficiation at Eagle River,"Underground, concentrator",Au–Ag free-milling,Air,Arsenic (and its compounds),Emission,Fugitive Emissions,kg,0.005382,MetalliCan,MetalliCan,222627.0,2.4174965300704765e-08,Ore processed,1,ore
ON-MAIN-cb85213a,Underground mining and beneficiation at Eagle River,"Underground, concentrator",Au–Ag free-milling,Air,Arsenic (and its compounds),Emission,Fugitive Emissions,kg,0.004928,MetalliCan,MetalliCan,222627.0,2.2135679859136582e-08,Ore processed,1,ore
ON-MAIN-cb85213a,Underground mining and beneficiation at Eagle River,"Underground, concentrator",Au–Ag free-milling,Air,Cadmium (and its compounds),Emission,Fugitive Emissions,kg,0.000223,MetalliCan,MetalliCan,222627.0,1.0016754481711562e-09,Ore processed,1,ore
ON-MAIN-cb85213a,Underground mining and beneficiation at Eagle River,"Underground, concentrator",Au–Ag free-milling,Air,Cadmium (and its compounds),Emission,Fugitive Emissions,kg,0.000464,MetalliCan,MetalliCan,222627.0,2.0842036231005222e-09,Ore processed,1,ore
ON-MAIN-cb85213a,Underground mining and beneficiation at Eagle River,"Underground, concentrator",Au–Ag free-milling,Air,Chromium (and its compounds),Emission,Fugitive Emissions,tonnes,0.000318,MetalliCan,MetalliCan,222627.0,1.428398172728375e-09,Ore processed,1,ore
ON-MAIN-cb85213a,Underground mining and beneficiation at Eagle River,"Underground, concentrator",Au–Ag free-milling,Air,Chromium (and its compounds),Emission,Fugitive Emissions,tonnes,0.000667,MetalliCan,MetalliCan,222627.0,2.9960427082070006e-09,Ore processed,1,ore
ON-MAIN-cb85213a,Underground mining and beneficiation at Eagle River,"Underground, concentrator",Au–Ag free-milling,Air,Cobalt (and its compounds),Emission,Fugitive Emissions,kg,0.026576,MetalliCan,MetalliCan,222627.0,1.193745592403437e-07,Ore processed,1,ore
ON-MAIN-cb85213a,Underground mining and beneficiation at Eagle River,"Underground, concentrator",Au–Ag free-milling,Air,Cobalt (and its compounds),Emission,Fugitive Emissions,kg,0.055078,MetalliCan,MetalliCan,222627.0,2.474003602438159e-07,Ore processed,1,ore
ON-MAIN-cb85213a,Underground mining and beneficiation at Eagle River,"Underground, concentrator",Au–Ag free-milling,Air,Copper (and its compounds),Emission,Fugitive Emissions,tonnes,6.8e-05,MetalliCan,MetalliCan,222627.0,3.054436344199041e-10,Ore processed,1,ore
ON-MAIN-cb85213a,Underground mining and beneficiation at Eagle River,"Underground, concentrator",Au–Ag free-milling,Air,Copper (and its compounds),Emission,Fugitive Emissions,tonnes,0.142043,MetalliCan,MetalliCan,222627.0,6.380313259398006e-07,Ore processed,1,ore
ON-MAIN-cb85213a,Underground mining and beneficiation at Eagle River,"Underground, concentrator",Au–Ag free-milling,Air,Lead (and its compounds),Emission,Fugitive Emissions,kg,0.016819,MetalliCan,MetalliCan,222627.0,7.55478895192407e-08,Ore processed,1,ore
ON-MAIN-cb85213a,Underground mining and beneficiation at Eagle River,"Underground, concentrator",Au–Ag free-milling,Air,Lead (and its compounds),Emission,Fugitive Emissions,kg,0.034786,MetalliCan,MetalliCan,222627.0,1.5625238627839388e-07,Ore processed,1,ore
ON-MAIN-cb85213a,Underground mining and beneficiation at Eagle River,"Underground, concentrator",Au–Ag free-milling,Air,Manganese (and its compounds),Emission,Fugitive Emissions,tonnes,0.00076,MetalliCan,MetalliCan,222627.0,3.4137817964577524e-09,Ore processed,1,ore
ON-MAIN-cb85213a,Underground mining and beneficiation at Eagle River,"Underground, concentrator",Au–Ag free-milling,Air,Manganese (and its compounds),Emission,Fugitive Emissions,tonnes,0.001565,MetalliCan,MetalliCan,222627.0,7.029695409811029e-09,Ore processed,1,ore
ON-MAIN-cb85213a,Underground mining and beneficiation at Eagle River,"Underground, concentrator",Au–Ag free-milling,Air,Nickel (and its compounds),Emission,Fugitive Emissions,tonnes,0.000101,MetalliCan,MetalliCan,222627.0,4.5367363347662237e-10,Ore processed,1,ore
ON-MAIN-cb85213a,Underground mining and beneficiation at Eagle River,"Underground, concentrator",Au–Ag free-milling,Air,Nickel (and its compounds),Emission,Fugitive Emissions,tonnes,0.000212,MetalliCan,MetalliCan,222627.0,9.522654484855835e-10,Ore processed,1,ore
ON-MAIN-cb85213a,Underground mining and beneficiation at Eagle River,"Underground, concentrator",Au–Ag free-milling,Air,Phosphorus (total),Emission,Fugitive Emissions,tonnes,0.000634,MetalliCan,MetalliCan,222627.0,2.8478127091502826e-09,Ore processed,1,ore
ON-MAIN-cb85213a,Underground mining and beneficiation at Eagle River,"Underground, concentrator",Au–Ag free-milling,Air,Phosphorus (total),Emission,Fugitive Emissions,tonnes,0.001304,MetalliCan,MetalliCan,222627.0,5.857330871816986e-09,Ore processed,1,ore
ON-MAIN-cb85213a,Underground mining and beneficiation at Eagle River,"Underground, concentrator",Au–Ag free-milling,Air,PM10 - Particulate Matter <= 10 Micrometers,Emission,Fugitive Emissions,tonnes,0.597862,MetalliCan,MetalliCan,222627.0,2.6854873847287168e-06,Ore processed,1,ore
ON-MAIN-cb85213a,Underground mining and beneficiation at Eagle River,"Underground, concentrator",Au–Ag free-milling,Air,PM10 - Particulate Matter <= 10 Micrometers,Emission,Fugitive Emissions,tonnes,1.142314,MetalliCan,MetalliCan,222627.0,5.131066761893211e-06,Ore processed,1,ore
ON-MAIN-cb85213a,Underground mining and beneficiation at Eagle River,"Underground, concentrator",Au–Ag free-milling,Air,PM2.5 - Particulate Matter <= 2.5 Micrometers,Emission,Fugitive Emissions,tonnes,0.057719,MetalliCan,MetalliCan,222627.0,2.5926325198650655e-07,Ore processed,1,ore
ON-MAIN-cb85213a,Underground mining and beneficiation at Eagle River,"Underground, concentrator",Au–Ag free-milling,Air,PM2.5 - Particulate Matter <= 2.5 Micrometers,Emission,Fugitive Emissions,tonnes,0.193732,MetalliCan,MetalliCan,222627.0,8.702089144623069e-07,Ore processed,1,ore
ON-MAIN-cb85213a,Underground mining and beneficiation at Eagle River,"Underground, concentrator",Au–Ag free-milling,Air,Selenium (and its compounds),Emission,Fugitive Emissions,kg,0.001015,MetalliCan,MetalliCan,222627.0,4.559195425532393e-09,Ore processed,1,ore
ON-MAIN-cb85213a,Underground mining and beneficiation at Eagle River,"Underground, concentrator",Au–Ag free-milling,Air,Total particulate matter,Emission,Fugitive Emissions,tonnes,2.900959,MetalliCan,MetalliCan,222627.0,1.3030580297987216e-05,Ore processed,1,ore
ON-MAIN-cb85213a,Underground mining and beneficiation at Eagle River,"Underground, concentrator",Au–Ag free-milling,Air,Vanadium (and its compounds),Emission,Fugitive Emissions,tonnes,0.000132,MetalliCan,MetalliCan,222627.0,5.929199962268728e-10,Ore processed,1,ore
ON-MAIN-cb85213a,Underground mining and beneficiation at Eagle River,"Underground, concentrator",Au–Ag free-milling,Air,Vanadium (and its compounds),Emission,Fugitive Emissions,tonnes,0.000272,MetalliCan,MetalliCan,222627.0,1.2217745376796165e-09,Ore processed,1,ore
ON-MAIN-cb85213a,Underground mining and beneficiation at Eagle River,"Underground, concentrator",Au–Ag free-milling,Air,Zinc (and its compounds),Emission,Fugitive Emissions,tonnes,8.4e-05,MetalliCan,MetalliCan,222627.0,3.773127248716463e-10,Ore processed,1,ore
ON-MAIN-cb85213a,Underground mining and beneficiation at Eagle River,"Underground, concentrator",Au–Ag free-milling,Air,Zinc (and its compounds),Emission,Fugitive Emissions,tonnes,0.000174,MetalliCan,MetalliCan,222627.0,7.815763586626959e-10,Ore processed,1,ore
ON-MAIN-6e9be24e,Open-pit and underground mining and beneficiation at Hemlo (Williams),"Open-pit, underground, concentrator",Au–Ag free-milling,Air,Antimony (and its compounds),Emission,Fugitive Emissions,tonnes,2.2e-05,MetalliCan,MetalliCan,1266009.0,1.7377443604271376e-11,Ore processed,1,ore
ON-MAIN-6e9be24e,Open-pit and underground mining and beneficiation at Hemlo (Williams),"Open-pit, underground, concentrator",Au–Ag free-milling,Air,Arsenic (and its compounds),Emission,Fugitive Emissions,kg,0.059503,MetalliCan,MetalliCan,1266009.0,4.700045576295271e-08,Ore processed,1,ore
ON-MAIN-6e9be24e,Open-pit and underground mining and beneficiation at Hemlo (Williams),"Open-pit, underground, concentrator",Au–Ag free-milling,Air,Cadmium (and its compounds),Emission,Fugitive Emissions,kg,0.001637,MetalliCan,MetalliCan,1266009.0,1.2930397809178292e-09,Ore processed,1,ore
ON-MAIN-6e9be24e,Open-pit and underground mining and beneficiation at Hemlo (Williams),"Open-pit, underground, concentrator",Au–Ag free-milling,Air,Chromium (and its compounds),Emission,Fugitive Emissions,tonnes,0.001611,MetalliCan,MetalliCan,1266009.0,1.2725028021127812e-09,Ore processed,1,ore
ON-MAIN-6e9be24e,Open-pit and underground mining and beneficiation at Hemlo (Williams),"Open-pit, underground, concentrator",Au–Ag free-milling,Air,Cobalt (and its compounds),Emission,Fugitive Emissions,kg,0.064536,MetalliCan,MetalliCan,1266009.0,5.097594092932988e-08,Ore processed,1,ore
ON-MAIN-6e9be24e,Open-pit and underground mining and beneficiation at Hemlo (Williams),"Open-pit, underground, concentrator",Au–Ag free-milling,Air,Copper (and its compounds),Emission,Fugitive Emissions,tonnes,0.000236,MetalliCan,MetalliCan,1266009.0,1.8641257684582022e-10,Ore processed,1,ore
ON-MAIN-6e9be24e,Open-pit and underground mining and beneficiation at Hemlo (Williams),"Open-pit, underground, concentrator",Au–Ag free-milling,Air,Lead (and its compounds),Emission,Fugitive Emissions,kg,0.102256,MetalliCan,MetalliCan,1266009.0,8.077035787265335e-08,Ore processed,1,ore
ON-MAIN-6e9be24e,Open-pit and underground mining and beneficiation at Hemlo (Williams),"Open-pit, underground, concentrator",Au–Ag free-milling,Air,Manganese (and its compounds),Emission,Fugitive Emissions,tonnes,0.003979,MetalliCan,MetalliCan,1266009.0,3.1429476409725365e-09,Ore processed,1,ore
ON-MAIN-6e9be24e,Open-pit and underground mining and beneficiation at Hemlo (Williams),"Open-pit, underground, concentrator",Au–Ag free-milling,Air,Mercury (and its compounds),Emission,Fugitive Emissions,tonnes,1.532e-06,MetalliCan,MetalliCan,1266009.0,1.210101981897443e-12,Ore processed,1,ore
ON-MAIN-6e9be24e,Open-pit and underground mining and beneficiation at Hemlo (Williams),"Open-pit, underground, concentrator",Au–Ag free-milling,Air,Nickel (and its compounds),Emission,Fugitive Emissions,tonnes,0.00024,MetalliCan,MetalliCan,1266009.0,1.8957211204659682e-10,Ore processed,1,ore
ON-MAIN-6e9be24e,Open-pit and underground mining and beneficiation at Hemlo (Williams),"Open-pit, underground, concentrator",Au–Ag free-milling,Air,Phosphorus (total),Emission,Fugitive Emissions,tonnes,0.003099,MetalliCan,MetalliCan,1266009.0,2.4478498968016817e-09,Ore processed,1,ore
ON-MAIN-6e9be24e,Open-pit and underground mining and beneficiation at Hemlo (Williams),"Open-pit, underground, concentrator",Au–Ag free-milling,Air,PM10 - Particulate Matter <= 10 Micrometers,Emission,Fugitive Emissions,tonnes,5.802672,MetalliCan,MetalliCan,1266009.0,4.583436610640209e-06,Ore processed,1,ore
ON-MAIN-6e9be24e,Open-pit and underground mining and beneficiation at Hemlo (Williams),"Open-pit, underground, concentrator",Au–Ag free-milling,Air,PM2.5 - Particulate Matter <= 2.5 Micrometers,Emission,Fugitive Emissions,tonnes,2.246988,MetalliCan,MetalliCan,1266009.0,1.7748594204306605e-06,Ore processed,1,ore
ON-MAIN-6e9be24e,Open-pit and underground mining and beneficiation at Hemlo (Williams),"Open-pit, underground, concentrator",Au–Ag free-milling,Air,Selenium (and its compounds),Emission,Fugitive Emissions,kg,0.005317,MetalliCan,MetalliCan,1266009.0,4.199812165632313e-09,Ore processed,1,ore
ON-MAIN-6e9be24e,Open-pit and underground mining and beneficiation at Hemlo (Williams),"Open-pit, underground, concentrator",Au–Ag free-milling,Air,Thallium (and its compounds),Emission,Fugitive Emissions,kg,0.0063,MetalliCan,MetalliCan,1266009.0,4.976267941223167e-09,Ore processed,1,ore
ON-MAIN-6e9be24e,Open-pit and underground mining and beneficiation at Hemlo (Williams),"Open-pit, underground, concentrator",Au–Ag free-milling,Air,Total particulate matter,Emission,Fugitive Emissions,tonnes,11.347774,MetalliCan,MetalliCan,1266009.0,8.963422850864409e-06,Ore processed,1,ore
ON-MAIN-6e9be24e,Open-pit and underground mining and beneficiation at Hemlo (Williams),"Open-pit, underground, concentrator",Au–Ag free-milling,Air,Vanadium (and its compounds),Emission,Fugitive Emissions,tonnes,0.000634,MetalliCan,MetalliCan,1266009.0,5.007863293230933e-10,Ore processed,1,ore
ON-MAIN-6e9be24e,Open-pit and underground mining and beneficiation at Hemlo (Williams),"Open-pit, underground, concentrator",Au–Ag free-milling,Air,Zinc (and its compounds),Emission,Fugitive Emissions,tonnes,0.000429,MetalliCan,MetalliCan,1266009.0,3.3886015028329184e-10,Ore processed,1,ore
QC-MAIN-e7e6a960,Open-pit mining and beneficiation at Canadian Malartic,"Open-pit, concentrator",Au–Ag free-milling,Air,Carbon monoxide,Emission,Other,tonnes,24.26,MetalliCan,MetalliCan,17332900.0,1.3996503758747815e-06,Ore processed,1,ore
QC-MAIN-e7e6a960,Open-pit mining and beneficiation at Canadian Malartic,"Open-pit, concentrator",Au–Ag free-milling,Air,Nitrogen oxides (expressed as nitrogen dioxide),Emission,Other,tonnes,112.49,MetalliCan,MetalliCan,17332900.0,6.489969941556231e-06,Ore processed,1,ore
QC-MAIN-e7e6a960,Open-pit mining and beneficiation at Canadian Malartic,"Open-pit, concentrator",Au–Ag free-milling,Air,PM10 - Particulate Matter <= 10 Micrometers,Emission,Other,tonnes,7.98,MetalliCan,MetalliCan,17332900.0,4.603961252877476e-07,Ore processed,1,ore
QC-MAIN-e7e6a960,Open-pit mining and beneficiation at Canadian Malartic,"Open-pit, concentrator",Au–Ag free-milling,Air,PM2.5 - Particulate Matter <= 2.5 Micrometers,Emission,Other,tonnes,7.97,MetalliCan,MetalliCan,17332900.0,4.5981918778738696e-07,Ore processed,1,ore
QC-MAIN-e7e6a960,Open-pit mining and beneficiation at Canadian Malartic,"Open-pit, concentrator",Au–Ag free-milling,Air,Total particulate matter,Emission,Other,tonnes,7.99,MetalliCan,MetalliCan,17332900.0,4.6097306278810817e-07,Ore processed,1,ore
QC-MAIN-e7e6a960,Open-pit mining and beneficiation at Canadian Malartic,"Open-pit, concentrator",Au–Ag free-milling,Air,Volatile Organic Compounds (Total),Emission,Other,tonnes,8.95,MetalliCan,MetalliCan,17332900.0,5.163590628227244e-07,Ore processed,1,ore
NU-MAIN-8b0264c9,Open-pit and underground mining and beneficiation at Meliadine,"Open-pit, underground, concentrator",Au–Ag free-milling,Air,Chromium (and its compounds),Emission,Other,tonnes,0.0004,MetalliCan,MetalliCan,1918143.0,2.0853502580360276e-10,Ore processed,1,ore
NU-MAIN-8b0264c9,Open-pit and underground mining and beneficiation at Meliadine,"Open-pit, underground, concentrator",Au–Ag free-milling,Air,Cobalt (and its compounds),Emission,Other,kg,1e-06,MetalliCan,MetalliCan,1918143.0,5.213375645090068e-13,Ore processed,1,ore
NU-MAIN-8b0264c9,Open-pit and underground mining and beneficiation at Meliadine,"Open-pit, underground, concentrator",Au–Ag free-milling,Air,Lead (and its compounds),Emission,Other,kg,1.3e-05,MetalliCan,MetalliCan,1918143.0,6.777388338617089e-12,Ore processed,1,ore
NU-MAIN-8b0264c9,Open-pit and underground mining and beneficiation at Meliadine,"Open-pit, underground, concentrator",Au–Ag free-milling,Air,Manganese (and its compounds),Emission,Other,tonnes,0.00309,MetalliCan,MetalliCan,1918143.0,1.6109330743328312e-09,Ore processed,1,ore
NU-MAIN-8b0264c9,Open-pit and underground mining and beneficiation at Meliadine,"Open-pit, underground, concentrator",Au–Ag free-milling,Air,Nickel (and its compounds),Emission,Other,tonnes,0.000275,MetalliCan,MetalliCan,1918143.0,1.433678302399769e-10,Ore processed,1,ore
NU-MAIN-8b0264c9,Open-pit and underground mining and beneficiation at Meliadine,"Open-pit, underground, concentrator",Au–Ag free-milling,Air,PM10 - Particulate Matter <= 10 Micrometers,Emission,Other,tonnes,0.045926,MetalliCan,MetalliCan,1918143.0,2.3942948987640653e-08,Ore processed,1,ore
NU-MAIN-8b0264c9,Open-pit and underground mining and beneficiation at Meliadine,"Open-pit, underground, concentrator",Au–Ag free-milling,Air,PM2.5 - Particulate Matter <= 2.5 Micrometers,Emission,Other,tonnes,0.034445,MetalliCan,MetalliCan,1918143.0,1.7957472409512744e-08,Ore processed,1,ore
NU-MAIN-8b0264c9,Open-pit and underground mining and beneficiation at Meliadine,"Open-pit, underground, concentrator",Au–Ag free-milling,Air,Total particulate matter,Emission,Other,tonnes,0.045926,MetalliCan,MetalliCan,1918143.0,2.3942948987640653e-08,Ore processed,1,ore
NU-MAIN-8b0264c9,Open-pit and underground mining and beneficiation at Meliadine,"Open-pit, underground, concentrator",Au–Ag free-milling,Air,Zinc (and its compounds),Emission,Other,tonnes,0.002336,MetalliCan,MetalliCan,1918143.0,1.21784455069304e-09,Ore processed,1,ore
BC-MAIN-ed23117f,Open-pit mining and beneficiation at Mount Milligan,"Open-pit, concentrator",Cu Porphyry,Air,PM10 - Particulate Matter <= 10 Micrometers,Emission,Other,tonnes,2.022,MetalliCan,MetalliCan,21680000.0,9.326568265682656e-08,Ore processed,1,ore
BC-MAIN-ed23117f,Open-pit mining and beneficiation at Mount Milligan,"Open-pit, concentrator",Cu Porphyry,Air,PM2.5 - Particulate Matter <= 2.5 Micrometers,Emission,Other,tonnes,2.022,MetalliCan,MetalliCan,21680000.0,9.326568265682656e-08,Ore processed,1,ore
BC-MAIN-ed23117f,Open-pit mining and beneficiation at Mount Milligan,"Open-pit, concentrator",Cu Porphyry,Air,Total particulate matter,Emission,Other,tonnes,2.022,MetalliCan,MetalliCan,21680000.0,9.326568265682656e-08,Ore processed,1,ore
BC-MAIN-6b4800fe,Open-pit mining and beneficiation at Gibraltar,"Open-pit, concentrator",Cu polymetallic,Air,Carbon monoxide,Emission,Other,tonnes,1074.357024,MetalliCan,MetalliCan,30000000.0,3.5811900799999995e-05,Ore processed,1,ore
BC-MAIN-6b4800fe,Open-pit mining and beneficiation at Gibraltar,"Open-pit, concentrator",Cu polymetallic,Air,Nitrogen oxides (expressed as nitrogen dioxide),Emission,Other,tonnes,252.789888,MetalliCan,MetalliCan,30000000.0,8.4263296e-06,Ore processed,1,ore
BC-MAIN-6b4800fe,Open-pit mining and beneficiation at Gibraltar,"Open-pit, concentrator",Cu polymetallic,Air,PM10 - Particulate Matter <= 10 Micrometers,Emission,Other,tonnes,117.764132,MetalliCan,MetalliCan,30000000.0,3.925471066666666e-06,Ore processed,1,ore
BC-MAIN-6b4800fe,Open-pit mining and beneficiation at Gibraltar,"Open-pit, concentrator",Cu polymetallic,Air,PM2.5 - Particulate Matter <= 2.5 Micrometers,Emission,Other,tonnes,16.308575,MetalliCan,MetalliCan,30000000.0,5.436191666666667e-07,Ore processed,1,ore
BC-MAIN-6b4800fe,Open-pit mining and beneficiation at Gibraltar,"Open-pit, concentrator",Cu polymetallic,Air,Sulphur dioxide,Emission,Other,tonnes,31.598736,MetalliCan,MetalliCan,30000000.0,1.0532912e-06,Ore processed,1,ore
BC-MAIN-6b4800fe,Open-pit mining and beneficiation at Gibraltar,"Open-pit, concentrator",Cu polymetallic,Air,Total particulate matter,Emission,Other,tonnes,226.269047,MetalliCan,MetalliCan,30000000.0,7.542301566666666e-06,Ore processed,1,ore
BC-MAIN-3f490561,Open-pit mining and beneficiation at Mount Polley,"Open-pit, concentrator",Cu Porphyry,Air,Carbon monoxide,Emission,Other,tonnes,274.25,MetalliCan,MetalliCan,5948239.0,4.6106082825521976e-05,Ore processed,1,ore
BC-MAIN-3f490561,Open-pit mining and beneficiation at Mount Polley,"Open-pit, concentrator",Cu Porphyry,Air,Mercury (and its compounds),Emission,Other,tonnes,7.9e-05,MetalliCan,MetalliCan,5948239.0,1.32812417254922e-11,Ore processed,1,ore
BC-MAIN-3f490561,Open-pit mining and beneficiation at Mount Polley,"Open-pit, concentrator",Cu Porphyry,Air,Nitrogen oxides (expressed as nitrogen dioxide),Emission,Other,tonnes,1251.09,MetalliCan,MetalliCan,5948239.0,0.00021032947734615236,Ore processed,1,ore
BC-MAIN-3f490561,Open-pit mining and beneficiation at Mount Polley,"Open-pit, concentrator",Cu Porphyry,Air,PM10 - Particulate Matter <= 10 Micrometers,Emission,Other,tonnes,87.79,MetalliCan,MetalliCan,5948239.0,1.4758990013683043e-05,Ore processed,1,ore
BC-MAIN-3f490561,Open-pit mining and beneficiation at Mount Polley,"Open-pit, concentrator",Cu Porphyry,Air,PM2.5 - Particulate Matter <= 2.5 Micrometers,Emission,Other,tonnes,87.8,MetalliCan,MetalliCan,5948239.0,1.476067118352171e-05,Ore processed,1,ore
BC-MAIN-3f490561,Open-pit mining and beneficiation at Mount Polley,"Open-pit, concentrator",Cu Porphyry,Air,Sulphur dioxide,Emission,Other,tonnes,82.05,MetalliCan,MetalliCan,5948239.0,1.3793998526286519e-05,Ore processed,1,ore
BC-MAIN-3f490561,Open-pit mining and beneficiation at Mount Polley,"Open-pit, concentrator",Cu Porphyry,Air,Total particulate matter,Emission,Other,tonnes,87.81,MetalliCan,MetalliCan,5948239.0,1.4762352353360382e-05,Ore processed,1,ore
BC-MAIN-3f490561,Open-pit mining and beneficiation at Mount Polley,"Open-pit, concentrator",Cu Porphyry,Air,Volatile Organic Compounds (Total),Emission,Other,tonnes,101.14,MetalliCan,MetalliCan,5948239.0,1.7003351748307357e-05,Ore processed,1,ore
QC-MAIN-e51eda66,Underground mining and beneficiation at LaRonde,"Underground, concentrator",Au–Ag polymetallic,Air,Carbon monoxide,Emission,Other,tonnes,63.19,MetalliCan,MetalliCan,1501500.0,4.2084582084582085e-05,Ore processed,1,ore
QC-MAIN-e51eda66,Underground mining and beneficiation at LaRonde,"Underground, concentrator",Au–Ag polymetallic,Air,Nitrogen oxides (expressed as nitrogen dioxide),Emission,Other,tonnes,38.42,MetalliCan,MetalliCan,1501500.0,2.558774558774559e-05,Ore processed,1,ore
ON-MAIN-0aadf28f,Open-pit and underground mining and beneficiation at Rainy River,"Open-pit, underground, concentrator",Au–Ag free-milling,Air,Carbon monoxide,Emission,Other,tonnes,243.284,MetalliCan,MetalliCan,8764000.0,2.7759470561387493e-05,Ore processed,1,ore
ON-MAIN-0aadf28f,Open-pit and underground mining and beneficiation at Rainy River,"Open-pit, underground, concentrator",Au–Ag free-milling,Air,PM10 - Particulate Matter <= 10 Micrometers,Emission,Other,tonnes,12.102,MetalliCan,MetalliCan,8764000.0,1.3808763121862164e-06,Ore processed,1,ore
ON-MAIN-0aadf28f,Open-pit and underground mining and beneficiation at Rainy River,"Open-pit, underground, concentrator",Au–Ag free-milling,Air,PM2.5 - Particulate Matter <= 2.5 Micrometers,Emission,Other,tonnes,12.102,MetalliCan,MetalliCan,8764000.0,1.3808763121862164e-06,Ore processed,1,ore
ON-MAIN-0aadf28f,Open-pit and underground mining and beneficiation at Rainy River,"Open-pit, underground, concentrator",Au–Ag free-milling,Air,Sulphur dioxide,Emission,Other,tonnes,14.966,MetalliCan,MetalliCan,8764000.0,1.7076677316293928e-06,Ore processed,1,ore
ON-MAIN-0aadf28f,Open-pit and underground mining and beneficiation at Rainy River,"Open-pit, underground, concentrator",Au–Ag free-milling,Air,Total particulate matter,Emission,Other,tonnes,23.032,MetalliCan,MetalliCan,8764000.0,2.6280237334550436e-06,Ore processed,1,ore
YT-MAIN-e05ed9fe,,,,Air,Carbon monoxide,Emission,Other,tonnes,164.3711,MetalliCan,MetalliCan,,,Ore processed,1,ore
YT-MAIN-e05ed9fe,,,,Air,Nitrogen oxides (expressed as nitrogen dioxide),Emission,Other,tonnes,41.6503,MetalliCan,MetalliCan,,,Ore processed,1,ore
YT-MAIN-e05ed9fe,,,,Air,PM10 - Particulate Matter <= 10 Micrometers,Emission,Other,tonnes,63.6085,MetalliCan,MetalliCan,,,Ore processed,1,ore
YT-MAIN-e05ed9fe,,,,Air,PM2.5 - Particulate Matter <= 2.5 Micrometers,Emission,Other,tonnes,11.3942,MetalliCan,MetalliCan,,,Ore processed,1,ore
YT-MAIN-e05ed9fe,,,,Air,Sulphur dioxide,Emission,Other,tonnes,4.776,MetalliCan,MetalliCan,,,Ore processed,1,ore
YT-MAIN-e05ed9fe,,,,Air,Total particulate matter,Emission,Other,tonnes,122.5797,MetalliCan,MetalliCan,,,Ore processed,1,ore
ON-MAIN-1f126a43,Underground mining and beneficiation at Macassa,"Underground, concentrator",Au–Ag free-milling,Water,Ammonia (total),Emission,Direct Discharge,tonnes,20.754,MetalliCan,MetalliCan,441588.0,4.699855974347129e-05,Ore processed,1,ore
ON-MAIN-1f126a43,Underground mining and beneficiation at Macassa,"Underground, concentrator",Au–Ag free-milling,Water,Arsenic (and its compounds),Emission,Direct Discharge,kg,9.608,MetalliCan,MetalliCan,441588.0,2.175783762239916e-05,Ore processed,1,ore
ON-MAIN-1f126a43,Underground mining and beneficiation at Macassa,"Underground, concentrator",Au–Ag free-milling,Water,Cadmium (and its compounds),Emission,Direct Discharge,kg,0.934,MetalliCan,MetalliCan,441588.0,2.115093707256538e-06,Ore processed,1,ore
ON-MAIN-1f126a43,Underground mining and beneficiation at Macassa,"Underground, concentrator",Au–Ag free-milling,Water,Chromium (and its compounds),Emission,Direct Discharge,tonnes,0.00522,MetalliCan,MetalliCan,441588.0,1.1820973396016196e-08,Ore processed,1,ore
ON-MAIN-1f126a43,Underground mining and beneficiation at Macassa,"Underground, concentrator",Au–Ag free-milling,Water,Cobalt (and its compounds),Emission,Direct Discharge,kg,89.59,MetalliCan,MetalliCan,441588.0,0.0002028814188791362,Ore processed,1,ore
ON-MAIN-1f126a43,Underground mining and beneficiation at Macassa,"Underground, concentrator",Au–Ag free-milling,Water,Copper (and its compounds),Emission,Direct Discharge,tonnes,0.114,MetalliCan,MetalliCan,441588.0,2.581591891083997e-07,Ore processed,1,ore
ON-MAIN-1f126a43,Underground mining and beneficiation at Macassa,"Underground, concentrator",Au–Ag free-milling,Water,Cyanides (ionic),Emission,Direct Discharge,tonnes,0.0897,MetalliCan,MetalliCan,441588.0,2.0313051985108293e-07,Ore processed,1,ore
ON-MAIN-1f126a43,Underground mining and beneficiation at Macassa,"Underground, concentrator",Au–Ag free-milling,Water,Lead (and its compounds),Emission,Direct Discharge,kg,0.93,MetalliCan,MetalliCan,441588.0,2.1060354900948398e-06,Ore processed,1,ore
ON-MAIN-1f126a43,Underground mining and beneficiation at Macassa,"Underground, concentrator",Au–Ag free-milling,Water,Manganese (and its compounds),Emission,Direct Discharge,tonnes,0.759,MetalliCan,MetalliCan,441588.0,1.71879670643224e-06,Ore processed,1,ore
ON-MAIN-1f126a43,Underground mining and beneficiation at Macassa,"Underground, concentrator",Au–Ag free-milling,Water,Mercury (and its compounds),Emission,Direct Discharge,tonnes,0.00018,MetalliCan,MetalliCan,441588.0,4.076197722764206e-10,Ore processed,1,ore
ON-MAIN-1f126a43,Underground mining and beneficiation at Macassa,"Underground, concentrator",Au–Ag free-milling,Water,Nickel (and its compounds),Emission,Direct Discharge,tonnes,0.033,MetalliCan,MetalliCan,441588.0,7.473029158401044e-08,Ore processed,1,ore
ON-MAIN-1f126a43,Underground mining and beneficiation at Macassa,"Underground, concentrator",Au–Ag free-milling,Water,Nitrate ion in solution at pH >= 6.0,Emission,Direct Discharge,tonnes,47.43,MetalliCan,MetalliCan,441588.0,0.00010740780999483681,Ore processed,1,ore
ON-MAIN-1f126a43,Underground mining and beneficiation at Macassa,"Underground, concentrator",Au–Ag free-milling,Water,Phosphorus (total),Emission,Direct Discharge,tonnes,0.044,MetalliCan,MetalliCan,441588.0,9.964038877868058e-08,Ore processed,1,ore
ON-MAIN-1f126a43,Underground mining and beneficiation at Macassa,"Underground, concentrator",Au–Ag free-milling,Water,Selenium (and its compounds),Emission,Direct Discharge,kg,21.0,MetalliCan,MetalliCan,441588.0,4.7555640098915734e-05,Ore processed,1,ore
ON-MAIN-1f126a43,Underground mining and beneficiation at Macassa,"Underground, concentrator",Au–Ag free-milling,Water,Thallium (and its compounds),Emission,Direct Discharge,kg,0.3032,MetalliCan,MetalliCan,441588.0,6.866128608567263e-07,Ore processed,1,ore
ON-MAIN-1f126a43,Underground mining and beneficiation at Macassa,"Underground, concentrator",Au–Ag free-milling,Water,Vanadium (and its compounds),Emission,Direct Discharge,tonnes,0.037,MetalliCan,MetalliCan,441588.0,8.378850874570867e-08,Ore processed,1,ore
ON-MAIN-1f126a43,Underground mining and beneficiation at Macassa,"Underground, concentrator",Au–Ag free-milling,Water,Zinc (and its compounds),Emission,Direct Discharge,tonnes,0.056,MetalliCan,MetalliCan,441588.0,1.268150402637753e-07,Ore processed,1,ore
QC-MAIN-e7e6a960,Open-pit mining and beneficiation at Canadian Malartic,"Open-pit, concentrator",Au–Ag free-milling,Water,Arsenic (and its compounds),Emission,Direct Discharge,kg,2.2264,MetalliCan,MetalliCan,17332900.0,1.2844936508028084e-07,Ore processed,1,ore
QC-MAIN-e7e6a960,Open-pit mining and beneficiation at Canadian Malartic,"Open-pit, concentrator",Au–Ag free-milling,Water,Cadmium (and its compounds),Emission,Direct Discharge,kg,0.6735,MetalliCan,MetalliCan,17332900.0,3.885674064928546e-08,Ore processed,1,ore
QC-MAIN-e7e6a960,Open-pit mining and beneficiation at Canadian Malartic,"Open-pit, concentrator",Au–Ag free-milling,Water,Chromium (and its compounds),Emission,Direct Discharge,tonnes,0.0037,MetalliCan,MetalliCan,17332900.0,2.1346687513341681e-10,Ore processed,1,ore
QC-MAIN-e7e6a960,Open-pit mining and beneficiation at Canadian Malartic,"Open-pit, concentrator",Au–Ag free-milling,Water,Cobalt (and its compounds),Emission,Direct Discharge,kg,112.7972,MetalliCan,MetalliCan,17332900.0,6.507693461567308e-06,Ore processed,1,ore
QC-MAIN-e7e6a960,Open-pit mining and beneficiation at Canadian Malartic,"Open-pit, concentrator",Au–Ag free-milling,Water,Copper (and its compounds),Emission,Direct Discharge,tonnes,0.0844,MetalliCan,MetalliCan,17332900.0,4.869352503043346e-09,Ore processed,1,ore
QC-MAIN-e7e6a960,Open-pit mining and beneficiation at Canadian Malartic,"Open-pit, concentrator",Au–Ag free-milling,Water,Cyanides (ionic),Emission,Direct Discharge,tonnes,0.0986,MetalliCan,MetalliCan,17332900.0,5.688603753555377e-09,Ore processed,1,ore
QC-MAIN-e7e6a960,Open-pit mining and beneficiation at Canadian Malartic,"Open-pit, concentrator",Au–Ag free-milling,Water,Lead (and its compounds),Emission,Direct Discharge,kg,0.887,MetalliCan,MetalliCan,17332900.0,5.117435628198397e-08,Ore processed,1,ore
QC-MAIN-e7e6a960,Open-pit mining and beneficiation at Canadian Malartic,"Open-pit, concentrator",Au–Ag free-milling,Water,Manganese (and its compounds),Emission,Direct Discharge,tonnes,2.3686,MetalliCan,MetalliCan,17332900.0,1.3665341633540837e-07,Ore processed,1,ore
QC-MAIN-e7e6a960,Open-pit mining and beneficiation at Canadian Malartic,"Open-pit, concentrator",Au–Ag free-milling,Water,Mercury (and its compounds),Emission,Direct Discharge,tonnes,4.510000000000001e-05,MetalliCan,MetalliCan,17332900.0,2.601988126626243e-12,Ore processed,1,ore
QC-MAIN-e7e6a960,Open-pit mining and beneficiation at Canadian Malartic,"Open-pit, concentrator",Au–Ag free-milling,Water,Nickel (and its compounds),Emission,Direct Discharge,tonnes,0.3669,MetalliCan,MetalliCan,17332900.0,2.11678368882299e-08,Ore processed,1,ore
QC-MAIN-e7e6a960,Open-pit mining and beneficiation at Canadian Malartic,"Open-pit, concentrator",Au–Ag free-milling,Water,Selenium (and its compounds),Emission,Direct Discharge,kg,6.107,MetalliCan,MetalliCan,17332900.0,3.5233573147020987e-07,Ore processed,1,ore
QC-MAIN-e7e6a960,Open-pit mining and beneficiation at Canadian Malartic,"Open-pit, concentrator",Au–Ag free-milling,Water,Thallium (and its compounds),Emission,Direct Discharge,kg,0.7468,MetalliCan,MetalliCan,17332900.0,4.3085692526928556e-08,Ore processed,1,ore
QC-MAIN-e7e6a960,Open-pit mining and beneficiation at Canadian Malartic,"Open-pit, concentrator",Au–Ag free-milling,Water,Vanadium (and its compounds),Emission,Direct Discharge,tonnes,0.0039,MetalliCan,MetalliCan,17332900.0,2.250056251406285e-10,Ore processed,1,ore
QC-MAIN-e7e6a960,Open-pit mining and beneficiation at Canadian Malartic,"Open-pit, concentrator",Au–Ag free-milling,Water,Zinc (and its compounds),Emission,Direct Discharge,tonnes,0.0516,MetalliCan,MetalliCan,17332900.0,2.9769975018606232e-09,Ore processed,1,ore
NU-MAIN-8b0264c9,Open-pit and underground mining and beneficiation at Meliadine,"Open-pit, underground, concentrator",Au–Ag free-milling,Water,Arsenic (and its compounds),Emission,Direct Discharge,kg,2.552407,MetalliCan,MetalliCan,1918143.0,1.3306656490157409e-06,Ore processed,1,ore
NU-MAIN-8b0264c9,Open-pit and underground mining and beneficiation at Meliadine,"Open-pit, underground, concentrator",Au–Ag free-milling,Water,Cadmium (and its compounds),Emission,Direct Discharge,kg,0.006672,MetalliCan,MetalliCan,1918143.0,3.478364230404094e-09,Ore processed,1,ore
NU-MAIN-8b0264c9,Open-pit and underground mining and beneficiation at Meliadine,"Open-pit, underground, concentrator",Au–Ag free-milling,Water,Cobalt (and its compounds),Emission,Direct Discharge,kg,0.545431,MetalliCan,MetalliCan,1918143.0,2.843536691477121e-07,Ore processed,1,ore
NU-MAIN-8b0264c9,Open-pit and underground mining and beneficiation at Meliadine,"Open-pit, underground, concentrator",Au–Ag free-milling,Water,Copper (and its compounds),Emission,Direct Discharge,tonnes,0.00126,MetalliCan,MetalliCan,1918143.0,6.568853312813488e-10,Ore processed,1,ore
NU-MAIN-8b0264c9,Open-pit and underground mining and beneficiation at Meliadine,"Open-pit, underground, concentrator",Au–Ag free-milling,Water,Cyanides (ionic),Emission,Direct Discharge,tonnes,0.000593,MetalliCan,MetalliCan,1918143.0,3.0915317575384106e-10,Ore processed,1,ore
NU-MAIN-8b0264c9,Open-pit and underground mining and beneficiation at Meliadine,"Open-pit, underground, concentrator",Au–Ag free-milling,Water,Lead (and its compounds),Emission,Direct Discharge,kg,0.063545,MetalliCan,MetalliCan,1918143.0,3.312839553672484e-08,Ore processed,1,ore
NU-MAIN-8b0264c9,Open-pit and underground mining and beneficiation at Meliadine,"Open-pit, underground, concentrator",Au–Ag free-milling,Water,Manganese (and its compounds),Emission,Direct Discharge,tonnes,0.025815,MetalliCan,MetalliCan,1918143.0,1.3458329227800013e-08,Ore processed,1,ore
NU-MAIN-8b0264c9,Open-pit and underground mining and beneficiation at Meliadine,"Open-pit, underground, concentrator",Au–Ag free-milling,Water,Nickel (and its compounds),Emission,Direct Discharge,tonnes,0.002478,MetalliCan,MetalliCan,1918143.0,1.2918744848533192e-09,Ore processed,1,ore
NU-MAIN-8b0264c9,Open-pit and underground mining and beneficiation at Meliadine,"Open-pit, underground, concentrator",Au–Ag free-milling,Water,Phosphorus (total),Emission,Direct Discharge,tonnes,0.017517,MetalliCan,MetalliCan,1918143.0,9.132270117504274e-09,Ore processed,1,ore
NU-MAIN-8b0264c9,Open-pit and underground mining and beneficiation at Meliadine,"Open-pit, underground, concentrator",Au–Ag free-milling,Water,Selenium (and its compounds),Emission,Direct Discharge,kg,0.381272,MetalliCan,MetalliCan,1918143.0,1.9877141589547807e-07,Ore processed,1,ore
NU-MAIN-8b0264c9,Open-pit and underground mining and beneficiation at Meliadine,"Open-pit, underground, concentrator",Au–Ag free-milling,Water,Thallium (and its compounds),Emission,Direct Discharge,kg,0.009532,MetalliCan,MetalliCan,1918143.0,4.969389664899854e-09,Ore processed,1,ore
NU-MAIN-8b0264c9,Open-pit and underground mining and beneficiation at Meliadine,"Open-pit, underground, concentrator",Au–Ag free-milling,Water,Zinc (and its compounds),Emission,Direct Discharge,tonnes,0.001631,MetalliCan,MetalliCan,1918143.0,8.503015677141903e-10,Ore processed,1,ore
QC-MAIN-c0660aec,Underground mining and beneficiation at Goldex,"Underground, concentrator",Au–Ag polymetallic,Water,Arsenic (and its compounds),Emission,Direct Discharge,kg,0.5256,MetalliCan,MetalliCan,2886927.328724,1.8206208198261477e-07,Ore processed,1,ore
QC-MAIN-c0660aec,Underground mining and beneficiation at Goldex,"Underground, concentrator",Au–Ag polymetallic,Water,Cadmium (and its compounds),Emission,Direct Discharge,kg,0.0131,MetalliCan,MetalliCan,2886927.328724,4.53769648777065e-09,Ore processed,1,ore
QC-MAIN-c0660aec,Underground mining and beneficiation at Goldex,"Underground, concentrator",Au–Ag polymetallic,Water,Chromium (and its compounds),Emission,Direct Discharge,tonnes,0.0023,MetalliCan,MetalliCan,2886927.328724,7.966948031963737e-10,Ore processed,1,ore
QC-MAIN-c0660aec,Underground mining and beneficiation at Goldex,"Underground, concentrator",Au–Ag polymetallic,Water,Cobalt (and its compounds),Emission,Direct Discharge,kg,0.3285,MetalliCan,MetalliCan,2886927.328724,1.1378880123913424e-07,Ore processed,1,ore
QC-MAIN-c0660aec,Underground mining and beneficiation at Goldex,"Underground, concentrator",Au–Ag polymetallic,Water,Copper (and its compounds),Emission,Direct Discharge,tonnes,0.0022,MetalliCan,MetalliCan,2886927.328724,7.620558987095749e-10,Ore processed,1,ore
QC-MAIN-c0660aec,Underground mining and beneficiation at Goldex,"Underground, concentrator",Au–Ag polymetallic,Water,Lead (and its compounds),Emission,Direct Discharge,kg,0.1117,MetalliCan,MetalliCan,2886927.328724,3.869165631175432e-08,Ore processed,1,ore
QC-MAIN-c0660aec,Underground mining and beneficiation at Goldex,"Underground, concentrator",Au–Ag polymetallic,Water,Manganese (and its compounds),Emission,Direct Discharge,tonnes,0.087,MetalliCan,MetalliCan,2886927.328724,3.0135846903515e-08,Ore processed,1,ore
QC-MAIN-c0660aec,Underground mining and beneficiation at Goldex,"Underground, concentrator",Au–Ag polymetallic,Water,Nickel (and its compounds),Emission,Direct Discharge,tonnes,0.0016,MetalliCan,MetalliCan,2886927.328724,5.542224717887817e-10,Ore processed,1,ore
QC-MAIN-c0660aec,Underground mining and beneficiation at Goldex,"Underground, concentrator",Au–Ag polymetallic,Water,Zinc (and its compounds),Emission,Direct Discharge,tonnes,0.0034,MetalliCan,MetalliCan,2886927.328724,1.177722752551161e-09,Ore processed,1,ore
ON-MAIN-687b8c8d,Underground mining and beneficiation at Island,"Underground, concentrator",Au–Ag free-milling,Water,Ammonia (total),Emission,Direct Discharge,tonnes,10.24,MetalliCan,MetalliCan,439008.0,2.3325315256214012e-05,Ore processed,1,ore
ON-MAIN-7607a50e,Underground mining and beneficiation at Young-Davidson,"Underground, concentrator",Au–Ag free-milling,Water,Ammonia (total),Emission,Direct Discharge,tonnes,1.829343,MetalliCan,MetalliCan,2878047.0,6.356195711883788e-07,Ore processed,1,ore
ON-MAIN-7607a50e,Underground mining and beneficiation at Young-Davidson,"Underground, concentrator",Au–Ag free-milling,Water,Antimony (and its compounds),Emission,Direct Discharge,tonnes,0.0017,MetalliCan,MetalliCan,2878047.0,5.906783315213406e-10,Ore processed,1,ore
ON-MAIN-687b8c8d,Underground mining and beneficiation at Island,"Underground, concentrator",Au–Ag free-milling,Water,Arsenic (and its compounds),Emission,Direct Discharge,kg,4.9773,MetalliCan,MetalliCan,439008.0,1.1337606603979882e-05,Ore processed,1,ore
ON-MAIN-7607a50e,Underground mining and beneficiation at Young-Davidson,"Underground, concentrator",Au–Ag free-milling,Water,Arsenic (and its compounds),Emission,Direct Discharge,kg,6.456504,MetalliCan,MetalliCan,2878047.0,2.243362947165213e-06,Ore processed,1,ore
ON-MAIN-687b8c8d,Underground mining and beneficiation at Island,"Underground, concentrator",Au–Ag free-milling,Water,Cadmium (and its compounds),Emission,Direct Discharge,kg,0.0282,MetalliCan,MetalliCan,439008.0,6.423573146730811e-08,Ore processed,1,ore
ON-MAIN-7607a50e,Underground mining and beneficiation at Young-Davidson,"Underground, concentrator",Au–Ag free-milling,Water,Cadmium (and its compounds),Emission,Direct Discharge,kg,0.106532,MetalliCan,MetalliCan,2878047.0,3.701537883154792e-08,Ore processed,1,ore
ON-MAIN-687b8c8d,Underground mining and beneficiation at Island,"Underground, concentrator",Au–Ag free-milling,Water,Chromium (and its compounds),Emission,Direct Discharge,tonnes,0.0016,MetalliCan,MetalliCan,439008.0,3.6445805087834393e-09,Ore processed,1,ore
ON-MAIN-7607a50e,Underground mining and beneficiation at Young-Davidson,"Underground, concentrator",Au–Ag free-milling,Water,Chromium (and its compounds),Emission,Direct Discharge,tonnes,0.00226,MetalliCan,MetalliCan,2878047.0,7.852547230813117e-10,Ore processed,1,ore
ON-MAIN-687b8c8d,Underground mining and beneficiation at Island,"Underground, concentrator",Au–Ag free-milling,Water,Cobalt (and its compounds),Emission,Direct Discharge,kg,14.5471,MetalliCan,MetalliCan,439008.0,3.313629819957723e-05,Ore processed,1,ore
ON-MAIN-7607a50e,Underground mining and beneficiation at Young-Davidson,"Underground, concentrator",Au–Ag free-milling,Water,Cobalt (and its compounds),Emission,Direct Discharge,kg,10.222798,MetalliCan,MetalliCan,2878047.0,3.5519913330115872e-06,Ore processed,1,ore
ON-MAIN-687b8c8d,Underground mining and beneficiation at Island,"Underground, concentrator",Au–Ag free-milling,Water,Copper (and its compounds),Emission,Direct Discharge,tonnes,0.0212,MetalliCan,MetalliCan,439008.0,4.8290691741380565e-08,Ore processed,1,ore
ON-MAIN-7607a50e,Underground mining and beneficiation at Young-Davidson,"Underground, concentrator",Au–Ag free-milling,Water,Copper (and its compounds),Emission,Direct Discharge,tonnes,0.027978,MetalliCan,MetalliCan,2878047.0,9.721175505472982e-09,Ore processed,1,ore
ON-MAIN-687b8c8d,Underground mining and beneficiation at Island,"Underground, concentrator",Au–Ag free-milling,Water,Cyanides (ionic),Emission,Direct Discharge,tonnes,0.0118,MetalliCan,MetalliCan,439008.0,2.6878781252277863e-08,Ore processed,1,ore
ON-MAIN-687b8c8d,Underground mining and beneficiation at Island,"Underground, concentrator",Au–Ag free-milling,Water,Lead (and its compounds),Emission,Direct Discharge,kg,0.173,MetalliCan,MetalliCan,439008.0,3.940702675122093e-07,Ore processed,1,ore
ON-MAIN-7607a50e,Underground mining and beneficiation at Young-Davidson,"Underground, concentrator",Au–Ag free-milling,Water,Lead (and its compounds),Emission,Direct Discharge,kg,0.333586,MetalliCan,MetalliCan,2878047.0,1.1590707170522232e-07,Ore processed,1,ore
ON-MAIN-687b8c8d,Underground mining and beneficiation at Island,"Underground, concentrator",Au–Ag free-milling,Water,Manganese (and its compounds),Emission,Direct Discharge,tonnes,0.1223,MetalliCan,MetalliCan,439008.0,2.785826226401341e-07,Ore processed,1,ore
ON-MAIN-687b8c8d,Underground mining and beneficiation at Island,"Underground, concentrator",Au–Ag free-milling,Water,Mercury (and its compounds),Emission,Direct Discharge,tonnes,0.000173,MetalliCan,MetalliCan,439008.0,3.9407026751220936e-10,Ore processed,1,ore
ON-MAIN-7607a50e,Underground mining and beneficiation at Young-Davidson,"Underground, concentrator",Au–Ag free-milling,Water,Mercury (and its compounds),Emission,Direct Discharge,tonnes,0.000172173,MetalliCan,MetalliCan,2878047.0,5.982285904295516e-11,Ore processed,1,ore
ON-MAIN-687b8c8d,Underground mining and beneficiation at Island,"Underground, concentrator",Au–Ag free-milling,Water,Nickel (and its compounds),Emission,Direct Discharge,tonnes,0.0155,MetalliCan,MetalliCan,439008.0,3.530687367883956e-08,Ore processed,1,ore
ON-MAIN-7607a50e,Underground mining and beneficiation at Young-Davidson,"Underground, concentrator",Au–Ag free-milling,Water,Nickel (and its compounds),Emission,Direct Discharge,tonnes,0.010761,MetalliCan,MetalliCan,2878047.0,3.738993838530086e-09,Ore processed,1,ore
ON-MAIN-687b8c8d,Underground mining and beneficiation at Island,"Underground, concentrator",Au–Ag free-milling,Water,Nitrate ion in solution at pH >= 6.0,Emission,Direct Discharge,tonnes,19.6176,MetalliCan,MetalliCan,439008.0,4.4686201618193744e-05,Ore processed,1,ore
ON-MAIN-7607a50e,Underground mining and beneficiation at Young-Davidson,"Underground, concentrator",Au–Ag free-milling,Water,Nitrate ion in solution at pH >= 6.0,Emission,Direct Discharge,tonnes,95.663868,MetalliCan,MetalliCan,2878047.0,3.323916113948104e-05,Ore processed,1,ore
ON-MAIN-7607a50e,Underground mining and beneficiation at Young-Davidson,"Underground, concentrator",Au–Ag free-milling,Water,Phosphorus (total),Emission,Direct Discharge,tonnes,0.215217,MetalliCan,MetalliCan,2878047.0,7.477883439707551e-08,Ore processed,1,ore
ON-MAIN-687b8c8d,Underground mining and beneficiation at Island,"Underground, concentrator",Au–Ag free-milling,Water,Selenium (and its compounds),Emission,Direct Discharge,kg,1.4547,MetalliCan,MetalliCan,439008.0,3.313607041329543e-06,Ore processed,1,ore
ON-MAIN-7607a50e,Underground mining and beneficiation at Young-Davidson,"Underground, concentrator",Au–Ag free-milling,Water,Selenium (and its compounds),Emission,Direct Discharge,kg,8.71628,MetalliCan,MetalliCan,2878047.0,3.028539839689901e-06,Ore processed,1,ore
ON-MAIN-7607a50e,Underground mining and beneficiation at Young-Davidson,"Underground, concentrator",Au–Ag free-milling,Water,Silver (and its compounds),Emission,Direct Discharge,tonnes,0.000204,MetalliCan,MetalliCan,2878047.0,7.088139978256088e-11,Ore processed,1,ore
ON-MAIN-7607a50e,Underground mining and beneficiation at Young-Davidson,"Underground, concentrator",Au–Ag free-milling,Water,Thallium (and its compounds),Emission,Direct Discharge,kg,0.161413,MetalliCan,MetalliCan,2878047.0,5.608421266226716e-08,Ore processed,1,ore
ON-MAIN-7607a50e,Underground mining and beneficiation at Young-Davidson,"Underground, concentrator",Au–Ag free-milling,Water,Vanadium (and its compounds),Emission,Direct Discharge,tonnes,0.001722,MetalliCan,MetalliCan,2878047.0,5.983224040469109e-10,Ore processed,1,ore
ON-MAIN-687b8c8d,Underground mining and beneficiation at Island,"Underground, concentrator",Au–Ag free-milling,Water,Zinc (and its compounds),Emission,Direct Discharge,tonnes,0.0036,MetalliCan,MetalliCan,439008.0,8.200306144762737e-09,Ore processed,1,ore
ON-MAIN-7607a50e,Underground mining and beneficiation at Young-Davidson,"Underground, concentrator",Au–Ag free-milling,Water,Zinc (and its compounds),Emission,Direct Discharge,tonnes,0.01937,MetalliCan,MetalliCan,2878047.0,6.73025840092257e-09,Ore processed,1,ore
BC-MAIN-599152a0,Open-pit mining and beneficiation at Copper Mountain,"Open-pit, concentrator",Cu Porphyry,Water,Arsenic (and its compounds),Emission,Direct Discharge,kg,0.0253,MetalliCan,MetalliCan,6862152.0,3.6868900601443977e-09,Ore processed,1,ore
BC-MAIN-599152a0,Open-pit mining and beneficiation at Copper Mountain,"Open-pit, concentrator",Cu Porphyry,Water,Cadmium (and its compounds),Emission,Direct Discharge,kg,0.0003,MetalliCan,MetalliCan,6862152.0,4.371806395428139e-11,Ore processed,1,ore
BC-MAIN-599152a0,Open-pit mining and beneficiation at Copper Mountain,"Open-pit, concentrator",Cu Porphyry,Water,Cobalt (and its compounds),Emission,Direct Discharge,kg,0.0024,MetalliCan,MetalliCan,6862152.0,3.497445116342511e-10,Ore processed,1,ore
BC-MAIN-599152a0,Open-pit mining and beneficiation at Copper Mountain,"Open-pit, concentrator",Cu Porphyry,Water,Copper (and its compounds),Emission,Direct Discharge,tonnes,0.0001,MetalliCan,MetalliCan,6862152.0,1.4572687984760466e-11,Ore processed,1,ore
BC-MAIN-599152a0,Open-pit mining and beneficiation at Copper Mountain,"Open-pit, concentrator",Cu Porphyry,Water,Lead (and its compounds),Emission,Direct Discharge,kg,0.0019,MetalliCan,MetalliCan,6862152.0,2.7688107171044887e-10,Ore processed,1,ore
BC-MAIN-599152a0,Open-pit mining and beneficiation at Copper Mountain,"Open-pit, concentrator",Cu Porphyry,Water,Manganese (and its compounds),Emission,Direct Discharge,tonnes,0.0001,MetalliCan,MetalliCan,6862152.0,1.4572687984760466e-11,Ore processed,1,ore
BC-MAIN-599152a0,Open-pit mining and beneficiation at Copper Mountain,"Open-pit, concentrator",Cu Porphyry,Water,Mercury (and its compounds),Emission,Direct Discharge,tonnes,1e-07,MetalliCan,MetalliCan,6862152.0,1.4572687984760466e-14,Ore processed,1,ore
BC-MAIN-599152a0,Open-pit mining and beneficiation at Copper Mountain,"Open-pit, concentrator",Cu Porphyry,Water,Phosphorus (total),Emission,Direct Discharge,tonnes,0.0021,MetalliCan,MetalliCan,6862152.0,3.0602644767996976e-10,Ore processed,1,ore
BC-MAIN-599152a0,Open-pit mining and beneficiation at Copper Mountain,"Open-pit, concentrator",Cu Porphyry,Water,Selenium (and its compounds),Emission,Direct Discharge,kg,0.5255,MetalliCan,MetalliCan,6862152.0,7.657947535991624e-08,Ore processed,1,ore
BC-MAIN-599152a0,Open-pit mining and beneficiation at Copper Mountain,"Open-pit, concentrator",Cu Porphyry,Water,Thallium (and its compounds),Emission,Direct Discharge,kg,0.0002,MetalliCan,MetalliCan,6862152.0,2.914537596952093e-11,Ore processed,1,ore
ON-MAIN-7f050560,Underground mining and beneficiation at Red Lake,"Underground, concentrator",Au–Ag refractory,Water,Arsenic (and its compounds),Emission,Direct Discharge,kg,53.7593,MetalliCan,MetalliCan,841000.0,6.39230677764566e-05,Ore processed,1,ore
ON-MAIN-7f050560,Underground mining and beneficiation at Red Lake,"Underground, concentrator",Au–Ag refractory,Water,Cadmium (and its compounds),Emission,Direct Discharge,kg,0.028,MetalliCan,MetalliCan,841000.0,3.329369797859691e-08,Ore processed,1,ore
ON-MAIN-7f050560,Underground mining and beneficiation at Red Lake,"Underground, concentrator",Au–Ag refractory,Water,Cobalt (and its compounds),Emission,Direct Discharge,kg,14.5311,MetalliCan,MetalliCan,841000.0,1.7278359096313912e-05,Ore processed,1,ore
ON-MAIN-7f050560,Underground mining and beneficiation at Red Lake,"Underground, concentrator",Au–Ag refractory,Water,Lead (and its compounds),Emission,Direct Discharge,kg,0.1588,MetalliCan,MetalliCan,841000.0,1.8882282996432818e-07,Ore processed,1,ore
ON-MAIN-7f050560,Underground mining and beneficiation at Red Lake,"Underground, concentrator",Au–Ag refractory,Water,Mercury (and its compounds),Emission,Direct Discharge,tonnes,3.8e-06,MetalliCan,MetalliCan,841000.0,4.518430439952438e-12,Ore processed,1,ore
ON-MAIN-7f050560,Underground mining and beneficiation at Red Lake,"Underground, concentrator",Au–Ag refractory,Water,Nitrate ion in solution at pH >= 6.0,Emission,Direct Discharge,tonnes,114.69277,MetalliCan,MetalliCan,841000.0,0.0001363766587395957,Ore processed,1,ore
NL-MAIN-c139de6d,,,,Water,Ammonia (total),Emission,Direct Discharge,tonnes,0.004,MetalliCan,MetalliCan,,,Ore processed,1,ore
NL-MAIN-c139de6d,,,,Water,Copper (and its compounds),Emission,Direct Discharge,tonnes,0.0085,MetalliCan,MetalliCan,,,Ore processed,1,ore
NL-MAIN-c139de6d,,,,Water,Lead (and its compounds),Emission,Direct Discharge,kg,23.0,MetalliCan,MetalliCan,,,Ore processed,1,ore
NL-MAIN-c139de6d,,,,Water,Nickel (and its compounds),Emission,Direct Discharge,tonnes,0.005,MetalliCan,MetalliCan,,,Ore processed,1,ore
NL-MAIN-c139de6d,,,,Water,Zinc (and its compounds),Emission,Direct Discharge,tonnes,0.005,MetalliCan,MetalliCan,,,Ore processed,1,ore
BC-MAIN-6b4800fe,Open-pit mining and beneficiation at Gibraltar,"Open-pit, concentrator",Cu polymetallic,Water,Arsenic (and its compounds),Emission,Direct Discharge,kg,0.593561,MetalliCan,MetalliCan,30000000.0,1.9785366666666667e-08,Ore processed,1,ore
BC-MAIN-6b4800fe,Open-pit mining and beneficiation at Gibraltar,"Open-pit, concentrator",Cu polymetallic,Water,Cadmium (and its compounds),Emission,Direct Discharge,kg,0.007399,MetalliCan,MetalliCan,30000000.0,2.4663333333333335e-10,Ore processed,1,ore
BC-MAIN-6b4800fe,Open-pit mining and beneficiation at Gibraltar,"Open-pit, concentrator",Cu polymetallic,Water,Chromium (and its compounds),Emission,Direct Discharge,tonnes,0.00036,MetalliCan,MetalliCan,30000000.0,1.2e-11,Ore processed,1,ore
BC-MAIN-6b4800fe,Open-pit mining and beneficiation at Gibraltar,"Open-pit, concentrator",Cu polymetallic,Water,Cobalt (and its compounds),Emission,Direct Discharge,kg,0.468545,MetalliCan,MetalliCan,30000000.0,1.5618166666666666e-08,Ore processed,1,ore
BC-MAIN-6b4800fe,Open-pit mining and beneficiation at Gibraltar,"Open-pit, concentrator",Cu polymetallic,Water,Copper (and its compounds),Emission,Direct Discharge,tonnes,0.00516,MetalliCan,MetalliCan,30000000.0,1.72e-10,Ore processed,1,ore
BC-MAIN-6b4800fe,Open-pit mining and beneficiation at Gibraltar,"Open-pit, concentrator",Cu polymetallic,Water,Lead (and its compounds),Emission,Direct Discharge,kg,0.060865,MetalliCan,MetalliCan,30000000.0,2.0288333333333336e-09,Ore processed,1,ore
BC-MAIN-6b4800fe,Open-pit mining and beneficiation at Gibraltar,"Open-pit, concentrator",Cu polymetallic,Water,Manganese (and its compounds),Emission,Direct Discharge,tonnes,0.284101,MetalliCan,MetalliCan,30000000.0,9.470033333333333e-09,Ore processed,1,ore
BC-MAIN-6b4800fe,Open-pit mining and beneficiation at Gibraltar,"Open-pit, concentrator",Cu polymetallic,Water,Mercury (and its compounds),Emission,Direct Discharge,tonnes,2.047e-06,MetalliCan,MetalliCan,30000000.0,6.823333333333333e-14,Ore processed,1,ore
BC-MAIN-6b4800fe,Open-pit mining and beneficiation at Gibraltar,"Open-pit, concentrator",Cu polymetallic,Water,Nickel (and its compounds),Emission,Direct Discharge,tonnes,0.000671,MetalliCan,MetalliCan,30000000.0,2.2366666666666668e-11,Ore processed,1,ore
BC-MAIN-6b4800fe,Open-pit mining and beneficiation at Gibraltar,"Open-pit, concentrator",Cu polymetallic,Water,Selenium (and its compounds),Emission,Direct Discharge,kg,0.224809,MetalliCan,MetalliCan,30000000.0,7.493633333333334e-09,Ore processed,1,ore
BC-MAIN-6b4800fe,Open-pit mining and beneficiation at Gibraltar,"Open-pit, concentrator",Cu polymetallic,Water,Zinc (and its compounds),Emission,Direct Discharge,tonnes,0.003147,MetalliCan,MetalliCan,30000000.0,1.0490000000000001e-10,Ore processed,1,ore
QC-MAIN-a97821c0,Underground mining and beneficiation at Raglan,"Underground, concentrator",Ni–Cu sulfide,Water,Arsenic (and its compounds),Emission,Direct Discharge,kg,0.01546,MetalliCan,MetalliCan,1500000.0,1.0306666666666667e-08,Ore processed,1,ore
QC-MAIN-a97821c0,Underground mining and beneficiation at Raglan,"Underground, concentrator",Ni–Cu sulfide,Water,Cadmium (and its compounds),Emission,Direct Discharge,kg,0.089,MetalliCan,MetalliCan,1500000.0,5.933333333333333e-08,Ore processed,1,ore
QC-MAIN-a97821c0,Underground mining and beneficiation at Raglan,"Underground, concentrator",Ni–Cu sulfide,Water,Chromium (and its compounds),Emission,Direct Discharge,tonnes,0.0005,MetalliCan,MetalliCan,1500000.0,3.333333333333333e-10,Ore processed,1,ore
QC-MAIN-a97821c0,Underground mining and beneficiation at Raglan,"Underground, concentrator",Ni–Cu sulfide,Water,Cobalt (and its compounds),Emission,Direct Discharge,kg,6.82333,MetalliCan,MetalliCan,1500000.0,4.548886666666667e-06,Ore processed,1,ore
QC-MAIN-a97821c0,Underground mining and beneficiation at Raglan,"Underground, concentrator",Ni–Cu sulfide,Water,Copper (and its compounds),Emission,Direct Discharge,tonnes,0.0074,MetalliCan,MetalliCan,1500000.0,4.933333333333334e-09,Ore processed,1,ore
QC-MAIN-a97821c0,Underground mining and beneficiation at Raglan,"Underground, concentrator",Ni–Cu sulfide,Water,Lead (and its compounds),Emission,Direct Discharge,kg,0.318529,MetalliCan,MetalliCan,1500000.0,2.1235266666666668e-07,Ore processed,1,ore
QC-MAIN-a97821c0,Underground mining and beneficiation at Raglan,"Underground, concentrator",Ni–Cu sulfide,Water,Manganese (and its compounds),Emission,Direct Discharge,tonnes,0.0914,MetalliCan,MetalliCan,1500000.0,6.093333333333334e-08,Ore processed,1,ore
QC-MAIN-a97821c0,Underground mining and beneficiation at Raglan,"Underground, concentrator",Ni–Cu sulfide,Water,Mercury (and its compounds),Emission,Direct Discharge,tonnes,9.76e-07,MetalliCan,MetalliCan,1500000.0,6.506666666666668e-13,Ore processed,1,ore
QC-MAIN-a97821c0,Underground mining and beneficiation at Raglan,"Underground, concentrator",Ni–Cu sulfide,Water,Nickel (and its compounds),Emission,Direct Discharge,tonnes,0.5614,MetalliCan,MetalliCan,1500000.0,3.7426666666666666e-07,Ore processed,1,ore
QC-MAIN-a97821c0,Underground mining and beneficiation at Raglan,"Underground, concentrator",Ni–Cu sulfide,Water,Nitrate ion in solution at pH >= 6.0,Emission,Direct Discharge,tonnes,22.4626,MetalliCan,MetalliCan,1500000.0,1.4975066666666665e-05,Ore processed,1,ore
QC-MAIN-a97821c0,Underground mining and beneficiation at Raglan,"Underground, concentrator",Ni–Cu sulfide,Water,Phosphorus (total),Emission,Direct Discharge,tonnes,0.1161,MetalliCan,MetalliCan,1500000.0,7.739999999999999e-08,Ore processed,1,ore
QC-MAIN-a97821c0,Underground mining and beneficiation at Raglan,"Underground, concentrator",Ni–Cu sulfide,Water,Selenium (and its compounds),Emission,Direct Discharge,kg,5.594,MetalliCan,MetalliCan,1500000.0,3.7293333333333334e-06,Ore processed,1,ore
QC-MAIN-a97821c0,Underground mining and beneficiation at Raglan,"Underground, concentrator",Ni–Cu sulfide,Water,Thallium (and its compounds),Emission,Direct Discharge,kg,0.1889,MetalliCan,MetalliCan,1500000.0,1.2593333333333334e-07,Ore processed,1,ore
QC-MAIN-a97821c0,Underground mining and beneficiation at Raglan,"Underground, concentrator",Ni–Cu sulfide,Water,Zinc (and its compounds),Emission,Direct Discharge,tonnes,0.0098,MetalliCan,MetalliCan,1500000.0,6.533333333333333e-09,Ore processed,1,ore
ON-MAIN-f8313ebd,Underground mining and beneficiation at Kidd Creek,"Underground, concentrator",Cu polymetallic,Water,Arsenic (and its compounds),Emission,Direct Discharge,kg,2.396,MetalliCan,MetalliCan,1340000.0,1.7880597014925373e-06,Ore processed,1,ore
ON-MAIN-f8313ebd,Underground mining and beneficiation at Kidd Creek,"Underground, concentrator",Cu polymetallic,Water,Cadmium (and its compounds),Emission,Direct Discharge,kg,3.041,MetalliCan,MetalliCan,1340000.0,2.269402985074627e-06,Ore processed,1,ore
ON-MAIN-f8313ebd,Underground mining and beneficiation at Kidd Creek,"Underground, concentrator",Cu polymetallic,Water,Copper (and its compounds),Emission,Direct Discharge,tonnes,0.043,MetalliCan,MetalliCan,1340000.0,3.2089552238805965e-08,Ore processed,1,ore
ON-MAIN-f8313ebd,Underground mining and beneficiation at Kidd Creek,"Underground, concentrator",Cu polymetallic,Water,Lead (and its compounds),Emission,Direct Discharge,kg,0.623,MetalliCan,MetalliCan,1340000.0,4.649253731343284e-07,Ore processed,1,ore
ON-MAIN-f8313ebd,Underground mining and beneficiation at Kidd Creek,"Underground, concentrator",Cu polymetallic,Water,Nitrate ion in solution at pH >= 6.0,Emission,Direct Discharge,tonnes,29.685,MetalliCan,MetalliCan,1340000.0,2.2152985074626864e-05,Ore processed,1,ore
ON-MAIN-f8313ebd,Underground mining and beneficiation at Kidd Creek,"Underground, concentrator",Cu polymetallic,Water,Selenium (and its compounds),Emission,Direct Discharge,kg,23.623,MetalliCan,MetalliCan,1340000.0,1.7629104477611943e-05,Ore processed,1,ore
ON-MAIN-f8313ebd,Underground mining and beneficiation at Kidd Creek,"Underground, concentrator",Cu polymetallic,Water,Zinc (and its compounds),Emission,Direct Discharge,tonnes,0.66,MetalliCan,MetalliCan,1340000.0,4.925373134328358e-07,Ore processed,1,ore
ON-MAIN-3b3e5365,,,,Water,Ammonia (total),Emission,Direct Discharge,tonnes,1.309989,MetalliCan,MetalliCan,,,Ore processed,1,ore
ON-MAIN-fefeaee4,Underground mining and beneficiation at Musselwhite,"Underground, concentrator",Au–Ag free-milling,Water,Ammonia (total),Emission,Direct Discharge,tonnes,1.29,MetalliCan,MetalliCan,1028000.0,1.254863813229572e-06,Ore processed,1,ore
QC-MAIN-6dc537e6,Underground mining and beneficiation at Éléonore,"Underground, concentrator",Au–Ag free-milling,Water,Antimony (and its compounds),Emission,Direct Discharge,tonnes,0.803,MetalliCan,MetalliCan,1661000.0,4.834437086092716e-07,Ore processed,1,ore
ON-MAIN-3b3e5365,,,,Water,Arsenic (and its compounds),Emission,Direct Discharge,kg,32.249507,MetalliCan,MetalliCan,,,Ore processed,1,ore
ON-MAIN-fefeaee4,Underground mining and beneficiation at Musselwhite,"Underground, concentrator",Au–Ag free-milling,Water,Arsenic (and its compounds),Emission,Direct Discharge,kg,2.61631,MetalliCan,MetalliCan,1028000.0,2.5450486381322958e-06,Ore processed,1,ore
QC-MAIN-6dc537e6,Underground mining and beneficiation at Éléonore,"Underground, concentrator",Au–Ag free-milling,Water,Arsenic (and its compounds),Emission,Direct Discharge,kg,13.59,MetalliCan,MetalliCan,1661000.0,8.181818181818181e-06,Ore processed,1,ore
ON-MAIN-3b3e5365,,,,Water,Cadmium (and its compounds),Emission,Direct Discharge,kg,0.272129,MetalliCan,MetalliCan,,,Ore processed,1,ore
ON-MAIN-fefeaee4,Underground mining and beneficiation at Musselwhite,"Underground, concentrator",Au–Ag free-milling,Water,Cadmium (and its compounds),Emission,Direct Discharge,kg,0.015999,MetalliCan,MetalliCan,1028000.0,1.5563229571984434e-08,Ore processed,1,ore
QC-MAIN-6dc537e6,Underground mining and beneficiation at Éléonore,"Underground, concentrator",Au–Ag free-milling,Water,Cadmium (and its compounds),Emission,Direct Discharge,kg,0.032,MetalliCan,MetalliCan,1661000.0,1.926550270921132e-08,Ore processed,1,ore
ON-MAIN-3b3e5365,,,,Water,Chromium (and its compounds),Emission,Direct Discharge,tonnes,0.00979,MetalliCan,MetalliCan,,,Ore processed,1,ore
QC-MAIN-6dc537e6,Underground mining and beneficiation at Éléonore,"Underground, concentrator",Au–Ag free-milling,Water,Chromium (and its compounds),Emission,Direct Discharge,tonnes,0.0025,MetalliCan,MetalliCan,1661000.0,1.5051173991571343e-09,Ore processed,1,ore
ON-MAIN-3b3e5365,,,,Water,Cobalt (and its compounds),Emission,Direct Discharge,kg,49.326755,MetalliCan,MetalliCan,,,Ore processed,1,ore
ON-MAIN-fefeaee4,Underground mining and beneficiation at Musselwhite,"Underground, concentrator",Au–Ag free-milling,Water,Cobalt (and its compounds),Emission,Direct Discharge,kg,0.030874,MetalliCan,MetalliCan,1028000.0,3.003307392996109e-08,Ore processed,1,ore
QC-MAIN-6dc537e6,Underground mining and beneficiation at Éléonore,"Underground, concentrator",Au–Ag free-milling,Water,Cobalt (and its compounds),Emission,Direct Discharge,kg,365.1,MetalliCan,MetalliCan,1661000.0,0.0002198073449729079,Ore processed,1,ore
ON-MAIN-3b3e5365,,,,Water,Copper (and its compounds),Emission,Direct Discharge,tonnes,0.011749,MetalliCan,MetalliCan,,,Ore processed,1,ore
QC-MAIN-6dc537e6,Underground mining and beneficiation at Éléonore,"Underground, concentrator",Au–Ag free-milling,Water,Copper (and its compounds),Emission,Direct Discharge,tonnes,0.0122,MetalliCan,MetalliCan,1661000.0,7.344972907886816e-09,Ore processed,1,ore
ON-MAIN-3b3e5365,,,,Water,Cyanides (ionic),Emission,Direct Discharge,tonnes,0.06416,MetalliCan,MetalliCan,,,Ore processed,1,ore
QC-MAIN-6dc537e6,Underground mining and beneficiation at Éléonore,"Underground, concentrator",Au–Ag free-milling,Water,Cyanides (ionic),Emission,Direct Discharge,tonnes,0.034,MetalliCan,MetalliCan,1661000.0,2.0469596628537027e-08,Ore processed,1,ore
ON-MAIN-3b3e5365,,,,Water,Lead (and its compounds),Emission,Direct Discharge,kg,1.184436,MetalliCan,MetalliCan,,,Ore processed,1,ore
ON-MAIN-fefeaee4,Underground mining and beneficiation at Musselwhite,"Underground, concentrator",Au–Ag free-milling,Water,Lead (and its compounds),Emission,Direct Discharge,kg,0.133797,MetalliCan,MetalliCan,1028000.0,1.3015272373540855e-07,Ore processed,1,ore
QC-MAIN-6dc537e6,Underground mining and beneficiation at Éléonore,"Underground, concentrator",Au–Ag free-milling,Water,Lead (and its compounds),Emission,Direct Discharge,kg,0.239,MetalliCan,MetalliCan,1661000.0,1.4388922335942203e-07,Ore processed,1,ore
QC-MAIN-6dc537e6,Underground mining and beneficiation at Éléonore,"Underground, concentrator",Au–Ag free-milling,Water,Manganese (and its compounds),Emission,Direct Discharge,tonnes,0.044,MetalliCan,MetalliCan,1661000.0,2.6490066225165563e-08,Ore processed,1,ore
ON-MAIN-3b3e5365,,,,Water,Mercury (and its compounds),Emission,Direct Discharge,tonnes,3.6682e-05,MetalliCan,MetalliCan,,,Ore processed,1,ore
ON-MAIN-fefeaee4,Underground mining and beneficiation at Musselwhite,"Underground, concentrator",Au–Ag free-milling,Water,Mercury (and its compounds),Emission,Direct Discharge,tonnes,2.97e-06,MetalliCan,MetalliCan,1028000.0,2.8891050583657585e-12,Ore processed,1,ore
QC-MAIN-6dc537e6,Underground mining and beneficiation at Éléonore,"Underground, concentrator",Au–Ag free-milling,Water,Mercury (and its compounds),Emission,Direct Discharge,tonnes,3.7e-05,MetalliCan,MetalliCan,1661000.0,2.2275737507525587e-11,Ore processed,1,ore
ON-MAIN-3b3e5365,,,,Water,Nickel (and its compounds),Emission,Direct Discharge,tonnes,0.102652,MetalliCan,MetalliCan,,,Ore processed,1,ore
QC-MAIN-6dc537e6,Underground mining and beneficiation at Éléonore,"Underground, concentrator",Au–Ag free-milling,Water,Nickel (and its compounds),Emission,Direct Discharge,tonnes,0.0976,MetalliCan,MetalliCan,1661000.0,5.8759783263094526e-08,Ore processed,1,ore
ON-MAIN-fefeaee4,Underground mining and beneficiation at Musselwhite,"Underground, concentrator",Au–Ag free-milling,Water,Nitrate ion in solution at pH >= 6.0,Emission,Direct Discharge,tonnes,106.087,MetalliCan,MetalliCan,1028000.0,0.00010319747081712062,Ore processed,1,ore
QC-MAIN-6dc537e6,Underground mining and beneficiation at Éléonore,"Underground, concentrator",Au–Ag free-milling,Water,Nitrate ion in solution at pH >= 6.0,Emission,Direct Discharge,tonnes,136.96,MetalliCan,MetalliCan,1661000.0,8.245635159542444e-05,Ore processed,1,ore
ON-MAIN-3b3e5365,,,,Water,Selenium (and its compounds),Emission,Direct Discharge,kg,7.035554,MetalliCan,MetalliCan,,,Ore processed,1,ore
ON-MAIN-fefeaee4,Underground mining and beneficiation at Musselwhite,"Underground, concentrator",Au–Ag free-milling,Water,Selenium (and its compounds),Emission,Direct Discharge,kg,1.640923,MetalliCan,MetalliCan,1028000.0,1.5962285992217898e-06,Ore processed,1,ore
QC-MAIN-6dc537e6,Underground mining and beneficiation at Éléonore,"Underground, concentrator",Au–Ag free-milling,Water,Selenium (and its compounds),Emission,Direct Discharge,kg,1.152,MetalliCan,MetalliCan,1661000.0,6.935580975316075e-07,Ore processed,1,ore
ON-MAIN-3b3e5365,,,,Water,Thallium (and its compounds),Emission,Direct Discharge,kg,0.557416,MetalliCan,MetalliCan,,,Ore processed,1,ore
ON-MAIN-fefeaee4,Underground mining and beneficiation at Musselwhite,"Underground, concentrator",Au–Ag free-milling,Water,Thallium (and its compounds),Emission,Direct Discharge,kg,0.01542,MetalliCan,MetalliCan,1028000.0,1.5e-08,Ore processed,1,ore
QC-MAIN-6dc537e6,Underground mining and beneficiation at Éléonore,"Underground, concentrator",Au–Ag free-milling,Water,Thallium (and its compounds),Emission,Direct Discharge,kg,0.362,MetalliCan,MetalliCan,1661000.0,2.1794099939795302e-07,Ore processed,1,ore
ON-MAIN-3b3e5365,,,,Water,Vanadium (and its compounds),Emission,Direct Discharge,tonnes,0.007587,MetalliCan,MetalliCan,,,Ore processed,1,ore
QC-MAIN-6dc537e6,Underground mining and beneficiation at Éléonore,"Underground, concentrator",Au–Ag free-milling,Water,Vanadium (and its compounds),Emission,Direct Discharge,tonnes,0.0024,MetalliCan,MetalliCan,1661000.0,1.4449127031908488e-09,Ore processed,1,ore
ON-MAIN-3b3e5365,,,,Water,Zinc (and its compounds),Emission,Direct Discharge,tonnes,0.130976,MetalliCan,MetalliCan,,,Ore processed,1,ore
QC-MAIN-6dc537e6,Underground mining and beneficiation at Éléonore,"Underground, concentrator",Au–Ag free-milling,Water,Zinc (and its compounds),Emission,Direct Discharge,tonnes,0.0063,MetalliCan,MetalliCan,1661000.0,3.792895845875978e-09,Ore processed,1,ore
QC-MAIN-b86f7d07,Open-pit and underground mining and beneficiation at Casa Berardi,"Open-pit, underground, concentrator",Au–Ag free-milling,Water,Ammonia (total),Emission,Direct Discharge,tonnes,43.13,MetalliCan,MetalliCan,1361450.0,3.167945939990452e-05,Ore processed,1,ore
QC-MAIN-b86f7d07,Open-pit and underground mining and beneficiation at Casa Berardi,"Open-pit, underground, concentrator",Au–Ag free-milling,Water,Arsenic (and its compounds),Emission,Direct Discharge,kg,64.07,MetalliCan,MetalliCan,1361450.0,4.706011972529288e-05,Ore processed,1,ore
QC-MAIN-b86f7d07,Open-pit and underground mining and beneficiation at Casa Berardi,"Open-pit, underground, concentrator",Au–Ag free-milling,Water,Cadmium (and its compounds),Emission,Direct Discharge,kg,0.31,MetalliCan,MetalliCan,1361450.0,2.276984097836865e-07,Ore processed,1,ore
QC-MAIN-b86f7d07,Open-pit and underground mining and beneficiation at Casa Berardi,"Open-pit, underground, concentrator",Au–Ag free-milling,Water,Chromium (and its compounds),Emission,Direct Discharge,tonnes,0.001,MetalliCan,MetalliCan,1361450.0,7.345109993022145e-10,Ore processed,1,ore
QC-MAIN-b86f7d07,Open-pit and underground mining and beneficiation at Casa Berardi,"Open-pit, underground, concentrator",Au–Ag free-milling,Water,Cobalt (and its compounds),Emission,Direct Discharge,kg,97.47,MetalliCan,MetalliCan,1361450.0,7.159278710198685e-05,Ore processed,1,ore
QC-MAIN-b86f7d07,Open-pit and underground mining and beneficiation at Casa Berardi,"Open-pit, underground, concentrator",Au–Ag free-milling,Water,Copper (and its compounds),Emission,Direct Discharge,tonnes,0.27,MetalliCan,MetalliCan,1361450.0,1.9831796981159794e-07,Ore processed,1,ore
QC-MAIN-b86f7d07,Open-pit and underground mining and beneficiation at Casa Berardi,"Open-pit, underground, concentrator",Au–Ag free-milling,Water,Lead (and its compounds),Emission,Direct Discharge,kg,0.855,MetalliCan,MetalliCan,1361450.0,6.280069044033934e-07,Ore processed,1,ore
QC-MAIN-b86f7d07,Open-pit and underground mining and beneficiation at Casa Berardi,"Open-pit, underground, concentrator",Au–Ag free-milling,Water,Manganese (and its compounds),Emission,Direct Discharge,tonnes,1.12,MetalliCan,MetalliCan,1361450.0,8.226523192184804e-07,Ore processed,1,ore
QC-MAIN-b86f7d07,Open-pit and underground mining and beneficiation at Casa Berardi,"Open-pit, underground, concentrator",Au–Ag free-milling,Water,Mercury (and its compounds),Emission,Direct Discharge,tonnes,3e-05,MetalliCan,MetalliCan,1361450.0,2.2035329979066438e-11,Ore processed,1,ore
QC-MAIN-b86f7d07,Open-pit and underground mining and beneficiation at Casa Berardi,"Open-pit, underground, concentrator",Au–Ag free-milling,Water,Nickel (and its compounds),Emission,Direct Discharge,tonnes,0.24,MetalliCan,MetalliCan,1361450.0,1.7628263983253148e-07,Ore processed,1,ore
QC-MAIN-b86f7d07,Open-pit and underground mining and beneficiation at Casa Berardi,"Open-pit, underground, concentrator",Au–Ag free-milling,Water,Nitrate ion in solution at pH >= 6.0,Emission,Direct Discharge,tonnes,33.5,MetalliCan,MetalliCan,1361450.0,2.4606118476624187e-05,Ore processed,1,ore
QC-MAIN-b86f7d07,Open-pit and underground mining and beneficiation at Casa Berardi,"Open-pit, underground, concentrator",Au–Ag free-milling,Water,Selenium (and its compounds),Emission,Direct Discharge,kg,10.25,MetalliCan,MetalliCan,1361450.0,7.528737742847699e-06,Ore processed,1,ore
QC-MAIN-b86f7d07,Open-pit and underground mining and beneficiation at Casa Berardi,"Open-pit, underground, concentrator",Au–Ag free-milling,Water,Zinc (and its compounds),Emission,Direct Discharge,tonnes,0.02,MetalliCan,MetalliCan,1361450.0,1.4690219986044292e-08,Ore processed,1,ore
BC-MAIN-3f490561,Open-pit mining and beneficiation at Mount Polley,"Open-pit, concentrator",Cu Porphyry,Water,Antimony (and its compounds),Emission,Direct Discharge,tonnes,0.0056,MetalliCan,MetalliCan,5948239.0,9.414551096551433e-10,Ore processed,1,ore
BC-MAIN-3f490561,Open-pit mining and beneficiation at Mount Polley,"Open-pit, concentrator",Cu Porphyry,Water,Arsenic (and its compounds),Emission,Direct Discharge,kg,7.9454,MetalliCan,MetalliCan,5948239.0,1.3357566836167813e-06,Ore processed,1,ore
BC-MAIN-3f490561,Open-pit mining and beneficiation at Mount Polley,"Open-pit, concentrator",Cu Porphyry,Water,Cadmium (and its compounds),Emission,Direct Discharge,kg,0.27948,MetalliCan,MetalliCan,5948239.0,4.6985334651146335e-08,Ore processed,1,ore
BC-MAIN-3f490561,Open-pit mining and beneficiation at Mount Polley,"Open-pit, concentrator",Cu Porphyry,Water,Cobalt (and its compounds),Emission,Direct Discharge,kg,1.4555,MetalliCan,MetalliCan,5948239.0,2.446942700184038e-07,Ore processed,1,ore
BC-MAIN-3f490561,Open-pit mining and beneficiation at Mount Polley,"Open-pit, concentrator",Cu Porphyry,Water,Copper (and its compounds),Emission,Direct Discharge,tonnes,0.064,MetalliCan,MetalliCan,5948239.0,1.0759486967487352e-08,Ore processed,1,ore
BC-MAIN-3f490561,Open-pit mining and beneficiation at Mount Polley,"Open-pit, concentrator",Cu Porphyry,Water,Lead (and its compounds),Emission,Direct Discharge,kg,0.447,MetalliCan,MetalliCan,5948239.0,7.514829178854448e-08,Ore processed,1,ore
BC-MAIN-3f490561,Open-pit mining and beneficiation at Mount Polley,"Open-pit, concentrator",Cu Porphyry,Water,Manganese (and its compounds),Emission,Direct Discharge,tonnes,0.601,MetalliCan,MetalliCan,5948239.0,1.0103830730406091e-07,Ore processed,1,ore
BC-MAIN-3f490561,Open-pit mining and beneficiation at Mount Polley,"Open-pit, concentrator",Cu Porphyry,Water,Nickel (and its compounds),Emission,Direct Discharge,tonnes,0.0049,MetalliCan,MetalliCan,5948239.0,8.237732209482504e-10,Ore processed,1,ore
BC-MAIN-3f490561,Open-pit mining and beneficiation at Mount Polley,"Open-pit, concentrator",Cu Porphyry,Water,Nitrate ion in solution at pH >= 6.0,Emission,Direct Discharge,tonnes,25.407,MetalliCan,MetalliCan,5948239.0,4.271348209108612e-06,Ore processed,1,ore
BC-MAIN-3f490561,Open-pit mining and beneficiation at Mount Polley,"Open-pit, concentrator",Cu Porphyry,Water,Phosphorus (total),Emission,Direct Discharge,tonnes,0.067,MetalliCan,MetalliCan,5948239.0,1.1263837919088323e-08,Ore processed,1,ore
BC-MAIN-3f490561,Open-pit mining and beneficiation at Mount Polley,"Open-pit, concentrator",Cu Porphyry,Water,Selenium (and its compounds),Emission,Direct Discharge,kg,268.969,MetalliCan,MetalliCan,5948239.0,4.52182570337204e-05,Ore processed,1,ore
BC-MAIN-3f490561,Open-pit mining and beneficiation at Mount Polley,"Open-pit, concentrator",Cu Porphyry,Water,Vanadium (and its compounds),Emission,Direct Discharge,tonnes,0.0093,MetalliCan,MetalliCan,5948239.0,1.5634879499630057e-09,Ore processed,1,ore
BC-MAIN-3f490561,Open-pit mining and beneficiation at Mount Polley,"Open-pit, concentrator",Cu Porphyry,Water,Zinc (and its compounds),Emission,Direct Discharge,tonnes,0.0434,MetalliCan,MetalliCan,5948239.0,7.296277099827361e-09,Ore processed,1,ore
NL-MAIN-dd723db4,Open-pit mining and beneficiation at Carol Lake,"Open-pit, concentrator",Fe concentrator + pellet plant,Water,Ammonia (total),Emission,Direct Discharge,tonnes,64.02,MetalliCan,MetalliCan,16478000.0,3.885180240320427e-06,Ore processed,1,ore
NL-MAIN-dd723db4,Open-pit mining and beneficiation at Carol Lake,"Open-pit, concentrator",Fe concentrator + pellet plant,Water,Arsenic (and its compounds),Emission,Direct Discharge,kg,4.5,MetalliCan,MetalliCan,16478000.0,2.7309139458672166e-07,Ore processed,1,ore
NL-MAIN-dd723db4,Open-pit mining and beneficiation at Carol Lake,"Open-pit, concentrator",Fe concentrator + pellet plant,Water,Cadmium (and its compounds),Emission,Direct Discharge,kg,27.3,MetalliCan,MetalliCan,16478000.0,1.6567544604927783e-06,Ore processed,1,ore
NL-MAIN-dd723db4,Open-pit mining and beneficiation at Carol Lake,"Open-pit, concentrator",Fe concentrator + pellet plant,Water,Chromium (and its compounds),Emission,Direct Discharge,tonnes,0.25773,MetalliCan,MetalliCan,16478000.0,1.5640854472630174e-08,Ore processed,1,ore
NL-MAIN-dd723db4,Open-pit mining and beneficiation at Carol Lake,"Open-pit, concentrator",Fe concentrator + pellet plant,Water,Cobalt (and its compounds),Emission,Direct Discharge,kg,11.0,MetalliCan,MetalliCan,16478000.0,6.675567423230975e-07,Ore processed,1,ore
NL-MAIN-dd723db4,Open-pit mining and beneficiation at Carol Lake,"Open-pit, concentrator",Fe concentrator + pellet plant,Water,Copper (and its compounds),Emission,Direct Discharge,tonnes,0.404,MetalliCan,MetalliCan,16478000.0,2.4517538536230125e-08,Ore processed,1,ore
NL-MAIN-dd723db4,Open-pit mining and beneficiation at Carol Lake,"Open-pit, concentrator",Fe concentrator + pellet plant,Water,Lead (and its compounds),Emission,Direct Discharge,kg,4.9,MetalliCan,MetalliCan,16478000.0,2.9736618521665255e-07,Ore processed,1,ore
NL-MAIN-dd723db4,Open-pit mining and beneficiation at Carol Lake,"Open-pit, concentrator",Fe concentrator + pellet plant,Water,Manganese (and its compounds),Emission,Direct Discharge,tonnes,561.17,MetalliCan,MetalliCan,16478000.0,3.405571064449569e-05,Ore processed,1,ore
NL-MAIN-dd723db4,Open-pit mining and beneficiation at Carol Lake,"Open-pit, concentrator",Fe concentrator + pellet plant,Water,Nitrate ion in solution at pH >= 6.0,Emission,Direct Discharge,tonnes,475.498,MetalliCan,MetalliCan,16478000.0,2.8856535987377108e-05,Ore processed,1,ore
NL-MAIN-dd723db4,Open-pit mining and beneficiation at Carol Lake,"Open-pit, concentrator",Fe concentrator + pellet plant,Water,Phosphorus (total),Emission,Direct Discharge,tonnes,0.453,MetalliCan,MetalliCan,16478000.0,2.749120038839665e-08,Ore processed,1,ore
NL-MAIN-dd723db4,Open-pit mining and beneficiation at Carol Lake,"Open-pit, concentrator",Fe concentrator + pellet plant,Water,Thallium (and its compounds),Emission,Direct Discharge,kg,6435.0,MetalliCan,MetalliCan,16478000.0,0.00039052069425901204,Ore processed,1,ore
NL-MAIN-dd723db4,Open-pit mining and beneficiation at Carol Lake,"Open-pit, concentrator",Fe concentrator + pellet plant,Water,Zinc (and its compounds),Emission,Direct Discharge,tonnes,1.969,MetalliCan,MetalliCan,16478000.0,1.1949265687583444e-07,Ore processed,1,ore
ON-MAIN-aeafbb59,Open-pit mining and beneficiation at Detour Lake,"Open-pit, concentrator",Au–Ag free-milling,Water,Arsenic (and its compounds),Emission,Direct Discharge,kg,2.300132,MetalliCan,MetalliCan,25434853.5024164,9.043228811133037e-08,Ore processed,1,ore
ON-MAIN-aeafbb59,Open-pit mining and beneficiation at Detour Lake,"Open-pit, concentrator",Au–Ag free-milling,Water,Copper (and its compounds),Emission,Direct Discharge,tonnes,0.0085,MetalliCan,MetalliCan,25434853.5024164,3.3418710271684765e-10,Ore processed,1,ore
ON-MAIN-aeafbb59,Open-pit mining and beneficiation at Detour Lake,"Open-pit, concentrator",Au–Ag free-milling,Water,Lead (and its compounds),Emission,Direct Discharge,kg,0.52703,MetalliCan,MetalliCan,25434853.5024164,2.0720779852336495e-08,Ore processed,1,ore
ON-MAIN-aeafbb59,Open-pit mining and beneficiation at Detour Lake,"Open-pit, concentrator",Au–Ag free-milling,Water,Nickel (and its compounds),Emission,Direct Discharge,tonnes,0.039067,MetalliCan,MetalliCan,25434853.5024164,1.5359632402163628e-09,Ore processed,1,ore
ON-MAIN-aeafbb59,Open-pit mining and beneficiation at Detour Lake,"Open-pit, concentrator",Au–Ag free-milling,Water,Zinc (and its compounds),Emission,Direct Discharge,tonnes,0.0263,MetalliCan,MetalliCan,25434853.5024164,1.0340142119356578e-09,Ore processed,1,ore
QC-MAIN-e51eda66,Underground mining and beneficiation at LaRonde,"Underground, concentrator",Au–Ag polymetallic,Water,Ammonia (total),Emission,Direct Discharge,tonnes,23.3435,MetalliCan,MetalliCan,1501500.0,1.5546786546786547e-05,Ore processed,1,ore
QC-MAIN-e51eda66,Underground mining and beneficiation at LaRonde,"Underground, concentrator",Au–Ag polymetallic,Water,Arsenic (and its compounds),Emission,Direct Discharge,kg,3.5633,MetalliCan,MetalliCan,1501500.0,2.373160173160173e-06,Ore processed,1,ore
QC-MAIN-e51eda66,Underground mining and beneficiation at LaRonde,"Underground, concentrator",Au–Ag polymetallic,Water,Cadmium (and its compounds),Emission,Direct Discharge,kg,6.132,MetalliCan,MetalliCan,1501500.0,4.083916083916084e-06,Ore processed,1,ore
QC-MAIN-e51eda66,Underground mining and beneficiation at LaRonde,"Underground, concentrator",Au–Ag polymetallic,Water,Chromium (and its compounds),Emission,Direct Discharge,tonnes,0.0043,MetalliCan,MetalliCan,1501500.0,2.863802863802864e-09,Ore processed,1,ore
QC-MAIN-e51eda66,Underground mining and beneficiation at LaRonde,"Underground, concentrator",Au–Ag polymetallic,Water,Cobalt (and its compounds),Emission,Direct Discharge,kg,63.1622,MetalliCan,MetalliCan,1501500.0,4.206606726606726e-05,Ore processed,1,ore
QC-MAIN-e51eda66,Underground mining and beneficiation at LaRonde,"Underground, concentrator",Au–Ag polymetallic,Water,Copper (and its compounds),Emission,Direct Discharge,tonnes,0.0811,MetalliCan,MetalliCan,1501500.0,5.4012654012654015e-08,Ore processed,1,ore
QC-MAIN-e51eda66,Underground mining and beneficiation at LaRonde,"Underground, concentrator",Au–Ag polymetallic,Water,Cyanides (ionic),Emission,Direct Discharge,tonnes,0.037,MetalliCan,MetalliCan,1501500.0,2.464202464202464e-08,Ore processed,1,ore
QC-MAIN-e51eda66,Underground mining and beneficiation at LaRonde,"Underground, concentrator",Au–Ag polymetallic,Water,Lead (and its compounds),Emission,Direct Discharge,kg,0.3744,MetalliCan,MetalliCan,1501500.0,2.4935064935064937e-07,Ore processed,1,ore
QC-MAIN-e51eda66,Underground mining and beneficiation at LaRonde,"Underground, concentrator",Au–Ag polymetallic,Water,Manganese (and its compounds),Emission,Direct Discharge,tonnes,5.7431,MetalliCan,MetalliCan,1501500.0,3.824908424908425e-06,Ore processed,1,ore
QC-MAIN-e51eda66,Underground mining and beneficiation at LaRonde,"Underground, concentrator",Au–Ag polymetallic,Water,Mercury (and its compounds),Emission,Direct Discharge,tonnes,2.05e-05,MetalliCan,MetalliCan,1501500.0,1.3653013653013654e-11,Ore processed,1,ore
QC-MAIN-e51eda66,Underground mining and beneficiation at LaRonde,"Underground, concentrator",Au–Ag polymetallic,Water,Nickel (and its compounds),Emission,Direct Discharge,tonnes,0.0313,MetalliCan,MetalliCan,1501500.0,2.0845820845820845e-08,Ore processed,1,ore
QC-MAIN-e51eda66,Underground mining and beneficiation at LaRonde,"Underground, concentrator",Au–Ag polymetallic,Water,Nitrate ion in solution at pH >= 6.0,Emission,Direct Discharge,tonnes,305.6764,MetalliCan,MetalliCan,1501500.0,0.000203580685980686,Ore processed,1,ore
QC-MAIN-e51eda66,Underground mining and beneficiation at LaRonde,"Underground, concentrator",Au–Ag polymetallic,Water,Selenium (and its compounds),Emission,Direct Discharge,kg,282.9503,MetalliCan,MetalliCan,1501500.0,0.00018844508824508827,Ore processed,1,ore
QC-MAIN-e51eda66,Underground mining and beneficiation at LaRonde,"Underground, concentrator",Au–Ag polymetallic,Water,Zinc (and its compounds),Emission,Direct Discharge,tonnes,0.258,MetalliCan,MetalliCan,1501500.0,1.7182817182817183e-07,Ore processed,1,ore
QC-MAIN-a555d9b9,Underground mining and beneficiation at Niobec,"Underground, concentrator",Nb mine,Water,Ammonia (total),Emission,Direct Discharge,tonnes,8.724,MetalliCan,MetalliCan,2200000.0,3.965454545454545e-06,Ore processed,1,ore
QC-MAIN-a555d9b9,Underground mining and beneficiation at Niobec,"Underground, concentrator",Nb mine,Water,Arsenic (and its compounds),Emission,Direct Discharge,kg,13.109,MetalliCan,MetalliCan,2200000.0,5.958636363636364e-06,Ore processed,1,ore
QC-MAIN-a555d9b9,Underground mining and beneficiation at Niobec,"Underground, concentrator",Nb mine,Water,Cadmium (and its compounds),Emission,Direct Discharge,kg,3.933,MetalliCan,MetalliCan,2200000.0,1.7877272727272727e-06,Ore processed,1,ore
QC-MAIN-a555d9b9,Underground mining and beneficiation at Niobec,"Underground, concentrator",Nb mine,Water,Chromium (and its compounds),Emission,Direct Discharge,tonnes,0.033,MetalliCan,MetalliCan,2200000.0,1.5000000000000002e-08,Ore processed,1,ore
QC-MAIN-a555d9b9,Underground mining and beneficiation at Niobec,"Underground, concentrator",Nb mine,Water,Cobalt (and its compounds),Emission,Direct Discharge,kg,32.773,MetalliCan,MetalliCan,2200000.0,1.4896818181818184e-05,Ore processed,1,ore
QC-MAIN-a555d9b9,Underground mining and beneficiation at Niobec,"Underground, concentrator",Nb mine,Water,Copper (and its compounds),Emission,Direct Discharge,tonnes,0.002,MetalliCan,MetalliCan,2200000.0,9.090909090909091e-10,Ore processed,1,ore
QC-MAIN-a555d9b9,Underground mining and beneficiation at Niobec,"Underground, concentrator",Nb mine,Water,Fluorine,Emission,Direct Discharge,tonnes,87.963,MetalliCan,MetalliCan,2200000.0,3.9983181818181814e-05,Ore processed,1,ore
QC-MAIN-a555d9b9,Underground mining and beneficiation at Niobec,"Underground, concentrator",Nb mine,Water,Lead (and its compounds),Emission,Direct Discharge,kg,1.966,MetalliCan,MetalliCan,2200000.0,8.936363636363637e-07,Ore processed,1,ore
QC-MAIN-a555d9b9,Underground mining and beneficiation at Niobec,"Underground, concentrator",Nb mine,Water,Manganese (and its compounds),Emission,Direct Discharge,tonnes,12.087,MetalliCan,MetalliCan,2200000.0,5.494090909090909e-06,Ore processed,1,ore
QC-MAIN-a555d9b9,Underground mining and beneficiation at Niobec,"Underground, concentrator",Nb mine,Water,Nitrate ion in solution at pH >= 6.0,Emission,Direct Discharge,tonnes,6.968,MetalliCan,MetalliCan,2200000.0,3.1672727272727272e-06,Ore processed,1,ore
QC-MAIN-a555d9b9,Underground mining and beneficiation at Niobec,"Underground, concentrator",Nb mine,Water,Phosphorus (total),Emission,Direct Discharge,tonnes,2.091,MetalliCan,MetalliCan,2200000.0,9.504545454545455e-07,Ore processed,1,ore
QC-MAIN-a555d9b9,Underground mining and beneficiation at Niobec,"Underground, concentrator",Nb mine,Water,Selenium (and its compounds),Emission,Direct Discharge,kg,13.109,MetalliCan,MetalliCan,2200000.0,5.958636363636364e-06,Ore processed,1,ore
QC-MAIN-a555d9b9,Underground mining and beneficiation at Niobec,"Underground, concentrator",Nb mine,Water,Zinc (and its compounds),Emission,Direct Discharge,tonnes,0.111,MetalliCan,MetalliCan,2200000.0,5.0454545454545456e-08,Ore processed,1,ore
ON-MAIN-4e0734b5,Open-pit and underground mining and beneficiation at Fox Complex,"Open-pit, underground, concentrator",Au–Ag free-milling,Water,Arsenic (and its compounds),Emission,Direct Discharge,kg,56.865302,MetalliCan,MetalliCan,457000.0,0.00012443173304157548,Ore processed,1,ore
ON-MAIN-4e0734b5,Open-pit and underground mining and beneficiation at Fox Complex,"Open-pit, underground, concentrator",Au–Ag free-milling,Water,Cadmium (and its compounds),Emission,Direct Discharge,kg,0.026649,MetalliCan,MetalliCan,457000.0,5.831291028446389e-08,Ore processed,1,ore
ON-MAIN-4e0734b5,Open-pit and underground mining and beneficiation at Fox Complex,"Open-pit, underground, concentrator",Au–Ag free-milling,Water,Chromium (and its compounds),Emission,Direct Discharge,tonnes,0.001739,MetalliCan,MetalliCan,457000.0,3.805251641137856e-09,Ore processed,1,ore
ON-MAIN-4e0734b5,Open-pit and underground mining and beneficiation at Fox Complex,"Open-pit, underground, concentrator",Au–Ag free-milling,Water,Cobalt (and its compounds),Emission,Direct Discharge,kg,1.881207,MetalliCan,MetalliCan,457000.0,4.1164266958424505e-06,Ore processed,1,ore
ON-MAIN-4e0734b5,Open-pit and underground mining and beneficiation at Fox Complex,"Open-pit, underground, concentrator",Au–Ag free-milling,Water,Copper (and its compounds),Emission,Direct Discharge,tonnes,0.002191,MetalliCan,MetalliCan,457000.0,4.794310722100656e-09,Ore processed,1,ore
ON-MAIN-4e0734b5,Open-pit and underground mining and beneficiation at Fox Complex,"Open-pit, underground, concentrator",Au–Ag free-milling,Water,Lead (and its compounds),Emission,Direct Discharge,kg,0.117434,MetalliCan,MetalliCan,457000.0,2.5696717724288837e-07,Ore processed,1,ore
ON-MAIN-4e0734b5,Open-pit and underground mining and beneficiation at Fox Complex,"Open-pit, underground, concentrator",Au–Ag free-milling,Water,Nickel (and its compounds),Emission,Direct Discharge,tonnes,0.017954,MetalliCan,MetalliCan,457000.0,3.928665207877462e-08,Ore processed,1,ore
ON-MAIN-4e0734b5,Open-pit and underground mining and beneficiation at Fox Complex,"Open-pit, underground, concentrator",Au–Ag free-milling,Water,Nitrate ion in solution at pH >= 6.0,Emission,Direct Discharge,tonnes,11.398956,MetalliCan,MetalliCan,457000.0,2.4943010940919037e-05,Ore processed,1,ore
ON-MAIN-4e0734b5,Open-pit and underground mining and beneficiation at Fox Complex,"Open-pit, underground, concentrator",Au–Ag free-milling,Water,Vanadium (and its compounds),Emission,Direct Discharge,tonnes,0.001874,MetalliCan,MetalliCan,457000.0,4.100656455142232e-09,Ore processed,1,ore
ON-MAIN-4e0734b5,Open-pit and underground mining and beneficiation at Fox Complex,"Open-pit, underground, concentrator",Au–Ag free-milling,Water,Zinc (and its compounds),Emission,Direct Discharge,tonnes,0.018677,MetalliCan,MetalliCan,457000.0,4.0868708971553606e-08,Ore processed,1,ore
QC-MAIN-089f3c60,Open-pit mining at Bloom Lake,Open-pit,Magnetite concentrator,Water,Arsenic (and its compounds),Emission,Direct Discharge,kg,1.3,MetalliCan,MetalliCan,11187000.0,1.1620631089657638e-07,Ore processed,1,ore
QC-MAIN-089f3c60,Open-pit mining at Bloom Lake,Open-pit,Magnetite concentrator,Water,Cadmium (and its compounds),Emission,Direct Discharge,kg,0.04323,MetalliCan,MetalliCan,11187000.0,3.864306784660767e-09,Ore processed,1,ore
QC-MAIN-089f3c60,Open-pit mining at Bloom Lake,Open-pit,Magnetite concentrator,Water,Chromium (and its compounds),Emission,Direct Discharge,tonnes,0.00169,MetalliCan,MetalliCan,11187000.0,1.5106820416554932e-10,Ore processed,1,ore
QC-MAIN-089f3c60,Open-pit mining at Bloom Lake,Open-pit,Magnetite concentrator,Water,Cobalt (and its compounds),Emission,Direct Discharge,kg,6.87,MetalliCan,MetalliCan,11187000.0,6.14105658353446e-07,Ore processed,1,ore
QC-MAIN-089f3c60,Open-pit mining at Bloom Lake,Open-pit,Magnetite concentrator,Water,Copper (and its compounds),Emission,Direct Discharge,tonnes,0.00169,MetalliCan,MetalliCan,11187000.0,1.5106820416554932e-10,Ore processed,1,ore
QC-MAIN-089f3c60,Open-pit mining at Bloom Lake,Open-pit,Magnetite concentrator,Water,Lead (and its compounds),Emission,Direct Discharge,kg,0.614,MetalliCan,MetalliCan,11187000.0,5.488513453115223e-08,Ore processed,1,ore
QC-MAIN-089f3c60,Open-pit mining at Bloom Lake,Open-pit,Magnetite concentrator,Water,Manganese (and its compounds),Emission,Direct Discharge,tonnes,0.37646,MetalliCan,MetalliCan,11187000.0,3.3651559846250114e-08,Ore processed,1,ore
QC-MAIN-089f3c60,Open-pit mining at Bloom Lake,Open-pit,Magnetite concentrator,Water,Mercury (and its compounds),Emission,Direct Discharge,tonnes,1e-06,MetalliCan,MetalliCan,11187000.0,8.938946992044337e-14,Ore processed,1,ore
QC-MAIN-089f3c60,Open-pit mining at Bloom Lake,Open-pit,Magnetite concentrator,Water,Nickel (and its compounds),Emission,Direct Discharge,tonnes,0.01624,MetalliCan,MetalliCan,11187000.0,1.4516849915080005e-09,Ore processed,1,ore
QC-MAIN-089f3c60,Open-pit mining at Bloom Lake,Open-pit,Magnetite concentrator,Water,Selenium (and its compounds),Emission,Direct Discharge,kg,1.013,MetalliCan,MetalliCan,11187000.0,9.055153302940913e-08,Ore processed,1,ore
QC-MAIN-089f3c60,Open-pit mining at Bloom Lake,Open-pit,Magnetite concentrator,Water,Thallium (and its compounds),Emission,Direct Discharge,kg,0.279,MetalliCan,MetalliCan,11187000.0,2.49396621078037e-08,Ore processed,1,ore
QC-MAIN-089f3c60,Open-pit mining at Bloom Lake,Open-pit,Magnetite concentrator,Water,Zinc (and its compounds),Emission,Direct Discharge,tonnes,0.00771,MetalliCan,MetalliCan,11187000.0,6.891928130866183e-10,Ore processed,1,ore
BC-MAIN-23155c25,,,,Water,Ammonia (total),Emission,Direct Discharge,tonnes,0.965684,MetalliCan,MetalliCan,,,Ore processed,1,ore
BC-MAIN-23155c25,,,,Water,Antimony (and its compounds),Emission,Direct Discharge,tonnes,0.053456,MetalliCan,MetalliCan,,,Ore processed,1,ore
BC-MAIN-23155c25,,,,Water,Arsenic (and its compounds),Emission,Direct Discharge,kg,7.43,MetalliCan,MetalliCan,,,Ore processed,1,ore
BC-MAIN-23155c25,,,,Water,Cadmium (and its compounds),Emission,Direct Discharge,kg,23.4,MetalliCan,MetalliCan,,,Ore processed,1,ore
BC-MAIN-23155c25,,,,Water,Chromium (and its compounds),Emission,Direct Discharge,tonnes,0.007342,MetalliCan,MetalliCan,,,Ore processed,1,ore
BC-MAIN-23155c25,,,,Water,Cobalt (and its compounds),Emission,Direct Discharge,kg,10.8,MetalliCan,MetalliCan,,,Ore processed,1,ore
BC-MAIN-23155c25,,,,Water,Copper (and its compounds),Emission,Direct Discharge,tonnes,0.5001,MetalliCan,MetalliCan,,,Ore processed,1,ore
BC-MAIN-23155c25,,,,Water,Lead (and its compounds),Emission,Direct Discharge,kg,72.8,MetalliCan,MetalliCan,,,Ore processed,1,ore
BC-MAIN-23155c25,,,,Water,Manganese (and its compounds),Emission,Direct Discharge,tonnes,2.0,MetalliCan,MetalliCan,,,Ore processed,1,ore
BC-MAIN-23155c25,,,,Water,Mercury (and its compounds),Emission,Direct Discharge,tonnes,8e-05,MetalliCan,MetalliCan,,,Ore processed,1,ore
BC-MAIN-23155c25,,,,Water,Nickel (and its compounds),Emission,Direct Discharge,tonnes,0.019077,MetalliCan,MetalliCan,,,Ore processed,1,ore
BC-MAIN-23155c25,,,,Water,Nitrate ion in solution at pH >= 6.0,Emission,Direct Discharge,tonnes,24.72,MetalliCan,MetalliCan,,,Ore processed,1,ore
BC-MAIN-23155c25,,,,Water,Phosphorus (total),Emission,Direct Discharge,tonnes,0.377181,MetalliCan,MetalliCan,,,Ore processed,1,ore
BC-MAIN-23155c25,,,,Water,Selenium (and its compounds),Emission,Direct Discharge,kg,30.7,MetalliCan,MetalliCan,,,Ore processed,1,ore
BC-MAIN-23155c25,,,,Water,Silver (and its compounds),Emission,Direct Discharge,tonnes,0.000674,MetalliCan,MetalliCan,,,Ore processed,1,ore
BC-MAIN-23155c25,,,,Water,Thallium (and its compounds),Emission,Direct Discharge,kg,0.3,MetalliCan,MetalliCan,,,Ore processed,1,ore
BC-MAIN-23155c25,,,,Water,Vanadium (and its compounds),Emission,Direct Discharge,tonnes,0.023921,MetalliCan,MetalliCan,,,Ore processed,1,ore
BC-MAIN-23155c25,,,,Water,Zinc (and its compounds),Emission,Direct Discharge,tonnes,5.582286,MetalliCan,MetalliCan,,,Ore processed,1,ore
QC-MAIN-dc1a16f9,,,,Water,Arsenic (and its compounds),Emission,Direct Discharge,kg,0.16,MetalliCan,MetalliCan,,,Ore processed,1,ore
QC-MAIN-dc1a16f9,,,,Water,Lead (and its compounds),Emission,Direct Discharge,kg,0.11,MetalliCan,MetalliCan,,,Ore processed,1,ore
ON-MAIN-8825d90d,Open-pit mining and beneficiation at Magino,"Open-pit, concentrator",Au–Ag free-milling,Water,Arsenic (and its compounds),Emission,Direct Discharge,kg,2.454149,MetalliCan,MetalliCan,1165551.0,2.1055698120459765e-06,Ore processed,1,ore
ON-MAIN-8825d90d,Open-pit mining and beneficiation at Magino,"Open-pit, concentrator",Au–Ag free-milling,Water,Chromium (and its compounds),Emission,Direct Discharge,tonnes,0.000546,MetalliCan,MetalliCan,1165551.0,4.684479701016944e-10,Ore processed,1,ore
ON-MAIN-8825d90d,Open-pit mining and beneficiation at Magino,"Open-pit, concentrator",Au–Ag free-milling,Water,Cobalt (and its compounds),Emission,Direct Discharge,kg,1.550734,MetalliCan,MetalliCan,1165551.0,1.3304728836404414e-06,Ore processed,1,ore
ON-MAIN-8825d90d,Open-pit mining and beneficiation at Magino,"Open-pit, concentrator",Au–Ag free-milling,Water,Copper (and its compounds),Emission,Direct Discharge,tonnes,0.006804,MetalliCan,MetalliCan,1165551.0,5.837582396651884e-09,Ore processed,1,ore
ON-MAIN-8825d90d,Open-pit mining and beneficiation at Magino,"Open-pit, concentrator",Au–Ag free-milling,Water,Cyanides (ionic),Emission,Direct Discharge,tonnes,0.008132,MetalliCan,MetalliCan,1165551.0,6.976957679243551e-09,Ore processed,1,ore
ON-MAIN-8825d90d,Open-pit mining and beneficiation at Magino,"Open-pit, concentrator",Au–Ag free-milling,Water,Lead (and its compounds),Emission,Direct Discharge,kg,0.059006,MetalliCan,MetalliCan,1165551.0,5.062498337696077e-08,Ore processed,1,ore
ON-MAIN-8825d90d,Open-pit mining and beneficiation at Magino,"Open-pit, concentrator",Au–Ag free-milling,Water,Manganese (and its compounds),Emission,Direct Discharge,tonnes,0.460652,MetalliCan,MetalliCan,1165551.0,3.952225170756149e-07,Ore processed,1,ore
ON-MAIN-8825d90d,Open-pit mining and beneficiation at Magino,"Open-pit, concentrator",Au–Ag free-milling,Water,Mercury (and its compounds),Emission,Direct Discharge,tonnes,4.032e-06,MetalliCan,MetalliCan,1165551.0,3.45930808690482e-12,Ore processed,1,ore
ON-MAIN-8825d90d,Open-pit mining and beneficiation at Magino,"Open-pit, concentrator",Au–Ag free-milling,Water,Nickel (and its compounds),Emission,Direct Discharge,tonnes,0.001713,MetalliCan,MetalliCan,1165551.0,1.4696911589454257e-09,Ore processed,1,ore
ON-MAIN-8825d90d,Open-pit mining and beneficiation at Magino,"Open-pit, concentrator",Au–Ag free-milling,Water,Phosphorus (total),Emission,Direct Discharge,tonnes,0.048319,MetalliCan,MetalliCan,1165551.0,4.1455929427369545e-08,Ore processed,1,ore
ON-MAIN-8825d90d,Open-pit mining and beneficiation at Magino,"Open-pit, concentrator",Au–Ag free-milling,Water,Selenium (and its compounds),Emission,Direct Discharge,kg,0.281555,MetalliCan,MetalliCan,1165551.0,2.415638612124223e-07,Ore processed,1,ore
ON-MAIN-8825d90d,Open-pit mining and beneficiation at Magino,"Open-pit, concentrator",Au–Ag free-milling,Water,Thallium (and its compounds),Emission,Direct Discharge,kg,0.01997,MetalliCan,MetalliCan,1165551.0,1.7133527404635234e-08,Ore processed,1,ore
ON-MAIN-8825d90d,Open-pit mining and beneficiation at Magino,"Open-pit, concentrator",Au–Ag free-milling,Water,Vanadium (and its compounds),Emission,Direct Discharge,tonnes,0.00054,MetalliCan,MetalliCan,1165551.0,4.6330019021046697e-10,Ore processed,1,ore
ON-MAIN-8825d90d,Open-pit mining and beneficiation at Magino,"Open-pit, concentrator",Au–Ag free-milling,Water,Zinc (and its compounds),Emission,Direct Discharge,tonnes,0.003863,MetalliCan,MetalliCan,1165551.0,3.314312286635248e-09,Ore processed,1,ore
NL-MAIN-842ba1b4,,,,Water,Ammonia (total),Emission,Direct Discharge,tonnes,0.005,MetalliCan,MetalliCan,,,Ore processed,1,ore
NL-MAIN-842ba1b4,,,,Water,Arsenic (and its compounds),Emission,Direct Discharge,kg,0.003,MetalliCan,MetalliCan,,,Ore processed,1,ore
NL-MAIN-842ba1b4,,,,Water,Copper (and its compounds),Emission,Direct Discharge,tonnes,0.0922,MetalliCan,MetalliCan,,,Ore processed,1,ore
NL-MAIN-842ba1b4,,,,Water,Lead (and its compounds),Emission,Direct Discharge,kg,4.2,MetalliCan,MetalliCan,,,Ore processed,1,ore
NL-MAIN-842ba1b4,,,,Water,Zinc (and its compounds),Emission,Direct Discharge,tonnes,0.1723,MetalliCan,MetalliCan,,,Ore processed,1,ore
ON-MAIN-7f050560,Underground mining and beneficiation at Red Lake,"Underground, concentrator",Au–Ag refractory,Water,Arsenic (and its compounds),Emission,Direct Discharge,kg,1.6565,MetalliCan,MetalliCan,841000.0,1.969678953626635e-06,Ore processed,1,ore
ON-MAIN-7f050560,Underground mining and beneficiation at Red Lake,"Underground, concentrator",Au–Ag refractory,Water,Cobalt (and its compounds),Emission,Direct Discharge,kg,20.374976,MetalliCan,MetalliCan,841000.0,2.4227082045184303e-05,Ore processed,1,ore
ON-MAIN-7f050560,Underground mining and beneficiation at Red Lake,"Underground, concentrator",Au–Ag refractory,Water,Nitrate ion in solution at pH >= 6.0,Emission,Direct Discharge,tonnes,19.945238,MetalliCan,MetalliCan,841000.0,2.371609750297265e-05,Ore processed,1,ore
NL-MAIN-b64bae7a,Open-pit mining and beneficiation at Scully,"Open-pit, concentrator",Fe concentrator,Water,Ammonia (total),Emission,Direct Discharge,tonnes,0.1754,MetalliCan,MetalliCan,3560000.0,4.926966292134832e-08,Ore processed,1,ore
NL-MAIN-b64bae7a,Open-pit mining and beneficiation at Scully,"Open-pit, concentrator",Fe concentrator,Water,Arsenic (and its compounds),Emission,Direct Discharge,kg,15.241,MetalliCan,MetalliCan,3560000.0,4.281179775280899e-06,Ore processed,1,ore
NL-MAIN-b64bae7a,Open-pit mining and beneficiation at Scully,"Open-pit, concentrator",Fe concentrator,Water,Cadmium (and its compounds),Emission,Direct Discharge,kg,0.002,MetalliCan,MetalliCan,3560000.0,5.617977528089888e-10,Ore processed,1,ore
NL-MAIN-b64bae7a,Open-pit mining and beneficiation at Scully,"Open-pit, concentrator",Fe concentrator,Water,Cobalt (and its compounds),Emission,Direct Discharge,kg,0.957,MetalliCan,MetalliCan,3560000.0,2.6882022471910113e-07,Ore processed,1,ore
NL-MAIN-b64bae7a,Open-pit mining and beneficiation at Scully,"Open-pit, concentrator",Fe concentrator,Water,Lead (and its compounds),Emission,Direct Discharge,kg,7.647,MetalliCan,MetalliCan,3560000.0,2.1480337078651688e-06,Ore processed,1,ore
NL-MAIN-b64bae7a,Open-pit mining and beneficiation at Scully,"Open-pit, concentrator",Fe concentrator,Water,Manganese (and its compounds),Emission,Direct Discharge,tonnes,0.588,MetalliCan,MetalliCan,3560000.0,1.6516853932584268e-07,Ore processed,1,ore
NL-MAIN-b64bae7a,Open-pit mining and beneficiation at Scully,"Open-pit, concentrator",Fe concentrator,Water,Nitrate ion in solution at pH >= 6.0,Emission,Direct Discharge,tonnes,3.809,MetalliCan,MetalliCan,3560000.0,1.0699438202247192e-06,Ore processed,1,ore
BC-MAIN-bf503b6b,Open-pit mining and beneficiation at Highland Valley,"Open-pit, concentrator",Cu polymetallic,Water,Arsenic (and its compounds),Emission,Direct Discharge,kg,2.661,MetalliCan,MetalliCan,17408000.0,1.528607536764706e-07,Ore processed,1,ore
BC-MAIN-bf503b6b,Open-pit mining and beneficiation at Highland Valley,"Open-pit, concentrator",Cu polymetallic,Water,Cadmium (and its compounds),Emission,Direct Discharge,kg,0.14,MetalliCan,MetalliCan,17408000.0,8.042279411764707e-09,Ore processed,1,ore
BC-MAIN-bf503b6b,Open-pit mining and beneficiation at Highland Valley,"Open-pit, concentrator",Cu polymetallic,Water,Cobalt (and its compounds),Emission,Direct Discharge,kg,0.129,MetalliCan,MetalliCan,17408000.0,7.4103860294117646e-09,Ore processed,1,ore
BC-MAIN-bf503b6b,Open-pit mining and beneficiation at Highland Valley,"Open-pit, concentrator",Cu polymetallic,Water,Lead (and its compounds),Emission,Direct Discharge,kg,0.048,MetalliCan,MetalliCan,17408000.0,2.7573529411764705e-09,Ore processed,1,ore
BC-MAIN-bf503b6b,Open-pit mining and beneficiation at Highland Valley,"Open-pit, concentrator",Cu polymetallic,Water,Selenium (and its compounds),Emission,Direct Discharge,kg,0.264,MetalliCan,MetalliCan,17408000.0,1.5165441176470588e-08,Ore processed,1,ore
MB-MAIN-e0a6250e,Open-pit and underground mining and beneficiation at Thompson (T-1 and T-3),"Open-pit, underground, concentrator",Ni–Cu sulfide,Water,Ammonia (total),Emission,Direct Discharge,tonnes,5.44027,MetalliCan,MetalliCan,464705.882352941,1.1706910126582283e-05,Ore processed,1,ore
MB-MAIN-e0a6250e,Open-pit and underground mining and beneficiation at Thompson (T-1 and T-3),"Open-pit, underground, concentrator",Ni–Cu sulfide,Water,Arsenic (and its compounds),Emission,Direct Discharge,kg,186.08,MetalliCan,MetalliCan,464705.882352941,0.0004004253164556964,Ore processed,1,ore
MB-MAIN-e0a6250e,Open-pit and underground mining and beneficiation at Thompson (T-1 and T-3),"Open-pit, underground, concentrator",Ni–Cu sulfide,Water,Cadmium (and its compounds),Emission,Direct Discharge,kg,0.2702,MetalliCan,MetalliCan,464705.882352941,5.814430379746838e-07,Ore processed,1,ore
MB-MAIN-e0a6250e,Open-pit and underground mining and beneficiation at Thompson (T-1 and T-3),"Open-pit, underground, concentrator",Ni–Cu sulfide,Water,Cobalt (and its compounds),Emission,Direct Discharge,kg,50.0002,MetalliCan,MetalliCan,464705.882352941,0.00010759536708860764,Ore processed,1,ore
MB-MAIN-e0a6250e,Open-pit and underground mining and beneficiation at Thompson (T-1 and T-3),"Open-pit, underground, concentrator",Ni–Cu sulfide,Water,Copper (and its compounds),Emission,Direct Discharge,tonnes,0.060021,MetalliCan,MetalliCan,464705.882352941,1.2915911392405067e-07,Ore processed,1,ore
MB-MAIN-e0a6250e,Open-pit and underground mining and beneficiation at Thompson (T-1 and T-3),"Open-pit, underground, concentrator",Ni–Cu sulfide,Water,Lead (and its compounds),Emission,Direct Discharge,kg,3.0013,MetalliCan,MetalliCan,464705.882352941,6.458493670886079e-06,Ore processed,1,ore
MB-MAIN-e0a6250e,Open-pit and underground mining and beneficiation at Thompson (T-1 and T-3),"Open-pit, underground, concentrator",Ni–Cu sulfide,Water,Mercury (and its compounds),Emission,Direct Discharge,tonnes,2.7e-05,MetalliCan,MetalliCan,464705.882352941,5.810126582278483e-11,Ore processed,1,ore
MB-MAIN-e0a6250e,Open-pit and underground mining and beneficiation at Thompson (T-1 and T-3),"Open-pit, underground, concentrator",Ni–Cu sulfide,Water,Nickel (and its compounds),Emission,Direct Discharge,tonnes,7.17019,MetalliCan,MetalliCan,464705.882352941,1.5429522784810133e-05,Ore processed,1,ore
MB-MAIN-e0a6250e,Open-pit and underground mining and beneficiation at Thompson (T-1 and T-3),"Open-pit, underground, concentrator",Ni–Cu sulfide,Water,Nitrate ion in solution at pH >= 6.0,Emission,Direct Discharge,tonnes,14.821,MetalliCan,MetalliCan,464705.882352941,3.189329113924052e-05,Ore processed,1,ore
MB-MAIN-e0a6250e,Open-pit and underground mining and beneficiation at Thompson (T-1 and T-3),"Open-pit, underground, concentrator",Ni–Cu sulfide,Water,Selenium (and its compounds),Emission,Direct Discharge,kg,19.26,MetalliCan,MetalliCan,464705.882352941,4.144556962025319e-05,Ore processed,1,ore
MB-MAIN-e0a6250e,Open-pit and underground mining and beneficiation at Thompson (T-1 and T-3),"Open-pit, underground, concentrator",Ni–Cu sulfide,Water,Zinc (and its compounds),Emission,Direct Discharge,tonnes,0.080038,MetalliCan,MetalliCan,464705.882352941,1.7223367088607603e-07,Ore processed,1,ore
NL-MAIN-2d8801d6,Open-pit and underground mining and beneficiation at Voisey’s Bay,"Open-pit, underground, concentrator",Ni–Cu sulfide,Water,Ammonia (total),Emission,Direct Discharge,tonnes,6.652,MetalliCan,MetalliCan,794117.647058823,8.376592592592598e-06,Ore processed,1,ore
NL-MAIN-2d8801d6,Open-pit and underground mining and beneficiation at Voisey’s Bay,"Open-pit, underground, concentrator",Ni–Cu sulfide,Water,Arsenic (and its compounds),Emission,Direct Discharge,kg,4.285,MetalliCan,MetalliCan,794117.647058823,5.395925925925929e-06,Ore processed,1,ore
NL-MAIN-2d8801d6,Open-pit and underground mining and beneficiation at Voisey’s Bay,"Open-pit, underground, concentrator",Ni–Cu sulfide,Water,Cadmium (and its compounds),Emission,Direct Discharge,kg,0.277,MetalliCan,MetalliCan,794117.647058823,3.4881481481481505e-07,Ore processed,1,ore
NL-MAIN-2d8801d6,Open-pit and underground mining and beneficiation at Voisey’s Bay,"Open-pit, underground, concentrator",Ni–Cu sulfide,Water,Chromium (and its compounds),Emission,Direct Discharge,tonnes,0.004,MetalliCan,MetalliCan,794117.647058823,5.03703703703704e-09,Ore processed,1,ore
NL-MAIN-2d8801d6,Open-pit and underground mining and beneficiation at Voisey’s Bay,"Open-pit, underground, concentrator",Ni–Cu sulfide,Water,Cobalt (and its compounds),Emission,Direct Discharge,kg,3.286,MetalliCan,MetalliCan,794117.647058823,4.137925925925929e-06,Ore processed,1,ore
NL-MAIN-2d8801d6,Open-pit and underground mining and beneficiation at Voisey’s Bay,"Open-pit, underground, concentrator",Ni–Cu sulfide,Water,Copper (and its compounds),Emission,Direct Discharge,tonnes,0.006,MetalliCan,MetalliCan,794117.647058823,7.55555555555556e-09,Ore processed,1,ore
NL-MAIN-2d8801d6,Open-pit and underground mining and beneficiation at Voisey’s Bay,"Open-pit, underground, concentrator",Ni–Cu sulfide,Water,Lead (and its compounds),Emission,Direct Discharge,kg,5.226,MetalliCan,MetalliCan,794117.647058823,6.580888888888893e-06,Ore processed,1,ore
NL-MAIN-2d8801d6,Open-pit and underground mining and beneficiation at Voisey’s Bay,"Open-pit, underground, concentrator",Ni–Cu sulfide,Water,Manganese (and its compounds),Emission,Direct Discharge,tonnes,0.05,MetalliCan,MetalliCan,794117.647058823,6.296296296296301e-08,Ore processed,1,ore
NL-MAIN-2d8801d6,Open-pit and underground mining and beneficiation at Voisey’s Bay,"Open-pit, underground, concentrator",Ni–Cu sulfide,Water,Mercury (and its compounds),Emission,Direct Discharge,tonnes,4.4e-05,MetalliCan,MetalliCan,794117.647058823,5.540740740740744e-11,Ore processed,1,ore
NL-MAIN-2d8801d6,Open-pit and underground mining and beneficiation at Voisey’s Bay,"Open-pit, underground, concentrator",Ni–Cu sulfide,Water,Nickel (and its compounds),Emission,Direct Discharge,tonnes,0.199,MetalliCan,MetalliCan,794117.647058823,2.505925925925928e-07,Ore processed,1,ore
NL-MAIN-2d8801d6,Open-pit and underground mining and beneficiation at Voisey’s Bay,"Open-pit, underground, concentrator",Ni–Cu sulfide,Water,Phosphorus (total),Emission,Direct Discharge,tonnes,0.052,MetalliCan,MetalliCan,794117.647058823,6.548148148148152e-08,Ore processed,1,ore
NL-MAIN-2d8801d6,Open-pit and underground mining and beneficiation at Voisey’s Bay,"Open-pit, underground, concentrator",Ni–Cu sulfide,Water,Selenium (and its compounds),Emission,Direct Discharge,kg,6.108,MetalliCan,MetalliCan,794117.647058823,7.69155555555556e-06,Ore processed,1,ore
NL-MAIN-2d8801d6,Open-pit and underground mining and beneficiation at Voisey’s Bay,"Open-pit, underground, concentrator",Ni–Cu sulfide,Water,Silver (and its compounds),Emission,Direct Discharge,tonnes,0.00046,MetalliCan,MetalliCan,794117.647058823,5.792592592592596e-10,Ore processed,1,ore
NL-MAIN-2d8801d6,Open-pit and underground mining and beneficiation at Voisey’s Bay,"Open-pit, underground, concentrator",Ni–Cu sulfide,Water,Vanadium (and its compounds),Emission,Direct Discharge,tonnes,0.004,MetalliCan,MetalliCan,794117.647058823,5.03703703703704e-09,Ore processed,1,ore
NL-MAIN-2d8801d6,Open-pit and underground mining and beneficiation at Voisey’s Bay,"Open-pit, underground, concentrator",Ni–Cu sulfide,Water,Zinc (and its compounds),Emission,Direct Discharge,tonnes,0.019,MetalliCan,MetalliCan,794117.647058823,2.392592592592594e-08,Ore processed,1,ore
ON-MAIN-cb85213a,Underground mining and beneficiation at Eagle River,"Underground, concentrator",Au–Ag free-milling,Water,Arsenic (and its compounds),Emission,Direct Discharge,kg,0.5452,MetalliCan,MetalliCan,222627.0,2.448939257143114e-06,Ore processed,1,ore
ON-MAIN-cb85213a,Underground mining and beneficiation at Eagle River,"Underground, concentrator",Au–Ag free-milling,Water,Copper (and its compounds),Emission,Direct Discharge,tonnes,0.007002,MetalliCan,MetalliCan,222627.0,3.1451710708943663e-08,Ore processed,1,ore
ON-MAIN-cb85213a,Underground mining and beneficiation at Eagle River,"Underground, concentrator",Au–Ag free-milling,Water,Cyanides (ionic),Emission,Direct Discharge,tonnes,0.006789,MetalliCan,MetalliCan,222627.0,3.049495344230484e-08,Ore processed,1,ore
ON-MAIN-cb85213a,Underground mining and beneficiation at Eagle River,"Underground, concentrator",Au–Ag free-milling,Water,Lead (and its compounds),Emission,Direct Discharge,kg,0.14374,MetalliCan,MetalliCan,222627.0,6.456539413458386e-07,Ore processed,1,ore
ON-MAIN-cb85213a,Underground mining and beneficiation at Eagle River,"Underground, concentrator",Au–Ag free-milling,Water,Nickel (and its compounds),Emission,Direct Discharge,tonnes,0.001633,MetalliCan,MetalliCan,222627.0,7.335139044230933e-09,Ore processed,1,ore
ON-MAIN-cb85213a,Underground mining and beneficiation at Eagle River,"Underground, concentrator",Au–Ag free-milling,Water,Zinc (and its compounds),Emission,Direct Discharge,tonnes,0.003055,MetalliCan,MetalliCan,222627.0,1.3722504458129518e-08,Ore processed,1,ore
ON-MAIN-6e9be24e,Open-pit and underground mining and beneficiation at Hemlo (Williams),"Open-pit, underground, concentrator",Au–Ag free-milling,Water,Ammonia (total),Emission,Direct Discharge,tonnes,24.352935,MetalliCan,MetalliCan,1266009.0,1.9235988843681205e-05,Ore processed,1,ore
ON-MAIN-6e9be24e,Open-pit and underground mining and beneficiation at Hemlo (Williams),"Open-pit, underground, concentrator",Au–Ag free-milling,Water,Antimony (and its compounds),Emission,Direct Discharge,tonnes,0.179879,MetalliCan,MetalliCan,1266009.0,1.4208350809512413e-07,Ore processed,1,ore
ON-MAIN-6e9be24e,Open-pit and underground mining and beneficiation at Hemlo (Williams),"Open-pit, underground, concentrator",Au–Ag free-milling,Water,Arsenic (and its compounds),Emission,Direct Discharge,kg,5.426793,MetalliCan,MetalliCan,1266009.0,4.28653587770703e-06,Ore processed,1,ore
ON-MAIN-6e9be24e,Open-pit and underground mining and beneficiation at Hemlo (Williams),"Open-pit, underground, concentrator",Au–Ag free-milling,Water,Cadmium (and its compounds),Emission,Direct Discharge,kg,0.489454,MetalliCan,MetalliCan,1266009.0,3.8661178554022915e-07,Ore processed,1,ore
ON-MAIN-6e9be24e,Open-pit and underground mining and beneficiation at Hemlo (Williams),"Open-pit, underground, concentrator",Au–Ag free-milling,Water,Chromium (and its compounds),Emission,Direct Discharge,tonnes,0.005093,MetalliCan,MetalliCan,1266009.0,4.0228781943888235e-09,Ore processed,1,ore
ON-MAIN-6e9be24e,Open-pit and underground mining and beneficiation at Hemlo (Williams),"Open-pit, underground, concentrator",Au–Ag free-milling,Water,Cobalt (and its compounds),Emission,Direct Discharge,kg,25.902142,MetalliCan,MetalliCan,1266009.0,2.045968235612859e-05,Ore processed,1,ore
ON-MAIN-6e9be24e,Open-pit and underground mining and beneficiation at Hemlo (Williams),"Open-pit, underground, concentrator",Au–Ag free-milling,Water,Copper (and its compounds),Emission,Direct Discharge,tonnes,0.027463,MetalliCan,MetalliCan,1266009.0,2.1692578804732038e-08,Ore processed,1,ore
ON-MAIN-6e9be24e,Open-pit and underground mining and beneficiation at Hemlo (Williams),"Open-pit, underground, concentrator",Au–Ag free-milling,Water,Cyanides (ionic),Emission,Direct Discharge,tonnes,0.02389,MetalliCan,MetalliCan,1266009.0,1.8870323986638327e-08,Ore processed,1,ore
ON-MAIN-6e9be24e,Open-pit and underground mining and beneficiation at Hemlo (Williams),"Open-pit, underground, concentrator",Au–Ag free-milling,Water,Lead (and its compounds),Emission,Direct Discharge,kg,0.708965,MetalliCan,MetalliCan,1266009.0,5.59999968404648e-07,Ore processed,1,ore
ON-MAIN-6e9be24e,Open-pit and underground mining and beneficiation at Hemlo (Williams),"Open-pit, underground, concentrator",Au–Ag free-milling,Water,Manganese (and its compounds),Emission,Direct Discharge,tonnes,0.316644,MetalliCan,MetalliCan,1266009.0,2.501119660286775e-07,Ore processed,1,ore
ON-MAIN-6e9be24e,Open-pit and underground mining and beneficiation at Hemlo (Williams),"Open-pit, underground, concentrator",Au–Ag free-milling,Water,Mercury (and its compounds),Emission,Direct Discharge,tonnes,1.4473e-05,MetalliCan,MetalliCan,1266009.0,1.1431988240209983e-11,Ore processed,1,ore
ON-MAIN-6e9be24e,Open-pit and underground mining and beneficiation at Hemlo (Williams),"Open-pit, underground, concentrator",Au–Ag free-milling,Water,Nickel (and its compounds),Emission,Direct Discharge,tonnes,0.028024,MetalliCan,MetalliCan,1266009.0,2.2135703616640957e-08,Ore processed,1,ore
ON-MAIN-6e9be24e,Open-pit and underground mining and beneficiation at Hemlo (Williams),"Open-pit, underground, concentrator",Au–Ag free-milling,Water,Nitrate ion in solution at pH >= 6.0,Emission,Direct Discharge,tonnes,224.781388,MetalliCan,MetalliCan,1266009.0,0.00017755117696635647,Ore processed,1,ore
ON-MAIN-6e9be24e,Open-pit and underground mining and beneficiation at Hemlo (Williams),"Open-pit, underground, concentrator",Au–Ag free-milling,Water,Selenium (and its compounds),Emission,Direct Discharge,kg,2.073336,MetalliCan,MetalliCan,1266009.0,1.6376945187593452e-06,Ore processed,1,ore
ON-MAIN-6e9be24e,Open-pit and underground mining and beneficiation at Hemlo (Williams),"Open-pit, underground, concentrator",Au–Ag free-milling,Water,Vanadium (and its compounds),Emission,Direct Discharge,tonnes,0.005403,MetalliCan,MetalliCan,1266009.0,4.267742172449011e-09,Ore processed,1,ore
ON-MAIN-6e9be24e,Open-pit and underground mining and beneficiation at Hemlo (Williams),"Open-pit, underground, concentrator",Au–Ag free-milling,Water,Zinc (and its compounds),Emission,Direct Discharge,tonnes,0.036415,MetalliCan,MetalliCan,1266009.0,2.87636185840701e-08,Ore processed,1,ore
ON-MAIN-1f126a43,Underground mining and beneficiation at Macassa,"Underground, concentrator",Au–Ag free-milling,Water,Ammonia (total),Emission,Waterbody,tonnes,,MetalliCan,MetalliCan,441588.0,,Ore processed,1,ore
ON-MAIN-1f126a43,Underground mining and beneficiation at Macassa,"Underground, concentrator",Au–Ag free-milling,Water,Arsenic (and its compounds),Emission,Waterbody,kg,,MetalliCan,MetalliCan,441588.0,,Ore processed,1,ore
ON-MAIN-1f126a43,Underground mining and beneficiation at Macassa,"Underground, concentrator",Au–Ag free-milling,Water,Cadmium (and its compounds),Emission,Waterbody,kg,,MetalliCan,MetalliCan,441588.0,,Ore processed,1,ore
ON-MAIN-1f126a43,Underground mining and beneficiation at Macassa,"Underground, concentrator",Au–Ag free-milling,Water,Chromium (and its compounds),Emission,Waterbody,tonnes,,MetalliCan,MetalliCan,441588.0,,Ore processed,1,ore
ON-MAIN-1f126a43,Underground mining and beneficiation at Macassa,"Underground, concentrator",Au–Ag free-milling,Water,Cobalt (and its compounds),Emission,Waterbody,kg,,MetalliCan,MetalliCan,441588.0,,Ore processed,1,ore
ON-MAIN-1f126a43,Underground mining and beneficiation at Macassa,"Underground, concentrator",Au–Ag free-milling,Water,Copper (and its compounds),Emission,Waterbody,tonnes,,MetalliCan,MetalliCan,441588.0,,Ore processed,1,ore
ON-MAIN-1f126a43,Underground mining and beneficiation at Macassa,"Underground, concentrator",Au–Ag free-milling,Water,Cyanides (ionic),Emission,Waterbody,tonnes,,MetalliCan,MetalliCan,441588.0,,Ore processed,1,ore
ON-MAIN-1f126a43,Underground mining and beneficiation at Macassa,"Underground, concentrator",Au–Ag free-milling,Water,Lead (and its compounds),Emission,Waterbody,kg,,MetalliCan,MetalliCan,441588.0,,Ore processed,1,ore
ON-MAIN-1f126a43,Underground mining and beneficiation at Macassa,"Underground, concentrator",Au–Ag free-milling,Water,Manganese (and its compounds),Emission,Waterbody,tonnes,,MetalliCan,MetalliCan,441588.0,,Ore processed,1,ore
ON-MAIN-1f126a43,Underground mining and beneficiation at Macassa,"Underground, concentrator",Au–Ag free-milling,Water,Mercury (and its compounds),Emission,Waterbody,tonnes,,MetalliCan,MetalliCan,441588.0,,Ore processed,1,ore
ON-MAIN-1f126a43,Underground mining and beneficiation at Macassa,"Underground, concentrator",Au–Ag free-milling,Water,Nickel (and its compounds),Emission,Waterbody,tonnes,,MetalliCan,MetalliCan,441588.0,,Ore processed,1,ore
ON-MAIN-1f126a43,Underground mining and beneficiation at Macassa,"Underground, concentrator",Au–Ag free-milling,Water,Nitrate ion in solution at pH >= 6.0,Emission,Waterbody,tonnes,,MetalliCan,MetalliCan,441588.0,,Ore processed,1,ore
ON-MAIN-1f126a43,Underground mining and beneficiation at Macassa,"Underground, concentrator",Au–Ag free-milling,Water,Phosphorus (total),Emission,Waterbody,tonnes,,MetalliCan,MetalliCan,441588.0,,Ore processed,1,ore
ON-MAIN-1f126a43,Underground mining and beneficiation at Macassa,"Underground, concentrator",Au–Ag free-milling,Water,Selenium (and its compounds),Emission,Waterbody,kg,,MetalliCan,MetalliCan,441588.0,,Ore processed,1,ore
ON-MAIN-1f126a43,Underground mining and beneficiation at Macassa,"Underground, concentrator",Au–Ag free-milling,Water,Thallium (and its compounds),Emission,Waterbody,kg,,MetalliCan,MetalliCan,441588.0,,Ore processed,1,ore
ON-MAIN-1f126a43,Underground mining and beneficiation at Macassa,"Underground, concentrator",Au–Ag free-milling,Water,Vanadium (and its compounds),Emission,Waterbody,tonnes,,MetalliCan,MetalliCan,441588.0,,Ore processed,1,ore
ON-MAIN-1f126a43,Underground mining and beneficiation at Macassa,"Underground, concentrator",Au–Ag free-milling,Water,Zinc (and its compounds),Emission,Waterbody,tonnes,,MetalliCan,MetalliCan,441588.0,,Ore processed,1,ore
QC-MAIN-e7e6a960,Open-pit mining and beneficiation at Canadian Malartic,"Open-pit, concentrator",Au–Ag free-milling,Water,Arsenic (and its compounds),Emission,Waterbody,kg,,MetalliCan,MetalliCan,17332900.0,,Ore processed,1,ore
QC-MAIN-e7e6a960,Open-pit mining and beneficiation at Canadian Malartic,"Open-pit, concentrator",Au–Ag free-milling,Water,Cadmium (and its compounds),Emission,Waterbody,kg,,MetalliCan,MetalliCan,17332900.0,,Ore processed,1,ore
QC-MAIN-e7e6a960,Open-pit mining and beneficiation at Canadian Malartic,"Open-pit, concentrator",Au–Ag free-milling,Water,Chromium (and its compounds),Emission,Waterbody,tonnes,,MetalliCan,MetalliCan,17332900.0,,Ore processed,1,ore
QC-MAIN-e7e6a960,Open-pit mining and beneficiation at Canadian Malartic,"Open-pit, concentrator",Au–Ag free-milling,Water,Cobalt (and its compounds),Emission,Waterbody,kg,,MetalliCan,MetalliCan,17332900.0,,Ore processed,1,ore
QC-MAIN-e7e6a960,Open-pit mining and beneficiation at Canadian Malartic,"Open-pit, concentrator",Au–Ag free-milling,Water,Copper (and its compounds),Emission,Waterbody,tonnes,,MetalliCan,MetalliCan,17332900.0,,Ore processed,1,ore
QC-MAIN-e7e6a960,Open-pit mining and beneficiation at Canadian Malartic,"Open-pit, concentrator",Au–Ag free-milling,Water,Cyanides (ionic),Emission,Waterbody,tonnes,,MetalliCan,MetalliCan,17332900.0,,Ore processed,1,ore
QC-MAIN-e7e6a960,Open-pit mining and beneficiation at Canadian Malartic,"Open-pit, concentrator",Au–Ag free-milling,Water,Lead (and its compounds),Emission,Waterbody,kg,,MetalliCan,MetalliCan,17332900.0,,Ore processed,1,ore
QC-MAIN-e7e6a960,Open-pit mining and beneficiation at Canadian Malartic,"Open-pit, concentrator",Au–Ag free-milling,Water,Manganese (and its compounds),Emission,Waterbody,tonnes,,MetalliCan,MetalliCan,17332900.0,,Ore processed,1,ore
QC-MAIN-e7e6a960,Open-pit mining and beneficiation at Canadian Malartic,"Open-pit, concentrator",Au–Ag free-milling,Water,Mercury (and its compounds),Emission,Waterbody,tonnes,,MetalliCan,MetalliCan,17332900.0,,Ore processed,1,ore
QC-MAIN-e7e6a960,Open-pit mining and beneficiation at Canadian Malartic,"Open-pit, concentrator",Au–Ag free-milling,Water,Nickel (and its compounds),Emission,Waterbody,tonnes,,MetalliCan,MetalliCan,17332900.0,,Ore processed,1,ore
QC-MAIN-e7e6a960,Open-pit mining and beneficiation at Canadian Malartic,"Open-pit, concentrator",Au–Ag free-milling,Water,Selenium (and its compounds),Emission,Waterbody,kg,,MetalliCan,MetalliCan,17332900.0,,Ore processed,1,ore
QC-MAIN-e7e6a960,Open-pit mining and beneficiation at Canadian Malartic,"Open-pit, concentrator",Au–Ag free-milling,Water,Thallium (and its compounds),Emission,Waterbody,kg,,MetalliCan,MetalliCan,17332900.0,,Ore processed,1,ore
QC-MAIN-e7e6a960,Open-pit mining and beneficiation at Canadian Malartic,"Open-pit, concentrator",Au–Ag free-milling,Water,Vanadium (and its compounds),Emission,Waterbody,tonnes,,MetalliCan,MetalliCan,17332900.0,,Ore processed,1,ore
QC-MAIN-e7e6a960,Open-pit mining and beneficiation at Canadian Malartic,"Open-pit, concentrator",Au–Ag free-milling,Water,Zinc (and its compounds),Emission,Waterbody,tonnes,,MetalliCan,MetalliCan,17332900.0,,Ore processed,1,ore
NU-MAIN-8b0264c9,Open-pit and underground mining and beneficiation at Meliadine,"Open-pit, underground, concentrator",Au–Ag free-milling,Water,Arsenic (and its compounds),Emission,Waterbody,kg,,MetalliCan,MetalliCan,1918143.0,,Ore processed,1,ore
NU-MAIN-8b0264c9,Open-pit and underground mining and beneficiation at Meliadine,"Open-pit, underground, concentrator",Au–Ag free-milling,Water,Cadmium (and its compounds),Emission,Waterbody,kg,,MetalliCan,MetalliCan,1918143.0,,Ore processed,1,ore
NU-MAIN-8b0264c9,Open-pit and underground mining and beneficiation at Meliadine,"Open-pit, underground, concentrator",Au–Ag free-milling,Water,Cobalt (and its compounds),Emission,Waterbody,kg,,MetalliCan,MetalliCan,1918143.0,,Ore processed,1,ore
NU-MAIN-8b0264c9,Open-pit and underground mining and beneficiation at Meliadine,"Open-pit, underground, concentrator",Au–Ag free-milling,Water,Copper (and its compounds),Emission,Waterbody,tonnes,,MetalliCan,MetalliCan,1918143.0,,Ore processed,1,ore
NU-MAIN-8b0264c9,Open-pit and underground mining and beneficiation at Meliadine,"Open-pit, underground, concentrator",Au–Ag free-milling,Water,Cyanides (ionic),Emission,Waterbody,tonnes,,MetalliCan,MetalliCan,1918143.0,,Ore processed,1,ore
NU-MAIN-8b0264c9,Open-pit and underground mining and beneficiation at Meliadine,"Open-pit, underground, concentrator",Au–Ag free-milling,Water,Lead (and its compounds),Emission,Waterbody,kg,,MetalliCan,MetalliCan,1918143.0,,Ore processed,1,ore
NU-MAIN-8b0264c9,Open-pit and underground mining and beneficiation at Meliadine,"Open-pit, underground, concentrator",Au–Ag free-milling,Water,Manganese (and its compounds),Emission,Waterbody,tonnes,,MetalliCan,MetalliCan,1918143.0,,Ore processed,1,ore
NU-MAIN-8b0264c9,Open-pit and underground mining and beneficiation at Meliadine,"Open-pit, underground, concentrator",Au–Ag free-milling,Water,Nickel (and its compounds),Emission,Waterbody,tonnes,,MetalliCan,MetalliCan,1918143.0,,Ore processed,1,ore
NU-MAIN-8b0264c9,Open-pit and underground mining and beneficiation at Meliadine,"Open-pit, underground, concentrator",Au–Ag free-milling,Water,Phosphorus (total),Emission,Waterbody,tonnes,,MetalliCan,MetalliCan,1918143.0,,Ore processed,1,ore
NU-MAIN-8b0264c9,Open-pit and underground mining and beneficiation at Meliadine,"Open-pit, underground, concentrator",Au–Ag free-milling,Water,Selenium (and its compounds),Emission,Waterbody,kg,,MetalliCan,MetalliCan,1918143.0,,Ore processed,1,ore
NU-MAIN-8b0264c9,Open-pit and underground mining and beneficiation at Meliadine,"Open-pit, underground, concentrator",Au–Ag free-milling,Water,Thallium (and its compounds),Emission,Waterbody,kg,,MetalliCan,MetalliCan,1918143.0,,Ore processed,1,ore
NU-MAIN-8b0264c9,Open-pit and underground mining and beneficiation at Meliadine,"Open-pit, underground, concentrator",Au–Ag free-milling,Water,Zinc (and its compounds),Emission,Waterbody,tonnes,,MetalliCan,MetalliCan,1918143.0,,Ore processed,1,ore
QC-MAIN-c0660aec,Underground mining and beneficiation at Goldex,"Underground, concentrator",Au–Ag polymetallic,Water,Arsenic (and its compounds),Emission,Waterbody,kg,,MetalliCan,MetalliCan,2886927.328724,,Ore processed,1,ore
QC-MAIN-c0660aec,Underground mining and beneficiation at Goldex,"Underground, concentrator",Au–Ag polymetallic,Water,Cadmium (and its compounds),Emission,Waterbody,kg,,MetalliCan,MetalliCan,2886927.328724,,Ore processed,1,ore
QC-MAIN-c0660aec,Underground mining and beneficiation at Goldex,"Underground, concentrator",Au–Ag polymetallic,Water,Chromium (and its compounds),Emission,Waterbody,tonnes,,MetalliCan,MetalliCan,2886927.328724,,Ore processed,1,ore
QC-MAIN-c0660aec,Underground mining and beneficiation at Goldex,"Underground, concentrator",Au–Ag polymetallic,Water,Cobalt (and its compounds),Emission,Waterbody,kg,,MetalliCan,MetalliCan,2886927.328724,,Ore processed,1,ore
QC-MAIN-c0660aec,Underground mining and beneficiation at Goldex,"Underground, concentrator",Au–Ag polymetallic,Water,Copper (and its compounds),Emission,Waterbody,tonnes,,MetalliCan,MetalliCan,2886927.328724,,Ore processed,1,ore
QC-MAIN-c0660aec,Underground mining and beneficiation at Goldex,"Underground, concentrator",Au–Ag polymetallic,Water,Lead (and its compounds),Emission,Waterbody,kg,,MetalliCan,MetalliCan,2886927.328724,,Ore processed,1,ore
QC-MAIN-c0660aec,Underground mining and beneficiation at Goldex,"Underground, concentrator",Au–Ag polymetallic,Water,Manganese (and its compounds),Emission,Waterbody,tonnes,,MetalliCan,MetalliCan,2886927.328724,,Ore processed,1,ore
QC-MAIN-c0660aec,Underground mining and beneficiation at Goldex,"Underground, concentrator",Au–Ag polymetallic,Water,Nickel (and its compounds),Emission,Waterbody,tonnes,,MetalliCan,MetalliCan,2886927.328724,,Ore processed,1,ore
QC-MAIN-c0660aec,Underground mining and beneficiation at Goldex,"Underground, concentrator",Au–Ag polymetallic,Water,Zinc (and its compounds),Emission,Waterbody,tonnes,,MetalliCan,MetalliCan,2886927.328724,,Ore processed,1,ore
ON-MAIN-687b8c8d,Underground mining and beneficiation at Island,"Underground, concentrator",Au–Ag free-milling,Water,Ammonia (total),Emission,Waterbody,tonnes,,MetalliCan,MetalliCan,439008.0,,Ore processed,1,ore
ON-MAIN-7607a50e,Underground mining and beneficiation at Young-Davidson,"Underground, concentrator",Au–Ag free-milling,Water,Ammonia (total),Emission,Waterbody,tonnes,,MetalliCan,MetalliCan,2878047.0,,Ore processed,1,ore
ON-MAIN-7607a50e,Underground mining and beneficiation at Young-Davidson,"Underground, concentrator",Au–Ag free-milling,Water,Antimony (and its compounds),Emission,Waterbody,tonnes,,MetalliCan,MetalliCan,2878047.0,,Ore processed,1,ore
ON-MAIN-687b8c8d,Underground mining and beneficiation at Island,"Underground, concentrator",Au–Ag free-milling,Water,Arsenic (and its compounds),Emission,Waterbody,kg,,MetalliCan,MetalliCan,439008.0,,Ore processed,1,ore
ON-MAIN-7607a50e,Underground mining and beneficiation at Young-Davidson,"Underground, concentrator",Au–Ag free-milling,Water,Arsenic (and its compounds),Emission,Waterbody,kg,,MetalliCan,MetalliCan,2878047.0,,Ore processed,1,ore
ON-MAIN-687b8c8d,Underground mining and beneficiation at Island,"Underground, concentrator",Au–Ag free-milling,Water,Cadmium (and its compounds),Emission,Waterbody,kg,,MetalliCan,MetalliCan,439008.0,,Ore processed,1,ore
ON-MAIN-7607a50e,Underground mining and beneficiation at Young-Davidson,"Underground, concentrator",Au–Ag free-milling,Water,Cadmium (and its compounds),Emission,Waterbody,kg,,MetalliCan,MetalliCan,2878047.0,,Ore processed,1,ore
ON-MAIN-687b8c8d,Underground mining and beneficiation at Island,"Underground, concentrator",Au–Ag free-milling,Water,Chromium (and its compounds),Emission,Waterbody,tonnes,,MetalliCan,MetalliCan,439008.0,,Ore processed,1,ore
ON-MAIN-7607a50e,Underground mining and beneficiation at Young-Davidson,"Underground, concentrator",Au–Ag free-milling,Water,Chromium (and its compounds),Emission,Waterbody,tonnes,,MetalliCan,MetalliCan,2878047.0,,Ore processed,1,ore
ON-MAIN-687b8c8d,Underground mining and beneficiation at Island,"Underground, concentrator",Au–Ag free-milling,Water,Cobalt (and its compounds),Emission,Waterbody,kg,,MetalliCan,MetalliCan,439008.0,,Ore processed,1,ore
ON-MAIN-7607a50e,Underground mining and beneficiation at Young-Davidson,"Underground, concentrator",Au–Ag free-milling,Water,Cobalt (and its compounds),Emission,Waterbody,kg,,MetalliCan,MetalliCan,2878047.0,,Ore processed,1,ore
ON-MAIN-687b8c8d,Underground mining and beneficiation at Island,"Underground, concentrator",Au–Ag free-milling,Water,Copper (and its compounds),Emission,Waterbody,tonnes,,MetalliCan,MetalliCan,439008.0,,Ore processed,1,ore
ON-MAIN-7607a50e,Underground mining and beneficiation at Young-Davidson,"Underground, concentrator",Au–Ag free-milling,Water,Copper (and its compounds),Emission,Waterbody,tonnes,,MetalliCan,MetalliCan,2878047.0,,Ore processed,1,ore
ON-MAIN-687b8c8d,Underground mining and beneficiation at Island,"Underground, concentrator",Au–Ag free-milling,Water,Cyanides (ionic),Emission,Waterbody,tonnes,,MetalliCan,MetalliCan,439008.0,,Ore processed,1,ore
ON-MAIN-687b8c8d,Underground mining and beneficiation at Island,"Underground, concentrator",Au–Ag free-milling,Water,Lead (and its compounds),Emission,Waterbody,kg,,MetalliCan,MetalliCan,439008.0,,Ore processed,1,ore
ON-MAIN-7607a50e,Underground mining and beneficiation at Young-Davidson,"Underground, concentrator",Au–Ag free-milling,Water,Lead (and its compounds),Emission,Waterbody,kg,,MetalliCan,MetalliCan,2878047.0,,Ore processed,1,ore
ON-MAIN-687b8c8d,Underground mining and beneficiation at Island,"Underground, concentrator",Au–Ag free-milling,Water,Manganese (and its compounds),Emission,Waterbody,tonnes,,MetalliCan,MetalliCan,439008.0,,Ore processed,1,ore
ON-MAIN-687b8c8d,Underground mining and beneficiation at Island,"Underground, concentrator",Au–Ag free-milling,Water,Mercury (and its compounds),Emission,Waterbody,tonnes,,MetalliCan,MetalliCan,439008.0,,Ore processed,1,ore
ON-MAIN-7607a50e,Underground mining and beneficiation at Young-Davidson,"Underground, concentrator",Au–Ag free-milling,Water,Mercury (and its compounds),Emission,Waterbody,tonnes,,MetalliCan,MetalliCan,2878047.0,,Ore processed,1,ore
ON-MAIN-687b8c8d,Underground mining and beneficiation at Island,"Underground, concentrator",Au–Ag free-milling,Water,Nickel (and its compounds),Emission,Waterbody,tonnes,,MetalliCan,MetalliCan,439008.0,,Ore processed,1,ore
ON-MAIN-7607a50e,Underground mining and beneficiation at Young-Davidson,"Underground, concentrator",Au–Ag free-milling,Water,Nickel (and its compounds),Emission,Waterbody,tonnes,,MetalliCan,MetalliCan,2878047.0,,Ore processed,1,ore
ON-MAIN-687b8c8d,Underground mining and beneficiation at Island,"Underground, concentrator",Au–Ag free-milling,Water,Nitrate ion in solution at pH >= 6.0,Emission,Waterbody,tonnes,,MetalliCan,MetalliCan,439008.0,,Ore processed,1,ore
ON-MAIN-7607a50e,Underground mining and beneficiation at Young-Davidson,"Underground, concentrator",Au–Ag free-milling,Water,Nitrate ion in solution at pH >= 6.0,Emission,Waterbody,tonnes,,MetalliCan,MetalliCan,2878047.0,,Ore processed,1,ore
ON-MAIN-7607a50e,Underground mining and beneficiation at Young-Davidson,"Underground, concentrator",Au–Ag free-milling,Water,Phosphorus (total),Emission,Waterbody,tonnes,,MetalliCan,MetalliCan,2878047.0,,Ore processed,1,ore
ON-MAIN-687b8c8d,Underground mining and beneficiation at Island,"Underground, concentrator",Au–Ag free-milling,Water,Selenium (and its compounds),Emission,Waterbody,kg,,MetalliCan,MetalliCan,439008.0,,Ore processed,1,ore
ON-MAIN-7607a50e,Underground mining and beneficiation at Young-Davidson,"Underground, concentrator",Au–Ag free-milling,Water,Selenium (and its compounds),Emission,Waterbody,kg,,MetalliCan,MetalliCan,2878047.0,,Ore processed,1,ore
ON-MAIN-7607a50e,Underground mining and beneficiation at Young-Davidson,"Underground, concentrator",Au–Ag free-milling,Water,Silver (and its compounds),Emission,Waterbody,tonnes,,MetalliCan,MetalliCan,2878047.0,,Ore processed,1,ore
ON-MAIN-7607a50e,Underground mining and beneficiation at Young-Davidson,"Underground, concentrator",Au–Ag free-milling,Water,Thallium (and its compounds),Emission,Waterbody,kg,,MetalliCan,MetalliCan,2878047.0,,Ore processed,1,ore
ON-MAIN-7607a50e,Underground mining and beneficiation at Young-Davidson,"Underground, concentrator",Au–Ag free-milling,Water,Vanadium (and its compounds),Emission,Waterbody,tonnes,,MetalliCan,MetalliCan,2878047.0,,Ore processed,1,ore
ON-MAIN-687b8c8d,Underground mining and beneficiation at Island,"Underground, concentrator",Au–Ag free-milling,Water,Zinc (and its compounds),Emission,Waterbody,tonnes,,MetalliCan,MetalliCan,439008.0,,Ore processed,1,ore
ON-MAIN-7607a50e,Underground mining and beneficiation at Young-Davidson,"Underground, concentrator",Au–Ag free-milling,Water,Zinc (and its compounds),Emission,Waterbody,tonnes,,MetalliCan,MetalliCan,2878047.0,,Ore processed,1,ore
BC-MAIN-599152a0,Open-pit mining and beneficiation at Copper Mountain,"Open-pit, concentrator",Cu Porphyry,Water,Arsenic (and its compounds),Emission,Waterbody,kg,,MetalliCan,MetalliCan,6862152.0,,Ore processed,1,ore
BC-MAIN-599152a0,Open-pit mining and beneficiation at Copper Mountain,"Open-pit, concentrator",Cu Porphyry,Water,Cadmium (and its compounds),Emission,Waterbody,kg,,MetalliCan,MetalliCan,6862152.0,,Ore processed,1,ore
BC-MAIN-599152a0,Open-pit mining and beneficiation at Copper Mountain,"Open-pit, concentrator",Cu Porphyry,Water,Cobalt (and its compounds),Emission,Waterbody,kg,,MetalliCan,MetalliCan,6862152.0,,Ore processed,1,ore
BC-MAIN-599152a0,Open-pit mining and beneficiation at Copper Mountain,"Open-pit, concentrator",Cu Porphyry,Water,Copper (and its compounds),Emission,Waterbody,tonnes,,MetalliCan,MetalliCan,6862152.0,,Ore processed,1,ore
BC-MAIN-599152a0,Open-pit mining and beneficiation at Copper Mountain,"Open-pit, concentrator",Cu Porphyry,Water,Lead (and its compounds),Emission,Waterbody,kg,,MetalliCan,MetalliCan,6862152.0,,Ore processed,1,ore
BC-MAIN-599152a0,Open-pit mining and beneficiation at Copper Mountain,"Open-pit, concentrator",Cu Porphyry,Water,Manganese (and its compounds),Emission,Waterbody,tonnes,,MetalliCan,MetalliCan,6862152.0,,Ore processed,1,ore
BC-MAIN-599152a0,Open-pit mining and beneficiation at Copper Mountain,"Open-pit, concentrator",Cu Porphyry,Water,Mercury (and its compounds),Emission,Waterbody,tonnes,,MetalliCan,MetalliCan,6862152.0,,Ore processed,1,ore
BC-MAIN-599152a0,Open-pit mining and beneficiation at Copper Mountain,"Open-pit, concentrator",Cu Porphyry,Water,Phosphorus (total),Emission,Waterbody,tonnes,,MetalliCan,MetalliCan,6862152.0,,Ore processed,1,ore
BC-MAIN-599152a0,Open-pit mining and beneficiation at Copper Mountain,"Open-pit, concentrator",Cu Porphyry,Water,Selenium (and its compounds),Emission,Waterbody,kg,,MetalliCan,MetalliCan,6862152.0,,Ore processed,1,ore
BC-MAIN-599152a0,Open-pit mining and beneficiation at Copper Mountain,"Open-pit, concentrator",Cu Porphyry,Water,Thallium (and its compounds),Emission,Waterbody,kg,,MetalliCan,MetalliCan,6862152.0,,Ore processed,1,ore
ON-MAIN-7f050560,Underground mining and beneficiation at Red Lake,"Underground, concentrator",Au–Ag refractory,Water,Arsenic (and its compounds),Emission,Waterbody,kg,,MetalliCan,MetalliCan,841000.0,,Ore processed,1,ore
ON-MAIN-7f050560,Underground mining and beneficiation at Red Lake,"Underground, concentrator",Au–Ag refractory,Water,Cadmium (and its compounds),Emission,Waterbody,kg,,MetalliCan,MetalliCan,841000.0,,Ore processed,1,ore
ON-MAIN-7f050560,Underground mining and beneficiation at Red Lake,"Underground, concentrator",Au–Ag refractory,Water,Cobalt (and its compounds),Emission,Waterbody,kg,,MetalliCan,MetalliCan,841000.0,,Ore processed,1,ore
ON-MAIN-7f050560,Underground mining and beneficiation at Red Lake,"Underground, concentrator",Au–Ag refractory,Water,Lead (and its compounds),Emission,Waterbody,kg,,MetalliCan,MetalliCan,841000.0,,Ore processed,1,ore
ON-MAIN-7f050560,Underground mining and beneficiation at Red Lake,"Underground, concentrator",Au–Ag refractory,Water,Mercury (and its compounds),Emission,Waterbody,tonnes,,MetalliCan,MetalliCan,841000.0,,Ore processed,1,ore
ON-MAIN-7f050560,Underground mining and beneficiation at Red Lake,"Underground, concentrator",Au–Ag refractory,Water,Nitrate ion in solution at pH >= 6.0,Emission,Waterbody,tonnes,,MetalliCan,MetalliCan,841000.0,,Ore processed,1,ore
NL-MAIN-c139de6d,,,,Water,Ammonia (total),Emission,Waterbody,tonnes,,MetalliCan,MetalliCan,,,Ore processed,1,ore
NL-MAIN-c139de6d,,,,Water,Copper (and its compounds),Emission,Waterbody,tonnes,,MetalliCan,MetalliCan,,,Ore processed,1,ore
NL-MAIN-c139de6d,,,,Water,Lead (and its compounds),Emission,Waterbody,kg,,MetalliCan,MetalliCan,,,Ore processed,1,ore
NL-MAIN-c139de6d,,,,Water,Nickel (and its compounds),Emission,Waterbody,tonnes,,MetalliCan,MetalliCan,,,Ore processed,1,ore
NL-MAIN-c139de6d,,,,Water,Zinc (and its compounds),Emission,Waterbody,tonnes,,MetalliCan,MetalliCan,,,Ore processed,1,ore
BC-MAIN-6b4800fe,Open-pit mining and beneficiation at Gibraltar,"Open-pit, concentrator",Cu polymetallic,Water,Arsenic (and its compounds),Emission,Waterbody,kg,,MetalliCan,MetalliCan,30000000.0,,Ore processed,1,ore
BC-MAIN-6b4800fe,Open-pit mining and beneficiation at Gibraltar,"Open-pit, concentrator",Cu polymetallic,Water,Cadmium (and its compounds),Emission,Waterbody,kg,,MetalliCan,MetalliCan,30000000.0,,Ore processed,1,ore
BC-MAIN-6b4800fe,Open-pit mining and beneficiation at Gibraltar,"Open-pit, concentrator",Cu polymetallic,Water,Chromium (and its compounds),Emission,Waterbody,tonnes,,MetalliCan,MetalliCan,30000000.0,,Ore processed,1,ore
BC-MAIN-6b4800fe,Open-pit mining and beneficiation at Gibraltar,"Open-pit, concentrator",Cu polymetallic,Water,Cobalt (and its compounds),Emission,Waterbody,kg,,MetalliCan,MetalliCan,30000000.0,,Ore processed,1,ore
BC-MAIN-6b4800fe,Open-pit mining and beneficiation at Gibraltar,"Open-pit, concentrator",Cu polymetallic,Water,Copper (and its compounds),Emission,Waterbody,tonnes,,MetalliCan,MetalliCan,30000000.0,,Ore processed,1,ore
BC-MAIN-6b4800fe,Open-pit mining and beneficiation at Gibraltar,"Open-pit, concentrator",Cu polymetallic,Water,Lead (and its compounds),Emission,Waterbody,kg,,MetalliCan,MetalliCan,30000000.0,,Ore processed,1,ore
BC-MAIN-6b4800fe,Open-pit mining and beneficiation at Gibraltar,"Open-pit, concentrator",Cu polymetallic,Water,Manganese (and its compounds),Emission,Waterbody,tonnes,,MetalliCan,MetalliCan,30000000.0,,Ore processed,1,ore
BC-MAIN-6b4800fe,Open-pit mining and beneficiation at Gibraltar,"Open-pit, concentrator",Cu polymetallic,Water,Mercury (and its compounds),Emission,Waterbody,tonnes,,MetalliCan,MetalliCan,30000000.0,,Ore processed,1,ore
BC-MAIN-6b4800fe,Open-pit mining and beneficiation at Gibraltar,"Open-pit, concentrator",Cu polymetallic,Water,Nickel (and its compounds),Emission,Waterbody,tonnes,,MetalliCan,MetalliCan,30000000.0,,Ore processed,1,ore
BC-MAIN-6b4800fe,Open-pit mining and beneficiation at Gibraltar,"Open-pit, concentrator",Cu polymetallic,Water,Selenium (and its compounds),Emission,Waterbody,kg,,MetalliCan,MetalliCan,30000000.0,,Ore processed,1,ore
BC-MAIN-6b4800fe,Open-pit mining and beneficiation at Gibraltar,"Open-pit, concentrator",Cu polymetallic,Water,Zinc (and its compounds),Emission,Waterbody,tonnes,,MetalliCan,MetalliCan,30000000.0,,Ore processed,1,ore
QC-MAIN-a97821c0,Underground mining and beneficiation at Raglan,"Underground, concentrator",Ni–Cu sulfide,Water,Arsenic (and its compounds),Emission,Waterbody,kg,,MetalliCan,MetalliCan,1500000.0,,Ore processed,1,ore
QC-MAIN-a97821c0,Underground mining and beneficiation at Raglan,"Underground, concentrator",Ni–Cu sulfide,Water,Cadmium (and its compounds),Emission,Waterbody,kg,,MetalliCan,MetalliCan,1500000.0,,Ore processed,1,ore
QC-MAIN-a97821c0,Underground mining and beneficiation at Raglan,"Underground, concentrator",Ni–Cu sulfide,Water,Chromium (and its compounds),Emission,Waterbody,tonnes,,MetalliCan,MetalliCan,1500000.0,,Ore processed,1,ore
QC-MAIN-a97821c0,Underground mining and beneficiation at Raglan,"Underground, concentrator",Ni–Cu sulfide,Water,Cobalt (and its compounds),Emission,Waterbody,kg,,MetalliCan,MetalliCan,1500000.0,,Ore processed,1,ore
QC-MAIN-a97821c0,Underground mining and beneficiation at Raglan,"Underground, concentrator",Ni–Cu sulfide,Water,Copper (and its compounds),Emission,Waterbody,tonnes,,MetalliCan,MetalliCan,1500000.0,,Ore processed,1,ore
QC-MAIN-a97821c0,Underground mining and beneficiation at Raglan,"Underground, concentrator",Ni–Cu sulfide,Water,Lead (and its compounds),Emission,Waterbody,kg,,MetalliCan,MetalliCan,1500000.0,,Ore processed,1,ore
QC-MAIN-a97821c0,Underground mining and beneficiation at Raglan,"Underground, concentrator",Ni–Cu sulfide,Water,Manganese (and its compounds),Emission,Waterbody,tonnes,,MetalliCan,MetalliCan,1500000.0,,Ore processed,1,ore
QC-MAIN-a97821c0,Underground mining and beneficiation at Raglan,"Underground, concentrator",Ni–Cu sulfide,Water,Mercury (and its compounds),Emission,Waterbody,tonnes,,MetalliCan,MetalliCan,1500000.0,,Ore processed,1,ore
QC-MAIN-a97821c0,Underground mining and beneficiation at Raglan,"Underground, concentrator",Ni–Cu sulfide,Water,Nickel (and its compounds),Emission,Waterbody,tonnes,,MetalliCan,MetalliCan,1500000.0,,Ore processed,1,ore
QC-MAIN-a97821c0,Underground mining and beneficiation at Raglan,"Underground, concentrator",Ni–Cu sulfide,Water,Nitrate ion in solution at pH >= 6.0,Emission,Waterbody,tonnes,,MetalliCan,MetalliCan,1500000.0,,Ore processed,1,ore
QC-MAIN-a97821c0,Underground mining and beneficiation at Raglan,"Underground, concentrator",Ni–Cu sulfide,Water,Phosphorus (total),Emission,Waterbody,tonnes,,MetalliCan,MetalliCan,1500000.0,,Ore processed,1,ore
QC-MAIN-a97821c0,Underground mining and beneficiation at Raglan,"Underground, concentrator",Ni–Cu sulfide,Water,Selenium (and its compounds),Emission,Waterbody,kg,,MetalliCan,MetalliCan,1500000.0,,Ore processed,1,ore
QC-MAIN-a97821c0,Underground mining and beneficiation at Raglan,"Underground, concentrator",Ni–Cu sulfide,Water,Thallium (and its compounds),Emission,Waterbody,kg,,MetalliCan,MetalliCan,1500000.0,,Ore processed,1,ore
QC-MAIN-a97821c0,Underground mining and beneficiation at Raglan,"Underground, concentrator",Ni–Cu sulfide,Water,Zinc (and its compounds),Emission,Waterbody,tonnes,,MetalliCan,MetalliCan,1500000.0,,Ore processed,1,ore
ON-MAIN-f8313ebd,Underground mining and beneficiation at Kidd Creek,"Underground, concentrator",Cu polymetallic,Water,Arsenic (and its compounds),Emission,Waterbody,kg,,MetalliCan,MetalliCan,1340000.0,,Ore processed,1,ore
ON-MAIN-f8313ebd,Underground mining and beneficiation at Kidd Creek,"Underground, concentrator",Cu polymetallic,Water,Cadmium (and its compounds),Emission,Waterbody,kg,,MetalliCan,MetalliCan,1340000.0,,Ore processed,1,ore
ON-MAIN-f8313ebd,Underground mining and beneficiation at Kidd Creek,"Underground, concentrator",Cu polymetallic,Water,Copper (and its compounds),Emission,Waterbody,tonnes,,MetalliCan,MetalliCan,1340000.0,,Ore processed,1,ore
ON-MAIN-f8313ebd,Underground mining and beneficiation at Kidd Creek,"Underground, concentrator",Cu polymetallic,Water,Lead (and its compounds),Emission,Waterbody,kg,,MetalliCan,MetalliCan,1340000.0,,Ore processed,1,ore
ON-MAIN-f8313ebd,Underground mining and beneficiation at Kidd Creek,"Underground, concentrator",Cu polymetallic,Water,Nitrate ion in solution at pH >= 6.0,Emission,Waterbody,tonnes,,MetalliCan,MetalliCan,1340000.0,,Ore processed,1,ore
ON-MAIN-f8313ebd,Underground mining and beneficiation at Kidd Creek,"Underground, concentrator",Cu polymetallic,Water,Selenium (and its compounds),Emission,Waterbody,kg,,MetalliCan,MetalliCan,1340000.0,,Ore processed,1,ore
ON-MAIN-f8313ebd,Underground mining and beneficiation at Kidd Creek,"Underground, concentrator",Cu polymetallic,Water,Zinc (and its compounds),Emission,Waterbody,tonnes,,MetalliCan,MetalliCan,1340000.0,,Ore processed,1,ore
ON-MAIN-3b3e5365,,,,Water,Ammonia (total),Emission,Waterbody,tonnes,,MetalliCan,MetalliCan,,,Ore processed,1,ore
ON-MAIN-fefeaee4,Underground mining and beneficiation at Musselwhite,"Underground, concentrator",Au–Ag free-milling,Water,Ammonia (total),Emission,Waterbody,tonnes,,MetalliCan,MetalliCan,1028000.0,,Ore processed,1,ore
QC-MAIN-6dc537e6,Underground mining and beneficiation at Éléonore,"Underground, concentrator",Au–Ag free-milling,Water,Antimony (and its compounds),Emission,Waterbody,tonnes,,MetalliCan,MetalliCan,1661000.0,,Ore processed,1,ore
ON-MAIN-3b3e5365,,,,Water,Arsenic (and its compounds),Emission,Waterbody,kg,,MetalliCan,MetalliCan,,,Ore processed,1,ore
ON-MAIN-fefeaee4,Underground mining and beneficiation at Musselwhite,"Underground, concentrator",Au–Ag free-milling,Water,Arsenic (and its compounds),Emission,Waterbody,kg,,MetalliCan,MetalliCan,1028000.0,,Ore processed,1,ore
QC-MAIN-6dc537e6,Underground mining and beneficiation at Éléonore,"Underground, concentrator",Au–Ag free-milling,Water,Arsenic (and its compounds),Emission,Waterbody,kg,,MetalliCan,MetalliCan,1661000.0,,Ore processed,1,ore
ON-MAIN-3b3e5365,,,,Water,Cadmium (and its compounds),Emission,Waterbody,kg,,MetalliCan,MetalliCan,,,Ore processed,1,ore
ON-MAIN-fefeaee4,Underground mining and beneficiation at Musselwhite,"Underground, concentrator",Au–Ag free-milling,Water,Cadmium (and its compounds),Emission,Waterbody,kg,,MetalliCan,MetalliCan,1028000.0,,Ore processed,1,ore
QC-MAIN-6dc537e6,Underground mining and beneficiation at Éléonore,"Underground, concentrator",Au–Ag free-milling,Water,Cadmium (and its compounds),Emission,Waterbody,kg,,MetalliCan,MetalliCan,1661000.0,,Ore processed,1,ore
ON-MAIN-3b3e5365,,,,Water,Chromium (and its compounds),Emission,Waterbody,tonnes,,MetalliCan,MetalliCan,,,Ore processed,1,ore
QC-MAIN-6dc537e6,Underground mining and beneficiation at Éléonore,"Underground, concentrator",Au–Ag free-milling,Water,Chromium (and its compounds),Emission,Waterbody,tonnes,,MetalliCan,MetalliCan,1661000.0,,Ore processed,1,ore
ON-MAIN-3b3e5365,,,,Water,Cobalt (and its compounds),Emission,Waterbody,kg,,MetalliCan,MetalliCan,,,Ore processed,1,ore
ON-MAIN-fefeaee4,Underground mining and beneficiation at Musselwhite,"Underground, concentrator",Au–Ag free-milling,Water,Cobalt (and its compounds),Emission,Waterbody,kg,,MetalliCan,MetalliCan,1028000.0,,Ore processed,1,ore
QC-MAIN-6dc537e6,Underground mining and beneficiation at Éléonore,"Underground, concentrator",Au–Ag free-milling,Water,Cobalt (and its compounds),Emission,Waterbody,kg,,MetalliCan,MetalliCan,1661000.0,,Ore processed,1,ore
ON-MAIN-3b3e5365,,,,Water,Copper (and its compounds),Emission,Waterbody,tonnes,,MetalliCan,MetalliCan,,,Ore processed,1,ore
QC-MAIN-6dc537e6,Underground mining and beneficiation at Éléonore,"Underground, concentrator",Au–Ag free-milling,Water,Copper (and its compounds),Emission,Waterbody,tonnes,,MetalliCan,MetalliCan,1661000.0,,Ore processed,1,ore
ON-MAIN-3b3e5365,,,,Water,Cyanides (ionic),Emission,Waterbody,tonnes,,MetalliCan,MetalliCan,,,Ore processed,1,ore
QC-MAIN-6dc537e6,Underground mining and beneficiation at Éléonore,"Underground, concentrator",Au–Ag free-milling,Water,Cyanides (ionic),Emission,Waterbody,tonnes,,MetalliCan,MetalliCan,1661000.0,,Ore processed,1,ore
ON-MAIN-3b3e5365,,,,Water,Lead (and its compounds),Emission,Waterbody,kg,,MetalliCan,MetalliCan,,,Ore processed,1,ore
ON-MAIN-fefeaee4,Underground mining and beneficiation at Musselwhite,"Underground, concentrator",Au–Ag free-milling,Water,Lead (and its compounds),Emission,Waterbody,kg,,MetalliCan,MetalliCan,1028000.0,,Ore processed,1,ore
QC-MAIN-6dc537e6,Underground mining and beneficiation at Éléonore,"Underground, concentrator",Au–Ag free-milling,Water,Lead (and its compounds),Emission,Waterbody,kg,,MetalliCan,MetalliCan,1661000.0,,Ore processed,1,ore
QC-MAIN-6dc537e6,Underground mining and beneficiation at Éléonore,"Underground, concentrator",Au–Ag free-milling,Water,Manganese (and its compounds),Emission,Waterbody,tonnes,,MetalliCan,MetalliCan,1661000.0,,Ore processed,1,ore
ON-MAIN-3b3e5365,,,,Water,Mercury (and its compounds),Emission,Waterbody,tonnes,,MetalliCan,MetalliCan,,,Ore processed,1,ore
ON-MAIN-fefeaee4,Underground mining and beneficiation at Musselwhite,"Underground, concentrator",Au–Ag free-milling,Water,Mercury (and its compounds),Emission,Waterbody,tonnes,,MetalliCan,MetalliCan,1028000.0,,Ore processed,1,ore
QC-MAIN-6dc537e6,Underground mining and beneficiation at Éléonore,"Underground, concentrator",Au–Ag free-milling,Water,Mercury (and its compounds),Emission,Waterbody,tonnes,,MetalliCan,MetalliCan,1661000.0,,Ore processed,1,ore
ON-MAIN-3b3e5365,,,,Water,Nickel (and its compounds),Emission,Waterbody,tonnes,,MetalliCan,MetalliCan,,,Ore processed,1,ore
QC-MAIN-6dc537e6,Underground mining and beneficiation at Éléonore,"Underground, concentrator",Au–Ag free-milling,Water,Nickel (and its compounds),Emission,Waterbody,tonnes,,MetalliCan,MetalliCan,1661000.0,,Ore processed,1,ore
ON-MAIN-fefeaee4,Underground mining and beneficiation at Musselwhite,"Underground, concentrator",Au–Ag free-milling,Water,Nitrate ion in solution at pH >= 6.0,Emission,Waterbody,tonnes,,MetalliCan,MetalliCan,1028000.0,,Ore processed,1,ore
QC-MAIN-6dc537e6,Underground mining and beneficiation at Éléonore,"Underground, concentrator",Au–Ag free-milling,Water,Nitrate ion in solution at pH >= 6.0,Emission,Waterbody,tonnes,,MetalliCan,MetalliCan,1661000.0,,Ore processed,1,ore
ON-MAIN-3b3e5365,,,,Water,Selenium (and its compounds),Emission,Waterbody,kg,,MetalliCan,MetalliCan,,,Ore processed,1,ore
ON-MAIN-fefeaee4,Underground mining and beneficiation at Musselwhite,"Underground, concentrator",Au–Ag free-milling,Water,Selenium (and its compounds),Emission,Waterbody,kg,,MetalliCan,MetalliCan,1028000.0,,Ore processed,1,ore
QC-MAIN-6dc537e6,Underground mining and beneficiation at Éléonore,"Underground, concentrator",Au–Ag free-milling,Water,Selenium (and its compounds),Emission,Waterbody,kg,,MetalliCan,MetalliCan,1661000.0,,Ore processed,1,ore
ON-MAIN-3b3e5365,,,,Water,Thallium (and its compounds),Emission,Waterbody,kg,,MetalliCan,MetalliCan,,,Ore processed,1,ore
ON-MAIN-fefeaee4,Underground mining and beneficiation at Musselwhite,"Underground, concentrator",Au–Ag free-milling,Water,Thallium (and its compounds),Emission,Waterbody,kg,,MetalliCan,MetalliCan,1028000.0,,Ore processed,1,ore
QC-MAIN-6dc537e6,Underground mining and beneficiation at Éléonore,"Underground, concentrator",Au–Ag free-milling,Water,Thallium (and its compounds),Emission,Waterbody,kg,,MetalliCan,MetalliCan,1661000.0,,Ore processed,1,ore
ON-MAIN-3b3e5365,,,,Water,Vanadium (and its compounds),Emission,Waterbody,tonnes,,MetalliCan,MetalliCan,,,Ore processed,1,ore
QC-MAIN-6dc537e6,Underground mining and beneficiation at Éléonore,"Underground, concentrator",Au–Ag free-milling,Water,Vanadium (and its compounds),Emission,Waterbody,tonnes,,MetalliCan,MetalliCan,1661000.0,,Ore processed,1,ore
ON-MAIN-3b3e5365,,,,Water,Zinc (and its compounds),Emission,Waterbody,tonnes,,MetalliCan,MetalliCan,,,Ore processed,1,ore
QC-MAIN-6dc537e6,Underground mining and beneficiation at Éléonore,"Underground, concentrator",Au–Ag free-milling,Water,Zinc (and its compounds),Emission,Waterbody,tonnes,,MetalliCan,MetalliCan,1661000.0,,Ore processed,1,ore
QC-MAIN-b86f7d07,Open-pit and underground mining and beneficiation at Casa Berardi,"Open-pit, underground, concentrator",Au–Ag free-milling,Water,Ammonia (total),Emission,Waterbody,tonnes,,MetalliCan,MetalliCan,1361450.0,,Ore processed,1,ore
QC-MAIN-b86f7d07,Open-pit and underground mining and beneficiation at Casa Berardi,"Open-pit, underground, concentrator",Au–Ag free-milling,Water,Arsenic (and its compounds),Emission,Waterbody,kg,,MetalliCan,MetalliCan,1361450.0,,Ore processed,1,ore
QC-MAIN-b86f7d07,Open-pit and underground mining and beneficiation at Casa Berardi,"Open-pit, underground, concentrator",Au–Ag free-milling,Water,Cadmium (and its compounds),Emission,Waterbody,kg,,MetalliCan,MetalliCan,1361450.0,,Ore processed,1,ore
QC-MAIN-b86f7d07,Open-pit and underground mining and beneficiation at Casa Berardi,"Open-pit, underground, concentrator",Au–Ag free-milling,Water,Chromium (and its compounds),Emission,Waterbody,tonnes,,MetalliCan,MetalliCan,1361450.0,,Ore processed,1,ore
QC-MAIN-b86f7d07,Open-pit and underground mining and beneficiation at Casa Berardi,"Open-pit, underground, concentrator",Au–Ag free-milling,Water,Cobalt (and its compounds),Emission,Waterbody,kg,,MetalliCan,MetalliCan,1361450.0,,Ore processed,1,ore
QC-MAIN-b86f7d07,Open-pit and underground mining and beneficiation at Casa Berardi,"Open-pit, underground, concentrator",Au–Ag free-milling,Water,Copper (and its compounds),Emission,Waterbody,tonnes,,MetalliCan,MetalliCan,1361450.0,,Ore processed,1,ore
QC-MAIN-b86f7d07,Open-pit and underground mining and beneficiation at Casa Berardi,"Open-pit, underground, concentrator",Au–Ag free-milling,Water,Lead (and its compounds),Emission,Waterbody,kg,,MetalliCan,MetalliCan,1361450.0,,Ore processed,1,ore
QC-MAIN-b86f7d07,Open-pit and underground mining and beneficiation at Casa Berardi,"Open-pit, underground, concentrator",Au–Ag free-milling,Water,Manganese (and its compounds),Emission,Waterbody,tonnes,,MetalliCan,MetalliCan,1361450.0,,Ore processed,1,ore
QC-MAIN-b86f7d07,Open-pit and underground mining and beneficiation at Casa Berardi,"Open-pit, underground, concentrator",Au–Ag free-milling,Water,Mercury (and its compounds),Emission,Waterbody,tonnes,,MetalliCan,MetalliCan,1361450.0,,Ore processed,1,ore
QC-MAIN-b86f7d07,Open-pit and underground mining and beneficiation at Casa Berardi,"Open-pit, underground, concentrator",Au–Ag free-milling,Water,Nickel (and its compounds),Emission,Waterbody,tonnes,,MetalliCan,MetalliCan,1361450.0,,Ore processed,1,ore
QC-MAIN-b86f7d07,Open-pit and underground mining and beneficiation at Casa Berardi,"Open-pit, underground, concentrator",Au–Ag free-milling,Water,Nitrate ion in solution at pH >= 6.0,Emission,Waterbody,tonnes,,MetalliCan,MetalliCan,1361450.0,,Ore processed,1,ore
QC-MAIN-b86f7d07,Open-pit and underground mining and beneficiation at Casa Berardi,"Open-pit, underground, concentrator",Au–Ag free-milling,Water,Selenium (and its compounds),Emission,Waterbody,kg,,MetalliCan,MetalliCan,1361450.0,,Ore processed,1,ore
QC-MAIN-b86f7d07,Open-pit and underground mining and beneficiation at Casa Berardi,"Open-pit, underground, concentrator",Au–Ag free-milling,Water,Zinc (and its compounds),Emission,Waterbody,tonnes,,MetalliCan,MetalliCan,1361450.0,,Ore processed,1,ore
BC-MAIN-3f490561,Open-pit mining and beneficiation at Mount Polley,"Open-pit, concentrator",Cu Porphyry,Water,Antimony (and its compounds),Emission,Waterbody,tonnes,,MetalliCan,MetalliCan,5948239.0,,Ore processed,1,ore
BC-MAIN-3f490561,Open-pit mining and beneficiation at Mount Polley,"Open-pit, concentrator",Cu Porphyry,Water,Arsenic (and its compounds),Emission,Waterbody,kg,,MetalliCan,MetalliCan,5948239.0,,Ore processed,1,ore
BC-MAIN-3f490561,Open-pit mining and beneficiation at Mount Polley,"Open-pit, concentrator",Cu Porphyry,Water,Cadmium (and its compounds),Emission,Waterbody,kg,,MetalliCan,MetalliCan,5948239.0,,Ore processed,1,ore
BC-MAIN-3f490561,Open-pit mining and beneficiation at Mount Polley,"Open-pit, concentrator",Cu Porphyry,Water,Cobalt (and its compounds),Emission,Waterbody,kg,,MetalliCan,MetalliCan,5948239.0,,Ore processed,1,ore
BC-MAIN-3f490561,Open-pit mining and beneficiation at Mount Polley,"Open-pit, concentrator",Cu Porphyry,Water,Copper (and its compounds),Emission,Waterbody,tonnes,,MetalliCan,MetalliCan,5948239.0,,Ore processed,1,ore
BC-MAIN-3f490561,Open-pit mining and beneficiation at Mount Polley,"Open-pit, concentrator",Cu Porphyry,Water,Lead (and its compounds),Emission,Waterbody,kg,,MetalliCan,MetalliCan,5948239.0,,Ore processed,1,ore
BC-MAIN-3f490561,Open-pit mining and beneficiation at Mount Polley,"Open-pit, concentrator",Cu Porphyry,Water,Manganese (and its compounds),Emission,Waterbody,tonnes,,MetalliCan,MetalliCan,5948239.0,,Ore processed,1,ore
BC-MAIN-3f490561,Open-pit mining and beneficiation at Mount Polley,"Open-pit, concentrator",Cu Porphyry,Water,Nickel (and its compounds),Emission,Waterbody,tonnes,,MetalliCan,MetalliCan,5948239.0,,Ore processed,1,ore
BC-MAIN-3f490561,Open-pit mining and beneficiation at Mount Polley,"Open-pit, concentrator",Cu Porphyry,Water,Nitrate ion in solution at pH >= 6.0,Emission,Waterbody,tonnes,,MetalliCan,MetalliCan,5948239.0,,Ore processed,1,ore
BC-MAIN-3f490561,Open-pit mining and beneficiation at Mount Polley,"Open-pit, concentrator",Cu Porphyry,Water,Phosphorus (total),Emission,Waterbody,tonnes,,MetalliCan,MetalliCan,5948239.0,,Ore processed,1,ore
BC-MAIN-3f490561,Open-pit mining and beneficiation at Mount Polley,"Open-pit, concentrator",Cu Porphyry,Water,Selenium (and its compounds),Emission,Waterbody,kg,,MetalliCan,MetalliCan,5948239.0,,Ore processed,1,ore
BC-MAIN-3f490561,Open-pit mining and beneficiation at Mount Polley,"Open-pit, concentrator",Cu Porphyry,Water,Vanadium (and its compounds),Emission,Waterbody,tonnes,,MetalliCan,MetalliCan,5948239.0,,Ore processed,1,ore
BC-MAIN-3f490561,Open-pit mining and beneficiation at Mount Polley,"Open-pit, concentrator",Cu Porphyry,Water,Zinc (and its compounds),Emission,Waterbody,tonnes,,MetalliCan,MetalliCan,5948239.0,,Ore processed,1,ore
NL-MAIN-dd723db4,Open-pit mining and beneficiation at Carol Lake,"Open-pit, concentrator",Fe concentrator + pellet plant,Water,Ammonia (total),Emission,Waterbody,tonnes,,MetalliCan,MetalliCan,16478000.0,,Ore processed,1,ore
NL-MAIN-dd723db4,Open-pit mining and beneficiation at Carol Lake,"Open-pit, concentrator",Fe concentrator + pellet plant,Water,Arsenic (and its compounds),Emission,Waterbody,kg,,MetalliCan,MetalliCan,16478000.0,,Ore processed,1,ore
NL-MAIN-dd723db4,Open-pit mining and beneficiation at Carol Lake,"Open-pit, concentrator",Fe concentrator + pellet plant,Water,Cadmium (and its compounds),Emission,Waterbody,kg,,MetalliCan,MetalliCan,16478000.0,,Ore processed,1,ore
NL-MAIN-dd723db4,Open-pit mining and beneficiation at Carol Lake,"Open-pit, concentrator",Fe concentrator + pellet plant,Water,Chromium (and its compounds),Emission,Waterbody,tonnes,,MetalliCan,MetalliCan,16478000.0,,Ore processed,1,ore
NL-MAIN-dd723db4,Open-pit mining and beneficiation at Carol Lake,"Open-pit, concentrator",Fe concentrator + pellet plant,Water,Cobalt (and its compounds),Emission,Waterbody,kg,,MetalliCan,MetalliCan,16478000.0,,Ore processed,1,ore
NL-MAIN-dd723db4,Open-pit mining and beneficiation at Carol Lake,"Open-pit, concentrator",Fe concentrator + pellet plant,Water,Copper (and its compounds),Emission,Waterbody,tonnes,,MetalliCan,MetalliCan,16478000.0,,Ore processed,1,ore
NL-MAIN-dd723db4,Open-pit mining and beneficiation at Carol Lake,"Open-pit, concentrator",Fe concentrator + pellet plant,Water,Lead (and its compounds),Emission,Waterbody,kg,,MetalliCan,MetalliCan,16478000.0,,Ore processed,1,ore
NL-MAIN-dd723db4,Open-pit mining and beneficiation at Carol Lake,"Open-pit, concentrator",Fe concentrator + pellet plant,Water,Manganese (and its compounds),Emission,Waterbody,tonnes,,MetalliCan,MetalliCan,16478000.0,,Ore processed,1,ore
NL-MAIN-dd723db4,Open-pit mining and beneficiation at Carol Lake,"Open-pit, concentrator",Fe concentrator + pellet plant,Water,Nitrate ion in solution at pH >= 6.0,Emission,Waterbody,tonnes,,MetalliCan,MetalliCan,16478000.0,,Ore processed,1,ore
NL-MAIN-dd723db4,Open-pit mining and beneficiation at Carol Lake,"Open-pit, concentrator",Fe concentrator + pellet plant,Water,Phosphorus (total),Emission,Waterbody,tonnes,,MetalliCan,MetalliCan,16478000.0,,Ore processed,1,ore
NL-MAIN-dd723db4,Open-pit mining and beneficiation at Carol Lake,"Open-pit, concentrator",Fe concentrator + pellet plant,Water,Thallium (and its compounds),Emission,Waterbody,kg,,MetalliCan,MetalliCan,16478000.0,,Ore processed,1,ore
NL-MAIN-dd723db4,Open-pit mining and beneficiation at Carol Lake,"Open-pit, concentrator",Fe concentrator + pellet plant,Water,Zinc (and its compounds),Emission,Waterbody,tonnes,,MetalliCan,MetalliCan,16478000.0,,Ore processed,1,ore
ON-MAIN-aeafbb59,Open-pit mining and beneficiation at Detour Lake,"Open-pit, concentrator",Au–Ag free-milling,Water,Arsenic (and its compounds),Emission,Waterbody,kg,,MetalliCan,MetalliCan,25434853.5024164,,Ore processed,1,ore
ON-MAIN-aeafbb59,Open-pit mining and beneficiation at Detour Lake,"Open-pit, concentrator",Au–Ag free-milling,Water,Copper (and its compounds),Emission,Waterbody,tonnes,,MetalliCan,MetalliCan,25434853.5024164,,Ore processed,1,ore
ON-MAIN-aeafbb59,Open-pit mining and beneficiation at Detour Lake,"Open-pit, concentrator",Au–Ag free-milling,Water,Lead (and its compounds),Emission,Waterbody,kg,,MetalliCan,MetalliCan,25434853.5024164,,Ore processed,1,ore
ON-MAIN-aeafbb59,Open-pit mining and beneficiation at Detour Lake,"Open-pit, concentrator",Au–Ag free-milling,Water,Nickel (and its compounds),Emission,Waterbody,tonnes,,MetalliCan,MetalliCan,25434853.5024164,,Ore processed,1,ore
ON-MAIN-aeafbb59,Open-pit mining and beneficiation at Detour Lake,"Open-pit, concentrator",Au–Ag free-milling,Water,Zinc (and its compounds),Emission,Waterbody,tonnes,,MetalliCan,MetalliCan,25434853.5024164,,Ore processed,1,ore
QC-MAIN-e51eda66,Underground mining and beneficiation at LaRonde,"Underground, concentrator",Au–Ag polymetallic,Water,Ammonia (total),Emission,Waterbody,tonnes,,MetalliCan,MetalliCan,1501500.0,,Ore processed,1,ore
QC-MAIN-e51eda66,Underground mining and beneficiation at LaRonde,"Underground, concentrator",Au–Ag polymetallic,Water,Arsenic (and its compounds),Emission,Waterbody,kg,,MetalliCan,MetalliCan,1501500.0,,Ore processed,1,ore
QC-MAIN-e51eda66,Underground mining and beneficiation at LaRonde,"Underground, concentrator",Au–Ag polymetallic,Water,Cadmium (and its compounds),Emission,Waterbody,kg,,MetalliCan,MetalliCan,1501500.0,,Ore processed,1,ore
QC-MAIN-e51eda66,Underground mining and beneficiation at LaRonde,"Underground, concentrator",Au–Ag polymetallic,Water,Chromium (and its compounds),Emission,Waterbody,tonnes,,MetalliCan,MetalliCan,1501500.0,,Ore processed,1,ore
QC-MAIN-e51eda66,Underground mining and beneficiation at LaRonde,"Underground, concentrator",Au–Ag polymetallic,Water,Cobalt (and its compounds),Emission,Waterbody,kg,,MetalliCan,MetalliCan,1501500.0,,Ore processed,1,ore
QC-MAIN-e51eda66,Underground mining and beneficiation at LaRonde,"Underground, concentrator",Au–Ag polymetallic,Water,Copper (and its compounds),Emission,Waterbody,tonnes,,MetalliCan,MetalliCan,1501500.0,,Ore processed,1,ore
QC-MAIN-e51eda66,Underground mining and beneficiation at LaRonde,"Underground, concentrator",Au–Ag polymetallic,Water,Cyanides (ionic),Emission,Waterbody,tonnes,,MetalliCan,MetalliCan,1501500.0,,Ore processed,1,ore
QC-MAIN-e51eda66,Underground mining and beneficiation at LaRonde,"Underground, concentrator",Au–Ag polymetallic,Water,Lead (and its compounds),Emission,Waterbody,kg,,MetalliCan,MetalliCan,1501500.0,,Ore processed,1,ore
QC-MAIN-e51eda66,Underground mining and beneficiation at LaRonde,"Underground, concentrator",Au–Ag polymetallic,Water,Manganese (and its compounds),Emission,Waterbody,tonnes,,MetalliCan,MetalliCan,1501500.0,,Ore processed,1,ore
QC-MAIN-e51eda66,Underground mining and beneficiation at LaRonde,"Underground, concentrator",Au–Ag polymetallic,Water,Mercury (and its compounds),Emission,Waterbody,tonnes,,MetalliCan,MetalliCan,1501500.0,,Ore processed,1,ore
QC-MAIN-e51eda66,Underground mining and beneficiation at LaRonde,"Underground, concentrator",Au–Ag polymetallic,Water,Nickel (and its compounds),Emission,Waterbody,tonnes,,MetalliCan,MetalliCan,1501500.0,,Ore processed,1,ore
QC-MAIN-e51eda66,Underground mining and beneficiation at LaRonde,"Underground, concentrator",Au–Ag polymetallic,Water,Nitrate ion in solution at pH >= 6.0,Emission,Waterbody,tonnes,,MetalliCan,MetalliCan,1501500.0,,Ore processed,1,ore
QC-MAIN-e51eda66,Underground mining and beneficiation at LaRonde,"Underground, concentrator",Au–Ag polymetallic,Water,Selenium (and its compounds),Emission,Waterbody,kg,,MetalliCan,MetalliCan,1501500.0,,Ore processed,1,ore
QC-MAIN-e51eda66,Underground mining and beneficiation at LaRonde,"Underground, concentrator",Au–Ag polymetallic,Water,Zinc (and its compounds),Emission,Waterbody,tonnes,,MetalliCan,MetalliCan,1501500.0,,Ore processed,1,ore
QC-MAIN-a555d9b9,Underground mining and beneficiation at Niobec,"Underground, concentrator",Nb mine,Water,Ammonia (total),Emission,Waterbody,tonnes,,MetalliCan,MetalliCan,2200000.0,,Ore processed,1,ore
QC-MAIN-a555d9b9,Underground mining and beneficiation at Niobec,"Underground, concentrator",Nb mine,Water,Arsenic (and its compounds),Emission,Waterbody,kg,,MetalliCan,MetalliCan,2200000.0,,Ore processed,1,ore
QC-MAIN-a555d9b9,Underground mining and beneficiation at Niobec,"Underground, concentrator",Nb mine,Water,Cadmium (and its compounds),Emission,Waterbody,kg,,MetalliCan,MetalliCan,2200000.0,,Ore processed,1,ore
QC-MAIN-a555d9b9,Underground mining and beneficiation at Niobec,"Underground, concentrator",Nb mine,Water,Chromium (and its compounds),Emission,Waterbody,tonnes,,MetalliCan,MetalliCan,2200000.0,,Ore processed,1,ore
QC-MAIN-a555d9b9,Underground mining and beneficiation at Niobec,"Underground, concentrator",Nb mine,Water,Cobalt (and its compounds),Emission,Waterbody,kg,,MetalliCan,MetalliCan,2200000.0,,Ore processed,1,ore
QC-MAIN-a555d9b9,Underground mining and beneficiation at Niobec,"Underground, concentrator",Nb mine,Water,Copper (and its compounds),Emission,Waterbody,tonnes,,MetalliCan,MetalliCan,2200000.0,,Ore processed,1,ore
QC-MAIN-a555d9b9,Underground mining and beneficiation at Niobec,"Underground, concentrator",Nb mine,Water,Fluorine,Emission,Waterbody,tonnes,,MetalliCan,MetalliCan,2200000.0,,Ore processed,1,ore
QC-MAIN-a555d9b9,Underground mining and beneficiation at Niobec,"Underground, concentrator",Nb mine,Water,Lead (and its compounds),Emission,Waterbody,kg,,MetalliCan,MetalliCan,2200000.0,,Ore processed,1,ore
QC-MAIN-a555d9b9,Underground mining and beneficiation at Niobec,"Underground, concentrator",Nb mine,Water,Manganese (and its compounds),Emission,Waterbody,tonnes,,MetalliCan,MetalliCan,2200000.0,,Ore processed,1,ore
QC-MAIN-a555d9b9,Underground mining and beneficiation at Niobec,"Underground, concentrator",Nb mine,Water,Nitrate ion in solution at pH >= 6.0,Emission,Waterbody,tonnes,,MetalliCan,MetalliCan,2200000.0,,Ore processed,1,ore
QC-MAIN-a555d9b9,Underground mining and beneficiation at Niobec,"Underground, concentrator",Nb mine,Water,Phosphorus (total),Emission,Waterbody,tonnes,,MetalliCan,MetalliCan,2200000.0,,Ore processed,1,ore
QC-MAIN-a555d9b9,Underground mining and beneficiation at Niobec,"Underground, concentrator",Nb mine,Water,Selenium (and its compounds),Emission,Waterbody,kg,,MetalliCan,MetalliCan,2200000.0,,Ore processed,1,ore
QC-MAIN-a555d9b9,Underground mining and beneficiation at Niobec,"Underground, concentrator",Nb mine,Water,Zinc (and its compounds),Emission,Waterbody,tonnes,,MetalliCan,MetalliCan,2200000.0,,Ore processed,1,ore
ON-MAIN-4e0734b5,Open-pit and underground mining and beneficiation at Fox Complex,"Open-pit, underground, concentrator",Au–Ag free-milling,Water,Arsenic (and its compounds),Emission,Waterbody,kg,,MetalliCan,MetalliCan,457000.0,,Ore processed,1,ore
ON-MAIN-4e0734b5,Open-pit and underground mining and beneficiation at Fox Complex,"Open-pit, underground, concentrator",Au–Ag free-milling,Water,Cadmium (and its compounds),Emission,Waterbody,kg,,MetalliCan,MetalliCan,457000.0,,Ore processed,1,ore
ON-MAIN-4e0734b5,Open-pit and underground mining and beneficiation at Fox Complex,"Open-pit, underground, concentrator",Au–Ag free-milling,Water,Chromium (and its compounds),Emission,Waterbody,tonnes,,MetalliCan,MetalliCan,457000.0,,Ore processed,1,ore
ON-MAIN-4e0734b5,Open-pit and underground mining and beneficiation at Fox Complex,"Open-pit, underground, concentrator",Au–Ag free-milling,Water,Cobalt (and its compounds),Emission,Waterbody,kg,,MetalliCan,MetalliCan,457000.0,,Ore processed,1,ore
ON-MAIN-4e0734b5,Open-pit and underground mining and beneficiation at Fox Complex,"Open-pit, underground, concentrator",Au–Ag free-milling,Water,Copper (and its compounds),Emission,Waterbody,tonnes,,MetalliCan,MetalliCan,457000.0,,Ore processed,1,ore
ON-MAIN-4e0734b5,Open-pit and underground mining and beneficiation at Fox Complex,"Open-pit, underground, concentrator",Au–Ag free-milling,Water,Lead (and its compounds),Emission,Waterbody,kg,,MetalliCan,MetalliCan,457000.0,,Ore processed,1,ore
ON-MAIN-4e0734b5,Open-pit and underground mining and beneficiation at Fox Complex,"Open-pit, underground, concentrator",Au–Ag free-milling,Water,Nickel (and its compounds),Emission,Waterbody,tonnes,,MetalliCan,MetalliCan,457000.0,,Ore processed,1,ore
ON-MAIN-4e0734b5,Open-pit and underground mining and beneficiation at Fox Complex,"Open-pit, underground, concentrator",Au–Ag free-milling,Water,Nitrate ion in solution at pH >= 6.0,Emission,Waterbody,tonnes,,MetalliCan,MetalliCan,457000.0,,Ore processed,1,ore
ON-MAIN-4e0734b5,Open-pit and underground mining and beneficiation at Fox Complex,"Open-pit, underground, concentrator",Au–Ag free-milling,Water,Vanadium (and its compounds),Emission,Waterbody,tonnes,,MetalliCan,MetalliCan,457000.0,,Ore processed,1,ore
ON-MAIN-4e0734b5,Open-pit and underground mining and beneficiation at Fox Complex,"Open-pit, underground, concentrator",Au–Ag free-milling,Water,Zinc (and its compounds),Emission,Waterbody,tonnes,,MetalliCan,MetalliCan,457000.0,,Ore processed,1,ore
QC-MAIN-089f3c60,Open-pit mining at Bloom Lake,Open-pit,Magnetite concentrator,Water,Arsenic (and its compounds),Emission,Waterbody,kg,,MetalliCan,MetalliCan,11187000.0,,Ore processed,1,ore
QC-MAIN-089f3c60,Open-pit mining at Bloom Lake,Open-pit,Magnetite concentrator,Water,Cadmium (and its compounds),Emission,Waterbody,kg,,MetalliCan,MetalliCan,11187000.0,,Ore processed,1,ore
QC-MAIN-089f3c60,Open-pit mining at Bloom Lake,Open-pit,Magnetite concentrator,Water,Chromium (and its compounds),Emission,Waterbody,tonnes,,MetalliCan,MetalliCan,11187000.0,,Ore processed,1,ore
QC-MAIN-089f3c60,Open-pit mining at Bloom Lake,Open-pit,Magnetite concentrator,Water,Cobalt (and its compounds),Emission,Waterbody,kg,,MetalliCan,MetalliCan,11187000.0,,Ore processed,1,ore
QC-MAIN-089f3c60,Open-pit mining at Bloom Lake,Open-pit,Magnetite concentrator,Water,Copper (and its compounds),Emission,Waterbody,tonnes,,MetalliCan,MetalliCan,11187000.0,,Ore processed,1,ore
QC-MAIN-089f3c60,Open-pit mining at Bloom Lake,Open-pit,Magnetite concentrator,Water,Lead (and its compounds),Emission,Waterbody,kg,,MetalliCan,MetalliCan,11187000.0,,Ore processed,1,ore
QC-MAIN-089f3c60,Open-pit mining at Bloom Lake,Open-pit,Magnetite concentrator,Water,Manganese (and its compounds),Emission,Waterbody,tonnes,,MetalliCan,MetalliCan,11187000.0,,Ore processed,1,ore
QC-MAIN-089f3c60,Open-pit mining at Bloom Lake,Open-pit,Magnetite concentrator,Water,Mercury (and its compounds),Emission,Waterbody,tonnes,,MetalliCan,MetalliCan,11187000.0,,Ore processed,1,ore
QC-MAIN-089f3c60,Open-pit mining at Bloom Lake,Open-pit,Magnetite concentrator,Water,Nickel (and its compounds),Emission,Waterbody,tonnes,,MetalliCan,MetalliCan,11187000.0,,Ore processed,1,ore
QC-MAIN-089f3c60,Open-pit mining at Bloom Lake,Open-pit,Magnetite concentrator,Water,Selenium (and its compounds),Emission,Waterbody,kg,,MetalliCan,MetalliCan,11187000.0,,Ore processed,1,ore
QC-MAIN-089f3c60,Open-pit mining at Bloom Lake,Open-pit,Magnetite concentrator,Water,Thallium (and its compounds),Emission,Waterbody,kg,,MetalliCan,MetalliCan,11187000.0,,Ore processed,1,ore
QC-MAIN-089f3c60,Open-pit mining at Bloom Lake,Open-pit,Magnetite concentrator,Water,Zinc (and its compounds),Emission,Waterbody,tonnes,,MetalliCan,MetalliCan,11187000.0,,Ore processed,1,ore
BC-MAIN-23155c25,,,,Water,Ammonia (total),Emission,Waterbody,tonnes,,MetalliCan,MetalliCan,,,Ore processed,1,ore
BC-MAIN-23155c25,,,,Water,Antimony (and its compounds),Emission,Waterbody,tonnes,,MetalliCan,MetalliCan,,,Ore processed,1,ore
BC-MAIN-23155c25,,,,Water,Arsenic (and its compounds),Emission,Waterbody,kg,,MetalliCan,MetalliCan,,,Ore processed,1,ore
BC-MAIN-23155c25,,,,Water,Cadmium (and its compounds),Emission,Waterbody,kg,,MetalliCan,MetalliCan,,,Ore processed,1,ore
BC-MAIN-23155c25,,,,Water,Chromium (and its compounds),Emission,Waterbody,tonnes,,MetalliCan,MetalliCan,,,Ore processed,1,ore
BC-MAIN-23155c25,,,,Water,Cobalt (and its compounds),Emission,Waterbody,kg,,MetalliCan,MetalliCan,,,Ore processed,1,ore
BC-MAIN-23155c25,,,,Water,Copper (and its compounds),Emission,Waterbody,tonnes,,MetalliCan,MetalliCan,,,Ore processed,1,ore
BC-MAIN-23155c25,,,,Water,Lead (and its compounds),Emission,Waterbody,kg,,MetalliCan,MetalliCan,,,Ore processed,1,ore
BC-MAIN-23155c25,,,,Water,Manganese (and its compounds),Emission,Waterbody,tonnes,,MetalliCan,MetalliCan,,,Ore processed,1,ore
BC-MAIN-23155c25,,,,Water,Mercury (and its compounds),Emission,Waterbody,tonnes,,MetalliCan,MetalliCan,,,Ore processed,1,ore
BC-MAIN-23155c25,,,,Water,Nickel (and its compounds),Emission,Waterbody,tonnes,,MetalliCan,MetalliCan,,,Ore processed,1,ore
BC-MAIN-23155c25,,,,Water,Nitrate ion in solution at pH >= 6.0,Emission,Waterbody,tonnes,,MetalliCan,MetalliCan,,,Ore processed,1,ore
BC-MAIN-23155c25,,,,Water,Phosphorus (total),Emission,Waterbody,tonnes,,MetalliCan,MetalliCan,,,Ore processed,1,ore
BC-MAIN-23155c25,,,,Water,Selenium (and its compounds),Emission,Waterbody,kg,,MetalliCan,MetalliCan,,,Ore processed,1,ore
BC-MAIN-23155c25,,,,Water,Silver (and its compounds),Emission,Waterbody,tonnes,,MetalliCan,MetalliCan,,,Ore processed,1,ore
BC-MAIN-23155c25,,,,Water,Thallium (and its compounds),Emission,Waterbody,kg,,MetalliCan,MetalliCan,,,Ore processed,1,ore
BC-MAIN-23155c25,,,,Water,Vanadium (and its compounds),Emission,Waterbody,tonnes,,MetalliCan,MetalliCan,,,Ore processed,1,ore
BC-MAIN-23155c25,,,,Water,Zinc (and its compounds),Emission,Waterbody,tonnes,,MetalliCan,MetalliCan,,,Ore processed,1,ore
QC-MAIN-dc1a16f9,,,,Water,Arsenic (and its compounds),Emission,Waterbody,kg,,MetalliCan,MetalliCan,,,Ore processed,1,ore
QC-MAIN-dc1a16f9,,,,Water,Lead (and its compounds),Emission,Waterbody,kg,,MetalliCan,MetalliCan,,,Ore processed,1,ore
ON-MAIN-8825d90d,Open-pit mining and beneficiation at Magino,"Open-pit, concentrator",Au–Ag free-milling,Water,Arsenic (and its compounds),Emission,Waterbody,kg,,MetalliCan,MetalliCan,1165551.0,,Ore processed,1,ore
ON-MAIN-8825d90d,Open-pit mining and beneficiation at Magino,"Open-pit, concentrator",Au–Ag free-milling,Water,Chromium (and its compounds),Emission,Waterbody,tonnes,,MetalliCan,MetalliCan,1165551.0,,Ore processed,1,ore
ON-MAIN-8825d90d,Open-pit mining and beneficiation at Magino,"Open-pit, concentrator",Au–Ag free-milling,Water,Cobalt (and its compounds),Emission,Waterbody,kg,,MetalliCan,MetalliCan,1165551.0,,Ore processed,1,ore
ON-MAIN-8825d90d,Open-pit mining and beneficiation at Magino,"Open-pit, concentrator",Au–Ag free-milling,Water,Copper (and its compounds),Emission,Waterbody,tonnes,,MetalliCan,MetalliCan,1165551.0,,Ore processed,1,ore
ON-MAIN-8825d90d,Open-pit mining and beneficiation at Magino,"Open-pit, concentrator",Au–Ag free-milling,Water,Cyanides (ionic),Emission,Waterbody,tonnes,,MetalliCan,MetalliCan,1165551.0,,Ore processed,1,ore
ON-MAIN-8825d90d,Open-pit mining and beneficiation at Magino,"Open-pit, concentrator",Au–Ag free-milling,Water,Lead (and its compounds),Emission,Waterbody,kg,,MetalliCan,MetalliCan,1165551.0,,Ore processed,1,ore
ON-MAIN-8825d90d,Open-pit mining and beneficiation at Magino,"Open-pit, concentrator",Au–Ag free-milling,Water,Manganese (and its compounds),Emission,Waterbody,tonnes,,MetalliCan,MetalliCan,1165551.0,,Ore processed,1,ore
ON-MAIN-8825d90d,Open-pit mining and beneficiation at Magino,"Open-pit, concentrator",Au–Ag free-milling,Water,Mercury (and its compounds),Emission,Waterbody,tonnes,,MetalliCan,MetalliCan,1165551.0,,Ore processed,1,ore
ON-MAIN-8825d90d,Open-pit mining and beneficiation at Magino,"Open-pit, concentrator",Au–Ag free-milling,Water,Nickel (and its compounds),Emission,Waterbody,tonnes,,MetalliCan,MetalliCan,1165551.0,,Ore processed,1,ore
ON-MAIN-8825d90d,Open-pit mining and beneficiation at Magino,"Open-pit, concentrator",Au–Ag free-milling,Water,Phosphorus (total),Emission,Waterbody,tonnes,,MetalliCan,MetalliCan,1165551.0,,Ore processed,1,ore
ON-MAIN-8825d90d,Open-pit mining and beneficiation at Magino,"Open-pit, concentrator",Au–Ag free-milling,Water,Selenium (and its compounds),Emission,Waterbody,kg,,MetalliCan,MetalliCan,1165551.0,,Ore processed,1,ore
ON-MAIN-8825d90d,Open-pit mining and beneficiation at Magino,"Open-pit, concentrator",Au–Ag free-milling,Water,Thallium (and its compounds),Emission,Waterbody,kg,,MetalliCan,MetalliCan,1165551.0,,Ore processed,1,ore
ON-MAIN-8825d90d,Open-pit mining and beneficiation at Magino,"Open-pit, concentrator",Au–Ag free-milling,Water,Vanadium (and its compounds),Emission,Waterbody,tonnes,,MetalliCan,MetalliCan,1165551.0,,Ore processed,1,ore
ON-MAIN-8825d90d,Open-pit mining and beneficiation at Magino,"Open-pit, concentrator",Au–Ag free-milling,Water,Zinc (and its compounds),Emission,Waterbody,tonnes,,MetalliCan,MetalliCan,1165551.0,,Ore processed,1,ore
NL-MAIN-842ba1b4,,,,Water,Ammonia (total),Emission,Waterbody,tonnes,,MetalliCan,MetalliCan,,,Ore processed,1,ore
NL-MAIN-842ba1b4,,,,Water,Arsenic (and its compounds),Emission,Waterbody,kg,,MetalliCan,MetalliCan,,,Ore processed,1,ore
NL-MAIN-842ba1b4,,,,Water,Copper (and its compounds),Emission,Waterbody,tonnes,,MetalliCan,MetalliCan,,,Ore processed,1,ore
NL-MAIN-842ba1b4,,,,Water,Lead (and its compounds),Emission,Waterbody,kg,,MetalliCan,MetalliCan,,,Ore processed,1,ore
NL-MAIN-842ba1b4,,,,Water,Zinc (and its compounds),Emission,Waterbody,tonnes,,MetalliCan,MetalliCan,,,Ore processed,1,ore
ON-MAIN-7f050560,Underground mining and beneficiation at Red Lake,"Underground, concentrator",Au–Ag refractory,Water,Arsenic (and its compounds),Emission,Waterbody,kg,,MetalliCan,MetalliCan,841000.0,,Ore processed,1,ore
ON-MAIN-7f050560,Underground mining and beneficiation at Red Lake,"Underground, concentrator",Au–Ag refractory,Water,Cobalt (and its compounds),Emission,Waterbody,kg,,MetalliCan,MetalliCan,841000.0,,Ore processed,1,ore
ON-MAIN-7f050560,Underground mining and beneficiation at Red Lake,"Underground, concentrator",Au–Ag refractory,Water,Nitrate ion in solution at pH >= 6.0,Emission,Waterbody,tonnes,,MetalliCan,MetalliCan,841000.0,,Ore processed,1,ore
NL-MAIN-b64bae7a,Open-pit mining and beneficiation at Scully,"Open-pit, concentrator",Fe concentrator,Water,Ammonia (total),Emission,Waterbody,tonnes,,MetalliCan,MetalliCan,3560000.0,,Ore processed,1,ore
NL-MAIN-b64bae7a,Open-pit mining and beneficiation at Scully,"Open-pit, concentrator",Fe concentrator,Water,Arsenic (and its compounds),Emission,Waterbody,kg,,MetalliCan,MetalliCan,3560000.0,,Ore processed,1,ore
NL-MAIN-b64bae7a,Open-pit mining and beneficiation at Scully,"Open-pit, concentrator",Fe concentrator,Water,Cadmium (and its compounds),Emission,Waterbody,kg,,MetalliCan,MetalliCan,3560000.0,,Ore processed,1,ore
NL-MAIN-b64bae7a,Open-pit mining and beneficiation at Scully,"Open-pit, concentrator",Fe concentrator,Water,Cobalt (and its compounds),Emission,Waterbody,kg,,MetalliCan,MetalliCan,3560000.0,,Ore processed,1,ore
NL-MAIN-b64bae7a,Open-pit mining and beneficiation at Scully,"Open-pit, concentrator",Fe concentrator,Water,Lead (and its compounds),Emission,Waterbody,kg,,MetalliCan,MetalliCan,3560000.0,,Ore processed,1,ore
NL-MAIN-b64bae7a,Open-pit mining and beneficiation at Scully,"Open-pit, concentrator",Fe concentrator,Water,Manganese (and its compounds),Emission,Waterbody,tonnes,,MetalliCan,MetalliCan,3560000.0,,Ore processed,1,ore
NL-MAIN-b64bae7a,Open-pit mining and beneficiation at Scully,"Open-pit, concentrator",Fe concentrator,Water,Nitrate ion in solution at pH >= 6.0,Emission,Waterbody,tonnes,,MetalliCan,MetalliCan,3560000.0,,Ore processed,1,ore
BC-MAIN-bf503b6b,Open-pit mining and beneficiation at Highland Valley,"Open-pit, concentrator",Cu polymetallic,Water,Arsenic (and its compounds),Emission,Waterbody,kg,,MetalliCan,MetalliCan,17408000.0,,Ore processed,1,ore
BC-MAIN-bf503b6b,Open-pit mining and beneficiation at Highland Valley,"Open-pit, concentrator",Cu polymetallic,Water,Cadmium (and its compounds),Emission,Waterbody,kg,,MetalliCan,MetalliCan,17408000.0,,Ore processed,1,ore
BC-MAIN-bf503b6b,Open-pit mining and beneficiation at Highland Valley,"Open-pit, concentrator",Cu polymetallic,Water,Cobalt (and its compounds),Emission,Waterbody,kg,,MetalliCan,MetalliCan,17408000.0,,Ore processed,1,ore
BC-MAIN-bf503b6b,Open-pit mining and beneficiation at Highland Valley,"Open-pit, concentrator",Cu polymetallic,Water,Lead (and its compounds),Emission,Waterbody,kg,,MetalliCan,MetalliCan,17408000.0,,Ore processed,1,ore
BC-MAIN-bf503b6b,Open-pit mining and beneficiation at Highland Valley,"Open-pit, concentrator",Cu polymetallic,Water,Selenium (and its compounds),Emission,Waterbody,kg,,MetalliCan,MetalliCan,17408000.0,,Ore processed,1,ore
MB-MAIN-e0a6250e,Open-pit and underground mining and beneficiation at Thompson (T-1 and T-3),"Open-pit, underground, concentrator",Ni–Cu sulfide,Water,Ammonia (total),Emission,Waterbody,tonnes,,MetalliCan,MetalliCan,464705.882352941,,Ore processed,1,ore
MB-MAIN-e0a6250e,Open-pit and underground mining and beneficiation at Thompson (T-1 and T-3),"Open-pit, underground, concentrator",Ni–Cu sulfide,Water,Arsenic (and its compounds),Emission,Waterbody,kg,,MetalliCan,MetalliCan,464705.882352941,,Ore processed,1,ore
MB-MAIN-e0a6250e,Open-pit and underground mining and beneficiation at Thompson (T-1 and T-3),"Open-pit, underground, concentrator",Ni–Cu sulfide,Water,Cadmium (and its compounds),Emission,Waterbody,kg,,MetalliCan,MetalliCan,464705.882352941,,Ore processed,1,ore
MB-MAIN-e0a6250e,Open-pit and underground mining and beneficiation at Thompson (T-1 and T-3),"Open-pit, underground, concentrator",Ni–Cu sulfide,Water,Cobalt (and its compounds),Emission,Waterbody,kg,,MetalliCan,MetalliCan,464705.882352941,,Ore processed,1,ore
MB-MAIN-e0a6250e,Open-pit and underground mining and beneficiation at Thompson (T-1 and T-3),"Open-pit, underground, concentrator",Ni–Cu sulfide,Water,Copper (and its compounds),Emission,Waterbody,tonnes,,MetalliCan,MetalliCan,464705.882352941,,Ore processed,1,ore
MB-MAIN-e0a6250e,Open-pit and underground mining and beneficiation at Thompson (T-1 and T-3),"Open-pit, underground, concentrator",Ni–Cu sulfide,Water,Lead (and its compounds),Emission,Waterbody,kg,,MetalliCan,MetalliCan,464705.882352941,,Ore processed,1,ore
MB-MAIN-e0a6250e,Open-pit and underground mining and beneficiation at Thompson (T-1 and T-3),"Open-pit, underground, concentrator",Ni–Cu sulfide,Water,Mercury (and its compounds),Emission,Waterbody,tonnes,,MetalliCan,MetalliCan,464705.882352941,,Ore processed,1,ore
MB-MAIN-e0a6250e,Open-pit and underground mining and beneficiation at Thompson (T-1 and T-3),"Open-pit, underground, concentrator",Ni–Cu sulfide,Water,Nickel (and its compounds),Emission,Waterbody,tonnes,,MetalliCan,MetalliCan,464705.882352941,,Ore processed,1,ore
MB-MAIN-e0a6250e,Open-pit and underground mining and beneficiation at Thompson (T-1 and T-3),"Open-pit, underground, concentrator",Ni–Cu sulfide,Water,Nitrate ion in solution at pH >= 6.0,Emission,Waterbody,tonnes,,MetalliCan,MetalliCan,464705.882352941,,Ore processed,1,ore
MB-MAIN-e0a6250e,Open-pit and underground mining and beneficiation at Thompson (T-1 and T-3),"Open-pit, underground, concentrator",Ni–Cu sulfide,Water,Selenium (and its compounds),Emission,Waterbody,kg,,MetalliCan,MetalliCan,464705.882352941,,Ore processed,1,ore
MB-MAIN-e0a6250e,Open-pit and underground mining and beneficiation at Thompson (T-1 and T-3),"Open-pit, underground, concentrator",Ni–Cu sulfide,Water,Zinc (and its compounds),Emission,Waterbody,tonnes,,MetalliCan,MetalliCan,464705.882352941,,Ore processed,1,ore
NL-MAIN-2d8801d6,Open-pit and underground mining and beneficiation at Voisey’s Bay,"Open-pit, underground, concentrator",Ni–Cu sulfide,Water,Ammonia (total),Emission,Waterbody,tonnes,,MetalliCan,MetalliCan,794117.647058823,,Ore processed,1,ore
NL-MAIN-2d8801d6,Open-pit and underground mining and beneficiation at Voisey’s Bay,"Open-pit, underground, concentrator",Ni–Cu sulfide,Water,Arsenic (and its compounds),Emission,Waterbody,kg,,MetalliCan,MetalliCan,794117.647058823,,Ore processed,1,ore
NL-MAIN-2d8801d6,Open-pit and underground mining and beneficiation at Voisey’s Bay,"Open-pit, underground, concentrator",Ni–Cu sulfide,Water,Cadmium (and its compounds),Emission,Waterbody,kg,,MetalliCan,MetalliCan,794117.647058823,,Ore processed,1,ore
NL-MAIN-2d8801d6,Open-pit and underground mining and beneficiation at Voisey’s Bay,"Open-pit, underground, concentrator",Ni–Cu sulfide,Water,Chromium (and its compounds),Emission,Waterbody,tonnes,,MetalliCan,MetalliCan,794117.647058823,,Ore processed,1,ore
NL-MAIN-2d8801d6,Open-pit and underground mining and beneficiation at Voisey’s Bay,"Open-pit, underground, concentrator",Ni–Cu sulfide,Water,Cobalt (and its compounds),Emission,Waterbody,kg,,MetalliCan,MetalliCan,794117.647058823,,Ore processed,1,ore
NL-MAIN-2d8801d6,Open-pit and underground mining and beneficiation at Voisey’s Bay,"Open-pit, underground, concentrator",Ni–Cu sulfide,Water,Copper (and its compounds),Emission,Waterbody,tonnes,,MetalliCan,MetalliCan,794117.647058823,,Ore processed,1,ore
NL-MAIN-2d8801d6,Open-pit and underground mining and beneficiation at Voisey’s Bay,"Open-pit, underground, concentrator",Ni–Cu sulfide,Water,Lead (and its compounds),Emission,Waterbody,kg,,MetalliCan,MetalliCan,794117.647058823,,Ore processed,1,ore
NL-MAIN-2d8801d6,Open-pit and underground mining and beneficiation at Voisey’s Bay,"Open-pit, underground, concentrator",Ni–Cu sulfide,Water,Manganese (and its compounds),Emission,Waterbody,tonnes,,MetalliCan,MetalliCan,794117.647058823,,Ore processed,1,ore
NL-MAIN-2d8801d6,Open-pit and underground mining and beneficiation at Voisey’s Bay,"Open-pit, underground, concentrator",Ni–Cu sulfide,Water,Mercury (and its compounds),Emission,Waterbody,tonnes,,MetalliCan,MetalliCan,794117.647058823,,Ore processed,1,ore
NL-MAIN-2d8801d6,Open-pit and underground mining and beneficiation at Voisey’s Bay,"Open-pit, underground, concentrator",Ni–Cu sulfide,Water,Nickel (and its compounds),Emission,Waterbody,tonnes,,MetalliCan,MetalliCan,794117.647058823,,Ore processed,1,ore
NL-MAIN-2d8801d6,Open-pit and underground mining and beneficiation at Voisey’s Bay,"Open-pit, underground, concentrator",Ni–Cu sulfide,Water,Phosphorus (total),Emission,Waterbody,tonnes,,MetalliCan,MetalliCan,794117.647058823,,Ore processed,1,ore
NL-MAIN-2d8801d6,Open-pit and underground mining and beneficiation at Voisey’s Bay,"Open-pit, underground, concentrator",Ni–Cu sulfide,Water,Selenium (and its compounds),Emission,Waterbody,kg,,MetalliCan,MetalliCan,794117.647058823,,Ore processed,1,ore
NL-MAIN-2d8801d6,Open-pit and underground mining and beneficiation at Voisey’s Bay,"Open-pit, underground, concentrator",Ni–Cu sulfide,Water,Silver (and its compounds),Emission,Waterbody,tonnes,,MetalliCan,MetalliCan,794117.647058823,,Ore processed,1,ore
NL-MAIN-2d8801d6,Open-pit and underground mining and beneficiation at Voisey’s Bay,"Open-pit, underground, concentrator",Ni–Cu sulfide,Water,Vanadium (and its compounds),Emission,Waterbody,tonnes,,MetalliCan,MetalliCan,794117.647058823,,Ore processed,1,ore
NL-MAIN-2d8801d6,Open-pit and underground mining and beneficiation at Voisey’s Bay,"Open-pit, underground, concentrator",Ni–Cu sulfide,Water,Zinc (and its compounds),Emission,Waterbody,tonnes,,MetalliCan,MetalliCan,794117.647058823,,Ore processed,1,ore
ON-MAIN-cb85213a,Underground mining and beneficiation at Eagle River,"Underground, concentrator",Au–Ag free-milling,Water,Arsenic (and its compounds),Emission,Waterbody,kg,,MetalliCan,MetalliCan,222627.0,,Ore processed,1,ore
ON-MAIN-cb85213a,Underground mining and beneficiation at Eagle River,"Underground, concentrator",Au–Ag free-milling,Water,Copper (and its compounds),Emission,Waterbody,tonnes,,MetalliCan,MetalliCan,222627.0,,Ore processed,1,ore
ON-MAIN-cb85213a,Underground mining and beneficiation at Eagle River,"Underground, concentrator",Au–Ag free-milling,Water,Cyanides (ionic),Emission,Waterbody,tonnes,,MetalliCan,MetalliCan,222627.0,,Ore processed,1,ore
ON-MAIN-cb85213a,Underground mining and beneficiation at Eagle River,"Underground, concentrator",Au–Ag free-milling,Water,Lead (and its compounds),Emission,Waterbody,kg,,MetalliCan,MetalliCan,222627.0,,Ore processed,1,ore
ON-MAIN-cb85213a,Underground mining and beneficiation at Eagle River,"Underground, concentrator",Au–Ag free-milling,Water,Nickel (and its compounds),Emission,Waterbody,tonnes,,MetalliCan,MetalliCan,222627.0,,Ore processed,1,ore
ON-MAIN-cb85213a,Underground mining and beneficiation at Eagle River,"Underground, concentrator",Au–Ag free-milling,Water,Zinc (and its compounds),Emission,Waterbody,tonnes,,MetalliCan,MetalliCan,222627.0,,Ore processed,1,ore
ON-MAIN-6e9be24e,Open-pit and underground mining and beneficiation at Hemlo (Williams),"Open-pit, underground, concentrator",Au–Ag free-milling,Water,Ammonia (total),Emission,Waterbody,tonnes,,MetalliCan,MetalliCan,1266009.0,,Ore processed,1,ore
ON-MAIN-6e9be24e,Open-pit and underground mining and beneficiation at Hemlo (Williams),"Open-pit, underground, concentrator",Au–Ag free-milling,Water,Antimony (and its compounds),Emission,Waterbody,tonnes,,MetalliCan,MetalliCan,1266009.0,,Ore processed,1,ore
ON-MAIN-6e9be24e,Open-pit and underground mining and beneficiation at Hemlo (Williams),"Open-pit, underground, concentrator",Au–Ag free-milling,Water,Arsenic (and its compounds),Emission,Waterbody,kg,,MetalliCan,MetalliCan,1266009.0,,Ore processed,1,ore
ON-MAIN-6e9be24e,Open-pit and underground mining and beneficiation at Hemlo (Williams),"Open-pit, underground, concentrator",Au–Ag free-milling,Water,Cadmium (and its compounds),Emission,Waterbody,kg,,MetalliCan,MetalliCan,1266009.0,,Ore processed,1,ore
ON-MAIN-6e9be24e,Open-pit and underground mining and beneficiation at Hemlo (Williams),"Open-pit, underground, concentrator",Au–Ag free-milling,Water,Chromium (and its compounds),Emission,Waterbody,tonnes,,MetalliCan,MetalliCan,1266009.0,,Ore processed,1,ore
ON-MAIN-6e9be24e,Open-pit and underground mining and beneficiation at Hemlo (Williams),"Open-pit, underground, concentrator",Au–Ag free-milling,Water,Cobalt (and its compounds),Emission,Waterbody,kg,,MetalliCan,MetalliCan,1266009.0,,Ore processed,1,ore
ON-MAIN-6e9be24e,Open-pit and underground mining and beneficiation at Hemlo (Williams),"Open-pit, underground, concentrator",Au–Ag free-milling,Water,Copper (and its compounds),Emission,Waterbody,tonnes,,MetalliCan,MetalliCan,1266009.0,,Ore processed,1,ore
ON-MAIN-6e9be24e,Open-pit and underground mining and beneficiation at Hemlo (Williams),"Open-pit, underground, concentrator",Au–Ag free-milling,Water,Cyanides (ionic),Emission,Waterbody,tonnes,,MetalliCan,MetalliCan,1266009.0,,Ore processed,1,ore
ON-MAIN-6e9be24e,Open-pit and underground mining and beneficiation at Hemlo (Williams),"Open-pit, underground, concentrator",Au–Ag free-milling,Water,Lead (and its compounds),Emission,Waterbody,kg,,MetalliCan,MetalliCan,1266009.0,,Ore processed,1,ore
ON-MAIN-6e9be24e,Open-pit and underground mining and beneficiation at Hemlo (Williams),"Open-pit, underground, concentrator",Au–Ag free-milling,Water,Manganese (and its compounds),Emission,Waterbody,tonnes,,MetalliCan,MetalliCan,1266009.0,,Ore processed,1,ore
ON-MAIN-6e9be24e,Open-pit and underground mining and beneficiation at Hemlo (Williams),"Open-pit, underground, concentrator",Au–Ag free-milling,Water,Mercury (and its compounds),Emission,Waterbody,tonnes,,MetalliCan,MetalliCan,1266009.0,,Ore processed,1,ore
ON-MAIN-6e9be24e,Open-pit and underground mining and beneficiation at Hemlo (Williams),"Open-pit, underground, concentrator",Au–Ag free-milling,Water,Nickel (and its compounds),Emission,Waterbody,tonnes,,MetalliCan,MetalliCan,1266009.0,,Ore processed,1,ore
ON-MAIN-6e9be24e,Open-pit and underground mining and beneficiation at Hemlo (Williams),"Open-pit, underground, concentrator",Au–Ag free-milling,Water,Nitrate ion in solution at pH >= 6.0,Emission,Waterbody,tonnes,,MetalliCan,MetalliCan,1266009.0,,Ore processed,1,ore
ON-MAIN-6e9be24e,Open-pit and underground mining and beneficiation at Hemlo (Williams),"Open-pit, underground, concentrator",Au–Ag free-milling,Water,Selenium (and its compounds),Emission,Waterbody,kg,,MetalliCan,MetalliCan,1266009.0,,Ore processed,1,ore
ON-MAIN-6e9be24e,Open-pit and underground mining and beneficiation at Hemlo (Williams),"Open-pit, underground, concentrator",Au–Ag free-milling,Water,Vanadium (and its compounds),Emission,Waterbody,tonnes,,MetalliCan,MetalliCan,1266009.0,,Ore processed,1,ore
ON-MAIN-6e9be24e,Open-pit and underground mining and beneficiation at Hemlo (Williams),"Open-pit, underground, concentrator",Au–Ag free-milling,Water,Zinc (and its compounds),Emission,Waterbody,tonnes,,MetalliCan,MetalliCan,1266009.0,,Ore processed,1,ore
ON-MAIN-1f126a43,Underground mining and beneficiation at Macassa,"Underground, concentrator",Au–Ag free-milling,Water,Ammonia (total),Emission,Waterbody,tonnes,,MetalliCan,MetalliCan,441588.0,,Ore processed,1,ore
ON-MAIN-1f126a43,Underground mining and beneficiation at Macassa,"Underground, concentrator",Au–Ag free-milling,Water,Arsenic (and its compounds),Emission,Waterbody,kg,,MetalliCan,MetalliCan,441588.0,,Ore processed,1,ore
ON-MAIN-1f126a43,Underground mining and beneficiation at Macassa,"Underground, concentrator",Au–Ag free-milling,Water,Cadmium (and its compounds),Emission,Waterbody,kg,,MetalliCan,MetalliCan,441588.0,,Ore processed,1,ore
ON-MAIN-1f126a43,Underground mining and beneficiation at Macassa,"Underground, concentrator",Au–Ag free-milling,Water,Chromium (and its compounds),Emission,Waterbody,tonnes,,MetalliCan,MetalliCan,441588.0,,Ore processed,1,ore
ON-MAIN-1f126a43,Underground mining and beneficiation at Macassa,"Underground, concentrator",Au–Ag free-milling,Water,Cobalt (and its compounds),Emission,Waterbody,kg,,MetalliCan,MetalliCan,441588.0,,Ore processed,1,ore
ON-MAIN-1f126a43,Underground mining and beneficiation at Macassa,"Underground, concentrator",Au–Ag free-milling,Water,Copper (and its compounds),Emission,Waterbody,tonnes,,MetalliCan,MetalliCan,441588.0,,Ore processed,1,ore
ON-MAIN-1f126a43,Underground mining and beneficiation at Macassa,"Underground, concentrator",Au–Ag free-milling,Water,Cyanides (ionic),Emission,Waterbody,tonnes,,MetalliCan,MetalliCan,441588.0,,Ore processed,1,ore
ON-MAIN-1f126a43,Underground mining and beneficiation at Macassa,"Underground, concentrator",Au–Ag free-milling,Water,Lead (and its compounds),Emission,Waterbody,kg,,MetalliCan,MetalliCan,441588.0,,Ore processed,1,ore
ON-MAIN-1f126a43,Underground mining and beneficiation at Macassa,"Underground, concentrator",Au–Ag free-milling,Water,Manganese (and its compounds),Emission,Waterbody,tonnes,,MetalliCan,MetalliCan,441588.0,,Ore processed,1,ore
ON-MAIN-1f126a43,Underground mining and beneficiation at Macassa,"Underground, concentrator",Au–Ag free-milling,Water,Mercury (and its compounds),Emission,Waterbody,tonnes,,MetalliCan,MetalliCan,441588.0,,Ore processed,1,ore
ON-MAIN-1f126a43,Underground mining and beneficiation at Macassa,"Underground, concentrator",Au–Ag free-milling,Water,Nickel (and its compounds),Emission,Waterbody,tonnes,,MetalliCan,MetalliCan,441588.0,,Ore processed,1,ore
ON-MAIN-1f126a43,Underground mining and beneficiation at Macassa,"Underground, concentrator",Au–Ag free-milling,Water,Nitrate ion in solution at pH >= 6.0,Emission,Waterbody,tonnes,,MetalliCan,MetalliCan,441588.0,,Ore processed,1,ore
ON-MAIN-1f126a43,Underground mining and beneficiation at Macassa,"Underground, concentrator",Au–Ag free-milling,Water,Phosphorus (total),Emission,Waterbody,tonnes,,MetalliCan,MetalliCan,441588.0,,Ore processed,1,ore
ON-MAIN-1f126a43,Underground mining and beneficiation at Macassa,"Underground, concentrator",Au–Ag free-milling,Water,Selenium (and its compounds),Emission,Waterbody,kg,,MetalliCan,MetalliCan,441588.0,,Ore processed,1,ore
ON-MAIN-1f126a43,Underground mining and beneficiation at Macassa,"Underground, concentrator",Au–Ag free-milling,Water,Thallium (and its compounds),Emission,Waterbody,kg,,MetalliCan,MetalliCan,441588.0,,Ore processed,1,ore
ON-MAIN-1f126a43,Underground mining and beneficiation at Macassa,"Underground, concentrator",Au–Ag free-milling,Water,Vanadium (and its compounds),Emission,Waterbody,tonnes,,MetalliCan,MetalliCan,441588.0,,Ore processed,1,ore
ON-MAIN-1f126a43,Underground mining and beneficiation at Macassa,"Underground, concentrator",Au–Ag free-milling,Water,Zinc (and its compounds),Emission,Waterbody,tonnes,,MetalliCan,MetalliCan,441588.0,,Ore processed,1,ore
QC-MAIN-e7e6a960,Open-pit mining and beneficiation at Canadian Malartic,"Open-pit, concentrator",Au–Ag free-milling,Water,Arsenic (and its compounds),Emission,Waterbody,kg,,MetalliCan,MetalliCan,17332900.0,,Ore processed,1,ore
QC-MAIN-e7e6a960,Open-pit mining and beneficiation at Canadian Malartic,"Open-pit, concentrator",Au–Ag free-milling,Water,Cadmium (and its compounds),Emission,Waterbody,kg,,MetalliCan,MetalliCan,17332900.0,,Ore processed,1,ore
QC-MAIN-e7e6a960,Open-pit mining and beneficiation at Canadian Malartic,"Open-pit, concentrator",Au–Ag free-milling,Water,Chromium (and its compounds),Emission,Waterbody,tonnes,,MetalliCan,MetalliCan,17332900.0,,Ore processed,1,ore
QC-MAIN-e7e6a960,Open-pit mining and beneficiation at Canadian Malartic,"Open-pit, concentrator",Au–Ag free-milling,Water,Cobalt (and its compounds),Emission,Waterbody,kg,,MetalliCan,MetalliCan,17332900.0,,Ore processed,1,ore
QC-MAIN-e7e6a960,Open-pit mining and beneficiation at Canadian Malartic,"Open-pit, concentrator",Au–Ag free-milling,Water,Copper (and its compounds),Emission,Waterbody,tonnes,,MetalliCan,MetalliCan,17332900.0,,Ore processed,1,ore
QC-MAIN-e7e6a960,Open-pit mining and beneficiation at Canadian Malartic,"Open-pit, concentrator",Au–Ag free-milling,Water,Cyanides (ionic),Emission,Waterbody,tonnes,,MetalliCan,MetalliCan,17332900.0,,Ore processed,1,ore
QC-MAIN-e7e6a960,Open-pit mining and beneficiation at Canadian Malartic,"Open-pit, concentrator",Au–Ag free-milling,Water,Lead (and its compounds),Emission,Waterbody,kg,,MetalliCan,MetalliCan,17332900.0,,Ore processed,1,ore
QC-MAIN-e7e6a960,Open-pit mining and beneficiation at Canadian Malartic,"Open-pit, concentrator",Au–Ag free-milling,Water,Manganese (and its compounds),Emission,Waterbody,tonnes,,MetalliCan,MetalliCan,17332900.0,,Ore processed,1,ore
QC-MAIN-e7e6a960,Open-pit mining and beneficiation at Canadian Malartic,"Open-pit, concentrator",Au–Ag free-milling,Water,Mercury (and its compounds),Emission,Waterbody,tonnes,,MetalliCan,MetalliCan,17332900.0,,Ore processed,1,ore
QC-MAIN-e7e6a960,Open-pit mining and beneficiation at Canadian Malartic,"Open-pit, concentrator",Au–Ag free-milling,Water,Nickel (and its compounds),Emission,Waterbody,tonnes,,MetalliCan,MetalliCan,17332900.0,,Ore processed,1,ore
QC-MAIN-e7e6a960,Open-pit mining and beneficiation at Canadian Malartic,"Open-pit, concentrator",Au–Ag free-milling,Water,Selenium (and its compounds),Emission,Waterbody,kg,,MetalliCan,MetalliCan,17332900.0,,Ore processed,1,ore
QC-MAIN-e7e6a960,Open-pit mining and beneficiation at Canadian Malartic,"Open-pit, concentrator",Au–Ag free-milling,Water,Thallium (and its compounds),Emission,Waterbody,kg,,MetalliCan,MetalliCan,17332900.0,,Ore processed,1,ore
QC-MAIN-e7e6a960,Open-pit mining and beneficiation at Canadian Malartic,"Open-pit, concentrator",Au–Ag free-milling,Water,Vanadium (and its compounds),Emission,Waterbody,tonnes,,MetalliCan,MetalliCan,17332900.0,,Ore processed,1,ore
QC-MAIN-e7e6a960,Open-pit mining and beneficiation at Canadian Malartic,"Open-pit, concentrator",Au–Ag free-milling,Water,Zinc (and its compounds),Emission,Waterbody,tonnes,,MetalliCan,MetalliCan,17332900.0,,Ore processed,1,ore
NU-MAIN-8b0264c9,Open-pit and underground mining and beneficiation at Meliadine,"Open-pit, underground, concentrator",Au–Ag free-milling,Water,Arsenic (and its compounds),Emission,Waterbody,kg,,MetalliCan,MetalliCan,1918143.0,,Ore processed,1,ore
NU-MAIN-8b0264c9,Open-pit and underground mining and beneficiation at Meliadine,"Open-pit, underground, concentrator",Au–Ag free-milling,Water,Cadmium (and its compounds),Emission,Waterbody,kg,,MetalliCan,MetalliCan,1918143.0,,Ore processed,1,ore
NU-MAIN-8b0264c9,Open-pit and underground mining and beneficiation at Meliadine,"Open-pit, underground, concentrator",Au–Ag free-milling,Water,Cobalt (and its compounds),Emission,Waterbody,kg,,MetalliCan,MetalliCan,1918143.0,,Ore processed,1,ore
NU-MAIN-8b0264c9,Open-pit and underground mining and beneficiation at Meliadine,"Open-pit, underground, concentrator",Au–Ag free-milling,Water,Copper (and its compounds),Emission,Waterbody,tonnes,,MetalliCan,MetalliCan,1918143.0,,Ore processed,1,ore
NU-MAIN-8b0264c9,Open-pit and underground mining and beneficiation at Meliadine,"Open-pit, underground, concentrator",Au–Ag free-milling,Water,Cyanides (ionic),Emission,Waterbody,tonnes,,MetalliCan,MetalliCan,1918143.0,,Ore processed,1,ore
NU-MAIN-8b0264c9,Open-pit and underground mining and beneficiation at Meliadine,"Open-pit, underground, concentrator",Au–Ag free-milling,Water,Lead (and its compounds),Emission,Waterbody,kg,,MetalliCan,MetalliCan,1918143.0,,Ore processed,1,ore
NU-MAIN-8b0264c9,Open-pit and underground mining and beneficiation at Meliadine,"Open-pit, underground, concentrator",Au–Ag free-milling,Water,Manganese (and its compounds),Emission,Waterbody,tonnes,,MetalliCan,MetalliCan,1918143.0,,Ore processed,1,ore
NU-MAIN-8b0264c9,Open-pit and underground mining and beneficiation at Meliadine,"Open-pit, underground, concentrator",Au–Ag free-milling,Water,Nickel (and its compounds),Emission,Waterbody,tonnes,,MetalliCan,MetalliCan,1918143.0,,Ore processed,1,ore
NU-MAIN-8b0264c9,Open-pit and underground mining and beneficiation at Meliadine,"Open-pit, underground, concentrator",Au–Ag free-milling,Water,Phosphorus (total),Emission,Waterbody,tonnes,,MetalliCan,MetalliCan,1918143.0,,Ore processed,1,ore
NU-MAIN-8b0264c9,Open-pit and underground mining and beneficiation at Meliadine,"Open-pit, underground, concentrator",Au–Ag free-milling,Water,Selenium (and its compounds),Emission,Waterbody,kg,,MetalliCan,MetalliCan,1918143.0,,Ore processed,1,ore
NU-MAIN-8b0264c9,Open-pit and underground mining and beneficiation at Meliadine,"Open-pit, underground, concentrator",Au–Ag free-milling,Water,Thallium (and its compounds),Emission,Waterbody,kg,,MetalliCan,MetalliCan,1918143.0,,Ore processed,1,ore
NU-MAIN-8b0264c9,Open-pit and underground mining and beneficiation at Meliadine,"Open-pit, underground, concentrator",Au–Ag free-milling,Water,Zinc (and its compounds),Emission,Waterbody,tonnes,,MetalliCan,MetalliCan,1918143.0,,Ore processed,1,ore
QC-MAIN-c0660aec,Underground mining and beneficiation at Goldex,"Underground, concentrator",Au–Ag polymetallic,Water,Arsenic (and its compounds),Emission,Waterbody,kg,,MetalliCan,MetalliCan,2886927.328724,,Ore processed,1,ore
QC-MAIN-c0660aec,Underground mining and beneficiation at Goldex,"Underground, concentrator",Au–Ag polymetallic,Water,Cadmium (and its compounds),Emission,Waterbody,kg,,MetalliCan,MetalliCan,2886927.328724,,Ore processed,1,ore
QC-MAIN-c0660aec,Underground mining and beneficiation at Goldex,"Underground, concentrator",Au–Ag polymetallic,Water,Chromium (and its compounds),Emission,Waterbody,tonnes,,MetalliCan,MetalliCan,2886927.328724,,Ore processed,1,ore
QC-MAIN-c0660aec,Underground mining and beneficiation at Goldex,"Underground, concentrator",Au–Ag polymetallic,Water,Cobalt (and its compounds),Emission,Waterbody,kg,,MetalliCan,MetalliCan,2886927.328724,,Ore processed,1,ore
QC-MAIN-c0660aec,Underground mining and beneficiation at Goldex,"Underground, concentrator",Au–Ag polymetallic,Water,Copper (and its compounds),Emission,Waterbody,tonnes,,MetalliCan,MetalliCan,2886927.328724,,Ore processed,1,ore
QC-MAIN-c0660aec,Underground mining and beneficiation at Goldex,"Underground, concentrator",Au–Ag polymetallic,Water,Lead (and its compounds),Emission,Waterbody,kg,,MetalliCan,MetalliCan,2886927.328724,,Ore processed,1,ore
QC-MAIN-c0660aec,Underground mining and beneficiation at Goldex,"Underground, concentrator",Au–Ag polymetallic,Water,Manganese (and its compounds),Emission,Waterbody,tonnes,,MetalliCan,MetalliCan,2886927.328724,,Ore processed,1,ore
QC-MAIN-c0660aec,Underground mining and beneficiation at Goldex,"Underground, concentrator",Au–Ag polymetallic,Water,Nickel (and its compounds),Emission,Waterbody,tonnes,,MetalliCan,MetalliCan,2886927.328724,,Ore processed,1,ore
QC-MAIN-c0660aec,Underground mining and beneficiation at Goldex,"Underground, concentrator",Au–Ag polymetallic,Water,Zinc (and its compounds),Emission,Waterbody,tonnes,,MetalliCan,MetalliCan,2886927.328724,,Ore processed,1,ore
ON-MAIN-687b8c8d,Underground mining and beneficiation at Island,"Underground, concentrator",Au–Ag free-milling,Water,Ammonia (total),Emission,Waterbody,tonnes,,MetalliCan,MetalliCan,439008.0,,Ore processed,1,ore
ON-MAIN-7607a50e,Underground mining and beneficiation at Young-Davidson,"Underground, concentrator",Au–Ag free-milling,Water,Ammonia (total),Emission,Waterbody,tonnes,,MetalliCan,MetalliCan,2878047.0,,Ore processed,1,ore
ON-MAIN-7607a50e,Underground mining and beneficiation at Young-Davidson,"Underground, concentrator",Au–Ag free-milling,Water,Antimony (and its compounds),Emission,Waterbody,tonnes,,MetalliCan,MetalliCan,2878047.0,,Ore processed,1,ore
ON-MAIN-687b8c8d,Underground mining and beneficiation at Island,"Underground, concentrator",Au–Ag free-milling,Water,Arsenic (and its compounds),Emission,Waterbody,kg,,MetalliCan,MetalliCan,439008.0,,Ore processed,1,ore
ON-MAIN-7607a50e,Underground mining and beneficiation at Young-Davidson,"Underground, concentrator",Au–Ag free-milling,Water,Arsenic (and its compounds),Emission,Waterbody,kg,,MetalliCan,MetalliCan,2878047.0,,Ore processed,1,ore
ON-MAIN-687b8c8d,Underground mining and beneficiation at Island,"Underground, concentrator",Au–Ag free-milling,Water,Cadmium (and its compounds),Emission,Waterbody,kg,,MetalliCan,MetalliCan,439008.0,,Ore processed,1,ore
ON-MAIN-7607a50e,Underground mining and beneficiation at Young-Davidson,"Underground, concentrator",Au–Ag free-milling,Water,Cadmium (and its compounds),Emission,Waterbody,kg,,MetalliCan,MetalliCan,2878047.0,,Ore processed,1,ore
ON-MAIN-687b8c8d,Underground mining and beneficiation at Island,"Underground, concentrator",Au–Ag free-milling,Water,Chromium (and its compounds),Emission,Waterbody,tonnes,,MetalliCan,MetalliCan,439008.0,,Ore processed,1,ore
ON-MAIN-7607a50e,Underground mining and beneficiation at Young-Davidson,"Underground, concentrator",Au–Ag free-milling,Water,Chromium (and its compounds),Emission,Waterbody,tonnes,,MetalliCan,MetalliCan,2878047.0,,Ore processed,1,ore
ON-MAIN-687b8c8d,Underground mining and beneficiation at Island,"Underground, concentrator",Au–Ag free-milling,Water,Cobalt (and its compounds),Emission,Waterbody,kg,,MetalliCan,MetalliCan,439008.0,,Ore processed,1,ore
ON-MAIN-7607a50e,Underground mining and beneficiation at Young-Davidson,"Underground, concentrator",Au–Ag free-milling,Water,Cobalt (and its compounds),Emission,Waterbody,kg,,MetalliCan,MetalliCan,2878047.0,,Ore processed,1,ore
ON-MAIN-687b8c8d,Underground mining and beneficiation at Island,"Underground, concentrator",Au–Ag free-milling,Water,Copper (and its compounds),Emission,Waterbody,tonnes,,MetalliCan,MetalliCan,439008.0,,Ore processed,1,ore
ON-MAIN-7607a50e,Underground mining and beneficiation at Young-Davidson,"Underground, concentrator",Au–Ag free-milling,Water,Copper (and its compounds),Emission,Waterbody,tonnes,,MetalliCan,MetalliCan,2878047.0,,Ore processed,1,ore
ON-MAIN-687b8c8d,Underground mining and beneficiation at Island,"Underground, concentrator",Au–Ag free-milling,Water,Cyanides (ionic),Emission,Waterbody,tonnes,,MetalliCan,MetalliCan,439008.0,,Ore processed,1,ore
ON-MAIN-687b8c8d,Underground mining and beneficiation at Island,"Underground, concentrator",Au–Ag free-milling,Water,Lead (and its compounds),Emission,Waterbody,kg,,MetalliCan,MetalliCan,439008.0,,Ore processed,1,ore
ON-MAIN-7607a50e,Underground mining and beneficiation at Young-Davidson,"Underground, concentrator",Au–Ag free-milling,Water,Lead (and its compounds),Emission,Waterbody,kg,,MetalliCan,MetalliCan,2878047.0,,Ore processed,1,ore
ON-MAIN-687b8c8d,Underground mining and beneficiation at Island,"Underground, concentrator",Au–Ag free-milling,Water,Manganese (and its compounds),Emission,Waterbody,tonnes,,MetalliCan,MetalliCan,439008.0,,Ore processed,1,ore
ON-MAIN-687b8c8d,Underground mining and beneficiation at Island,"Underground, concentrator",Au–Ag free-milling,Water,Mercury (and its compounds),Emission,Waterbody,tonnes,,MetalliCan,MetalliCan,439008.0,,Ore processed,1,ore
ON-MAIN-7607a50e,Underground mining and beneficiation at Young-Davidson,"Underground, concentrator",Au–Ag free-milling,Water,Mercury (and its compounds),Emission,Waterbody,tonnes,,MetalliCan,MetalliCan,2878047.0,,Ore processed,1,ore
ON-MAIN-687b8c8d,Underground mining and beneficiation at Island,"Underground, concentrator",Au–Ag free-milling,Water,Nickel (and its compounds),Emission,Waterbody,tonnes,,MetalliCan,MetalliCan,439008.0,,Ore processed,1,ore
ON-MAIN-7607a50e,Underground mining and beneficiation at Young-Davidson,"Underground, concentrator",Au–Ag free-milling,Water,Nickel (and its compounds),Emission,Waterbody,tonnes,,MetalliCan,MetalliCan,2878047.0,,Ore processed,1,ore
ON-MAIN-687b8c8d,Underground mining and beneficiation at Island,"Underground, concentrator",Au–Ag free-milling,Water,Nitrate ion in solution at pH >= 6.0,Emission,Waterbody,tonnes,,MetalliCan,MetalliCan,439008.0,,Ore processed,1,ore
ON-MAIN-7607a50e,Underground mining and beneficiation at Young-Davidson,"Underground, concentrator",Au–Ag free-milling,Water,Nitrate ion in solution at pH >= 6.0,Emission,Waterbody,tonnes,,MetalliCan,MetalliCan,2878047.0,,Ore processed,1,ore
ON-MAIN-7607a50e,Underground mining and beneficiation at Young-Davidson,"Underground, concentrator",Au–Ag free-milling,Water,Phosphorus (total),Emission,Waterbody,tonnes,,MetalliCan,MetalliCan,2878047.0,,Ore processed,1,ore
ON-MAIN-687b8c8d,Underground mining and beneficiation at Island,"Underground, concentrator",Au–Ag free-milling,Water,Selenium (and its compounds),Emission,Waterbody,kg,,MetalliCan,MetalliCan,439008.0,,Ore processed,1,ore
ON-MAIN-7607a50e,Underground mining and beneficiation at Young-Davidson,"Underground, concentrator",Au–Ag free-milling,Water,Selenium (and its compounds),Emission,Waterbody,kg,,MetalliCan,MetalliCan,2878047.0,,Ore processed,1,ore
ON-MAIN-7607a50e,Underground mining and beneficiation at Young-Davidson,"Underground, concentrator",Au–Ag free-milling,Water,Silver (and its compounds),Emission,Waterbody,tonnes,,MetalliCan,MetalliCan,2878047.0,,Ore processed,1,ore
ON-MAIN-7607a50e,Underground mining and beneficiation at Young-Davidson,"Underground, concentrator",Au–Ag free-milling,Water,Thallium (and its compounds),Emission,Waterbody,kg,,MetalliCan,MetalliCan,2878047.0,,Ore processed,1,ore
ON-MAIN-7607a50e,Underground mining and beneficiation at Young-Davidson,"Underground, concentrator",Au–Ag free-milling,Water,Vanadium (and its compounds),Emission,Waterbody,tonnes,,MetalliCan,MetalliCan,2878047.0,,Ore processed,1,ore
ON-MAIN-687b8c8d,Underground mining and beneficiation at Island,"Underground, concentrator",Au–Ag free-milling,Water,Zinc (and its compounds),Emission,Waterbody,tonnes,,MetalliCan,MetalliCan,439008.0,,Ore processed,1,ore
ON-MAIN-7607a50e,Underground mining and beneficiation at Young-Davidson,"Underground, concentrator",Au–Ag free-milling,Water,Zinc (and its compounds),Emission,Waterbody,tonnes,,MetalliCan,MetalliCan,2878047.0,,Ore processed,1,ore
BC-MAIN-599152a0,Open-pit mining and beneficiation at Copper Mountain,"Open-pit, concentrator",Cu Porphyry,Water,Arsenic (and its compounds),Emission,Waterbody,kg,,MetalliCan,MetalliCan,6862152.0,,Ore processed,1,ore
BC-MAIN-599152a0,Open-pit mining and beneficiation at Copper Mountain,"Open-pit, concentrator",Cu Porphyry,Water,Cadmium (and its compounds),Emission,Waterbody,kg,,MetalliCan,MetalliCan,6862152.0,,Ore processed,1,ore
BC-MAIN-599152a0,Open-pit mining and beneficiation at Copper Mountain,"Open-pit, concentrator",Cu Porphyry,Water,Cobalt (and its compounds),Emission,Waterbody,kg,,MetalliCan,MetalliCan,6862152.0,,Ore processed,1,ore
BC-MAIN-599152a0,Open-pit mining and beneficiation at Copper Mountain,"Open-pit, concentrator",Cu Porphyry,Water,Copper (and its compounds),Emission,Waterbody,tonnes,,MetalliCan,MetalliCan,6862152.0,,Ore processed,1,ore
BC-MAIN-599152a0,Open-pit mining and beneficiation at Copper Mountain,"Open-pit, concentrator",Cu Porphyry,Water,Lead (and its compounds),Emission,Waterbody,kg,,MetalliCan,MetalliCan,6862152.0,,Ore processed,1,ore
BC-MAIN-599152a0,Open-pit mining and beneficiation at Copper Mountain,"Open-pit, concentrator",Cu Porphyry,Water,Manganese (and its compounds),Emission,Waterbody,tonnes,,MetalliCan,MetalliCan,6862152.0,,Ore processed,1,ore
BC-MAIN-599152a0,Open-pit mining and beneficiation at Copper Mountain,"Open-pit, concentrator",Cu Porphyry,Water,Mercury (and its compounds),Emission,Waterbody,tonnes,,MetalliCan,MetalliCan,6862152.0,,Ore processed,1,ore
BC-MAIN-599152a0,Open-pit mining and beneficiation at Copper Mountain,"Open-pit, concentrator",Cu Porphyry,Water,Phosphorus (total),Emission,Waterbody,tonnes,,MetalliCan,MetalliCan,6862152.0,,Ore processed,1,ore
BC-MAIN-599152a0,Open-pit mining and beneficiation at Copper Mountain,"Open-pit, concentrator",Cu Porphyry,Water,Selenium (and its compounds),Emission,Waterbody,kg,,MetalliCan,MetalliCan,6862152.0,,Ore processed,1,ore
BC-MAIN-599152a0,Open-pit mining and beneficiation at Copper Mountain,"Open-pit, concentrator",Cu Porphyry,Water,Thallium (and its compounds),Emission,Waterbody,kg,,MetalliCan,MetalliCan,6862152.0,,Ore processed,1,ore
ON-MAIN-7f050560,Underground mining and beneficiation at Red Lake,"Underground, concentrator",Au–Ag refractory,Water,Arsenic (and its compounds),Emission,Waterbody,kg,,MetalliCan,MetalliCan,841000.0,,Ore processed,1,ore
ON-MAIN-7f050560,Underground mining and beneficiation at Red Lake,"Underground, concentrator",Au–Ag refractory,Water,Cadmium (and its compounds),Emission,Waterbody,kg,,MetalliCan,MetalliCan,841000.0,,Ore processed,1,ore
ON-MAIN-7f050560,Underground mining and beneficiation at Red Lake,"Underground, concentrator",Au–Ag refractory,Water,Cobalt (and its compounds),Emission,Waterbody,kg,,MetalliCan,MetalliCan,841000.0,,Ore processed,1,ore
ON-MAIN-7f050560,Underground mining and beneficiation at Red Lake,"Underground, concentrator",Au–Ag refractory,Water,Lead (and its compounds),Emission,Waterbody,kg,,MetalliCan,MetalliCan,841000.0,,Ore processed,1,ore
ON-MAIN-7f050560,Underground mining and beneficiation at Red Lake,"Underground, concentrator",Au–Ag refractory,Water,Mercury (and its compounds),Emission,Waterbody,tonnes,,MetalliCan,MetalliCan,841000.0,,Ore processed,1,ore
ON-MAIN-7f050560,Underground mining and beneficiation at Red Lake,"Underground, concentrator",Au–Ag refractory,Water,Nitrate ion in solution at pH >= 6.0,Emission,Waterbody,tonnes,,MetalliCan,MetalliCan,841000.0,,Ore processed,1,ore
NL-MAIN-c139de6d,,,,Water,Ammonia (total),Emission,Waterbody,tonnes,,MetalliCan,MetalliCan,,,Ore processed,1,ore
NL-MAIN-c139de6d,,,,Water,Copper (and its compounds),Emission,Waterbody,tonnes,,MetalliCan,MetalliCan,,,Ore processed,1,ore
NL-MAIN-c139de6d,,,,Water,Lead (and its compounds),Emission,Waterbody,kg,,MetalliCan,MetalliCan,,,Ore processed,1,ore
NL-MAIN-c139de6d,,,,Water,Nickel (and its compounds),Emission,Waterbody,tonnes,,MetalliCan,MetalliCan,,,Ore processed,1,ore
NL-MAIN-c139de6d,,,,Water,Zinc (and its compounds),Emission,Waterbody,tonnes,,MetalliCan,MetalliCan,,,Ore processed,1,ore
BC-MAIN-6b4800fe,Open-pit mining and beneficiation at Gibraltar,"Open-pit, concentrator",Cu polymetallic,Water,Arsenic (and its compounds),Emission,Waterbody,kg,,MetalliCan,MetalliCan,30000000.0,,Ore processed,1,ore
BC-MAIN-6b4800fe,Open-pit mining and beneficiation at Gibraltar,"Open-pit, concentrator",Cu polymetallic,Water,Cadmium (and its compounds),Emission,Waterbody,kg,,MetalliCan,MetalliCan,30000000.0,,Ore processed,1,ore
BC-MAIN-6b4800fe,Open-pit mining and beneficiation at Gibraltar,"Open-pit, concentrator",Cu polymetallic,Water,Chromium (and its compounds),Emission,Waterbody,tonnes,,MetalliCan,MetalliCan,30000000.0,,Ore processed,1,ore
BC-MAIN-6b4800fe,Open-pit mining and beneficiation at Gibraltar,"Open-pit, concentrator",Cu polymetallic,Water,Cobalt (and its compounds),Emission,Waterbody,kg,,MetalliCan,MetalliCan,30000000.0,,Ore processed,1,ore
BC-MAIN-6b4800fe,Open-pit mining and beneficiation at Gibraltar,"Open-pit, concentrator",Cu polymetallic,Water,Copper (and its compounds),Emission,Waterbody,tonnes,,MetalliCan,MetalliCan,30000000.0,,Ore processed,1,ore
BC-MAIN-6b4800fe,Open-pit mining and beneficiation at Gibraltar,"Open-pit, concentrator",Cu polymetallic,Water,Lead (and its compounds),Emission,Waterbody,kg,,MetalliCan,MetalliCan,30000000.0,,Ore processed,1,ore
BC-MAIN-6b4800fe,Open-pit mining and beneficiation at Gibraltar,"Open-pit, concentrator",Cu polymetallic,Water,Manganese (and its compounds),Emission,Waterbody,tonnes,,MetalliCan,MetalliCan,30000000.0,,Ore processed,1,ore
BC-MAIN-6b4800fe,Open-pit mining and beneficiation at Gibraltar,"Open-pit, concentrator",Cu polymetallic,Water,Mercury (and its compounds),Emission,Waterbody,tonnes,,MetalliCan,MetalliCan,30000000.0,,Ore processed,1,ore
BC-MAIN-6b4800fe,Open-pit mining and beneficiation at Gibraltar,"Open-pit, concentrator",Cu polymetallic,Water,Nickel (and its compounds),Emission,Waterbody,tonnes,,MetalliCan,MetalliCan,30000000.0,,Ore processed,1,ore
BC-MAIN-6b4800fe,Open-pit mining and beneficiation at Gibraltar,"Open-pit, concentrator",Cu polymetallic,Water,Selenium (and its compounds),Emission,Waterbody,kg,,MetalliCan,MetalliCan,30000000.0,,Ore processed,1,ore
BC-MAIN-6b4800fe,Open-pit mining and beneficiation at Gibraltar,"Open-pit, concentrator",Cu polymetallic,Water,Zinc (and its compounds),Emission,Waterbody,tonnes,,MetalliCan,MetalliCan,30000000.0,,Ore processed,1,ore
QC-MAIN-a97821c0,Underground mining and beneficiation at Raglan,"Underground, concentrator",Ni–Cu sulfide,Water,Arsenic (and its compounds),Emission,Waterbody,kg,,MetalliCan,MetalliCan,1500000.0,,Ore processed,1,ore
QC-MAIN-a97821c0,Underground mining and beneficiation at Raglan,"Underground, concentrator",Ni–Cu sulfide,Water,Cadmium (and its compounds),Emission,Waterbody,kg,,MetalliCan,MetalliCan,1500000.0,,Ore processed,1,ore
QC-MAIN-a97821c0,Underground mining and beneficiation at Raglan,"Underground, concentrator",Ni–Cu sulfide,Water,Chromium (and its compounds),Emission,Waterbody,tonnes,,MetalliCan,MetalliCan,1500000.0,,Ore processed,1,ore
QC-MAIN-a97821c0,Underground mining and beneficiation at Raglan,"Underground, concentrator",Ni–Cu sulfide,Water,Cobalt (and its compounds),Emission,Waterbody,kg,,MetalliCan,MetalliCan,1500000.0,,Ore processed,1,ore
QC-MAIN-a97821c0,Underground mining and beneficiation at Raglan,"Underground, concentrator",Ni–Cu sulfide,Water,Copper (and its compounds),Emission,Waterbody,tonnes,,MetalliCan,MetalliCan,1500000.0,,Ore processed,1,ore
QC-MAIN-a97821c0,Underground mining and beneficiation at Raglan,"Underground, concentrator",Ni–Cu sulfide,Water,Lead (and its compounds),Emission,Waterbody,kg,,MetalliCan,MetalliCan,1500000.0,,Ore processed,1,ore
QC-MAIN-a97821c0,Underground mining and beneficiation at Raglan,"Underground, concentrator",Ni–Cu sulfide,Water,Manganese (and its compounds),Emission,Waterbody,tonnes,,MetalliCan,MetalliCan,1500000.0,,Ore processed,1,ore
QC-MAIN-a97821c0,Underground mining and beneficiation at Raglan,"Underground, concentrator",Ni–Cu sulfide,Water,Mercury (and its compounds),Emission,Waterbody,tonnes,,MetalliCan,MetalliCan,1500000.0,,Ore processed,1,ore
QC-MAIN-a97821c0,Underground mining and beneficiation at Raglan,"Underground, concentrator",Ni–Cu sulfide,Water,Nickel (and its compounds),Emission,Waterbody,tonnes,,MetalliCan,MetalliCan,1500000.0,,Ore processed,1,ore
QC-MAIN-a97821c0,Underground mining and beneficiation at Raglan,"Underground, concentrator",Ni–Cu sulfide,Water,Nitrate ion in solution at pH >= 6.0,Emission,Waterbody,tonnes,,MetalliCan,MetalliCan,1500000.0,,Ore processed,1,ore
QC-MAIN-a97821c0,Underground mining and beneficiation at Raglan,"Underground, concentrator",Ni–Cu sulfide,Water,Phosphorus (total),Emission,Waterbody,tonnes,,MetalliCan,MetalliCan,1500000.0,,Ore processed,1,ore
QC-MAIN-a97821c0,Underground mining and beneficiation at Raglan,"Underground, concentrator",Ni–Cu sulfide,Water,Selenium (and its compounds),Emission,Waterbody,kg,,MetalliCan,MetalliCan,1500000.0,,Ore processed,1,ore
QC-MAIN-a97821c0,Underground mining and beneficiation at Raglan,"Underground, concentrator",Ni–Cu sulfide,Water,Thallium (and its compounds),Emission,Waterbody,kg,,MetalliCan,MetalliCan,1500000.0,,Ore processed,1,ore
QC-MAIN-a97821c0,Underground mining and beneficiation at Raglan,"Underground, concentrator",Ni–Cu sulfide,Water,Zinc (and its compounds),Emission,Waterbody,tonnes,,MetalliCan,MetalliCan,1500000.0,,Ore processed,1,ore
ON-MAIN-f8313ebd,Underground mining and beneficiation at Kidd Creek,"Underground, concentrator",Cu polymetallic,Water,Arsenic (and its compounds),Emission,Waterbody,kg,,MetalliCan,MetalliCan,1340000.0,,Ore processed,1,ore
ON-MAIN-f8313ebd,Underground mining and beneficiation at Kidd Creek,"Underground, concentrator",Cu polymetallic,Water,Cadmium (and its compounds),Emission,Waterbody,kg,,MetalliCan,MetalliCan,1340000.0,,Ore processed,1,ore
ON-MAIN-f8313ebd,Underground mining and beneficiation at Kidd Creek,"Underground, concentrator",Cu polymetallic,Water,Copper (and its compounds),Emission,Waterbody,tonnes,,MetalliCan,MetalliCan,1340000.0,,Ore processed,1,ore
ON-MAIN-f8313ebd,Underground mining and beneficiation at Kidd Creek,"Underground, concentrator",Cu polymetallic,Water,Lead (and its compounds),Emission,Waterbody,kg,,MetalliCan,MetalliCan,1340000.0,,Ore processed,1,ore
ON-MAIN-f8313ebd,Underground mining and beneficiation at Kidd Creek,"Underground, concentrator",Cu polymetallic,Water,Nitrate ion in solution at pH >= 6.0,Emission,Waterbody,tonnes,,MetalliCan,MetalliCan,1340000.0,,Ore processed,1,ore
ON-MAIN-f8313ebd,Underground mining and beneficiation at Kidd Creek,"Underground, concentrator",Cu polymetallic,Water,Selenium (and its compounds),Emission,Waterbody,kg,,MetalliCan,MetalliCan,1340000.0,,Ore processed,1,ore
ON-MAIN-f8313ebd,Underground mining and beneficiation at Kidd Creek,"Underground, concentrator",Cu polymetallic,Water,Zinc (and its compounds),Emission,Waterbody,tonnes,,MetalliCan,MetalliCan,1340000.0,,Ore processed,1,ore
ON-MAIN-3b3e5365,,,,Water,Ammonia (total),Emission,Waterbody,tonnes,,MetalliCan,MetalliCan,,,Ore processed,1,ore
ON-MAIN-fefeaee4,Underground mining and beneficiation at Musselwhite,"Underground, concentrator",Au–Ag free-milling,Water,Ammonia (total),Emission,Waterbody,tonnes,,MetalliCan,MetalliCan,1028000.0,,Ore processed,1,ore
QC-MAIN-6dc537e6,Underground mining and beneficiation at Éléonore,"Underground, concentrator",Au–Ag free-milling,Water,Antimony (and its compounds),Emission,Waterbody,tonnes,,MetalliCan,MetalliCan,1661000.0,,Ore processed,1,ore
ON-MAIN-3b3e5365,,,,Water,Arsenic (and its compounds),Emission,Waterbody,kg,,MetalliCan,MetalliCan,,,Ore processed,1,ore
ON-MAIN-fefeaee4,Underground mining and beneficiation at Musselwhite,"Underground, concentrator",Au–Ag free-milling,Water,Arsenic (and its compounds),Emission,Waterbody,kg,,MetalliCan,MetalliCan,1028000.0,,Ore processed,1,ore
QC-MAIN-6dc537e6,Underground mining and beneficiation at Éléonore,"Underground, concentrator",Au–Ag free-milling,Water,Arsenic (and its compounds),Emission,Waterbody,kg,,MetalliCan,MetalliCan,1661000.0,,Ore processed,1,ore
ON-MAIN-3b3e5365,,,,Water,Cadmium (and its compounds),Emission,Waterbody,kg,,MetalliCan,MetalliCan,,,Ore processed,1,ore
ON-MAIN-fefeaee4,Underground mining and beneficiation at Musselwhite,"Underground, concentrator",Au–Ag free-milling,Water,Cadmium (and its compounds),Emission,Waterbody,kg,,MetalliCan,MetalliCan,1028000.0,,Ore processed,1,ore
QC-MAIN-6dc537e6,Underground mining and beneficiation at Éléonore,"Underground, concentrator",Au–Ag free-milling,Water,Cadmium (and its compounds),Emission,Waterbody,kg,,MetalliCan,MetalliCan,1661000.0,,Ore processed,1,ore
ON-MAIN-3b3e5365,,,,Water,Chromium (and its compounds),Emission,Waterbody,tonnes,,MetalliCan,MetalliCan,,,Ore processed,1,ore
QC-MAIN-6dc537e6,Underground mining and beneficiation at Éléonore,"Underground, concentrator",Au–Ag free-milling,Water,Chromium (and its compounds),Emission,Waterbody,tonnes,,MetalliCan,MetalliCan,1661000.0,,Ore processed,1,ore
ON-MAIN-3b3e5365,,,,Water,Cobalt (and its compounds),Emission,Waterbody,kg,,MetalliCan,MetalliCan,,,Ore processed,1,ore
ON-MAIN-fefeaee4,Underground mining and beneficiation at Musselwhite,"Underground, concentrator",Au–Ag free-milling,Water,Cobalt (and its compounds),Emission,Waterbody,kg,,MetalliCan,MetalliCan,1028000.0,,Ore processed,1,ore
QC-MAIN-6dc537e6,Underground mining and beneficiation at Éléonore,"Underground, concentrator",Au–Ag free-milling,Water,Cobalt (and its compounds),Emission,Waterbody,kg,,MetalliCan,MetalliCan,1661000.0,,Ore processed,1,ore
ON-MAIN-3b3e5365,,,,Water,Copper (and its compounds),Emission,Waterbody,tonnes,,MetalliCan,MetalliCan,,,Ore processed,1,ore
QC-MAIN-6dc537e6,Underground mining and beneficiation at Éléonore,"Underground, concentrator",Au–Ag free-milling,Water,Copper (and its compounds),Emission,Waterbody,tonnes,,MetalliCan,MetalliCan,1661000.0,,Ore processed,1,ore
ON-MAIN-3b3e5365,,,,Water,Cyanides (ionic),Emission,Waterbody,tonnes,,MetalliCan,MetalliCan,,,Ore processed,1,ore
QC-MAIN-6dc537e6,Underground mining and beneficiation at Éléonore,"Underground, concentrator",Au–Ag free-milling,Water,Cyanides (ionic),Emission,Waterbody,tonnes,,MetalliCan,MetalliCan,1661000.0,,Ore processed,1,ore
ON-MAIN-3b3e5365,,,,Water,Lead (and its compounds),Emission,Waterbody,kg,,MetalliCan,MetalliCan,,,Ore processed,1,ore
ON-MAIN-fefeaee4,Underground mining and beneficiation at Musselwhite,"Underground, concentrator",Au–Ag free-milling,Water,Lead (and its compounds),Emission,Waterbody,kg,,MetalliCan,MetalliCan,1028000.0,,Ore processed,1,ore
QC-MAIN-6dc537e6,Underground mining and beneficiation at Éléonore,"Underground, concentrator",Au–Ag free-milling,Water,Lead (and its compounds),Emission,Waterbody,kg,,MetalliCan,MetalliCan,1661000.0,,Ore processed,1,ore
QC-MAIN-6dc537e6,Underground mining and beneficiation at Éléonore,"Underground, concentrator",Au–Ag free-milling,Water,Manganese (and its compounds),Emission,Waterbody,tonnes,,MetalliCan,MetalliCan,1661000.0,,Ore processed,1,ore
ON-MAIN-3b3e5365,,,,Water,Mercury (and its compounds),Emission,Waterbody,tonnes,,MetalliCan,MetalliCan,,,Ore processed,1,ore
ON-MAIN-fefeaee4,Underground mining and beneficiation at Musselwhite,"Underground, concentrator",Au–Ag free-milling,Water,Mercury (and its compounds),Emission,Waterbody,tonnes,,MetalliCan,MetalliCan,1028000.0,,Ore processed,1,ore
QC-MAIN-6dc537e6,Underground mining and beneficiation at Éléonore,"Underground, concentrator",Au–Ag free-milling,Water,Mercury (and its compounds),Emission,Waterbody,tonnes,,MetalliCan,MetalliCan,1661000.0,,Ore processed,1,ore
ON-MAIN-3b3e5365,,,,Water,Nickel (and its compounds),Emission,Waterbody,tonnes,,MetalliCan,MetalliCan,,,Ore processed,1,ore
QC-MAIN-6dc537e6,Underground mining and beneficiation at Éléonore,"Underground, concentrator",Au–Ag free-milling,Water,Nickel (and its compounds),Emission,Waterbody,tonnes,,MetalliCan,MetalliCan,1661000.0,,Ore processed,1,ore
ON-MAIN-fefeaee4,Underground mining and beneficiation at Musselwhite,"Underground, concentrator",Au–Ag free-milling,Water,Nitrate ion in solution at pH >= 6.0,Emission,Waterbody,tonnes,,MetalliCan,MetalliCan,1028000.0,,Ore processed,1,ore
QC-MAIN-6dc537e6,Underground mining and beneficiation at Éléonore,"Underground, concentrator",Au–Ag free-milling,Water,Nitrate ion in solution at pH >= 6.0,Emission,Waterbody,tonnes,,MetalliCan,MetalliCan,1661000.0,,Ore processed,1,ore
ON-MAIN-3b3e5365,,,,Water,Selenium (and its compounds),Emission,Waterbody,kg,,MetalliCan,MetalliCan,,,Ore processed,1,ore
ON-MAIN-fefeaee4,Underground mining and beneficiation at Musselwhite,"Underground, concentrator",Au–Ag free-milling,Water,Selenium (and its compounds),Emission,Waterbody,kg,,MetalliCan,MetalliCan,1028000.0,,Ore processed,1,ore
QC-MAIN-6dc537e6,Underground mining and beneficiation at Éléonore,"Underground, concentrator",Au–Ag free-milling,Water,Selenium (and its compounds),Emission,Waterbody,kg,,MetalliCan,MetalliCan,1661000.0,,Ore processed,1,ore
ON-MAIN-3b3e5365,,,,Water,Thallium (and its compounds),Emission,Waterbody,kg,,MetalliCan,MetalliCan,,,Ore processed,1,ore
ON-MAIN-fefeaee4,Underground mining and beneficiation at Musselwhite,"Underground, concentrator",Au–Ag free-milling,Water,Thallium (and its compounds),Emission,Waterbody,kg,,MetalliCan,MetalliCan,1028000.0,,Ore processed,1,ore
QC-MAIN-6dc537e6,Underground mining and beneficiation at Éléonore,"Underground, concentrator",Au–Ag free-milling,Water,Thallium (and its compounds),Emission,Waterbody,kg,,MetalliCan,MetalliCan,1661000.0,,Ore processed,1,ore
ON-MAIN-3b3e5365,,,,Water,Vanadium (and its compounds),Emission,Waterbody,tonnes,,MetalliCan,MetalliCan,,,Ore processed,1,ore
QC-MAIN-6dc537e6,Underground mining and beneficiation at Éléonore,"Underground, concentrator",Au–Ag free-milling,Water,Vanadium (and its compounds),Emission,Waterbody,tonnes,,MetalliCan,MetalliCan,1661000.0,,Ore processed,1,ore
ON-MAIN-3b3e5365,,,,Water,Zinc (and its compounds),Emission,Waterbody,tonnes,,MetalliCan,MetalliCan,,,Ore processed,1,ore
QC-MAIN-6dc537e6,Underground mining and beneficiation at Éléonore,"Underground, concentrator",Au–Ag free-milling,Water,Zinc (and its compounds),Emission,Waterbody,tonnes,,MetalliCan,MetalliCan,1661000.0,,Ore processed,1,ore
QC-MAIN-b86f7d07,Open-pit and underground mining and beneficiation at Casa Berardi,"Open-pit, underground, concentrator",Au–Ag free-milling,Water,Ammonia (total),Emission,Waterbody,tonnes,,MetalliCan,MetalliCan,1361450.0,,Ore processed,1,ore
QC-MAIN-b86f7d07,Open-pit and underground mining and beneficiation at Casa Berardi,"Open-pit, underground, concentrator",Au–Ag free-milling,Water,Arsenic (and its compounds),Emission,Waterbody,kg,,MetalliCan,MetalliCan,1361450.0,,Ore processed,1,ore
QC-MAIN-b86f7d07,Open-pit and underground mining and beneficiation at Casa Berardi,"Open-pit, underground, concentrator",Au–Ag free-milling,Water,Cadmium (and its compounds),Emission,Waterbody,kg,,MetalliCan,MetalliCan,1361450.0,,Ore processed,1,ore
QC-MAIN-b86f7d07,Open-pit and underground mining and beneficiation at Casa Berardi,"Open-pit, underground, concentrator",Au–Ag free-milling,Water,Chromium (and its compounds),Emission,Waterbody,tonnes,,MetalliCan,MetalliCan,1361450.0,,Ore processed,1,ore
QC-MAIN-b86f7d07,Open-pit and underground mining and beneficiation at Casa Berardi,"Open-pit, underground, concentrator",Au–Ag free-milling,Water,Cobalt (and its compounds),Emission,Waterbody,kg,,MetalliCan,MetalliCan,1361450.0,,Ore processed,1,ore
QC-MAIN-b86f7d07,Open-pit and underground mining and beneficiation at Casa Berardi,"Open-pit, underground, concentrator",Au–Ag free-milling,Water,Copper (and its compounds),Emission,Waterbody,tonnes,,MetalliCan,MetalliCan,1361450.0,,Ore processed,1,ore
QC-MAIN-b86f7d07,Open-pit and underground mining and beneficiation at Casa Berardi,"Open-pit, underground, concentrator",Au–Ag free-milling,Water,Lead (and its compounds),Emission,Waterbody,kg,,MetalliCan,MetalliCan,1361450.0,,Ore processed,1,ore
QC-MAIN-b86f7d07,Open-pit and underground mining and beneficiation at Casa Berardi,"Open-pit, underground, concentrator",Au–Ag free-milling,Water,Manganese (and its compounds),Emission,Waterbody,tonnes,,MetalliCan,MetalliCan,1361450.0,,Ore processed,1,ore
QC-MAIN-b86f7d07,Open-pit and underground mining and beneficiation at Casa Berardi,"Open-pit, underground, concentrator",Au–Ag free-milling,Water,Mercury (and its compounds),Emission,Waterbody,tonnes,,MetalliCan,MetalliCan,1361450.0,,Ore processed,1,ore
QC-MAIN-b86f7d07,Open-pit and underground mining and beneficiation at Casa Berardi,"Open-pit, underground, concentrator",Au–Ag free-milling,Water,Nickel (and its compounds),Emission,Waterbody,tonnes,,MetalliCan,MetalliCan,1361450.0,,Ore processed,1,ore
QC-MAIN-b86f7d07,Open-pit and underground mining and beneficiation at Casa Berardi,"Open-pit, underground, concentrator",Au–Ag free-milling,Water,Nitrate ion in solution at pH >= 6.0,Emission,Waterbody,tonnes,,MetalliCan,MetalliCan,1361450.0,,Ore processed,1,ore
QC-MAIN-b86f7d07,Open-pit and underground mining and beneficiation at Casa Berardi,"Open-pit, underground, concentrator",Au–Ag free-milling,Water,Selenium (and its compounds),Emission,Waterbody,kg,,MetalliCan,MetalliCan,1361450.0,,Ore processed,1,ore
QC-MAIN-b86f7d07,Open-pit and underground mining and beneficiation at Casa Berardi,"Open-pit, underground, concentrator",Au–Ag free-milling,Water,Zinc (and its compounds),Emission,Waterbody,tonnes,,MetalliCan,MetalliCan,1361450.0,,Ore processed,1,ore
BC-MAIN-3f490561,Open-pit mining and beneficiation at Mount Polley,"Open-pit, concentrator",Cu Porphyry,Water,Antimony (and its compounds),Emission,Waterbody,tonnes,,MetalliCan,MetalliCan,5948239.0,,Ore processed,1,ore
BC-MAIN-3f490561,Open-pit mining and beneficiation at Mount Polley,"Open-pit, concentrator",Cu Porphyry,Water,Arsenic (and its compounds),Emission,Waterbody,kg,,MetalliCan,MetalliCan,5948239.0,,Ore processed,1,ore
BC-MAIN-3f490561,Open-pit mining and beneficiation at Mount Polley,"Open-pit, concentrator",Cu Porphyry,Water,Cadmium (and its compounds),Emission,Waterbody,kg,,MetalliCan,MetalliCan,5948239.0,,Ore processed,1,ore
BC-MAIN-3f490561,Open-pit mining and beneficiation at Mount Polley,"Open-pit, concentrator",Cu Porphyry,Water,Cobalt (and its compounds),Emission,Waterbody,kg,,MetalliCan,MetalliCan,5948239.0,,Ore processed,1,ore
BC-MAIN-3f490561,Open-pit mining and beneficiation at Mount Polley,"Open-pit, concentrator",Cu Porphyry,Water,Copper (and its compounds),Emission,Waterbody,tonnes,,MetalliCan,MetalliCan,5948239.0,,Ore processed,1,ore
BC-MAIN-3f490561,Open-pit mining and beneficiation at Mount Polley,"Open-pit, concentrator",Cu Porphyry,Water,Lead (and its compounds),Emission,Waterbody,kg,,MetalliCan,MetalliCan,5948239.0,,Ore processed,1,ore
BC-MAIN-3f490561,Open-pit mining and beneficiation at Mount Polley,"Open-pit, concentrator",Cu Porphyry,Water,Manganese (and its compounds),Emission,Waterbody,tonnes,,MetalliCan,MetalliCan,5948239.0,,Ore processed,1,ore
BC-MAIN-3f490561,Open-pit mining and beneficiation at Mount Polley,"Open-pit, concentrator",Cu Porphyry,Water,Nickel (and its compounds),Emission,Waterbody,tonnes,,MetalliCan,MetalliCan,5948239.0,,Ore processed,1,ore
BC-MAIN-3f490561,Open-pit mining and beneficiation at Mount Polley,"Open-pit, concentrator",Cu Porphyry,Water,Nitrate ion in solution at pH >= 6.0,Emission,Waterbody,tonnes,,MetalliCan,MetalliCan,5948239.0,,Ore processed,1,ore
BC-MAIN-3f490561,Open-pit mining and beneficiation at Mount Polley,"Open-pit, concentrator",Cu Porphyry,Water,Phosphorus (total),Emission,Waterbody,tonnes,,MetalliCan,MetalliCan,5948239.0,,Ore processed,1,ore
BC-MAIN-3f490561,Open-pit mining and beneficiation at Mount Polley,"Open-pit, concentrator",Cu Porphyry,Water,Selenium (and its compounds),Emission,Waterbody,kg,,MetalliCan,MetalliCan,5948239.0,,Ore processed,1,ore
BC-MAIN-3f490561,Open-pit mining and beneficiation at Mount Polley,"Open-pit, concentrator",Cu Porphyry,Water,Vanadium (and its compounds),Emission,Waterbody,tonnes,,MetalliCan,MetalliCan,5948239.0,,Ore processed,1,ore
BC-MAIN-3f490561,Open-pit mining and beneficiation at Mount Polley,"Open-pit, concentrator",Cu Porphyry,Water,Zinc (and its compounds),Emission,Waterbody,tonnes,,MetalliCan,MetalliCan,5948239.0,,Ore processed,1,ore
NL-MAIN-dd723db4,Open-pit mining and beneficiation at Carol Lake,"Open-pit, concentrator",Fe concentrator + pellet plant,Water,Ammonia (total),Emission,Waterbody,tonnes,,MetalliCan,MetalliCan,16478000.0,,Ore processed,1,ore
NL-MAIN-dd723db4,Open-pit mining and beneficiation at Carol Lake,"Open-pit, concentrator",Fe concentrator + pellet plant,Water,Arsenic (and its compounds),Emission,Waterbody,kg,,MetalliCan,MetalliCan,16478000.0,,Ore processed,1,ore
NL-MAIN-dd723db4,Open-pit mining and beneficiation at Carol Lake,"Open-pit, concentrator",Fe concentrator + pellet plant,Water,Cadmium (and its compounds),Emission,Waterbody,kg,,MetalliCan,MetalliCan,16478000.0,,Ore processed,1,ore
NL-MAIN-dd723db4,Open-pit mining and beneficiation at Carol Lake,"Open-pit, concentrator",Fe concentrator + pellet plant,Water,Chromium (and its compounds),Emission,Waterbody,tonnes,,MetalliCan,MetalliCan,16478000.0,,Ore processed,1,ore
NL-MAIN-dd723db4,Open-pit mining and beneficiation at Carol Lake,"Open-pit, concentrator",Fe concentrator + pellet plant,Water,Cobalt (and its compounds),Emission,Waterbody,kg,,MetalliCan,MetalliCan,16478000.0,,Ore processed,1,ore
NL-MAIN-dd723db4,Open-pit mining and beneficiation at Carol Lake,"Open-pit, concentrator",Fe concentrator + pellet plant,Water,Copper (and its compounds),Emission,Waterbody,tonnes,,MetalliCan,MetalliCan,16478000.0,,Ore processed,1,ore
NL-MAIN-dd723db4,Open-pit mining and beneficiation at Carol Lake,"Open-pit, concentrator",Fe concentrator + pellet plant,Water,Lead (and its compounds),Emission,Waterbody,kg,,MetalliCan,MetalliCan,16478000.0,,Ore processed,1,ore
NL-MAIN-dd723db4,Open-pit mining and beneficiation at Carol Lake,"Open-pit, concentrator",Fe concentrator + pellet plant,Water,Manganese (and its compounds),Emission,Waterbody,tonnes,,MetalliCan,MetalliCan,16478000.0,,Ore processed,1,ore
NL-MAIN-dd723db4,Open-pit mining and beneficiation at Carol Lake,"Open-pit, concentrator",Fe concentrator + pellet plant,Water,Nitrate ion in solution at pH >= 6.0,Emission,Waterbody,tonnes,,MetalliCan,MetalliCan,16478000.0,,Ore processed,1,ore
NL-MAIN-dd723db4,Open-pit mining and beneficiation at Carol Lake,"Open-pit, concentrator",Fe concentrator + pellet plant,Water,Phosphorus (total),Emission,Waterbody,tonnes,,MetalliCan,MetalliCan,16478000.0,,Ore processed,1,ore
NL-MAIN-dd723db4,Open-pit mining and beneficiation at Carol Lake,"Open-pit, concentrator",Fe concentrator + pellet plant,Water,Thallium (and its compounds),Emission,Waterbody,kg,,MetalliCan,MetalliCan,16478000.0,,Ore processed,1,ore
NL-MAIN-dd723db4,Open-pit mining and beneficiation at Carol Lake,"Open-pit, concentrator",Fe concentrator + pellet plant,Water,Zinc (and its compounds),Emission,Waterbody,tonnes,,MetalliCan,MetalliCan,16478000.0,,Ore processed,1,ore
ON-MAIN-aeafbb59,Open-pit mining and beneficiation at Detour Lake,"Open-pit, concentrator",Au–Ag free-milling,Water,Arsenic (and its compounds),Emission,Waterbody,kg,,MetalliCan,MetalliCan,25434853.5024164,,Ore processed,1,ore
ON-MAIN-aeafbb59,Open-pit mining and beneficiation at Detour Lake,"Open-pit, concentrator",Au–Ag free-milling,Water,Copper (and its compounds),Emission,Waterbody,tonnes,,MetalliCan,MetalliCan,25434853.5024164,,Ore processed,1,ore
ON-MAIN-aeafbb59,Open-pit mining and beneficiation at Detour Lake,"Open-pit, concentrator",Au–Ag free-milling,Water,Lead (and its compounds),Emission,Waterbody,kg,,MetalliCan,MetalliCan,25434853.5024164,,Ore processed,1,ore
ON-MAIN-aeafbb59,Open-pit mining and beneficiation at Detour Lake,"Open-pit, concentrator",Au–Ag free-milling,Water,Nickel (and its compounds),Emission,Waterbody,tonnes,,MetalliCan,MetalliCan,25434853.5024164,,Ore processed,1,ore
ON-MAIN-aeafbb59,Open-pit mining and beneficiation at Detour Lake,"Open-pit, concentrator",Au–Ag free-milling,Water,Zinc (and its compounds),Emission,Waterbody,tonnes,,MetalliCan,MetalliCan,25434853.5024164,,Ore processed,1,ore
QC-MAIN-e51eda66,Underground mining and beneficiation at LaRonde,"Underground, concentrator",Au–Ag polymetallic,Water,Ammonia (total),Emission,Waterbody,tonnes,,MetalliCan,MetalliCan,1501500.0,,Ore processed,1,ore
QC-MAIN-e51eda66,Underground mining and beneficiation at LaRonde,"Underground, concentrator",Au–Ag polymetallic,Water,Arsenic (and its compounds),Emission,Waterbody,kg,,MetalliCan,MetalliCan,1501500.0,,Ore processed,1,ore
QC-MAIN-e51eda66,Underground mining and beneficiation at LaRonde,"Underground, concentrator",Au–Ag polymetallic,Water,Cadmium (and its compounds),Emission,Waterbody,kg,,MetalliCan,MetalliCan,1501500.0,,Ore processed,1,ore
QC-MAIN-e51eda66,Underground mining and beneficiation at LaRonde,"Underground, concentrator",Au–Ag polymetallic,Water,Chromium (and its compounds),Emission,Waterbody,tonnes,,MetalliCan,MetalliCan,1501500.0,,Ore processed,1,ore
QC-MAIN-e51eda66,Underground mining and beneficiation at LaRonde,"Underground, concentrator",Au–Ag polymetallic,Water,Cobalt (and its compounds),Emission,Waterbody,kg,,MetalliCan,MetalliCan,1501500.0,,Ore processed,1,ore
QC-MAIN-e51eda66,Underground mining and beneficiation at LaRonde,"Underground, concentrator",Au–Ag polymetallic,Water,Copper (and its compounds),Emission,Waterbody,tonnes,,MetalliCan,MetalliCan,1501500.0,,Ore processed,1,ore
QC-MAIN-e51eda66,Underground mining and beneficiation at LaRonde,"Underground, concentrator",Au–Ag polymetallic,Water,Cyanides (ionic),Emission,Waterbody,tonnes,,MetalliCan,MetalliCan,1501500.0,,Ore processed,1,ore
QC-MAIN-e51eda66,Underground mining and beneficiation at LaRonde,"Underground, concentrator",Au–Ag polymetallic,Water,Lead (and its compounds),Emission,Waterbody,kg,,MetalliCan,MetalliCan,1501500.0,,Ore processed,1,ore
QC-MAIN-e51eda66,Underground mining and beneficiation at LaRonde,"Underground, concentrator",Au–Ag polymetallic,Water,Manganese (and its compounds),Emission,Waterbody,tonnes,,MetalliCan,MetalliCan,1501500.0,,Ore processed,1,ore
QC-MAIN-e51eda66,Underground mining and beneficiation at LaRonde,"Underground, concentrator",Au–Ag polymetallic,Water,Mercury (and its compounds),Emission,Waterbody,tonnes,,MetalliCan,MetalliCan,1501500.0,,Ore processed,1,ore
QC-MAIN-e51eda66,Underground mining and beneficiation at LaRonde,"Underground, concentrator",Au–Ag polymetallic,Water,Nickel (and its compounds),Emission,Waterbody,tonnes,,MetalliCan,MetalliCan,1501500.0,,Ore processed,1,ore
QC-MAIN-e51eda66,Underground mining and beneficiation at LaRonde,"Underground, concentrator",Au–Ag polymetallic,Water,Nitrate ion in solution at pH >= 6.0,Emission,Waterbody,tonnes,,MetalliCan,MetalliCan,1501500.0,,Ore processed,1,ore
QC-MAIN-e51eda66,Underground mining and beneficiation at LaRonde,"Underground, concentrator",Au–Ag polymetallic,Water,Selenium (and its compounds),Emission,Waterbody,kg,,MetalliCan,MetalliCan,1501500.0,,Ore processed,1,ore
QC-MAIN-e51eda66,Underground mining and beneficiation at LaRonde,"Underground, concentrator",Au–Ag polymetallic,Water,Zinc (and its compounds),Emission,Waterbody,tonnes,,MetalliCan,MetalliCan,1501500.0,,Ore processed,1,ore
QC-MAIN-a555d9b9,Underground mining and beneficiation at Niobec,"Underground, concentrator",Nb mine,Water,Ammonia (total),Emission,Waterbody,tonnes,,MetalliCan,MetalliCan,2200000.0,,Ore processed,1,ore
QC-MAIN-a555d9b9,Underground mining and beneficiation at Niobec,"Underground, concentrator",Nb mine,Water,Arsenic (and its compounds),Emission,Waterbody,kg,,MetalliCan,MetalliCan,2200000.0,,Ore processed,1,ore
QC-MAIN-a555d9b9,Underground mining and beneficiation at Niobec,"Underground, concentrator",Nb mine,Water,Cadmium (and its compounds),Emission,Waterbody,kg,,MetalliCan,MetalliCan,2200000.0,,Ore processed,1,ore
QC-MAIN-a555d9b9,Underground mining and beneficiation at Niobec,"Underground, concentrator",Nb mine,Water,Chromium (and its compounds),Emission,Waterbody,tonnes,,MetalliCan,MetalliCan,2200000.0,,Ore processed,1,ore
QC-MAIN-a555d9b9,Underground mining and beneficiation at Niobec,"Underground, concentrator",Nb mine,Water,Cobalt (and its compounds),Emission,Waterbody,kg,,MetalliCan,MetalliCan,2200000.0,,Ore processed,1,ore
QC-MAIN-a555d9b9,Underground mining and beneficiation at Niobec,"Underground, concentrator",Nb mine,Water,Copper (and its compounds),Emission,Waterbody,tonnes,,MetalliCan,MetalliCan,2200000.0,,Ore processed,1,ore
QC-MAIN-a555d9b9,Underground mining and beneficiation at Niobec,"Underground, concentrator",Nb mine,Water,Fluorine,Emission,Waterbody,tonnes,,MetalliCan,MetalliCan,2200000.0,,Ore processed,1,ore
QC-MAIN-a555d9b9,Underground mining and beneficiation at Niobec,"Underground, concentrator",Nb mine,Water,Lead (and its compounds),Emission,Waterbody,kg,,MetalliCan,MetalliCan,2200000.0,,Ore processed,1,ore
QC-MAIN-a555d9b9,Underground mining and beneficiation at Niobec,"Underground, concentrator",Nb mine,Water,Manganese (and its compounds),Emission,Waterbody,tonnes,,MetalliCan,MetalliCan,2200000.0,,Ore processed,1,ore
QC-MAIN-a555d9b9,Underground mining and beneficiation at Niobec,"Underground, concentrator",Nb mine,Water,Nitrate ion in solution at pH >= 6.0,Emission,Waterbody,tonnes,,MetalliCan,MetalliCan,2200000.0,,Ore processed,1,ore
QC-MAIN-a555d9b9,Underground mining and beneficiation at Niobec,"Underground, concentrator",Nb mine,Water,Phosphorus (total),Emission,Waterbody,tonnes,,MetalliCan,MetalliCan,2200000.0,,Ore processed,1,ore
QC-MAIN-a555d9b9,Underground mining and beneficiation at Niobec,"Underground, concentrator",Nb mine,Water,Selenium (and its compounds),Emission,Waterbody,kg,,MetalliCan,MetalliCan,2200000.0,,Ore processed,1,ore
QC-MAIN-a555d9b9,Underground mining and beneficiation at Niobec,"Underground, concentrator",Nb mine,Water,Zinc (and its compounds),Emission,Waterbody,tonnes,,MetalliCan,MetalliCan,2200000.0,,Ore processed,1,ore
ON-MAIN-4e0734b5,Open-pit and underground mining and beneficiation at Fox Complex,"Open-pit, underground, concentrator",Au–Ag free-milling,Water,Arsenic (and its compounds),Emission,Waterbody,kg,,MetalliCan,MetalliCan,457000.0,,Ore processed,1,ore
ON-MAIN-4e0734b5,Open-pit and underground mining and beneficiation at Fox Complex,"Open-pit, underground, concentrator",Au–Ag free-milling,Water,Cadmium (and its compounds),Emission,Waterbody,kg,,MetalliCan,MetalliCan,457000.0,,Ore processed,1,ore
ON-MAIN-4e0734b5,Open-pit and underground mining and beneficiation at Fox Complex,"Open-pit, underground, concentrator",Au–Ag free-milling,Water,Chromium (and its compounds),Emission,Waterbody,tonnes,,MetalliCan,MetalliCan,457000.0,,Ore processed,1,ore
ON-MAIN-4e0734b5,Open-pit and underground mining and beneficiation at Fox Complex,"Open-pit, underground, concentrator",Au–Ag free-milling,Water,Cobalt (and its compounds),Emission,Waterbody,kg,,MetalliCan,MetalliCan,457000.0,,Ore processed,1,ore
ON-MAIN-4e0734b5,Open-pit and underground mining and beneficiation at Fox Complex,"Open-pit, underground, concentrator",Au–Ag free-milling,Water,Copper (and its compounds),Emission,Waterbody,tonnes,,MetalliCan,MetalliCan,457000.0,,Ore processed,1,ore
ON-MAIN-4e0734b5,Open-pit and underground mining and beneficiation at Fox Complex,"Open-pit, underground, concentrator",Au–Ag free-milling,Water,Lead (and its compounds),Emission,Waterbody,kg,,MetalliCan,MetalliCan,457000.0,,Ore processed,1,ore
ON-MAIN-4e0734b5,Open-pit and underground mining and beneficiation at Fox Complex,"Open-pit, underground, concentrator",Au–Ag free-milling,Water,Nickel (and its compounds),Emission,Waterbody,tonnes,,MetalliCan,MetalliCan,457000.0,,Ore processed,1,ore
ON-MAIN-4e0734b5,Open-pit and underground mining and beneficiation at Fox Complex,"Open-pit, underground, concentrator",Au–Ag free-milling,Water,Nitrate ion in solution at pH >= 6.0,Emission,Waterbody,tonnes,,MetalliCan,MetalliCan,457000.0,,Ore processed,1,ore
ON-MAIN-4e0734b5,Open-pit and underground mining and beneficiation at Fox Complex,"Open-pit, underground, concentrator",Au–Ag free-milling,Water,Vanadium (and its compounds),Emission,Waterbody,tonnes,,MetalliCan,MetalliCan,457000.0,,Ore processed,1,ore
ON-MAIN-4e0734b5,Open-pit and underground mining and beneficiation at Fox Complex,"Open-pit, underground, concentrator",Au–Ag free-milling,Water,Zinc (and its compounds),Emission,Waterbody,tonnes,,MetalliCan,MetalliCan,457000.0,,Ore processed,1,ore
QC-MAIN-089f3c60,Open-pit mining at Bloom Lake,Open-pit,Magnetite concentrator,Water,Arsenic (and its compounds),Emission,Waterbody,kg,,MetalliCan,MetalliCan,11187000.0,,Ore processed,1,ore
QC-MAIN-089f3c60,Open-pit mining at Bloom Lake,Open-pit,Magnetite concentrator,Water,Cadmium (and its compounds),Emission,Waterbody,kg,,MetalliCan,MetalliCan,11187000.0,,Ore processed,1,ore
QC-MAIN-089f3c60,Open-pit mining at Bloom Lake,Open-pit,Magnetite concentrator,Water,Chromium (and its compounds),Emission,Waterbody,tonnes,,MetalliCan,MetalliCan,11187000.0,,Ore processed,1,ore
QC-MAIN-089f3c60,Open-pit mining at Bloom Lake,Open-pit,Magnetite concentrator,Water,Cobalt (and its compounds),Emission,Waterbody,kg,,MetalliCan,MetalliCan,11187000.0,,Ore processed,1,ore
QC-MAIN-089f3c60,Open-pit mining at Bloom Lake,Open-pit,Magnetite concentrator,Water,Copper (and its compounds),Emission,Waterbody,tonnes,,MetalliCan,MetalliCan,11187000.0,,Ore processed,1,ore
QC-MAIN-089f3c60,Open-pit mining at Bloom Lake,Open-pit,Magnetite concentrator,Water,Lead (and its compounds),Emission,Waterbody,kg,,MetalliCan,MetalliCan,11187000.0,,Ore processed,1,ore
QC-MAIN-089f3c60,Open-pit mining at Bloom Lake,Open-pit,Magnetite concentrator,Water,Manganese (and its compounds),Emission,Waterbody,tonnes,,MetalliCan,MetalliCan,11187000.0,,Ore processed,1,ore
QC-MAIN-089f3c60,Open-pit mining at Bloom Lake,Open-pit,Magnetite concentrator,Water,Mercury (and its compounds),Emission,Waterbody,tonnes,,MetalliCan,MetalliCan,11187000.0,,Ore processed,1,ore
QC-MAIN-089f3c60,Open-pit mining at Bloom Lake,Open-pit,Magnetite concentrator,Water,Nickel (and its compounds),Emission,Waterbody,tonnes,,MetalliCan,MetalliCan,11187000.0,,Ore processed,1,ore
QC-MAIN-089f3c60,Open-pit mining at Bloom Lake,Open-pit,Magnetite concentrator,Water,Selenium (and its compounds),Emission,Waterbody,kg,,MetalliCan,MetalliCan,11187000.0,,Ore processed,1,ore
QC-MAIN-089f3c60,Open-pit mining at Bloom Lake,Open-pit,Magnetite concentrator,Water,Thallium (and its compounds),Emission,Waterbody,kg,,MetalliCan,MetalliCan,11187000.0,,Ore processed,1,ore
QC-MAIN-089f3c60,Open-pit mining at Bloom Lake,Open-pit,Magnetite concentrator,Water,Zinc (and its compounds),Emission,Waterbody,tonnes,,MetalliCan,MetalliCan,11187000.0,,Ore processed,1,ore
BC-MAIN-23155c25,,,,Water,Ammonia (total),Emission,Waterbody,tonnes,,MetalliCan,MetalliCan,,,Ore processed,1,ore
BC-MAIN-23155c25,,,,Water,Antimony (and its compounds),Emission,Waterbody,tonnes,,MetalliCan,MetalliCan,,,Ore processed,1,ore
BC-MAIN-23155c25,,,,Water,Arsenic (and its compounds),Emission,Waterbody,kg,,MetalliCan,MetalliCan,,,Ore processed,1,ore
BC-MAIN-23155c25,,,,Water,Cadmium (and its compounds),Emission,Waterbody,kg,,MetalliCan,MetalliCan,,,Ore processed,1,ore
BC-MAIN-23155c25,,,,Water,Chromium (and its compounds),Emission,Waterbody,tonnes,,MetalliCan,MetalliCan,,,Ore processed,1,ore
BC-MAIN-23155c25,,,,Water,Cobalt (and its compounds),Emission,Waterbody,kg,,MetalliCan,MetalliCan,,,Ore processed,1,ore
BC-MAIN-23155c25,,,,Water,Copper (and its compounds),Emission,Waterbody,tonnes,,MetalliCan,MetalliCan,,,Ore processed,1,ore
BC-MAIN-23155c25,,,,Water,Lead (and its compounds),Emission,Waterbody,kg,,MetalliCan,MetalliCan,,,Ore processed,1,ore
BC-MAIN-23155c25,,,,Water,Manganese (and its compounds),Emission,Waterbody,tonnes,,MetalliCan,MetalliCan,,,Ore processed,1,ore
BC-MAIN-23155c25,,,,Water,Mercury (and its compounds),Emission,Waterbody,tonnes,,MetalliCan,MetalliCan,,,Ore processed,1,ore
BC-MAIN-23155c25,,,,Water,Nickel (and its compounds),Emission,Waterbody,tonnes,,MetalliCan,MetalliCan,,,Ore processed,1,ore
BC-MAIN-23155c25,,,,Water,Nitrate ion in solution at pH >= 6.0,Emission,Waterbody,tonnes,,MetalliCan,MetalliCan,,,Ore processed,1,ore
BC-MAIN-23155c25,,,,Water,Phosphorus (total),Emission,Waterbody,tonnes,,MetalliCan,MetalliCan,,,Ore processed,1,ore
BC-MAIN-23155c25,,,,Water,Selenium (and its compounds),Emission,Waterbody,kg,,MetalliCan,MetalliCan,,,Ore processed,1,ore
BC-MAIN-23155c25,,,,Water,Silver (and its compounds),Emission,Waterbody,tonnes,,MetalliCan,MetalliCan,,,Ore processed,1,ore
BC-MAIN-23155c25,,,,Water,Thallium (and its compounds),Emission,Waterbody,kg,,MetalliCan,MetalliCan,,,Ore processed,1,ore
BC-MAIN-23155c25,,,,Water,Vanadium (and its compounds),Emission,Waterbody,tonnes,,MetalliCan,MetalliCan,,,Ore processed,1,ore
BC-MAIN-23155c25,,,,Water,Zinc (and its compounds),Emission,Waterbody,tonnes,,MetalliCan,MetalliCan,,,Ore processed,1,ore
QC-MAIN-dc1a16f9,,,,Water,Arsenic (and its compounds),Emission,Waterbody,kg,,MetalliCan,MetalliCan,,,Ore processed,1,ore
QC-MAIN-dc1a16f9,,,,Water,Lead (and its compounds),Emission,Waterbody,kg,,MetalliCan,MetalliCan,,,Ore processed,1,ore
ON-MAIN-8825d90d,Open-pit mining and beneficiation at Magino,"Open-pit, concentrator",Au–Ag free-milling,Water,Arsenic (and its compounds),Emission,Waterbody,kg,,MetalliCan,MetalliCan,1165551.0,,Ore processed,1,ore
ON-MAIN-8825d90d,Open-pit mining and beneficiation at Magino,"Open-pit, concentrator",Au–Ag free-milling,Water,Chromium (and its compounds),Emission,Waterbody,tonnes,,MetalliCan,MetalliCan,1165551.0,,Ore processed,1,ore
ON-MAIN-8825d90d,Open-pit mining and beneficiation at Magino,"Open-pit, concentrator",Au–Ag free-milling,Water,Cobalt (and its compounds),Emission,Waterbody,kg,,MetalliCan,MetalliCan,1165551.0,,Ore processed,1,ore
ON-MAIN-8825d90d,Open-pit mining and beneficiation at Magino,"Open-pit, concentrator",Au–Ag free-milling,Water,Copper (and its compounds),Emission,Waterbody,tonnes,,MetalliCan,MetalliCan,1165551.0,,Ore processed,1,ore
ON-MAIN-8825d90d,Open-pit mining and beneficiation at Magino,"Open-pit, concentrator",Au–Ag free-milling,Water,Cyanides (ionic),Emission,Waterbody,tonnes,,MetalliCan,MetalliCan,1165551.0,,Ore processed,1,ore
ON-MAIN-8825d90d,Open-pit mining and beneficiation at Magino,"Open-pit, concentrator",Au–Ag free-milling,Water,Lead (and its compounds),Emission,Waterbody,kg,,MetalliCan,MetalliCan,1165551.0,,Ore processed,1,ore
ON-MAIN-8825d90d,Open-pit mining and beneficiation at Magino,"Open-pit, concentrator",Au–Ag free-milling,Water,Manganese (and its compounds),Emission,Waterbody,tonnes,,MetalliCan,MetalliCan,1165551.0,,Ore processed,1,ore
ON-MAIN-8825d90d,Open-pit mining and beneficiation at Magino,"Open-pit, concentrator",Au–Ag free-milling,Water,Mercury (and its compounds),Emission,Waterbody,tonnes,,MetalliCan,MetalliCan,1165551.0,,Ore processed,1,ore
ON-MAIN-8825d90d,Open-pit mining and beneficiation at Magino,"Open-pit, concentrator",Au–Ag free-milling,Water,Nickel (and its compounds),Emission,Waterbody,tonnes,,MetalliCan,MetalliCan,1165551.0,,Ore processed,1,ore
ON-MAIN-8825d90d,Open-pit mining and beneficiation at Magino,"Open-pit, concentrator",Au–Ag free-milling,Water,Phosphorus (total),Emission,Waterbody,tonnes,,MetalliCan,MetalliCan,1165551.0,,Ore processed,1,ore
ON-MAIN-8825d90d,Open-pit mining and beneficiation at Magino,"Open-pit, concentrator",Au–Ag free-milling,Water,Selenium (and its compounds),Emission,Waterbody,kg,,MetalliCan,MetalliCan,1165551.0,,Ore processed,1,ore
ON-MAIN-8825d90d,Open-pit mining and beneficiation at Magino,"Open-pit, concentrator",Au–Ag free-milling,Water,Thallium (and its compounds),Emission,Waterbody,kg,,MetalliCan,MetalliCan,1165551.0,,Ore processed,1,ore
ON-MAIN-8825d90d,Open-pit mining and beneficiation at Magino,"Open-pit, concentrator",Au–Ag free-milling,Water,Vanadium (and its compounds),Emission,Waterbody,tonnes,,MetalliCan,MetalliCan,1165551.0,,Ore processed,1,ore
ON-MAIN-8825d90d,Open-pit mining and beneficiation at Magino,"Open-pit, concentrator",Au–Ag free-milling,Water,Zinc (and its compounds),Emission,Waterbody,tonnes,,MetalliCan,MetalliCan,1165551.0,,Ore processed,1,ore
NL-MAIN-842ba1b4,,,,Water,Ammonia (total),Emission,Waterbody,tonnes,,MetalliCan,MetalliCan,,,Ore processed,1,ore
NL-MAIN-842ba1b4,,,,Water,Arsenic (and its compounds),Emission,Waterbody,kg,,MetalliCan,MetalliCan,,,Ore processed,1,ore
NL-MAIN-842ba1b4,,,,Water,Copper (and its compounds),Emission,Waterbody,tonnes,,MetalliCan,MetalliCan,,,Ore processed,1,ore
NL-MAIN-842ba1b4,,,,Water,Lead (and its compounds),Emission,Waterbody,kg,,MetalliCan,MetalliCan,,,Ore processed,1,ore
NL-MAIN-842ba1b4,,,,Water,Zinc (and its compounds),Emission,Waterbody,tonnes,,MetalliCan,MetalliCan,,,Ore processed,1,ore
ON-MAIN-7f050560,Underground mining and beneficiation at Red Lake,"Underground, concentrator",Au–Ag refractory,Water,Arsenic (and its compounds),Emission,Waterbody,kg,,MetalliCan,MetalliCan,841000.0,,Ore processed,1,ore
ON-MAIN-7f050560,Underground mining and beneficiation at Red Lake,"Underground, concentrator",Au–Ag refractory,Water,Cobalt (and its compounds),Emission,Waterbody,kg,,MetalliCan,MetalliCan,841000.0,,Ore processed,1,ore
ON-MAIN-7f050560,Underground mining and beneficiation at Red Lake,"Underground, concentrator",Au–Ag refractory,Water,Nitrate ion in solution at pH >= 6.0,Emission,Waterbody,tonnes,,MetalliCan,MetalliCan,841000.0,,Ore processed,1,ore
NL-MAIN-b64bae7a,Open-pit mining and beneficiation at Scully,"Open-pit, concentrator",Fe concentrator,Water,Ammonia (total),Emission,Waterbody,tonnes,,MetalliCan,MetalliCan,3560000.0,,Ore processed,1,ore
NL-MAIN-b64bae7a,Open-pit mining and beneficiation at Scully,"Open-pit, concentrator",Fe concentrator,Water,Arsenic (and its compounds),Emission,Waterbody,kg,,MetalliCan,MetalliCan,3560000.0,,Ore processed,1,ore
NL-MAIN-b64bae7a,Open-pit mining and beneficiation at Scully,"Open-pit, concentrator",Fe concentrator,Water,Cadmium (and its compounds),Emission,Waterbody,kg,,MetalliCan,MetalliCan,3560000.0,,Ore processed,1,ore
NL-MAIN-b64bae7a,Open-pit mining and beneficiation at Scully,"Open-pit, concentrator",Fe concentrator,Water,Cobalt (and its compounds),Emission,Waterbody,kg,,MetalliCan,MetalliCan,3560000.0,,Ore processed,1,ore
NL-MAIN-b64bae7a,Open-pit mining and beneficiation at Scully,"Open-pit, concentrator",Fe concentrator,Water,Lead (and its compounds),Emission,Waterbody,kg,,MetalliCan,MetalliCan,3560000.0,,Ore processed,1,ore
NL-MAIN-b64bae7a,Open-pit mining and beneficiation at Scully,"Open-pit, concentrator",Fe concentrator,Water,Manganese (and its compounds),Emission,Waterbody,tonnes,,MetalliCan,MetalliCan,3560000.0,,Ore processed,1,ore
NL-MAIN-b64bae7a,Open-pit mining and beneficiation at Scully,"Open-pit, concentrator",Fe concentrator,Water,Nitrate ion in solution at pH >= 6.0,Emission,Waterbody,tonnes,,MetalliCan,MetalliCan,3560000.0,,Ore processed,1,ore
BC-MAIN-bf503b6b,Open-pit mining and beneficiation at Highland Valley,"Open-pit, concentrator",Cu polymetallic,Water,Arsenic (and its compounds),Emission,Waterbody,kg,,MetalliCan,MetalliCan,17408000.0,,Ore processed,1,ore
BC-MAIN-bf503b6b,Open-pit mining and beneficiation at Highland Valley,"Open-pit, concentrator",Cu polymetallic,Water,Cadmium (and its compounds),Emission,Waterbody,kg,,MetalliCan,MetalliCan,17408000.0,,Ore processed,1,ore
BC-MAIN-bf503b6b,Open-pit mining and beneficiation at Highland Valley,"Open-pit, concentrator",Cu polymetallic,Water,Cobalt (and its compounds),Emission,Waterbody,kg,,MetalliCan,MetalliCan,17408000.0,,Ore processed,1,ore
BC-MAIN-bf503b6b,Open-pit mining and beneficiation at Highland Valley,"Open-pit, concentrator",Cu polymetallic,Water,Lead (and its compounds),Emission,Waterbody,kg,,MetalliCan,MetalliCan,17408000.0,,Ore processed,1,ore
BC-MAIN-bf503b6b,Open-pit mining and beneficiation at Highland Valley,"Open-pit, concentrator",Cu polymetallic,Water,Selenium (and its compounds),Emission,Waterbody,kg,,MetalliCan,MetalliCan,17408000.0,,Ore processed,1,ore
MB-MAIN-e0a6250e,Open-pit and underground mining and beneficiation at Thompson (T-1 and T-3),"Open-pit, underground, concentrator",Ni–Cu sulfide,Water,Ammonia (total),Emission,Waterbody,tonnes,,MetalliCan,MetalliCan,464705.882352941,,Ore processed,1,ore
MB-MAIN-e0a6250e,Open-pit and underground mining and beneficiation at Thompson (T-1 and T-3),"Open-pit, underground, concentrator",Ni–Cu sulfide,Water,Arsenic (and its compounds),Emission,Waterbody,kg,,MetalliCan,MetalliCan,464705.882352941,,Ore processed,1,ore
MB-MAIN-e0a6250e,Open-pit and underground mining and beneficiation at Thompson (T-1 and T-3),"Open-pit, underground, concentrator",Ni–Cu sulfide,Water,Cadmium (and its compounds),Emission,Waterbody,kg,,MetalliCan,MetalliCan,464705.882352941,,Ore processed,1,ore
MB-MAIN-e0a6250e,Open-pit and underground mining and beneficiation at Thompson (T-1 and T-3),"Open-pit, underground, concentrator",Ni–Cu sulfide,Water,Cobalt (and its compounds),Emission,Waterbody,kg,,MetalliCan,MetalliCan,464705.882352941,,Ore processed,1,ore
MB-MAIN-e0a6250e,Open-pit and underground mining and beneficiation at Thompson (T-1 and T-3),"Open-pit, underground, concentrator",Ni–Cu sulfide,Water,Copper (and its compounds),Emission,Waterbody,tonnes,,MetalliCan,MetalliCan,464705.882352941,,Ore processed,1,ore
MB-MAIN-e0a6250e,Open-pit and underground mining and beneficiation at Thompson (T-1 and T-3),"Open-pit, underground, concentrator",Ni–Cu sulfide,Water,Lead (and its compounds),Emission,Waterbody,kg,,MetalliCan,MetalliCan,464705.882352941,,Ore processed,1,ore
MB-MAIN-e0a6250e,Open-pit and underground mining and beneficiation at Thompson (T-1 and T-3),"Open-pit, underground, concentrator",Ni–Cu sulfide,Water,Mercury (and its compounds),Emission,Waterbody,tonnes,,MetalliCan,MetalliCan,464705.882352941,,Ore processed,1,ore
MB-MAIN-e0a6250e,Open-pit and underground mining and beneficiation at Thompson (T-1 and T-3),"Open-pit, underground, concentrator",Ni–Cu sulfide,Water,Nickel (and its compounds),Emission,Waterbody,tonnes,,MetalliCan,MetalliCan,464705.882352941,,Ore processed,1,ore
MB-MAIN-e0a6250e,Open-pit and underground mining and beneficiation at Thompson (T-1 and T-3),"Open-pit, underground, concentrator",Ni–Cu sulfide,Water,Nitrate ion in solution at pH >= 6.0,Emission,Waterbody,tonnes,,MetalliCan,MetalliCan,464705.882352941,,Ore processed,1,ore
MB-MAIN-e0a6250e,Open-pit and underground mining and beneficiation at Thompson (T-1 and T-3),"Open-pit, underground, concentrator",Ni–Cu sulfide,Water,Selenium (and its compounds),Emission,Waterbody,kg,,MetalliCan,MetalliCan,464705.882352941,,Ore processed,1,ore
MB-MAIN-e0a6250e,Open-pit and underground mining and beneficiation at Thompson (T-1 and T-3),"Open-pit, underground, concentrator",Ni–Cu sulfide,Water,Zinc (and its compounds),Emission,Waterbody,tonnes,,MetalliCan,MetalliCan,464705.882352941,,Ore processed,1,ore
NL-MAIN-2d8801d6,Open-pit and underground mining and beneficiation at Voisey’s Bay,"Open-pit, underground, concentrator",Ni–Cu sulfide,Water,Ammonia (total),Emission,Waterbody,tonnes,,MetalliCan,MetalliCan,794117.647058823,,Ore processed,1,ore
NL-MAIN-2d8801d6,Open-pit and underground mining and beneficiation at Voisey’s Bay,"Open-pit, underground, concentrator",Ni–Cu sulfide,Water,Arsenic (and its compounds),Emission,Waterbody,kg,,MetalliCan,MetalliCan,794117.647058823,,Ore processed,1,ore
NL-MAIN-2d8801d6,Open-pit and underground mining and beneficiation at Voisey’s Bay,"Open-pit, underground, concentrator",Ni–Cu sulfide,Water,Cadmium (and its compounds),Emission,Waterbody,kg,,MetalliCan,MetalliCan,794117.647058823,,Ore processed,1,ore
NL-MAIN-2d8801d6,Open-pit and underground mining and beneficiation at Voisey’s Bay,"Open-pit, underground, concentrator",Ni–Cu sulfide,Water,Chromium (and its compounds),Emission,Waterbody,tonnes,,MetalliCan,MetalliCan,794117.647058823,,Ore processed,1,ore
NL-MAIN-2d8801d6,Open-pit and underground mining and beneficiation at Voisey’s Bay,"Open-pit, underground, concentrator",Ni–Cu sulfide,Water,Cobalt (and its compounds),Emission,Waterbody,kg,,MetalliCan,MetalliCan,794117.647058823,,Ore processed,1,ore
NL-MAIN-2d8801d6,Open-pit and underground mining and beneficiation at Voisey’s Bay,"Open-pit, underground, concentrator",Ni–Cu sulfide,Water,Copper (and its compounds),Emission,Waterbody,tonnes,,MetalliCan,MetalliCan,794117.647058823,,Ore processed,1,ore
NL-MAIN-2d8801d6,Open-pit and underground mining and beneficiation at Voisey’s Bay,"Open-pit, underground, concentrator",Ni–Cu sulfide,Water,Lead (and its compounds),Emission,Waterbody,kg,,MetalliCan,MetalliCan,794117.647058823,,Ore processed,1,ore
NL-MAIN-2d8801d6,Open-pit and underground mining and beneficiation at Voisey’s Bay,"Open-pit, underground, concentrator",Ni–Cu sulfide,Water,Manganese (and its compounds),Emission,Waterbody,tonnes,,MetalliCan,MetalliCan,794117.647058823,,Ore processed,1,ore
NL-MAIN-2d8801d6,Open-pit and underground mining and beneficiation at Voisey’s Bay,"Open-pit, underground, concentrator",Ni–Cu sulfide,Water,Mercury (and its compounds),Emission,Waterbody,tonnes,,MetalliCan,MetalliCan,794117.647058823,,Ore processed,1,ore
NL-MAIN-2d8801d6,Open-pit and underground mining and beneficiation at Voisey’s Bay,"Open-pit, underground, concentrator",Ni–Cu sulfide,Water,Nickel (and its compounds),Emission,Waterbody,tonnes,,MetalliCan,MetalliCan,794117.647058823,,Ore processed,1,ore
NL-MAIN-2d8801d6,Open-pit and underground mining and beneficiation at Voisey’s Bay,"Open-pit, underground, concentrator",Ni–Cu sulfide,Water,Phosphorus (total),Emission,Waterbody,tonnes,,MetalliCan,MetalliCan,794117.647058823,,Ore processed,1,ore
NL-MAIN-2d8801d6,Open-pit and underground mining and beneficiation at Voisey’s Bay,"Open-pit, underground, concentrator",Ni–Cu sulfide,Water,Selenium (and its compounds),Emission,Waterbody,kg,,MetalliCan,MetalliCan,794117.647058823,,Ore processed,1,ore
NL-MAIN-2d8801d6,Open-pit and underground mining and beneficiation at Voisey’s Bay,"Open-pit, underground, concentrator",Ni–Cu sulfide,Water,Silver (and its compounds),Emission,Waterbody,tonnes,,MetalliCan,MetalliCan,794117.647058823,,Ore processed,1,ore
NL-MAIN-2d8801d6,Open-pit and underground mining and beneficiation at Voisey’s Bay,"Open-pit, underground, concentrator",Ni–Cu sulfide,Water,Vanadium (and its compounds),Emission,Waterbody,tonnes,,MetalliCan,MetalliCan,794117.647058823,,Ore processed,1,ore
NL-MAIN-2d8801d6,Open-pit and underground mining and beneficiation at Voisey’s Bay,"Open-pit, underground, concentrator",Ni–Cu sulfide,Water,Zinc (and its compounds),Emission,Waterbody,tonnes,,MetalliCan,MetalliCan,794117.647058823,,Ore processed,1,ore
ON-MAIN-cb85213a,Underground mining and beneficiation at Eagle River,"Underground, concentrator",Au–Ag free-milling,Water,Arsenic (and its compounds),Emission,Waterbody,kg,,MetalliCan,MetalliCan,222627.0,,Ore processed,1,ore
ON-MAIN-cb85213a,Underground mining and beneficiation at Eagle River,"Underground, concentrator",Au–Ag free-milling,Water,Copper (and its compounds),Emission,Waterbody,tonnes,,MetalliCan,MetalliCan,222627.0,,Ore processed,1,ore
ON-MAIN-cb85213a,Underground mining and beneficiation at Eagle River,"Underground, concentrator",Au–Ag free-milling,Water,Cyanides (ionic),Emission,Waterbody,tonnes,,MetalliCan,MetalliCan,222627.0,,Ore processed,1,ore
ON-MAIN-cb85213a,Underground mining and beneficiation at Eagle River,"Underground, concentrator",Au–Ag free-milling,Water,Lead (and its compounds),Emission,Waterbody,kg,,MetalliCan,MetalliCan,222627.0,,Ore processed,1,ore
ON-MAIN-cb85213a,Underground mining and beneficiation at Eagle River,"Underground, concentrator",Au–Ag free-milling,Water,Nickel (and its compounds),Emission,Waterbody,tonnes,,MetalliCan,MetalliCan,222627.0,,Ore processed,1,ore
ON-MAIN-cb85213a,Underground mining and beneficiation at Eagle River,"Underground, concentrator",Au–Ag free-milling,Water,Zinc (and its compounds),Emission,Waterbody,tonnes,,MetalliCan,MetalliCan,222627.0,,Ore processed,1,ore
ON-MAIN-6e9be24e,Open-pit and underground mining and beneficiation at Hemlo (Williams),"Open-pit, underground, concentrator",Au–Ag free-milling,Water,Ammonia (total),Emission,Waterbody,tonnes,,MetalliCan,MetalliCan,1266009.0,,Ore processed,1,ore
ON-MAIN-6e9be24e,Open-pit and underground mining and beneficiation at Hemlo (Williams),"Open-pit, underground, concentrator",Au–Ag free-milling,Water,Antimony (and its compounds),Emission,Waterbody,tonnes,,MetalliCan,MetalliCan,1266009.0,,Ore processed,1,ore
ON-MAIN-6e9be24e,Open-pit and underground mining and beneficiation at Hemlo (Williams),"Open-pit, underground, concentrator",Au–Ag free-milling,Water,Arsenic (and its compounds),Emission,Waterbody,kg,,MetalliCan,MetalliCan,1266009.0,,Ore processed,1,ore
ON-MAIN-6e9be24e,Open-pit and underground mining and beneficiation at Hemlo (Williams),"Open-pit, underground, concentrator",Au–Ag free-milling,Water,Cadmium (and its compounds),Emission,Waterbody,kg,,MetalliCan,MetalliCan,1266009.0,,Ore processed,1,ore
ON-MAIN-6e9be24e,Open-pit and underground mining and beneficiation at Hemlo (Williams),"Open-pit, underground, concentrator",Au–Ag free-milling,Water,Chromium (and its compounds),Emission,Waterbody,tonnes,,MetalliCan,MetalliCan,1266009.0,,Ore processed,1,ore
ON-MAIN-6e9be24e,Open-pit and underground mining and beneficiation at Hemlo (Williams),"Open-pit, underground, concentrator",Au–Ag free-milling,Water,Cobalt (and its compounds),Emission,Waterbody,kg,,MetalliCan,MetalliCan,1266009.0,,Ore processed,1,ore
ON-MAIN-6e9be24e,Open-pit and underground mining and beneficiation at Hemlo (Williams),"Open-pit, underground, concentrator",Au–Ag free-milling,Water,Copper (and its compounds),Emission,Waterbody,tonnes,,MetalliCan,MetalliCan,1266009.0,,Ore processed,1,ore
ON-MAIN-6e9be24e,Open-pit and underground mining and beneficiation at Hemlo (Williams),"Open-pit, underground, concentrator",Au–Ag free-milling,Water,Cyanides (ionic),Emission,Waterbody,tonnes,,MetalliCan,MetalliCan,1266009.0,,Ore processed,1,ore
ON-MAIN-6e9be24e,Open-pit and underground mining and beneficiation at Hemlo (Williams),"Open-pit, underground, concentrator",Au–Ag free-milling,Water,Lead (and its compounds),Emission,Waterbody,kg,,MetalliCan,MetalliCan,1266009.0,,Ore processed,1,ore
ON-MAIN-6e9be24e,Open-pit and underground mining and beneficiation at Hemlo (Williams),"Open-pit, underground, concentrator",Au–Ag free-milling,Water,Manganese (and its compounds),Emission,Waterbody,tonnes,,MetalliCan,MetalliCan,1266009.0,,Ore processed,1,ore
ON-MAIN-6e9be24e,Open-pit and underground mining and beneficiation at Hemlo (Williams),"Open-pit, underground, concentrator",Au–Ag free-milling,Water,Mercury (and its compounds),Emission,Waterbody,tonnes,,MetalliCan,MetalliCan,1266009.0,,Ore processed,1,ore
ON-MAIN-6e9be24e,Open-pit and underground mining and beneficiation at Hemlo (Williams),"Open-pit, underground, concentrator",Au–Ag free-milling,Water,Nickel (and its compounds),Emission,Waterbody,tonnes,,MetalliCan,MetalliCan,1266009.0,,Ore processed,1,ore
ON-MAIN-6e9be24e,Open-pit and underground mining and beneficiation at Hemlo (Williams),"Open-pit, underground, concentrator",Au–Ag free-milling,Water,Nitrate ion in solution at pH >= 6.0,Emission,Waterbody,tonnes,,MetalliCan,MetalliCan,1266009.0,,Ore processed,1,ore
ON-MAIN-6e9be24e,Open-pit and underground mining and beneficiation at Hemlo (Williams),"Open-pit, underground, concentrator",Au–Ag free-milling,Water,Selenium (and its compounds),Emission,Waterbody,kg,,MetalliCan,MetalliCan,1266009.0,,Ore processed,1,ore
ON-MAIN-6e9be24e,Open-pit and underground mining and beneficiation at Hemlo (Williams),"Open-pit, underground, concentrator",Au–Ag free-milling,Water,Vanadium (and its compounds),Emission,Waterbody,tonnes,,MetalliCan,MetalliCan,1266009.0,,Ore processed,1,ore
ON-MAIN-6e9be24e,Open-pit and underground mining and beneficiation at Hemlo (Williams),"Open-pit, underground, concentrator",Au–Ag free-milling,Water,Zinc (and its compounds),Emission,Waterbody,tonnes,,MetalliCan,MetalliCan,1266009.0,,Ore processed,1,ore
ON-MAIN-fefeaee4,Underground mining and beneficiation at Musselwhite,"Underground, concentrator",Au–Ag free-milling,Land,Thallium (and its compounds),Emission,Spills,kg,0.0154,MetalliCan,MetalliCan,1028000.0,1.4980544747081713e-08,Ore processed,1,ore
BC-MAIN-bf503b6b,Open-pit mining and beneficiation at Highland Valley,"Open-pit, concentrator",Cu polymetallic,Land,Arsenic (and its compounds),Emission,Spills,kg,0.352,MetalliCan,MetalliCan,17408000.0,2.0220588235294117e-08,Ore processed,1,ore
BC-MAIN-bf503b6b,Open-pit mining and beneficiation at Highland Valley,"Open-pit, concentrator",Cu polymetallic,Land,Cadmium (and its compounds),Emission,Spills,kg,0.014,MetalliCan,MetalliCan,17408000.0,8.042279411764706e-10,Ore processed,1,ore
BC-MAIN-bf503b6b,Open-pit mining and beneficiation at Highland Valley,"Open-pit, concentrator",Cu polymetallic,Land,Cobalt (and its compounds),Emission,Spills,kg,0.377,MetalliCan,MetalliCan,17408000.0,2.1656709558823528e-08,Ore processed,1,ore
BC-MAIN-bf503b6b,Open-pit mining and beneficiation at Highland Valley,"Open-pit, concentrator",Cu polymetallic,Land,Lead (and its compounds),Emission,Spills,kg,0.929,MetalliCan,MetalliCan,17408000.0,5.3366268382352944e-08,Ore processed,1,ore
BC-MAIN-bf503b6b,Open-pit mining and beneficiation at Highland Valley,"Open-pit, concentrator",Cu polymetallic,Land,Mercury (and its compounds),Emission,Spills,tonnes,9.000000000000001e-08,MetalliCan,MetalliCan,17408000.0,5.170036764705883e-15,Ore processed,1,ore
BC-MAIN-bf503b6b,Open-pit mining and beneficiation at Highland Valley,"Open-pit, concentrator",Cu polymetallic,Land,Selenium (and its compounds),Emission,Spills,kg,0.062,MetalliCan,MetalliCan,17408000.0,3.561580882352941e-09,Ore processed,1,ore
QC-MAIN-a97821c0,Underground mining and beneficiation at Raglan,"Underground, concentrator",Ni–Cu sulfide,Land,Ethylene glycol,Emission,Other,tonnes,4.1724,MetalliCan,MetalliCan,1500000.0,2.7815999999999998e-06,Ore processed,1,ore
QC-MAIN-6dc537e6,Underground mining and beneficiation at Éléonore,"Underground, concentrator",Au–Ag free-milling,Land,Lead (and its compounds),Emission,Other,kg,134.05,MetalliCan,MetalliCan,1661000.0,8.070439494280554e-05,Ore processed,1,ore
NL-MAIN-dd723db4,Open-pit mining and beneficiation at Carol Lake,"Open-pit, concentrator",Fe concentrator + pellet plant,Land,Methanol,Emission,Other,tonnes,441.082,MetalliCan,MetalliCan,16478000.0,2.6767933001577862e-05,Ore processed,1,ore
NL-MAIN-2d8801d6,Open-pit and underground mining and beneficiation at Voisey’s Bay,"Open-pit, underground, concentrator",Ni–Cu sulfide,Land,Ammonia (total),Emission,Other,tonnes,370.969,MetalliCan,MetalliCan,794117.647058823,0.0004671461481481484,Ore processed,1,ore
NL-MAIN-2d8801d6,Open-pit and underground mining and beneficiation at Voisey’s Bay,"Open-pit, underground, concentrator",Ni–Cu sulfide,Land,Methanol,Emission,Other,tonnes,106.776,MetalliCan,MetalliCan,794117.647058823,0.00013445866666666676,Ore processed,1,ore
ON-MAIN-eab8c362,,,,Air,Arsenic (and its compounds),Emission,Stack Emissions,kg,0.904,MetalliCan,MetalliCan,,,Ore processed,1,ore
ON-MAIN-eab8c362,,,,Air,Benzene,Emission,Stack Emissions,tonnes,0.20278,MetalliCan,MetalliCan,,,Ore processed,1,ore
ON-MAIN-eab8c362,,,,Air,Cadmium (and its compounds),Emission,Stack Emissions,kg,8.6256,MetalliCan,MetalliCan,,,Ore processed,1,ore
ON-MAIN-eab8c362,,,,Air,Carbon monoxide,Emission,Stack Emissions,tonnes,563.7,MetalliCan,MetalliCan,,,Ore processed,1,ore
ON-MAIN-eab8c362,,,,Air,Cobalt (and its compounds),Emission,Stack Emissions,kg,0.63948,MetalliCan,MetalliCan,,,Ore processed,1,ore
ON-MAIN-eab8c362,,,,Air,Ethylene,Emission,Stack Emissions,tonnes,0.39838,MetalliCan,MetalliCan,,,Ore processed,1,ore
ON-MAIN-eab8c362,,,,Air,Hydrogen sulphide,Emission,Stack Emissions,tonnes,12.628,MetalliCan,MetalliCan,,,Ore processed,1,ore
ON-MAIN-eab8c362,,,,Air,Lead (and its compounds),Emission,Stack Emissions,kg,317.4456,MetalliCan,MetalliCan,,,Ore processed,1,ore
ON-MAIN-eab8c362,,,,Air,Manganese (and its compounds),Emission,Stack Emissions,tonnes,5.16716,MetalliCan,MetalliCan,,,Ore processed,1,ore
ON-MAIN-eab8c362,,,,Air,Nickel (and its compounds),Emission,Stack Emissions,tonnes,0.00268,MetalliCan,MetalliCan,,,Ore processed,1,ore
ON-MAIN-eab8c362,,,,Air,Nitrogen oxides (expressed as nitrogen dioxide),Emission,Stack Emissions,tonnes,2204.419,MetalliCan,MetalliCan,,,Ore processed,1,ore
ON-MAIN-eab8c362,,,,Air,PM10 - Particulate Matter <= 10 Micrometers,Emission,Stack Emissions,tonnes,635.83266,MetalliCan,MetalliCan,,,Ore processed,1,ore
ON-MAIN-eab8c362,,,,Air,PM2.5 - Particulate Matter <= 2.5 Micrometers,Emission,Stack Emissions,tonnes,387.52477,MetalliCan,MetalliCan,,,Ore processed,1,ore
ON-MAIN-eab8c362,,,,Air,Propylene,Emission,Stack Emissions,tonnes,0.02733,MetalliCan,MetalliCan,,,Ore processed,1,ore
ON-MAIN-eab8c362,,,,Air,Sulphur dioxide,Emission,Stack Emissions,tonnes,2852.09,MetalliCan,MetalliCan,,,Ore processed,1,ore
ON-MAIN-eab8c362,,,,Air,Toluene,Emission,Stack Emissions,tonnes,0.01007,MetalliCan,MetalliCan,,,Ore processed,1,ore
ON-MAIN-eab8c362,,,,Air,Total particulate matter,Emission,Stack Emissions,tonnes,987.64,MetalliCan,MetalliCan,,,Ore processed,1,ore
ON-MAIN-eab8c362,,,,Air,Total reduced sulphur (expressed as hydrogen sulphide),Emission,Stack Emissions,tonnes,12.628,MetalliCan,MetalliCan,,,Ore processed,1,ore
ON-MAIN-eab8c362,,,,Air,Volatile Organic Compounds (Total),Emission,Stack Emissions,tonnes,34.3719,MetalliCan,MetalliCan,,,Ore processed,1,ore
ON-MAIN-eab8c362,,,,Air,Zinc (and its compounds),Emission,Stack Emissions,tonnes,1.87119,MetalliCan,MetalliCan,,,Ore processed,1,ore
AB-MAIN-9fed34a8,,,,Air,Arsenic (and its compounds),Emission,Stack Emissions,kg,0.45,MetalliCan,MetalliCan,,,Ore processed,1,ore
AB-MAIN-9fed34a8,,,,Air,Cadmium (and its compounds),Emission,Stack Emissions,kg,0.49,MetalliCan,MetalliCan,,,Ore processed,1,ore
AB-MAIN-9fed34a8,,,,Air,Calcium fluoride,Emission,Stack Emissions,tonnes,0.388,MetalliCan,MetalliCan,,,Ore processed,1,ore
AB-MAIN-9fed34a8,,,,Air,Carbon monoxide,Emission,Stack Emissions,tonnes,569.824522,MetalliCan,MetalliCan,,,Ore processed,1,ore
AB-MAIN-9fed34a8,,,,Air,Chromium (and its compounds),Emission,Stack Emissions,tonnes,0.009,MetalliCan,MetalliCan,,,Ore processed,1,ore
AB-MAIN-9fed34a8,,,,Air,Copper (and its compounds),Emission,Stack Emissions,tonnes,0.018,MetalliCan,MetalliCan,,,Ore processed,1,ore
AB-MAIN-9fed34a8,,,,Air,Dioxins and furans - total,Emission,Stack Emissions,g TEQ,0.077041,MetalliCan,MetalliCan,,,Ore processed,1,ore
AB-MAIN-9fed34a8,,,,Air,Hexachlorobenzene,Emission,Stack Emissions,grams,82.18,MetalliCan,MetalliCan,,,Ore processed,1,ore
AB-MAIN-9fed34a8,,,,Air,Hexavalent chromium (and its compounds),Emission,Stack Emissions,kg,1.14,MetalliCan,MetalliCan,,,Ore processed,1,ore
AB-MAIN-9fed34a8,,,,Air,Lead (and its compounds),Emission,Stack Emissions,kg,21.1,MetalliCan,MetalliCan,,,Ore processed,1,ore
AB-MAIN-9fed34a8,,,,Air,Manganese (and its compounds),Emission,Stack Emissions,tonnes,0.1,MetalliCan,MetalliCan,,,Ore processed,1,ore
AB-MAIN-9fed34a8,,,,Air,Mercury (and its compounds),Emission,Stack Emissions,tonnes,0.0027,MetalliCan,MetalliCan,,,Ore processed,1,ore
AB-MAIN-9fed34a8,,,,Air,Nickel (and its compounds),Emission,Stack Emissions,tonnes,0.002,MetalliCan,MetalliCan,,,Ore processed,1,ore
AB-MAIN-9fed34a8,,,,Air,Nitrogen oxides (expressed as nitrogen dioxide),Emission,Stack Emissions,tonnes,54.515804,MetalliCan,MetalliCan,,,Ore processed,1,ore
AB-MAIN-9fed34a8,,,,Air,PM10 - Particulate Matter <= 10 Micrometers,Emission,Stack Emissions,tonnes,3.348815,MetalliCan,MetalliCan,,,Ore processed,1,ore
AB-MAIN-9fed34a8,,,,Air,PM2.5 - Particulate Matter <= 2.5 Micrometers,Emission,Stack Emissions,tonnes,1.611287,MetalliCan,MetalliCan,,,Ore processed,1,ore
AB-MAIN-9fed34a8,,,,Air,Selenium (and its compounds),Emission,Stack Emissions,kg,1.09,MetalliCan,MetalliCan,,,Ore processed,1,ore
AB-MAIN-9fed34a8,,,,Air,Sulphur dioxide,Emission,Stack Emissions,tonnes,39.151355,MetalliCan,MetalliCan,,,Ore processed,1,ore
AB-MAIN-9fed34a8,,,,Air,Total particulate matter,Emission,Stack Emissions,tonnes,4.971095,MetalliCan,MetalliCan,,,Ore processed,1,ore
AB-MAIN-9fed34a8,,,,Air,Vanadium (and its compounds),Emission,Stack Emissions,tonnes,0.00042,MetalliCan,MetalliCan,,,Ore processed,1,ore
AB-MAIN-9fed34a8,,,,Air,Volatile Organic Compounds (Total),Emission,Stack Emissions,tonnes,5.652373,MetalliCan,MetalliCan,,,Ore processed,1,ore
AB-MAIN-9fed34a8,,,,Air,Zinc (and its compounds),Emission,Stack Emissions,tonnes,0.297,MetalliCan,MetalliCan,,,Ore processed,1,ore
QC-MAIN-c8966bdc,,,,Air,PM10 - Particulate Matter <= 10 Micrometers,Emission,Stack Emissions,tonnes,5.08,MetalliCan,MetalliCan,,,Ore processed,1,ore
QC-MAIN-c8966bdc,,,,Air,PM2.5 - Particulate Matter <= 2.5 Micrometers,Emission,Stack Emissions,tonnes,2.88,MetalliCan,MetalliCan,,,Ore processed,1,ore
QC-MAIN-c8966bdc,,,,Air,Anthracene,Emission,Stack Emissions,kg,7.9,MetalliCan,MetalliCan,,,Ore processed,1,ore
QC-MAIN-c8966bdc,,,,Air,Benz[a]anthracene,Emission,Stack Emissions,kg,3.8,MetalliCan,MetalliCan,,,Ore processed,1,ore
QC-MAIN-c8966bdc,,,,Air,Benzo[a]pyrene,Emission,Stack Emissions,kg,0.0168,MetalliCan,MetalliCan,,,Ore processed,1,ore
QC-MAIN-c8966bdc,,,,Air,Benzo[b]fluoranthene,Emission,Stack Emissions,kg,1.5,MetalliCan,MetalliCan,,,Ore processed,1,ore
QC-MAIN-c8966bdc,,,,Air,Benzo[e]pyrene,Emission,Stack Emissions,kg,0.3,MetalliCan,MetalliCan,,,Ore processed,1,ore
QC-MAIN-c8966bdc,,,,Air,Benzo[ghi]perylene,Emission,Stack Emissions,kg,0.1,MetalliCan,MetalliCan,,,Ore processed,1,ore
QC-MAIN-c8966bdc,,,,Air,Benzo[k]fluoranthene,Emission,Stack Emissions,kg,3.5,MetalliCan,MetalliCan,,,Ore processed,1,ore
QC-MAIN-c8966bdc,,,,Air,Carbon monoxide,Emission,Stack Emissions,tonnes,46115.0,MetalliCan,MetalliCan,,,Ore processed,1,ore
QC-MAIN-c8966bdc,,,,Air,Carbonyl sulphide,Emission,Stack Emissions,tonnes,309.68,MetalliCan,MetalliCan,,,Ore processed,1,ore
QC-MAIN-c8966bdc,,,,Air,Chlorine,Emission,Stack Emissions,tonnes,0.004973,MetalliCan,MetalliCan,,,Ore processed,1,ore
QC-MAIN-c8966bdc,,,,Air,Chrysene,Emission,Stack Emissions,kg,6.3,MetalliCan,MetalliCan,,,Ore processed,1,ore
QC-MAIN-c8966bdc,,,,Air,"Dibenz[a,h]anthracene",Emission,Stack Emissions,kg,0.02,MetalliCan,MetalliCan,,,Ore processed,1,ore
QC-MAIN-c8966bdc,,,,Air,Fluoranthene,Emission,Stack Emissions,kg,44.1,MetalliCan,MetalliCan,,,Ore processed,1,ore
QC-MAIN-c8966bdc,,,,Air,Fluorene,Emission,Stack Emissions,kg,49.3,MetalliCan,MetalliCan,,,Ore processed,1,ore
QC-MAIN-c8966bdc,,,,Air,Hydrogen fluoride,Emission,Stack Emissions,tonnes,59.84,MetalliCan,MetalliCan,,,Ore processed,1,ore
QC-MAIN-c8966bdc,,,,Air,"Indeno[1,2,3-cd]pyrene",Emission,Stack Emissions,kg,0.08,MetalliCan,MetalliCan,,,Ore processed,1,ore
QC-MAIN-c8966bdc,,,,Air,Nitrogen oxides (expressed as nitrogen dioxide),Emission,Stack Emissions,tonnes,52.564,MetalliCan,MetalliCan,,,Ore processed,1,ore
QC-MAIN-c8966bdc,,,,Air,Phenanthrene,Emission,Stack Emissions,kg,141.2,MetalliCan,MetalliCan,,,Ore processed,1,ore
QC-MAIN-c8966bdc,,,,Air,PM10 - Particulate Matter <= 10 Micrometers,Emission,Stack Emissions,tonnes,234.2,MetalliCan,MetalliCan,,,Ore processed,1,ore
QC-MAIN-c8966bdc,,,,Air,PM2.5 - Particulate Matter <= 2.5 Micrometers,Emission,Stack Emissions,tonnes,195.1,MetalliCan,MetalliCan,,,Ore processed,1,ore
QC-MAIN-c8966bdc,,,,Air,Pyrene,Emission,Stack Emissions,kg,24.5,MetalliCan,MetalliCan,,,Ore processed,1,ore
QC-MAIN-c8966bdc,,,,Air,Sulphur dioxide,Emission,Stack Emissions,tonnes,7320.86,MetalliCan,MetalliCan,,,Ore processed,1,ore
QC-MAIN-c8966bdc,,,,Air,Total particulate matter,Emission,Stack Emissions,tonnes,293.55,MetalliCan,MetalliCan,,,Ore processed,1,ore
QC-MAIN-c8966bdc,,,,Air,Total reduced sulphur (expressed as hydrogen sulphide),Emission,Stack Emissions,tonnes,175.49,MetalliCan,MetalliCan,,,Ore processed,1,ore
QC-MAIN-c8966bdc,,,,Air,Volatile Organic Compounds (Total),Emission,Stack Emissions,tonnes,284.224,MetalliCan,MetalliCan,,,Ore processed,1,ore
ON-MAIN-4c35e094,,,,Air,"7H-Dibenzo[c,g]carbazole",Emission,Stack Emissions,kg,0.000117,MetalliCan,MetalliCan,,,Ore processed,1,ore
ON-MAIN-4c35e094,,,,Air,Acenaphthene,Emission,Stack Emissions,kg,1.624642,MetalliCan,MetalliCan,,,Ore processed,1,ore
ON-MAIN-4c35e094,,,,Air,Acenaphthylene,Emission,Stack Emissions,kg,7.015604,MetalliCan,MetalliCan,,,Ore processed,1,ore
ON-MAIN-4c35e094,,,,Air,Ammonia (total),Emission,Stack Emissions,tonnes,40.4846,MetalliCan,MetalliCan,,,Ore processed,1,ore
ON-MAIN-4c35e094,,,,Air,Anthracene,Emission,Stack Emissions,kg,0.343438,MetalliCan,MetalliCan,,,Ore processed,1,ore
ON-MAIN-4c35e094,,,,Air,Antimony (and its compounds),Emission,Stack Emissions,tonnes,0.018656,MetalliCan,MetalliCan,,,Ore processed,1,ore
ON-MAIN-4c35e094,,,,Air,Arsenic (and its compounds),Emission,Stack Emissions,kg,9.209928,MetalliCan,MetalliCan,,,Ore processed,1,ore
ON-MAIN-4c35e094,,,,Air,Benz[a]anthracene,Emission,Stack Emissions,kg,0.134628,MetalliCan,MetalliCan,,,Ore processed,1,ore
ON-MAIN-4c35e094,,,,Air,Benzene,Emission,Stack Emissions,tonnes,2.017041,MetalliCan,MetalliCan,,,Ore processed,1,ore
ON-MAIN-4c35e094,,,,Air,Benzo[a]pyrene,Emission,Stack Emissions,kg,0.125366,MetalliCan,MetalliCan,,,Ore processed,1,ore
ON-MAIN-4c35e094,,,,Air,Benzo[b]fluoranthene,Emission,Stack Emissions,kg,0.208645,MetalliCan,MetalliCan,,,Ore processed,1,ore
ON-MAIN-4c35e094,,,,Air,Benzo[e]pyrene,Emission,Stack Emissions,kg,0.147256,MetalliCan,MetalliCan,,,Ore processed,1,ore
ON-MAIN-4c35e094,,,,Air,Benzo[ghi]perylene,Emission,Stack Emissions,kg,0.13661,MetalliCan,MetalliCan,,,Ore processed,1,ore
ON-MAIN-4c35e094,,,,Air,Cadmium (and its compounds),Emission,Stack Emissions,kg,11.951175,MetalliCan,MetalliCan,,,Ore processed,1,ore
ON-MAIN-4c35e094,,,,Air,Carbon monoxide,Emission,Stack Emissions,tonnes,8069.05824,MetalliCan,MetalliCan,,,Ore processed,1,ore
ON-MAIN-4c35e094,,,,Air,Chromium (and its compounds),Emission,Stack Emissions,tonnes,0.156216,MetalliCan,MetalliCan,,,Ore processed,1,ore
ON-MAIN-4c35e094,,,,Air,Cobalt (and its compounds),Emission,Stack Emissions,kg,4.831751,MetalliCan,MetalliCan,,,Ore processed,1,ore
ON-MAIN-4c35e094,,,,Air,Copper (and its compounds),Emission,Stack Emissions,tonnes,0.091924,MetalliCan,MetalliCan,,,Ore processed,1,ore
ON-MAIN-4c35e094,,,,Air,"Dibenz[a,h]anthracene",Emission,Stack Emissions,kg,0.16293,MetalliCan,MetalliCan,,,Ore processed,1,ore
ON-MAIN-4c35e094,,,,Air,"Dibenzo[a,e]pyrene",Emission,Stack Emissions,kg,0.019521,MetalliCan,MetalliCan,,,Ore processed,1,ore
ON-MAIN-4c35e094,,,,Air,"Dibenzo[a,i]pyrene",Emission,Stack Emissions,kg,0.154373,MetalliCan,MetalliCan,,,Ore processed,1,ore
ON-MAIN-4c35e094,,,,Air,Dioxins and furans - total,Emission,Stack Emissions,g TEQ,0.059628,MetalliCan,MetalliCan,,,Ore processed,1,ore
ON-MAIN-4c35e094,,,,Air,Ethylbenzene,Emission,Stack Emissions,tonnes,0.029444,MetalliCan,MetalliCan,,,Ore processed,1,ore
ON-MAIN-4c35e094,,,,Air,Ethylene,Emission,Stack Emissions,tonnes,3.558887,MetalliCan,MetalliCan,,,Ore processed,1,ore
ON-MAIN-4c35e094,,,,Air,Fluorene,Emission,Stack Emissions,kg,2.248699,MetalliCan,MetalliCan,,,Ore processed,1,ore
ON-MAIN-4c35e094,,,,Air,Hexachlorobenzene,Emission,Stack Emissions,grams,40.355417,MetalliCan,MetalliCan,,,Ore processed,1,ore
ON-MAIN-4c35e094,,,,Air,Hexavalent chromium (and its compounds),Emission,Stack Emissions,kg,3.158525,MetalliCan,MetalliCan,,,Ore processed,1,ore
ON-MAIN-4c35e094,,,,Air,Hydrochloric acid,Emission,Stack Emissions,tonnes,24.207258,MetalliCan,MetalliCan,,,Ore processed,1,ore
ON-MAIN-4c35e094,,,,Air,Hydrogen sulphide,Emission,Stack Emissions,tonnes,8.53963,MetalliCan,MetalliCan,,,Ore processed,1,ore
ON-MAIN-4c35e094,,,,Air,"Indeno[1,2,3-cd]pyrene",Emission,Stack Emissions,kg,0.14045,MetalliCan,MetalliCan,,,Ore processed,1,ore
ON-MAIN-4c35e094,,,,Air,Lead (and its compounds),Emission,Stack Emissions,kg,213.262199,MetalliCan,MetalliCan,,,Ore processed,1,ore
ON-MAIN-4c35e094,,,,Air,Manganese (and its compounds),Emission,Stack Emissions,tonnes,3.181083,MetalliCan,MetalliCan,,,Ore processed,1,ore
ON-MAIN-4c35e094,,,,Air,Mercury (and its compounds),Emission,Stack Emissions,tonnes,0.058158971,MetalliCan,MetalliCan,,,Ore processed,1,ore
ON-MAIN-4c35e094,,,,Air,Naphthalene,Emission,Stack Emissions,tonnes,0.061397,MetalliCan,MetalliCan,,,Ore processed,1,ore
ON-MAIN-4c35e094,,,,Air,Nickel (and its compounds),Emission,Stack Emissions,tonnes,0.059363,MetalliCan,MetalliCan,,,Ore processed,1,ore
ON-MAIN-4c35e094,,,,Air,Nitrogen oxides (expressed as nitrogen dioxide),Emission,Stack Emissions,tonnes,2647.91649,MetalliCan,MetalliCan,,,Ore processed,1,ore
ON-MAIN-4c35e094,,,,Air,Perylene,Emission,Stack Emissions,kg,0.050781,MetalliCan,MetalliCan,,,Ore processed,1,ore
ON-MAIN-4c35e094,,,,Air,Phenanthrene,Emission,Stack Emissions,kg,8.780146,MetalliCan,MetalliCan,,,Ore processed,1,ore
ON-MAIN-4c35e094,,,,Air,Phenol (and its salts),Emission,Stack Emissions,tonnes,1.401226,MetalliCan,MetalliCan,,,Ore processed,1,ore
ON-MAIN-4c35e094,,,,Air,Phosphorus (total),Emission,Stack Emissions,tonnes,0.87465,MetalliCan,MetalliCan,,,Ore processed,1,ore
ON-MAIN-4c35e094,,,,Air,PM10 - Particulate Matter <= 10 Micrometers,Emission,Stack Emissions,tonnes,511.49425,MetalliCan,MetalliCan,,,Ore processed,1,ore
ON-MAIN-4c35e094,,,,Air,PM2.5 - Particulate Matter <= 2.5 Micrometers,Emission,Stack Emissions,tonnes,436.256332,MetalliCan,MetalliCan,,,Ore processed,1,ore
ON-MAIN-4c35e094,,,,Air,Pyrene,Emission,Stack Emissions,kg,0.59082,MetalliCan,MetalliCan,,,Ore processed,1,ore
ON-MAIN-4c35e094,,,,Air,Selenium (and its compounds),Emission,Stack Emissions,kg,6.725386,MetalliCan,MetalliCan,,,Ore processed,1,ore
ON-MAIN-4c35e094,,,,Air,Styrene,Emission,Stack Emissions,tonnes,0.003902,MetalliCan,MetalliCan,,,Ore processed,1,ore
ON-MAIN-4c35e094,,,,Air,Sulphur dioxide,Emission,Stack Emissions,tonnes,5017.201749,MetalliCan,MetalliCan,,,Ore processed,1,ore
ON-MAIN-4c35e094,,,,Air,Sulphuric acid,Emission,Stack Emissions,tonnes,0.066925,MetalliCan,MetalliCan,,,Ore processed,1,ore
ON-MAIN-4c35e094,,,,Air,Thallium (and its compounds),Emission,Stack Emissions,kg,24.818964,MetalliCan,MetalliCan,,,Ore processed,1,ore
ON-MAIN-4c35e094,,,,Air,Toluene,Emission,Stack Emissions,tonnes,0.245054,MetalliCan,MetalliCan,,,Ore processed,1,ore
ON-MAIN-4c35e094,,,,Air,Total particulate matter,Emission,Stack Emissions,tonnes,727.504189,MetalliCan,MetalliCan,,,Ore processed,1,ore
ON-MAIN-4c35e094,,,,Air,Total reduced sulphur (expressed as hydrogen sulphide),Emission,Stack Emissions,tonnes,8.933556,MetalliCan,MetalliCan,,,Ore processed,1,ore
ON-MAIN-4c35e094,,,,Air,Vanadium (and its compounds),Emission,Stack Emissions,tonnes,0.035203,MetalliCan,MetalliCan,,,Ore processed,1,ore
ON-MAIN-4c35e094,,,,Air,Volatile Organic Compounds (Total),Emission,Stack Emissions,tonnes,76.565154,MetalliCan,MetalliCan,,,Ore processed,1,ore
ON-MAIN-4c35e094,,,,Air,Xylene (all isomers),Emission,Stack Emissions,tonnes,0.067207,MetalliCan,MetalliCan,,,Ore processed,1,ore
ON-MAIN-4c35e094,,,,Air,Zinc (and its compounds),Emission,Stack Emissions,tonnes,5.865248,MetalliCan,MetalliCan,,,Ore processed,1,ore
ON-MAIN-020a683c,,,,Air,Hydrochloric acid,Emission,Stack Emissions,tonnes,0.898,MetalliCan,MetalliCan,,,Ore processed,1,ore
ON-MAIN-020a683c,,,,Air,Lead (and its compounds),Emission,Stack Emissions,kg,45.48,MetalliCan,MetalliCan,,,Ore processed,1,ore
ON-MAIN-020a683c,,,,Air,PM10 - Particulate Matter <= 10 Micrometers,Emission,Stack Emissions,tonnes,11.380661,MetalliCan,MetalliCan,,,Ore processed,1,ore
ON-MAIN-020a683c,,,,Air,PM2.5 - Particulate Matter <= 2.5 Micrometers,Emission,Stack Emissions,tonnes,7.667088,MetalliCan,MetalliCan,,,Ore processed,1,ore
ON-MAIN-e928d96a,,,,Air,Arsenic (and its compounds),Emission,Stack Emissions,kg,0.07,MetalliCan,MetalliCan,,,Ore processed,1,ore
ON-MAIN-e928d96a,,,,Air,Cadmium (and its compounds),Emission,Stack Emissions,kg,0.13,MetalliCan,MetalliCan,,,Ore processed,1,ore
ON-MAIN-e928d96a,,,,Air,Chlorine,Emission,Stack Emissions,tonnes,0.097,MetalliCan,MetalliCan,,,Ore processed,1,ore
ON-MAIN-e928d96a,,,,Air,Copper (and its compounds),Emission,Stack Emissions,tonnes,0.002,MetalliCan,MetalliCan,,,Ore processed,1,ore
ON-MAIN-e928d96a,,,,Air,Hydrochloric acid,Emission,Stack Emissions,tonnes,1.222,MetalliCan,MetalliCan,,,Ore processed,1,ore
ON-MAIN-e928d96a,,,,Air,Lead (and its compounds),Emission,Stack Emissions,kg,4.732,MetalliCan,MetalliCan,,,Ore processed,1,ore
ON-MAIN-e928d96a,,,,Air,Silver (and its compounds),Emission,Stack Emissions,tonnes,0.004,MetalliCan,MetalliCan,,,Ore processed,1,ore
ON-MAIN-e928d96a,,,,Air,Zinc (and its compounds),Emission,Stack Emissions,tonnes,0.008,MetalliCan,MetalliCan,,,Ore processed,1,ore
QC-MAIN-eac5a52b,,,,Air,Acenaphthylene,Emission,Stack Emissions,kg,0.73,MetalliCan,MetalliCan,,,Ore processed,1,ore
QC-MAIN-eac5a52b,,,,Air,Anthracene,Emission,Stack Emissions,kg,0.00219,MetalliCan,MetalliCan,,,Ore processed,1,ore
QC-MAIN-eac5a52b,,,,Air,Benzo[a]pyrene,Emission,Stack Emissions,kg,0.12,MetalliCan,MetalliCan,,,Ore processed,1,ore
QC-MAIN-eac5a52b,,,,Air,Carbon monoxide,Emission,Stack Emissions,tonnes,28450.061,MetalliCan,MetalliCan,,,Ore processed,1,ore
QC-MAIN-eac5a52b,,,,Air,Carbonyl sulphide,Emission,Stack Emissions,tonnes,170.49,MetalliCan,MetalliCan,,,Ore processed,1,ore
QC-MAIN-eac5a52b,,,,Air,Ethylene,Emission,Stack Emissions,tonnes,1.3415,MetalliCan,MetalliCan,,,Ore processed,1,ore
QC-MAIN-eac5a52b,,,,Air,Fluoranthene,Emission,Stack Emissions,kg,4.43,MetalliCan,MetalliCan,,,Ore processed,1,ore
QC-MAIN-eac5a52b,,,,Air,Fluorene,Emission,Stack Emissions,kg,6.01,MetalliCan,MetalliCan,,,Ore processed,1,ore
QC-MAIN-eac5a52b,,,,Air,Hydrogen fluoride,Emission,Stack Emissions,tonnes,19.62,MetalliCan,MetalliCan,,,Ore processed,1,ore
QC-MAIN-eac5a52b,,,,Air,n-Hexane,Emission,Stack Emissions,tonnes,0.1511,MetalliCan,MetalliCan,,,Ore processed,1,ore
QC-MAIN-eac5a52b,,,,Air,Nitrogen oxides (expressed as nitrogen dioxide),Emission,Stack Emissions,tonnes,29.072,MetalliCan,MetalliCan,,,Ore processed,1,ore
QC-MAIN-eac5a52b,,,,Air,Phenanthrene,Emission,Stack Emissions,kg,18.6,MetalliCan,MetalliCan,,,Ore processed,1,ore
QC-MAIN-eac5a52b,,,,Air,PM10 - Particulate Matter <= 10 Micrometers,Emission,Stack Emissions,tonnes,55.313,MetalliCan,MetalliCan,,,Ore processed,1,ore
QC-MAIN-eac5a52b,,,,Air,PM2.5 - Particulate Matter <= 2.5 Micrometers,Emission,Stack Emissions,tonnes,46.522,MetalliCan,MetalliCan,,,Ore processed,1,ore
QC-MAIN-eac5a52b,,,,Air,Pyrene,Emission,Stack Emissions,kg,6.16,MetalliCan,MetalliCan,,,Ore processed,1,ore
QC-MAIN-eac5a52b,,,,Air,Styrene,Emission,Stack Emissions,tonnes,0.0932,MetalliCan,MetalliCan,,,Ore processed,1,ore
QC-MAIN-eac5a52b,,,,Air,Sulphur dioxide,Emission,Stack Emissions,tonnes,4516.523,MetalliCan,MetalliCan,,,Ore processed,1,ore
QC-MAIN-eac5a52b,,,,Air,Toluene,Emission,Stack Emissions,tonnes,0.362,MetalliCan,MetalliCan,,,Ore processed,1,ore
QC-MAIN-eac5a52b,,,,Air,Total particulate matter,Emission,Stack Emissions,tonnes,66.567,MetalliCan,MetalliCan,,,Ore processed,1,ore
QC-MAIN-eac5a52b,,,,Air,Total reduced sulphur (expressed as hydrogen sulphide),Emission,Stack Emissions,tonnes,96.67,MetalliCan,MetalliCan,,,Ore processed,1,ore
QC-MAIN-eac5a52b,,,,Air,Volatile Organic Compounds (Total),Emission,Stack Emissions,tonnes,34.312,MetalliCan,MetalliCan,,,Ore processed,1,ore
QC-MAIN-5398dfac,,,,Air,Carbon monoxide,Emission,Stack Emissions,tonnes,68.85,MetalliCan,MetalliCan,,,Ore processed,1,ore
QC-MAIN-5398dfac,,,,Air,Nitrogen oxides (expressed as nitrogen dioxide),Emission,Stack Emissions,tonnes,155.83,MetalliCan,MetalliCan,,,Ore processed,1,ore
QC-MAIN-5398dfac,,,,Air,PM10 - Particulate Matter <= 10 Micrometers,Emission,Stack Emissions,tonnes,17.76,MetalliCan,MetalliCan,,,Ore processed,1,ore
QC-MAIN-5398dfac,,,,Air,PM2.5 - Particulate Matter <= 2.5 Micrometers,Emission,Stack Emissions,tonnes,13.81,MetalliCan,MetalliCan,,,Ore processed,1,ore
QC-MAIN-5398dfac,,,,Air,Sulphur dioxide,Emission,Stack Emissions,tonnes,466.32,MetalliCan,MetalliCan,,,Ore processed,1,ore
QC-MAIN-5398dfac,,,,Air,Total particulate matter,Emission,Stack Emissions,tonnes,24.66,MetalliCan,MetalliCan,,,Ore processed,1,ore
SK-MAIN-26b9aaf3,,,,Air,Acenaphthylene,Emission,Stack Emissions,kg,69.3983,MetalliCan,MetalliCan,,,Ore processed,1,ore
SK-MAIN-26b9aaf3,,,,Air,Anthracene,Emission,Stack Emissions,kg,4.7557,MetalliCan,MetalliCan,,,Ore processed,1,ore
SK-MAIN-26b9aaf3,,,,Air,Arsenic (and its compounds),Emission,Stack Emissions,kg,6.4994,MetalliCan,MetalliCan,,,Ore processed,1,ore
SK-MAIN-26b9aaf3,,,,Air,Benzo[e]pyrene,Emission,Stack Emissions,kg,1.2132,MetalliCan,MetalliCan,,,Ore processed,1,ore
SK-MAIN-26b9aaf3,,,,Air,Benzo[ghi]perylene,Emission,Stack Emissions,kg,2.3068,MetalliCan,MetalliCan,,,Ore processed,1,ore
SK-MAIN-26b9aaf3,,,,Air,Cadmium (and its compounds),Emission,Stack Emissions,kg,54.0331,MetalliCan,MetalliCan,,,Ore processed,1,ore
SK-MAIN-26b9aaf3,,,,Air,Carbon monoxide,Emission,Stack Emissions,tonnes,1022.0766,MetalliCan,MetalliCan,,,Ore processed,1,ore
SK-MAIN-26b9aaf3,,,,Air,Chrysene,Emission,Stack Emissions,kg,1.8401,MetalliCan,MetalliCan,,,Ore processed,1,ore
SK-MAIN-26b9aaf3,,,,Air,Cobalt (and its compounds),Emission,Stack Emissions,kg,3.2354,MetalliCan,MetalliCan,,,Ore processed,1,ore
SK-MAIN-26b9aaf3,,,,Air,Dioxins and furans - total,Emission,Stack Emissions,g TEQ,2.42043,MetalliCan,MetalliCan,,,Ore processed,1,ore
SK-MAIN-26b9aaf3,,,,Air,Fluoranthene,Emission,Stack Emissions,kg,29.7652,MetalliCan,MetalliCan,,,Ore processed,1,ore
SK-MAIN-26b9aaf3,,,,Air,Fluorene,Emission,Stack Emissions,kg,16.0566,MetalliCan,MetalliCan,,,Ore processed,1,ore
SK-MAIN-26b9aaf3,,,,Air,Hexachlorobenzene,Emission,Stack Emissions,grams,354.7743,MetalliCan,MetalliCan,,,Ore processed,1,ore
SK-MAIN-26b9aaf3,,,,Air,Hexavalent chromium (and its compounds),Emission,Stack Emissions,kg,0.0201,MetalliCan,MetalliCan,,,Ore processed,1,ore
SK-MAIN-26b9aaf3,,,,Air,Lead (and its compounds),Emission,Stack Emissions,kg,420.9951,MetalliCan,MetalliCan,,,Ore processed,1,ore
SK-MAIN-26b9aaf3,,,,Air,Mercury (and its compounds),Emission,Stack Emissions,tonnes,0.0783921,MetalliCan,MetalliCan,,,Ore processed,1,ore
SK-MAIN-26b9aaf3,,,,Air,Nitrogen oxides (expressed as nitrogen dioxide),Emission,Stack Emissions,tonnes,389.1237,MetalliCan,MetalliCan,,,Ore processed,1,ore
SK-MAIN-26b9aaf3,,,,Air,Phenanthrene,Emission,Stack Emissions,kg,58.6934,MetalliCan,MetalliCan,,,Ore processed,1,ore
SK-MAIN-26b9aaf3,,,,Air,PM10 - Particulate Matter <= 10 Micrometers,Emission,Stack Emissions,tonnes,83.255,MetalliCan,MetalliCan,,,Ore processed,1,ore
SK-MAIN-26b9aaf3,,,,Air,PM2.5 - Particulate Matter <= 2.5 Micrometers,Emission,Stack Emissions,tonnes,55.794,MetalliCan,MetalliCan,,,Ore processed,1,ore
SK-MAIN-26b9aaf3,,,,Air,Pyrene,Emission,Stack Emissions,kg,28.3672,MetalliCan,MetalliCan,,,Ore processed,1,ore
SK-MAIN-26b9aaf3,,,,Air,Quinoline,Emission,Stack Emissions,kg,7.9606,MetalliCan,MetalliCan,,,Ore processed,1,ore
SK-MAIN-26b9aaf3,,,,Air,Selenium (and its compounds),Emission,Stack Emissions,kg,0.4644,MetalliCan,MetalliCan,,,Ore processed,1,ore
SK-MAIN-26b9aaf3,,,,Air,Sulphur dioxide,Emission,Stack Emissions,tonnes,200.7253,MetalliCan,MetalliCan,,,Ore processed,1,ore
SK-MAIN-26b9aaf3,,,,Air,Total particulate matter,Emission,Stack Emissions,tonnes,111.0093,MetalliCan,MetalliCan,,,Ore processed,1,ore
SK-MAIN-26b9aaf3,,,,Air,Volatile Organic Compounds (Total),Emission,Stack Emissions,tonnes,9.517,MetalliCan,MetalliCan,,,Ore processed,1,ore
SK-MAIN-26b9aaf3,,,,Air,Zinc (and its compounds),Emission,Stack Emissions,tonnes,4.416,MetalliCan,MetalliCan,,,Ore processed,1,ore
ON-MAIN-21b6ab35,,,,Air,Arsenic (and its compounds),Emission,Stack Emissions,kg,1.696,MetalliCan,MetalliCan,,,Ore processed,1,ore
ON-MAIN-21b6ab35,,,,Air,Cadmium (and its compounds),Emission,Stack Emissions,kg,13.5876,MetalliCan,MetalliCan,,,Ore processed,1,ore
MB-MAIN-b4ca1426,,,,Air,Carbon monoxide,Emission,Stack Emissions,tonnes,354.15888,MetalliCan,MetalliCan,,,Ore processed,1,ore
ON-MAIN-21b6ab35,,,,Air,Carbon monoxide,Emission,Stack Emissions,tonnes,248.9104,MetalliCan,MetalliCan,,,Ore processed,1,ore
MB-MAIN-b4ca1426,,,,Air,Dioxins and furans - total,Emission,Stack Emissions,g TEQ,0.346574,MetalliCan,MetalliCan,,,Ore processed,1,ore
ON-MAIN-21b6ab35,,,,Air,Dioxins and furans - total,Emission,Stack Emissions,g TEQ,0.315157,MetalliCan,MetalliCan,,,Ore processed,1,ore
MB-MAIN-b4ca1426,,,,Air,Hexachlorobenzene,Emission,Stack Emissions,grams,282.208,MetalliCan,MetalliCan,,,Ore processed,1,ore
ON-MAIN-21b6ab35,,,,Air,Hexachlorobenzene,Emission,Stack Emissions,grams,77.0455,MetalliCan,MetalliCan,,,Ore processed,1,ore
MB-MAIN-b4ca1426,,,,Air,Lead (and its compounds),Emission,Stack Emissions,kg,176.68039,MetalliCan,MetalliCan,,,Ore processed,1,ore
ON-MAIN-21b6ab35,,,,Air,Lead (and its compounds),Emission,Stack Emissions,kg,173.2263,MetalliCan,MetalliCan,,,Ore processed,1,ore
MB-MAIN-b4ca1426,,,,Air,Manganese (and its compounds),Emission,Stack Emissions,tonnes,0.6932,MetalliCan,MetalliCan,,,Ore processed,1,ore
ON-MAIN-21b6ab35,,,,Air,Manganese (and its compounds),Emission,Stack Emissions,tonnes,0.4118,MetalliCan,MetalliCan,,,Ore processed,1,ore
MB-MAIN-b4ca1426,,,,Air,Mercury (and its compounds),Emission,Stack Emissions,tonnes,0.01709655,MetalliCan,MetalliCan,,,Ore processed,1,ore
ON-MAIN-21b6ab35,,,,Air,Mercury (and its compounds),Emission,Stack Emissions,tonnes,0.048209,MetalliCan,MetalliCan,,,Ore processed,1,ore
MB-MAIN-b4ca1426,,,,Air,Nitrogen oxides (expressed as nitrogen dioxide),Emission,Stack Emissions,tonnes,113.57368,MetalliCan,MetalliCan,,,Ore processed,1,ore
ON-MAIN-21b6ab35,,,,Air,Nitrogen oxides (expressed as nitrogen dioxide),Emission,Stack Emissions,tonnes,91.0155,MetalliCan,MetalliCan,,,Ore processed,1,ore
MB-MAIN-b4ca1426,,,,Air,PM10 - Particulate Matter <= 10 Micrometers,Emission,Stack Emissions,tonnes,11.00455,MetalliCan,MetalliCan,,,Ore processed,1,ore
ON-MAIN-21b6ab35,,,,Air,PM10 - Particulate Matter <= 10 Micrometers,Emission,Stack Emissions,tonnes,30.7487,MetalliCan,MetalliCan,,,Ore processed,1,ore
ON-MAIN-bddeaef0,,,,Air,PM10 - Particulate Matter <= 10 Micrometers,Emission,Stack Emissions,tonnes,0.976,MetalliCan,MetalliCan,,,Ore processed,1,ore
MB-MAIN-b4ca1426,,,,Air,PM2.5 - Particulate Matter <= 2.5 Micrometers,Emission,Stack Emissions,tonnes,11.00455,MetalliCan,MetalliCan,,,Ore processed,1,ore
ON-MAIN-21b6ab35,,,,Air,PM2.5 - Particulate Matter <= 2.5 Micrometers,Emission,Stack Emissions,tonnes,28.8656,MetalliCan,MetalliCan,,,Ore processed,1,ore
ON-MAIN-bddeaef0,,,,Air,PM2.5 - Particulate Matter <= 2.5 Micrometers,Emission,Stack Emissions,tonnes,0.976,MetalliCan,MetalliCan,,,Ore processed,1,ore
MB-MAIN-b4ca1426,,,,Air,Selenium (and its compounds),Emission,Stack Emissions,kg,4.30993,MetalliCan,MetalliCan,,,Ore processed,1,ore
MB-MAIN-b4ca1426,,,,Air,Sulphur dioxide,Emission,Stack Emissions,tonnes,78.78146,MetalliCan,MetalliCan,,,Ore processed,1,ore
ON-MAIN-21b6ab35,,,,Air,Sulphur dioxide,Emission,Stack Emissions,tonnes,92.1227,MetalliCan,MetalliCan,,,Ore processed,1,ore
MB-MAIN-b4ca1426,,,,Air,Total particulate matter,Emission,Stack Emissions,tonnes,24.69232,MetalliCan,MetalliCan,,,Ore processed,1,ore
ON-MAIN-21b6ab35,,,,Air,Total particulate matter,Emission,Stack Emissions,tonnes,43.3091,MetalliCan,MetalliCan,,,Ore processed,1,ore
MB-MAIN-b4ca1426,,,,Air,Volatile Organic Compounds (Total),Emission,Stack Emissions,tonnes,26.97587,MetalliCan,MetalliCan,,,Ore processed,1,ore
MB-MAIN-b4ca1426,,,,Air,Zinc (and its compounds),Emission,Stack Emissions,tonnes,1.58901,MetalliCan,MetalliCan,,,Ore processed,1,ore
ON-MAIN-21b6ab35,,,,Air,Zinc (and its compounds),Emission,Stack Emissions,tonnes,3.8048,MetalliCan,MetalliCan,,,Ore processed,1,ore
ON-MAIN-fc6f1a44,,,,Air,Acenaphthene,Emission,Stack Emissions,kg,5.119453,MetalliCan,MetalliCan,,,Ore processed,1,ore
ON-MAIN-fc6f1a44,,,,Air,Acenaphthylene,Emission,Stack Emissions,kg,28.695351,MetalliCan,MetalliCan,,,Ore processed,1,ore
ON-MAIN-fc6f1a44,,,,Air,Anthracene,Emission,Stack Emissions,kg,11.22162,MetalliCan,MetalliCan,,,Ore processed,1,ore
ON-MAIN-fc6f1a44,,,,Air,Arsenic (and its compounds),Emission,Stack Emissions,kg,1.57056,MetalliCan,MetalliCan,,,Ore processed,1,ore
ON-MAIN-fc6f1a44,,,,Air,Cadmium (and its compounds),Emission,Stack Emissions,kg,1.04424,MetalliCan,MetalliCan,,,Ore processed,1,ore
ON-MAIN-fc6f1a44,,,,Air,Carbon monoxide,Emission,Stack Emissions,tonnes,58.821096,MetalliCan,MetalliCan,,,Ore processed,1,ore
ON-MAIN-fc6f1a44,,,,Air,Cobalt (and its compounds),Emission,Stack Emissions,kg,1.647881,MetalliCan,MetalliCan,,,Ore processed,1,ore
ON-MAIN-fc6f1a44,,,,Air,Dioxins and furans - total,Emission,Stack Emissions,g TEQ,0.352554,MetalliCan,MetalliCan,,,Ore processed,1,ore
ON-MAIN-fc6f1a44,,,,Air,Fluoranthene,Emission,Stack Emissions,kg,7.224203,MetalliCan,MetalliCan,,,Ore processed,1,ore
ON-MAIN-fc6f1a44,,,,Air,Fluorene,Emission,Stack Emissions,kg,9.151649,MetalliCan,MetalliCan,,,Ore processed,1,ore
ON-MAIN-fc6f1a44,,,,Air,Hexachlorobenzene,Emission,Stack Emissions,grams,66.369663,MetalliCan,MetalliCan,,,Ore processed,1,ore
ON-MAIN-fc6f1a44,,,,Air,Lead (and its compounds),Emission,Stack Emissions,kg,3.432688,MetalliCan,MetalliCan,,,Ore processed,1,ore
ON-MAIN-fc6f1a44,,,,Air,Mercury (and its compounds),Emission,Stack Emissions,tonnes,0.013602537,MetalliCan,MetalliCan,,,Ore processed,1,ore
ON-MAIN-fc6f1a44,,,,Air,Nitrogen oxides (expressed as nitrogen dioxide),Emission,Stack Emissions,tonnes,150.744122,MetalliCan,MetalliCan,,,Ore processed,1,ore
ON-MAIN-fc6f1a44,,,,Air,Phenanthrene,Emission,Stack Emissions,kg,19.993532,MetalliCan,MetalliCan,,,Ore processed,1,ore
ON-MAIN-fc6f1a44,,,,Air,PM10 - Particulate Matter <= 10 Micrometers,Emission,Stack Emissions,tonnes,21.234848,MetalliCan,MetalliCan,,,Ore processed,1,ore
ON-MAIN-fc6f1a44,,,,Air,PM2.5 - Particulate Matter <= 2.5 Micrometers,Emission,Stack Emissions,tonnes,20.730811,MetalliCan,MetalliCan,,,Ore processed,1,ore
ON-MAIN-fc6f1a44,,,,Air,Pyrene,Emission,Stack Emissions,kg,8.656695,MetalliCan,MetalliCan,,,Ore processed,1,ore
ON-MAIN-fc6f1a44,,,,Air,Quinoline,Emission,Stack Emissions,kg,6.594147,MetalliCan,MetalliCan,,,Ore processed,1,ore
ON-MAIN-fc6f1a44,,,,Air,Sulphur dioxide,Emission,Stack Emissions,tonnes,29.323874,MetalliCan,MetalliCan,,,Ore processed,1,ore
ON-MAIN-fc6f1a44,,,,Air,Total particulate matter,Emission,Stack Emissions,tonnes,27.282669,MetalliCan,MetalliCan,,,Ore processed,1,ore
QC-MAIN-52c01ae4,,,,Air,Anthracene,Emission,Stack Emissions,kg,0.203,MetalliCan,MetalliCan,,,Ore processed,1,ore
QC-MAIN-52c01ae4,,,,Air,Benz[a]anthracene,Emission,Stack Emissions,kg,0.203,MetalliCan,MetalliCan,,,Ore processed,1,ore
QC-MAIN-52c01ae4,,,,Air,Benzo[a]pyrene,Emission,Stack Emissions,kg,0.203,MetalliCan,MetalliCan,,,Ore processed,1,ore
QC-MAIN-52c01ae4,,,,Air,Benzo[b]fluoranthene,Emission,Stack Emissions,kg,0.098,MetalliCan,MetalliCan,,,Ore processed,1,ore
QC-MAIN-52c01ae4,,,,Air,Benzo[e]pyrene,Emission,Stack Emissions,kg,0.203,MetalliCan,MetalliCan,,,Ore processed,1,ore
QC-MAIN-52c01ae4,,,,Air,Benzo[ghi]perylene,Emission,Stack Emissions,kg,0.203,MetalliCan,MetalliCan,,,Ore processed,1,ore
QC-MAIN-52c01ae4,,,,Air,Benzo[j]fluoranthene,Emission,Stack Emissions,kg,0.098,MetalliCan,MetalliCan,,,Ore processed,1,ore
QC-MAIN-52c01ae4,,,,Air,Benzo[k]fluoranthene,Emission,Stack Emissions,kg,0.203,MetalliCan,MetalliCan,,,Ore processed,1,ore
QC-MAIN-52c01ae4,,,,Air,Carbon monoxide,Emission,Stack Emissions,tonnes,33750.7,MetalliCan,MetalliCan,,,Ore processed,1,ore
QC-MAIN-52c01ae4,,,,Air,Carbonyl sulphide,Emission,Stack Emissions,tonnes,215.88,MetalliCan,MetalliCan,,,Ore processed,1,ore
QC-MAIN-52c01ae4,,,,Air,Chrysene,Emission,Stack Emissions,kg,0.203,MetalliCan,MetalliCan,,,Ore processed,1,ore
QC-MAIN-52c01ae4,,,,Air,"Dibenz[a,h]anthracene",Emission,Stack Emissions,kg,0.203,MetalliCan,MetalliCan,,,Ore processed,1,ore
QC-MAIN-52c01ae4,,,,Air,Fluoranthene,Emission,Stack Emissions,kg,0.203,MetalliCan,MetalliCan,,,Ore processed,1,ore
QC-MAIN-52c01ae4,,,,Air,Fluorene,Emission,Stack Emissions,kg,0.203,MetalliCan,MetalliCan,,,Ore processed,1,ore
QC-MAIN-52c01ae4,,,,Air,Hydrogen fluoride,Emission,Stack Emissions,tonnes,6.8,MetalliCan,MetalliCan,,,Ore processed,1,ore
QC-MAIN-52c01ae4,,,,Air,"Indeno[1,2,3-cd]pyrene",Emission,Stack Emissions,kg,0.203,MetalliCan,MetalliCan,,,Ore processed,1,ore
QC-MAIN-52c01ae4,,,,Air,Nitrogen oxides (expressed as nitrogen dioxide),Emission,Stack Emissions,tonnes,31.198,MetalliCan,MetalliCan,,,Ore processed,1,ore
QC-MAIN-52c01ae4,,,,Air,Phenanthrene,Emission,Stack Emissions,kg,0.203,MetalliCan,MetalliCan,,,Ore processed,1,ore
QC-MAIN-52c01ae4,,,,Air,PM10 - Particulate Matter <= 10 Micrometers,Emission,Stack Emissions,tonnes,41.215,MetalliCan,MetalliCan,,,Ore processed,1,ore
QC-MAIN-52c01ae4,,,,Air,PM2.5 - Particulate Matter <= 2.5 Micrometers,Emission,Stack Emissions,tonnes,35.637,MetalliCan,MetalliCan,,,Ore processed,1,ore
QC-MAIN-52c01ae4,,,,Air,Pyrene,Emission,Stack Emissions,kg,0.301,MetalliCan,MetalliCan,,,Ore processed,1,ore
QC-MAIN-52c01ae4,,,,Air,Sulphur dioxide,Emission,Stack Emissions,tonnes,4383.489,MetalliCan,MetalliCan,,,Ore processed,1,ore
QC-MAIN-52c01ae4,,,,Air,Total particulate matter,Emission,Stack Emissions,tonnes,56.743,MetalliCan,MetalliCan,,,Ore processed,1,ore
QC-MAIN-52c01ae4,,,,Air,Total reduced sulphur (expressed as hydrogen sulphide),Emission,Stack Emissions,tonnes,123.31,MetalliCan,MetalliCan,,,Ore processed,1,ore
QC-MAIN-52c01ae4,,,,Air,Volatile Organic Compounds (Total),Emission,Stack Emissions,tonnes,32.738,MetalliCan,MetalliCan,,,Ore processed,1,ore
ON-MAIN-6bd6cc80,,,,Air,PM10 - Particulate Matter <= 10 Micrometers,Emission,Stack Emissions,tonnes,2.905,MetalliCan,MetalliCan,,,Ore processed,1,ore
ON-MAIN-6bd6cc80,,,,Air,PM2.5 - Particulate Matter <= 2.5 Micrometers,Emission,Stack Emissions,tonnes,0.627,MetalliCan,MetalliCan,,,Ore processed,1,ore
AB-MAIN-d3a4aba9,Refining at The Cobalt Refinery Company Inc.,Refinery,Co hydrometallurgical refinery,Air,Ammonia (total),Emission,Stack Emissions,tonnes,127.312,MetalliCan,MetalliCan,0.0,inf,Ore processed,1,ore
AB-MAIN-d3a4aba9,Refining at The Cobalt Refinery Company Inc.,Refinery,Co hydrometallurgical refinery,Air,Carbon monoxide,Emission,Stack Emissions,tonnes,189.137,MetalliCan,MetalliCan,0.0,inf,Ore processed,1,ore
AB-MAIN-d3a4aba9,Refining at The Cobalt Refinery Company Inc.,Refinery,Co hydrometallurgical refinery,Air,Nitrogen oxides (expressed as nitrogen dioxide),Emission,Stack Emissions,tonnes,1099.925,MetalliCan,MetalliCan,0.0,inf,Ore processed,1,ore
AB-MAIN-d3a4aba9,Refining at The Cobalt Refinery Company Inc.,Refinery,Co hydrometallurgical refinery,Air,PM10 - Particulate Matter <= 10 Micrometers,Emission,Stack Emissions,tonnes,43.701,MetalliCan,MetalliCan,0.0,inf,Ore processed,1,ore
AB-MAIN-d3a4aba9,Refining at The Cobalt Refinery Company Inc.,Refinery,Co hydrometallurgical refinery,Air,PM2.5 - Particulate Matter <= 2.5 Micrometers,Emission,Stack Emissions,tonnes,8.343,MetalliCan,MetalliCan,0.0,inf,Ore processed,1,ore
AB-MAIN-d3a4aba9,Refining at The Cobalt Refinery Company Inc.,Refinery,Co hydrometallurgical refinery,Air,Sulphur dioxide,Emission,Stack Emissions,tonnes,85.916,MetalliCan,MetalliCan,0.0,inf,Ore processed,1,ore
AB-MAIN-d3a4aba9,Refining at The Cobalt Refinery Company Inc.,Refinery,Co hydrometallurgical refinery,Air,Sulphuric acid,Emission,Stack Emissions,tonnes,3.846,MetalliCan,MetalliCan,0.0,inf,Ore processed,1,ore
AB-MAIN-d3a4aba9,Refining at The Cobalt Refinery Company Inc.,Refinery,Co hydrometallurgical refinery,Air,Total particulate matter,Emission,Stack Emissions,tonnes,44.265,MetalliCan,MetalliCan,0.0,inf,Ore processed,1,ore
QC-MAIN-c1cc9f7c,,,,Air,Acenaphthene,Emission,Stack Emissions,kg,11.323,MetalliCan,MetalliCan,,,Ore processed,1,ore
QC-MAIN-c1cc9f7c,,,,Air,Acenaphthylene,Emission,Stack Emissions,kg,23.98,MetalliCan,MetalliCan,,,Ore processed,1,ore
QC-MAIN-c1cc9f7c,,,,Air,Carbon monoxide,Emission,Stack Emissions,tonnes,825.983,MetalliCan,MetalliCan,,,Ore processed,1,ore
QC-MAIN-c1cc9f7c,,,,Air,Fluorene,Emission,Stack Emissions,kg,24.919,MetalliCan,MetalliCan,,,Ore processed,1,ore
QC-MAIN-c1cc9f7c,,,,Air,Nitrogen oxides (expressed as nitrogen dioxide),Emission,Stack Emissions,tonnes,1553.648,MetalliCan,MetalliCan,,,Ore processed,1,ore
QC-MAIN-c1cc9f7c,,,,Air,"PAHs, total unspeciated",Emission,Stack Emissions,kg,297.949,MetalliCan,MetalliCan,,,Ore processed,1,ore
QC-MAIN-c1cc9f7c,,,,Air,Phenanthrene,Emission,Stack Emissions,kg,88.04,MetalliCan,MetalliCan,,,Ore processed,1,ore
QC-MAIN-c1cc9f7c,,,,Air,PM10 - Particulate Matter <= 10 Micrometers,Emission,Stack Emissions,tonnes,198.0,MetalliCan,MetalliCan,,,Ore processed,1,ore
QC-MAIN-c1cc9f7c,,,,Air,PM2.5 - Particulate Matter <= 2.5 Micrometers,Emission,Stack Emissions,tonnes,172.788,MetalliCan,MetalliCan,,,Ore processed,1,ore
QC-MAIN-c1cc9f7c,,,,Air,Sulphur dioxide,Emission,Stack Emissions,tonnes,828.545,MetalliCan,MetalliCan,,,Ore processed,1,ore
QC-MAIN-c1cc9f7c,,,,Air,Total particulate matter,Emission,Stack Emissions,tonnes,198.0,MetalliCan,MetalliCan,,,Ore processed,1,ore
QC-MAIN-c1cc9f7c,,,,Air,Volatile Organic Compounds (Total),Emission,Stack Emissions,tonnes,245.232,MetalliCan,MetalliCan,,,Ore processed,1,ore
ON-MAIN-020a683c,,,,Air,Acenaphthylene,Emission,Stack Emissions,kg,0.0018,MetalliCan,MetalliCan,,,Ore processed,1,ore
ON-MAIN-020a683c,,,,Air,Anthracene,Emission,Stack Emissions,kg,0.0024,MetalliCan,MetalliCan,,,Ore processed,1,ore
ON-MAIN-020a683c,,,,Air,Benz[a]anthracene,Emission,Stack Emissions,kg,22.6689,MetalliCan,MetalliCan,,,Ore processed,1,ore
ON-MAIN-020a683c,,,,Air,Benzene,Emission,Stack Emissions,tonnes,0.002132,MetalliCan,MetalliCan,,,Ore processed,1,ore
ON-MAIN-020a683c,,,,Air,Benzo[a]pyrene,Emission,Stack Emissions,kg,16.0898,MetalliCan,MetalliCan,,,Ore processed,1,ore
ON-MAIN-020a683c,,,,Air,Benzo[b]fluoranthene,Emission,Stack Emissions,kg,19.7442,MetalliCan,MetalliCan,,,Ore processed,1,ore
ON-MAIN-020a683c,,,,Air,Benzo[e]pyrene,Emission,Stack Emissions,kg,15.3551,MetalliCan,MetalliCan,,,Ore processed,1,ore
ON-MAIN-020a683c,,,,Air,Benzo[ghi]perylene,Emission,Stack Emissions,kg,11.5541,MetalliCan,MetalliCan,,,Ore processed,1,ore
ON-MAIN-020a683c,,,,Air,Benzo[j]fluoranthene,Emission,Stack Emissions,kg,7.312,MetalliCan,MetalliCan,,,Ore processed,1,ore
ON-MAIN-020a683c,,,,Air,Benzo[k]fluoranthene,Emission,Stack Emissions,kg,7.3138,MetalliCan,MetalliCan,,,Ore processed,1,ore
ON-MAIN-020a683c,,,,Air,Carbon monoxide,Emission,Stack Emissions,tonnes,158.8229,MetalliCan,MetalliCan,,,Ore processed,1,ore
ON-MAIN-020a683c,,,,Air,Chrysene,Emission,Stack Emissions,kg,26.6905,MetalliCan,MetalliCan,,,Ore processed,1,ore
ON-MAIN-020a683c,,,,Air,"Dibenz[a,h]anthracene",Emission,Stack Emissions,kg,1.9023,MetalliCan,MetalliCan,,,Ore processed,1,ore
ON-MAIN-020a683c,,,,Air,Ethylene,Emission,Stack Emissions,tonnes,0.324224,MetalliCan,MetalliCan,,,Ore processed,1,ore
ON-MAIN-020a683c,,,,Air,Fluoranthene,Emission,Stack Emissions,kg,84.4564,MetalliCan,MetalliCan,,,Ore processed,1,ore
ON-MAIN-020a683c,,,,Air,Hydrogen sulphide,Emission,Stack Emissions,tonnes,16.982,MetalliCan,MetalliCan,,,Ore processed,1,ore
ON-MAIN-020a683c,,,,Air,"Indeno[1,2,3-cd]pyrene",Emission,Stack Emissions,kg,7.9719,MetalliCan,MetalliCan,,,Ore processed,1,ore
ON-MAIN-020a683c,,,,Air,Lead (and its compounds),Emission,Stack Emissions,kg,0.5075,MetalliCan,MetalliCan,,,Ore processed,1,ore
ON-MAIN-020a683c,,,,Air,Naphthalene,Emission,Stack Emissions,tonnes,0.000619,MetalliCan,MetalliCan,,,Ore processed,1,ore
ON-MAIN-020a683c,,,,Air,n-Hexane,Emission,Stack Emissions,tonnes,1.827,MetalliCan,MetalliCan,,,Ore processed,1,ore
ON-MAIN-020a683c,,,,Air,Nitrogen oxides (expressed as nitrogen dioxide),Emission,Stack Emissions,tonnes,1152.5022,MetalliCan,MetalliCan,,,Ore processed,1,ore
ON-MAIN-020a683c,,,,Air,Perylene,Emission,Stack Emissions,kg,4.3141,MetalliCan,MetalliCan,,,Ore processed,1,ore
ON-MAIN-020a683c,,,,Air,Phenanthrene,Emission,Stack Emissions,kg,196.3438,MetalliCan,MetalliCan,,,Ore processed,1,ore
ON-MAIN-020a683c,,,,Air,PM10 - Particulate Matter <= 10 Micrometers,Emission,Stack Emissions,tonnes,197.9609,MetalliCan,MetalliCan,,,Ore processed,1,ore
ON-MAIN-020a683c,,,,Air,PM2.5 - Particulate Matter <= 2.5 Micrometers,Emission,Stack Emissions,tonnes,185.9294,MetalliCan,MetalliCan,,,Ore processed,1,ore
ON-MAIN-020a683c,,,,Air,Pyrene,Emission,Stack Emissions,kg,54.4793,MetalliCan,MetalliCan,,,Ore processed,1,ore
ON-MAIN-020a683c,,,,Air,Sulphur dioxide,Emission,Stack Emissions,tonnes,1863.7741,MetalliCan,MetalliCan,,,Ore processed,1,ore
ON-MAIN-020a683c,,,,Air,Toluene,Emission,Stack Emissions,tonnes,0.22332,MetalliCan,MetalliCan,,,Ore processed,1,ore
ON-MAIN-020a683c,,,,Air,Total particulate matter,Emission,Stack Emissions,tonnes,371.3478,MetalliCan,MetalliCan,,,Ore processed,1,ore
ON-MAIN-020a683c,,,,Air,Total reduced sulphur (expressed as hydrogen sulphide),Emission,Stack Emissions,tonnes,16.982,MetalliCan,MetalliCan,,,Ore processed,1,ore
ON-MAIN-020a683c,,,,Air,Volatile Organic Compounds (Total),Emission,Stack Emissions,tonnes,52.5031,MetalliCan,MetalliCan,,,Ore processed,1,ore
BC-MAIN-3bb6b7cd,Refining at Trail,Refinery,Zn refinery,Air,Ammonia (total),Emission,Stack Emissions,tonnes,301.14,MetalliCan,MetalliCan,0.0,inf,Ore processed,1,ore
BC-MAIN-3bb6b7cd,Refining at Trail,Refinery,Zn refinery,Air,Anthracene,Emission,Stack Emissions,kg,0.002,MetalliCan,MetalliCan,0.0,inf,Ore processed,1,ore
BC-MAIN-3bb6b7cd,Refining at Trail,Refinery,Zn refinery,Air,Antimony (and its compounds),Emission,Stack Emissions,tonnes,0.1783,MetalliCan,MetalliCan,0.0,inf,Ore processed,1,ore
BC-MAIN-3bb6b7cd,Refining at Trail,Refinery,Zn refinery,Air,Arsenic (and its compounds),Emission,Stack Emissions,kg,150.03,MetalliCan,MetalliCan,0.0,inf,Ore processed,1,ore
BC-MAIN-3bb6b7cd,Refining at Trail,Refinery,Zn refinery,Air,Cadmium (and its compounds),Emission,Stack Emissions,kg,88.26,MetalliCan,MetalliCan,0.0,inf,Ore processed,1,ore
BC-MAIN-3bb6b7cd,Refining at Trail,Refinery,Zn refinery,Air,Carbon monoxide,Emission,Stack Emissions,tonnes,83.88,MetalliCan,MetalliCan,0.0,inf,Ore processed,1,ore
BC-MAIN-3bb6b7cd,Refining at Trail,Refinery,Zn refinery,Air,Chromium (and its compounds),Emission,Stack Emissions,tonnes,0.16,MetalliCan,MetalliCan,0.0,inf,Ore processed,1,ore
BC-MAIN-3bb6b7cd,Refining at Trail,Refinery,Zn refinery,Air,Copper (and its compounds),Emission,Stack Emissions,tonnes,0.0503,MetalliCan,MetalliCan,0.0,inf,Ore processed,1,ore
BC-MAIN-3bb6b7cd,Refining at Trail,Refinery,Zn refinery,Air,Lead (and its compounds),Emission,Stack Emissions,kg,227.88,MetalliCan,MetalliCan,0.0,inf,Ore processed,1,ore
BC-MAIN-3bb6b7cd,Refining at Trail,Refinery,Zn refinery,Air,Manganese (and its compounds),Emission,Stack Emissions,tonnes,0.0327,MetalliCan,MetalliCan,0.0,inf,Ore processed,1,ore
BC-MAIN-3bb6b7cd,Refining at Trail,Refinery,Zn refinery,Air,Mercury (and its compounds),Emission,Stack Emissions,tonnes,0.26734,MetalliCan,MetalliCan,0.0,inf,Ore processed,1,ore
BC-MAIN-3bb6b7cd,Refining at Trail,Refinery,Zn refinery,Air,Methanol,Emission,Stack Emissions,tonnes,4.74,MetalliCan,MetalliCan,0.0,inf,Ore processed,1,ore
BC-MAIN-3bb6b7cd,Refining at Trail,Refinery,Zn refinery,Air,Naphthalene,Emission,Stack Emissions,tonnes,5.54,MetalliCan,MetalliCan,0.0,inf,Ore processed,1,ore
BC-MAIN-3bb6b7cd,Refining at Trail,Refinery,Zn refinery,Air,n-Hexane,Emission,Stack Emissions,tonnes,1.249,MetalliCan,MetalliCan,0.0,inf,Ore processed,1,ore
BC-MAIN-3bb6b7cd,Refining at Trail,Refinery,Zn refinery,Air,Nitrogen oxides (expressed as nitrogen dioxide),Emission,Stack Emissions,tonnes,453.05,MetalliCan,MetalliCan,0.0,inf,Ore processed,1,ore
BC-MAIN-3bb6b7cd,Refining at Trail,Refinery,Zn refinery,Air,Phenanthrene,Emission,Stack Emissions,kg,289.87,MetalliCan,MetalliCan,0.0,inf,Ore processed,1,ore
BC-MAIN-3bb6b7cd,Refining at Trail,Refinery,Zn refinery,Air,PM10 - Particulate Matter <= 10 Micrometers,Emission,Stack Emissions,tonnes,71.57,MetalliCan,MetalliCan,0.0,inf,Ore processed,1,ore
BC-MAIN-3bb6b7cd,Refining at Trail,Refinery,Zn refinery,Air,PM2.5 - Particulate Matter <= 2.5 Micrometers,Emission,Stack Emissions,tonnes,46.658,MetalliCan,MetalliCan,0.0,inf,Ore processed,1,ore
BC-MAIN-3bb6b7cd,Refining at Trail,Refinery,Zn refinery,Air,Silver (and its compounds),Emission,Stack Emissions,tonnes,0.0279,MetalliCan,MetalliCan,0.0,inf,Ore processed,1,ore
BC-MAIN-3bb6b7cd,Refining at Trail,Refinery,Zn refinery,Air,Sulphur dioxide,Emission,Stack Emissions,tonnes,1916.11,MetalliCan,MetalliCan,0.0,inf,Ore processed,1,ore
BC-MAIN-3bb6b7cd,Refining at Trail,Refinery,Zn refinery,Air,Sulphuric acid,Emission,Stack Emissions,tonnes,22.0,MetalliCan,MetalliCan,0.0,inf,Ore processed,1,ore
BC-MAIN-3bb6b7cd,Refining at Trail,Refinery,Zn refinery,Air,Thallium (and its compounds),Emission,Stack Emissions,kg,98.5,MetalliCan,MetalliCan,0.0,inf,Ore processed,1,ore
BC-MAIN-3bb6b7cd,Refining at Trail,Refinery,Zn refinery,Air,Total particulate matter,Emission,Stack Emissions,tonnes,71.569,MetalliCan,MetalliCan,0.0,inf,Ore processed,1,ore
BC-MAIN-3bb6b7cd,Refining at Trail,Refinery,Zn refinery,Air,Volatile Organic Compounds (Total),Emission,Stack Emissions,tonnes,12.516,MetalliCan,MetalliCan,0.0,inf,Ore processed,1,ore
BC-MAIN-3bb6b7cd,Refining at Trail,Refinery,Zn refinery,Air,Zinc (and its compounds),Emission,Stack Emissions,tonnes,86.76,MetalliCan,MetalliCan,0.0,inf,Ore processed,1,ore
AB-MAIN-d3a4aba9,Refining at The Cobalt Refinery Company Inc.,Refinery,Co hydrometallurgical refinery,Air,Ammonia (total),Emission,Stack Emissions,tonnes,149.518,MetalliCan,MetalliCan,0.0,inf,Ore processed,1,ore
AB-MAIN-d3a4aba9,Refining at The Cobalt Refinery Company Inc.,Refinery,Co hydrometallurgical refinery,Air,PM10 - Particulate Matter <= 10 Micrometers,Emission,Stack Emissions,tonnes,4.108,MetalliCan,MetalliCan,0.0,inf,Ore processed,1,ore
AB-MAIN-d3a4aba9,Refining at The Cobalt Refinery Company Inc.,Refinery,Co hydrometallurgical refinery,Air,PM2.5 - Particulate Matter <= 2.5 Micrometers,Emission,Stack Emissions,tonnes,0.45,MetalliCan,MetalliCan,0.0,inf,Ore processed,1,ore
AB-MAIN-d3a4aba9,Refining at The Cobalt Refinery Company Inc.,Refinery,Co hydrometallurgical refinery,Air,Total particulate matter,Emission,Stack Emissions,tonnes,4.167,MetalliCan,MetalliCan,0.0,inf,Ore processed,1,ore
ON-MAIN-387b06fe,,,,Air,Cadmium (and its compounds),Emission,Stack Emissions,kg,2.2,MetalliCan,MetalliCan,,,Ore processed,1,ore
ON-MAIN-387b06fe,,,,Air,Calcium fluoride,Emission,Stack Emissions,tonnes,0.029,MetalliCan,MetalliCan,,,Ore processed,1,ore
ON-MAIN-387b06fe,,,,Air,Chromium (and its compounds),Emission,Stack Emissions,tonnes,0.026,MetalliCan,MetalliCan,,,Ore processed,1,ore
ON-MAIN-387b06fe,,,,Air,Cobalt (and its compounds),Emission,Stack Emissions,kg,2.6,MetalliCan,MetalliCan,,,Ore processed,1,ore
ON-MAIN-387b06fe,,,,Air,Copper (and its compounds),Emission,Stack Emissions,tonnes,0.024,MetalliCan,MetalliCan,,,Ore processed,1,ore
ON-MAIN-387b06fe,,,,Air,Dioxins and furans - total,Emission,Stack Emissions,g TEQ,0.009194,MetalliCan,MetalliCan,,,Ore processed,1,ore
ON-MAIN-387b06fe,,,,Air,Lead (and its compounds),Emission,Stack Emissions,kg,19.5,MetalliCan,MetalliCan,,,Ore processed,1,ore
ON-MAIN-387b06fe,,,,Air,Manganese (and its compounds),Emission,Stack Emissions,tonnes,0.063,MetalliCan,MetalliCan,,,Ore processed,1,ore
ON-MAIN-387b06fe,,,,Air,Mercury (and its compounds),Emission,Stack Emissions,tonnes,0.0023,MetalliCan,MetalliCan,,,Ore processed,1,ore
ON-MAIN-387b06fe,,,,Air,Nickel (and its compounds),Emission,Stack Emissions,tonnes,0.036,MetalliCan,MetalliCan,,,Ore processed,1,ore
ON-MAIN-387b06fe,,,,Air,PM10 - Particulate Matter <= 10 Micrometers,Emission,Stack Emissions,tonnes,2.62,MetalliCan,MetalliCan,,,Ore processed,1,ore
ON-MAIN-387b06fe,,,,Air,PM2.5 - Particulate Matter <= 2.5 Micrometers,Emission,Stack Emissions,tonnes,1.75,MetalliCan,MetalliCan,,,Ore processed,1,ore
ON-MAIN-387b06fe,,,,Air,Zinc (and its compounds),Emission,Stack Emissions,tonnes,0.261,MetalliCan,MetalliCan,,,Ore processed,1,ore
ON-MAIN-2e13aaa0,,,,Air,Arsenic (and its compounds),Emission,Stack Emissions,kg,2.5,MetalliCan,MetalliCan,,,Ore processed,1,ore
ON-MAIN-2e13aaa0,,,,Air,Cadmium (and its compounds),Emission,Stack Emissions,kg,0.082,MetalliCan,MetalliCan,,,Ore processed,1,ore
ON-MAIN-2e13aaa0,,,,Air,Chlorine,Emission,Stack Emissions,tonnes,0.1,MetalliCan,MetalliCan,,,Ore processed,1,ore
ON-MAIN-2e13aaa0,,,,Air,Cobalt (and its compounds),Emission,Stack Emissions,kg,4.14,MetalliCan,MetalliCan,,,Ore processed,1,ore
ON-MAIN-2e13aaa0,,,,Air,Copper (and its compounds),Emission,Stack Emissions,tonnes,0.0036,MetalliCan,MetalliCan,,,Ore processed,1,ore
ON-MAIN-2e13aaa0,,,,Air,Lead (and its compounds),Emission,Stack Emissions,kg,2.25,MetalliCan,MetalliCan,,,Ore processed,1,ore
ON-MAIN-2e13aaa0,,,,Air,Nickel (and its compounds),Emission,Stack Emissions,tonnes,0.018,MetalliCan,MetalliCan,,,Ore processed,1,ore
ON-MAIN-2e13aaa0,,,,Air,Nitric acid,Emission,Stack Emissions,tonnes,0.1,MetalliCan,MetalliCan,,,Ore processed,1,ore
ON-MAIN-2e13aaa0,,,,Air,PM10 - Particulate Matter <= 10 Micrometers,Emission,Stack Emissions,tonnes,0.081,MetalliCan,MetalliCan,,,Ore processed,1,ore
ON-MAIN-2e13aaa0,,,,Air,PM2.5 - Particulate Matter <= 2.5 Micrometers,Emission,Stack Emissions,tonnes,0.0087,MetalliCan,MetalliCan,,,Ore processed,1,ore
ON-MAIN-2e13aaa0,,,,Air,Selenium (and its compounds),Emission,Stack Emissions,kg,0.98,MetalliCan,MetalliCan,,,Ore processed,1,ore
ON-MAIN-2e13aaa0,,,,Air,Sulphur dioxide,Emission,Stack Emissions,tonnes,0.45,MetalliCan,MetalliCan,,,Ore processed,1,ore
ON-MAIN-2e13aaa0,,,,Air,Total particulate matter,Emission,Stack Emissions,tonnes,0.8302,MetalliCan,MetalliCan,,,Ore processed,1,ore
NL-MAIN-d9036091,Refining at Long Harbour,Refinery,Ni hydrometallurgical refinery,Air,Cadmium (and its compounds),Emission,Stack Emissions,kg,1.01,MetalliCan,MetalliCan,0.0,inf,Ore processed,1,ore
NL-MAIN-d9036091,Refining at Long Harbour,Refinery,Ni hydrometallurgical refinery,Air,Cobalt (and its compounds),Emission,Stack Emissions,kg,14.04,MetalliCan,MetalliCan,0.0,inf,Ore processed,1,ore
NL-MAIN-d9036091,Refining at Long Harbour,Refinery,Ni hydrometallurgical refinery,Air,Copper (and its compounds),Emission,Stack Emissions,tonnes,0.034,MetalliCan,MetalliCan,0.0,inf,Ore processed,1,ore
NL-MAIN-d9036091,Refining at Long Harbour,Refinery,Ni hydrometallurgical refinery,Air,Hydrogen sulphide,Emission,Stack Emissions,tonnes,0.485,MetalliCan,MetalliCan,0.0,inf,Ore processed,1,ore
NL-MAIN-d9036091,Refining at Long Harbour,Refinery,Ni hydrometallurgical refinery,Air,Lead (and its compounds),Emission,Stack Emissions,kg,0.58,MetalliCan,MetalliCan,0.0,inf,Ore processed,1,ore
NL-MAIN-d9036091,Refining at Long Harbour,Refinery,Ni hydrometallurgical refinery,Air,Manganese (and its compounds),Emission,Stack Emissions,tonnes,0.0029,MetalliCan,MetalliCan,0.0,inf,Ore processed,1,ore
NL-MAIN-d9036091,Refining at Long Harbour,Refinery,Ni hydrometallurgical refinery,Air,Nickel (and its compounds),Emission,Stack Emissions,tonnes,0.256,MetalliCan,MetalliCan,0.0,inf,Ore processed,1,ore
NL-MAIN-d9036091,Refining at Long Harbour,Refinery,Ni hydrometallurgical refinery,Air,Nitrogen oxides (expressed as nitrogen dioxide),Emission,Stack Emissions,tonnes,13.2801,MetalliCan,MetalliCan,0.0,inf,Ore processed,1,ore
NL-MAIN-d9036091,Refining at Long Harbour,Refinery,Ni hydrometallurgical refinery,Air,PM10 - Particulate Matter <= 10 Micrometers,Emission,Stack Emissions,tonnes,9.1898,MetalliCan,MetalliCan,0.0,inf,Ore processed,1,ore
NL-MAIN-d9036091,Refining at Long Harbour,Refinery,Ni hydrometallurgical refinery,Air,PM2.5 - Particulate Matter <= 2.5 Micrometers,Emission,Stack Emissions,tonnes,7.86,MetalliCan,MetalliCan,0.0,inf,Ore processed,1,ore
NL-MAIN-d9036091,Refining at Long Harbour,Refinery,Ni hydrometallurgical refinery,Air,Sulphur dioxide,Emission,Stack Emissions,tonnes,4.405,MetalliCan,MetalliCan,0.0,inf,Ore processed,1,ore
NL-MAIN-d9036091,Refining at Long Harbour,Refinery,Ni hydrometallurgical refinery,Air,Sulphuric acid,Emission,Stack Emissions,tonnes,0.2475,MetalliCan,MetalliCan,0.0,inf,Ore processed,1,ore
NL-MAIN-d9036091,Refining at Long Harbour,Refinery,Ni hydrometallurgical refinery,Air,Total particulate matter,Emission,Stack Emissions,tonnes,11.3973,MetalliCan,MetalliCan,0.0,inf,Ore processed,1,ore
NL-MAIN-d9036091,Refining at Long Harbour,Refinery,Ni hydrometallurgical refinery,Air,Total reduced sulphur (expressed as hydrogen sulphide),Emission,Stack Emissions,tonnes,0.485,MetalliCan,MetalliCan,0.0,inf,Ore processed,1,ore
NL-MAIN-d9036091,Refining at Long Harbour,Refinery,Ni hydrometallurgical refinery,Air,Zinc (and its compounds),Emission,Stack Emissions,tonnes,0.0203,MetalliCan,MetalliCan,0.0,inf,Ore processed,1,ore
ON-MAIN-eab8c362,,,,Air,Volatile Organic Compounds (Total),Emission,Storage / Handling,tonnes,3.1414,MetalliCan,MetalliCan,,,Ore processed,1,ore
ON-MAIN-4c35e094,,,,Air,Ammonia (total),Emission,Storage / Handling,tonnes,0.000271,MetalliCan,MetalliCan,,,Ore processed,1,ore
ON-MAIN-4c35e094,,,,Air,Antimony (and its compounds),Emission,Storage / Handling,tonnes,0.002383,MetalliCan,MetalliCan,,,Ore processed,1,ore
ON-MAIN-4c35e094,,,,Air,Arsenic (and its compounds),Emission,Storage / Handling,kg,0.786574,MetalliCan,MetalliCan,,,Ore processed,1,ore
ON-MAIN-4c35e094,,,,Air,Benzene,Emission,Storage / Handling,tonnes,0.000903,MetalliCan,MetalliCan,,,Ore processed,1,ore
ON-MAIN-4c35e094,,,,Air,Cadmium (and its compounds),Emission,Storage / Handling,kg,0.043325,MetalliCan,MetalliCan,,,Ore processed,1,ore
ON-MAIN-4c35e094,,,,Air,Chromium (and its compounds),Emission,Storage / Handling,tonnes,0.016055,MetalliCan,MetalliCan,,,Ore processed,1,ore
ON-MAIN-4c35e094,,,,Air,Cobalt (and its compounds),Emission,Storage / Handling,kg,0.32494,MetalliCan,MetalliCan,,,Ore processed,1,ore
ON-MAIN-4c35e094,,,,Air,Copper (and its compounds),Emission,Storage / Handling,tonnes,0.001158,MetalliCan,MetalliCan,,,Ore processed,1,ore
ON-MAIN-4c35e094,,,,Air,Hydrogen sulphide,Emission,Storage / Handling,tonnes,5.5e-05,MetalliCan,MetalliCan,,,Ore processed,1,ore
ON-MAIN-4c35e094,,,,Air,Lead (and its compounds),Emission,Storage / Handling,kg,3.944787,MetalliCan,MetalliCan,,,Ore processed,1,ore
ON-MAIN-4c35e094,,,,Air,Manganese (and its compounds),Emission,Storage / Handling,tonnes,0.23696,MetalliCan,MetalliCan,,,Ore processed,1,ore
ON-MAIN-4c35e094,,,,Air,Naphthalene,Emission,Storage / Handling,tonnes,9.5e-05,MetalliCan,MetalliCan,,,Ore processed,1,ore
ON-MAIN-4c35e094,,,,Air,Nickel (and its compounds),Emission,Storage / Handling,tonnes,0.000433,MetalliCan,MetalliCan,,,Ore processed,1,ore
ON-MAIN-4c35e094,,,,Air,Phosphorus (total),Emission,Storage / Handling,tonnes,0.031489,MetalliCan,MetalliCan,,,Ore processed,1,ore
ON-MAIN-4c35e094,,,,Air,PM10 - Particulate Matter <= 10 Micrometers,Emission,Storage / Handling,tonnes,43.019708,MetalliCan,MetalliCan,,,Ore processed,1,ore
ON-MAIN-4c35e094,,,,Air,PM2.5 - Particulate Matter <= 2.5 Micrometers,Emission,Storage / Handling,tonnes,7.856294,MetalliCan,MetalliCan,,,Ore processed,1,ore
ON-MAIN-4c35e094,,,,Air,Selenium (and its compounds),Emission,Storage / Handling,kg,0.649881,MetalliCan,MetalliCan,,,Ore processed,1,ore
ON-MAIN-4c35e094,,,,Air,Thallium (and its compounds),Emission,Storage / Handling,kg,1.083135,MetalliCan,MetalliCan,,,Ore processed,1,ore
ON-MAIN-4c35e094,,,,Air,Total particulate matter,Emission,Storage / Handling,tonnes,91.177901,MetalliCan,MetalliCan,,,Ore processed,1,ore
ON-MAIN-4c35e094,,,,Air,Total reduced sulphur (expressed as hydrogen sulphide),Emission,Storage / Handling,tonnes,6.8e-05,MetalliCan,MetalliCan,,,Ore processed,1,ore
ON-MAIN-4c35e094,,,,Air,Vanadium (and its compounds),Emission,Storage / Handling,tonnes,0.004353,MetalliCan,MetalliCan,,,Ore processed,1,ore
ON-MAIN-4c35e094,,,,Air,Volatile Organic Compounds (Total),Emission,Storage / Handling,tonnes,0.001246,MetalliCan,MetalliCan,,,Ore processed,1,ore
ON-MAIN-4c35e094,,,,Air,Xylene (all isomers),Emission,Storage / Handling,tonnes,0.000137,MetalliCan,MetalliCan,,,Ore processed,1,ore
ON-MAIN-4c35e094,,,,Air,Zinc (and its compounds),Emission,Storage / Handling,tonnes,0.004975,MetalliCan,MetalliCan,,,Ore processed,1,ore
SK-MAIN-26b9aaf3,,,,Air,Arsenic (and its compounds),Emission,Storage / Handling,kg,0.0159,MetalliCan,MetalliCan,,,Ore processed,1,ore
SK-MAIN-26b9aaf3,,,,Air,Cadmium (and its compounds),Emission,Storage / Handling,kg,0.0046,MetalliCan,MetalliCan,,,Ore processed,1,ore
SK-MAIN-26b9aaf3,,,,Air,Cobalt (and its compounds),Emission,Storage / Handling,kg,0.0103,MetalliCan,MetalliCan,,,Ore processed,1,ore
SK-MAIN-26b9aaf3,,,,Air,Hexavalent chromium (and its compounds),Emission,Storage / Handling,kg,0.0015,MetalliCan,MetalliCan,,,Ore processed,1,ore
SK-MAIN-26b9aaf3,,,,Air,Lead (and its compounds),Emission,Storage / Handling,kg,0.0881,MetalliCan,MetalliCan,,,Ore processed,1,ore
SK-MAIN-26b9aaf3,,,,Air,PM10 - Particulate Matter <= 10 Micrometers,Emission,Storage / Handling,tonnes,3.4022,MetalliCan,MetalliCan,,,Ore processed,1,ore
SK-MAIN-26b9aaf3,,,,Air,PM2.5 - Particulate Matter <= 2.5 Micrometers,Emission,Storage / Handling,tonnes,0.5086,MetalliCan,MetalliCan,,,Ore processed,1,ore
SK-MAIN-26b9aaf3,,,,Air,Selenium (and its compounds),Emission,Storage / Handling,kg,0.0026,MetalliCan,MetalliCan,,,Ore processed,1,ore
SK-MAIN-26b9aaf3,,,,Air,Total particulate matter,Emission,Storage / Handling,tonnes,7.1258,MetalliCan,MetalliCan,,,Ore processed,1,ore
SK-MAIN-26b9aaf3,,,,Air,Volatile Organic Compounds (Total),Emission,Storage / Handling,tonnes,0.2323,MetalliCan,MetalliCan,,,Ore processed,1,ore
SK-MAIN-26b9aaf3,,,,Air,Zinc (and its compounds),Emission,Storage / Handling,tonnes,0.0013,MetalliCan,MetalliCan,,,Ore processed,1,ore
ON-MAIN-21b6ab35,,,,Air,Arsenic (and its compounds),Emission,Storage / Handling,kg,0.005,MetalliCan,MetalliCan,,,Ore processed,1,ore
ON-MAIN-21b6ab35,,,,Air,Cadmium (and its compounds),Emission,Storage / Handling,kg,0.0208,MetalliCan,MetalliCan,,,Ore processed,1,ore
MB-MAIN-b4ca1426,,,,Air,Lead (and its compounds),Emission,Storage / Handling,kg,0.03254,MetalliCan,MetalliCan,,,Ore processed,1,ore
ON-MAIN-21b6ab35,,,,Air,Lead (and its compounds),Emission,Storage / Handling,kg,0.6576,MetalliCan,MetalliCan,,,Ore processed,1,ore
MB-MAIN-b4ca1426,,,,Air,Manganese (and its compounds),Emission,Storage / Handling,tonnes,0.0004,MetalliCan,MetalliCan,,,Ore processed,1,ore
ON-MAIN-21b6ab35,,,,Air,Manganese (and its compounds),Emission,Storage / Handling,tonnes,0.0098,MetalliCan,MetalliCan,,,Ore processed,1,ore
MB-MAIN-b4ca1426,,,,Air,Mercury (and its compounds),Emission,Storage / Handling,tonnes,7.1e-08,MetalliCan,MetalliCan,,,Ore processed,1,ore
MB-MAIN-b4ca1426,,,,Air,PM10 - Particulate Matter <= 10 Micrometers,Emission,Storage / Handling,tonnes,1.6092,MetalliCan,MetalliCan,,,Ore processed,1,ore
ON-MAIN-21b6ab35,,,,Air,PM10 - Particulate Matter <= 10 Micrometers,Emission,Storage / Handling,tonnes,0.4479,MetalliCan,MetalliCan,,,Ore processed,1,ore
MB-MAIN-b4ca1426,,,,Air,PM2.5 - Particulate Matter <= 2.5 Micrometers,Emission,Storage / Handling,tonnes,0.57613,MetalliCan,MetalliCan,,,Ore processed,1,ore
ON-MAIN-21b6ab35,,,,Air,PM2.5 - Particulate Matter <= 2.5 Micrometers,Emission,Storage / Handling,tonnes,0.0489,MetalliCan,MetalliCan,,,Ore processed,1,ore
MB-MAIN-b4ca1426,,,,Air,Total particulate matter,Emission,Storage / Handling,tonnes,3.23819,MetalliCan,MetalliCan,,,Ore processed,1,ore
ON-MAIN-21b6ab35,,,,Air,Total particulate matter,Emission,Storage / Handling,tonnes,0.862,MetalliCan,MetalliCan,,,Ore processed,1,ore
MB-MAIN-b4ca1426,,,,Air,Zinc (and its compounds),Emission,Storage / Handling,tonnes,0.00082,MetalliCan,MetalliCan,,,Ore processed,1,ore
ON-MAIN-21b6ab35,,,,Air,Zinc (and its compounds),Emission,Storage / Handling,tonnes,0.0002,MetalliCan,MetalliCan,,,Ore processed,1,ore
ON-MAIN-387b06fe,,,,Air,Carbon monoxide,Emission,Storage / Handling,tonnes,68.0,MetalliCan,MetalliCan,,,Ore processed,1,ore
NL-MAIN-d9036091,Refining at Long Harbour,Refinery,Ni hydrometallurgical refinery,Air,Hydrochloric acid,Emission,Storage / Handling,tonnes,0.0584,MetalliCan,MetalliCan,0.0,inf,Ore processed,1,ore
ON-MAIN-eab8c362,,,,Air,Acenaphthene,Emission,Fugitive Emissions,kg,108.045,MetalliCan,MetalliCan,,,Ore processed,1,ore
ON-MAIN-eab8c362,,,,Air,Ammonia (total),Emission,Fugitive Emissions,tonnes,1.15419,MetalliCan,MetalliCan,,,Ore processed,1,ore
ON-MAIN-eab8c362,,,,Air,Anthracene,Emission,Fugitive Emissions,kg,0.03339,MetalliCan,MetalliCan,,,Ore processed,1,ore
ON-MAIN-eab8c362,,,,Air,Benz[a]anthracene,Emission,Fugitive Emissions,kg,30.488,MetalliCan,MetalliCan,,,Ore processed,1,ore
ON-MAIN-eab8c362,,,,Air,Benzene,Emission,Fugitive Emissions,tonnes,11.2724,MetalliCan,MetalliCan,,,Ore processed,1,ore
ON-MAIN-eab8c362,,,,Air,Benzo[a]pyrene,Emission,Fugitive Emissions,kg,28.227,MetalliCan,MetalliCan,,,Ore processed,1,ore
ON-MAIN-eab8c362,,,,Air,Benzo[e]pyrene,Emission,Fugitive Emissions,kg,28.227,MetalliCan,MetalliCan,,,Ore processed,1,ore
ON-MAIN-eab8c362,,,,Air,Benzo[ghi]perylene,Emission,Fugitive Emissions,kg,16.88,MetalliCan,MetalliCan,,,Ore processed,1,ore
ON-MAIN-eab8c362,,,,Air,Benzo[k]fluoranthene,Emission,Fugitive Emissions,kg,19.786,MetalliCan,MetalliCan,,,Ore processed,1,ore
ON-MAIN-eab8c362,,,,Air,Cadmium (and its compounds),Emission,Fugitive Emissions,kg,0.03468,MetalliCan,MetalliCan,,,Ore processed,1,ore
ON-MAIN-eab8c362,,,,Air,Calcium fluoride,Emission,Fugitive Emissions,tonnes,132.834,MetalliCan,MetalliCan,,,Ore processed,1,ore
ON-MAIN-eab8c362,,,,Air,Cobalt (and its compounds),Emission,Fugitive Emissions,kg,0.786,MetalliCan,MetalliCan,,,Ore processed,1,ore
ON-MAIN-eab8c362,,,,Air,"Dibenz[a,h]acridine",Emission,Fugitive Emissions,kg,0.59244,MetalliCan,MetalliCan,,,Ore processed,1,ore
ON-MAIN-eab8c362,,,,Air,"Dibenz[a,h]anthracene",Emission,Fugitive Emissions,kg,0.174,MetalliCan,MetalliCan,,,Ore processed,1,ore
ON-MAIN-eab8c362,,,,Air,"Dibenz[a,j]acridine",Emission,Fugitive Emissions,kg,1.319,MetalliCan,MetalliCan,,,Ore processed,1,ore
ON-MAIN-eab8c362,,,,Air,Ethylbenzene,Emission,Fugitive Emissions,tonnes,0.01148,MetalliCan,MetalliCan,,,Ore processed,1,ore
ON-MAIN-eab8c362,,,,Air,Ethylene,Emission,Fugitive Emissions,tonnes,5.3749,MetalliCan,MetalliCan,,,Ore processed,1,ore
ON-MAIN-eab8c362,,,,Air,Fluoranthene,Emission,Fugitive Emissions,kg,108.045,MetalliCan,MetalliCan,,,Ore processed,1,ore
ON-MAIN-eab8c362,,,,Air,Fluorene,Emission,Fugitive Emissions,kg,57.399,MetalliCan,MetalliCan,,,Ore processed,1,ore
ON-MAIN-eab8c362,,,,Air,Hydrochloric acid,Emission,Fugitive Emissions,tonnes,0.58231,MetalliCan,MetalliCan,,,Ore processed,1,ore
ON-MAIN-eab8c362,,,,Air,Hydrogen sulphide,Emission,Fugitive Emissions,tonnes,0.506,MetalliCan,MetalliCan,,,Ore processed,1,ore
ON-MAIN-eab8c362,,,,Air,"Indeno[1,2,3-cd]pyrene",Emission,Fugitive Emissions,kg,12.6277,MetalliCan,MetalliCan,,,Ore processed,1,ore
ON-MAIN-eab8c362,,,,Air,Isopropyl alcohol,Emission,Fugitive Emissions,tonnes,30.0,MetalliCan,MetalliCan,,,Ore processed,1,ore
ON-MAIN-eab8c362,,,,Air,Lead (and its compounds),Emission,Fugitive Emissions,kg,0.35184,MetalliCan,MetalliCan,,,Ore processed,1,ore
ON-MAIN-eab8c362,,,,Air,Manganese (and its compounds),Emission,Fugitive Emissions,tonnes,0.01181,MetalliCan,MetalliCan,,,Ore processed,1,ore
ON-MAIN-eab8c362,,,,Air,Mercury (and its compounds),Emission,Fugitive Emissions,tonnes,0.01566466,MetalliCan,MetalliCan,,,Ore processed,1,ore
ON-MAIN-eab8c362,,,,Air,Naphthalene,Emission,Fugitive Emissions,tonnes,0.191,MetalliCan,MetalliCan,,,Ore processed,1,ore
ON-MAIN-eab8c362,,,,Air,Nickel (and its compounds),Emission,Fugitive Emissions,tonnes,0.00118,MetalliCan,MetalliCan,,,Ore processed,1,ore
ON-MAIN-eab8c362,,,,Air,Nitrogen oxides (expressed as nitrogen dioxide),Emission,Fugitive Emissions,tonnes,0.349,MetalliCan,MetalliCan,,,Ore processed,1,ore
ON-MAIN-eab8c362,,,,Air,Phenanthrene,Emission,Fugitive Emissions,kg,13.5056,MetalliCan,MetalliCan,,,Ore processed,1,ore
ON-MAIN-eab8c362,,,,Air,PM10 - Particulate Matter <= 10 Micrometers,Emission,Fugitive Emissions,tonnes,28.207,MetalliCan,MetalliCan,,,Ore processed,1,ore
ON-MAIN-eab8c362,,,,Air,PM2.5 - Particulate Matter <= 2.5 Micrometers,Emission,Fugitive Emissions,tonnes,14.458,MetalliCan,MetalliCan,,,Ore processed,1,ore
ON-MAIN-eab8c362,,,,Air,Propylene,Emission,Fugitive Emissions,tonnes,1.0661,MetalliCan,MetalliCan,,,Ore processed,1,ore
ON-MAIN-eab8c362,,,,Air,Pyrene,Emission,Fugitive Emissions,kg,111.421,MetalliCan,MetalliCan,,,Ore processed,1,ore
ON-MAIN-eab8c362,,,,Air,Sulphur dioxide,Emission,Fugitive Emissions,tonnes,424.53,MetalliCan,MetalliCan,,,Ore processed,1,ore
ON-MAIN-eab8c362,,,,Air,Toluene,Emission,Fugitive Emissions,tonnes,0.6903,MetalliCan,MetalliCan,,,Ore processed,1,ore
ON-MAIN-eab8c362,,,,Air,Total particulate matter,Emission,Fugitive Emissions,tonnes,50.5,MetalliCan,MetalliCan,,,Ore processed,1,ore
ON-MAIN-eab8c362,,,,Air,Total reduced sulphur (expressed as hydrogen sulphide),Emission,Fugitive Emissions,tonnes,0.50834,MetalliCan,MetalliCan,,,Ore processed,1,ore
ON-MAIN-eab8c362,,,,Air,Volatile Organic Compounds (Total),Emission,Fugitive Emissions,tonnes,61.2842,MetalliCan,MetalliCan,,,Ore processed,1,ore
ON-MAIN-eab8c362,,,,Air,Xylene (all isomers),Emission,Fugitive Emissions,tonnes,0.062,MetalliCan,MetalliCan,,,Ore processed,1,ore
ON-MAIN-eab8c362,,,,Air,Zinc (and its compounds),Emission,Fugitive Emissions,tonnes,0.01753,MetalliCan,MetalliCan,,,Ore processed,1,ore
AB-MAIN-9fed34a8,,,,Air,Arsenic (and its compounds),Emission,Fugitive Emissions,kg,25.483,MetalliCan,MetalliCan,,,Ore processed,1,ore
AB-MAIN-9fed34a8,,,,Air,Cadmium (and its compounds),Emission,Fugitive Emissions,kg,3.058,MetalliCan,MetalliCan,,,Ore processed,1,ore
AB-MAIN-9fed34a8,,,,Air,Calcium fluoride,Emission,Fugitive Emissions,tonnes,2.239,MetalliCan,MetalliCan,,,Ore processed,1,ore
AB-MAIN-9fed34a8,,,,Air,Carbon monoxide,Emission,Fugitive Emissions,tonnes,105.23,MetalliCan,MetalliCan,,,Ore processed,1,ore
AB-MAIN-9fed34a8,,,,Air,Chromium (and its compounds),Emission,Fugitive Emissions,tonnes,0.106,MetalliCan,MetalliCan,,,Ore processed,1,ore
AB-MAIN-9fed34a8,,,,Air,Copper (and its compounds),Emission,Fugitive Emissions,tonnes,0.273,MetalliCan,MetalliCan,,,Ore processed,1,ore
AB-MAIN-9fed34a8,,,,Air,Dioxins and furans - total,Emission,Fugitive Emissions,g TEQ,0.011651,MetalliCan,MetalliCan,,,Ore processed,1,ore
AB-MAIN-9fed34a8,,,,Air,Hexachlorobenzene,Emission,Fugitive Emissions,grams,12.3,MetalliCan,MetalliCan,,,Ore processed,1,ore
AB-MAIN-9fed34a8,,,,Air,Hexavalent chromium (and its compounds),Emission,Fugitive Emissions,kg,12.985,MetalliCan,MetalliCan,,,Ore processed,1,ore
AB-MAIN-9fed34a8,,,,Air,Lead (and its compounds),Emission,Fugitive Emissions,kg,330.45,MetalliCan,MetalliCan,,,Ore processed,1,ore
AB-MAIN-9fed34a8,,,,Air,Manganese (and its compounds),Emission,Fugitive Emissions,tonnes,0.902,MetalliCan,MetalliCan,,,Ore processed,1,ore
AB-MAIN-9fed34a8,,,,Air,Mercury (and its compounds),Emission,Fugitive Emissions,tonnes,0.001317,MetalliCan,MetalliCan,,,Ore processed,1,ore
AB-MAIN-9fed34a8,,,,Air,Nickel (and its compounds),Emission,Fugitive Emissions,tonnes,0.083,MetalliCan,MetalliCan,,,Ore processed,1,ore
AB-MAIN-9fed34a8,,,,Air,Nitrogen oxides (expressed as nitrogen dioxide),Emission,Fugitive Emissions,tonnes,28.24,MetalliCan,MetalliCan,,,Ore processed,1,ore
AB-MAIN-9fed34a8,,,,Air,PM10 - Particulate Matter <= 10 Micrometers,Emission,Fugitive Emissions,tonnes,27.01,MetalliCan,MetalliCan,,,Ore processed,1,ore
AB-MAIN-9fed34a8,,,,Air,PM2.5 - Particulate Matter <= 2.5 Micrometers,Emission,Fugitive Emissions,tonnes,15.45,MetalliCan,MetalliCan,,,Ore processed,1,ore
AB-MAIN-9fed34a8,,,,Air,Selenium (and its compounds),Emission,Fugitive Emissions,kg,15.619,MetalliCan,MetalliCan,,,Ore processed,1,ore
AB-MAIN-9fed34a8,,,,Air,Sulphur dioxide,Emission,Fugitive Emissions,tonnes,6.01,MetalliCan,MetalliCan,,,Ore processed,1,ore
AB-MAIN-9fed34a8,,,,Air,Total particulate matter,Emission,Fugitive Emissions,tonnes,61.84,MetalliCan,MetalliCan,,,Ore processed,1,ore
AB-MAIN-9fed34a8,,,,Air,Vanadium (and its compounds),Emission,Fugitive Emissions,tonnes,0.042,MetalliCan,MetalliCan,,,Ore processed,1,ore
AB-MAIN-9fed34a8,,,,Air,Volatile Organic Compounds (Total),Emission,Fugitive Emissions,tonnes,3.7,MetalliCan,MetalliCan,,,Ore processed,1,ore
AB-MAIN-9fed34a8,,,,Air,Zinc (and its compounds),Emission,Fugitive Emissions,tonnes,1.724,MetalliCan,MetalliCan,,,Ore processed,1,ore
QC-MAIN-c8966bdc,,,,Air,Anthracene,Emission,Fugitive Emissions,kg,2.2,MetalliCan,MetalliCan,,,Ore processed,1,ore
QC-MAIN-c8966bdc,,,,Air,Benz[a]anthracene,Emission,Fugitive Emissions,kg,0.1,MetalliCan,MetalliCan,,,Ore processed,1,ore
QC-MAIN-c8966bdc,,,,Air,Benzo[a]pyrene,Emission,Fugitive Emissions,kg,0.2039,MetalliCan,MetalliCan,,,Ore processed,1,ore
QC-MAIN-c8966bdc,,,,Air,Benzo[b]fluoranthene,Emission,Fugitive Emissions,kg,1.7,MetalliCan,MetalliCan,,,Ore processed,1,ore
QC-MAIN-c8966bdc,,,,Air,Benzo[e]pyrene,Emission,Fugitive Emissions,kg,1.0,MetalliCan,MetalliCan,,,Ore processed,1,ore
QC-MAIN-c8966bdc,,,,Air,Benzo[ghi]perylene,Emission,Fugitive Emissions,kg,0.1,MetalliCan,MetalliCan,,,Ore processed,1,ore
QC-MAIN-c8966bdc,,,,Air,Benzo[j]fluoranthene,Emission,Fugitive Emissions,kg,0.06058,MetalliCan,MetalliCan,,,Ore processed,1,ore
QC-MAIN-c8966bdc,,,,Air,Benzo[k]fluoranthene,Emission,Fugitive Emissions,kg,0.1,MetalliCan,MetalliCan,,,Ore processed,1,ore
QC-MAIN-c8966bdc,,,,Air,Carbon monoxide,Emission,Fugitive Emissions,tonnes,923.2,MetalliCan,MetalliCan,,,Ore processed,1,ore
QC-MAIN-c8966bdc,,,,Air,Carbonyl sulphide,Emission,Fugitive Emissions,tonnes,3.13,MetalliCan,MetalliCan,,,Ore processed,1,ore
QC-MAIN-c8966bdc,,,,Air,Chrysene,Emission,Fugitive Emissions,kg,4.2,MetalliCan,MetalliCan,,,Ore processed,1,ore
QC-MAIN-c8966bdc,,,,Air,"Dibenz[a,h]anthracene",Emission,Fugitive Emissions,kg,0.003,MetalliCan,MetalliCan,,,Ore processed,1,ore
QC-MAIN-c8966bdc,,,,Air,Fluoranthene,Emission,Fugitive Emissions,kg,32.6,MetalliCan,MetalliCan,,,Ore processed,1,ore
QC-MAIN-c8966bdc,,,,Air,Fluorene,Emission,Fugitive Emissions,kg,34.0,MetalliCan,MetalliCan,,,Ore processed,1,ore
QC-MAIN-c8966bdc,,,,Air,Hydrogen fluoride,Emission,Fugitive Emissions,tonnes,204.41,MetalliCan,MetalliCan,,,Ore processed,1,ore
QC-MAIN-c8966bdc,,,,Air,"Indeno[1,2,3-cd]pyrene",Emission,Fugitive Emissions,kg,0.04,MetalliCan,MetalliCan,,,Ore processed,1,ore
QC-MAIN-c8966bdc,,,,Air,Nitrogen oxides (expressed as nitrogen dioxide),Emission,Fugitive Emissions,tonnes,0.014,MetalliCan,MetalliCan,,,Ore processed,1,ore
QC-MAIN-c8966bdc,,,,Air,Phenanthrene,Emission,Fugitive Emissions,kg,61.1,MetalliCan,MetalliCan,,,Ore processed,1,ore
QC-MAIN-c8966bdc,,,,Air,PM10 - Particulate Matter <= 10 Micrometers,Emission,Fugitive Emissions,tonnes,301.7,MetalliCan,MetalliCan,,,Ore processed,1,ore
QC-MAIN-c8966bdc,,,,Air,PM2.5 - Particulate Matter <= 2.5 Micrometers,Emission,Fugitive Emissions,tonnes,222.1,MetalliCan,MetalliCan,,,Ore processed,1,ore
QC-MAIN-c8966bdc,,,,Air,Pyrene,Emission,Fugitive Emissions,kg,5.3,MetalliCan,MetalliCan,,,Ore processed,1,ore
QC-MAIN-c8966bdc,,,,Air,Sulphur dioxide,Emission,Fugitive Emissions,tonnes,129.23,MetalliCan,MetalliCan,,,Ore processed,1,ore
QC-MAIN-c8966bdc,,,,Air,Total particulate matter,Emission,Fugitive Emissions,tonnes,419.06,MetalliCan,MetalliCan,,,Ore processed,1,ore
QC-MAIN-c8966bdc,,,,Air,Total reduced sulphur (expressed as hydrogen sulphide),Emission,Fugitive Emissions,tonnes,1.77,MetalliCan,MetalliCan,,,Ore processed,1,ore
QC-MAIN-c8966bdc,,,,Air,Volatile Organic Compounds (Total),Emission,Fugitive Emissions,tonnes,5.59,MetalliCan,MetalliCan,,,Ore processed,1,ore
ON-MAIN-4c35e094,,,,Air,"7,12-Dimethylbenz[a]anthracene",Emission,Fugitive Emissions,kg,0.840042,MetalliCan,MetalliCan,,,Ore processed,1,ore
ON-MAIN-4c35e094,,,,Air,Acenaphthene,Emission,Fugitive Emissions,kg,111.989299,MetalliCan,MetalliCan,,,Ore processed,1,ore
ON-MAIN-4c35e094,,,,Air,Ammonia (total),Emission,Fugitive Emissions,tonnes,6.561403,MetalliCan,MetalliCan,,,Ore processed,1,ore
ON-MAIN-4c35e094,,,,Air,Anthracene,Emission,Fugitive Emissions,kg,81.958794,MetalliCan,MetalliCan,,,Ore processed,1,ore
ON-MAIN-4c35e094,,,,Air,Antimony (and its compounds),Emission,Fugitive Emissions,tonnes,0.010668,MetalliCan,MetalliCan,,,Ore processed,1,ore
ON-MAIN-4c35e094,,,,Air,Arsenic (and its compounds),Emission,Fugitive Emissions,kg,3.640784,MetalliCan,MetalliCan,,,Ore processed,1,ore
ON-MAIN-4c35e094,,,,Air,Benz[a]anthracene,Emission,Fugitive Emissions,kg,37.622231,MetalliCan,MetalliCan,,,Ore processed,1,ore
ON-MAIN-4c35e094,,,,Air,Benzene,Emission,Fugitive Emissions,tonnes,13.128929,MetalliCan,MetalliCan,,,Ore processed,1,ore
ON-MAIN-4c35e094,,,,Air,Benzo[a]pyrene,Emission,Fugitive Emissions,kg,36.12558,MetalliCan,MetalliCan,,,Ore processed,1,ore
ON-MAIN-4c35e094,,,,Air,Benzo[b]fluoranthene,Emission,Fugitive Emissions,kg,35.493966,MetalliCan,MetalliCan,,,Ore processed,1,ore
ON-MAIN-4c35e094,,,,Air,Benzo[e]pyrene,Emission,Fugitive Emissions,kg,1.427997,MetalliCan,MetalliCan,,,Ore processed,1,ore
ON-MAIN-4c35e094,,,,Air,Benzo[ghi]perylene,Emission,Fugitive Emissions,kg,0.988613,MetalliCan,MetalliCan,,,Ore processed,1,ore
ON-MAIN-4c35e094,,,,Air,Benzo[j]fluoranthene,Emission,Fugitive Emissions,kg,2.430341,MetalliCan,MetalliCan,,,Ore processed,1,ore
ON-MAIN-4c35e094,,,,Air,Benzo[k]fluoranthene,Emission,Fugitive Emissions,kg,22.806761,MetalliCan,MetalliCan,,,Ore processed,1,ore
ON-MAIN-4c35e094,,,,Air,Cadmium (and its compounds),Emission,Fugitive Emissions,kg,1.755802,MetalliCan,MetalliCan,,,Ore processed,1,ore
ON-MAIN-4c35e094,,,,Air,Carbon monoxide,Emission,Fugitive Emissions,tonnes,75.823304,MetalliCan,MetalliCan,,,Ore processed,1,ore
ON-MAIN-4c35e094,,,,Air,Chromium (and its compounds),Emission,Fugitive Emissions,tonnes,0.117898,MetalliCan,MetalliCan,,,Ore processed,1,ore
ON-MAIN-4c35e094,,,,Air,Chrysene,Emission,Fugitive Emissions,kg,57.696575,MetalliCan,MetalliCan,,,Ore processed,1,ore
ON-MAIN-4c35e094,,,,Air,Cobalt (and its compounds),Emission,Fugitive Emissions,kg,3.24782,MetalliCan,MetalliCan,,,Ore processed,1,ore
ON-MAIN-4c35e094,,,,Air,Copper (and its compounds),Emission,Fugitive Emissions,tonnes,0.023537,MetalliCan,MetalliCan,,,Ore processed,1,ore
ON-MAIN-4c35e094,,,,Air,"Dibenz[a,h]acridine",Emission,Fugitive Emissions,kg,0.033605,MetalliCan,MetalliCan,,,Ore processed,1,ore
ON-MAIN-4c35e094,,,,Air,"Dibenz[a,h]anthracene",Emission,Fugitive Emissions,kg,40.326229,MetalliCan,MetalliCan,,,Ore processed,1,ore
ON-MAIN-4c35e094,,,,Air,"Dibenz[a,j]acridine",Emission,Fugitive Emissions,kg,0.033605,MetalliCan,MetalliCan,,,Ore processed,1,ore
ON-MAIN-4c35e094,,,,Air,"Dibenzo[a,i]pyrene",Emission,Fugitive Emissions,kg,36.12558,MetalliCan,MetalliCan,,,Ore processed,1,ore
ON-MAIN-4c35e094,,,,Air,Ethylbenzene,Emission,Fugitive Emissions,tonnes,0.119649,MetalliCan,MetalliCan,,,Ore processed,1,ore
ON-MAIN-4c35e094,,,,Air,Ethylene,Emission,Fugitive Emissions,tonnes,1.718913,MetalliCan,MetalliCan,,,Ore processed,1,ore
ON-MAIN-4c35e094,,,,Air,Fluoranthene,Emission,Fugitive Emissions,kg,75.894076,MetalliCan,MetalliCan,,,Ore processed,1,ore
ON-MAIN-4c35e094,,,,Air,Fluorene,Emission,Fugitive Emissions,kg,3.727896,MetalliCan,MetalliCan,,,Ore processed,1,ore
ON-MAIN-4c35e094,,,,Air,Hexavalent chromium (and its compounds),Emission,Fugitive Emissions,kg,0.168319,MetalliCan,MetalliCan,,,Ore processed,1,ore
ON-MAIN-4c35e094,,,,Air,Hydrochloric acid,Emission,Fugitive Emissions,tonnes,0.104823,MetalliCan,MetalliCan,,,Ore processed,1,ore
ON-MAIN-4c35e094,,,,Air,Hydrogen sulphide,Emission,Fugitive Emissions,tonnes,31.631641,MetalliCan,MetalliCan,,,Ore processed,1,ore
ON-MAIN-4c35e094,,,,Air,"Indeno[1,2,3-cd]pyrene",Emission,Fugitive Emissions,kg,13.660934,MetalliCan,MetalliCan,,,Ore processed,1,ore
ON-MAIN-4c35e094,,,,Air,Lead (and its compounds),Emission,Fugitive Emissions,kg,69.791343,MetalliCan,MetalliCan,,,Ore processed,1,ore
ON-MAIN-4c35e094,,,,Air,Manganese (and its compounds),Emission,Fugitive Emissions,tonnes,2.928128,MetalliCan,MetalliCan,,,Ore processed,1,ore
ON-MAIN-4c35e094,,,,Air,Mercury (and its compounds),Emission,Fugitive Emissions,tonnes,0.012649582,MetalliCan,MetalliCan,,,Ore processed,1,ore
ON-MAIN-4c35e094,,,,Air,Naphthalene,Emission,Fugitive Emissions,tonnes,1.549411,MetalliCan,MetalliCan,,,Ore processed,1,ore
ON-MAIN-4c35e094,,,,Air,Nickel (and its compounds),Emission,Fugitive Emissions,tonnes,0.010957,MetalliCan,MetalliCan,,,Ore processed,1,ore
ON-MAIN-4c35e094,,,,Air,Nitrogen oxides (expressed as nitrogen dioxide),Emission,Fugitive Emissions,tonnes,88.820866,MetalliCan,MetalliCan,,,Ore processed,1,ore
ON-MAIN-4c35e094,,,,Air,Perylene,Emission,Fugitive Emissions,kg,9.63898,MetalliCan,MetalliCan,,,Ore processed,1,ore
ON-MAIN-4c35e094,,,,Air,Phenanthrene,Emission,Fugitive Emissions,kg,118.394759,MetalliCan,MetalliCan,,,Ore processed,1,ore
ON-MAIN-4c35e094,,,,Air,Phenol (and its salts),Emission,Fugitive Emissions,tonnes,0.135673,MetalliCan,MetalliCan,,,Ore processed,1,ore
ON-MAIN-4c35e094,,,,Air,Phosphorus (total),Emission,Fugitive Emissions,tonnes,0.29037,MetalliCan,MetalliCan,,,Ore processed,1,ore
ON-MAIN-4c35e094,,,,Air,PM10 - Particulate Matter <= 10 Micrometers,Emission,Fugitive Emissions,tonnes,97.769566,MetalliCan,MetalliCan,,,Ore processed,1,ore
ON-MAIN-4c35e094,,,,Air,PM2.5 - Particulate Matter <= 2.5 Micrometers,Emission,Fugitive Emissions,tonnes,55.071945,MetalliCan,MetalliCan,,,Ore processed,1,ore
ON-MAIN-4c35e094,,,,Air,Pyrene,Emission,Fugitive Emissions,kg,63.53214,MetalliCan,MetalliCan,,,Ore processed,1,ore
ON-MAIN-4c35e094,,,,Air,Selenium (and its compounds),Emission,Fugitive Emissions,kg,2.909575,MetalliCan,MetalliCan,,,Ore processed,1,ore
ON-MAIN-4c35e094,,,,Air,Styrene,Emission,Fugitive Emissions,tonnes,0.165586,MetalliCan,MetalliCan,,,Ore processed,1,ore
ON-MAIN-4c35e094,,,,Air,Sulphur dioxide,Emission,Fugitive Emissions,tonnes,52.42101,MetalliCan,MetalliCan,,,Ore processed,1,ore
ON-MAIN-4c35e094,,,,Air,Sulphuric acid,Emission,Fugitive Emissions,tonnes,0.003266,MetalliCan,MetalliCan,,,Ore processed,1,ore
ON-MAIN-4c35e094,,,,Air,Thallium (and its compounds),Emission,Fugitive Emissions,kg,4.849291,MetalliCan,MetalliCan,,,Ore processed,1,ore
ON-MAIN-4c35e094,,,,Air,Toluene,Emission,Fugitive Emissions,tonnes,1.603304,MetalliCan,MetalliCan,,,Ore processed,1,ore
ON-MAIN-4c35e094,,,,Air,Total particulate matter,Emission,Fugitive Emissions,tonnes,207.028236,MetalliCan,MetalliCan,,,Ore processed,1,ore
ON-MAIN-4c35e094,,,,Air,Total reduced sulphur (expressed as hydrogen sulphide),Emission,Fugitive Emissions,tonnes,32.288103,MetalliCan,MetalliCan,,,Ore processed,1,ore
ON-MAIN-4c35e094,,,,Air,Vanadium (and its compounds),Emission,Fugitive Emissions,tonnes,0.036967,MetalliCan,MetalliCan,,,Ore processed,1,ore
ON-MAIN-4c35e094,,,,Air,Volatile Organic Compounds (Total),Emission,Fugitive Emissions,tonnes,44.660787,MetalliCan,MetalliCan,,,Ore processed,1,ore
ON-MAIN-4c35e094,,,,Air,Xylene (all isomers),Emission,Fugitive Emissions,tonnes,0.783669,MetalliCan,MetalliCan,,,Ore processed,1,ore
ON-MAIN-4c35e094,,,,Air,Zinc (and its compounds),Emission,Fugitive Emissions,tonnes,5.983093,MetalliCan,MetalliCan,,,Ore processed,1,ore
QC-MAIN-eac5a52b,,,,Air,Carbon monoxide,Emission,Fugitive Emissions,tonnes,284.696,MetalliCan,MetalliCan,,,Ore processed,1,ore
QC-MAIN-eac5a52b,,,,Air,Carbonyl sulphide,Emission,Fugitive Emissions,tonnes,1.72,MetalliCan,MetalliCan,,,Ore processed,1,ore
QC-MAIN-eac5a52b,,,,Air,Fluorene,Emission,Fugitive Emissions,kg,0.31,MetalliCan,MetalliCan,,,Ore processed,1,ore
QC-MAIN-eac5a52b,,,,Air,Hydrogen fluoride,Emission,Fugitive Emissions,tonnes,66.48,MetalliCan,MetalliCan,,,Ore processed,1,ore
QC-MAIN-eac5a52b,,,,Air,n-Hexane,Emission,Fugitive Emissions,tonnes,1.1499,MetalliCan,MetalliCan,,,Ore processed,1,ore
QC-MAIN-eac5a52b,,,,Air,Nitrogen oxides (expressed as nitrogen dioxide),Emission,Fugitive Emissions,tonnes,0.018,MetalliCan,MetalliCan,,,Ore processed,1,ore
QC-MAIN-eac5a52b,,,,Air,Phenanthrene,Emission,Fugitive Emissions,kg,0.92,MetalliCan,MetalliCan,,,Ore processed,1,ore
QC-MAIN-eac5a52b,,,,Air,PM10 - Particulate Matter <= 10 Micrometers,Emission,Fugitive Emissions,tonnes,100.6,MetalliCan,MetalliCan,,,Ore processed,1,ore
QC-MAIN-eac5a52b,,,,Air,PM2.5 - Particulate Matter <= 2.5 Micrometers,Emission,Fugitive Emissions,tonnes,74.05,MetalliCan,MetalliCan,,,Ore processed,1,ore
QC-MAIN-eac5a52b,,,,Air,Styrene,Emission,Fugitive Emissions,tonnes,5.7497,MetalliCan,MetalliCan,,,Ore processed,1,ore
QC-MAIN-eac5a52b,,,,Air,Sulphur dioxide,Emission,Fugitive Emissions,tonnes,34.926,MetalliCan,MetalliCan,,,Ore processed,1,ore
QC-MAIN-eac5a52b,,,,Air,Toluene,Emission,Fugitive Emissions,tonnes,45.9972,MetalliCan,MetalliCan,,,Ore processed,1,ore
QC-MAIN-eac5a52b,,,,Air,Total particulate matter,Emission,Fugitive Emissions,tonnes,139.72,MetalliCan,MetalliCan,,,Ore processed,1,ore
QC-MAIN-eac5a52b,,,,Air,Total reduced sulphur (expressed as hydrogen sulphide),Emission,Fugitive Emissions,tonnes,0.98,MetalliCan,MetalliCan,,,Ore processed,1,ore
QC-MAIN-eac5a52b,,,,Air,Volatile Organic Compounds (Total),Emission,Fugitive Emissions,tonnes,143.741,MetalliCan,MetalliCan,,,Ore processed,1,ore
ON-MAIN-6664e89b,,,,Air,Cobalt (and its compounds),Emission,Fugitive Emissions,kg,0.0072,MetalliCan,MetalliCan,,,Ore processed,1,ore
SK-MAIN-26b9aaf3,,,,Air,Arsenic (and its compounds),Emission,Fugitive Emissions,kg,0.0532,MetalliCan,MetalliCan,,,Ore processed,1,ore
SK-MAIN-26b9aaf3,,,,Air,Carbon monoxide,Emission,Fugitive Emissions,tonnes,33.8989,MetalliCan,MetalliCan,,,Ore processed,1,ore
SK-MAIN-26b9aaf3,,,,Air,Cobalt (and its compounds),Emission,Fugitive Emissions,kg,0.0774,MetalliCan,MetalliCan,,,Ore processed,1,ore
SK-MAIN-26b9aaf3,,,,Air,Hexavalent chromium (and its compounds),Emission,Fugitive Emissions,kg,1.0659,MetalliCan,MetalliCan,,,Ore processed,1,ore
SK-MAIN-26b9aaf3,,,,Air,Lead (and its compounds),Emission,Fugitive Emissions,kg,0.0202,MetalliCan,MetalliCan,,,Ore processed,1,ore
SK-MAIN-26b9aaf3,,,,Air,Nitrogen oxides (expressed as nitrogen dioxide),Emission,Fugitive Emissions,tonnes,111.601,MetalliCan,MetalliCan,,,Ore processed,1,ore
SK-MAIN-26b9aaf3,,,,Air,PM10 - Particulate Matter <= 10 Micrometers,Emission,Fugitive Emissions,tonnes,8.5556,MetalliCan,MetalliCan,,,Ore processed,1,ore
SK-MAIN-26b9aaf3,,,,Air,PM2.5 - Particulate Matter <= 2.5 Micrometers,Emission,Fugitive Emissions,tonnes,6.7023,MetalliCan,MetalliCan,,,Ore processed,1,ore
SK-MAIN-26b9aaf3,,,,Air,Selenium (and its compounds),Emission,Fugitive Emissions,kg,0.0031,MetalliCan,MetalliCan,,,Ore processed,1,ore
SK-MAIN-26b9aaf3,,,,Air,Sulphur dioxide,Emission,Fugitive Emissions,tonnes,4.6787,MetalliCan,MetalliCan,,,Ore processed,1,ore
SK-MAIN-26b9aaf3,,,,Air,Total particulate matter,Emission,Fugitive Emissions,tonnes,13.4626,MetalliCan,MetalliCan,,,Ore processed,1,ore
SK-MAIN-26b9aaf3,,,,Air,Volatile Organic Compounds (Total),Emission,Fugitive Emissions,tonnes,11.4289,MetalliCan,MetalliCan,,,Ore processed,1,ore
SK-MAIN-26b9aaf3,,,,Air,Zinc (and its compounds),Emission,Fugitive Emissions,tonnes,0.0061,MetalliCan,MetalliCan,,,Ore processed,1,ore
ON-MAIN-21b6ab35,,,,Air,Arsenic (and its compounds),Emission,Fugitive Emissions,kg,1.2679,MetalliCan,MetalliCan,,,Ore processed,1,ore
ON-MAIN-21b6ab35,,,,Air,Cadmium (and its compounds),Emission,Fugitive Emissions,kg,1.7518,MetalliCan,MetalliCan,,,Ore processed,1,ore
ON-MAIN-21b6ab35,,,,Air,Lead (and its compounds),Emission,Fugitive Emissions,kg,0.0732,MetalliCan,MetalliCan,,,Ore processed,1,ore
ON-MAIN-21b6ab35,,,,Air,Manganese (and its compounds),Emission,Fugitive Emissions,tonnes,0.075,MetalliCan,MetalliCan,,,Ore processed,1,ore
ON-MAIN-21b6ab35,,,,Air,Mercury (and its compounds),Emission,Fugitive Emissions,tonnes,2.5e-06,MetalliCan,MetalliCan,,,Ore processed,1,ore
ON-MAIN-21b6ab35,,,,Air,Nitrogen oxides (expressed as nitrogen dioxide),Emission,Fugitive Emissions,tonnes,0.0017,MetalliCan,MetalliCan,,,Ore processed,1,ore
MB-MAIN-b4ca1426,,,,Air,PM10 - Particulate Matter <= 10 Micrometers,Emission,Fugitive Emissions,tonnes,0.17241,MetalliCan,MetalliCan,,,Ore processed,1,ore
ON-MAIN-21b6ab35,,,,Air,PM10 - Particulate Matter <= 10 Micrometers,Emission,Fugitive Emissions,tonnes,3.6767,MetalliCan,MetalliCan,,,Ore processed,1,ore
MB-MAIN-b4ca1426,,,,Air,PM2.5 - Particulate Matter <= 2.5 Micrometers,Emission,Fugitive Emissions,tonnes,0.17241,MetalliCan,MetalliCan,,,Ore processed,1,ore
ON-MAIN-21b6ab35,,,,Air,PM2.5 - Particulate Matter <= 2.5 Micrometers,Emission,Fugitive Emissions,tonnes,2.7258,MetalliCan,MetalliCan,,,Ore processed,1,ore
MB-MAIN-b4ca1426,,,,Air,Total particulate matter,Emission,Fugitive Emissions,tonnes,0.17241,MetalliCan,MetalliCan,,,Ore processed,1,ore
ON-MAIN-21b6ab35,,,,Air,Total particulate matter,Emission,Fugitive Emissions,tonnes,6.7577,MetalliCan,MetalliCan,,,Ore processed,1,ore
MB-MAIN-b4ca1426,,,,Air,Volatile Organic Compounds (Total),Emission,Fugitive Emissions,tonnes,7.05483,MetalliCan,MetalliCan,,,Ore processed,1,ore
ON-MAIN-21b6ab35,,,,Air,Zinc (and its compounds),Emission,Fugitive Emissions,tonnes,0.6297,MetalliCan,MetalliCan,,,Ore processed,1,ore
ON-MAIN-fc6f1a44,,,,Air,Arsenic (and its compounds),Emission,Fugitive Emissions,kg,0.00168,MetalliCan,MetalliCan,,,Ore processed,1,ore
ON-MAIN-fc6f1a44,,,,Air,Cadmium (and its compounds),Emission,Fugitive Emissions,kg,7.5e-05,MetalliCan,MetalliCan,,,Ore processed,1,ore
ON-MAIN-fc6f1a44,,,,Air,Cobalt (and its compounds),Emission,Fugitive Emissions,kg,0.00086,MetalliCan,MetalliCan,,,Ore processed,1,ore
ON-MAIN-fc6f1a44,,,,Air,Lead (and its compounds),Emission,Fugitive Emissions,kg,0.001297,MetalliCan,MetalliCan,,,Ore processed,1,ore
ON-MAIN-fc6f1a44,,,,Air,Mercury (and its compounds),Emission,Fugitive Emissions,tonnes,2.6e-08,MetalliCan,MetalliCan,,,Ore processed,1,ore
ON-MAIN-fc6f1a44,,,,Air,PM10 - Particulate Matter <= 10 Micrometers,Emission,Fugitive Emissions,tonnes,0.081346,MetalliCan,MetalliCan,,,Ore processed,1,ore
ON-MAIN-fc6f1a44,,,,Air,PM2.5 - Particulate Matter <= 2.5 Micrometers,Emission,Fugitive Emissions,tonnes,0.012318,MetalliCan,MetalliCan,,,Ore processed,1,ore
ON-MAIN-fc6f1a44,,,,Air,Total particulate matter,Emission,Fugitive Emissions,tonnes,0.171988,MetalliCan,MetalliCan,,,Ore processed,1,ore
QC-MAIN-52c01ae4,,,,Air,Anthracene,Emission,Fugitive Emissions,kg,6.992,MetalliCan,MetalliCan,,,Ore processed,1,ore
QC-MAIN-52c01ae4,,,,Air,Benzo[b]fluoranthene,Emission,Fugitive Emissions,kg,3.627,MetalliCan,MetalliCan,,,Ore processed,1,ore
QC-MAIN-52c01ae4,,,,Air,Benzo[e]pyrene,Emission,Fugitive Emissions,kg,4.37,MetalliCan,MetalliCan,,,Ore processed,1,ore
QC-MAIN-52c01ae4,,,,Air,Benzo[ghi]perylene,Emission,Fugitive Emissions,kg,1.311,MetalliCan,MetalliCan,,,Ore processed,1,ore
QC-MAIN-52c01ae4,,,,Air,Benzo[j]fluoranthene,Emission,Fugitive Emissions,kg,3.627,MetalliCan,MetalliCan,,,Ore processed,1,ore
QC-MAIN-52c01ae4,,,,Air,Benzo[k]fluoranthene,Emission,Fugitive Emissions,kg,3.627,MetalliCan,MetalliCan,,,Ore processed,1,ore
QC-MAIN-52c01ae4,,,,Air,Carbon monoxide,Emission,Fugitive Emissions,tonnes,688.7,MetalliCan,MetalliCan,,,Ore processed,1,ore
QC-MAIN-52c01ae4,,,,Air,Carbonyl sulphide,Emission,Fugitive Emissions,tonnes,4.41,MetalliCan,MetalliCan,,,Ore processed,1,ore
QC-MAIN-52c01ae4,,,,Air,Chrysene,Emission,Fugitive Emissions,kg,8.739,MetalliCan,MetalliCan,,,Ore processed,1,ore
QC-MAIN-52c01ae4,,,,Air,Fluoranthene,Emission,Fugitive Emissions,kg,34.521,MetalliCan,MetalliCan,,,Ore processed,1,ore
QC-MAIN-52c01ae4,,,,Air,Fluorene,Emission,Fugitive Emissions,kg,20.538,MetalliCan,MetalliCan,,,Ore processed,1,ore
QC-MAIN-52c01ae4,,,,Air,Hydrogen fluoride,Emission,Fugitive Emissions,tonnes,108.23,MetalliCan,MetalliCan,,,Ore processed,1,ore
QC-MAIN-52c01ae4,,,,Air,Nitrogen oxides (expressed as nitrogen dioxide),Emission,Fugitive Emissions,tonnes,0.146,MetalliCan,MetalliCan,,,Ore processed,1,ore
QC-MAIN-52c01ae4,,,,Air,Phenanthrene,Emission,Fugitive Emissions,kg,70.353,MetalliCan,MetalliCan,,,Ore processed,1,ore
QC-MAIN-52c01ae4,,,,Air,PM10 - Particulate Matter <= 10 Micrometers,Emission,Fugitive Emissions,tonnes,317.408,MetalliCan,MetalliCan,,,Ore processed,1,ore
QC-MAIN-52c01ae4,,,,Air,PM2.5 - Particulate Matter <= 2.5 Micrometers,Emission,Fugitive Emissions,tonnes,233.563,MetalliCan,MetalliCan,,,Ore processed,1,ore
QC-MAIN-52c01ae4,,,,Air,Pyrene,Emission,Fugitive Emissions,kg,26.218,MetalliCan,MetalliCan,,,Ore processed,1,ore
QC-MAIN-52c01ae4,,,,Air,Sulphur dioxide,Emission,Fugitive Emissions,tonnes,89.445,MetalliCan,MetalliCan,,,Ore processed,1,ore
QC-MAIN-52c01ae4,,,,Air,Total particulate matter,Emission,Fugitive Emissions,tonnes,451.37,MetalliCan,MetalliCan,,,Ore processed,1,ore
QC-MAIN-52c01ae4,,,,Air,Total reduced sulphur (expressed as hydrogen sulphide),Emission,Fugitive Emissions,tonnes,2.5,MetalliCan,MetalliCan,,,Ore processed,1,ore
QC-MAIN-52c01ae4,,,,Air,Volatile Organic Compounds (Total),Emission,Fugitive Emissions,tonnes,161.904,MetalliCan,MetalliCan,,,Ore processed,1,ore
AB-MAIN-d3a4aba9,Refining at The Cobalt Refinery Company Inc.,Refinery,Co hydrometallurgical refinery,Air,Ammonia (total),Emission,Fugitive Emissions,tonnes,9.603,MetalliCan,MetalliCan,0.0,inf,Ore processed,1,ore
AB-MAIN-d3a4aba9,Refining at The Cobalt Refinery Company Inc.,Refinery,Co hydrometallurgical refinery,Air,Carbon monoxide,Emission,Fugitive Emissions,tonnes,0.322,MetalliCan,MetalliCan,0.0,inf,Ore processed,1,ore
AB-MAIN-d3a4aba9,Refining at The Cobalt Refinery Company Inc.,Refinery,Co hydrometallurgical refinery,Air,Nitrogen oxides (expressed as nitrogen dioxide),Emission,Fugitive Emissions,tonnes,1.611,MetalliCan,MetalliCan,0.0,inf,Ore processed,1,ore
AB-MAIN-d3a4aba9,Refining at The Cobalt Refinery Company Inc.,Refinery,Co hydrometallurgical refinery,Air,PM10 - Particulate Matter <= 10 Micrometers,Emission,Fugitive Emissions,tonnes,0.286,MetalliCan,MetalliCan,0.0,inf,Ore processed,1,ore
AB-MAIN-d3a4aba9,Refining at The Cobalt Refinery Company Inc.,Refinery,Co hydrometallurgical refinery,Air,PM2.5 - Particulate Matter <= 2.5 Micrometers,Emission,Fugitive Emissions,tonnes,0.251,MetalliCan,MetalliCan,0.0,inf,Ore processed,1,ore
AB-MAIN-d3a4aba9,Refining at The Cobalt Refinery Company Inc.,Refinery,Co hydrometallurgical refinery,Air,Sulphur dioxide,Emission,Fugitive Emissions,tonnes,0.371,MetalliCan,MetalliCan,0.0,inf,Ore processed,1,ore
AB-MAIN-d3a4aba9,Refining at The Cobalt Refinery Company Inc.,Refinery,Co hydrometallurgical refinery,Air,Total particulate matter,Emission,Fugitive Emissions,tonnes,0.489,MetalliCan,MetalliCan,0.0,inf,Ore processed,1,ore
ON-MAIN-020a683c,,,,Air,Anthracene,Emission,Fugitive Emissions,kg,0.6555,MetalliCan,MetalliCan,,,Ore processed,1,ore
ON-MAIN-020a683c,,,,Air,Benz[a]anthracene,Emission,Fugitive Emissions,kg,0.3008,MetalliCan,MetalliCan,,,Ore processed,1,ore
ON-MAIN-020a683c,,,,Air,Benzene,Emission,Fugitive Emissions,tonnes,15.5737,MetalliCan,MetalliCan,,,Ore processed,1,ore
ON-MAIN-020a683c,,,,Air,Benzo[a]pyrene,Emission,Fugitive Emissions,kg,0.2889,MetalliCan,MetalliCan,,,Ore processed,1,ore
ON-MAIN-020a683c,,,,Air,Benzo[b]fluoranthene,Emission,Fugitive Emissions,kg,0.284,MetalliCan,MetalliCan,,,Ore processed,1,ore
ON-MAIN-020a683c,,,,Air,Benzo[e]pyrene,Emission,Fugitive Emissions,kg,0.0116,MetalliCan,MetalliCan,,,Ore processed,1,ore
ON-MAIN-020a683c,,,,Air,Benzo[ghi]perylene,Emission,Fugitive Emissions,kg,0.0078,MetalliCan,MetalliCan,,,Ore processed,1,ore
ON-MAIN-020a683c,,,,Air,Benzo[j]fluoranthene,Emission,Fugitive Emissions,kg,0.0194,MetalliCan,MetalliCan,,,Ore processed,1,ore
ON-MAIN-020a683c,,,,Air,Benzo[k]fluoranthene,Emission,Fugitive Emissions,kg,0.1823,MetalliCan,MetalliCan,,,Ore processed,1,ore
ON-MAIN-020a683c,,,,Air,Chrysene,Emission,Fugitive Emissions,kg,0.4614,MetalliCan,MetalliCan,,,Ore processed,1,ore
ON-MAIN-020a683c,,,,Air,"Dibenz[a,h]anthracene",Emission,Fugitive Emissions,kg,0.3224,MetalliCan,MetalliCan,,,Ore processed,1,ore
ON-MAIN-020a683c,,,,Air,"Dibenzo[a,i]pyrene",Emission,Fugitive Emissions,kg,0.2889,MetalliCan,MetalliCan,,,Ore processed,1,ore
ON-MAIN-020a683c,,,,Air,Ethylene,Emission,Fugitive Emissions,tonnes,15.0107,MetalliCan,MetalliCan,,,Ore processed,1,ore
ON-MAIN-020a683c,,,,Air,Fluoranthene,Emission,Fugitive Emissions,kg,0.607,MetalliCan,MetalliCan,,,Ore processed,1,ore
ON-MAIN-020a683c,,,,Air,Hydrogen sulphide,Emission,Fugitive Emissions,tonnes,0.471286,MetalliCan,MetalliCan,,,Ore processed,1,ore
ON-MAIN-020a683c,,,,Air,"Indeno[1,2,3-cd]pyrene",Emission,Fugitive Emissions,kg,0.1092,MetalliCan,MetalliCan,,,Ore processed,1,ore
ON-MAIN-020a683c,,,,Air,Mercury (and its compounds),Emission,Fugitive Emissions,tonnes,0.0157095,MetalliCan,MetalliCan,,,Ore processed,1,ore
ON-MAIN-020a683c,,,,Air,Methanol,Emission,Fugitive Emissions,tonnes,12.0549,MetalliCan,MetalliCan,,,Ore processed,1,ore
ON-MAIN-020a683c,,,,Air,Naphthalene,Emission,Fugitive Emissions,tonnes,1.8677,MetalliCan,MetalliCan,,,Ore processed,1,ore
ON-MAIN-020a683c,,,,Air,Nitrogen oxides (expressed as nitrogen dioxide),Emission,Fugitive Emissions,tonnes,7.2974,MetalliCan,MetalliCan,,,Ore processed,1,ore
ON-MAIN-020a683c,,,,Air,Perylene,Emission,Fugitive Emissions,kg,0.0771,MetalliCan,MetalliCan,,,Ore processed,1,ore
ON-MAIN-020a683c,,,,Air,Phenanthrene,Emission,Fugitive Emissions,kg,0.9468,MetalliCan,MetalliCan,,,Ore processed,1,ore
ON-MAIN-020a683c,,,,Air,PM10 - Particulate Matter <= 10 Micrometers,Emission,Fugitive Emissions,tonnes,44.6241,MetalliCan,MetalliCan,,,Ore processed,1,ore
ON-MAIN-020a683c,,,,Air,PM2.5 - Particulate Matter <= 2.5 Micrometers,Emission,Fugitive Emissions,tonnes,14.7988,MetalliCan,MetalliCan,,,Ore processed,1,ore
ON-MAIN-020a683c,,,,Air,Pyrene,Emission,Fugitive Emissions,kg,0.5082,MetalliCan,MetalliCan,,,Ore processed,1,ore
ON-MAIN-020a683c,,,,Air,Styrene,Emission,Fugitive Emissions,tonnes,0.042099,MetalliCan,MetalliCan,,,Ore processed,1,ore
ON-MAIN-020a683c,,,,Air,Sulphur dioxide,Emission,Fugitive Emissions,tonnes,41.6783,MetalliCan,MetalliCan,,,Ore processed,1,ore
ON-MAIN-020a683c,,,,Air,Toluene,Emission,Fugitive Emissions,tonnes,0.767618,MetalliCan,MetalliCan,,,Ore processed,1,ore
ON-MAIN-020a683c,,,,Air,Total particulate matter,Emission,Fugitive Emissions,tonnes,83.5882,MetalliCan,MetalliCan,,,Ore processed,1,ore
ON-MAIN-020a683c,,,,Air,Total reduced sulphur (expressed as hydrogen sulphide),Emission,Fugitive Emissions,tonnes,0.471287,MetalliCan,MetalliCan,,,Ore processed,1,ore
ON-MAIN-020a683c,,,,Air,Volatile Organic Compounds (Total),Emission,Fugitive Emissions,tonnes,89.5452,MetalliCan,MetalliCan,,,Ore processed,1,ore
BC-MAIN-3bb6b7cd,Refining at Trail,Refinery,Zn refinery,Air,Antimony (and its compounds),Emission,Fugitive Emissions,tonnes,0.017,MetalliCan,MetalliCan,0.0,inf,Ore processed,1,ore
BC-MAIN-3bb6b7cd,Refining at Trail,Refinery,Zn refinery,Air,Arsenic (and its compounds),Emission,Fugitive Emissions,kg,16.51,MetalliCan,MetalliCan,0.0,inf,Ore processed,1,ore
BC-MAIN-3bb6b7cd,Refining at Trail,Refinery,Zn refinery,Air,Cadmium (and its compounds),Emission,Fugitive Emissions,kg,6.17,MetalliCan,MetalliCan,0.0,inf,Ore processed,1,ore
BC-MAIN-3bb6b7cd,Refining at Trail,Refinery,Zn refinery,Air,Cobalt (and its compounds),Emission,Fugitive Emissions,kg,0.002,MetalliCan,MetalliCan,0.0,inf,Ore processed,1,ore
BC-MAIN-3bb6b7cd,Refining at Trail,Refinery,Zn refinery,Air,Copper (and its compounds),Emission,Fugitive Emissions,tonnes,0.0076,MetalliCan,MetalliCan,0.0,inf,Ore processed,1,ore
BC-MAIN-3bb6b7cd,Refining at Trail,Refinery,Zn refinery,Air,Lead (and its compounds),Emission,Fugitive Emissions,kg,311.76,MetalliCan,MetalliCan,0.0,inf,Ore processed,1,ore
BC-MAIN-3bb6b7cd,Refining at Trail,Refinery,Zn refinery,Air,Manganese (and its compounds),Emission,Fugitive Emissions,tonnes,0.0019,MetalliCan,MetalliCan,0.0,inf,Ore processed,1,ore
BC-MAIN-3bb6b7cd,Refining at Trail,Refinery,Zn refinery,Air,Mercury (and its compounds),Emission,Fugitive Emissions,tonnes,2.6e-06,MetalliCan,MetalliCan,0.0,inf,Ore processed,1,ore
BC-MAIN-3bb6b7cd,Refining at Trail,Refinery,Zn refinery,Air,PM10 - Particulate Matter <= 10 Micrometers,Emission,Fugitive Emissions,tonnes,1.198,MetalliCan,MetalliCan,0.0,inf,Ore processed,1,ore
BC-MAIN-3bb6b7cd,Refining at Trail,Refinery,Zn refinery,Air,PM2.5 - Particulate Matter <= 2.5 Micrometers,Emission,Fugitive Emissions,tonnes,0.646,MetalliCan,MetalliCan,0.0,inf,Ore processed,1,ore
BC-MAIN-3bb6b7cd,Refining at Trail,Refinery,Zn refinery,Air,Silver (and its compounds),Emission,Fugitive Emissions,tonnes,0.0017,MetalliCan,MetalliCan,0.0,inf,Ore processed,1,ore
BC-MAIN-3bb6b7cd,Refining at Trail,Refinery,Zn refinery,Air,Total particulate matter,Emission,Fugitive Emissions,tonnes,1.307,MetalliCan,MetalliCan,0.0,inf,Ore processed,1,ore
BC-MAIN-3bb6b7cd,Refining at Trail,Refinery,Zn refinery,Air,Zinc (and its compounds),Emission,Fugitive Emissions,tonnes,0.18,MetalliCan,MetalliCan,0.0,inf,Ore processed,1,ore
AB-MAIN-d3a4aba9,Refining at The Cobalt Refinery Company Inc.,Refinery,Co hydrometallurgical refinery,Air,Ammonia (total),Emission,Fugitive Emissions,tonnes,9.187,MetalliCan,MetalliCan,0.0,inf,Ore processed,1,ore
AB-MAIN-d3a4aba9,Refining at The Cobalt Refinery Company Inc.,Refinery,Co hydrometallurgical refinery,Air,Cobalt (and its compounds),Emission,Fugitive Emissions,kg,119.042,MetalliCan,MetalliCan,0.0,inf,Ore processed,1,ore
AB-MAIN-d3a4aba9,Refining at The Cobalt Refinery Company Inc.,Refinery,Co hydrometallurgical refinery,Air,Nickel (and its compounds),Emission,Fugitive Emissions,tonnes,1.216,MetalliCan,MetalliCan,0.0,inf,Ore processed,1,ore
AB-MAIN-d3a4aba9,Refining at The Cobalt Refinery Company Inc.,Refinery,Co hydrometallurgical refinery,Air,PM10 - Particulate Matter <= 10 Micrometers,Emission,Fugitive Emissions,tonnes,3.861,MetalliCan,MetalliCan,0.0,inf,Ore processed,1,ore
AB-MAIN-d3a4aba9,Refining at The Cobalt Refinery Company Inc.,Refinery,Co hydrometallurgical refinery,Air,PM2.5 - Particulate Matter <= 2.5 Micrometers,Emission,Fugitive Emissions,tonnes,0.967,MetalliCan,MetalliCan,0.0,inf,Ore processed,1,ore
AB-MAIN-d3a4aba9,Refining at The Cobalt Refinery Company Inc.,Refinery,Co hydrometallurgical refinery,Air,Total particulate matter,Emission,Fugitive Emissions,tonnes,4.58,MetalliCan,MetalliCan,0.0,inf,Ore processed,1,ore
AB-MAIN-d3a4aba9,Refining at The Cobalt Refinery Company Inc.,Refinery,Co hydrometallurgical refinery,Air,Total reduced sulphur (expressed as hydrogen sulphide),Emission,Fugitive Emissions,tonnes,0.003,MetalliCan,MetalliCan,0.0,inf,Ore processed,1,ore
AB-MAIN-d3a4aba9,Refining at The Cobalt Refinery Company Inc.,Refinery,Co hydrometallurgical refinery,Air,Zinc (and its compounds),Emission,Fugitive Emissions,tonnes,0.02,MetalliCan,MetalliCan,0.0,inf,Ore processed,1,ore
ON-MAIN-387b06fe,,,,Air,Cadmium (and its compounds),Emission,Fugitive Emissions,kg,3.0,MetalliCan,MetalliCan,,,Ore processed,1,ore
ON-MAIN-387b06fe,,,,Air,Calcium fluoride,Emission,Fugitive Emissions,tonnes,0.245,MetalliCan,MetalliCan,,,Ore processed,1,ore
ON-MAIN-387b06fe,,,,Air,Chromium (and its compounds),Emission,Fugitive Emissions,tonnes,0.021,MetalliCan,MetalliCan,,,Ore processed,1,ore
ON-MAIN-387b06fe,,,,Air,Cobalt (and its compounds),Emission,Fugitive Emissions,kg,2.1,MetalliCan,MetalliCan,,,Ore processed,1,ore
ON-MAIN-387b06fe,,,,Air,Copper (and its compounds),Emission,Fugitive Emissions,tonnes,0.031,MetalliCan,MetalliCan,,,Ore processed,1,ore
ON-MAIN-387b06fe,,,,Air,Dioxins and furans - total,Emission,Fugitive Emissions,g TEQ,0.03911,MetalliCan,MetalliCan,,,Ore processed,1,ore
ON-MAIN-387b06fe,,,,Air,Lead (and its compounds),Emission,Fugitive Emissions,kg,26.9,MetalliCan,MetalliCan,,,Ore processed,1,ore
ON-MAIN-387b06fe,,,,Air,Manganese (and its compounds),Emission,Fugitive Emissions,tonnes,0.084,MetalliCan,MetalliCan,,,Ore processed,1,ore
ON-MAIN-387b06fe,,,,Air,Mercury (and its compounds),Emission,Fugitive Emissions,tonnes,0.0031,MetalliCan,MetalliCan,,,Ore processed,1,ore
ON-MAIN-387b06fe,,,,Air,Nickel (and its compounds),Emission,Fugitive Emissions,tonnes,0.03,MetalliCan,MetalliCan,,,Ore processed,1,ore
ON-MAIN-387b06fe,,,,Air,PM10 - Particulate Matter <= 10 Micrometers,Emission,Fugitive Emissions,tonnes,3.37,MetalliCan,MetalliCan,,,Ore processed,1,ore
ON-MAIN-387b06fe,,,,Air,PM2.5 - Particulate Matter <= 2.5 Micrometers,Emission,Fugitive Emissions,tonnes,2.2,MetalliCan,MetalliCan,,,Ore processed,1,ore
ON-MAIN-387b06fe,,,,Air,Zinc (and its compounds),Emission,Fugitive Emissions,tonnes,0.362,MetalliCan,MetalliCan,,,Ore processed,1,ore
ON-MAIN-eab8c362,,,,Air,Carbon monoxide,Emission,Spills,tonnes,14.315,MetalliCan,MetalliCan,,,Ore processed,1,ore
SK-MAIN-26b9aaf3,,,,Air,Carbon monoxide,Emission,Spills,tonnes,1.2948,MetalliCan,MetalliCan,,,Ore processed,1,ore
SK-MAIN-26b9aaf3,,,,Air,Nitrogen oxides (expressed as nitrogen dioxide),Emission,Spills,tonnes,0.23,MetalliCan,MetalliCan,,,Ore processed,1,ore
SK-MAIN-26b9aaf3,,,,Air,PM10 - Particulate Matter <= 10 Micrometers,Emission,Spills,tonnes,0.2349,MetalliCan,MetalliCan,,,Ore processed,1,ore
SK-MAIN-26b9aaf3,,,,Air,PM2.5 - Particulate Matter <= 2.5 Micrometers,Emission,Spills,tonnes,0.2355,MetalliCan,MetalliCan,,,Ore processed,1,ore
SK-MAIN-26b9aaf3,,,,Air,Sulphur dioxide,Emission,Spills,tonnes,0.0995,MetalliCan,MetalliCan,,,Ore processed,1,ore
SK-MAIN-26b9aaf3,,,,Air,Total particulate matter,Emission,Spills,tonnes,0.7589,MetalliCan,MetalliCan,,,Ore processed,1,ore
SK-MAIN-26b9aaf3,,,,Air,Volatile Organic Compounds (Total),Emission,Spills,tonnes,0.322,MetalliCan,MetalliCan,,,Ore processed,1,ore
AB-MAIN-d3a4aba9,Refining at The Cobalt Refinery Company Inc.,Refinery,Co hydrometallurgical refinery,Air,Ammonia (total),Emission,Spills,tonnes,0.048,MetalliCan,MetalliCan,0.0,inf,Ore processed,1,ore
QC-MAIN-c8966bdc,,,,Air,Chrysene,Emission,Other,kg,0.129,MetalliCan,MetalliCan,,,Ore processed,1,ore
ON-MAIN-4c35e094,,,,Air,"1,2,4-Trimethylbenzene",Emission,Other,tonnes,0.204141,MetalliCan,MetalliCan,,,Ore processed,1,ore
ON-MAIN-4c35e094,,,,Air,Calcium fluoride,Emission,Other,tonnes,0.000497,MetalliCan,MetalliCan,,,Ore processed,1,ore
ON-MAIN-4c35e094,,,,Air,Ethylbenzene,Emission,Other,tonnes,0.067606,MetalliCan,MetalliCan,,,Ore processed,1,ore
ON-MAIN-4c35e094,,,,Air,Ethylene glycol,Emission,Other,tonnes,0.000969,MetalliCan,MetalliCan,,,Ore processed,1,ore
ON-MAIN-4c35e094,,,,Air,Methanol,Emission,Other,tonnes,0.000248,MetalliCan,MetalliCan,,,Ore processed,1,ore
ON-MAIN-4c35e094,,,,Air,Naphthalene,Emission,Other,tonnes,0.007899,MetalliCan,MetalliCan,,,Ore processed,1,ore
ON-MAIN-4c35e094,,,,Air,Toluene,Emission,Other,tonnes,0.453626,MetalliCan,MetalliCan,,,Ore processed,1,ore
ON-MAIN-4c35e094,,,,Air,Xylene (all isomers),Emission,Other,tonnes,0.417814,MetalliCan,MetalliCan,,,Ore processed,1,ore
ON-MAIN-bddeaef0,,,,Air,PM10 - Particulate Matter <= 10 Micrometers,Emission,Other,tonnes,0.088,MetalliCan,MetalliCan,,,Ore processed,1,ore
ON-MAIN-020a683c,,,,Air,Anthracene,Emission,Other,kg,0.087367,MetalliCan,MetalliCan,,,Ore processed,1,ore
ON-MAIN-020a683c,,,,Air,Benz[a]anthracene,Emission,Other,kg,0.2668,MetalliCan,MetalliCan,,,Ore processed,1,ore
ON-MAIN-020a683c,,,,Air,Benzo[a]pyrene,Emission,Other,kg,0.1675,MetalliCan,MetalliCan,,,Ore processed,1,ore
ON-MAIN-020a683c,,,,Air,Benzo[b]fluoranthene,Emission,Other,kg,0.3164,MetalliCan,MetalliCan,,,Ore processed,1,ore
ON-MAIN-020a683c,,,,Air,Benzo[e]pyrene,Emission,Other,kg,0.2089,MetalliCan,MetalliCan,,,Ore processed,1,ore
ON-MAIN-020a683c,,,,Air,Benzo[ghi]perylene,Emission,Other,kg,0.1786,MetalliCan,MetalliCan,,,Ore processed,1,ore
ON-MAIN-020a683c,,,,Air,Benzo[j]fluoranthene,Emission,Other,kg,0.1256,MetalliCan,MetalliCan,,,Ore processed,1,ore
ON-MAIN-020a683c,,,,Air,Benzo[k]fluoranthene,Emission,Other,kg,0.1608,MetalliCan,MetalliCan,,,Ore processed,1,ore
ON-MAIN-020a683c,,,,Air,Chromium (and its compounds),Emission,Other,tonnes,0.060816,MetalliCan,MetalliCan,,,Ore processed,1,ore
ON-MAIN-020a683c,,,,Air,Chrysene,Emission,Other,kg,0.3941,MetalliCan,MetalliCan,,,Ore processed,1,ore
ON-MAIN-020a683c,,,,Air,"Dibenz[a,h]anthracene",Emission,Other,kg,0.0463,MetalliCan,MetalliCan,,,Ore processed,1,ore
ON-MAIN-020a683c,,,,Air,"Dibenzo[a,i]pyrene",Emission,Other,kg,0.0039,MetalliCan,MetalliCan,,,Ore processed,1,ore
ON-MAIN-020a683c,,,,Air,Fluoranthene,Emission,Other,kg,0.7299,MetalliCan,MetalliCan,,,Ore processed,1,ore
ON-MAIN-020a683c,,,,Air,"Indeno[1,2,3-cd]pyrene",Emission,Other,kg,0.2225,MetalliCan,MetalliCan,,,Ore processed,1,ore
ON-MAIN-020a683c,,,,Air,Lead (and its compounds),Emission,Other,kg,15.7958,MetalliCan,MetalliCan,,,Ore processed,1,ore
ON-MAIN-020a683c,,,,Air,Manganese (and its compounds),Emission,Other,tonnes,1.33842,MetalliCan,MetalliCan,,,Ore processed,1,ore
ON-MAIN-020a683c,,,,Air,Naphthalene,Emission,Other,tonnes,0.000298,MetalliCan,MetalliCan,,,Ore processed,1,ore
ON-MAIN-020a683c,,,,Air,Perylene,Emission,Other,kg,0.0425,MetalliCan,MetalliCan,,,Ore processed,1,ore
ON-MAIN-020a683c,,,,Air,Phenanthrene,Emission,Other,kg,0.5,MetalliCan,MetalliCan,,,Ore processed,1,ore
ON-MAIN-020a683c,,,,Air,Phosphorus (total),Emission,Other,tonnes,0.062857,MetalliCan,MetalliCan,,,Ore processed,1,ore
ON-MAIN-020a683c,,,,Air,PM10 - Particulate Matter <= 10 Micrometers,Emission,Other,tonnes,2.2242,MetalliCan,MetalliCan,,,Ore processed,1,ore
ON-MAIN-020a683c,,,,Air,PM2.5 - Particulate Matter <= 2.5 Micrometers,Emission,Other,tonnes,0.3988,MetalliCan,MetalliCan,,,Ore processed,1,ore
ON-MAIN-020a683c,,,,Air,Pyrene,Emission,Other,kg,0.5161,MetalliCan,MetalliCan,,,Ore processed,1,ore
ON-MAIN-020a683c,,,,Air,Selenium (and its compounds),Emission,Other,kg,0.1791,MetalliCan,MetalliCan,,,Ore processed,1,ore
ON-MAIN-020a683c,,,,Air,Total particulate matter,Emission,Other,tonnes,111.9309,MetalliCan,MetalliCan,,,Ore processed,1,ore
ON-MAIN-020a683c,,,,Air,Zinc (and its compounds),Emission,Other,tonnes,0.081811,MetalliCan,MetalliCan,,,Ore processed,1,ore
AB-MAIN-d3a4aba9,Refining at The Cobalt Refinery Company Inc.,Refinery,Co hydrometallurgical refinery,Air,Ammonia (total),Emission,Other,tonnes,215.454,MetalliCan,MetalliCan,0.0,inf,Ore processed,1,ore
ON-MAIN-eab8c362,,,,Water,Ammonia (total),Emission,Direct Discharge,tonnes,17.515,MetalliCan,MetalliCan,,,Ore processed,1,ore
ON-MAIN-eab8c362,,,,Water,Benzene,Emission,Direct Discharge,tonnes,0.014526,MetalliCan,MetalliCan,,,Ore processed,1,ore
ON-MAIN-eab8c362,,,,Water,Benzo[a]pyrene,Emission,Direct Discharge,kg,3.12,MetalliCan,MetalliCan,,,Ore processed,1,ore
ON-MAIN-eab8c362,,,,Water,Lead (and its compounds),Emission,Direct Discharge,kg,98.092,MetalliCan,MetalliCan,,,Ore processed,1,ore
ON-MAIN-eab8c362,,,,Water,Manganese (and its compounds),Emission,Direct Discharge,tonnes,1.511,MetalliCan,MetalliCan,,,Ore processed,1,ore
ON-MAIN-eab8c362,,,,Water,Naphthalene,Emission,Direct Discharge,tonnes,0.007,MetalliCan,MetalliCan,,,Ore processed,1,ore
ON-MAIN-eab8c362,,,,Water,Nickel (and its compounds),Emission,Direct Discharge,tonnes,0.865,MetalliCan,MetalliCan,,,Ore processed,1,ore
ON-MAIN-eab8c362,,,,Water,Nitrate ion in solution at pH >= 6.0,Emission,Direct Discharge,tonnes,118.885,MetalliCan,MetalliCan,,,Ore processed,1,ore
ON-MAIN-eab8c362,,,,Water,Zinc (and its compounds),Emission,Direct Discharge,tonnes,4.586,MetalliCan,MetalliCan,,,Ore processed,1,ore
AB-MAIN-9fed34a8,,,,Water,Arsenic (and its compounds),Emission,Direct Discharge,kg,0.335,MetalliCan,MetalliCan,,,Ore processed,1,ore
AB-MAIN-9fed34a8,,,,Water,Cadmium (and its compounds),Emission,Direct Discharge,kg,0.0202,MetalliCan,MetalliCan,,,Ore processed,1,ore
AB-MAIN-9fed34a8,,,,Water,Chromium (and its compounds),Emission,Direct Discharge,tonnes,0.0006,MetalliCan,MetalliCan,,,Ore processed,1,ore
AB-MAIN-9fed34a8,,,,Water,Copper (and its compounds),Emission,Direct Discharge,tonnes,0.0004,MetalliCan,MetalliCan,,,Ore processed,1,ore
AB-MAIN-9fed34a8,,,,Water,Lead (and its compounds),Emission,Direct Discharge,kg,0.0806,MetalliCan,MetalliCan,,,Ore processed,1,ore
AB-MAIN-9fed34a8,,,,Water,Manganese (and its compounds),Emission,Direct Discharge,tonnes,0.0069,MetalliCan,MetalliCan,,,Ore processed,1,ore
AB-MAIN-9fed34a8,,,,Water,Mercury (and its compounds),Emission,Direct Discharge,tonnes,2e-07,MetalliCan,MetalliCan,,,Ore processed,1,ore
AB-MAIN-9fed34a8,,,,Water,Nickel (and its compounds),Emission,Direct Discharge,tonnes,0.0013,MetalliCan,MetalliCan,,,Ore processed,1,ore
AB-MAIN-9fed34a8,,,,Water,Selenium (and its compounds),Emission,Direct Discharge,kg,0.0845,MetalliCan,MetalliCan,,,Ore processed,1,ore
AB-MAIN-9fed34a8,,,,Water,Vanadium (and its compounds),Emission,Direct Discharge,tonnes,0.0016,MetalliCan,MetalliCan,,,Ore processed,1,ore
AB-MAIN-9fed34a8,,,,Water,Zinc (and its compounds),Emission,Direct Discharge,tonnes,0.0008,MetalliCan,MetalliCan,,,Ore processed,1,ore
ON-MAIN-4c35e094,,,,Water,Ammonia (total),Emission,Direct Discharge,tonnes,37.1129,MetalliCan,MetalliCan,,,Ore processed,1,ore
ON-MAIN-4c35e094,,,,Water,Antimony (and its compounds),Emission,Direct Discharge,tonnes,0.097695,MetalliCan,MetalliCan,,,Ore processed,1,ore
ON-MAIN-4c35e094,,,,Water,Arsenic (and its compounds),Emission,Direct Discharge,kg,13.323,MetalliCan,MetalliCan,,,Ore processed,1,ore
ON-MAIN-4c35e094,,,,Water,Benzene,Emission,Direct Discharge,tonnes,0.000192,MetalliCan,MetalliCan,,,Ore processed,1,ore
ON-MAIN-4c35e094,,,,Water,Chromium (and its compounds),Emission,Direct Discharge,tonnes,0.061613,MetalliCan,MetalliCan,,,Ore processed,1,ore
ON-MAIN-4c35e094,,,,Water,Copper (and its compounds),Emission,Direct Discharge,tonnes,0.082353,MetalliCan,MetalliCan,,,Ore processed,1,ore
ON-MAIN-4c35e094,,,,Water,Hexavalent chromium (and its compounds),Emission,Direct Discharge,kg,0.641,MetalliCan,MetalliCan,,,Ore processed,1,ore
ON-MAIN-4c35e094,,,,Water,Lead (and its compounds),Emission,Direct Discharge,kg,107.437,MetalliCan,MetalliCan,,,Ore processed,1,ore
ON-MAIN-4c35e094,,,,Water,Manganese (and its compounds),Emission,Direct Discharge,tonnes,0.642125,MetalliCan,MetalliCan,,,Ore processed,1,ore
ON-MAIN-4c35e094,,,,Water,Naphthalene,Emission,Direct Discharge,tonnes,0.000212,MetalliCan,MetalliCan,,,Ore processed,1,ore
ON-MAIN-4c35e094,,,,Water,Nickel (and its compounds),Emission,Direct Discharge,tonnes,0.04278,MetalliCan,MetalliCan,,,Ore processed,1,ore
ON-MAIN-4c35e094,,,,Water,Phenol (and its salts),Emission,Direct Discharge,tonnes,0.064439,MetalliCan,MetalliCan,,,Ore processed,1,ore
ON-MAIN-4c35e094,,,,Water,Phosphorus (total),Emission,Direct Discharge,tonnes,0.554008,MetalliCan,MetalliCan,,,Ore processed,1,ore
ON-MAIN-4c35e094,,,,Water,Vanadium (and its compounds),Emission,Direct Discharge,tonnes,0.022505,MetalliCan,MetalliCan,,,Ore processed,1,ore
ON-MAIN-4c35e094,,,,Water,Zinc (and its compounds),Emission,Direct Discharge,tonnes,1.487855,MetalliCan,MetalliCan,,,Ore processed,1,ore
ON-MAIN-020a683c,,,,Water,Lead (and its compounds),Emission,Direct Discharge,kg,0.387,MetalliCan,MetalliCan,,,Ore processed,1,ore
ON-MAIN-6664e89b,,,,Water,Cobalt (and its compounds),Emission,Direct Discharge,kg,1.6,MetalliCan,MetalliCan,,,Ore processed,1,ore
ON-MAIN-21b6ab35,,,,Water,Arsenic (and its compounds),Emission,Direct Discharge,kg,0.9496,MetalliCan,MetalliCan,,,Ore processed,1,ore
ON-MAIN-21b6ab35,,,,Water,Cadmium (and its compounds),Emission,Direct Discharge,kg,0.0228,MetalliCan,MetalliCan,,,Ore processed,1,ore
MB-MAIN-b4ca1426,,,,Water,Lead (and its compounds),Emission,Direct Discharge,kg,12.9271,MetalliCan,MetalliCan,,,Ore processed,1,ore
ON-MAIN-21b6ab35,,,,Water,Lead (and its compounds),Emission,Direct Discharge,kg,0.4074,MetalliCan,MetalliCan,,,Ore processed,1,ore
MB-MAIN-b4ca1426,,,,Water,Manganese (and its compounds),Emission,Direct Discharge,tonnes,0.0723,MetalliCan,MetalliCan,,,Ore processed,1,ore
ON-MAIN-21b6ab35,,,,Water,Manganese (and its compounds),Emission,Direct Discharge,tonnes,0.0346,MetalliCan,MetalliCan,,,Ore processed,1,ore
MB-MAIN-b4ca1426,,,,Water,Mercury (and its compounds),Emission,Direct Discharge,tonnes,6.8e-06,MetalliCan,MetalliCan,,,Ore processed,1,ore
MB-MAIN-b4ca1426,,,,Water,Selenium (and its compounds),Emission,Direct Discharge,kg,4.2064,MetalliCan,MetalliCan,,,Ore processed,1,ore
MB-MAIN-b4ca1426,,,,Water,Zinc (and its compounds),Emission,Direct Discharge,tonnes,0.523,MetalliCan,MetalliCan,,,Ore processed,1,ore
ON-MAIN-21b6ab35,,,,Water,Zinc (and its compounds),Emission,Direct Discharge,tonnes,0.0038,MetalliCan,MetalliCan,,,Ore processed,1,ore
QC-MAIN-52c01ae4,,,,Water,Benz[a]anthracene,Emission,Direct Discharge,kg,0.013,MetalliCan,MetalliCan,,,Ore processed,1,ore
QC-MAIN-52c01ae4,,,,Water,Benzo[a]pyrene,Emission,Direct Discharge,kg,0.018,MetalliCan,MetalliCan,,,Ore processed,1,ore
QC-MAIN-52c01ae4,,,,Water,Benzo[b]fluoranthene,Emission,Direct Discharge,kg,0.019,MetalliCan,MetalliCan,,,Ore processed,1,ore
QC-MAIN-52c01ae4,,,,Water,Benzo[j]fluoranthene,Emission,Direct Discharge,kg,0.019,MetalliCan,MetalliCan,,,Ore processed,1,ore
QC-MAIN-52c01ae4,,,,Water,Benzo[k]fluoranthene,Emission,Direct Discharge,kg,0.012,MetalliCan,MetalliCan,,,Ore processed,1,ore
QC-MAIN-52c01ae4,,,,Water,Chrysene,Emission,Direct Discharge,kg,0.026,MetalliCan,MetalliCan,,,Ore processed,1,ore
QC-MAIN-52c01ae4,,,,Water,"Dibenzo[a,i]pyrene",Emission,Direct Discharge,kg,0.004,MetalliCan,MetalliCan,,,Ore processed,1,ore
QC-MAIN-52c01ae4,,,,Water,"Indeno[1,2,3-cd]pyrene",Emission,Direct Discharge,kg,0.016,MetalliCan,MetalliCan,,,Ore processed,1,ore
ON-MAIN-020a683c,,,,Water,Benzo[a]pyrene,Emission,Direct Discharge,kg,1.0,MetalliCan,MetalliCan,,,Ore processed,1,ore
ON-MAIN-020a683c,,,,Water,Chromium (and its compounds),Emission,Direct Discharge,tonnes,0.1424,MetalliCan,MetalliCan,,,Ore processed,1,ore
ON-MAIN-020a683c,,,,Water,Lead (and its compounds),Emission,Direct Discharge,kg,27.6,MetalliCan,MetalliCan,,,Ore processed,1,ore
ON-MAIN-020a683c,,,,Water,Naphthalene,Emission,Direct Discharge,tonnes,0.0007,MetalliCan,MetalliCan,,,Ore processed,1,ore
ON-MAIN-020a683c,,,,Water,Phosphorus (total),Emission,Direct Discharge,tonnes,0.6492,MetalliCan,MetalliCan,,,Ore processed,1,ore
ON-MAIN-020a683c,,,,Water,Zinc (and its compounds),Emission,Direct Discharge,tonnes,0.2709,MetalliCan,MetalliCan,,,Ore processed,1,ore
BC-MAIN-3bb6b7cd,Refining at Trail,Refinery,Zn refinery,Water,Ammonia (total),Emission,Direct Discharge,tonnes,14.58,MetalliCan,MetalliCan,0.0,inf,Ore processed,1,ore
BC-MAIN-3bb6b7cd,Refining at Trail,Refinery,Zn refinery,Water,Antimony (and its compounds),Emission,Direct Discharge,tonnes,1.2651,MetalliCan,MetalliCan,0.0,inf,Ore processed,1,ore
BC-MAIN-3bb6b7cd,Refining at Trail,Refinery,Zn refinery,Water,Arsenic (and its compounds),Emission,Direct Discharge,kg,325.12,MetalliCan,MetalliCan,0.0,inf,Ore processed,1,ore
BC-MAIN-3bb6b7cd,Refining at Trail,Refinery,Zn refinery,Water,Cadmium (and its compounds),Emission,Direct Discharge,kg,68.41,MetalliCan,MetalliCan,0.0,inf,Ore processed,1,ore
BC-MAIN-3bb6b7cd,Refining at Trail,Refinery,Zn refinery,Water,Copper (and its compounds),Emission,Direct Discharge,tonnes,0.1743,MetalliCan,MetalliCan,0.0,inf,Ore processed,1,ore
BC-MAIN-3bb6b7cd,Refining at Trail,Refinery,Zn refinery,Water,Lead (and its compounds),Emission,Direct Discharge,kg,560.19,MetalliCan,MetalliCan,0.0,inf,Ore processed,1,ore
BC-MAIN-3bb6b7cd,Refining at Trail,Refinery,Zn refinery,Water,Manganese (and its compounds),Emission,Direct Discharge,tonnes,1.3275,MetalliCan,MetalliCan,0.0,inf,Ore processed,1,ore
BC-MAIN-3bb6b7cd,Refining at Trail,Refinery,Zn refinery,Water,Mercury (and its compounds),Emission,Direct Discharge,tonnes,0.00165,MetalliCan,MetalliCan,0.0,inf,Ore processed,1,ore
BC-MAIN-3bb6b7cd,Refining at Trail,Refinery,Zn refinery,Water,Nitrate ion in solution at pH >= 6.0,Emission,Direct Discharge,tonnes,3.52,MetalliCan,MetalliCan,0.0,inf,Ore processed,1,ore
BC-MAIN-3bb6b7cd,Refining at Trail,Refinery,Zn refinery,Water,Selenium (and its compounds),Emission,Direct Discharge,kg,760.78,MetalliCan,MetalliCan,0.0,inf,Ore processed,1,ore
BC-MAIN-3bb6b7cd,Refining at Trail,Refinery,Zn refinery,Water,Thallium (and its compounds),Emission,Direct Discharge,kg,398.28,MetalliCan,MetalliCan,0.0,inf,Ore processed,1,ore
BC-MAIN-3bb6b7cd,Refining at Trail,Refinery,Zn refinery,Water,Zinc (and its compounds),Emission,Direct Discharge,tonnes,4.0,MetalliCan,MetalliCan,0.0,inf,Ore processed,1,ore
ON-MAIN-2e13aaa0,,,,Water,Arsenic (and its compounds),Emission,Direct Discharge,kg,504.0,MetalliCan,MetalliCan,,,Ore processed,1,ore
ON-MAIN-2e13aaa0,,,,Water,Cadmium (and its compounds),Emission,Direct Discharge,kg,0.07,MetalliCan,MetalliCan,,,Ore processed,1,ore
ON-MAIN-2e13aaa0,,,,Water,Cobalt (and its compounds),Emission,Direct Discharge,kg,104.7,MetalliCan,MetalliCan,,,Ore processed,1,ore
ON-MAIN-2e13aaa0,,,,Water,Copper (and its compounds),Emission,Direct Discharge,tonnes,0.08,MetalliCan,MetalliCan,,,Ore processed,1,ore
ON-MAIN-2e13aaa0,,,,Water,Lead (and its compounds),Emission,Direct Discharge,kg,4.37,MetalliCan,MetalliCan,,,Ore processed,1,ore
ON-MAIN-2e13aaa0,,,,Water,Nickel (and its compounds),Emission,Direct Discharge,tonnes,0.84,MetalliCan,MetalliCan,,,Ore processed,1,ore
ON-MAIN-2e13aaa0,,,,Water,Selenium (and its compounds),Emission,Direct Discharge,kg,187.17,MetalliCan,MetalliCan,,,Ore processed,1,ore
NL-MAIN-d9036091,Refining at Long Harbour,Refinery,Ni hydrometallurgical refinery,Water,Copper (and its compounds),Emission,Direct Discharge,tonnes,0.017867,MetalliCan,MetalliCan,0.0,inf,Ore processed,1,ore
NL-MAIN-d9036091,Refining at Long Harbour,Refinery,Ni hydrometallurgical refinery,Water,Lead (and its compounds),Emission,Direct Discharge,kg,4.1359,MetalliCan,MetalliCan,0.0,inf,Ore processed,1,ore
NL-MAIN-d9036091,Refining at Long Harbour,Refinery,Ni hydrometallurgical refinery,Water,Nickel (and its compounds),Emission,Direct Discharge,tonnes,0.428025,MetalliCan,MetalliCan,0.0,inf,Ore processed,1,ore
NL-MAIN-d9036091,Refining at Long Harbour,Refinery,Ni hydrometallurgical refinery,Water,Zinc (and its compounds),Emission,Direct Discharge,tonnes,0.054154,MetalliCan,MetalliCan,0.0,inf,Ore processed,1,ore
ON-MAIN-eab8c362,,,,Water,Ammonia (total),Emission,Waterbody,tonnes,,MetalliCan,MetalliCan,,,Ore processed,1,ore
ON-MAIN-eab8c362,,,,Water,Benzene,Emission,Waterbody,tonnes,,MetalliCan,MetalliCan,,,Ore processed,1,ore
ON-MAIN-eab8c362,,,,Water,Benzo[a]pyrene,Emission,Waterbody,kg,,MetalliCan,MetalliCan,,,Ore processed,1,ore
ON-MAIN-eab8c362,,,,Water,Lead (and its compounds),Emission,Waterbody,kg,,MetalliCan,MetalliCan,,,Ore processed,1,ore
ON-MAIN-eab8c362,,,,Water,Manganese (and its compounds),Emission,Waterbody,tonnes,,MetalliCan,MetalliCan,,,Ore processed,1,ore
ON-MAIN-eab8c362,,,,Water,Naphthalene,Emission,Waterbody,tonnes,,MetalliCan,MetalliCan,,,Ore processed,1,ore
ON-MAIN-eab8c362,,,,Water,Nickel (and its compounds),Emission,Waterbody,tonnes,,MetalliCan,MetalliCan,,,Ore processed,1,ore
ON-MAIN-eab8c362,,,,Water,Nitrate ion in solution at pH >= 6.0,Emission,Waterbody,tonnes,,MetalliCan,MetalliCan,,,Ore processed,1,ore
ON-MAIN-eab8c362,,,,Water,Benzene,Emission,Waterbody,tonnes,,MetalliCan,MetalliCan,,,Ore processed,1,ore
ON-MAIN-eab8c362,,,,Water,Zinc (and its compounds),Emission,Waterbody,tonnes,,MetalliCan,MetalliCan,,,Ore processed,1,ore
AB-MAIN-9fed34a8,,,,Water,Arsenic (and its compounds),Emission,Waterbody,kg,,MetalliCan,MetalliCan,,,Ore processed,1,ore
AB-MAIN-9fed34a8,,,,Water,Cadmium (and its compounds),Emission,Waterbody,kg,,MetalliCan,MetalliCan,,,Ore processed,1,ore
AB-MAIN-9fed34a8,,,,Water,Chromium (and its compounds),Emission,Waterbody,tonnes,,MetalliCan,MetalliCan,,,Ore processed,1,ore
AB-MAIN-9fed34a8,,,,Water,Copper (and its compounds),Emission,Waterbody,tonnes,,MetalliCan,MetalliCan,,,Ore processed,1,ore
AB-MAIN-9fed34a8,,,,Water,Lead (and its compounds),Emission,Waterbody,kg,,MetalliCan,MetalliCan,,,Ore processed,1,ore
AB-MAIN-9fed34a8,,,,Water,Manganese (and its compounds),Emission,Waterbody,tonnes,,MetalliCan,MetalliCan,,,Ore processed,1,ore
AB-MAIN-9fed34a8,,,,Water,Mercury (and its compounds),Emission,Waterbody,tonnes,,MetalliCan,MetalliCan,,,Ore processed,1,ore
AB-MAIN-9fed34a8,,,,Water,Nickel (and its compounds),Emission,Waterbody,tonnes,,MetalliCan,MetalliCan,,,Ore processed,1,ore
AB-MAIN-9fed34a8,,,,Water,Selenium (and its compounds),Emission,Waterbody,kg,,MetalliCan,MetalliCan,,,Ore processed,1,ore
AB-MAIN-9fed34a8,,,,Water,Vanadium (and its compounds),Emission,Waterbody,tonnes,,MetalliCan,MetalliCan,,,Ore processed,1,ore
AB-MAIN-9fed34a8,,,,Water,Zinc (and its compounds),Emission,Waterbody,tonnes,,MetalliCan,MetalliCan,,,Ore processed,1,ore
ON-MAIN-4c35e094,,,,Water,Ammonia (total),Emission,Waterbody,tonnes,,MetalliCan,MetalliCan,,,Ore processed,1,ore
ON-MAIN-4c35e094,,,,Water,Antimony (and its compounds),Emission,Waterbody,tonnes,,MetalliCan,MetalliCan,,,Ore processed,1,ore
ON-MAIN-4c35e094,,,,Water,Arsenic (and its compounds),Emission,Waterbody,kg,,MetalliCan,MetalliCan,,,Ore processed,1,ore
ON-MAIN-4c35e094,,,,Water,Benzene,Emission,Waterbody,tonnes,,MetalliCan,MetalliCan,,,Ore processed,1,ore
ON-MAIN-4c35e094,,,,Water,Chromium (and its compounds),Emission,Waterbody,tonnes,,MetalliCan,MetalliCan,,,Ore processed,1,ore
ON-MAIN-4c35e094,,,,Water,Copper (and its compounds),Emission,Waterbody,tonnes,,MetalliCan,MetalliCan,,,Ore processed,1,ore
ON-MAIN-4c35e094,,,,Water,Hexavalent chromium (and its compounds),Emission,Waterbody,kg,,MetalliCan,MetalliCan,,,Ore processed,1,ore
ON-MAIN-4c35e094,,,,Water,Lead (and its compounds),Emission,Waterbody,kg,,MetalliCan,MetalliCan,,,Ore processed,1,ore
ON-MAIN-4c35e094,,,,Water,Manganese (and its compounds),Emission,Waterbody,tonnes,,MetalliCan,MetalliCan,,,Ore processed,1,ore
ON-MAIN-4c35e094,,,,Water,Naphthalene,Emission,Waterbody,tonnes,,MetalliCan,MetalliCan,,,Ore processed,1,ore
ON-MAIN-4c35e094,,,,Water,Nickel (and its compounds),Emission,Waterbody,tonnes,,MetalliCan,MetalliCan,,,Ore processed,1,ore
ON-MAIN-4c35e094,,,,Water,Phenol (and its salts),Emission,Waterbody,tonnes,,MetalliCan,MetalliCan,,,Ore processed,1,ore
ON-MAIN-4c35e094,,,,Water,Phosphorus (total),Emission,Waterbody,tonnes,,MetalliCan,MetalliCan,,,Ore processed,1,ore
ON-MAIN-4c35e094,,,,Water,Benzene,Emission,Waterbody,tonnes,,MetalliCan,MetalliCan,,,Ore processed,1,ore
ON-MAIN-4c35e094,,,,Water,Vanadium (and its compounds),Emission,Waterbody,tonnes,,MetalliCan,MetalliCan,,,Ore processed,1,ore
ON-MAIN-4c35e094,,,,Water,Zinc (and its compounds),Emission,Waterbody,tonnes,,MetalliCan,MetalliCan,,,Ore processed,1,ore
ON-MAIN-020a683c,,,,Water,Lead (and its compounds),Emission,Waterbody,kg,,MetalliCan,MetalliCan,,,Ore processed,1,ore
ON-MAIN-6664e89b,,,,Water,Cobalt (and its compounds),Emission,Waterbody,kg,,MetalliCan,MetalliCan,,,Ore processed,1,ore
ON-MAIN-21b6ab35,,,,Water,Arsenic (and its compounds),Emission,Waterbody,kg,,MetalliCan,MetalliCan,,,Ore processed,1,ore
ON-MAIN-21b6ab35,,,,Water,Cadmium (and its compounds),Emission,Waterbody,kg,,MetalliCan,MetalliCan,,,Ore processed,1,ore
MB-MAIN-b4ca1426,,,,Water,Lead (and its compounds),Emission,Waterbody,kg,,MetalliCan,MetalliCan,,,Ore processed,1,ore
ON-MAIN-21b6ab35,,,,Water,Lead (and its compounds),Emission,Waterbody,kg,,MetalliCan,MetalliCan,,,Ore processed,1,ore
MB-MAIN-b4ca1426,,,,Water,Manganese (and its compounds),Emission,Waterbody,tonnes,,MetalliCan,MetalliCan,,,Ore processed,1,ore
ON-MAIN-21b6ab35,,,,Water,Manganese (and its compounds),Emission,Waterbody,tonnes,,MetalliCan,MetalliCan,,,Ore processed,1,ore
MB-MAIN-b4ca1426,,,,Water,Mercury (and its compounds),Emission,Waterbody,tonnes,,MetalliCan,MetalliCan,,,Ore processed,1,ore
MB-MAIN-b4ca1426,,,,Water,Selenium (and its compounds),Emission,Waterbody,kg,,MetalliCan,MetalliCan,,,Ore processed,1,ore
MB-MAIN-b4ca1426,,,,Water,Zinc (and its compounds),Emission,Waterbody,tonnes,,MetalliCan,MetalliCan,,,Ore processed,1,ore
ON-MAIN-21b6ab35,,,,Water,Zinc (and its compounds),Emission,Waterbody,tonnes,,MetalliCan,MetalliCan,,,Ore processed,1,ore
QC-MAIN-52c01ae4,,,,Water,Benz[a]anthracene,Emission,Waterbody,kg,,MetalliCan,MetalliCan,,,Ore processed,1,ore
QC-MAIN-52c01ae4,,,,Water,Benzo[a]pyrene,Emission,Waterbody,kg,,MetalliCan,MetalliCan,,,Ore processed,1,ore
QC-MAIN-52c01ae4,,,,Water,Benzo[b]fluoranthene,Emission,Waterbody,kg,,MetalliCan,MetalliCan,,,Ore processed,1,ore
QC-MAIN-52c01ae4,,,,Water,Benzo[j]fluoranthene,Emission,Waterbody,kg,,MetalliCan,MetalliCan,,,Ore processed,1,ore
QC-MAIN-52c01ae4,,,,Water,Benzo[k]fluoranthene,Emission,Waterbody,kg,,MetalliCan,MetalliCan,,,Ore processed,1,ore
QC-MAIN-52c01ae4,,,,Water,Chrysene,Emission,Waterbody,kg,,MetalliCan,MetalliCan,,,Ore processed,1,ore
QC-MAIN-52c01ae4,,,,Water,"Dibenzo[a,i]pyrene",Emission,Waterbody,kg,,MetalliCan,MetalliCan,,,Ore processed,1,ore
QC-MAIN-52c01ae4,,,,Water,"Indeno[1,2,3-cd]pyrene",Emission,Waterbody,kg,,MetalliCan,MetalliCan,,,Ore processed,1,ore
ON-MAIN-020a683c,,,,Water,Benzo[a]pyrene,Emission,Waterbody,kg,,MetalliCan,MetalliCan,,,Ore processed,1,ore
ON-MAIN-020a683c,,,,Water,Chromium (and its compounds),Emission,Waterbody,tonnes,,MetalliCan,MetalliCan,,,Ore processed,1,ore
ON-MAIN-020a683c,,,,Water,Lead (and its compounds),Emission,Waterbody,kg,,MetalliCan,MetalliCan,,,Ore processed,1,ore
ON-MAIN-020a683c,,,,Water,Naphthalene,Emission,Waterbody,tonnes,,MetalliCan,MetalliCan,,,Ore processed,1,ore
ON-MAIN-020a683c,,,,Water,Phosphorus (total),Emission,Waterbody,tonnes,,MetalliCan,MetalliCan,,,Ore processed,1,ore
ON-MAIN-020a683c,,,,Water,Zinc (and its compounds),Emission,Waterbody,tonnes,,MetalliCan,MetalliCan,,,Ore processed,1,ore
BC-MAIN-3bb6b7cd,Refining at Trail,Refinery,Zn refinery,Water,Ammonia (total),Emission,Waterbody,tonnes,,MetalliCan,MetalliCan,0.0,,Ore processed,1,ore
BC-MAIN-3bb6b7cd,Refining at Trail,Refinery,Zn refinery,Water,Antimony (and its compounds),Emission,Waterbody,tonnes,,MetalliCan,MetalliCan,0.0,,Ore processed,1,ore
BC-MAIN-3bb6b7cd,Refining at Trail,Refinery,Zn refinery,Water,Arsenic (and its compounds),Emission,Waterbody,kg,,MetalliCan,MetalliCan,0.0,,Ore processed,1,ore
BC-MAIN-3bb6b7cd,Refining at Trail,Refinery,Zn refinery,Water,Cadmium (and its compounds),Emission,Waterbody,kg,,MetalliCan,MetalliCan,0.0,,Ore processed,1,ore
BC-MAIN-3bb6b7cd,Refining at Trail,Refinery,Zn refinery,Water,Copper (and its compounds),Emission,Waterbody,tonnes,,MetalliCan,MetalliCan,0.0,,Ore processed,1,ore
BC-MAIN-3bb6b7cd,Refining at Trail,Refinery,Zn refinery,Water,Lead (and its compounds),Emission,Waterbody,kg,,MetalliCan,MetalliCan,0.0,,Ore processed,1,ore
BC-MAIN-3bb6b7cd,Refining at Trail,Refinery,Zn refinery,Water,Manganese (and its compounds),Emission,Waterbody,tonnes,,MetalliCan,MetalliCan,0.0,,Ore processed,1,ore
BC-MAIN-3bb6b7cd,Refining at Trail,Refinery,Zn refinery,Water,Mercury (and its compounds),Emission,Waterbody,tonnes,,MetalliCan,MetalliCan,0.0,,Ore processed,1,ore
BC-MAIN-3bb6b7cd,Refining at Trail,Refinery,Zn refinery,Water,Nitrate ion in solution at pH >= 6.0,Emission,Waterbody,tonnes,,MetalliCan,MetalliCan,0.0,,Ore processed,1,ore
BC-MAIN-3bb6b7cd,Refining at Trail,Refinery,Zn refinery,Water,Selenium (and its compounds),Emission,Waterbody,kg,,MetalliCan,MetalliCan,0.0,,Ore processed,1,ore
BC-MAIN-3bb6b7cd,Refining at Trail,Refinery,Zn refinery,Water,Thallium (and its compounds),Emission,Waterbody,kg,,MetalliCan,MetalliCan,0.0,,Ore processed,1,ore
BC-MAIN-3bb6b7cd,Refining at Trail,Refinery,Zn refinery,Water,Zinc (and its compounds),Emission,Waterbody,tonnes,,MetalliCan,MetalliCan,0.0,,Ore processed,1,ore
ON-MAIN-2e13aaa0,,,,Water,Arsenic (and its compounds),Emission,Waterbody,kg,,MetalliCan,MetalliCan,,,Ore processed,1,ore
ON-MAIN-2e13aaa0,,,,Water,Cadmium (and its compounds),Emission,Waterbody,kg,,MetalliCan,MetalliCan,,,Ore processed,1,ore
ON-MAIN-2e13aaa0,,,,Water,Cobalt (and its compounds),Emission,Waterbody,kg,,MetalliCan,MetalliCan,,,Ore processed,1,ore
ON-MAIN-2e13aaa0,,,,Water,Copper (and its compounds),Emission,Waterbody,tonnes,,MetalliCan,MetalliCan,,,Ore processed,1,ore
ON-MAIN-2e13aaa0,,,,Water,Lead (and its compounds),Emission,Waterbody,kg,,MetalliCan,MetalliCan,,,Ore processed,1,ore
ON-MAIN-2e13aaa0,,,,Water,Nickel (and its compounds),Emission,Waterbody,tonnes,,MetalliCan,MetalliCan,,,Ore processed,1,ore
ON-MAIN-2e13aaa0,,,,Water,Selenium (and its compounds),Emission,Waterbody,kg,,MetalliCan,MetalliCan,,,Ore processed,1,ore
NL-MAIN-d9036091,Refining at Long Harbour,Refinery,Ni hydrometallurgical refinery,Water,Copper (and its compounds),Emission,Waterbody,tonnes,,MetalliCan,MetalliCan,0.0,,Ore processed,1,ore
NL-MAIN-d9036091,Refining at Long Harbour,Refinery,Ni hydrometallurgical refinery,Water,Lead (and its compounds),Emission,Waterbody,kg,,MetalliCan,MetalliCan,0.0,,Ore processed,1,ore
NL-MAIN-d9036091,Refining at Long Harbour,Refinery,Ni hydrometallurgical refinery,Water,Nickel (and its compounds),Emission,Waterbody,tonnes,,MetalliCan,MetalliCan,0.0,,Ore processed,1,ore
NL-MAIN-d9036091,Refining at Long Harbour,Refinery,Ni hydrometallurgical refinery,Water,Zinc (and its compounds),Emission,Waterbody,tonnes,,MetalliCan,MetalliCan,0.0,,Ore processed,1,ore
ON-MAIN-eab8c362,,,,Water,Ammonia (total),Emission,Waterbody,tonnes,,MetalliCan,MetalliCan,,,Ore processed,1,ore
ON-MAIN-eab8c362,,,,Water,Benzene,Emission,Waterbody,tonnes,,MetalliCan,MetalliCan,,,Ore processed,1,ore
ON-MAIN-eab8c362,,,,Water,Benzo[a]pyrene,Emission,Waterbody,kg,,MetalliCan,MetalliCan,,,Ore processed,1,ore
ON-MAIN-eab8c362,,,,Water,Lead (and its compounds),Emission,Waterbody,kg,,MetalliCan,MetalliCan,,,Ore processed,1,ore
ON-MAIN-eab8c362,,,,Water,Manganese (and its compounds),Emission,Waterbody,tonnes,,MetalliCan,MetalliCan,,,Ore processed,1,ore
ON-MAIN-eab8c362,,,,Water,Naphthalene,Emission,Waterbody,tonnes,,MetalliCan,MetalliCan,,,Ore processed,1,ore
ON-MAIN-eab8c362,,,,Water,Nickel (and its compounds),Emission,Waterbody,tonnes,,MetalliCan,MetalliCan,,,Ore processed,1,ore
ON-MAIN-eab8c362,,,,Water,Nitrate ion in solution at pH >= 6.0,Emission,Waterbody,tonnes,,MetalliCan,MetalliCan,,,Ore processed,1,ore
ON-MAIN-eab8c362,,,,Water,Benzene,Emission,Waterbody,tonnes,,MetalliCan,MetalliCan,,,Ore processed,1,ore
ON-MAIN-eab8c362,,,,Water,Zinc (and its compounds),Emission,Waterbody,tonnes,,MetalliCan,MetalliCan,,,Ore processed,1,ore
AB-MAIN-9fed34a8,,,,Water,Arsenic (and its compounds),Emission,Waterbody,kg,,MetalliCan,MetalliCan,,,Ore processed,1,ore
AB-MAIN-9fed34a8,,,,Water,Cadmium (and its compounds),Emission,Waterbody,kg,,MetalliCan,MetalliCan,,,Ore processed,1,ore
AB-MAIN-9fed34a8,,,,Water,Chromium (and its compounds),Emission,Waterbody,tonnes,,MetalliCan,MetalliCan,,,Ore processed,1,ore
AB-MAIN-9fed34a8,,,,Water,Copper (and its compounds),Emission,Waterbody,tonnes,,MetalliCan,MetalliCan,,,Ore processed,1,ore
AB-MAIN-9fed34a8,,,,Water,Lead (and its compounds),Emission,Waterbody,kg,,MetalliCan,MetalliCan,,,Ore processed,1,ore
AB-MAIN-9fed34a8,,,,Water,Manganese (and its compounds),Emission,Waterbody,tonnes,,MetalliCan,MetalliCan,,,Ore processed,1,ore
AB-MAIN-9fed34a8,,,,Water,Mercury (and its compounds),Emission,Waterbody,tonnes,,MetalliCan,MetalliCan,,,Ore processed,1,ore
AB-MAIN-9fed34a8,,,,Water,Nickel (and its compounds),Emission,Waterbody,tonnes,,MetalliCan,MetalliCan,,,Ore processed,1,ore
AB-MAIN-9fed34a8,,,,Water,Selenium (and its compounds),Emission,Waterbody,kg,,MetalliCan,MetalliCan,,,Ore processed,1,ore
AB-MAIN-9fed34a8,,,,Water,Vanadium (and its compounds),Emission,Waterbody,tonnes,,MetalliCan,MetalliCan,,,Ore processed,1,ore
AB-MAIN-9fed34a8,,,,Water,Zinc (and its compounds),Emission,Waterbody,tonnes,,MetalliCan,MetalliCan,,,Ore processed,1,ore
ON-MAIN-4c35e094,,,,Water,Ammonia (total),Emission,Waterbody,tonnes,,MetalliCan,MetalliCan,,,Ore processed,1,ore
ON-MAIN-4c35e094,,,,Water,Antimony (and its compounds),Emission,Waterbody,tonnes,,MetalliCan,MetalliCan,,,Ore processed,1,ore
ON-MAIN-4c35e094,,,,Water,Arsenic (and its compounds),Emission,Waterbody,kg,,MetalliCan,MetalliCan,,,Ore processed,1,ore
ON-MAIN-4c35e094,,,,Water,Benzene,Emission,Waterbody,tonnes,,MetalliCan,MetalliCan,,,Ore processed,1,ore
ON-MAIN-4c35e094,,,,Water,Chromium (and its compounds),Emission,Waterbody,tonnes,,MetalliCan,MetalliCan,,,Ore processed,1,ore
ON-MAIN-4c35e094,,,,Water,Copper (and its compounds),Emission,Waterbody,tonnes,,MetalliCan,MetalliCan,,,Ore processed,1,ore
ON-MAIN-4c35e094,,,,Water,Hexavalent chromium (and its compounds),Emission,Waterbody,kg,,MetalliCan,MetalliCan,,,Ore processed,1,ore
ON-MAIN-4c35e094,,,,Water,Lead (and its compounds),Emission,Waterbody,kg,,MetalliCan,MetalliCan,,,Ore processed,1,ore
ON-MAIN-4c35e094,,,,Water,Manganese (and its compounds),Emission,Waterbody,tonnes,,MetalliCan,MetalliCan,,,Ore processed,1,ore
ON-MAIN-4c35e094,,,,Water,Naphthalene,Emission,Waterbody,tonnes,,MetalliCan,MetalliCan,,,Ore processed,1,ore
ON-MAIN-4c35e094,,,,Water,Nickel (and its compounds),Emission,Waterbody,tonnes,,MetalliCan,MetalliCan,,,Ore processed,1,ore
ON-MAIN-4c35e094,,,,Water,Phenol (and its salts),Emission,Waterbody,tonnes,,MetalliCan,MetalliCan,,,Ore processed,1,ore
ON-MAIN-4c35e094,,,,Water,Phosphorus (total),Emission,Waterbody,tonnes,,MetalliCan,MetalliCan,,,Ore processed,1,ore
ON-MAIN-4c35e094,,,,Water,Benzene,Emission,Waterbody,tonnes,,MetalliCan,MetalliCan,,,Ore processed,1,ore
ON-MAIN-4c35e094,,,,Water,Vanadium (and its compounds),Emission,Waterbody,tonnes,,MetalliCan,MetalliCan,,,Ore processed,1,ore
ON-MAIN-4c35e094,,,,Water,Zinc (and its compounds),Emission,Waterbody,tonnes,,MetalliCan,MetalliCan,,,Ore processed,1,ore
ON-MAIN-020a683c,,,,Water,Lead (and its compounds),Emission,Waterbody,kg,,MetalliCan,MetalliCan,,,Ore processed,1,ore
ON-MAIN-6664e89b,,,,Water,Cobalt (and its compounds),Emission,Waterbody,kg,,MetalliCan,MetalliCan,,,Ore processed,1,ore
ON-MAIN-21b6ab35,,,,Water,Arsenic (and its compounds),Emission,Waterbody,kg,,MetalliCan,MetalliCan,,,Ore processed,1,ore
ON-MAIN-21b6ab35,,,,Water,Cadmium (and its compounds),Emission,Waterbody,kg,,MetalliCan,MetalliCan,,,Ore processed,1,ore
MB-MAIN-b4ca1426,,,,Water,Lead (and its compounds),Emission,Waterbody,kg,,MetalliCan,MetalliCan,,,Ore processed,1,ore
ON-MAIN-21b6ab35,,,,Water,Lead (and its compounds),Emission,Waterbody,kg,,MetalliCan,MetalliCan,,,Ore processed,1,ore
MB-MAIN-b4ca1426,,,,Water,Manganese (and its compounds),Emission,Waterbody,tonnes,,MetalliCan,MetalliCan,,,Ore processed,1,ore
ON-MAIN-21b6ab35,,,,Water,Manganese (and its compounds),Emission,Waterbody,tonnes,,MetalliCan,MetalliCan,,,Ore processed,1,ore
MB-MAIN-b4ca1426,,,,Water,Mercury (and its compounds),Emission,Waterbody,tonnes,,MetalliCan,MetalliCan,,,Ore processed,1,ore
MB-MAIN-b4ca1426,,,,Water,Selenium (and its compounds),Emission,Waterbody,kg,,MetalliCan,MetalliCan,,,Ore processed,1,ore
MB-MAIN-b4ca1426,,,,Water,Zinc (and its compounds),Emission,Waterbody,tonnes,,MetalliCan,MetalliCan,,,Ore processed,1,ore
ON-MAIN-21b6ab35,,,,Water,Zinc (and its compounds),Emission,Waterbody,tonnes,,MetalliCan,MetalliCan,,,Ore processed,1,ore
QC-MAIN-52c01ae4,,,,Water,Benz[a]anthracene,Emission,Waterbody,kg,,MetalliCan,MetalliCan,,,Ore processed,1,ore
QC-MAIN-52c01ae4,,,,Water,Benzo[a]pyrene,Emission,Waterbody,kg,,MetalliCan,MetalliCan,,,Ore processed,1,ore
QC-MAIN-52c01ae4,,,,Water,Benzo[b]fluoranthene,Emission,Waterbody,kg,,MetalliCan,MetalliCan,,,Ore processed,1,ore
QC-MAIN-52c01ae4,,,,Water,Benzo[j]fluoranthene,Emission,Waterbody,kg,,MetalliCan,MetalliCan,,,Ore processed,1,ore
QC-MAIN-52c01ae4,,,,Water,Benzo[k]fluoranthene,Emission,Waterbody,kg,,MetalliCan,MetalliCan,,,Ore processed,1,ore
QC-MAIN-52c01ae4,,,,Water,Chrysene,Emission,Waterbody,kg,,MetalliCan,MetalliCan,,,Ore processed,1,ore
QC-MAIN-52c01ae4,,,,Water,"Dibenzo[a,i]pyrene",Emission,Waterbody,kg,,MetalliCan,MetalliCan,,,Ore processed,1,ore
QC-MAIN-52c01ae4,,,,Water,"Indeno[1,2,3-cd]pyrene",Emission,Waterbody,kg,,MetalliCan,MetalliCan,,,Ore processed,1,ore
ON-MAIN-020a683c,,,,Water,Benzo[a]pyrene,Emission,Waterbody,kg,,MetalliCan,MetalliCan,,,Ore processed,1,ore
ON-MAIN-020a683c,,,,Water,Chromium (and its compounds),Emission,Waterbody,tonnes,,MetalliCan,MetalliCan,,,Ore processed,1,ore
ON-MAIN-020a683c,,,,Water,Lead (and its compounds),Emission,Waterbody,kg,,MetalliCan,MetalliCan,,,Ore processed,1,ore
ON-MAIN-020a683c,,,,Water,Naphthalene,Emission,Waterbody,tonnes,,MetalliCan,MetalliCan,,,Ore processed,1,ore
ON-MAIN-020a683c,,,,Water,Phosphorus (total),Emission,Waterbody,tonnes,,MetalliCan,MetalliCan,,,Ore processed,1,ore
ON-MAIN-020a683c,,,,Water,Zinc (and its compounds),Emission,Waterbody,tonnes,,MetalliCan,MetalliCan,,,Ore processed,1,ore
BC-MAIN-3bb6b7cd,Refining at Trail,Refinery,Zn refinery,Water,Ammonia (total),Emission,Waterbody,tonnes,,MetalliCan,MetalliCan,0.0,,Ore processed,1,ore
BC-MAIN-3bb6b7cd,Refining at Trail,Refinery,Zn refinery,Water,Antimony (and its compounds),Emission,Waterbody,tonnes,,MetalliCan,MetalliCan,0.0,,Ore processed,1,ore
BC-MAIN-3bb6b7cd,Refining at Trail,Refinery,Zn refinery,Water,Arsenic (and its compounds),Emission,Waterbody,kg,,MetalliCan,MetalliCan,0.0,,Ore processed,1,ore
BC-MAIN-3bb6b7cd,Refining at Trail,Refinery,Zn refinery,Water,Cadmium (and its compounds),Emission,Waterbody,kg,,MetalliCan,MetalliCan,0.0,,Ore processed,1,ore
BC-MAIN-3bb6b7cd,Refining at Trail,Refinery,Zn refinery,Water,Copper (and its compounds),Emission,Waterbody,tonnes,,MetalliCan,MetalliCan,0.0,,Ore processed,1,ore
BC-MAIN-3bb6b7cd,Refining at Trail,Refinery,Zn refinery,Water,Lead (and its compounds),Emission,Waterbody,kg,,MetalliCan,MetalliCan,0.0,,Ore processed,1,ore
BC-MAIN-3bb6b7cd,Refining at Trail,Refinery,Zn refinery,Water,Manganese (and its compounds),Emission,Waterbody,tonnes,,MetalliCan,MetalliCan,0.0,,Ore processed,1,ore
BC-MAIN-3bb6b7cd,Refining at Trail,Refinery,Zn refinery,Water,Mercury (and its compounds),Emission,Waterbody,tonnes,,MetalliCan,MetalliCan,0.0,,Ore processed,1,ore
BC-MAIN-3bb6b7cd,Refining at Trail,Refinery,Zn refinery,Water,Nitrate ion in solution at pH >= 6.0,Emission,Waterbody,tonnes,,MetalliCan,MetalliCan,0.0,,Ore processed,1,ore
BC-MAIN-3bb6b7cd,Refining at Trail,Refinery,Zn refinery,Water,Selenium (and its compounds),Emission,Waterbody,kg,,MetalliCan,MetalliCan,0.0,,Ore processed,1,ore
BC-MAIN-3bb6b7cd,Refining at Trail,Refinery,Zn refinery,Water,Thallium (and its compounds),Emission,Waterbody,kg,,MetalliCan,MetalliCan,0.0,,Ore processed,1,ore
BC-MAIN-3bb6b7cd,Refining at Trail,Refinery,Zn refinery,Water,Zinc (and its compounds),Emission,Waterbody,tonnes,,MetalliCan,MetalliCan,0.0,,Ore processed,1,ore
ON-MAIN-2e13aaa0,,,,Water,Arsenic (and its compounds),Emission,Waterbody,kg,,MetalliCan,MetalliCan,,,Ore processed,1,ore
ON-MAIN-2e13aaa0,,,,Water,Cadmium (and its compounds),Emission,Waterbody,kg,,MetalliCan,MetalliCan,,,Ore processed,1,ore
ON-MAIN-2e13aaa0,,,,Water,Cobalt (and its compounds),Emission,Waterbody,kg,,MetalliCan,MetalliCan,,,Ore processed,1,ore
ON-MAIN-2e13aaa0,,,,Water,Copper (and its compounds),Emission,Waterbody,tonnes,,MetalliCan,MetalliCan,,,Ore processed,1,ore
ON-MAIN-2e13aaa0,,,,Water,Lead (and its compounds),Emission,Waterbody,kg,,MetalliCan,MetalliCan,,,Ore processed,1,ore
ON-MAIN-2e13aaa0,,,,Water,Nickel (and its compounds),Emission,Waterbody,tonnes,,MetalliCan,MetalliCan,,,Ore processed,1,ore
ON-MAIN-2e13aaa0,,,,Water,Selenium (and its compounds),Emission,Waterbody,kg,,MetalliCan,MetalliCan,,,Ore processed,1,ore
NL-MAIN-d9036091,Refining at Long Harbour,Refinery,Ni hydrometallurgical refinery,Water,Copper (and its compounds),Emission,Waterbody,tonnes,,MetalliCan,MetalliCan,0.0,,Ore processed,1,ore
NL-MAIN-d9036091,Refining at Long Harbour,Refinery,Ni hydrometallurgical refinery,Water,Lead (and its compounds),Emission,Waterbody,kg,,MetalliCan,MetalliCan,0.0,,Ore processed,1,ore
NL-MAIN-d9036091,Refining at Long Harbour,Refinery,Ni hydrometallurgical refinery,Water,Nickel (and its compounds),Emission,Waterbody,tonnes,,MetalliCan,MetalliCan,0.0,,Ore processed,1,ore
NL-MAIN-d9036091,Refining at Long Harbour,Refinery,Ni hydrometallurgical refinery,Water,Zinc (and its compounds),Emission,Waterbody,tonnes,,MetalliCan,MetalliCan,0.0,,Ore processed,1,ore
SK-MAIN-26b9aaf3,,,,Land,Zinc (and its compounds),Emission,Spills,tonnes,0.012,MetalliCan,MetalliCan,,,Ore processed,1,ore
BC-MAIN-3bb6b7cd,Refining at Trail,Refinery,Zn refinery,Land,Ammonia (total),Emission,Spills,tonnes,2.2958,MetalliCan,MetalliCan,0.0,inf,Ore processed,1,ore
BC-MAIN-3bb6b7cd,Refining at Trail,Refinery,Zn refinery,Land,Sulphuric acid,Emission,Spills,tonnes,0.602641,MetalliCan,MetalliCan,0.0,inf,Ore processed,1,ore
SK-MAIN-26b9aaf3,,,,Land,Arsenic (and its compounds),Emission,Other,kg,0.7718,MetalliCan,MetalliCan,,,Ore processed,1,ore
SK-MAIN-26b9aaf3,,,,Land,Cadmium (and its compounds),Emission,Other,kg,0.01,MetalliCan,MetalliCan,,,Ore processed,1,ore
SK-MAIN-26b9aaf3,,,,Land,Cobalt (and its compounds),Emission,Other,kg,0.1503,MetalliCan,MetalliCan,,,Ore processed,1,ore
SK-MAIN-26b9aaf3,,,,Land,Lead (and its compounds),Emission,Other,kg,0.256,MetalliCan,MetalliCan,,,Ore processed,1,ore
SK-MAIN-26b9aaf3,,,,Land,Selenium (and its compounds),Emission,Other,kg,0.0802,MetalliCan,MetalliCan,,,Ore processed,1,ore
SK-MAIN-26b9aaf3,,,,Land,Zinc (and its compounds),Emission,Other,tonnes,0.0197,MetalliCan,MetalliCan,,,Ore processed,1,ore
ON-MAIN-eab8c362,,,,Air,CO2,Emission,Flaring / Torchage,tonnes,402.2,MetalliCan,MetalliCan,,,Ore processed,1,ore
ON-MAIN-eab8c362,,,,Air,CO2,Emission,Stationary Fuel Combustion,tonnes,977163.917,MetalliCan,MetalliCan,,,Ore processed,1,ore
ON-MAIN-eab8c362,,,,Air,CO2,Emission,Industrial Processes,tonnes,3276798.403,MetalliCan,MetalliCan,,,Ore processed,1,ore
ON-MAIN-eab8c362,,,,Air,CO2,Emission,On-site Transportation,tonnes,22471.58,MetalliCan,MetalliCan,,,Ore processed,1,ore
QC-MAIN-52c01ae4,,,,Air,CO2,Emission,Stationary Fuel Combustion,tonnes,26864.0,MetalliCan,MetalliCan,,,Ore processed,1,ore
QC-MAIN-52c01ae4,,,,Air,CO2,Emission,Industrial Processes,tonnes,492312.0,MetalliCan,MetalliCan,,,Ore processed,1,ore
QC-MAIN-52c01ae4,,,,Air,CO2,Emission,On-site Transportation,tonnes,2681.0,MetalliCan,MetalliCan,,,Ore processed,1,ore
QC-MAIN-c8966bdc,,,,Air,CO2,Emission,Stationary Fuel Combustion,tonnes,60447.0,MetalliCan,MetalliCan,,,Ore processed,1,ore
QC-MAIN-c8966bdc,,,,Air,CO2,Emission,Industrial Processes,tonnes,734647.1411,MetalliCan,MetalliCan,,,Ore processed,1,ore
QC-MAIN-c8966bdc,,,,Air,CO2,Emission,On-site Transportation,tonnes,3184.9043,MetalliCan,MetalliCan,,,Ore processed,1,ore
NL-MAIN-dd723db4,Open-pit mining and beneficiation at Carol Lake,"Open-pit, concentrator",Fe concentrator + pellet plant,Air,CO2,Emission,Stationary Fuel Combustion,tonnes,504422.833,MetalliCan,MetalliCan,16478000.0,0.030611896650078893,Ore processed,1,ore
NL-MAIN-dd723db4,Open-pit mining and beneficiation at Carol Lake,"Open-pit, concentrator",Fe concentrator + pellet plant,Air,CO2,Emission,Industrial Processes,tonnes,129810.756,MetalliCan,MetalliCan,16478000.0,0.007877822308532588,Ore processed,1,ore
NL-MAIN-dd723db4,Open-pit mining and beneficiation at Carol Lake,"Open-pit, concentrator",Fe concentrator + pellet plant,Air,CO2,Emission,On-site Transportation,tonnes,140977.403,MetalliCan,MetalliCan,16478000.0,0.008555492353440951,Ore processed,1,ore
ON-MAIN-4c35e094,,,,Air,CO2,Emission,Stationary Fuel Combustion,tonnes,848845.9052,MetalliCan,MetalliCan,,,Ore processed,1,ore
ON-MAIN-4c35e094,,,,Air,CO2,Emission,Industrial Processes,tonnes,3288316.939,MetalliCan,MetalliCan,,,Ore processed,1,ore
ON-MAIN-4c35e094,,,,Air,CO2,Emission,On-site Transportation,tonnes,23770.1698,MetalliCan,MetalliCan,,,Ore processed,1,ore
QC-MAIN-5398dfac,,,,Air,CO2,Emission,Stationary Fuel Combustion,tonnes,771.0,MetalliCan,MetalliCan,,,Ore processed,1,ore
QC-MAIN-5398dfac,,,,Air,CO2,Emission,Industrial Processes,tonnes,112551.0,MetalliCan,MetalliCan,,,Ore processed,1,ore
QC-MAIN-5398dfac,,,,Air,CO2,Emission,On-site Transportation,tonnes,297.8,MetalliCan,MetalliCan,,,Ore processed,1,ore
AB-MAIN-d3a4aba9,Refining at The Cobalt Refinery Company Inc.,Refinery,Co hydrometallurgical refinery,Air,CO2,Emission,Flaring / Torchage,tonnes,785.8346,MetalliCan,MetalliCan,0.0,inf,Ore processed,1,ore
AB-MAIN-d3a4aba9,Refining at The Cobalt Refinery Company Inc.,Refinery,Co hydrometallurgical refinery,Air,CO2,Emission,Stationary Fuel Combustion,tonnes,211002.4599,MetalliCan,MetalliCan,0.0,inf,Ore processed,1,ore
AB-MAIN-d3a4aba9,Refining at The Cobalt Refinery Company Inc.,Refinery,Co hydrometallurgical refinery,Air,CO2,Emission,Industrial Processes,tonnes,83198.1936,MetalliCan,MetalliCan,0.0,inf,Ore processed,1,ore
AB-MAIN-d3a4aba9,Refining at The Cobalt Refinery Company Inc.,Refinery,Co hydrometallurgical refinery,Air,CO2,Emission,On-site Transportation,tonnes,1772.9661,MetalliCan,MetalliCan,0.0,inf,Ore processed,1,ore
AB-MAIN-d3a4aba9,Refining at The Cobalt Refinery Company Inc.,Refinery,Co hydrometallurgical refinery,Air,CO2,Emission,Venting / Évacuation,tonnes,601.1804,MetalliCan,MetalliCan,0.0,inf,Ore processed,1,ore
ON-MAIN-21b6ab35,,,,Air,CO2,Emission,Stationary Fuel Combustion,tonnes,55929.09877,MetalliCan,MetalliCan,,,Ore processed,1,ore
ON-MAIN-21b6ab35,,,,Air,CO2,Emission,Industrial Processes,tonnes,38329.4691,MetalliCan,MetalliCan,,,Ore processed,1,ore
ON-MAIN-21b6ab35,,,,Air,CO2,Emission,On-site Transportation,tonnes,2504.945801,MetalliCan,MetalliCan,,,Ore processed,1,ore
SK-MAIN-26b9aaf3,,,,Air,CO2,Emission,Stationary Fuel Combustion,tonnes,128041.1552,MetalliCan,MetalliCan,,,Ore processed,1,ore
SK-MAIN-26b9aaf3,,,,Air,CO2,Emission,Industrial Processes,tonnes,77456.3429,MetalliCan,MetalliCan,,,Ore processed,1,ore
SK-MAIN-26b9aaf3,,,,Air,CO2,Emission,On-site Transportation,tonnes,7604.7767,MetalliCan,MetalliCan,,,Ore processed,1,ore
ON-MAIN-f8313ebd,Underground mining and beneficiation at Kidd Creek,"Underground, concentrator",Cu polymetallic,Air,CO2,Emission,Stationary Fuel Combustion,tonnes,20752.326,MetalliCan,MetalliCan,1340000.0,0.015486810447761195,Ore processed,1,ore
ON-MAIN-f8313ebd,Underground mining and beneficiation at Kidd Creek,"Underground, concentrator",Cu polymetallic,Air,CO2,Emission,On-site Transportation,tonnes,8266.7293,MetalliCan,MetalliCan,1340000.0,0.006169200970149254,Ore processed,1,ore
QC-MAIN-a97821c0,Underground mining and beneficiation at Raglan,"Underground, concentrator",Ni–Cu sulfide,Air,CO2,Emission,Stationary Fuel Combustion,tonnes,138037.1125,MetalliCan,MetalliCan,1500000.0,0.09202474166666666,Ore processed,1,ore
QC-MAIN-a97821c0,Underground mining and beneficiation at Raglan,"Underground, concentrator",Ni–Cu sulfide,Air,CO2,Emission,Industrial Processes,tonnes,1553.41073,MetalliCan,MetalliCan,1500000.0,0.0010356071533333335,Ore processed,1,ore
QC-MAIN-a97821c0,Underground mining and beneficiation at Raglan,"Underground, concentrator",Ni–Cu sulfide,Air,CO2,Emission,On-site Transportation,tonnes,17060.32142,MetalliCan,MetalliCan,1500000.0,0.011373547613333333,Ore processed,1,ore
QC-MAIN-a97821c0,Underground mining and beneficiation at Raglan,"Underground, concentrator",Ni–Cu sulfide,Air,CO2,Emission,Waste,tonnes,7.744957,MetalliCan,MetalliCan,1500000.0,5.1633046666666666e-06,Ore processed,1,ore
QC-MAIN-a97821c0,Underground mining and beneficiation at Raglan,"Underground, concentrator",Ni–Cu sulfide,Air,CO2,Emission,Wastewater,tonnes,0.0,MetalliCan,MetalliCan,1500000.0,0.0,Ore processed,1,ore
ON-MAIN-020a683c,,,,Air,CO2,Emission,Flaring / Torchage,tonnes,0.0,MetalliCan,MetalliCan,,,Ore processed,1,ore
ON-MAIN-020a683c,,,,Air,CO2,Emission,Leakage / Fuites,tonnes,0.0,MetalliCan,MetalliCan,,,Ore processed,1,ore
ON-MAIN-020a683c,,,,Air,CO2,Emission,Stationary Fuel Combustion,tonnes,225538.63,MetalliCan,MetalliCan,,,Ore processed,1,ore
ON-MAIN-020a683c,,,,Air,CO2,Emission,On-site Transportation,tonnes,3227.98,MetalliCan,MetalliCan,,,Ore processed,1,ore
ON-MAIN-020a683c,,,,Air,CO2,Emission,Waste,tonnes,0.0,MetalliCan,MetalliCan,,,Ore processed,1,ore
ON-MAIN-020a683c,,,,Air,CO2,Emission,Wastewater,tonnes,0.0,MetalliCan,MetalliCan,,,Ore processed,1,ore
ON-MAIN-b2e5c9bb,,,,Air,CO2,Emission,Leakage / Fuites,tonnes,0.0,MetalliCan,MetalliCan,,,Ore processed,1,ore
ON-MAIN-b2e5c9bb,,,,Air,CO2,Emission,Stationary Fuel Combustion,tonnes,616189.559,MetalliCan,MetalliCan,,,Ore processed,1,ore
ON-MAIN-b2e5c9bb,,,,Air,CO2,Emission,Industrial Processes,tonnes,3119850.0,MetalliCan,MetalliCan,,,Ore processed,1,ore
ON-MAIN-b2e5c9bb,,,,Air,CO2,Emission,On-site Transportation,tonnes,12978.086,MetalliCan,MetalliCan,,,Ore processed,1,ore
BC-MAIN-3bb6b7cd,Refining at Trail,Refinery,Zn refinery,Air,CO2,Emission,Leakage / Fuites,tonnes,0.0,MetalliCan,MetalliCan,0.0,,Ore processed,1,ore
BC-MAIN-3bb6b7cd,Refining at Trail,Refinery,Zn refinery,Air,CO2,Emission,Stationary Fuel Combustion,tonnes,294161.1365,MetalliCan,MetalliCan,0.0,inf,Ore processed,1,ore
BC-MAIN-3bb6b7cd,Refining at Trail,Refinery,Zn refinery,Air,CO2,Emission,Industrial Processes,tonnes,73809.7326,MetalliCan,MetalliCan,0.0,inf,Ore processed,1,ore
BC-MAIN-3bb6b7cd,Refining at Trail,Refinery,Zn refinery,Air,CO2,Emission,On-site Transportation,tonnes,2376.3958,MetalliCan,MetalliCan,0.0,inf,Ore processed,1,ore
QC-MAIN-eac5a52b,,,,Air,CO2,Emission,Stationary Fuel Combustion,tonnes,33366.0,MetalliCan,MetalliCan,,,Ore processed,1,ore
QC-MAIN-eac5a52b,,,,Air,CO2,Emission,Industrial Processes,tonnes,466653.0,MetalliCan,MetalliCan,,,Ore processed,1,ore
QC-MAIN-eac5a52b,,,,Air,CO2,Emission,On-site Transportation,tonnes,1502.0,MetalliCan,MetalliCan,,,Ore processed,1,ore
NL-MAIN-b64bae7a,Open-pit mining and beneficiation at Scully,"Open-pit, concentrator",Fe concentrator,Air,CO2,Emission,Stationary Fuel Combustion,tonnes,76214.5865,MetalliCan,MetalliCan,3560000.0,0.02140859171348315,Ore processed,1,ore
NL-MAIN-b64bae7a,Open-pit mining and beneficiation at Scully,"Open-pit, concentrator",Fe concentrator,Air,CO2,Emission,Industrial Processes,tonnes,1718.3632,MetalliCan,MetalliCan,3560000.0,0.0004826862921348315,Ore processed,1,ore
NL-MAIN-b64bae7a,Open-pit mining and beneficiation at Scully,"Open-pit, concentrator",Fe concentrator,Air,CO2,Emission,On-site Transportation,tonnes,30804.5179,MetalliCan,MetalliCan,3560000.0,0.008652954466292134,Ore processed,1,ore
BC-MAIN-bf503b6b,Open-pit mining and beneficiation at Highland Valley,"Open-pit, concentrator",Cu polymetallic,Air,CO2,Emission,Stationary Fuel Combustion,tonnes,16582.3091,MetalliCan,MetalliCan,17408000.0,0.0009525683076746323,Ore processed,1,ore
BC-MAIN-bf503b6b,Open-pit mining and beneficiation at Highland Valley,"Open-pit, concentrator",Cu polymetallic,Air,CO2,Emission,On-site Transportation,tonnes,160943.741,MetalliCan,MetalliCan,17408000.0,0.009245389533547794,Ore processed,1,ore
AB-MAIN-9fed34a8,,,,Air,CO2,Emission,Stationary Fuel Combustion,tonnes,56312.83779,MetalliCan,MetalliCan,,,Ore processed,1,ore
AB-MAIN-9fed34a8,,,,Air,CO2,Emission,Industrial Processes,tonnes,22136.39353,MetalliCan,MetalliCan,,,Ore processed,1,ore
AB-MAIN-9fed34a8,,,,Air,CO2,Emission,On-site Transportation,tonnes,1960.62025,MetalliCan,MetalliCan,,,Ore processed,1,ore
ON-MAIN-fefeaee4,Underground mining and beneficiation at Musselwhite,"Underground, concentrator",Au–Ag free-milling,Air,CO2,Emission,Stationary Fuel Combustion,tonnes,20095.139,MetalliCan,MetalliCan,1028000.0,0.019547800583657588,Ore processed,1,ore
ON-MAIN-fefeaee4,Underground mining and beneficiation at Musselwhite,"Underground, concentrator",Au–Ag free-milling,Air,CO2,Emission,Industrial Processes,tonnes,268.354,MetalliCan,MetalliCan,1028000.0,0.000261044747081712,Ore processed,1,ore
ON-MAIN-fefeaee4,Underground mining and beneficiation at Musselwhite,"Underground, concentrator",Au–Ag free-milling,Air,CO2,Emission,On-site Transportation,tonnes,16141.0802,MetalliCan,MetalliCan,1028000.0,0.015701439883268484,Ore processed,1,ore
ON-MAIN-fefeaee4,Underground mining and beneficiation at Musselwhite,"Underground, concentrator",Au–Ag free-milling,Air,CO2,Emission,Waste,tonnes,0.0,MetalliCan,MetalliCan,1028000.0,0.0,Ore processed,1,ore
MB-MAIN-e0a6250e,Open-pit and underground mining and beneficiation at Thompson (T-1 and T-3),"Open-pit, underground, concentrator",Ni–Cu sulfide,Air,CO2,Emission,Stationary Fuel Combustion,tonnes,9305.97,MetalliCan,MetalliCan,464705.882352941,0.020025505063291146,Ore processed,1,ore
MB-MAIN-e0a6250e,Open-pit and underground mining and beneficiation at Thompson (T-1 and T-3),"Open-pit, underground, concentrator",Ni–Cu sulfide,Air,CO2,Emission,On-site Transportation,tonnes,9048.2,MetalliCan,MetalliCan,464705.882352941,0.019470810126582288,Ore processed,1,ore
MB-MAIN-e0a6250e,Open-pit and underground mining and beneficiation at Thompson (T-1 and T-3),"Open-pit, underground, concentrator",Ni–Cu sulfide,Air,CO2,Emission,Waste,tonnes,0.0,MetalliCan,MetalliCan,464705.882352941,0.0,Ore processed,1,ore
NL-MAIN-2d8801d6,Open-pit and underground mining and beneficiation at Voisey’s Bay,"Open-pit, underground, concentrator",Ni–Cu sulfide,Air,CO2,Emission,Stationary Fuel Combustion,tonnes,127614.0,MetalliCan,MetalliCan,794117.647058823,0.1606991111111112,Ore processed,1,ore
NL-MAIN-2d8801d6,Open-pit and underground mining and beneficiation at Voisey’s Bay,"Open-pit, underground, concentrator",Ni–Cu sulfide,Air,CO2,Emission,On-site Transportation,tonnes,39297.0,MetalliCan,MetalliCan,794117.647058823,0.04948511111111114,Ore processed,1,ore
BC-MAIN-3f490561,Open-pit mining and beneficiation at Mount Polley,"Open-pit, concentrator",Cu Porphyry,Air,CO2,Emission,Stationary Fuel Combustion,tonnes,917.04,MetalliCan,MetalliCan,5948239.0,0.00015416999888538438,Ore processed,1,ore
BC-MAIN-3f490561,Open-pit mining and beneficiation at Mount Polley,"Open-pit, concentrator",Cu Porphyry,Air,CO2,Emission,On-site Transportation,tonnes,46615.6208,MetalliCan,MetalliCan,5948239.0,0.007836877569983317,Ore processed,1,ore
ON-MAIN-fc6f1a44,,,,Air,CO2,Emission,Stationary Fuel Combustion,tonnes,60321.331,MetalliCan,MetalliCan,,,Ore processed,1,ore
ON-MAIN-fc6f1a44,,,,Air,CO2,Emission,Industrial Processes,tonnes,44296.556,MetalliCan,MetalliCan,,,Ore processed,1,ore
ON-MAIN-fc6f1a44,,,,Air,CO2,Emission,On-site Transportation,tonnes,1732.234,MetalliCan,MetalliCan,,,Ore processed,1,ore
ON-MAIN-1f126a43,Underground mining and beneficiation at Macassa,"Underground, concentrator",Au–Ag free-milling,Air,CO2,Emission,Stationary Fuel Combustion,tonnes,18983.1479,MetalliCan,MetalliCan,441588.0,0.04298836902270895,Ore processed,1,ore
ON-MAIN-1f126a43,Underground mining and beneficiation at Macassa,"Underground, concentrator",Au–Ag free-milling,Air,CO2,Emission,On-site Transportation,tonnes,6185.154,MetalliCan,MetalliCan,441588.0,0.014006617027636621,Ore processed,1,ore
ON-MAIN-1f126a43,Underground mining and beneficiation at Macassa,"Underground, concentrator",Au–Ag free-milling,Air,CO2,Emission,Waste,tonnes,0.0,MetalliCan,MetalliCan,441588.0,0.0,Ore processed,1,ore
QC-MAIN-c1cc9f7c,,,,Air,CO2,Emission,Leakage / Fuites,tonnes,0.0,MetalliCan,MetalliCan,,,Ore processed,1,ore
QC-MAIN-c1cc9f7c,,,,Air,CO2,Emission,Stationary Fuel Combustion,tonnes,1081.025588,MetalliCan,MetalliCan,,,Ore processed,1,ore
QC-MAIN-c1cc9f7c,,,,Air,CO2,Emission,Industrial Processes,tonnes,179657.2759,MetalliCan,MetalliCan,,,Ore processed,1,ore
QC-MAIN-c1cc9f7c,,,,Air,CO2,Emission,On-site Transportation,tonnes,711.675537,MetalliCan,MetalliCan,,,Ore processed,1,ore
QC-MAIN-c1cc9f7c,,,,Air,CO2,Emission,Wastewater,tonnes,0.0,MetalliCan,MetalliCan,,,Ore processed,1,ore
QC-MAIN-e7e6a960,Open-pit mining and beneficiation at Canadian Malartic,"Open-pit, concentrator",Au–Ag free-milling,Air,CO2,Emission,Stationary Fuel Combustion,tonnes,18126.13,MetalliCan,MetalliCan,17332900.0,0.001045764413341103,Ore processed,1,ore
QC-MAIN-e7e6a960,Open-pit mining and beneficiation at Canadian Malartic,"Open-pit, concentrator",Au–Ag free-milling,Air,CO2,Emission,Industrial Processes,tonnes,3275.44,MetalliCan,MetalliCan,17332900.0,0.00018897241661810778,Ore processed,1,ore
QC-MAIN-e7e6a960,Open-pit mining and beneficiation at Canadian Malartic,"Open-pit, concentrator",Au–Ag free-milling,Air,CO2,Emission,On-site Transportation,tonnes,173415.254,MetalliCan,MetalliCan,17332900.0,0.010004976316715609,Ore processed,1,ore
MB-MAIN-b4ca1426,,,,Air,CO2,Emission,Stationary Fuel Combustion,tonnes,35476.16,MetalliCan,MetalliCan,,,Ore processed,1,ore
MB-MAIN-b4ca1426,,,,Air,CO2,Emission,Industrial Processes,tonnes,6119.036009,MetalliCan,MetalliCan,,,Ore processed,1,ore
MB-MAIN-b4ca1426,,,,Air,CO2,Emission,On-site Transportation,tonnes,3387.982825,MetalliCan,MetalliCan,,,Ore processed,1,ore
BC-MAIN-6b4800fe,Open-pit mining and beneficiation at Gibraltar,"Open-pit, concentrator",Cu polymetallic,Air,CO2,Emission,Stationary Fuel Combustion,tonnes,9638.285157,MetalliCan,MetalliCan,30000000.0,0.0003212761719,Ore processed,1,ore
BC-MAIN-6b4800fe,Open-pit mining and beneficiation at Gibraltar,"Open-pit, concentrator",Cu polymetallic,Air,CO2,Emission,On-site Transportation,tonnes,114905.3282,MetalliCan,MetalliCan,30000000.0,0.0038301776066666667,Ore processed,1,ore
QC-MAIN-089f3c60,Open-pit mining at Bloom Lake,Open-pit,Magnetite concentrator,Air,CO2,Emission,Stationary Fuel Combustion,tonnes,12677.53,MetalliCan,MetalliCan,11187000.0,0.0011332376866005185,Ore processed,1,ore
QC-MAIN-089f3c60,Open-pit mining at Bloom Lake,Open-pit,Magnetite concentrator,Air,CO2,Emission,Industrial Processes,tonnes,6256.35,MetalliCan,MetalliCan,11187000.0,0.0005592518101367659,Ore processed,1,ore
QC-MAIN-089f3c60,Open-pit mining at Bloom Lake,Open-pit,Magnetite concentrator,Air,CO2,Emission,On-site Transportation,tonnes,99691.72,MetalliCan,MetalliCan,11187000.0,0.008911390006257264,Ore processed,1,ore
ON-MAIN-bddeaef0,,,,Air,CO2,Emission,Stationary Fuel Combustion,tonnes,14609.1877,MetalliCan,MetalliCan,,,Ore processed,1,ore
ON-MAIN-bddeaef0,,,,Air,CO2,Emission,On-site Transportation,tonnes,81.6162,MetalliCan,MetalliCan,,,Ore processed,1,ore
ON-MAIN-aeafbb59,Open-pit mining and beneficiation at Detour Lake,"Open-pit, concentrator",Au–Ag free-milling,Air,CO2,Emission,Stationary Fuel Combustion,tonnes,11710.7047,MetalliCan,MetalliCan,25434853.5024164,0.00046041958523124356,Ore processed,1,ore
ON-MAIN-aeafbb59,Open-pit mining and beneficiation at Detour Lake,"Open-pit, concentrator",Au–Ag free-milling,Air,CO2,Emission,On-site Transportation,tonnes,277738.7235,MetalliCan,MetalliCan,25434853.5024164,0.010919611684557722,Ore processed,1,ore
ON-MAIN-aeafbb59,Open-pit mining and beneficiation at Detour Lake,"Open-pit, concentrator",Au–Ag free-milling,Air,CO2,Emission,Waste,tonnes,0.0,MetalliCan,MetalliCan,25434853.5024164,0.0,Ore processed,1,ore
ON-MAIN-aeafbb59,Open-pit mining and beneficiation at Detour Lake,"Open-pit, concentrator",Au–Ag free-milling,Air,CO2,Emission,Wastewater,tonnes,0.0,MetalliCan,MetalliCan,25434853.5024164,0.0,Ore processed,1,ore
BC-MAIN-23155c25,,,,Air,CO2,Emission,Stationary Fuel Combustion,tonnes,32726.26,MetalliCan,MetalliCan,,,Ore processed,1,ore
NL-MAIN-d9036091,Refining at Long Harbour,Refinery,Ni hydrometallurgical refinery,Air,CO2,Emission,Stationary Fuel Combustion,tonnes,20033.3,MetalliCan,MetalliCan,0.0,inf,Ore processed,1,ore
NL-MAIN-d9036091,Refining at Long Harbour,Refinery,Ni hydrometallurgical refinery,Air,CO2,Emission,Industrial Processes,tonnes,17394.0,MetalliCan,MetalliCan,0.0,inf,Ore processed,1,ore
NL-MAIN-d9036091,Refining at Long Harbour,Refinery,Ni hydrometallurgical refinery,Air,CO2,Emission,On-site Transportation,tonnes,2675.07,MetalliCan,MetalliCan,0.0,inf,Ore processed,1,ore
NU-MAIN-5154702a,Open-pit mining at Mary River,Open-pit,Direct Shipping Ore,Air,CO2,Emission,Stationary Fuel Combustion,tonnes,23680.69145,MetalliCan,MetalliCan,5600000.0,0.004228694901785714,Ore processed,1,ore
NU-MAIN-5154702a,Open-pit mining at Mary River,Open-pit,Direct Shipping Ore,Air,CO2,Emission,On-site Transportation,tonnes,64863.55484,MetalliCan,MetalliCan,5600000.0,0.011582777649999999,Ore processed,1,ore
NU-MAIN-5154702a,Open-pit mining at Mary River,Open-pit,Direct Shipping Ore,Air,CO2,Emission,Waste,tonnes,52.18549,MetalliCan,MetalliCan,5600000.0,9.3188375e-06,Ore processed,1,ore
NU-MAIN-5154702a,Open-pit mining at Mary River,Open-pit,Direct Shipping Ore,Air,CO2,Emission,Wastewater,tonnes,0.0,MetalliCan,MetalliCan,5600000.0,0.0,Ore processed,1,ore
ON-MAIN-6e9be24e,Open-pit and underground mining and beneficiation at Hemlo (Williams),"Open-pit, underground, concentrator",Au–Ag free-milling,Air,CO2,Emission,Stationary Fuel Combustion,tonnes,9136.88,MetalliCan,MetalliCan,1266009.0,0.007217073496317956,Ore processed,1,ore
ON-MAIN-6e9be24e,Open-pit and underground mining and beneficiation at Hemlo (Williams),"Open-pit, underground, concentrator",Au–Ag free-milling,Air,CO2,Emission,On-site Transportation,tonnes,9884.0,MetalliCan,MetalliCan,1266009.0,0.007807211481119012,Ore processed,1,ore
NU-MAIN-8b0264c9,Open-pit and underground mining and beneficiation at Meliadine,"Open-pit, underground, concentrator",Au–Ag free-milling,Air,CO2,Emission,Stationary Fuel Combustion,tonnes,96146.21301,MetalliCan,MetalliCan,1918143.0,0.05012463252739759,Ore processed,1,ore
NU-MAIN-8b0264c9,Open-pit and underground mining and beneficiation at Meliadine,"Open-pit, underground, concentrator",Au–Ag free-milling,Air,CO2,Emission,Industrial Processes,tonnes,0.0,MetalliCan,MetalliCan,1918143.0,0.0,Ore processed,1,ore
NU-MAIN-8b0264c9,Open-pit and underground mining and beneficiation at Meliadine,"Open-pit, underground, concentrator",Au–Ag free-milling,Air,CO2,Emission,On-site Transportation,tonnes,37254.26669,MetalliCan,MetalliCan,1918143.0,0.01942204866373362,Ore processed,1,ore
NU-MAIN-8b0264c9,Open-pit and underground mining and beneficiation at Meliadine,"Open-pit, underground, concentrator",Au–Ag free-milling,Air,CO2,Emission,Waste,tonnes,1965.182828,MetalliCan,MetalliCan,1918143.0,0.0010245236293644426,Ore processed,1,ore
BC-MAIN-857b7b89,Underground mining and beneficiation at Brucejack,"Underground, concentrator",Au–Ag free-milling,Air,CO2,Emission,Stationary Fuel Combustion,tonnes,9444.62,MetalliCan,MetalliCan,166000.0,0.05689530120481928,Ore processed,1,ore
BC-MAIN-857b7b89,Underground mining and beneficiation at Brucejack,"Underground, concentrator",Au–Ag free-milling,Air,CO2,Emission,On-site Transportation,tonnes,17709.2,MetalliCan,MetalliCan,166000.0,0.10668192771084338,Ore processed,1,ore
BC-MAIN-857b7b89,Underground mining and beneficiation at Brucejack,"Underground, concentrator",Au–Ag free-milling,Air,CO2,Emission,Wastewater,tonnes,0.0,MetalliCan,MetalliCan,166000.0,0.0,Ore processed,1,ore
QC-MAIN-b86f7d07,Open-pit and underground mining and beneficiation at Casa Berardi,"Open-pit, underground, concentrator",Au–Ag free-milling,Air,CO2,Emission,Stationary Fuel Combustion,tonnes,3258.186,MetalliCan,MetalliCan,1361450.0,0.0023931734547724855,Ore processed,1,ore
QC-MAIN-b86f7d07,Open-pit and underground mining and beneficiation at Casa Berardi,"Open-pit, underground, concentrator",Au–Ag free-milling,Air,CO2,Emission,On-site Transportation,tonnes,29345.114,MetalliCan,MetalliCan,1361450.0,0.021554309008777407,Ore processed,1,ore
QC-MAIN-a555d9b9,Underground mining and beneficiation at Niobec,"Underground, concentrator",Nb mine,Air,CO2,Emission,Stationary Fuel Combustion,tonnes,6426.51,MetalliCan,MetalliCan,2200000.0,0.0029211409090909093,Ore processed,1,ore
QC-MAIN-a555d9b9,Underground mining and beneficiation at Niobec,"Underground, concentrator",Nb mine,Air,CO2,Emission,On-site Transportation,tonnes,5333.48,MetalliCan,MetalliCan,2200000.0,0.0024243090909090905,Ore processed,1,ore
QC-MAIN-02884fb5,Underground mining and beneficiation at Westwood-Doyon,"Underground, concentrator",Au–Ag free-milling,Air,CO2,Emission,Stationary Fuel Combustion,tonnes,3109.981,MetalliCan,MetalliCan,1034000.0,0.0030077185686653773,Ore processed,1,ore
QC-MAIN-02884fb5,Underground mining and beneficiation at Westwood-Doyon,"Underground, concentrator",Au–Ag free-milling,Air,CO2,Emission,On-site Transportation,tonnes,11963.0,MetalliCan,MetalliCan,1034000.0,0.01156963249516441,Ore processed,1,ore
ON-MAIN-687b8c8d,Underground mining and beneficiation at Island,"Underground, concentrator",Au–Ag free-milling,Air,CO2,Emission,Stationary Fuel Combustion,tonnes,4403.757,MetalliCan,MetalliCan,439008.0,0.010031154329761644,Ore processed,1,ore
ON-MAIN-687b8c8d,Underground mining and beneficiation at Island,"Underground, concentrator",Au–Ag free-milling,Air,CO2,Emission,Industrial Processes,tonnes,0.0,MetalliCan,MetalliCan,439008.0,0.0,Ore processed,1,ore
ON-MAIN-687b8c8d,Underground mining and beneficiation at Island,"Underground, concentrator",Au–Ag free-milling,Air,CO2,Emission,On-site Transportation,tonnes,15474.613,MetalliCan,MetalliCan,439008.0,0.03524904557547926,Ore processed,1,ore
ON-MAIN-687b8c8d,Underground mining and beneficiation at Island,"Underground, concentrator",Au–Ag free-milling,Air,CO2,Emission,Waste,tonnes,0.0,MetalliCan,MetalliCan,439008.0,0.0,Ore processed,1,ore
ON-MAIN-3b3e5365,,,,Air,CO2,Emission,Stationary Fuel Combustion,tonnes,10555.172,MetalliCan,MetalliCan,,,Ore processed,1,ore
ON-MAIN-3b3e5365,,,,Air,CO2,Emission,Industrial Processes,tonnes,0.845,MetalliCan,MetalliCan,,,Ore processed,1,ore
ON-MAIN-3b3e5365,,,,Air,CO2,Emission,On-site Transportation,tonnes,42952.397,MetalliCan,MetalliCan,,,Ore processed,1,ore
ON-MAIN-a3c56a83,Open-pit and underground mining and beneficiation at Lac des Iles,"Open-pit, underground, concentrator",Ni–Cu sulfide,Air,CO2,Emission,Stationary Fuel Combustion,tonnes,18681.197,MetalliCan,MetalliCan,3798000.0,0.004918693259610321,Ore processed,1,ore
ON-MAIN-a3c56a83,Open-pit and underground mining and beneficiation at Lac des Iles,"Open-pit, underground, concentrator",Ni–Cu sulfide,Air,CO2,Emission,On-site Transportation,tonnes,36179.248,MetalliCan,MetalliCan,3798000.0,0.009525868351764086,Ore processed,1,ore
ON-MAIN-387b06fe,,,,Air,CO2,Emission,Stationary Fuel Combustion,tonnes,14175.0422,MetalliCan,MetalliCan,,,Ore processed,1,ore
ON-MAIN-387b06fe,,,,Air,CO2,Emission,Industrial Processes,tonnes,4137.5184,MetalliCan,MetalliCan,,,Ore processed,1,ore
ON-MAIN-387b06fe,,,,Air,CO2,Emission,On-site Transportation,tonnes,504.8061,MetalliCan,MetalliCan,,,Ore processed,1,ore
ON-MAIN-7607a50e,Underground mining and beneficiation at Young-Davidson,"Underground, concentrator",Au–Ag free-milling,Air,CO2,Emission,Stationary Fuel Combustion,tonnes,11938.855,MetalliCan,MetalliCan,2878047.0,0.004148248795103068,Ore processed,1,ore
ON-MAIN-7607a50e,Underground mining and beneficiation at Young-Davidson,"Underground, concentrator",Au–Ag free-milling,Air,CO2,Emission,On-site Transportation,tonnes,9599.44,MetalliCan,MetalliCan,2878047.0,0.0033354007074936584,Ore processed,1,ore
QC-MAIN-5ce331b8,Open-pit and underground mining and beneficiation at Nunavik Nickel,"Open-pit, underground, concentrator",Ni–Cu sulfide,Air,CO2,Emission,Stationary Fuel Combustion,tonnes,93808.86,MetalliCan,MetalliCan,6835294.11764705,0.013724187779690207,Ore processed,1,ore
QC-MAIN-5ce331b8,Open-pit and underground mining and beneficiation at Nunavik Nickel,"Open-pit, underground, concentrator",Ni–Cu sulfide,Air,CO2,Emission,Industrial Processes,tonnes,0.0,MetalliCan,MetalliCan,6835294.11764705,0.0,Ore processed,1,ore
QC-MAIN-5ce331b8,Open-pit and underground mining and beneficiation at Nunavik Nickel,"Open-pit, underground, concentrator",Ni–Cu sulfide,Air,CO2,Emission,On-site Transportation,tonnes,32843.45,MetalliCan,MetalliCan,6835294.11764705,0.004804979776247854,Ore processed,1,ore
ON-MAIN-0aadf28f,Open-pit and underground mining and beneficiation at Rainy River,"Open-pit, underground, concentrator",Au–Ag free-milling,Air,CO2,Emission,Stationary Fuel Combustion,tonnes,5663.407,MetalliCan,MetalliCan,8764000.0,0.000646212574167047,Ore processed,1,ore
ON-MAIN-0aadf28f,Open-pit and underground mining and beneficiation at Rainy River,"Open-pit, underground, concentrator",Au–Ag free-milling,Air,CO2,Emission,Industrial Processes,tonnes,2798.0,MetalliCan,MetalliCan,8764000.0,0.00031926061159287994,Ore processed,1,ore
ON-MAIN-0aadf28f,Open-pit and underground mining and beneficiation at Rainy River,"Open-pit, underground, concentrator",Au–Ag free-milling,Air,CO2,Emission,On-site Transportation,tonnes,113546.0,MetalliCan,MetalliCan,8764000.0,0.01295595618439069,Ore processed,1,ore
ON-MAIN-2e13aaa0,,,,Air,CO2,Emission,Stationary Fuel Combustion,tonnes,10767.0531,MetalliCan,MetalliCan,,,Ore processed,1,ore
ON-MAIN-2e13aaa0,,,,Air,CO2,Emission,Industrial Processes,tonnes,2785.33,MetalliCan,MetalliCan,,,Ore processed,1,ore
ON-MAIN-2e13aaa0,,,,Air,CO2,Emission,On-site Transportation,tonnes,49.49,MetalliCan,MetalliCan,,,Ore processed,1,ore
QC-MAIN-dc1a16f9,,,,Air,CO2,Emission,Stationary Fuel Combustion,tonnes,4063.867,MetalliCan,MetalliCan,,,Ore processed,1,ore
QC-MAIN-dc1a16f9,,,,Air,CO2,Emission,On-site Transportation,tonnes,22599.016,MetalliCan,MetalliCan,,,Ore processed,1,ore
QC-MAIN-dc1a16f9,,,,Air,CO2,Emission,Waste,tonnes,0.0,MetalliCan,MetalliCan,,,Ore processed,1,ore
QC-MAIN-dc1a16f9,,,,Air,CO2,Emission,Wastewater,tonnes,0.0,MetalliCan,MetalliCan,,,Ore processed,1,ore
ON-MAIN-4c35e094,,,,Air,CO2,Emission,Stationary Fuel Combustion,tonnes,15202.7,MetalliCan,MetalliCan,,,Ore processed,1,ore
ON-MAIN-4c35e094,,,,Air,CO2,Emission,On-site Transportation,tonnes,307.22,MetalliCan,MetalliCan,,,Ore processed,1,ore
QC-MAIN-c0660aec,Underground mining and beneficiation at Goldex,"Underground, concentrator",Au–Ag polymetallic,Air,CO2,Emission,Stationary Fuel Combustion,tonnes,4289.8,MetalliCan,MetalliCan,2886927.328724,0.0014859397246746973,Ore processed,1,ore
QC-MAIN-c0660aec,Underground mining and beneficiation at Goldex,"Underground, concentrator",Au–Ag polymetallic,Air,CO2,Emission,On-site Transportation,tonnes,8912.0,MetalliCan,MetalliCan,2886927.328724,0.0030870191678635138,Ore processed,1,ore
QC-MAIN-e51eda66,Underground mining and beneficiation at LaRonde,"Underground, concentrator",Au–Ag polymetallic,Air,CO2,Emission,Stationary Fuel Combustion,tonnes,14844.92689,MetalliCan,MetalliCan,1501500.0,0.009886731195471196,Ore processed,1,ore
QC-MAIN-e51eda66,Underground mining and beneficiation at LaRonde,"Underground, concentrator",Au–Ag polymetallic,Air,CO2,Emission,Industrial Processes,tonnes,84.84,MetalliCan,MetalliCan,1501500.0,5.6503496503496504e-05,Ore processed,1,ore
QC-MAIN-e51eda66,Underground mining and beneficiation at LaRonde,"Underground, concentrator",Au–Ag polymetallic,Air,CO2,Emission,On-site Transportation,tonnes,26880.35,MetalliCan,MetalliCan,1501500.0,0.017902331002331,Ore processed,1,ore
QC-MAIN-6dc537e6,Underground mining and beneficiation at Éléonore,"Underground, concentrator",Au–Ag free-milling,Air,CO2,Emission,Stationary Fuel Combustion,tonnes,9959.6,MetalliCan,MetalliCan,1661000.0,0.005996146899458158,Ore processed,1,ore
QC-MAIN-6dc537e6,Underground mining and beneficiation at Éléonore,"Underground, concentrator",Au–Ag free-milling,Air,CO2,Emission,Industrial Processes,tonnes,0.0,MetalliCan,MetalliCan,1661000.0,0.0,Ore processed,1,ore
QC-MAIN-6dc537e6,Underground mining and beneficiation at Éléonore,"Underground, concentrator",Au–Ag free-milling,Air,CO2,Emission,On-site Transportation,tonnes,24031.0,MetalliCan,MetalliCan,1661000.0,0.014467790487658037,Ore processed,1,ore
BC-MAIN-599152a0,Open-pit mining and beneficiation at Copper Mountain,"Open-pit, concentrator",Cu Porphyry,Air,CO2,Emission,Stationary Fuel Combustion,tonnes,3053.158,MetalliCan,MetalliCan,6862152.0,0.0004449271890217529,Ore processed,1,ore
BC-MAIN-599152a0,Open-pit mining and beneficiation at Copper Mountain,"Open-pit, concentrator",Cu Porphyry,Air,CO2,Emission,On-site Transportation,tonnes,66954.959,MetalliCan,MetalliCan,6862152.0,0.009757137265394296,Ore processed,1,ore
BC-MAIN-599152a0,Open-pit mining and beneficiation at Copper Mountain,"Open-pit, concentrator",Cu Porphyry,Air,CO2,Emission,Waste,tonnes,0.0,MetalliCan,MetalliCan,6862152.0,0.0,Ore processed,1,ore
ON-MAIN-7f050560,Underground mining and beneficiation at Red Lake,"Underground, concentrator",Au–Ag refractory,Air,CO2,Emission,Stationary Fuel Combustion,tonnes,17060.636,MetalliCan,MetalliCan,841000.0,0.020286130796670628,Ore processed,1,ore
ON-MAIN-7f050560,Underground mining and beneficiation at Red Lake,"Underground, concentrator",Au–Ag refractory,Air,CO2,Emission,Industrial Processes,tonnes,457.462,MetalliCan,MetalliCan,841000.0,0.0005439500594530321,Ore processed,1,ore
ON-MAIN-7f050560,Underground mining and beneficiation at Red Lake,"Underground, concentrator",Au–Ag refractory,Air,CO2,Emission,On-site Transportation,tonnes,9009.575,MetalliCan,MetalliCan,841000.0,0.010712931034482759,Ore processed,1,ore
ON-MAIN-7f050560,Underground mining and beneficiation at Red Lake,"Underground, concentrator",Au–Ag refractory,Air,CO2,Emission,Waste,tonnes,0.0,MetalliCan,MetalliCan,841000.0,0.0,Ore processed,1,ore
ON-MAIN-cb85213a,Underground mining and beneficiation at Eagle River,"Underground, concentrator",Au–Ag free-milling,Air,CO2,Emission,Stationary Fuel Combustion,tonnes,4522.275,MetalliCan,MetalliCan,222627.0,0.020313236938915763,Ore processed,1,ore
ON-MAIN-cb85213a,Underground mining and beneficiation at Eagle River,"Underground, concentrator",Au–Ag free-milling,Air,CO2,Emission,On-site Transportation,tonnes,7732.951,MetalliCan,MetalliCan,222627.0,0.03473500967986812,Ore processed,1,ore
ON-MAIN-cb85213a,Underground mining and beneficiation at Eagle River,"Underground, concentrator",Au–Ag free-milling,Air,CO2,Emission,Waste,tonnes,0.0,MetalliCan,MetalliCan,222627.0,0.0,Ore processed,1,ore
YT-MAIN-e05ed9fe,,,,Air,CO2,Emission,Stationary Fuel Combustion,tonnes,10563.96,MetalliCan,MetalliCan,,,Ore processed,1,ore
YT-MAIN-e05ed9fe,,,,Air,CO2,Emission,On-site Transportation,tonnes,42047.06,MetalliCan,MetalliCan,,,Ore processed,1,ore
BC-MAIN-8eb8be0d,Open-pit mining and beneficiation at Red Chris,"Open-pit, concentrator",Au–Ag polymetallic,Air,CO2,Emission,Stationary Fuel Combustion,tonnes,4791.48,MetalliCan,MetalliCan,1139000.0,0.004206742756804214,Ore processed,1,ore
BC-MAIN-8eb8be0d,Open-pit mining and beneficiation at Red Chris,"Open-pit, concentrator",Au–Ag polymetallic,Air,CO2,Emission,On-site Transportation,tonnes,87224.67,MetalliCan,MetalliCan,1139000.0,0.07658004389815627,Ore processed,1,ore
ON-MAIN-eab8c362,,,,Air,CH4,Emission,Flaring / Torchage,tonnes,1.2,MetalliCan,MetalliCan,,,Ore processed,1,ore
ON-MAIN-eab8c362,,,,Air,CH4,Emission,Stationary Fuel Combustion,tonnes,15.544,MetalliCan,MetalliCan,,,Ore processed,1,ore
ON-MAIN-eab8c362,,,,Air,CH4,Emission,Industrial Processes,tonnes,379.3,MetalliCan,MetalliCan,,,Ore processed,1,ore
ON-MAIN-eab8c362,,,,Air,CH4,Emission,On-site Transportation,tonnes,2.9,MetalliCan,MetalliCan,,,Ore processed,1,ore
QC-MAIN-52c01ae4,,,,Air,CH4,Emission,Stationary Fuel Combustion,tonnes,0.118,MetalliCan,MetalliCan,,,Ore processed,1,ore
QC-MAIN-52c01ae4,,,,Air,CH4,Emission,Industrial Processes,tonnes,,MetalliCan,MetalliCan,,,Ore processed,1,ore
QC-MAIN-52c01ae4,,,,Air,CH4,Emission,On-site Transportation,tonnes,0.392,MetalliCan,MetalliCan,,,Ore processed,1,ore
QC-MAIN-c8966bdc,,,,Air,CH4,Emission,Stationary Fuel Combustion,tonnes,1.191,MetalliCan,MetalliCan,,,Ore processed,1,ore
QC-MAIN-c8966bdc,,,,Air,CH4,Emission,Industrial Processes,tonnes,,MetalliCan,MetalliCan,,,Ore processed,1,ore
QC-MAIN-c8966bdc,,,,Air,CH4,Emission,On-site Transportation,tonnes,0.4098,MetalliCan,MetalliCan,,,Ore processed,1,ore
NL-MAIN-dd723db4,Open-pit mining and beneficiation at Carol Lake,"Open-pit, concentrator",Fe concentrator + pellet plant,Air,CH4,Emission,Stationary Fuel Combustion,tonnes,11.802626,MetalliCan,MetalliCan,16478000.0,7.162656875834446e-07,Ore processed,1,ore
NL-MAIN-dd723db4,Open-pit mining and beneficiation at Carol Lake,"Open-pit, concentrator",Fe concentrator + pellet plant,Air,CH4,Emission,Industrial Processes,tonnes,,MetalliCan,MetalliCan,16478000.0,,Ore processed,1,ore
NL-MAIN-dd723db4,Open-pit mining and beneficiation at Carol Lake,"Open-pit, concentrator",Fe concentrator + pellet plant,Air,CH4,Emission,On-site Transportation,tonnes,3.725748,MetalliCan,MetalliCan,16478000.0,2.261043815997087e-07,Ore processed,1,ore
ON-MAIN-4c35e094,,,,Air,CH4,Emission,Stationary Fuel Combustion,tonnes,31.83895,MetalliCan,MetalliCan,,,Ore processed,1,ore
ON-MAIN-4c35e094,,,,Air,CH4,Emission,Industrial Processes,tonnes,,MetalliCan,MetalliCan,,,Ore processed,1,ore
ON-MAIN-4c35e094,,,,Air,CH4,Emission,On-site Transportation,tonnes,0.669488,MetalliCan,MetalliCan,,,Ore processed,1,ore
QC-MAIN-5398dfac,,,,Air,CH4,Emission,Stationary Fuel Combustion,tonnes,0.01521,MetalliCan,MetalliCan,,,Ore processed,1,ore
QC-MAIN-5398dfac,,,,Air,CH4,Emission,Industrial Processes,tonnes,68.76,MetalliCan,MetalliCan,,,Ore processed,1,ore
QC-MAIN-5398dfac,,,,Air,CH4,Emission,On-site Transportation,tonnes,0.0149,MetalliCan,MetalliCan,,,Ore processed,1,ore
AB-MAIN-d3a4aba9,Refining at The Cobalt Refinery Company Inc.,Refinery,Co hydrometallurgical refinery,Air,CH4,Emission,Flaring / Torchage,tonnes,5.8442,MetalliCan,MetalliCan,0.0,inf,Ore processed,1,ore
AB-MAIN-d3a4aba9,Refining at The Cobalt Refinery Company Inc.,Refinery,Co hydrometallurgical refinery,Air,CH4,Emission,Stationary Fuel Combustion,tonnes,4.2093,MetalliCan,MetalliCan,0.0,inf,Ore processed,1,ore
AB-MAIN-d3a4aba9,Refining at The Cobalt Refinery Company Inc.,Refinery,Co hydrometallurgical refinery,Air,CH4,Emission,Industrial Processes,tonnes,,MetalliCan,MetalliCan,0.0,,Ore processed,1,ore
AB-MAIN-d3a4aba9,Refining at The Cobalt Refinery Company Inc.,Refinery,Co hydrometallurgical refinery,Air,CH4,Emission,On-site Transportation,tonnes,0.3074,MetalliCan,MetalliCan,0.0,inf,Ore processed,1,ore
AB-MAIN-d3a4aba9,Refining at The Cobalt Refinery Company Inc.,Refinery,Co hydrometallurgical refinery,Air,CH4,Emission,Venting / Évacuation,tonnes,232.35927,MetalliCan,MetalliCan,0.0,inf,Ore processed,1,ore
ON-MAIN-21b6ab35,,,,Air,CH4,Emission,Stationary Fuel Combustion,tonnes,1.089164,MetalliCan,MetalliCan,,,Ore processed,1,ore
ON-MAIN-21b6ab35,,,,Air,CH4,Emission,Industrial Processes,tonnes,,MetalliCan,MetalliCan,,,Ore processed,1,ore
ON-MAIN-21b6ab35,,,,Air,CH4,Emission,On-site Transportation,tonnes,0.278552,MetalliCan,MetalliCan,,,Ore processed,1,ore
SK-MAIN-26b9aaf3,,,,Air,CH4,Emission,Stationary Fuel Combustion,tonnes,2.406601,MetalliCan,MetalliCan,,,Ore processed,1,ore
SK-MAIN-26b9aaf3,,,,Air,CH4,Emission,Industrial Processes,tonnes,0.0,MetalliCan,MetalliCan,,,Ore processed,1,ore
SK-MAIN-26b9aaf3,,,,Air,CH4,Emission,On-site Transportation,tonnes,0.530765,MetalliCan,MetalliCan,,,Ore processed,1,ore
ON-MAIN-f8313ebd,Underground mining and beneficiation at Kidd Creek,"Underground, concentrator",Cu polymetallic,Air,CH4,Emission,Stationary Fuel Combustion,tonnes,0.4045,MetalliCan,MetalliCan,1340000.0,3.0186567164179105e-07,Ore processed,1,ore
ON-MAIN-f8313ebd,Underground mining and beneficiation at Kidd Creek,"Underground, concentrator",Cu polymetallic,Air,CH4,Emission,On-site Transportation,tonnes,0.83601,MetalliCan,MetalliCan,1340000.0,6.238880597014925e-07,Ore processed,1,ore
QC-MAIN-a97821c0,Underground mining and beneficiation at Raglan,"Underground, concentrator",Ni–Cu sulfide,Air,CH4,Emission,Stationary Fuel Combustion,tonnes,4.076889,MetalliCan,MetalliCan,1500000.0,2.717926e-06,Ore processed,1,ore
QC-MAIN-a97821c0,Underground mining and beneficiation at Raglan,"Underground, concentrator",Ni–Cu sulfide,Air,CH4,Emission,Industrial Processes,tonnes,0.000119,MetalliCan,MetalliCan,1500000.0,7.933333333333333e-11,Ore processed,1,ore
QC-MAIN-a97821c0,Underground mining and beneficiation at Raglan,"Underground, concentrator",Ni–Cu sulfide,Air,CH4,Emission,On-site Transportation,tonnes,0.464529,MetalliCan,MetalliCan,1500000.0,3.09686e-07,Ore processed,1,ore
QC-MAIN-a97821c0,Underground mining and beneficiation at Raglan,"Underground, concentrator",Ni–Cu sulfide,Air,CH4,Emission,Waste,tonnes,24.860208,MetalliCan,MetalliCan,1500000.0,1.6573472e-05,Ore processed,1,ore
QC-MAIN-a97821c0,Underground mining and beneficiation at Raglan,"Underground, concentrator",Ni–Cu sulfide,Air,CH4,Emission,Wastewater,tonnes,,MetalliCan,MetalliCan,1500000.0,,Ore processed,1,ore
ON-MAIN-020a683c,,,,Air,CH4,Emission,Flaring / Torchage,tonnes,26.607,MetalliCan,MetalliCan,,,Ore processed,1,ore
ON-MAIN-020a683c,,,,Air,CH4,Emission,Leakage / Fuites,tonnes,782.414,MetalliCan,MetalliCan,,,Ore processed,1,ore
ON-MAIN-020a683c,,,,Air,CH4,Emission,Stationary Fuel Combustion,tonnes,11.5797,MetalliCan,MetalliCan,,,Ore processed,1,ore
ON-MAIN-020a683c,,,,Air,CH4,Emission,On-site Transportation,tonnes,0.1562,MetalliCan,MetalliCan,,,Ore processed,1,ore
ON-MAIN-020a683c,,,,Air,CH4,Emission,Waste,tonnes,0.5027,MetalliCan,MetalliCan,,,Ore processed,1,ore
ON-MAIN-020a683c,,,,Air,CH4,Emission,Wastewater,tonnes,0.3006,MetalliCan,MetalliCan,,,Ore processed,1,ore
ON-MAIN-b2e5c9bb,,,,Air,CH4,Emission,Leakage / Fuites,tonnes,1011.938,MetalliCan,MetalliCan,,,Ore processed,1,ore
ON-MAIN-b2e5c9bb,,,,Air,CH4,Emission,Stationary Fuel Combustion,tonnes,14.86505,MetalliCan,MetalliCan,,,Ore processed,1,ore
ON-MAIN-b2e5c9bb,,,,Air,CH4,Emission,Industrial Processes,tonnes,,MetalliCan,MetalliCan,,,Ore processed,1,ore
ON-MAIN-b2e5c9bb,,,,Air,CH4,Emission,On-site Transportation,tonnes,1.704,MetalliCan,MetalliCan,,,Ore processed,1,ore
BC-MAIN-3bb6b7cd,Refining at Trail,Refinery,Zn refinery,Air,CH4,Emission,Leakage / Fuites,tonnes,51.9602,MetalliCan,MetalliCan,0.0,inf,Ore processed,1,ore
BC-MAIN-3bb6b7cd,Refining at Trail,Refinery,Zn refinery,Air,CH4,Emission,Stationary Fuel Combustion,tonnes,4.216837,MetalliCan,MetalliCan,0.0,inf,Ore processed,1,ore
BC-MAIN-3bb6b7cd,Refining at Trail,Refinery,Zn refinery,Air,CH4,Emission,Industrial Processes,tonnes,,MetalliCan,MetalliCan,0.0,,Ore processed,1,ore
BC-MAIN-3bb6b7cd,Refining at Trail,Refinery,Zn refinery,Air,CH4,Emission,On-site Transportation,tonnes,1.04384,MetalliCan,MetalliCan,0.0,inf,Ore processed,1,ore
QC-MAIN-eac5a52b,,,,Air,CH4,Emission,Stationary Fuel Combustion,tonnes,0.65,MetalliCan,MetalliCan,,,Ore processed,1,ore
QC-MAIN-eac5a52b,,,,Air,CH4,Emission,Industrial Processes,tonnes,,MetalliCan,MetalliCan,,,Ore processed,1,ore
QC-MAIN-eac5a52b,,,,Air,CH4,Emission,On-site Transportation,tonnes,0.13,MetalliCan,MetalliCan,,,Ore processed,1,ore
NL-MAIN-b64bae7a,Open-pit mining and beneficiation at Scully,"Open-pit, concentrator",Fe concentrator,Air,CH4,Emission,Stationary Fuel Combustion,tonnes,2.9254,MetalliCan,MetalliCan,3560000.0,8.217415730337078e-07,Ore processed,1,ore
NL-MAIN-b64bae7a,Open-pit mining and beneficiation at Scully,"Open-pit, concentrator",Fe concentrator,Air,CH4,Emission,Industrial Processes,tonnes,,MetalliCan,MetalliCan,3560000.0,,Ore processed,1,ore
NL-MAIN-b64bae7a,Open-pit mining and beneficiation at Scully,"Open-pit, concentrator",Fe concentrator,Air,CH4,Emission,On-site Transportation,tonnes,1.5378,MetalliCan,MetalliCan,3560000.0,4.3196629213483146e-07,Ore processed,1,ore
BC-MAIN-bf503b6b,Open-pit mining and beneficiation at Highland Valley,"Open-pit, concentrator",Cu polymetallic,Air,CH4,Emission,Stationary Fuel Combustion,tonnes,0.2503,MetalliCan,MetalliCan,17408000.0,1.4378446691176473e-08,Ore processed,1,ore
BC-MAIN-bf503b6b,Open-pit mining and beneficiation at Highland Valley,"Open-pit, concentrator",Cu polymetallic,Air,CH4,Emission,On-site Transportation,tonnes,8.0724,MetalliCan,MetalliCan,17408000.0,4.6371783088235294e-07,Ore processed,1,ore
AB-MAIN-9fed34a8,,,,Air,CH4,Emission,Stationary Fuel Combustion,tonnes,1.096879,MetalliCan,MetalliCan,,,Ore processed,1,ore
AB-MAIN-9fed34a8,,,,Air,CH4,Emission,Industrial Processes,tonnes,,MetalliCan,MetalliCan,,,Ore processed,1,ore
AB-MAIN-9fed34a8,,,,Air,CH4,Emission,On-site Transportation,tonnes,0.206085,MetalliCan,MetalliCan,,,Ore processed,1,ore
ON-MAIN-fefeaee4,Underground mining and beneficiation at Musselwhite,"Underground, concentrator",Au–Ag free-milling,Air,CH4,Emission,Stationary Fuel Combustion,tonnes,0.4023,MetalliCan,MetalliCan,1028000.0,3.9134241245136186e-07,Ore processed,1,ore
ON-MAIN-fefeaee4,Underground mining and beneficiation at Musselwhite,"Underground, concentrator",Au–Ag free-milling,Air,CH4,Emission,Industrial Processes,tonnes,,MetalliCan,MetalliCan,1028000.0,,Ore processed,1,ore
ON-MAIN-fefeaee4,Underground mining and beneficiation at Musselwhite,"Underground, concentrator",Au–Ag free-milling,Air,CH4,Emission,On-site Transportation,tonnes,1.22034,MetalliCan,MetalliCan,1028000.0,1.1871011673151752e-06,Ore processed,1,ore
ON-MAIN-fefeaee4,Underground mining and beneficiation at Musselwhite,"Underground, concentrator",Au–Ag free-milling,Air,CH4,Emission,Waste,tonnes,0.004825,MetalliCan,MetalliCan,1028000.0,4.693579766536966e-09,Ore processed,1,ore
MB-MAIN-e0a6250e,Open-pit and underground mining and beneficiation at Thompson (T-1 and T-3),"Open-pit, underground, concentrator",Ni–Cu sulfide,Air,CH4,Emission,Stationary Fuel Combustion,tonnes,0.14742,MetalliCan,MetalliCan,464705.882352941,3.172329113924052e-07,Ore processed,1,ore
MB-MAIN-e0a6250e,Open-pit and underground mining and beneficiation at Thompson (T-1 and T-3),"Open-pit, underground, concentrator",Ni–Cu sulfide,Air,CH4,Emission,On-site Transportation,tonnes,0.4233,MetalliCan,MetalliCan,464705.882352941,9.108987341772156e-07,Ore processed,1,ore
MB-MAIN-e0a6250e,Open-pit and underground mining and beneficiation at Thompson (T-1 and T-3),"Open-pit, underground, concentrator",Ni–Cu sulfide,Air,CH4,Emission,Waste,tonnes,2.21687,MetalliCan,MetalliCan,464705.882352941,4.770479746835445e-06,Ore processed,1,ore
NL-MAIN-2d8801d6,Open-pit and underground mining and beneficiation at Voisey’s Bay,"Open-pit, underground, concentrator",Ni–Cu sulfide,Air,CH4,Emission,Stationary Fuel Combustion,tonnes,7.000135,MetalliCan,MetalliCan,794117.647058823,8.81498481481482e-06,Ore processed,1,ore
NL-MAIN-2d8801d6,Open-pit and underground mining and beneficiation at Voisey’s Bay,"Open-pit, underground, concentrator",Ni–Cu sulfide,Air,CH4,Emission,On-site Transportation,tonnes,2.003,MetalliCan,MetalliCan,794117.647058823,2.522296296296298e-06,Ore processed,1,ore
BC-MAIN-3f490561,Open-pit mining and beneficiation at Mount Polley,"Open-pit, concentrator",Cu Porphyry,Air,CH4,Emission,Stationary Fuel Combustion,tonnes,0.0146,MetalliCan,MetalliCan,5948239.0,2.4545079644580523e-09,Ore processed,1,ore
BC-MAIN-3f490561,Open-pit mining and beneficiation at Mount Polley,"Open-pit, concentrator",Cu Porphyry,Air,CH4,Emission,On-site Transportation,tonnes,3.5057,MetalliCan,MetalliCan,5948239.0,5.893677103425064e-07,Ore processed,1,ore
ON-MAIN-fc6f1a44,,,,Air,CH4,Emission,Stationary Fuel Combustion,tonnes,1.179237,MetalliCan,MetalliCan,,,Ore processed,1,ore
ON-MAIN-fc6f1a44,,,,Air,CH4,Emission,Industrial Processes,tonnes,,MetalliCan,MetalliCan,,,Ore processed,1,ore
ON-MAIN-fc6f1a44,,,,Air,CH4,Emission,On-site Transportation,tonnes,0.83797,MetalliCan,MetalliCan,,,Ore processed,1,ore
ON-MAIN-1f126a43,Underground mining and beneficiation at Macassa,"Underground, concentrator",Au–Ag free-milling,Air,CH4,Emission,Stationary Fuel Combustion,tonnes,0.3813,MetalliCan,MetalliCan,441588.0,8.634745509388841e-07,Ore processed,1,ore
ON-MAIN-1f126a43,Underground mining and beneficiation at Macassa,"Underground, concentrator",Au–Ag free-milling,Air,CH4,Emission,On-site Transportation,tonnes,1.1007,MetalliCan,MetalliCan,441588.0,2.4925949074703116e-06,Ore processed,1,ore
ON-MAIN-1f126a43,Underground mining and beneficiation at Macassa,"Underground, concentrator",Au–Ag free-milling,Air,CH4,Emission,Waste,tonnes,0.0341,MetalliCan,MetalliCan,441588.0,7.722130130347745e-08,Ore processed,1,ore
QC-MAIN-c1cc9f7c,,,,Air,CH4,Emission,Leakage / Fuites,tonnes,13.82,MetalliCan,MetalliCan,,,Ore processed,1,ore
QC-MAIN-c1cc9f7c,,,,Air,CH4,Emission,Stationary Fuel Combustion,tonnes,4.870096,MetalliCan,MetalliCan,,,Ore processed,1,ore
QC-MAIN-c1cc9f7c,,,,Air,CH4,Emission,Industrial Processes,tonnes,59.398,MetalliCan,MetalliCan,,,Ore processed,1,ore
QC-MAIN-c1cc9f7c,,,,Air,CH4,Emission,On-site Transportation,tonnes,0.038419,MetalliCan,MetalliCan,,,Ore processed,1,ore
QC-MAIN-c1cc9f7c,,,,Air,CH4,Emission,Wastewater,tonnes,0.3309,MetalliCan,MetalliCan,,,Ore processed,1,ore
QC-MAIN-e7e6a960,Open-pit mining and beneficiation at Canadian Malartic,"Open-pit, concentrator",Au–Ag free-milling,Air,CH4,Emission,Stationary Fuel Combustion,tonnes,0.42515,MetalliCan,MetalliCan,17332900.0,2.452849782783031e-08,Ore processed,1,ore
QC-MAIN-e7e6a960,Open-pit mining and beneficiation at Canadian Malartic,"Open-pit, concentrator",Au–Ag free-milling,Air,CH4,Emission,Industrial Processes,tonnes,0.292,MetalliCan,MetalliCan,17332900.0,1.6846575010529108e-08,Ore processed,1,ore
QC-MAIN-e7e6a960,Open-pit mining and beneficiation at Canadian Malartic,"Open-pit, concentrator",Au–Ag free-milling,Air,CH4,Emission,On-site Transportation,tonnes,4.9144,MetalliCan,MetalliCan,17332900.0,2.8353016517720635e-07,Ore processed,1,ore
MB-MAIN-b4ca1426,,,,Air,CH4,Emission,Stationary Fuel Combustion,tonnes,0.6936,MetalliCan,MetalliCan,,,Ore processed,1,ore
MB-MAIN-b4ca1426,,,,Air,CH4,Emission,Industrial Processes,tonnes,0.0,MetalliCan,MetalliCan,,,Ore processed,1,ore
MB-MAIN-b4ca1426,,,,Air,CH4,Emission,On-site Transportation,tonnes,0.692262,MetalliCan,MetalliCan,,,Ore processed,1,ore
BC-MAIN-6b4800fe,Open-pit mining and beneficiation at Gibraltar,"Open-pit, concentrator",Cu polymetallic,Air,CH4,Emission,Stationary Fuel Combustion,tonnes,0.187125,MetalliCan,MetalliCan,30000000.0,6.2375000000000004e-09,Ore processed,1,ore
BC-MAIN-6b4800fe,Open-pit mining and beneficiation at Gibraltar,"Open-pit, concentrator",Cu polymetallic,Air,CH4,Emission,On-site Transportation,tonnes,5.738607,MetalliCan,MetalliCan,30000000.0,1.912869e-07,Ore processed,1,ore
QC-MAIN-089f3c60,Open-pit mining at Bloom Lake,Open-pit,Magnetite concentrator,Air,CH4,Emission,Stationary Fuel Combustion,tonnes,0.234,MetalliCan,MetalliCan,11187000.0,2.091713596138375e-08,Ore processed,1,ore
QC-MAIN-089f3c60,Open-pit mining at Bloom Lake,Open-pit,Magnetite concentrator,Air,CH4,Emission,Industrial Processes,tonnes,,MetalliCan,MetalliCan,11187000.0,,Ore processed,1,ore
QC-MAIN-089f3c60,Open-pit mining at Bloom Lake,Open-pit,Magnetite concentrator,Air,CH4,Emission,On-site Transportation,tonnes,2.8397,MetalliCan,MetalliCan,11187000.0,2.5383927773308306e-07,Ore processed,1,ore
ON-MAIN-bddeaef0,,,,Air,CH4,Emission,Stationary Fuel Combustion,tonnes,0.592605,MetalliCan,MetalliCan,,,Ore processed,1,ore
ON-MAIN-bddeaef0,,,,Air,CH4,Emission,On-site Transportation,tonnes,0.0069,MetalliCan,MetalliCan,,,Ore processed,1,ore
ON-MAIN-aeafbb59,Open-pit mining and beneficiation at Detour Lake,"Open-pit, concentrator",Au–Ag free-milling,Air,CH4,Emission,Stationary Fuel Combustion,tonnes,0.19718,MetalliCan,MetalliCan,25434853.5024164,7.752354460436237e-09,Ore processed,1,ore
ON-MAIN-aeafbb59,Open-pit mining and beneficiation at Detour Lake,"Open-pit, concentrator",Au–Ag free-milling,Air,CH4,Emission,On-site Transportation,tonnes,17.9708,MetalliCan,MetalliCan,25434853.5024164,7.065423041769323e-07,Ore processed,1,ore
ON-MAIN-aeafbb59,Open-pit mining and beneficiation at Detour Lake,"Open-pit, concentrator",Au–Ag free-milling,Air,CH4,Emission,Waste,tonnes,137.4867,MetalliCan,MetalliCan,25434853.5024164,5.4054449335412255e-06,Ore processed,1,ore
ON-MAIN-aeafbb59,Open-pit mining and beneficiation at Detour Lake,"Open-pit, concentrator",Au–Ag free-milling,Air,CH4,Emission,Wastewater,tonnes,,MetalliCan,MetalliCan,25434853.5024164,,Ore processed,1,ore
BC-MAIN-23155c25,,,,Air,CH4,Emission,Stationary Fuel Combustion,tonnes,2.1501,MetalliCan,MetalliCan,,,Ore processed,1,ore
NL-MAIN-d9036091,Refining at Long Harbour,Refinery,Ni hydrometallurgical refinery,Air,CH4,Emission,Stationary Fuel Combustion,tonnes,1.0,MetalliCan,MetalliCan,0.0,inf,Ore processed,1,ore
NL-MAIN-d9036091,Refining at Long Harbour,Refinery,Ni hydrometallurgical refinery,Air,CH4,Emission,Industrial Processes,tonnes,,MetalliCan,MetalliCan,0.0,,Ore processed,1,ore
NL-MAIN-d9036091,Refining at Long Harbour,Refinery,Ni hydrometallurgical refinery,Air,CH4,Emission,On-site Transportation,tonnes,0.13,MetalliCan,MetalliCan,0.0,inf,Ore processed,1,ore
NU-MAIN-5154702a,Open-pit mining at Mary River,Open-pit,Direct Shipping Ore,Air,CH4,Emission,Stationary Fuel Combustion,tonnes,0.68891,MetalliCan,MetalliCan,5600000.0,1.2301964285714287e-07,Ore processed,1,ore
NU-MAIN-5154702a,Open-pit mining at Mary River,Open-pit,Direct Shipping Ore,Air,CH4,Emission,On-site Transportation,tonnes,1.71291,MetalliCan,MetalliCan,5600000.0,3.058767857142857e-07,Ore processed,1,ore
NU-MAIN-5154702a,Open-pit mining at Mary River,Open-pit,Direct Shipping Ore,Air,CH4,Emission,Waste,tonnes,,MetalliCan,MetalliCan,5600000.0,,Ore processed,1,ore
NU-MAIN-5154702a,Open-pit mining at Mary River,Open-pit,Direct Shipping Ore,Air,CH4,Emission,Wastewater,tonnes,0.01022,MetalliCan,MetalliCan,5600000.0,1.825e-09,Ore processed,1,ore
ON-MAIN-6e9be24e,Open-pit and underground mining and beneficiation at Hemlo (Williams),"Open-pit, underground, concentrator",Au–Ag free-milling,Air,CH4,Emission,Stationary Fuel Combustion,tonnes,0.151,MetalliCan,MetalliCan,1266009.0,1.1927245382931716e-07,Ore processed,1,ore
ON-MAIN-6e9be24e,Open-pit and underground mining and beneficiation at Hemlo (Williams),"Open-pit, underground, concentrator",Au–Ag free-milling,Air,CH4,Emission,On-site Transportation,tonnes,1.1823,MetalliCan,MetalliCan,1266009.0,9.338796169695475e-07,Ore processed,1,ore
NU-MAIN-8b0264c9,Open-pit and underground mining and beneficiation at Meliadine,"Open-pit, underground, concentrator",Au–Ag free-milling,Air,CH4,Emission,Stationary Fuel Combustion,tonnes,2.631517,MetalliCan,MetalliCan,1918143.0,1.3719086637440483e-06,Ore processed,1,ore
NU-MAIN-8b0264c9,Open-pit and underground mining and beneficiation at Meliadine,"Open-pit, underground, concentrator",Au–Ag free-milling,Air,CH4,Emission,Industrial Processes,tonnes,,MetalliCan,MetalliCan,1918143.0,,Ore processed,1,ore
NU-MAIN-8b0264c9,Open-pit and underground mining and beneficiation at Meliadine,"Open-pit, underground, concentrator",Au–Ag free-milling,Air,CH4,Emission,On-site Transportation,tonnes,1.23136,MetalliCan,MetalliCan,1918143.0,6.419542234338107e-07,Ore processed,1,ore
NU-MAIN-8b0264c9,Open-pit and underground mining and beneficiation at Meliadine,"Open-pit, underground, concentrator",Au–Ag free-milling,Air,CH4,Emission,Waste,tonnes,3.946029,MetalliCan,MetalliCan,1918143.0,2.057213148341912e-06,Ore processed,1,ore
BC-MAIN-857b7b89,Underground mining and beneficiation at Brucejack,"Underground, concentrator",Au–Ag free-milling,Air,CH4,Emission,Stationary Fuel Combustion,tonnes,0.233,MetalliCan,MetalliCan,166000.0,1.4036144578313254e-06,Ore processed,1,ore
BC-MAIN-857b7b89,Underground mining and beneficiation at Brucejack,"Underground, concentrator",Au–Ag free-milling,Air,CH4,Emission,On-site Transportation,tonnes,2.421,MetalliCan,MetalliCan,166000.0,1.4584337349397589e-05,Ore processed,1,ore
BC-MAIN-857b7b89,Underground mining and beneficiation at Brucejack,"Underground, concentrator",Au–Ag free-milling,Air,CH4,Emission,Wastewater,tonnes,,MetalliCan,MetalliCan,166000.0,,Ore processed,1,ore
QC-MAIN-b86f7d07,Open-pit and underground mining and beneficiation at Casa Berardi,"Open-pit, underground, concentrator",Au–Ag free-milling,Air,CH4,Emission,Stationary Fuel Combustion,tonnes,0.059,MetalliCan,MetalliCan,1361450.0,4.3336148958830655e-08,Ore processed,1,ore
QC-MAIN-b86f7d07,Open-pit and underground mining and beneficiation at Casa Berardi,"Open-pit, underground, concentrator",Au–Ag free-milling,Air,CH4,Emission,On-site Transportation,tonnes,3.247,MetalliCan,MetalliCan,1361450.0,2.3849572147342904e-06,Ore processed,1,ore
QC-MAIN-a555d9b9,Underground mining and beneficiation at Niobec,"Underground, concentrator",Nb mine,Air,CH4,Emission,Stationary Fuel Combustion,tonnes,0.102,MetalliCan,MetalliCan,2200000.0,4.636363636363636e-08,Ore processed,1,ore
QC-MAIN-a555d9b9,Underground mining and beneficiation at Niobec,"Underground, concentrator",Nb mine,Air,CH4,Emission,On-site Transportation,tonnes,0.3,MetalliCan,MetalliCan,2200000.0,1.3636363636363635e-07,Ore processed,1,ore
QC-MAIN-02884fb5,Underground mining and beneficiation at Westwood-Doyon,"Underground, concentrator",Au–Ag free-milling,Air,CH4,Emission,Stationary Fuel Combustion,tonnes,0.061,MetalliCan,MetalliCan,1034000.0,5.899419729206963e-08,Ore processed,1,ore
QC-MAIN-02884fb5,Underground mining and beneficiation at Westwood-Doyon,"Underground, concentrator",Au–Ag free-milling,Air,CH4,Emission,On-site Transportation,tonnes,0.674,MetalliCan,MetalliCan,1034000.0,6.518375241779498e-07,Ore processed,1,ore
ON-MAIN-687b8c8d,Underground mining and beneficiation at Island,"Underground, concentrator",Au–Ag free-milling,Air,CH4,Emission,Stationary Fuel Combustion,tonnes,0.071,MetalliCan,MetalliCan,439008.0,1.617282600772651e-07,Ore processed,1,ore
ON-MAIN-687b8c8d,Underground mining and beneficiation at Island,"Underground, concentrator",Au–Ag free-milling,Air,CH4,Emission,Industrial Processes,tonnes,,MetalliCan,MetalliCan,439008.0,,Ore processed,1,ore
ON-MAIN-687b8c8d,Underground mining and beneficiation at Island,"Underground, concentrator",Au–Ag free-milling,Air,CH4,Emission,On-site Transportation,tonnes,2.528,MetalliCan,MetalliCan,439008.0,5.758437203877834e-06,Ore processed,1,ore
ON-MAIN-687b8c8d,Underground mining and beneficiation at Island,"Underground, concentrator",Au–Ag free-milling,Air,CH4,Emission,Waste,tonnes,0.046,MetalliCan,MetalliCan,439008.0,1.0478168962752387e-07,Ore processed,1,ore
ON-MAIN-3b3e5365,,,,Air,CH4,Emission,Stationary Fuel Combustion,tonnes,0.208,MetalliCan,MetalliCan,,,Ore processed,1,ore
ON-MAIN-3b3e5365,,,,Air,CH4,Emission,Industrial Processes,tonnes,,MetalliCan,MetalliCan,,,Ore processed,1,ore
ON-MAIN-3b3e5365,,,,Air,CH4,Emission,On-site Transportation,tonnes,3.905,MetalliCan,MetalliCan,,,Ore processed,1,ore
ON-MAIN-a3c56a83,Open-pit and underground mining and beneficiation at Lac des Iles,"Open-pit, underground, concentrator",Ni–Cu sulfide,Air,CH4,Emission,Stationary Fuel Combustion,tonnes,0.299,MetalliCan,MetalliCan,3798000.0,7.872564507635598e-08,Ore processed,1,ore
ON-MAIN-a3c56a83,Open-pit and underground mining and beneficiation at Lac des Iles,"Open-pit, underground, concentrator",Ni–Cu sulfide,Air,CH4,Emission,On-site Transportation,tonnes,2.885,MetalliCan,MetalliCan,3798000.0,7.596103212216956e-07,Ore processed,1,ore
ON-MAIN-387b06fe,,,,Air,CH4,Emission,Stationary Fuel Combustion,tonnes,0.2778,MetalliCan,MetalliCan,,,Ore processed,1,ore
ON-MAIN-387b06fe,,,,Air,CH4,Emission,Industrial Processes,tonnes,,MetalliCan,MetalliCan,,,Ore processed,1,ore
ON-MAIN-387b06fe,,,,Air,CH4,Emission,On-site Transportation,tonnes,0.0594,MetalliCan,MetalliCan,,,Ore processed,1,ore
ON-MAIN-7607a50e,Underground mining and beneficiation at Young-Davidson,"Underground, concentrator",Au–Ag free-milling,Air,CH4,Emission,Stationary Fuel Combustion,tonnes,0.227,MetalliCan,MetalliCan,2878047.0,7.887293015020256e-08,Ore processed,1,ore
ON-MAIN-7607a50e,Underground mining and beneficiation at Young-Davidson,"Underground, concentrator",Au–Ag free-milling,Air,CH4,Emission,On-site Transportation,tonnes,0.587,MetalliCan,MetalliCan,2878047.0,2.039577532958982e-07,Ore processed,1,ore
QC-MAIN-5ce331b8,Open-pit and underground mining and beneficiation at Nunavik Nickel,"Open-pit, underground, concentrator",Ni–Cu sulfide,Air,CH4,Emission,Stationary Fuel Combustion,tonnes,4.745063,MetalliCan,MetalliCan,6835294.11764705,6.942002667814122e-07,Ore processed,1,ore
QC-MAIN-5ce331b8,Open-pit and underground mining and beneficiation at Nunavik Nickel,"Open-pit, underground, concentrator",Ni–Cu sulfide,Air,CH4,Emission,Industrial Processes,tonnes,,MetalliCan,MetalliCan,6835294.11764705,,Ore processed,1,ore
QC-MAIN-5ce331b8,Open-pit and underground mining and beneficiation at Nunavik Nickel,"Open-pit, underground, concentrator",Ni–Cu sulfide,Air,CH4,Emission,On-site Transportation,tonnes,1.86,MetalliCan,MetalliCan,6835294.11764705,2.721170395869195e-07,Ore processed,1,ore
ON-MAIN-0aadf28f,Open-pit and underground mining and beneficiation at Rainy River,"Open-pit, underground, concentrator",Au–Ag free-milling,Air,CH4,Emission,Stationary Fuel Combustion,tonnes,0.221,MetalliCan,MetalliCan,8764000.0,2.5216795983569147e-08,Ore processed,1,ore
ON-MAIN-0aadf28f,Open-pit and underground mining and beneficiation at Rainy River,"Open-pit, underground, concentrator",Au–Ag free-milling,Air,CH4,Emission,Industrial Processes,tonnes,,MetalliCan,MetalliCan,8764000.0,,Ore processed,1,ore
ON-MAIN-0aadf28f,Open-pit and underground mining and beneficiation at Rainy River,"Open-pit, underground, concentrator",Au–Ag free-milling,Air,CH4,Emission,On-site Transportation,tonnes,8.918,MetalliCan,MetalliCan,8764000.0,1.0175718849840256e-06,Ore processed,1,ore
ON-MAIN-2e13aaa0,,,,Air,CH4,Emission,Stationary Fuel Combustion,tonnes,0.2055,MetalliCan,MetalliCan,,,Ore processed,1,ore
ON-MAIN-2e13aaa0,,,,Air,CH4,Emission,Industrial Processes,tonnes,,MetalliCan,MetalliCan,,,Ore processed,1,ore
ON-MAIN-2e13aaa0,,,,Air,CH4,Emission,On-site Transportation,tonnes,0.05844,MetalliCan,MetalliCan,,,Ore processed,1,ore
QC-MAIN-dc1a16f9,,,,Air,CH4,Emission,Stationary Fuel Combustion,tonnes,0.1123,MetalliCan,MetalliCan,,,Ore processed,1,ore
QC-MAIN-dc1a16f9,,,,Air,CH4,Emission,On-site Transportation,tonnes,2.071,MetalliCan,MetalliCan,,,Ore processed,1,ore
QC-MAIN-dc1a16f9,,,,Air,CH4,Emission,Waste,tonnes,0.09,MetalliCan,MetalliCan,,,Ore processed,1,ore
QC-MAIN-dc1a16f9,,,,Air,CH4,Emission,Wastewater,tonnes,0.04,MetalliCan,MetalliCan,,,Ore processed,1,ore
ON-MAIN-4c35e094,,,,Air,CH4,Emission,Stationary Fuel Combustion,tonnes,0.296442,MetalliCan,MetalliCan,,,Ore processed,1,ore
ON-MAIN-4c35e094,,,,Air,CH4,Emission,On-site Transportation,tonnes,0.103,MetalliCan,MetalliCan,,,Ore processed,1,ore
QC-MAIN-c0660aec,Underground mining and beneficiation at Goldex,"Underground, concentrator",Au–Ag polymetallic,Air,CH4,Emission,Stationary Fuel Combustion,tonnes,0.085,MetalliCan,MetalliCan,2886927.328724,2.944306881377903e-08,Ore processed,1,ore
QC-MAIN-c0660aec,Underground mining and beneficiation at Goldex,"Underground, concentrator",Au–Ag polymetallic,Air,CH4,Emission,On-site Transportation,tonnes,0.502,MetalliCan,MetalliCan,2886927.328724,1.7388730052373024e-07,Ore processed,1,ore
QC-MAIN-e51eda66,Underground mining and beneficiation at LaRonde,"Underground, concentrator",Au–Ag polymetallic,Air,CH4,Emission,Stationary Fuel Combustion,tonnes,0.294074,MetalliCan,MetalliCan,1501500.0,1.9585347985347986e-07,Ore processed,1,ore
QC-MAIN-e51eda66,Underground mining and beneficiation at LaRonde,"Underground, concentrator",Au–Ag polymetallic,Air,CH4,Emission,Industrial Processes,tonnes,0.001046,MetalliCan,MetalliCan,1501500.0,6.966366966366966e-10,Ore processed,1,ore
QC-MAIN-e51eda66,Underground mining and beneficiation at LaRonde,"Underground, concentrator",Au–Ag polymetallic,Air,CH4,Emission,On-site Transportation,tonnes,1.514101,MetalliCan,MetalliCan,1501500.0,1.0083922743922744e-06,Ore processed,1,ore
QC-MAIN-6dc537e6,Underground mining and beneficiation at Éléonore,"Underground, concentrator",Au–Ag free-milling,Air,CH4,Emission,Stationary Fuel Combustion,tonnes,0.184,MetalliCan,MetalliCan,1661000.0,1.1077664057796507e-07,Ore processed,1,ore
QC-MAIN-6dc537e6,Underground mining and beneficiation at Éléonore,"Underground, concentrator",Au–Ag free-milling,Air,CH4,Emission,Industrial Processes,tonnes,,MetalliCan,MetalliCan,1661000.0,,Ore processed,1,ore
QC-MAIN-6dc537e6,Underground mining and beneficiation at Éléonore,"Underground, concentrator",Au–Ag free-milling,Air,CH4,Emission,On-site Transportation,tonnes,1.354,MetalliCan,MetalliCan,1661000.0,8.15171583383504e-07,Ore processed,1,ore
BC-MAIN-599152a0,Open-pit mining and beneficiation at Copper Mountain,"Open-pit, concentrator",Cu Porphyry,Air,CH4,Emission,Stationary Fuel Combustion,tonnes,0.07623,MetalliCan,MetalliCan,6862152.0,1.1108760050782904e-08,Ore processed,1,ore
BC-MAIN-599152a0,Open-pit mining and beneficiation at Copper Mountain,"Open-pit, concentrator",Cu Porphyry,Air,CH4,Emission,On-site Transportation,tonnes,4.644,MetalliCan,MetalliCan,6862152.0,6.767556300122761e-07,Ore processed,1,ore
BC-MAIN-599152a0,Open-pit mining and beneficiation at Copper Mountain,"Open-pit, concentrator",Cu Porphyry,Air,CH4,Emission,Waste,tonnes,2.962,MetalliCan,MetalliCan,6862152.0,4.3164301810860504e-07,Ore processed,1,ore
ON-MAIN-7f050560,Underground mining and beneficiation at Red Lake,"Underground, concentrator",Au–Ag refractory,Air,CH4,Emission,Stationary Fuel Combustion,tonnes,0.3332,MetalliCan,MetalliCan,841000.0,3.961950059453032e-07,Ore processed,1,ore
ON-MAIN-7f050560,Underground mining and beneficiation at Red Lake,"Underground, concentrator",Au–Ag refractory,Air,CH4,Emission,Industrial Processes,tonnes,,MetalliCan,MetalliCan,841000.0,,Ore processed,1,ore
ON-MAIN-7f050560,Underground mining and beneficiation at Red Lake,"Underground, concentrator",Au–Ag refractory,Air,CH4,Emission,On-site Transportation,tonnes,1.0971,MetalliCan,MetalliCan,841000.0,1.3045184304399524e-06,Ore processed,1,ore
ON-MAIN-7f050560,Underground mining and beneficiation at Red Lake,"Underground, concentrator",Au–Ag refractory,Air,CH4,Emission,Waste,tonnes,0.577721,MetalliCan,MetalliCan,841000.0,6.869453032104638e-07,Ore processed,1,ore
ON-MAIN-cb85213a,Underground mining and beneficiation at Eagle River,"Underground, concentrator",Au–Ag free-milling,Air,CH4,Emission,Stationary Fuel Combustion,tonnes,0.081,MetalliCan,MetalliCan,222627.0,3.6383727041194463e-07,Ore processed,1,ore
ON-MAIN-cb85213a,Underground mining and beneficiation at Eagle River,"Underground, concentrator",Au–Ag free-milling,Air,CH4,Emission,On-site Transportation,tonnes,1.887,MetalliCan,MetalliCan,222627.0,8.47606085515234e-06,Ore processed,1,ore
ON-MAIN-cb85213a,Underground mining and beneficiation at Eagle River,"Underground, concentrator",Au–Ag free-milling,Air,CH4,Emission,Waste,tonnes,0.001,MetalliCan,MetalliCan,222627.0,4.491818153233885e-09,Ore processed,1,ore
YT-MAIN-e05ed9fe,,,,Air,CH4,Emission,Stationary Fuel Combustion,tonnes,0.263,MetalliCan,MetalliCan,,,Ore processed,1,ore
YT-MAIN-e05ed9fe,,,,Air,CH4,Emission,On-site Transportation,tonnes,3.9937,MetalliCan,MetalliCan,,,Ore processed,1,ore
BC-MAIN-8eb8be0d,Open-pit mining and beneficiation at Red Chris,"Open-pit, concentrator",Au–Ag polymetallic,Air,CH4,Emission,Stationary Fuel Combustion,tonnes,0.0763,MetalliCan,MetalliCan,1139000.0,6.698858647936787e-08,Ore processed,1,ore
BC-MAIN-8eb8be0d,Open-pit mining and beneficiation at Red Chris,"Open-pit, concentrator",Au–Ag polymetallic,Air,CH4,Emission,On-site Transportation,tonnes,6.9372,MetalliCan,MetalliCan,1139000.0,6.090605794556629e-06,Ore processed,1,ore
ON-MAIN-eab8c362,,,,Air,N2O,Emission,Flaring / Torchage,tonnes,0.00322,MetalliCan,MetalliCan,,,Ore processed,1,ore
ON-MAIN-eab8c362,,,,Air,N2O,Emission,Stationary Fuel Combustion,tonnes,13.8237,MetalliCan,MetalliCan,,,Ore processed,1,ore
ON-MAIN-eab8c362,,,,Air,N2O,Emission,Industrial Processes,tonnes,,MetalliCan,MetalliCan,,,Ore processed,1,ore
ON-MAIN-eab8c362,,,,Air,N2O,Emission,On-site Transportation,tonnes,1.87,MetalliCan,MetalliCan,,,Ore processed,1,ore
QC-MAIN-52c01ae4,,,,Air,N2O,Emission,Stationary Fuel Combustion,tonnes,0.557,MetalliCan,MetalliCan,,,Ore processed,1,ore
QC-MAIN-52c01ae4,,,,Air,N2O,Emission,Industrial Processes,tonnes,24.771,MetalliCan,MetalliCan,,,Ore processed,1,ore
QC-MAIN-52c01ae4,,,,Air,N2O,Emission,On-site Transportation,tonnes,0.221,MetalliCan,MetalliCan,,,Ore processed,1,ore
QC-MAIN-c8966bdc,,,,Air,N2O,Emission,Stationary Fuel Combustion,tonnes,1.062,MetalliCan,MetalliCan,,,Ore processed,1,ore
QC-MAIN-c8966bdc,,,,Air,N2O,Emission,Industrial Processes,tonnes,,MetalliCan,MetalliCan,,,Ore processed,1,ore
QC-MAIN-c8966bdc,,,,Air,N2O,Emission,On-site Transportation,tonnes,1.2353,MetalliCan,MetalliCan,,,Ore processed,1,ore
NL-MAIN-dd723db4,Open-pit mining and beneficiation at Carol Lake,"Open-pit, concentrator",Fe concentrator + pellet plant,Air,N2O,Emission,Stationary Fuel Combustion,tonnes,6.670616,MetalliCan,MetalliCan,16478000.0,4.0481951693166645e-07,Ore processed,1,ore
NL-MAIN-dd723db4,Open-pit mining and beneficiation at Carol Lake,"Open-pit, concentrator",Fe concentrator + pellet plant,Air,N2O,Emission,Industrial Processes,tonnes,,MetalliCan,MetalliCan,16478000.0,,Ore processed,1,ore
NL-MAIN-dd723db4,Open-pit mining and beneficiation at Carol Lake,"Open-pit, concentrator",Fe concentrator + pellet plant,Air,N2O,Emission,On-site Transportation,tonnes,11.707492,MetalliCan,MetalliCan,16478000.0,7.104922927539751e-07,Ore processed,1,ore
ON-MAIN-4c35e094,,,,Air,N2O,Emission,Stationary Fuel Combustion,tonnes,24.076683,MetalliCan,MetalliCan,,,Ore processed,1,ore
ON-MAIN-4c35e094,,,,Air,N2O,Emission,Industrial Processes,tonnes,,MetalliCan,MetalliCan,,,Ore processed,1,ore
ON-MAIN-4c35e094,,,,Air,N2O,Emission,On-site Transportation,tonnes,0.226177,MetalliCan,MetalliCan,,,Ore processed,1,ore
QC-MAIN-5398dfac,,,,Air,N2O,Emission,Stationary Fuel Combustion,tonnes,0.014,MetalliCan,MetalliCan,,,Ore processed,1,ore
QC-MAIN-5398dfac,,,,Air,N2O,Emission,Industrial Processes,tonnes,1.498,MetalliCan,MetalliCan,,,Ore processed,1,ore
QC-MAIN-5398dfac,,,,Air,N2O,Emission,On-site Transportation,tonnes,0.0447,MetalliCan,MetalliCan,,,Ore processed,1,ore
AB-MAIN-d3a4aba9,Refining at The Cobalt Refinery Company Inc.,Refinery,Co hydrometallurgical refinery,Air,N2O,Emission,Flaring / Torchage,tonnes,0.0353,MetalliCan,MetalliCan,0.0,inf,Ore processed,1,ore
AB-MAIN-d3a4aba9,Refining at The Cobalt Refinery Company Inc.,Refinery,Co hydrometallurgical refinery,Air,N2O,Emission,Stationary Fuel Combustion,tonnes,3.7305,MetalliCan,MetalliCan,0.0,inf,Ore processed,1,ore
AB-MAIN-d3a4aba9,Refining at The Cobalt Refinery Company Inc.,Refinery,Co hydrometallurgical refinery,Air,N2O,Emission,Industrial Processes,tonnes,,MetalliCan,MetalliCan,0.0,,Ore processed,1,ore
AB-MAIN-d3a4aba9,Refining at The Cobalt Refinery Company Inc.,Refinery,Co hydrometallurgical refinery,Air,N2O,Emission,On-site Transportation,tonnes,0.0665,MetalliCan,MetalliCan,0.0,inf,Ore processed,1,ore
AB-MAIN-d3a4aba9,Refining at The Cobalt Refinery Company Inc.,Refinery,Co hydrometallurgical refinery,Air,N2O,Emission,Venting / Évacuation,tonnes,,MetalliCan,MetalliCan,0.0,,Ore processed,1,ore
ON-MAIN-21b6ab35,,,,Air,N2O,Emission,Stationary Fuel Combustion,tonnes,0.967006,MetalliCan,MetalliCan,,,Ore processed,1,ore
ON-MAIN-21b6ab35,,,,Air,N2O,Emission,Industrial Processes,tonnes,,MetalliCan,MetalliCan,,,Ore processed,1,ore
ON-MAIN-21b6ab35,,,,Air,N2O,Emission,On-site Transportation,tonnes,0.208117,MetalliCan,MetalliCan,,,Ore processed,1,ore
SK-MAIN-26b9aaf3,,,,Air,N2O,Emission,Stationary Fuel Combustion,tonnes,2.13433,MetalliCan,MetalliCan,,,Ore processed,1,ore
SK-MAIN-26b9aaf3,,,,Air,N2O,Emission,Industrial Processes,tonnes,,MetalliCan,MetalliCan,,,Ore processed,1,ore
SK-MAIN-26b9aaf3,,,,Air,N2O,Emission,On-site Transportation,tonnes,0.062418,MetalliCan,MetalliCan,,,Ore processed,1,ore
ON-MAIN-f8313ebd,Underground mining and beneficiation at Kidd Creek,"Underground, concentrator",Cu polymetallic,Air,N2O,Emission,Stationary Fuel Combustion,tonnes,0.3591,MetalliCan,MetalliCan,1340000.0,2.6798507462686566e-07,Ore processed,1,ore
ON-MAIN-f8313ebd,Underground mining and beneficiation at Kidd Creek,"Underground, concentrator",Cu polymetallic,Air,N2O,Emission,On-site Transportation,tonnes,0.69281,MetalliCan,MetalliCan,1340000.0,5.170223880597015e-07,Ore processed,1,ore
QC-MAIN-a97821c0,Underground mining and beneficiation at Raglan,"Underground, concentrator",Ni–Cu sulfide,Air,N2O,Emission,Stationary Fuel Combustion,tonnes,1.039991,MetalliCan,MetalliCan,1500000.0,6.933273333333334e-07,Ore processed,1,ore
QC-MAIN-a97821c0,Underground mining and beneficiation at Raglan,"Underground, concentrator",Ni–Cu sulfide,Air,N2O,Emission,Industrial Processes,tonnes,,MetalliCan,MetalliCan,1500000.0,,Ore processed,1,ore
QC-MAIN-a97821c0,Underground mining and beneficiation at Raglan,"Underground, concentrator",Ni–Cu sulfide,Air,N2O,Emission,On-site Transportation,tonnes,0.127268,MetalliCan,MetalliCan,1500000.0,8.484533333333333e-08,Ore processed,1,ore
QC-MAIN-a97821c0,Underground mining and beneficiation at Raglan,"Underground, concentrator",Ni–Cu sulfide,Air,N2O,Emission,Waste,tonnes,0.660689,MetalliCan,MetalliCan,1500000.0,4.4045933333333333e-07,Ore processed,1,ore
QC-MAIN-a97821c0,Underground mining and beneficiation at Raglan,"Underground, concentrator",Ni–Cu sulfide,Air,N2O,Emission,Wastewater,tonnes,0.05525,MetalliCan,MetalliCan,1500000.0,3.683333333333333e-08,Ore processed,1,ore
ON-MAIN-020a683c,,,,Air,N2O,Emission,Flaring / Torchage,tonnes,0.00015,MetalliCan,MetalliCan,,,Ore processed,1,ore
ON-MAIN-020a683c,,,,Air,N2O,Emission,Leakage / Fuites,tonnes,,MetalliCan,MetalliCan,,,Ore processed,1,ore
ON-MAIN-020a683c,,,,Air,N2O,Emission,Stationary Fuel Combustion,tonnes,10.8502,MetalliCan,MetalliCan,,,Ore processed,1,ore
ON-MAIN-020a683c,,,,Air,N2O,Emission,On-site Transportation,tonnes,0.0327,MetalliCan,MetalliCan,,,Ore processed,1,ore
ON-MAIN-020a683c,,,,Air,N2O,Emission,Waste,tonnes,0.3519,MetalliCan,MetalliCan,,,Ore processed,1,ore
ON-MAIN-020a683c,,,,Air,N2O,Emission,Wastewater,tonnes,0.0233,MetalliCan,MetalliCan,,,Ore processed,1,ore
ON-MAIN-b2e5c9bb,,,,Air,N2O,Emission,Leakage / Fuites,tonnes,,MetalliCan,MetalliCan,,,Ore processed,1,ore
ON-MAIN-b2e5c9bb,,,,Air,N2O,Emission,Stationary Fuel Combustion,tonnes,13.65956,MetalliCan,MetalliCan,,,Ore processed,1,ore
ON-MAIN-b2e5c9bb,,,,Air,N2O,Emission,Industrial Processes,tonnes,,MetalliCan,MetalliCan,,,Ore processed,1,ore
ON-MAIN-b2e5c9bb,,,,Air,N2O,Emission,On-site Transportation,tonnes,1.077,MetalliCan,MetalliCan,,,Ore processed,1,ore
BC-MAIN-3bb6b7cd,Refining at Trail,Refinery,Zn refinery,Air,N2O,Emission,Leakage / Fuites,tonnes,,MetalliCan,MetalliCan,0.0,,Ore processed,1,ore
BC-MAIN-3bb6b7cd,Refining at Trail,Refinery,Zn refinery,Air,N2O,Emission,Stationary Fuel Combustion,tonnes,3.129742,MetalliCan,MetalliCan,0.0,inf,Ore processed,1,ore
BC-MAIN-3bb6b7cd,Refining at Trail,Refinery,Zn refinery,Air,N2O,Emission,Industrial Processes,tonnes,,MetalliCan,MetalliCan,0.0,,Ore processed,1,ore
BC-MAIN-3bb6b7cd,Refining at Trail,Refinery,Zn refinery,Air,N2O,Emission,On-site Transportation,tonnes,0.3042,MetalliCan,MetalliCan,0.0,inf,Ore processed,1,ore
QC-MAIN-eac5a52b,,,,Air,N2O,Emission,Stationary Fuel Combustion,tonnes,0.58,MetalliCan,MetalliCan,,,Ore processed,1,ore
QC-MAIN-eac5a52b,,,,Air,N2O,Emission,Industrial Processes,tonnes,6.108,MetalliCan,MetalliCan,,,Ore processed,1,ore
QC-MAIN-eac5a52b,,,,Air,N2O,Emission,On-site Transportation,tonnes,0.127,MetalliCan,MetalliCan,,,Ore processed,1,ore
NL-MAIN-b64bae7a,Open-pit mining and beneficiation at Scully,"Open-pit, concentrator",Fe concentrator,Air,N2O,Emission,Stationary Fuel Combustion,tonnes,1.567,MetalliCan,MetalliCan,3560000.0,4.4016853932584267e-07,Ore processed,1,ore
NL-MAIN-b64bae7a,Open-pit mining and beneficiation at Scully,"Open-pit, concentrator",Fe concentrator,Air,N2O,Emission,Industrial Processes,tonnes,,MetalliCan,MetalliCan,3560000.0,,Ore processed,1,ore
NL-MAIN-b64bae7a,Open-pit mining and beneficiation at Scully,"Open-pit, concentrator",Fe concentrator,Air,N2O,Emission,On-site Transportation,tonnes,4.6255,MetalliCan,MetalliCan,3560000.0,1.2992977528089888e-06,Ore processed,1,ore
BC-MAIN-bf503b6b,Open-pit mining and beneficiation at Highland Valley,"Open-pit, concentrator",Cu polymetallic,Air,N2O,Emission,Stationary Fuel Combustion,tonnes,0.2343,MetalliCan,MetalliCan,17408000.0,1.3459329044117647e-08,Ore processed,1,ore
BC-MAIN-bf503b6b,Open-pit mining and beneficiation at Highland Valley,"Open-pit, concentrator",Cu polymetallic,Air,N2O,Emission,On-site Transportation,tonnes,24.0086,MetalliCan,MetalliCan,17408000.0,1.3791704963235295e-06,Ore processed,1,ore
AB-MAIN-9fed34a8,,,,Air,N2O,Emission,Stationary Fuel Combustion,tonnes,0.974758,MetalliCan,MetalliCan,,,Ore processed,1,ore
AB-MAIN-9fed34a8,,,,Air,N2O,Emission,Industrial Processes,tonnes,,MetalliCan,MetalliCan,,,Ore processed,1,ore
AB-MAIN-9fed34a8,,,,Air,N2O,Emission,On-site Transportation,tonnes,0.163954,MetalliCan,MetalliCan,,,Ore processed,1,ore
ON-MAIN-fefeaee4,Underground mining and beneficiation at Musselwhite,"Underground, concentrator",Au–Ag free-milling,Air,N2O,Emission,Stationary Fuel Combustion,tonnes,1.0283,MetalliCan,MetalliCan,1028000.0,1.0002918287937742e-06,Ore processed,1,ore
ON-MAIN-fefeaee4,Underground mining and beneficiation at Musselwhite,"Underground, concentrator",Au–Ag free-milling,Air,N2O,Emission,Industrial Processes,tonnes,,MetalliCan,MetalliCan,1028000.0,,Ore processed,1,ore
ON-MAIN-fefeaee4,Underground mining and beneficiation at Musselwhite,"Underground, concentrator",Au–Ag free-milling,Air,N2O,Emission,On-site Transportation,tonnes,0.127809,MetalliCan,MetalliCan,1028000.0,1.2432782101167316e-07,Ore processed,1,ore
ON-MAIN-fefeaee4,Underground mining and beneficiation at Musselwhite,"Underground, concentrator",Au–Ag free-milling,Air,N2O,Emission,Waste,tonnes,0.003377,MetalliCan,MetalliCan,1028000.0,3.285019455252918e-09,Ore processed,1,ore
MB-MAIN-e0a6250e,Open-pit and underground mining and beneficiation at Thompson (T-1 and T-3),"Open-pit, underground, concentrator",Ni–Cu sulfide,Air,N2O,Emission,Stationary Fuel Combustion,tonnes,0.6634,MetalliCan,MetalliCan,464705.882352941,1.4275696202531652e-06,Ore processed,1,ore
MB-MAIN-e0a6250e,Open-pit and underground mining and beneficiation at Thompson (T-1 and T-3),"Open-pit, underground, concentrator",Ni–Cu sulfide,Air,N2O,Emission,On-site Transportation,tonnes,0.7728,MetalliCan,MetalliCan,464705.882352941,1.6629873417721526e-06,Ore processed,1,ore
MB-MAIN-e0a6250e,Open-pit and underground mining and beneficiation at Thompson (T-1 and T-3),"Open-pit, underground, concentrator",Ni–Cu sulfide,Air,N2O,Emission,Waste,tonnes,0.05116,MetalliCan,MetalliCan,464705.882352941,1.1009113924050637e-07,Ore processed,1,ore
NL-MAIN-2d8801d6,Open-pit and underground mining and beneficiation at Voisey’s Bay,"Open-pit, underground, concentrator",Ni–Cu sulfide,Air,N2O,Emission,Stationary Fuel Combustion,tonnes,19.000608,MetalliCan,MetalliCan,794117.647058823,2.392669155555557e-05,Ore processed,1,ore
NL-MAIN-2d8801d6,Open-pit and underground mining and beneficiation at Voisey’s Bay,"Open-pit, underground, concentrator",Ni–Cu sulfide,Air,N2O,Emission,On-site Transportation,tonnes,6.000062,MetalliCan,MetalliCan,794117.647058823,7.555633629629634e-06,Ore processed,1,ore
BC-MAIN-3f490561,Open-pit mining and beneficiation at Mount Polley,"Open-pit, concentrator",Cu Porphyry,Air,N2O,Emission,Stationary Fuel Combustion,tonnes,0.0656,MetalliCan,MetalliCan,5948239.0,1.1028474141674537e-08,Ore processed,1,ore
BC-MAIN-3f490561,Open-pit mining and beneficiation at Mount Polley,"Open-pit, concentrator",Cu Porphyry,Air,N2O,Emission,On-site Transportation,tonnes,6.8682,MetalliCan,MetalliCan,5948239.0,1.1546610685952598e-06,Ore processed,1,ore
ON-MAIN-fc6f1a44,,,,Air,N2O,Emission,Stationary Fuel Combustion,tonnes,1.037651,MetalliCan,MetalliCan,,,Ore processed,1,ore
ON-MAIN-fc6f1a44,,,,Air,N2O,Emission,Industrial Processes,tonnes,,MetalliCan,MetalliCan,,,Ore processed,1,ore
ON-MAIN-fc6f1a44,,,,Air,N2O,Emission,On-site Transportation,tonnes,0.020726,MetalliCan,MetalliCan,,,Ore processed,1,ore
ON-MAIN-1f126a43,Underground mining and beneficiation at Macassa,"Underground, concentrator",Au–Ag free-milling,Air,N2O,Emission,Stationary Fuel Combustion,tonnes,0.3178,MetalliCan,MetalliCan,441588.0,7.196753534969248e-07,Ore processed,1,ore
ON-MAIN-1f126a43,Underground mining and beneficiation at Macassa,"Underground, concentrator",Au–Ag free-milling,Air,N2O,Emission,On-site Transportation,tonnes,0.055,MetalliCan,MetalliCan,441588.0,1.2455048597335073e-07,Ore processed,1,ore
ON-MAIN-1f126a43,Underground mining and beneficiation at Macassa,"Underground, concentrator",Au–Ag free-milling,Air,N2O,Emission,Waste,tonnes,0.0239,MetalliCan,MetalliCan,441588.0,5.412284754114695e-08,Ore processed,1,ore
QC-MAIN-c1cc9f7c,,,,Air,N2O,Emission,Leakage / Fuites,tonnes,,MetalliCan,MetalliCan,,,Ore processed,1,ore
QC-MAIN-c1cc9f7c,,,,Air,N2O,Emission,Stationary Fuel Combustion,tonnes,3.417041,MetalliCan,MetalliCan,,,Ore processed,1,ore
QC-MAIN-c1cc9f7c,,,,Air,N2O,Emission,Industrial Processes,tonnes,,MetalliCan,MetalliCan,,,Ore processed,1,ore
QC-MAIN-c1cc9f7c,,,,Air,N2O,Emission,On-site Transportation,tonnes,0.005477,MetalliCan,MetalliCan,,,Ore processed,1,ore
QC-MAIN-c1cc9f7c,,,,Air,N2O,Emission,Wastewater,tonnes,,MetalliCan,MetalliCan,,,Ore processed,1,ore
QC-MAIN-e7e6a960,Open-pit mining and beneficiation at Canadian Malartic,"Open-pit, concentrator",Au–Ag free-milling,Air,N2O,Emission,Stationary Fuel Combustion,tonnes,0.25153,MetalliCan,MetalliCan,17332900.0,1.4511708946569816e-08,Ore processed,1,ore
QC-MAIN-e7e6a960,Open-pit mining and beneficiation at Canadian Malartic,"Open-pit, concentrator",Au–Ag free-milling,Air,N2O,Emission,Industrial Processes,tonnes,,MetalliCan,MetalliCan,17332900.0,,Ore processed,1,ore
QC-MAIN-e7e6a960,Open-pit mining and beneficiation at Canadian Malartic,"Open-pit, concentrator",Au–Ag free-milling,Air,N2O,Emission,On-site Transportation,tonnes,1.700019,MetalliCan,MetalliCan,17332900.0,9.80804712425503e-08,Ore processed,1,ore
MB-MAIN-b4ca1426,,,,Air,N2O,Emission,Stationary Fuel Combustion,tonnes,0.6157,MetalliCan,MetalliCan,,,Ore processed,1,ore
MB-MAIN-b4ca1426,,,,Air,N2O,Emission,Industrial Processes,tonnes,,MetalliCan,MetalliCan,,,Ore processed,1,ore
MB-MAIN-b4ca1426,,,,Air,N2O,Emission,On-site Transportation,tonnes,0.273975,MetalliCan,MetalliCan,,,Ore processed,1,ore
BC-MAIN-6b4800fe,Open-pit mining and beneficiation at Gibraltar,"Open-pit, concentrator",Cu polymetallic,Air,N2O,Emission,Stationary Fuel Combustion,tonnes,0.866753,MetalliCan,MetalliCan,30000000.0,2.8891766666666668e-08,Ore processed,1,ore
BC-MAIN-6b4800fe,Open-pit mining and beneficiation at Gibraltar,"Open-pit, concentrator",Cu polymetallic,Air,N2O,Emission,On-site Transportation,tonnes,17.259097,MetalliCan,MetalliCan,30000000.0,5.753032333333334e-07,Ore processed,1,ore
QC-MAIN-089f3c60,Open-pit mining at Bloom Lake,Open-pit,Magnetite concentrator,Air,N2O,Emission,Stationary Fuel Combustion,tonnes,0.125,MetalliCan,MetalliCan,11187000.0,1.1173683740055422e-08,Ore processed,1,ore
QC-MAIN-089f3c60,Open-pit mining at Bloom Lake,Open-pit,Magnetite concentrator,Air,N2O,Emission,Industrial Processes,tonnes,,MetalliCan,MetalliCan,11187000.0,,Ore processed,1,ore
QC-MAIN-089f3c60,Open-pit mining at Bloom Lake,Open-pit,Magnetite concentrator,Air,N2O,Emission,On-site Transportation,tonnes,1.1894,MetalliCan,MetalliCan,11187000.0,1.0631983552337534e-07,Ore processed,1,ore
ON-MAIN-bddeaef0,,,,Air,N2O,Emission,Stationary Fuel Combustion,tonnes,0.284101,MetalliCan,MetalliCan,,,Ore processed,1,ore
ON-MAIN-bddeaef0,,,,Air,N2O,Emission,On-site Transportation,tonnes,0.0012,MetalliCan,MetalliCan,,,Ore processed,1,ore
ON-MAIN-aeafbb59,Open-pit mining and beneficiation at Detour Lake,"Open-pit, concentrator",Au–Ag free-milling,Air,N2O,Emission,Stationary Fuel Combustion,tonnes,0.778485,MetalliCan,MetalliCan,25434853.5024164,3.060701725394413e-08,Ore processed,1,ore
ON-MAIN-aeafbb59,Open-pit mining and beneficiation at Detour Lake,"Open-pit, concentrator",Au–Ag free-milling,Air,N2O,Emission,On-site Transportation,tonnes,2.169,MetalliCan,MetalliCan,25434853.5024164,8.527668538739323e-08,Ore processed,1,ore
ON-MAIN-aeafbb59,Open-pit mining and beneficiation at Detour Lake,"Open-pit, concentrator",Au–Ag free-milling,Air,N2O,Emission,Waste,tonnes,0.07349,MetalliCan,MetalliCan,25434853.5024164,2.889342373960133e-09,Ore processed,1,ore
ON-MAIN-aeafbb59,Open-pit mining and beneficiation at Detour Lake,"Open-pit, concentrator",Au–Ag free-milling,Air,N2O,Emission,Wastewater,tonnes,0.0003,MetalliCan,MetalliCan,25434853.5024164,1.179483891941815e-11,Ore processed,1,ore
BC-MAIN-23155c25,,,,Air,N2O,Emission,Stationary Fuel Combustion,tonnes,4.7607,MetalliCan,MetalliCan,,,Ore processed,1,ore
NL-MAIN-d9036091,Refining at Long Harbour,Refinery,Ni hydrometallurgical refinery,Air,N2O,Emission,Stationary Fuel Combustion,tonnes,3.01,MetalliCan,MetalliCan,0.0,inf,Ore processed,1,ore
NL-MAIN-d9036091,Refining at Long Harbour,Refinery,Ni hydrometallurgical refinery,Air,N2O,Emission,Industrial Processes,tonnes,,MetalliCan,MetalliCan,0.0,,Ore processed,1,ore
NL-MAIN-d9036091,Refining at Long Harbour,Refinery,Ni hydrometallurgical refinery,Air,N2O,Emission,On-site Transportation,tonnes,0.4,MetalliCan,MetalliCan,0.0,inf,Ore processed,1,ore
NU-MAIN-5154702a,Open-pit mining at Mary River,Open-pit,Direct Shipping Ore,Air,N2O,Emission,Stationary Fuel Combustion,tonnes,0.17689,MetalliCan,MetalliCan,5600000.0,3.15875e-08,Ore processed,1,ore
NU-MAIN-5154702a,Open-pit mining at Mary River,Open-pit,Direct Shipping Ore,Air,N2O,Emission,On-site Transportation,tonnes,5.26807,MetalliCan,MetalliCan,5600000.0,9.407267857142856e-07,Ore processed,1,ore
NU-MAIN-5154702a,Open-pit mining at Mary River,Open-pit,Direct Shipping Ore,Air,N2O,Emission,Waste,tonnes,0.00795,MetalliCan,MetalliCan,5600000.0,1.4196428571428572e-09,Ore processed,1,ore
NU-MAIN-5154702a,Open-pit mining at Mary River,Open-pit,Direct Shipping Ore,Air,N2O,Emission,Wastewater,tonnes,0.000109,MetalliCan,MetalliCan,5600000.0,1.9464285714285715e-11,Ore processed,1,ore
ON-MAIN-6e9be24e,Open-pit and underground mining and beneficiation at Hemlo (Williams),"Open-pit, underground, concentrator",Au–Ag free-milling,Air,N2O,Emission,Stationary Fuel Combustion,tonnes,0.635,MetalliCan,MetalliCan,1266009.0,5.015762131232874e-07,Ore processed,1,ore
ON-MAIN-6e9be24e,Open-pit and underground mining and beneficiation at Hemlo (Williams),"Open-pit, underground, concentrator",Au–Ag free-milling,Air,N2O,Emission,On-site Transportation,tonnes,0.0822,MetalliCan,MetalliCan,1266009.0,6.49284483759594e-08,Ore processed,1,ore
NU-MAIN-8b0264c9,Open-pit and underground mining and beneficiation at Meliadine,"Open-pit, underground, concentrator",Au–Ag free-milling,Air,N2O,Emission,Stationary Fuel Combustion,tonnes,0.76321,MetalliCan,MetalliCan,1918143.0,3.978900426089192e-07,Ore processed,1,ore
NU-MAIN-8b0264c9,Open-pit and underground mining and beneficiation at Meliadine,"Open-pit, underground, concentrator",Au–Ag free-milling,Air,N2O,Emission,Industrial Processes,tonnes,,MetalliCan,MetalliCan,1918143.0,,Ore processed,1,ore
NU-MAIN-8b0264c9,Open-pit and underground mining and beneficiation at Meliadine,"Open-pit, underground, concentrator",Au–Ag free-milling,Air,N2O,Emission,On-site Transportation,tonnes,2.999509,MetalliCan,MetalliCan,1918143.0,1.5637567167828468e-06,Ore processed,1,ore
NU-MAIN-8b0264c9,Open-pit and underground mining and beneficiation at Meliadine,"Open-pit, underground, concentrator",Au–Ag free-milling,Air,N2O,Emission,Waste,tonnes,5.65719,MetalliCan,MetalliCan,1918143.0,2.9493056565647085e-06,Ore processed,1,ore
BC-MAIN-857b7b89,Underground mining and beneficiation at Brucejack,"Underground, concentrator",Au–Ag free-milling,Air,N2O,Emission,Stationary Fuel Combustion,tonnes,0.245,MetalliCan,MetalliCan,166000.0,1.4759036144578314e-06,Ore processed,1,ore
BC-MAIN-857b7b89,Underground mining and beneficiation at Brucejack,"Underground, concentrator",Au–Ag free-milling,Air,N2O,Emission,On-site Transportation,tonnes,0.15,MetalliCan,MetalliCan,166000.0,9.036144578313253e-07,Ore processed,1,ore
BC-MAIN-857b7b89,Underground mining and beneficiation at Brucejack,"Underground, concentrator",Au–Ag free-milling,Air,N2O,Emission,Wastewater,tonnes,0.01063,MetalliCan,MetalliCan,166000.0,6.403614457831325e-08,Ore processed,1,ore
QC-MAIN-b86f7d07,Open-pit and underground mining and beneficiation at Casa Berardi,"Open-pit, underground, concentrator",Au–Ag free-milling,Air,N2O,Emission,Stationary Fuel Combustion,tonnes,0.234,MetalliCan,MetalliCan,1361450.0,1.718755738367182e-07,Ore processed,1,ore
QC-MAIN-b86f7d07,Open-pit and underground mining and beneficiation at Casa Berardi,"Open-pit, underground, concentrator",Au–Ag free-milling,Air,N2O,Emission,On-site Transportation,tonnes,2.452,MetalliCan,MetalliCan,1361450.0,1.8010209702890301e-06,Ore processed,1,ore
QC-MAIN-a555d9b9,Underground mining and beneficiation at Niobec,"Underground, concentrator",Nb mine,Air,N2O,Emission,Stationary Fuel Combustion,tonnes,0.46,MetalliCan,MetalliCan,2200000.0,2.090909090909091e-07,Ore processed,1,ore
QC-MAIN-a555d9b9,Underground mining and beneficiation at Niobec,"Underground, concentrator",Nb mine,Air,N2O,Emission,On-site Transportation,tonnes,2.203,MetalliCan,MetalliCan,2200000.0,1.0013636363636362e-06,Ore processed,1,ore
QC-MAIN-02884fb5,Underground mining and beneficiation at Westwood-Doyon,"Underground, concentrator",Au–Ag free-milling,Air,N2O,Emission,Stationary Fuel Combustion,tonnes,0.055,MetalliCan,MetalliCan,1034000.0,5.319148936170213e-08,Ore processed,1,ore
QC-MAIN-02884fb5,Underground mining and beneficiation at Westwood-Doyon,"Underground, concentrator",Au–Ag free-milling,Air,N2O,Emission,On-site Transportation,tonnes,4.942,MetalliCan,MetalliCan,1034000.0,4.7794970986460346e-06,Ore processed,1,ore
ON-MAIN-687b8c8d,Underground mining and beneficiation at Island,"Underground, concentrator",Au–Ag free-milling,Air,N2O,Emission,Stationary Fuel Combustion,tonnes,0.306,MetalliCan,MetalliCan,439008.0,6.970260223048327e-07,Ore processed,1,ore
ON-MAIN-687b8c8d,Underground mining and beneficiation at Island,"Underground, concentrator",Au–Ag free-milling,Air,N2O,Emission,Industrial Processes,tonnes,,MetalliCan,MetalliCan,439008.0,,Ore processed,1,ore
ON-MAIN-687b8c8d,Underground mining and beneficiation at Island,"Underground, concentrator",Au–Ag free-milling,Air,N2O,Emission,On-site Transportation,tonnes,0.141,MetalliCan,MetalliCan,439008.0,3.2117865733654056e-07,Ore processed,1,ore
ON-MAIN-687b8c8d,Underground mining and beneficiation at Island,"Underground, concentrator",Au–Ag free-milling,Air,N2O,Emission,Waste,tonnes,0.032,MetalliCan,MetalliCan,439008.0,7.289161017566879e-08,Ore processed,1,ore
ON-MAIN-3b3e5365,,,,Air,N2O,Emission,Stationary Fuel Combustion,tonnes,0.192,MetalliCan,MetalliCan,,,Ore processed,1,ore
ON-MAIN-3b3e5365,,,,Air,N2O,Emission,Industrial Processes,tonnes,,MetalliCan,MetalliCan,,,Ore processed,1,ore
ON-MAIN-3b3e5365,,,,Air,N2O,Emission,On-site Transportation,tonnes,0.3459,MetalliCan,MetalliCan,,,Ore processed,1,ore
ON-MAIN-a3c56a83,Open-pit and underground mining and beneficiation at Lac des Iles,"Open-pit, underground, concentrator",Ni–Cu sulfide,Air,N2O,Emission,Stationary Fuel Combustion,tonnes,1.316,MetalliCan,MetalliCan,3798000.0,3.464981569246972e-07,Ore processed,1,ore
ON-MAIN-a3c56a83,Open-pit and underground mining and beneficiation at Lac des Iles,"Open-pit, underground, concentrator",Ni–Cu sulfide,Air,N2O,Emission,On-site Transportation,tonnes,3.053,MetalliCan,MetalliCan,3798000.0,8.038441284886782e-07,Ore processed,1,ore
ON-MAIN-387b06fe,,,,Air,N2O,Emission,Stationary Fuel Combustion,tonnes,0.2466,MetalliCan,MetalliCan,,,Ore processed,1,ore
ON-MAIN-387b06fe,,,,Air,N2O,Emission,Industrial Processes,tonnes,,MetalliCan,MetalliCan,,,Ore processed,1,ore
ON-MAIN-387b06fe,,,,Air,N2O,Emission,On-site Transportation,tonnes,0.0421,MetalliCan,MetalliCan,,,Ore processed,1,ore
ON-MAIN-7607a50e,Underground mining and beneficiation at Young-Davidson,"Underground, concentrator",Au–Ag free-milling,Air,N2O,Emission,Stationary Fuel Combustion,tonnes,0.198,MetalliCan,MetalliCan,2878047.0,6.879665273013262e-08,Ore processed,1,ore
ON-MAIN-7607a50e,Underground mining and beneficiation at Young-Davidson,"Underground, concentrator",Au–Ag free-milling,Air,N2O,Emission,On-site Transportation,tonnes,0.08,MetalliCan,MetalliCan,2878047.0,2.7796627365710152e-08,Ore processed,1,ore
QC-MAIN-5ce331b8,Open-pit and underground mining and beneficiation at Nunavik Nickel,"Open-pit, underground, concentrator",Ni–Cu sulfide,Air,N2O,Emission,Stationary Fuel Combustion,tonnes,14.235333,MetalliCan,MetalliCan,6835294.11764705,2.082621867469882e-06,Ore processed,1,ore
QC-MAIN-5ce331b8,Open-pit and underground mining and beneficiation at Nunavik Nickel,"Open-pit, underground, concentrator",Ni–Cu sulfide,Air,N2O,Emission,Industrial Processes,tonnes,,MetalliCan,MetalliCan,6835294.11764705,,Ore processed,1,ore
QC-MAIN-5ce331b8,Open-pit and underground mining and beneficiation at Nunavik Nickel,"Open-pit, underground, concentrator",Ni–Cu sulfide,Air,N2O,Emission,On-site Transportation,tonnes,13.560123,MetalliCan,MetalliCan,6835294.11764705,1.9838389931153213e-06,Ore processed,1,ore
ON-MAIN-0aadf28f,Open-pit and underground mining and beneficiation at Rainy River,"Open-pit, underground, concentrator",Au–Ag free-milling,Air,N2O,Emission,Stationary Fuel Combustion,tonnes,0.49,MetalliCan,MetalliCan,8764000.0,5.5910543130990416e-08,Ore processed,1,ore
ON-MAIN-0aadf28f,Open-pit and underground mining and beneficiation at Rainy River,"Open-pit, underground, concentrator",Au–Ag free-milling,Air,N2O,Emission,Industrial Processes,tonnes,,MetalliCan,MetalliCan,8764000.0,,Ore processed,1,ore
ON-MAIN-0aadf28f,Open-pit and underground mining and beneficiation at Rainy River,"Open-pit, underground, concentrator",Au–Ag free-milling,Air,N2O,Emission,On-site Transportation,tonnes,9.814,MetalliCan,MetalliCan,8764000.0,1.1198083067092653e-06,Ore processed,1,ore
ON-MAIN-2e13aaa0,,,,Air,N2O,Emission,Stationary Fuel Combustion,tonnes,0.1887,MetalliCan,MetalliCan,,,Ore processed,1,ore
ON-MAIN-2e13aaa0,,,,Air,N2O,Emission,Industrial Processes,tonnes,,MetalliCan,MetalliCan,,,Ore processed,1,ore
ON-MAIN-2e13aaa0,,,,Air,N2O,Emission,On-site Transportation,tonnes,0.00205,MetalliCan,MetalliCan,,,Ore processed,1,ore
QC-MAIN-dc1a16f9,,,,Air,N2O,Emission,Stationary Fuel Combustion,tonnes,0.05886,MetalliCan,MetalliCan,,,Ore processed,1,ore
QC-MAIN-dc1a16f9,,,,Air,N2O,Emission,On-site Transportation,tonnes,1.899,MetalliCan,MetalliCan,,,Ore processed,1,ore
QC-MAIN-dc1a16f9,,,,Air,N2O,Emission,Waste,tonnes,0.004,MetalliCan,MetalliCan,,,Ore processed,1,ore
QC-MAIN-dc1a16f9,,,,Air,N2O,Emission,Wastewater,tonnes,0.0004,MetalliCan,MetalliCan,,,Ore processed,1,ore
ON-MAIN-4c35e094,,,,Air,N2O,Emission,Stationary Fuel Combustion,tonnes,0.263168,MetalliCan,MetalliCan,,,Ore processed,1,ore
ON-MAIN-4c35e094,,,,Air,N2O,Emission,On-site Transportation,tonnes,0.01955,MetalliCan,MetalliCan,,,Ore processed,1,ore
QC-MAIN-c0660aec,Underground mining and beneficiation at Goldex,"Underground, concentrator",Au–Ag polymetallic,Air,N2O,Emission,Stationary Fuel Combustion,tonnes,0.076,MetalliCan,MetalliCan,2886927.328724,2.6325567409967127e-08,Ore processed,1,ore
QC-MAIN-c0660aec,Underground mining and beneficiation at Goldex,"Underground, concentrator",Au–Ag polymetallic,Air,N2O,Emission,On-site Transportation,tonnes,3.682,MetalliCan,MetalliCan,2886927.328724,1.2754044632039339e-06,Ore processed,1,ore
QC-MAIN-e51eda66,Underground mining and beneficiation at LaRonde,"Underground, concentrator",Au–Ag polymetallic,Air,N2O,Emission,Stationary Fuel Combustion,tonnes,0.267275,MetalliCan,MetalliCan,1501500.0,1.78005328005328e-07,Ore processed,1,ore
QC-MAIN-e51eda66,Underground mining and beneficiation at LaRonde,"Underground, concentrator",Au–Ag polymetallic,Air,N2O,Emission,Industrial Processes,tonnes,0.003143,MetalliCan,MetalliCan,1501500.0,2.0932400932400932e-09,Ore processed,1,ore
QC-MAIN-e51eda66,Underground mining and beneficiation at LaRonde,"Underground, concentrator",Au–Ag polymetallic,Air,N2O,Emission,On-site Transportation,tonnes,11.1,MetalliCan,MetalliCan,1501500.0,7.392607392607392e-06,Ore processed,1,ore
QC-MAIN-6dc537e6,Underground mining and beneficiation at Éléonore,"Underground, concentrator",Au–Ag free-milling,Air,N2O,Emission,Stationary Fuel Combustion,tonnes,0.755,MetalliCan,MetalliCan,1661000.0,4.5454545454545457e-07,Ore processed,1,ore
QC-MAIN-6dc537e6,Underground mining and beneficiation at Éléonore,"Underground, concentrator",Au–Ag free-milling,Air,N2O,Emission,Industrial Processes,tonnes,,MetalliCan,MetalliCan,1661000.0,,Ore processed,1,ore
QC-MAIN-6dc537e6,Underground mining and beneficiation at Éléonore,"Underground, concentrator",Au–Ag free-milling,Air,N2O,Emission,On-site Transportation,tonnes,9.927,MetalliCan,MetalliCan,1661000.0,5.976520168573149e-06,Ore processed,1,ore
BC-MAIN-599152a0,Open-pit mining and beneficiation at Copper Mountain,"Open-pit, concentrator",Cu Porphyry,Air,N2O,Emission,Stationary Fuel Combustion,tonnes,0.13005,MetalliCan,MetalliCan,6862152.0,1.8951780724180985e-08,Ore processed,1,ore
BC-MAIN-599152a0,Open-pit mining and beneficiation at Copper Mountain,"Open-pit, concentrator",Cu Porphyry,Air,N2O,Emission,On-site Transportation,tonnes,0.543,MetalliCan,MetalliCan,6862152.0,7.912969575724933e-08,Ore processed,1,ore
BC-MAIN-599152a0,Open-pit mining and beneficiation at Copper Mountain,"Open-pit, concentrator",Cu Porphyry,Air,N2O,Emission,Waste,tonnes,,MetalliCan,MetalliCan,6862152.0,,Ore processed,1,ore
ON-MAIN-7f050560,Underground mining and beneficiation at Red Lake,"Underground, concentrator",Au–Ag refractory,Air,N2O,Emission,Stationary Fuel Combustion,tonnes,0.322358,MetalliCan,MetalliCan,841000.0,3.8330321046373365e-07,Ore processed,1,ore
ON-MAIN-7f050560,Underground mining and beneficiation at Red Lake,"Underground, concentrator",Au–Ag refractory,Air,N2O,Emission,Industrial Processes,tonnes,,MetalliCan,MetalliCan,841000.0,,Ore processed,1,ore
ON-MAIN-7f050560,Underground mining and beneficiation at Red Lake,"Underground, concentrator",Au–Ag refractory,Air,N2O,Emission,On-site Transportation,tonnes,0.075287,MetalliCan,MetalliCan,841000.0,8.952080856123664e-08,Ore processed,1,ore
ON-MAIN-7f050560,Underground mining and beneficiation at Red Lake,"Underground, concentrator",Au–Ag refractory,Air,N2O,Emission,Waste,tonnes,0.404047,MetalliCan,MetalliCan,841000.0,4.80436385255648e-07,Ore processed,1,ore
ON-MAIN-cb85213a,Underground mining and beneficiation at Eagle River,"Underground, concentrator",Au–Ag free-milling,Air,N2O,Emission,Stationary Fuel Combustion,tonnes,0.278,MetalliCan,MetalliCan,222627.0,1.24872544659902e-06,Ore processed,1,ore
ON-MAIN-cb85213a,Underground mining and beneficiation at Eagle River,"Underground, concentrator",Au–Ag free-milling,Air,N2O,Emission,On-site Transportation,tonnes,0.073,MetalliCan,MetalliCan,222627.0,3.2790272518607355e-07,Ore processed,1,ore
ON-MAIN-cb85213a,Underground mining and beneficiation at Eagle River,"Underground, concentrator",Au–Ag free-milling,Air,N2O,Emission,Waste,tonnes,0.001,MetalliCan,MetalliCan,222627.0,4.491818153233885e-09,Ore processed,1,ore
YT-MAIN-e05ed9fe,,,,Air,N2O,Emission,Stationary Fuel Combustion,tonnes,0.2924,MetalliCan,MetalliCan,,,Ore processed,1,ore
YT-MAIN-e05ed9fe,,,,Air,N2O,Emission,On-site Transportation,tonnes,3.5311,MetalliCan,MetalliCan,,,Ore processed,1,ore
BC-MAIN-8eb8be0d,Open-pit mining and beneficiation at Red Chris,"Open-pit, concentrator",Au–Ag polymetallic,Air,N2O,Emission,Stationary Fuel Combustion,tonnes,0.3429,MetalliCan,MetalliCan,1139000.0,3.010535557506585e-07,Ore processed,1,ore
BC-MAIN-8eb8be0d,Open-pit mining and beneficiation at Red Chris,"Open-pit, concentrator",Au–Ag polymetallic,Air,N2O,Emission,On-site Transportation,tonnes,12.8084,MetalliCan,MetalliCan,1139000.0,1.1245302897278314e-05,Ore processed,1,ore
BC-MAIN-857b7b89,Underground mining and beneficiation at Brucejack,"Underground, concentrator",Au–Ag free-milling,Air,GHG,Emission,,tonnes,30881.4624643865,MetalliCan,MetalliCan,166000.0,0.18603290641196688,Ore processed,1,ore
BC-MAIN-857b7b89,Underground mining and beneficiation at Brucejack,"Underground, concentrator",Au–Ag free-milling,Air,GHG,Emission,,tonnes,1153.8249914,MetalliCan,MetalliCan,166000.0,0.006950752960240964,Ore processed,1,ore
BC-MAIN-857b7b89,Underground mining and beneficiation at Brucejack,"Underground, concentrator",Au–Ag free-milling,Air,GHG,Emission,,tonnes,77581.0333833111,MetalliCan,MetalliCan,166000.0,0.46735562279103077,Ore processed,1,ore
QC-MAIN-e7e6a960,Open-pit mining and beneficiation at Canadian Malartic,"Open-pit, concentrator",Au–Ag free-milling,Air,NOx,Emission,,tonnes,4802.0,MetalliCan,MetalliCan,17332900.0,0.00027704538767315336,Ore processed,1,ore
QC-MAIN-e7e6a960,Open-pit mining and beneficiation at Canadian Malartic,"Open-pit, concentrator",Au–Ag free-milling,Air,SOx,Emission,,tonnes,315.0,MetalliCan,MetalliCan,17332900.0,1.8173531261358456e-05,Ore processed,1,ore
QC-MAIN-e7e6a960,Open-pit mining and beneficiation at Canadian Malartic,"Open-pit, concentrator",Au–Ag free-milling,Water,Water,Consumption,,m3,12929907.0,MetalliCan,MetalliCan,17332900.0,0.7459748224474843,Ore processed,1,ore
QC-MAIN-e7e6a960,Open-pit mining and beneficiation at Canadian Malartic,"Open-pit, concentrator",Au–Ag free-milling,Land,,Occupation and transformation,,ha,2445.0,MetalliCan,MetalliCan,17332900.0,0.00014106121883816327,Ore processed,1,ore
QC-MAIN-e7e6a960,Open-pit mining and beneficiation at Canadian Malartic,"Open-pit, concentrator",Au–Ag free-milling,Land,,Occupation and transformation,,ha,2074.0,MetalliCan,MetalliCan,17332900.0,0.00011965683757478552,Ore processed,1,ore
QC-MAIN-e7e6a960,Open-pit mining and beneficiation at Canadian Malartic,"Open-pit, concentrator",Au–Ag free-milling,Land,,Occupation and transformation,,ha,371.0,MetalliCan,MetalliCan,17332900.0,2.140438126337774e-05,Ore processed,1,ore
NL-MAIN-dd723db4,Open-pit mining and beneficiation at Carol Lake,"Open-pit, concentrator",Fe concentrator + pellet plant,Air,GHG,Emission,,tonnes,896.0,MetalliCan,MetalliCan,16478000.0,5.437553101104503e-05,Ore processed,1,ore
QC-MAIN-b86f7d07,Open-pit and underground mining and beneficiation at Casa Berardi,"Open-pit, underground, concentrator",Au–Ag free-milling,Air,GHG,Emission,,tonnes,33340.0,MetalliCan,MetalliCan,1361450.0,0.024488596716735832,Ore processed,1,ore
QC-MAIN-b86f7d07,Open-pit and underground mining and beneficiation at Casa Berardi,"Open-pit, underground, concentrator",Au–Ag free-milling,Air,GHG,Emission,,tonnes,179.0,MetalliCan,MetalliCan,1361450.0,0.0001314774688750964,Ore processed,1,ore
BC-MAIN-599152a0,Open-pit mining and beneficiation at Copper Mountain,"Open-pit, concentrator",Cu Porphyry,Air,GHG,Emission,,tonnes,67.0,MetalliCan,MetalliCan,6862152.0,9.763700949789512e-06,Ore processed,1,ore
BC-MAIN-599152a0,Open-pit mining and beneficiation at Copper Mountain,"Open-pit, concentrator",Cu Porphyry,Air,GHG,Emission,,tonnes,8.0,MetalliCan,MetalliCan,6862152.0,1.1658150387808374e-06,Ore processed,1,ore
ON-MAIN-aeafbb59,Open-pit mining and beneficiation at Detour Lake,"Open-pit, concentrator",Au–Ag free-milling,Air,NOx,Emission,,tonnes,7414.0,MetalliCan,MetalliCan,25434853.5024164,0.0002914897858285539,Ore processed,1,ore
ON-MAIN-aeafbb59,Open-pit mining and beneficiation at Detour Lake,"Open-pit, concentrator",Au–Ag free-milling,Air,SOx,Emission,,tonnes,486.0,MetalliCan,MetalliCan,25434853.5024164,1.9107639049457403e-05,Ore processed,1,ore
ON-MAIN-aeafbb59,Open-pit mining and beneficiation at Detour Lake,"Open-pit, concentrator",Au–Ag free-milling,Water,Water,Consumption,,m3,6298809.0,MetalliCan,MetalliCan,25434853.5024164,0.24764479179727109,Ore processed,1,ore
ON-MAIN-aeafbb59,Open-pit mining and beneficiation at Detour Lake,"Open-pit, concentrator",Au–Ag free-milling,Land,,Occupation and transformation,,ha,64093.0,MetalliCan,MetalliCan,25434853.5024164,0.002519888702874225,Ore processed,1,ore
ON-MAIN-aeafbb59,Open-pit mining and beneficiation at Detour Lake,"Open-pit, concentrator",Au–Ag free-milling,Land,,Occupation and transformation,,ha,3399.0,MetalliCan,MetalliCan,25434853.5024164,0.00013363552495700764,Ore processed,1,ore
ON-MAIN-aeafbb59,Open-pit mining and beneficiation at Detour Lake,"Open-pit, concentrator",Au–Ag free-milling,Land,,Occupation and transformation,,ha,60694.0,MetalliCan,MetalliCan,25434853.5024164,0.0023862531779172175,Ore processed,1,ore
ON-MAIN-cb85213a,Underground mining and beneficiation at Eagle River,"Underground, concentrator",Au–Ag free-milling,Water,Water,Consumption,,m3,29350.0,MetalliCan,MetalliCan,222627.0,0.13183486279741452,Ore processed,1,ore
ON-MAIN-cb85213a,Underground mining and beneficiation at Eagle River,"Underground, concentrator",Au–Ag free-milling,Air,Carbon monoxide,Emission,,tonnes,18.67,MetalliCan,MetalliCan,222627.0,8.386224492087663e-05,Ore processed,1,ore
ON-MAIN-cb85213a,Underground mining and beneficiation at Eagle River,"Underground, concentrator",Au–Ag free-milling,Air,GHG,Emission,,tonnes,12303.0,MetalliCan,MetalliCan,222627.0,0.05526283873923648,Ore processed,1,ore
ON-MAIN-cb85213a,Underground mining and beneficiation at Eagle River,"Underground, concentrator",Au–Ag free-milling,Air,GHG,Emission,,tonnes,2791.0,MetalliCan,MetalliCan,222627.0,0.012536664465675772,Ore processed,1,ore
ON-MAIN-cb85213a,Underground mining and beneficiation at Eagle River,"Underground, concentrator",Au–Ag free-milling,Air,Lead (and its compounds),Emission,,kg,0.05,MetalliCan,MetalliCan,222627.0,2.2459090766169423e-07,Ore processed,1,ore
ON-MAIN-cb85213a,Underground mining and beneficiation at Eagle River,"Underground, concentrator",Au–Ag free-milling,Air,Mercury (and its compounds),Emission,,tonnes,0.0,MetalliCan,MetalliCan,222627.0,0.0,Ore processed,1,ore
ON-MAIN-cb85213a,Underground mining and beneficiation at Eagle River,"Underground, concentrator",Au–Ag free-milling,Air,NO2,Emission,,t,10.92,MetalliCan,MetalliCan,222627.0,4.905065423331402e-05,Ore processed,1,ore
ON-MAIN-cb85213a,Underground mining and beneficiation at Eagle River,"Underground, concentrator",Au–Ag free-milling,Air,SO2,Emission,,t,0.61,MetalliCan,MetalliCan,222627.0,2.7400090734726696e-06,Ore processed,1,ore
ON-MAIN-cb85213a,Underground mining and beneficiation at Eagle River,"Underground, concentrator",Au–Ag free-milling,Air,Volatile Organic Compounds (Total),Emission,,tonnes,0.2,MetalliCan,MetalliCan,222627.0,8.983636306467769e-07,Ore processed,1,ore
QC-MAIN-6dc537e6,Underground mining and beneficiation at Éléonore,"Underground, concentrator",Au–Ag free-milling,Water,Water,Consumption,,m3,1006445.0,MetalliCan,MetalliCan,1661000.0,0.6059271523178807,Ore processed,1,ore
QC-MAIN-6dc537e6,Underground mining and beneficiation at Éléonore,"Underground, concentrator",Au–Ag free-milling,Air,Carbon monoxide,Emission,,tonnes,159.2,MetalliCan,MetalliCan,1661000.0,9.584587597832631e-05,Ore processed,1,ore
QC-MAIN-6dc537e6,Underground mining and beneficiation at Éléonore,"Underground, concentrator",Au–Ag free-milling,Air,GHG,Emission,,tonnes,39711.8671411138,MetalliCan,MetalliCan,1661000.0,0.023908408874842746,Ore processed,1,ore
QC-MAIN-6dc537e6,Underground mining and beneficiation at Éléonore,"Underground, concentrator",Au–Ag free-milling,Air,GHG,Emission,,tonnes,371.76247935,MetalliCan,MetalliCan,1661000.0,0.00022381847040939192,Ore processed,1,ore
QC-MAIN-6dc537e6,Underground mining and beneficiation at Éléonore,"Underground, concentrator",Au–Ag free-milling,Air,GHG,Emission,,tonnes,98442.9768080408,MetalliCan,MetalliCan,1661000.0,0.05926729488744178,Ore processed,1,ore
QC-MAIN-6dc537e6,Underground mining and beneficiation at Éléonore,"Underground, concentrator",Au–Ag free-milling,Air,NOx,Emission,,tonnes,111.3,MetalliCan,MetalliCan,1661000.0,6.700782661047562e-05,Ore processed,1,ore
QC-MAIN-6dc537e6,Underground mining and beneficiation at Éléonore,"Underground, concentrator",Au–Ag free-milling,Air,PM10 - Particulate Matter <= 10 Micrometers,Emission,,tonnes,900.0,MetalliCan,MetalliCan,1661000.0,0.0005418422636965683,Ore processed,1,ore
QC-MAIN-6dc537e6,Underground mining and beneficiation at Éléonore,"Underground, concentrator",Au–Ag free-milling,Air,PM2.5 - Particulate Matter <= 2.5 Micrometers,Emission,,tonnes,321.7,MetalliCan,MetalliCan,1661000.0,0.00019367850692354003,Ore processed,1,ore
QC-MAIN-6dc537e6,Underground mining and beneficiation at Éléonore,"Underground, concentrator",Au–Ag free-milling,Air,Polycyclic aromatic hydrocarbons (PAH),Emission,,t,0.0011,MetalliCan,MetalliCan,1661000.0,6.622516556291391e-10,Ore processed,1,ore
QC-MAIN-6dc537e6,Underground mining and beneficiation at Éléonore,"Underground, concentrator",Au–Ag free-milling,Air,SOx,Emission,,tonnes,4.8,MetalliCan,MetalliCan,1661000.0,2.8898254063816975e-06,Ore processed,1,ore
QC-MAIN-6dc537e6,Underground mining and beneficiation at Éléonore,"Underground, concentrator",Au–Ag free-milling,Air,Volatile Organic Compounds (Total),Emission,,tonnes,2.4,MetalliCan,MetalliCan,1661000.0,1.4449127031908487e-06,Ore processed,1,ore
QC-MAIN-6dc537e6,Underground mining and beneficiation at Éléonore,"Underground, concentrator",Au–Ag free-milling,Land,,Occupation and transformation,,ha,398.0604,MetalliCan,MetalliCan,1661000.0,0.00023965105358217942,Ore processed,1,ore
BC-MAIN-6b4800fe,Open-pit mining and beneficiation at Gibraltar,"Open-pit, concentrator",Cu polymetallic,Water,Water,Consumption,,m3,6140000.0,MetalliCan,MetalliCan,30000000.0,0.20466666666666666,Ore processed,1,ore
QC-MAIN-c0660aec,Underground mining and beneficiation at Goldex,"Underground, concentrator",Au–Ag polymetallic,Air,NOx,Emission,,tonnes,4.0,MetalliCan,MetalliCan,2886927.328724,1.3855561794719541e-06,Ore processed,1,ore
QC-MAIN-c0660aec,Underground mining and beneficiation at Goldex,"Underground, concentrator",Au–Ag polymetallic,Air,SOx,Emission,,tonnes,38.0,MetalliCan,MetalliCan,2886927.328724,1.3162783704983564e-05,Ore processed,1,ore
QC-MAIN-c0660aec,Underground mining and beneficiation at Goldex,"Underground, concentrator",Au–Ag polymetallic,Land,,Occupation and transformation,,ha,519.0,MetalliCan,MetalliCan,2886927.328724,0.00017977591428648606,Ore processed,1,ore
QC-MAIN-c0660aec,Underground mining and beneficiation at Goldex,"Underground, concentrator",Au–Ag polymetallic,Land,,Occupation and transformation,,ha,330.0,MetalliCan,MetalliCan,2886927.328724,0.00011430838480643622,Ore processed,1,ore
QC-MAIN-c0660aec,Underground mining and beneficiation at Goldex,"Underground, concentrator",Au–Ag polymetallic,Land,,Occupation and transformation,,ha,189.0,MetalliCan,MetalliCan,2886927.328724,6.546752948004984e-05,Ore processed,1,ore
QC-MAIN-c0660aec,Underground mining and beneficiation at Goldex,"Underground, concentrator",Au–Ag polymetallic,Water,Water,Consumption,,m3,762807.5999999996,MetalliCan,MetalliCan,2886927.328724,0.26422819598204256,Ore processed,1,ore
ON-MAIN-6e9be24e,Open-pit and underground mining and beneficiation at Hemlo (Williams),"Open-pit, underground, concentrator",Au–Ag free-milling,Water,Water,Consumption,,m3,39664.0,MetalliCan,MetalliCan,1266009.0,0.0313299510509009,Ore processed,1,ore
ON-MAIN-6e9be24e,Open-pit and underground mining and beneficiation at Hemlo (Williams),"Open-pit, underground, concentrator",Au–Ag free-milling,Air,GHG,Emission,,tonnes,20000.0,MetalliCan,MetalliCan,1266009.0,0.015797676003883068,Ore processed,1,ore
ON-MAIN-6e9be24e,Open-pit and underground mining and beneficiation at Hemlo (Williams),"Open-pit, underground, concentrator",Au–Ag free-milling,Air,GHG,Emission,,tonnes,5000.0,MetalliCan,MetalliCan,1266009.0,0.003949419000970767,Ore processed,1,ore
BC-MAIN-bf503b6b,Open-pit mining and beneficiation at Highland Valley,"Open-pit, concentrator",Cu polymetallic,Water,Water,Consumption,,m3,23241256.0,MetalliCan,MetalliCan,17408000.0,1.3350905330882352,Ore processed,1,ore
BC-MAIN-bf503b6b,Open-pit mining and beneficiation at Highland Valley,"Open-pit, concentrator",Cu polymetallic,Air,Carbon monoxide,Emission,,tonnes,707.8,MetalliCan,MetalliCan,17408000.0,4.06594669117647e-05,Ore processed,1,ore
BC-MAIN-bf503b6b,Open-pit mining and beneficiation at Highland Valley,"Open-pit, concentrator",Cu polymetallic,Air,NO2,Emission,,t,175.6,MetalliCan,MetalliCan,17408000.0,1.0087316176470588e-05,Ore processed,1,ore
BC-MAIN-bf503b6b,Open-pit mining and beneficiation at Highland Valley,"Open-pit, concentrator",Cu polymetallic,Air,SO2,Emission,,t,1.701,MetalliCan,MetalliCan,17408000.0,9.771369485294119e-08,Ore processed,1,ore
BC-MAIN-bf503b6b,Open-pit mining and beneficiation at Highland Valley,"Open-pit, concentrator",Cu polymetallic,Air,Total particulate matter,Emission,,tonnes,7.74,MetalliCan,MetalliCan,17408000.0,4.446231617647059e-07,Ore processed,1,ore
BC-MAIN-bf503b6b,Open-pit mining and beneficiation at Highland Valley,"Open-pit, concentrator",Cu polymetallic,Air,Volatile Organic Compounds (Total),Emission,,tonnes,45.9,MetalliCan,MetalliCan,17408000.0,2.6367187499999997e-06,Ore processed,1,ore
ON-MAIN-687b8c8d,Underground mining and beneficiation at Island,"Underground, concentrator",Au–Ag free-milling,Air,Carbon monoxide,Emission,,tonnes,322.2,MetalliCan,MetalliCan,439008.0,0.000733927399956265,Ore processed,1,ore
ON-MAIN-687b8c8d,Underground mining and beneficiation at Island,"Underground, concentrator",Au–Ag free-milling,Air,GHG,Emission,,tonnes,20111.0,MetalliCan,MetalliCan,439008.0,0.04581009913258984,Ore processed,1,ore
ON-MAIN-687b8c8d,Underground mining and beneficiation at Island,"Underground, concentrator",Au–Ag free-milling,Air,GHG,Emission,,tonnes,2785.0,MetalliCan,MetalliCan,439008.0,0.006343847948101174,Ore processed,1,ore
ON-MAIN-687b8c8d,Underground mining and beneficiation at Island,"Underground, concentrator",Au–Ag free-milling,Air,GHG,Emission,,tonnes,72766.0,MetalliCan,MetalliCan,439008.0,0.16575096581383483,Ore processed,1,ore
ON-MAIN-687b8c8d,Underground mining and beneficiation at Island,"Underground, concentrator",Au–Ag free-milling,Air,Lead (and its compounds),Emission,,kg,0.332575576998,MetalliCan,MetalliCan,439008.0,7.575615410151979e-07,Ore processed,1,ore
ON-MAIN-687b8c8d,Underground mining and beneficiation at Island,"Underground, concentrator",Au–Ag free-milling,Air,Mercury (and its compounds),Emission,,tonnes,1.90290400308735e-05,MetalliCan,MetalliCan,439008.0,4.334554274836336e-11,Ore processed,1,ore
ON-MAIN-687b8c8d,Underground mining and beneficiation at Island,"Underground, concentrator",Au–Ag free-milling,Air,N2O,Emission,,tonnes,127.0,MetalliCan,MetalliCan,439008.0,0.0002892885778846855,Ore processed,1,ore
ON-MAIN-687b8c8d,Underground mining and beneficiation at Island,"Underground, concentrator",Au–Ag free-milling,Air,NOx,Emission,,tonnes,440.2,MetalliCan,MetalliCan,439008.0,0.0010027152124790436,Ore processed,1,ore
ON-MAIN-687b8c8d,Underground mining and beneficiation at Island,"Underground, concentrator",Au–Ag free-milling,Air,PM10 - Particulate Matter <= 10 Micrometers,Emission,,tonnes,83.19,MetalliCan,MetalliCan,439008.0,0.00018949540782855893,Ore processed,1,ore
ON-MAIN-687b8c8d,Underground mining and beneficiation at Island,"Underground, concentrator",Au–Ag free-milling,Air,PFCs,Emission,,tCO2eq,31.0,MetalliCan,MetalliCan,439008.0,7.061374735767913e-05,Ore processed,1,ore
ON-MAIN-687b8c8d,Underground mining and beneficiation at Island,"Underground, concentrator",Au–Ag free-milling,Air,PM2.5 - Particulate Matter <= 2.5 Micrometers,Emission,,tonnes,61.61,MetalliCan,MetalliCan,439008.0,0.0001403391282163423,Ore processed,1,ore
ON-MAIN-687b8c8d,Underground mining and beneficiation at Island,"Underground, concentrator",Au–Ag free-milling,Air,Polycyclic aromatic hydrocarbons (PAH),Emission,,t,0.418,MetalliCan,MetalliCan,439008.0,9.521466579196734e-07,Ore processed,1,ore
ON-MAIN-687b8c8d,Underground mining and beneficiation at Island,"Underground, concentrator",Au–Ag free-milling,Air,SOx,Emission,,tonnes,0.66,MetalliCan,MetalliCan,439008.0,1.5033894598731686e-06,Ore processed,1,ore
ON-MAIN-687b8c8d,Underground mining and beneficiation at Island,"Underground, concentrator",Au–Ag free-milling,Air,Volatile Organic Compounds (Total),Emission,,tonnes,8.5,MetalliCan,MetalliCan,439008.0,1.936183395291202e-05,Ore processed,1,ore
ON-MAIN-687b8c8d,Underground mining and beneficiation at Island,"Underground, concentrator",Au–Ag free-milling,Water,Water,Consumption,,m3,-484600.0,MetalliCan,MetalliCan,439008.0,-1.103852321597784,Ore processed,1,ore
ON-MAIN-687b8c8d,Underground mining and beneficiation at Island,"Underground, concentrator",Au–Ag free-milling,Land,,Occupation and transformation,,ha,1375.0,MetalliCan,MetalliCan,439008.0,0.003132061374735768,Ore processed,1,ore
ON-MAIN-687b8c8d,Underground mining and beneficiation at Island,"Underground, concentrator",Au–Ag free-milling,Land,,Occupation and transformation,,ha,235.0,MetalliCan,MetalliCan,439008.0,0.0005352977622275676,Ore processed,1,ore
YT-MAIN-44857446,Underground mining and beneficiation at Keno Hill Silver District,"Underground, concentrator",High-grade polymetallic Pb-Zn-Ag,Air,GHG,Emission,,tonnes,7271.0,MetalliCan,MetalliCan,127307.0,0.05711390575537873,Ore processed,1,ore
YT-MAIN-44857446,Underground mining and beneficiation at Keno Hill Silver District,"Underground, concentrator",High-grade polymetallic Pb-Zn-Ag,Air,GHG,Emission,,tonnes,1408.0,MetalliCan,MetalliCan,127307.0,0.011059878875474247,Ore processed,1,ore
QC-MAIN-9de9bb0d,Open-pit mining and beneficiation at Kiena,"Open-pit, concentrator",Au–Ag free-milling,Water,Water,Consumption,,m3,82144.0,MetalliCan,MetalliCan,191148.0,0.4297403059409463,Ore processed,1,ore
QC-MAIN-9de9bb0d,Open-pit mining and beneficiation at Kiena,"Open-pit, concentrator",Au–Ag free-milling,Air,Carbon monoxide,Emission,,tonnes,21.85,MetalliCan,MetalliCan,191148.0,0.0001143093309895997,Ore processed,1,ore
QC-MAIN-9de9bb0d,Open-pit mining and beneficiation at Kiena,"Open-pit, concentrator",Au–Ag free-milling,Air,GHG,Emission,,tonnes,4109.0,MetalliCan,MetalliCan,191148.0,0.021496432084039594,Ore processed,1,ore
QC-MAIN-9de9bb0d,Open-pit mining and beneficiation at Kiena,"Open-pit, concentrator",Au–Ag free-milling,Air,GHG,Emission,,tonnes,64.0,MetalliCan,MetalliCan,191148.0,0.0003348190930587817,Ore processed,1,ore
QC-MAIN-9de9bb0d,Open-pit mining and beneficiation at Kiena,"Open-pit, concentrator",Au–Ag free-milling,Air,Lead (and its compounds),Emission,,kg,0.00061,MetalliCan,MetalliCan,191148.0,3.191244480716513e-09,Ore processed,1,ore
QC-MAIN-9de9bb0d,Open-pit mining and beneficiation at Kiena,"Open-pit, concentrator",Au–Ag free-milling,Air,Mercury (and its compounds),Emission,,tonnes,1.5e-07,MetalliCan,MetalliCan,191148.0,7.847322493565195e-13,Ore processed,1,ore
QC-MAIN-9de9bb0d,Open-pit mining and beneficiation at Kiena,"Open-pit, concentrator",Au–Ag free-milling,Air,NO2,Emission,,t,1.47,MetalliCan,MetalliCan,191148.0,7.69037604369389e-06,Ore processed,1,ore
QC-MAIN-9de9bb0d,Open-pit mining and beneficiation at Kiena,"Open-pit, concentrator",Au–Ag free-milling,Air,SO2,Emission,,t,1.14,MetalliCan,MetalliCan,191148.0,5.963965095109548e-06,Ore processed,1,ore
QC-MAIN-9de9bb0d,Open-pit mining and beneficiation at Kiena,"Open-pit, concentrator",Au–Ag free-milling,Air,Volatile Organic Compounds (Total),Emission,,tonnes,0.99,MetalliCan,MetalliCan,191148.0,5.179232845753029e-06,Ore processed,1,ore
ON-MAIN-a3c56a83,Open-pit and underground mining and beneficiation at Lac des Iles,"Open-pit, underground, concentrator",Ni–Cu sulfide,Water,Water,Consumption,,m3,8930000.0,MetalliCan,MetalliCan,3798000.0,2.3512374934175884,Ore processed,1,ore
ON-MAIN-a3c56a83,Open-pit and underground mining and beneficiation at Lac des Iles,"Open-pit, underground, concentrator",Ni–Cu sulfide,Air,GHG,Emission,,tonnes,59145.0,MetalliCan,MetalliCan,3798000.0,0.01557266982622433,Ore processed,1,ore
ON-MAIN-a3c56a83,Open-pit and underground mining and beneficiation at Lac des Iles,"Open-pit, underground, concentrator",Ni–Cu sulfide,Air,GHG,Emission,,tonnes,13365.0,MetalliCan,MetalliCan,3798000.0,0.003518957345971564,Ore processed,1,ore
ON-MAIN-a3c56a83,Open-pit and underground mining and beneficiation at Lac des Iles,"Open-pit, underground, concentrator",Ni–Cu sulfide,Land,,Occupation and transformation,,ha,6070.0,MetalliCan,MetalliCan,3798000.0,0.0015982095839915745,Ore processed,1,ore
QC-MAIN-f9e41c2a,Underground mining and beneficiation at Lamaque,"Underground, concentrator",Au–Ag free-milling,Air,GHG,Emission,,tonnes,18188.0,MetalliCan,MetalliCan,838419.0,0.021693210673899326,Ore processed,1,ore
QC-MAIN-f9e41c2a,Underground mining and beneficiation at Lamaque,"Underground, concentrator",Au–Ag free-milling,Air,GHG,Emission,,tonnes,100.0,MetalliCan,MetalliCan,838419.0,0.00011927210619034159,Ore processed,1,ore
QC-MAIN-f9e41c2a,Underground mining and beneficiation at Lamaque,"Underground, concentrator",Au–Ag free-milling,Water,Water,Consumption,,m3,1088000.0,MetalliCan,MetalliCan,838419.0,1.2976805153509163,Ore processed,1,ore
QC-MAIN-f9e41c2a,Underground mining and beneficiation at Lamaque,"Underground, concentrator",Au–Ag free-milling,Land,,Occupation and transformation,,ha,277.6,MetalliCan,MetalliCan,838419.0,0.00033109936678438824,Ore processed,1,ore
QC-MAIN-e51eda66,Underground mining and beneficiation at LaRonde,"Underground, concentrator",Au–Ag polymetallic,Air,NOx,Emission,,tonnes,75.0,MetalliCan,MetalliCan,1501500.0,4.995004995004995e-05,Ore processed,1,ore
QC-MAIN-e51eda66,Underground mining and beneficiation at LaRonde,"Underground, concentrator",Au–Ag polymetallic,Air,SOx,Emission,,tonnes,48.0,MetalliCan,MetalliCan,1501500.0,3.196803196803197e-05,Ore processed,1,ore
QC-MAIN-e51eda66,Underground mining and beneficiation at LaRonde,"Underground, concentrator",Au–Ag polymetallic,Land,,Occupation and transformation,,ha,1367.0,MetalliCan,MetalliCan,1501500.0,0.0009104229104229104,Ore processed,1,ore
QC-MAIN-e51eda66,Underground mining and beneficiation at LaRonde,"Underground, concentrator",Au–Ag polymetallic,Land,,Occupation and transformation,,ha,608.0,MetalliCan,MetalliCan,1501500.0,0.0004049284049284049,Ore processed,1,ore
QC-MAIN-e51eda66,Underground mining and beneficiation at LaRonde,"Underground, concentrator",Au–Ag polymetallic,Land,,Occupation and transformation,,ha,759.0,MetalliCan,MetalliCan,1501500.0,0.0005054945054945055,Ore processed,1,ore
QC-MAIN-e51eda66,Underground mining and beneficiation at LaRonde,"Underground, concentrator",Au–Ag polymetallic,Water,Water,Consumption,,m3,1014537.05,MetalliCan,MetalliCan,1501500.0,0.675682350982351,Ore processed,1,ore
ON-MAIN-1f126a43,Underground mining and beneficiation at Macassa,"Underground, concentrator",Au–Ag free-milling,Air,NOx,Emission,,tonnes,188.0,MetalliCan,MetalliCan,441588.0,0.000425736206599817,Ore processed,1,ore
ON-MAIN-1f126a43,Underground mining and beneficiation at Macassa,"Underground, concentrator",Au–Ag free-milling,Air,SOx,Emission,,tonnes,12.0,MetalliCan,MetalliCan,441588.0,2.7174651485094703e-05,Ore processed,1,ore
ON-MAIN-1f126a43,Underground mining and beneficiation at Macassa,"Underground, concentrator",Au–Ag free-milling,Land,,Occupation and transformation,,ha,4039.0,MetalliCan,MetalliCan,441588.0,0.009146534779024792,Ore processed,1,ore
ON-MAIN-1f126a43,Underground mining and beneficiation at Macassa,"Underground, concentrator",Au–Ag free-milling,Land,,Occupation and transformation,,ha,410.0,MetalliCan,MetalliCan,441588.0,0.000928467259074069,Ore processed,1,ore
ON-MAIN-1f126a43,Underground mining and beneficiation at Macassa,"Underground, concentrator",Au–Ag free-milling,Land,,Occupation and transformation,,ha,3629.0,MetalliCan,MetalliCan,441588.0,0.008218067519950724,Ore processed,1,ore
ON-MAIN-1f126a43,Underground mining and beneficiation at Macassa,"Underground, concentrator",Au–Ag free-milling,Water,Water,Consumption,,m3,3069283.0,MetalliCan,MetalliCan,441588.0,6.95055798617716,Ore processed,1,ore
NU-MAIN-5154702a,Open-pit mining at Mary River,Open-pit,Direct Shipping Ore,Air,GHG,Emission,,tonnes,168888.0,MetalliCan,MetalliCan,5600000.0,0.030158571428571427,Ore processed,1,ore
NU-MAIN-5154702a,Open-pit mining at Mary River,Open-pit,Direct Shipping Ore,Air,NOx,Emission,,tonnes,3702.0,MetalliCan,MetalliCan,5600000.0,0.0006610714285714286,Ore processed,1,ore
NU-MAIN-5154702a,Open-pit mining at Mary River,Open-pit,Direct Shipping Ore,Air,SO2,Emission,,t,13.0,MetalliCan,MetalliCan,5600000.0,2.3214285714285715e-06,Ore processed,1,ore
NU-MAIN-5154702a,Open-pit mining at Mary River,Open-pit,Direct Shipping Ore,Land,,Occupation and transformation,,ha,613.0,MetalliCan,MetalliCan,5600000.0,0.00010946428571428572,Ore processed,1,ore
NU-MAIN-8b0264c9,Open-pit and underground mining and beneficiation at Meliadine,"Open-pit, underground, concentrator",Au–Ag free-milling,Air,NOx,Emission,,tonnes,3625.0,MetalliCan,MetalliCan,1918143.0,0.00188984867134515,Ore processed,1,ore
NU-MAIN-8b0264c9,Open-pit and underground mining and beneficiation at Meliadine,"Open-pit, underground, concentrator",Au–Ag free-milling,Air,SOx,Emission,,tonnes,238.0,MetalliCan,MetalliCan,1918143.0,0.00012407834035314363,Ore processed,1,ore
NU-MAIN-8b0264c9,Open-pit and underground mining and beneficiation at Meliadine,"Open-pit, underground, concentrator",Au–Ag free-milling,Land,,Occupation and transformation,,ha,906.75,MetalliCan,MetalliCan,1918143.0,0.000472722836618542,Ore processed,1,ore
NU-MAIN-8b0264c9,Open-pit and underground mining and beneficiation at Meliadine,"Open-pit, underground, concentrator",Au–Ag free-milling,Land,,Occupation and transformation,,ha,633.0,MetalliCan,MetalliCan,1918143.0,0.00033000667833420135,Ore processed,1,ore
NU-MAIN-8b0264c9,Open-pit and underground mining and beneficiation at Meliadine,"Open-pit, underground, concentrator",Au–Ag free-milling,Land,,Occupation and transformation,,ha,273.75,MetalliCan,MetalliCan,1918143.0,0.00014271615828434064,Ore processed,1,ore
NU-MAIN-8b0264c9,Open-pit and underground mining and beneficiation at Meliadine,"Open-pit, underground, concentrator",Au–Ag free-milling,Water,Water,Consumption,,m3,454993.0,MetalliCan,MetalliCan,1918143.0,0.23720494248864657,Ore processed,1,ore
BC-MAIN-ed23117f,Open-pit mining and beneficiation at Mount Milligan,"Open-pit, concentrator",Cu Porphyry,Air,Carbon monoxide,Emission,,tonnes,150.43,MetalliCan,MetalliCan,21680000.0,6.938653136531365e-06,Ore processed,1,ore
BC-MAIN-ed23117f,Open-pit mining and beneficiation at Mount Milligan,"Open-pit, concentrator",Cu Porphyry,Air,GHG,Emission,,tonnes,72492.0,MetalliCan,MetalliCan,21680000.0,0.0033437269372693728,Ore processed,1,ore
BC-MAIN-ed23117f,Open-pit mining and beneficiation at Mount Milligan,"Open-pit, concentrator",Cu Porphyry,Air,GHG,Emission,,tonnes,7075.0,MetalliCan,MetalliCan,21680000.0,0.00032633763837638377,Ore processed,1,ore
BC-MAIN-ed23117f,Open-pit mining and beneficiation at Mount Milligan,"Open-pit, concentrator",Cu Porphyry,Air,NOx,Emission,,tonnes,61.0,MetalliCan,MetalliCan,21680000.0,2.8136531365313655e-06,Ore processed,1,ore
BC-MAIN-ed23117f,Open-pit mining and beneficiation at Mount Milligan,"Open-pit, concentrator",Cu Porphyry,Air,PM10 - Particulate Matter <= 10 Micrometers,Emission,,tonnes,2368.41,MetalliCan,MetalliCan,21680000.0,0.0001092440036900369,Ore processed,1,ore
BC-MAIN-ed23117f,Open-pit mining and beneficiation at Mount Milligan,"Open-pit, concentrator",Cu Porphyry,Air,PM2.5 - Particulate Matter <= 2.5 Micrometers,Emission,,tonnes,42.96,MetalliCan,MetalliCan,21680000.0,1.981549815498155e-06,Ore processed,1,ore
BC-MAIN-ed23117f,Open-pit mining and beneficiation at Mount Milligan,"Open-pit, concentrator",Cu Porphyry,Water,Water,Consumption,,m3,9110000.0,MetalliCan,MetalliCan,21680000.0,0.4202029520295203,Ore processed,1,ore
ON-MAIN-fefeaee4,Underground mining and beneficiation at Musselwhite,"Underground, concentrator",Au–Ag free-milling,Air,Arsenic (and its compounds),Emission,,kg,5.6701,MetalliCan,MetalliCan,1028000.0,5.515661478599221e-06,Ore processed,1,ore
ON-MAIN-fefeaee4,Underground mining and beneficiation at Musselwhite,"Underground, concentrator",Au–Ag free-milling,Air,Carbon monoxide,Emission,,tonnes,226.22,MetalliCan,MetalliCan,1028000.0,0.00022005836575875485,Ore processed,1,ore
ON-MAIN-fefeaee4,Underground mining and beneficiation at Musselwhite,"Underground, concentrator",Au–Ag free-milling,Air,GHG,Emission,,tonnes,40394.4169076851,MetalliCan,MetalliCan,1028000.0,0.03929417987128901,Ore processed,1,ore
ON-MAIN-fefeaee4,Underground mining and beneficiation at Musselwhite,"Underground, concentrator",Au–Ag free-milling,Air,GHG,Emission,,tonnes,3597.5544,MetalliCan,MetalliCan,1028000.0,0.0034995665369649807,Ore processed,1,ore
ON-MAIN-fefeaee4,Underground mining and beneficiation at Musselwhite,"Underground, concentrator",Au–Ag free-milling,Air,GHG,Emission,,tonnes,71787.5495982785,MetalliCan,MetalliCan,1028000.0,0.0698322466909324,Ore processed,1,ore
ON-MAIN-fefeaee4,Underground mining and beneficiation at Musselwhite,"Underground, concentrator",Au–Ag free-milling,Air,Lead (and its compounds),Emission,,kg,89.9133,MetalliCan,MetalliCan,1028000.0,8.746429961089495e-05,Ore processed,1,ore
ON-MAIN-fefeaee4,Underground mining and beneficiation at Musselwhite,"Underground, concentrator",Au–Ag free-milling,Air,Mercury (and its compounds),Emission,,tonnes,0.0002713,MetalliCan,MetalliCan,1028000.0,2.639105058365759e-10,Ore processed,1,ore
ON-MAIN-fefeaee4,Underground mining and beneficiation at Musselwhite,"Underground, concentrator",Au–Ag free-milling,Air,NOx,Emission,,tonnes,298.296,MetalliCan,MetalliCan,1028000.0,0.00029017120622568094,Ore processed,1,ore
ON-MAIN-fefeaee4,Underground mining and beneficiation at Musselwhite,"Underground, concentrator",Au–Ag free-milling,Air,PM10 - Particulate Matter <= 10 Micrometers,Emission,,tonnes,72.34,MetalliCan,MetalliCan,1028000.0,7.036964980544748e-05,Ore processed,1,ore
ON-MAIN-fefeaee4,Underground mining and beneficiation at Musselwhite,"Underground, concentrator",Au–Ag free-milling,Air,PM2.5 - Particulate Matter <= 2.5 Micrometers,Emission,,tonnes,36.22,MetalliCan,MetalliCan,1028000.0,3.523346303501945e-05,Ore processed,1,ore
ON-MAIN-fefeaee4,Underground mining and beneficiation at Musselwhite,"Underground, concentrator",Au–Ag free-milling,Air,Selenium (and its compounds),Emission,,kg,0.7141,MetalliCan,MetalliCan,1028000.0,6.946498054474708e-07,Ore processed,1,ore
ON-MAIN-fefeaee4,Underground mining and beneficiation at Musselwhite,"Underground, concentrator",Au–Ag free-milling,Air,SOx,Emission,,tonnes,1.878,MetalliCan,MetalliCan,1028000.0,1.8268482490272372e-06,Ore processed,1,ore
ON-MAIN-fefeaee4,Underground mining and beneficiation at Musselwhite,"Underground, concentrator",Au–Ag free-milling,Air,Volatile Organic Compounds (Total),Emission,,tonnes,4.625,MetalliCan,MetalliCan,1028000.0,4.499027237354085e-06,Ore processed,1,ore
ON-MAIN-fefeaee4,Underground mining and beneficiation at Musselwhite,"Underground, concentrator",Au–Ag free-milling,Water,Water,Consumption,,m3,562159.181,MetalliCan,MetalliCan,1028000.0,0.5468474523346303,Ore processed,1,ore
ON-MAIN-fefeaee4,Underground mining and beneficiation at Musselwhite,"Underground, concentrator",Au–Ag free-milling,Land,,Occupation and transformation,,ha,701.81,MetalliCan,MetalliCan,1028000.0,0.0006826945525291829,Ore processed,1,ore
BC-MAIN-aa76f6f2,Underground mining and beneficiation at New Afton,"Underground, concentrator",Cu Porphyry,Air,GHG,Emission,,tonnes,15908.3,MetalliCan,MetalliCan,3065000.0,0.005190309951060359,Ore processed,1,ore
BC-MAIN-aa76f6f2,Underground mining and beneficiation at New Afton,"Underground, concentrator",Cu Porphyry,Air,GHG,Emission,,tonnes,2326.7,MetalliCan,MetalliCan,3065000.0,0.0007591190864600325,Ore processed,1,ore
BC-MAIN-aa76f6f2,Underground mining and beneficiation at New Afton,"Underground, concentrator",Cu Porphyry,Land,,Occupation and transformation,,ha,377.5,MetalliCan,MetalliCan,3065000.0,0.0001231647634584013,Ore processed,1,ore
BC-MAIN-aa76f6f2,Underground mining and beneficiation at New Afton,"Underground, concentrator",Cu Porphyry,Water,Water,Consumption,,m3,3111320.0,MetalliCan,MetalliCan,3065000.0,1.0151125611745513,Ore processed,1,ore
QC-MAIN-5ce331b8,Open-pit and underground mining and beneficiation at Nunavik Nickel,"Open-pit, underground, concentrator",Ni–Cu sulfide,Air,GHG,Emission,,tonnes,50653.0,MetalliCan,MetalliCan,6835294.11764705,0.007410507745266791,Ore processed,1,ore
QC-MAIN-5ce331b8,Open-pit and underground mining and beneficiation at Nunavik Nickel,"Open-pit, underground, concentrator",Ni–Cu sulfide,Air,GHG,Emission,,tonnes,79822.0,MetalliCan,MetalliCan,6835294.11764705,0.011677917383821013,Ore processed,1,ore
ON-MAIN-0aadf28f,Open-pit and underground mining and beneficiation at Rainy River,"Open-pit, underground, concentrator",Au–Ag free-milling,Air,GHG,Emission,,tonnes,127029.0,MetalliCan,MetalliCan,8764000.0,0.0144944089456869,Ore processed,1,ore
ON-MAIN-0aadf28f,Open-pit and underground mining and beneficiation at Rainy River,"Open-pit, underground, concentrator",Au–Ag free-milling,Air,GHG,Emission,,tonnes,12459.0,MetalliCan,MetalliCan,8764000.0,0.0014216111364673664,Ore processed,1,ore
ON-MAIN-0aadf28f,Open-pit and underground mining and beneficiation at Rainy River,"Open-pit, underground, concentrator",Au–Ag free-milling,Land,,Occupation and transformation,,ha,3019.4,MetalliCan,MetalliCan,8764000.0,0.00034452304883614786,Ore processed,1,ore
ON-MAIN-0aadf28f,Open-pit and underground mining and beneficiation at Rainy River,"Open-pit, underground, concentrator",Au–Ag free-milling,Water,Water,Consumption,,m3,6336704.0,MetalliCan,MetalliCan,8764000.0,0.72303788224555,Ore processed,1,ore
BC-MAIN-8eb8be0d,Open-pit mining and beneficiation at Red Chris,"Open-pit, concentrator",Au–Ag polymetallic,Air,GHG,Emission,,tonnes,112383.583535172,MetalliCan,MetalliCan,1139000.0,0.09866864226090606,Ore processed,1,ore
BC-MAIN-8eb8be0d,Open-pit mining and beneficiation at Red Chris,"Open-pit, concentrator",Au–Ag polymetallic,Air,GHG,Emission,,tonnes,2584.5738038,MetalliCan,MetalliCan,1139000.0,0.00226916049499561,Ore processed,1,ore
BC-MAIN-8eb8be0d,Open-pit mining and beneficiation at Red Chris,"Open-pit, concentrator",Au–Ag polymetallic,Air,GHG,Emission,,tonnes,226738.876758327,MetalliCan,MetalliCan,1139000.0,0.19906837292214838,Ore processed,1,ore
ON-MAIN-7f050560,Underground mining and beneficiation at Red Lake,"Underground, concentrator",Au–Ag refractory,Air,Carbon monoxide,Emission,,tonnes,1079.77,MetalliCan,MetalliCan,841000.0,0.001283912009512485,Ore processed,1,ore
ON-MAIN-7f050560,Underground mining and beneficiation at Red Lake,"Underground, concentrator",Au–Ag refractory,Air,GHG,Emission,,tonnes,25750.7471650174,MetalliCan,MetalliCan,841000.0,0.030619199958403568,Ore processed,1,ore
ON-MAIN-7f050560,Underground mining and beneficiation at Red Lake,"Underground, concentrator",Au–Ag refractory,Air,GHG,Emission,,tonnes,7448.959330755,MetalliCan,MetalliCan,841000.0,0.008857264364750298,Ore processed,1,ore
ON-MAIN-7f050560,Underground mining and beneficiation at Red Lake,"Underground, concentrator",Au–Ag refractory,Air,Lead (and its compounds),Emission,,kg,20.6055999999999,MetalliCan,MetalliCan,841000.0,2.450130796670618e-05,Ore processed,1,ore
ON-MAIN-7f050560,Underground mining and beneficiation at Red Lake,"Underground, concentrator",Au–Ag refractory,Air,Mercury (and its compounds),Emission,,tonnes,0.01356,MetalliCan,MetalliCan,841000.0,1.6123662306777646e-08,Ore processed,1,ore
ON-MAIN-7f050560,Underground mining and beneficiation at Red Lake,"Underground, concentrator",Au–Ag refractory,Air,NOx,Emission,,tonnes,17.688,MetalliCan,MetalliCan,841000.0,2.1032104637336503e-05,Ore processed,1,ore
ON-MAIN-7f050560,Underground mining and beneficiation at Red Lake,"Underground, concentrator",Au–Ag refractory,Air,PM10 - Particulate Matter <= 10 Micrometers,Emission,,tonnes,126.5,MetalliCan,MetalliCan,841000.0,0.00015041617122473245,Ore processed,1,ore
ON-MAIN-7f050560,Underground mining and beneficiation at Red Lake,"Underground, concentrator",Au–Ag refractory,Air,PM2.5 - Particulate Matter <= 2.5 Micrometers,Emission,,tonnes,112.97,MetalliCan,MetalliCan,841000.0,0.0001343281807372176,Ore processed,1,ore
ON-MAIN-7f050560,Underground mining and beneficiation at Red Lake,"Underground, concentrator",Au–Ag refractory,Air,SOx,Emission,,tonnes,1.438,MetalliCan,MetalliCan,841000.0,1.7098692033293697e-06,Ore processed,1,ore
ON-MAIN-7f050560,Underground mining and beneficiation at Red Lake,"Underground, concentrator",Au–Ag refractory,Air,Volatile Organic Compounds (Total),Emission,,tonnes,4.716,MetalliCan,MetalliCan,841000.0,5.607609988109394e-06,Ore processed,1,ore
ON-MAIN-7f050560,Underground mining and beneficiation at Red Lake,"Underground, concentrator",Au–Ag refractory,Water,Water,Consumption,,m3,2565000.0,MetalliCan,MetalliCan,841000.0,3.0499405469678953,Ore processed,1,ore
NL-MAIN-b64bae7a,Open-pit mining and beneficiation at Scully,"Open-pit, concentrator",Fe concentrator,Air,GHG,Emission,,tonnes,103569.0,MetalliCan,MetalliCan,3560000.0,0.02909241573033708,Ore processed,1,ore
NL-MAIN-b64bae7a,Open-pit mining and beneficiation at Scully,"Open-pit, concentrator",Fe concentrator,Air,GHG,Emission,,tonnes,5821.0,MetalliCan,MetalliCan,3560000.0,0.0016351123595505618,Ore processed,1,ore
BC-MAIN-3bb6b7cd,Refining at Trail,Refinery,Zn refinery,Air,Carbon monoxide,Emission,,tonnes,83.88,MetalliCan,MetalliCan,0.0,inf,Ore processed,1,ore
BC-MAIN-3bb6b7cd,Refining at Trail,Refinery,Zn refinery,Air,Mercury (and its compounds),Emission,,tonnes,0.26734,MetalliCan,MetalliCan,0.0,inf,Ore processed,1,ore
BC-MAIN-3bb6b7cd,Refining at Trail,Refinery,Zn refinery,Air,NO2,Emission,,t,453.05,MetalliCan,MetalliCan,0.0,inf,Ore processed,1,ore
BC-MAIN-3bb6b7cd,Refining at Trail,Refinery,Zn refinery,Air,SO2,Emission,,t,1916.1,MetalliCan,MetalliCan,0.0,inf,Ore processed,1,ore
BC-MAIN-3bb6b7cd,Refining at Trail,Refinery,Zn refinery,Air,Total particulate matter,Emission,,tonnes,67.37,MetalliCan,MetalliCan,0.0,inf,Ore processed,1,ore
BC-MAIN-3bb6b7cd,Refining at Trail,Refinery,Zn refinery,Air,Volatile Organic Compounds (Total),Emission,,tonnes,12.52,MetalliCan,MetalliCan,0.0,inf,Ore processed,1,ore
BC-MAIN-3bb6b7cd,Refining at Trail,Refinery,Zn refinery,Water,Water,Consumption,,m3,6782767.0,MetalliCan,MetalliCan,0.0,inf,Ore processed,1,ore
QC-MAIN-02884fb5,Underground mining and beneficiation at Westwood-Doyon,"Underground, concentrator",Au–Ag free-milling,Air,Carbon monoxide,Emission,,tonnes,2.235,MetalliCan,MetalliCan,1034000.0,2.1615087040618954e-06,Ore processed,1,ore
QC-MAIN-02884fb5,Underground mining and beneficiation at Westwood-Doyon,"Underground, concentrator",Au–Ag free-milling,Air,GHG,Emission,,tonnes,18521.1,MetalliCan,MetalliCan,1034000.0,0.017912088974854933,Ore processed,1,ore
QC-MAIN-02884fb5,Underground mining and beneficiation at Westwood-Doyon,"Underground, concentrator",Au–Ag free-milling,Air,GHG,Emission,,tonnes,189.9,MetalliCan,MetalliCan,1034000.0,0.00018365570599613153,Ore processed,1,ore
QC-MAIN-02884fb5,Underground mining and beneficiation at Westwood-Doyon,"Underground, concentrator",Au–Ag free-milling,Air,NOx,Emission,,tonnes,7.518,MetalliCan,MetalliCan,1034000.0,7.2707930367504835e-06,Ore processed,1,ore
QC-MAIN-02884fb5,Underground mining and beneficiation at Westwood-Doyon,"Underground, concentrator",Au–Ag free-milling,Air,PM10 - Particulate Matter <= 10 Micrometers,Emission,,tonnes,54.561,MetalliCan,MetalliCan,1034000.0,5.2766924564796904e-05,Ore processed,1,ore
QC-MAIN-02884fb5,Underground mining and beneficiation at Westwood-Doyon,"Underground, concentrator",Au–Ag free-milling,Air,PM2.5 - Particulate Matter <= 2.5 Micrometers,Emission,,tonnes,5.636,MetalliCan,MetalliCan,1034000.0,5.450676982591876e-06,Ore processed,1,ore
QC-MAIN-02884fb5,Underground mining and beneficiation at Westwood-Doyon,"Underground, concentrator",Au–Ag free-milling,Air,SOx,Emission,,tonnes,0.0163,MetalliCan,MetalliCan,1034000.0,1.576402321083172e-08,Ore processed,1,ore
QC-MAIN-02884fb5,Underground mining and beneficiation at Westwood-Doyon,"Underground, concentrator",Au–Ag free-milling,Air,Volatile Organic Compounds (Total),Emission,,tonnes,0.1524,MetalliCan,MetalliCan,1034000.0,1.4738878143133464e-07,Ore processed,1,ore
QC-MAIN-02884fb5,Underground mining and beneficiation at Westwood-Doyon,"Underground, concentrator",Au–Ag free-milling,Land,,Occupation and transformation,,ha,1014.81,MetalliCan,MetalliCan,1034000.0,0.000981441005802708,Ore processed,1,ore
QC-MAIN-02884fb5,Underground mining and beneficiation at Westwood-Doyon,"Underground, concentrator",Au–Ag free-milling,Water,Water,Consumption,,m3,-893699.9999999998,MetalliCan,MetalliCan,1034000.0,-0.8643133462282396,Ore processed,1,ore
ON-MAIN-7607a50e,Underground mining and beneficiation at Young-Davidson,"Underground, concentrator",Au–Ag free-milling,Air,Carbon monoxide,Emission,,tonnes,187.6,MetalliCan,MetalliCan,2878047.0,6.51830911725903e-05,Ore processed,1,ore
ON-MAIN-7607a50e,Underground mining and beneficiation at Young-Davidson,"Underground, concentrator",Au–Ag free-milling,Air,GHG,Emission,,tonnes,21634.0,MetalliCan,MetalliCan,2878047.0,0.0075169029553721674,Ore processed,1,ore
ON-MAIN-7607a50e,Underground mining and beneficiation at Young-Davidson,"Underground, concentrator",Au–Ag free-milling,Air,GHG,Emission,,tonnes,8006.0,MetalliCan,MetalliCan,2878047.0,0.002781747483623443,Ore processed,1,ore
ON-MAIN-7607a50e,Underground mining and beneficiation at Young-Davidson,"Underground, concentrator",Au–Ag free-milling,Air,GHG,Emission,,tonnes,98564.0,MetalliCan,MetalliCan,2878047.0,0.03424683474592319,Ore processed,1,ore
ON-MAIN-7607a50e,Underground mining and beneficiation at Young-Davidson,"Underground, concentrator",Au–Ag free-milling,Air,N2O,Emission,,tonnes,73.0,MetalliCan,MetalliCan,2878047.0,2.536442247121051e-05,Ore processed,1,ore
ON-MAIN-7607a50e,Underground mining and beneficiation at Young-Davidson,"Underground, concentrator",Au–Ag free-milling,Air,NOx,Emission,,tonnes,28.103,MetalliCan,MetalliCan,2878047.0,9.764607735731905e-06,Ore processed,1,ore
ON-MAIN-7607a50e,Underground mining and beneficiation at Young-Davidson,"Underground, concentrator",Au–Ag free-milling,Air,PM10 - Particulate Matter <= 10 Micrometers,Emission,,tonnes,8.6,MetalliCan,MetalliCan,2878047.0,2.988137441813841e-06,Ore processed,1,ore
ON-MAIN-7607a50e,Underground mining and beneficiation at Young-Davidson,"Underground, concentrator",Au–Ag free-milling,Air,PM2.5 - Particulate Matter <= 2.5 Micrometers,Emission,,tonnes,2.6,MetalliCan,MetalliCan,2878047.0,9.033903893855799e-07,Ore processed,1,ore
ON-MAIN-7607a50e,Underground mining and beneficiation at Young-Davidson,"Underground, concentrator",Au–Ag free-milling,Air,Polycyclic aromatic hydrocarbons (PAH),Emission,,t,38.54224,MetalliCan,MetalliCan,2878047.0,1.3391803538997104e-05,Ore processed,1,ore
ON-MAIN-7607a50e,Underground mining and beneficiation at Young-Davidson,"Underground, concentrator",Au–Ag free-milling,Air,SOx,Emission,,tonnes,0.243,MetalliCan,MetalliCan,2878047.0,8.443225562334458e-08,Ore processed,1,ore
ON-MAIN-7607a50e,Underground mining and beneficiation at Young-Davidson,"Underground, concentrator",Au–Ag free-milling,Air,Volatile Organic Compounds (Total),Emission,,tonnes,31.552,MetalliCan,MetalliCan,2878047.0,1.0962989833036083e-05,Ore processed,1,ore
ON-MAIN-7607a50e,Underground mining and beneficiation at Young-Davidson,"Underground, concentrator",Au–Ag free-milling,Land,,Occupation and transformation,,ha,1413.0,MetalliCan,MetalliCan,2878047.0,0.0004909579308468555,Ore processed,1,ore
ON-MAIN-7607a50e,Underground mining and beneficiation at Young-Davidson,"Underground, concentrator",Au–Ag free-milling,Land,,Occupation and transformation,,ha,432.0,MetalliCan,MetalliCan,2878047.0,0.00015010178777483482,Ore processed,1,ore
ON-MAIN-7607a50e,Underground mining and beneficiation at Young-Davidson,"Underground, concentrator",Au–Ag free-milling,Water,Water,Consumption,,m3,1790810.0,MetalliCan,MetalliCan,2878047.0,0.6222309781598424,Ore processed,1,ore
GRP-0a2c0d69,Open-pit and underground mining at Meadowbank complex,"Open-pit, underground",Au–Ag free-milling,Air,N2O,Emission,Industrial Processes,tonnes,0.0,MetalliCan,MetalliCan,3842649.005728,0.0,Ore processed,1,ore
GRP-0a2c0d69,Open-pit and underground mining at Meadowbank complex,"Open-pit, underground",Au–Ag free-milling,Air,N2O,Emission,On-site Transportation,tonnes,10.508047,MetalliCan,MetalliCan,3842649.005728,2.734584133064535e-06,Ore processed,1,ore
GRP-0a2c0d69,Open-pit and underground mining at Meadowbank complex,"Open-pit, underground",Au–Ag free-milling,Air,N2O,Emission,Stationary Fuel Combustion,tonnes,0.952699,MetalliCan,MetalliCan,3842649.005728,2.479276661958639e-07,Ore processed,1,ore
GRP-0a2c0d69,Open-pit and underground mining at Meadowbank complex,"Open-pit, underground",Au–Ag free-milling,Air,N2O,Emission,Waste,tonnes,0.038796,MetalliCan,MetalliCan,3842649.005728,1.0096160211918703e-08,Ore processed,1,ore
GRP-0a2c0d69,Open-pit and underground mining at Meadowbank complex,"Open-pit, underground",Au–Ag free-milling,Air,Nitrogen oxides (expressed as nitrogen dioxide),Emission,Fugitive Emissions,tonnes,0.12,MetalliCan,MetalliCan,3842649.005728,3.122845719739778e-08,Ore processed,1,ore
GRP-0a2c0d69,Open-pit and underground mining at Meadowbank complex,"Open-pit, underground",Au–Ag free-milling,Air,Nitrogen oxides (expressed as nitrogen dioxide),Emission,Stack Emissions,tonnes,2137.153436,MetalliCan,MetalliCan,3842649.005728,0.0005561667050033134,Ore processed,1,ore
GRP-0a2c0d69,Open-pit and underground mining at Meadowbank complex,"Open-pit, underground",Au–Ag free-milling,Air,CO2,Emission,Industrial Processes,tonnes,0.0,MetalliCan,MetalliCan,3842649.005728,0.0,Ore processed,1,ore
GRP-0a2c0d69,Open-pit and underground mining at Meadowbank complex,"Open-pit, underground",Au–Ag free-milling,Air,CO2,Emission,On-site Transportation,tonnes,130092.212,MetalliCan,MetalliCan,3842649.005728,0.03385482561797332,Ore processed,1,ore
GRP-0a2c0d69,Open-pit and underground mining at Meadowbank complex,"Open-pit, underground",Au–Ag free-milling,Air,CO2,Emission,Stationary Fuel Combustion,tonnes,119625.2855,MetalliCan,MetalliCan,3842649.005728,0.031130942566360332,Ore processed,1,ore
GRP-0a2c0d69,Open-pit and underground mining at Meadowbank complex,"Open-pit, underground",Au–Ag free-milling,Air,CO2,Emission,Waste,tonnes,0.0,MetalliCan,MetalliCan,3842649.005728,0.0,Ore processed,1,ore
GRP-0a2c0d69,Open-pit and underground mining at Meadowbank complex,"Open-pit, underground",Au–Ag free-milling,Air,Carbon monoxide,Emission,Fugitive Emissions,tonnes,388.343952,MetalliCan,MetalliCan,3842649.005728,0.00010106152069083584,Ore processed,1,ore
GRP-0a2c0d69,Open-pit and underground mining at Meadowbank complex,"Open-pit, underground",Au–Ag free-milling,Air,Carbon monoxide,Emission,Stack Emissions,tonnes,565.29706,MetalliCan,MetalliCan,3842649.005728,0.0001471112920168734,Ore processed,1,ore
GRP-0a2c0d69,Open-pit and underground mining at Meadowbank complex,"Open-pit, underground",Au–Ag free-milling,Air,CH4,Emission,Industrial Processes,tonnes,0.0,MetalliCan,MetalliCan,3842649.005728,0.0,Ore processed,1,ore
GRP-0a2c0d69,Open-pit and underground mining at Meadowbank complex,"Open-pit, underground",Au–Ag free-milling,Air,CH4,Emission,On-site Transportation,tonnes,3.649348,MetalliCan,MetalliCan,3842649.005728,9.496958984700767e-07,Ore processed,1,ore
GRP-0a2c0d69,Open-pit and underground mining at Meadowbank complex,"Open-pit, underground",Au–Ag free-milling,Air,CH4,Emission,Stationary Fuel Combustion,tonnes,3.254608,MetalliCan,MetalliCan,3842649.005728,8.469698885192368e-07,Ore processed,1,ore
GRP-0a2c0d69,Open-pit and underground mining at Meadowbank complex,"Open-pit, underground",Au–Ag free-milling,Air,CH4,Emission,Waste,tonnes,0.646606,MetalliCan,MetalliCan,3842649.005728,1.682708982881716e-07,Ore processed,1,ore
GRP-0a2c0d69,Open-pit and underground mining at Meadowbank complex,"Open-pit, underground",Au–Ag free-milling,Air,Hydrogen sulphide,Emission,Fugitive Emissions,tonnes,193.916976,MetalliCan,MetalliCan,3842649.005728,5.046439987387345e-05,Ore processed,1,ore
GRP-0a2c0d69,Open-pit and underground mining at Meadowbank complex,"Open-pit, underground",Au–Ag free-milling,Air,Antimony (and its compounds),Emission,Fugitive Emissions,tonnes,0.00014,MetalliCan,MetalliCan,3842649.005728,3.643320006363075e-11,Ore processed,1,ore
GRP-0a2c0d69,Open-pit and underground mining at Meadowbank complex,"Open-pit, underground",Au–Ag free-milling,Air,Arsenic (and its compounds),Emission,Fugitive Emissions,kg,37.416019,MetalliCan,MetalliCan,3842649.005728,9.737037898654352e-06,Ore processed,1,ore
GRP-0a2c0d69,Open-pit and underground mining at Meadowbank complex,"Open-pit, underground",Au–Ag free-milling,Air,Arsenic (and its compounds),Emission,Stack Emissions,kg,4.104485,MetalliCan,MetalliCan,3842649.005728,1.0681394511655105e-06,Ore processed,1,ore
GRP-0a2c0d69,Open-pit and underground mining at Meadowbank complex,"Open-pit, underground",Au–Ag free-milling,Air,Cadmium (and its compounds),Emission,Fugitive Emissions,kg,0.009691,MetalliCan,MetalliCan,3842649.005728,2.5219581558331826e-09,Ore processed,1,ore
GRP-0a2c0d69,Open-pit and underground mining at Meadowbank complex,"Open-pit, underground",Au–Ag free-milling,Air,Cadmium (and its compounds),Emission,Stack Emissions,kg,0.420661,MetalliCan,MetalliCan,3842649.005728,1.0947161694262125e-07,Ore processed,1,ore
GRP-0a2c0d69,Open-pit and underground mining at Meadowbank complex,"Open-pit, underground",Au–Ag free-milling,Air,Chromium (and its compounds),Emission,Fugitive Emissions,tonnes,0.020422,MetalliCan,MetalliCan,3842649.005728,5.314562940710479e-09,Ore processed,1,ore
GRP-0a2c0d69,Open-pit and underground mining at Meadowbank complex,"Open-pit, underground",Au–Ag free-milling,Air,Chromium (and its compounds),Emission,Other,tonnes,0.000269,MetalliCan,MetalliCan,3842649.005728,7.000379155083336e-11,Ore processed,1,ore
GRP-0a2c0d69,Open-pit and underground mining at Meadowbank complex,"Open-pit, underground",Au–Ag free-milling,Air,Chromium (and its compounds),Emission,Stack Emissions,tonnes,0.000809,MetalliCan,MetalliCan,3842649.005728,2.105318489391234e-10,Ore processed,1,ore
GRP-0a2c0d69,Open-pit and underground mining at Meadowbank complex,"Open-pit, underground",Au–Ag free-milling,Air,Cobalt (and its compounds),Emission,Fugitive Emissions,kg,2.279924,MetalliCan,MetalliCan,3842649.005728,5.933209087276662e-07,Ore processed,1,ore
GRP-0a2c0d69,Open-pit and underground mining at Meadowbank complex,"Open-pit, underground",Au–Ag free-milling,Air,Cobalt (and its compounds),Emission,Other,kg,2e-06,MetalliCan,MetalliCan,3842649.005728,5.204742866232964e-13,Ore processed,1,ore
GRP-0a2c0d69,Open-pit and underground mining at Meadowbank complex,"Open-pit, underground",Au–Ag free-milling,Air,Cobalt (and its compounds),Emission,Stack Emissions,kg,0.007625,MetalliCan,MetalliCan,3842649.005728,1.9843082177513174e-09,Ore processed,1,ore
GRP-0a2c0d69,Open-pit and underground mining at Meadowbank complex,"Open-pit, underground",Au–Ag free-milling,Air,Copper (and its compounds),Emission,Fugitive Emissions,tonnes,0.002371,MetalliCan,MetalliCan,3842649.005728,6.170222667919179e-10,Ore processed,1,ore
GRP-0a2c0d69,Open-pit and underground mining at Meadowbank complex,"Open-pit, underground",Au–Ag free-milling,Air,Copper (and its compounds),Emission,Other,tonnes,0.000156,MetalliCan,MetalliCan,3842649.005728,4.059699435661712e-11,Ore processed,1,ore
GRP-0a2c0d69,Open-pit and underground mining at Meadowbank complex,"Open-pit, underground",Au–Ag free-milling,Air,Copper (and its compounds),Emission,Stack Emissions,tonnes,0.000166,MetalliCan,MetalliCan,3842649.005728,4.31993657897336e-11,Ore processed,1,ore
GRP-0a2c0d69,Open-pit and underground mining at Meadowbank complex,"Open-pit, underground",Au–Ag free-milling,Air,Cyanides (ionic),Emission,Fugitive Emissions,tonnes,11.136658,MetalliCan,MetalliCan,3842649.005728,2.898172063958814e-06,Ore processed,1,ore
GRP-0a2c0d69,Open-pit and underground mining at Meadowbank complex,"Open-pit, underground",Au–Ag free-milling,Air,Lead (and its compounds),Emission,Fugitive Emissions,kg,0.614669,MetalliCan,MetalliCan,3842649.005728,1.599597046422275e-07,Ore processed,1,ore
GRP-0a2c0d69,Open-pit and underground mining at Meadowbank complex,"Open-pit, underground",Au–Ag free-milling,Air,Lead (and its compounds),Emission,Other,kg,8e-06,MetalliCan,MetalliCan,3842649.005728,2.0818971464931858e-12,Ore processed,1,ore
GRP-0a2c0d69,Open-pit and underground mining at Meadowbank complex,"Open-pit, underground",Au–Ag free-milling,Air,Lead (and its compounds),Emission,Stack Emissions,kg,0.806544,MetalliCan,MetalliCan,3842649.005728,2.0989270651515e-07,Ore processed,1,ore
GRP-0a2c0d69,Open-pit and underground mining at Meadowbank complex,"Open-pit, underground",Au–Ag free-milling,Air,Manganese (and its compounds),Emission,Fugitive Emissions,tonnes,0.103022,MetalliCan,MetalliCan,3842649.005728,2.6810150978252623e-08,Ore processed,1,ore
GRP-0a2c0d69,Open-pit and underground mining at Meadowbank complex,"Open-pit, underground",Au–Ag free-milling,Air,Manganese (and its compounds),Emission,Other,tonnes,0.00477,MetalliCan,MetalliCan,3842649.005728,1.241331173596562e-09,Ore processed,1,ore
GRP-0a2c0d69,Open-pit and underground mining at Meadowbank complex,"Open-pit, underground",Au–Ag free-milling,Air,Manganese (and its compounds),Emission,Stack Emissions,tonnes,0.002635,MetalliCan,MetalliCan,3842649.005728,6.85724872626193e-10,Ore processed,1,ore
GRP-0a2c0d69,Open-pit and underground mining at Meadowbank complex,"Open-pit, underground",Au–Ag free-milling,Air,Nickel (and its compounds),Emission,Fugitive Emissions,tonnes,0.022244,MetalliCan,MetalliCan,3842649.005728,5.7887150158243025e-09,Ore processed,1,ore
GRP-0a2c0d69,Open-pit and underground mining at Meadowbank complex,"Open-pit, underground",Au–Ag free-milling,Air,Nickel (and its compounds),Emission,Other,tonnes,0.000317,MetalliCan,MetalliCan,3842649.005728,8.249517442979248e-11,Ore processed,1,ore
GRP-0a2c0d69,Open-pit and underground mining at Meadowbank complex,"Open-pit, underground",Au–Ag free-milling,Air,Nickel (and its compounds),Emission,Stack Emissions,tonnes,0.000482,MetalliCan,MetalliCan,3842649.005728,1.2543430307621444e-10,Ore processed,1,ore
GRP-0a2c0d69,Open-pit and underground mining at Meadowbank complex,"Open-pit, underground",Au–Ag free-milling,Air,Selenium (and its compounds),Emission,Fugitive Emissions,kg,0.027072,MetalliCan,MetalliCan,3842649.005728,7.04513994373294e-09,Ore processed,1,ore
GRP-0a2c0d69,Open-pit and underground mining at Meadowbank complex,"Open-pit, underground",Au–Ag free-milling,Air,Selenium (and its compounds),Emission,Stack Emissions,kg,0.415012,MetalliCan,MetalliCan,3842649.005728,1.0800153732005375e-07,Ore processed,1,ore
GRP-0a2c0d69,Open-pit and underground mining at Meadowbank complex,"Open-pit, underground",Au–Ag free-milling,Air,Zinc (and its compounds),Emission,Fugitive Emissions,tonnes,0.004424,MetalliCan,MetalliCan,3842649.005728,1.1512891220107316e-09,Ore processed,1,ore
GRP-0a2c0d69,Open-pit and underground mining at Meadowbank complex,"Open-pit, underground",Au–Ag free-milling,Air,Zinc (and its compounds),Emission,Other,tonnes,0.006086,MetalliCan,MetalliCan,3842649.005728,1.583803254194691e-09,Ore processed,1,ore
GRP-0a2c0d69,Open-pit and underground mining at Meadowbank complex,"Open-pit, underground",Au–Ag free-milling,Air,Zinc (and its compounds),Emission,Stack Emissions,tonnes,0.000111,MetalliCan,MetalliCan,3842649.005728,2.8886322907592953e-11,Ore processed,1,ore
GRP-0a2c0d69,Open-pit and underground mining at Meadowbank complex,"Open-pit, underground",Au–Ag free-milling,Air,Phosphorus (total),Emission,Fugitive Emissions,tonnes,0.030685,MetalliCan,MetalliCan,3842649.005728,7.985376742517925e-09,Ore processed,1,ore
GRP-0a2c0d69,Open-pit and underground mining at Meadowbank complex,"Open-pit, underground",Au–Ag free-milling,Air,Thallium (and its compounds),Emission,Fugitive Emissions,kg,0.019203,MetalliCan,MetalliCan,3842649.005728,4.997333863013581e-09,Ore processed,1,ore
GRP-0a2c0d69,Open-pit and underground mining at Meadowbank complex,"Open-pit, underground",Au–Ag free-milling,Air,Vanadium (and its compounds),Emission,Fugitive Emissions,tonnes,0.005977,MetalliCan,MetalliCan,3842649.005728,1.5554374055737212e-09,Ore processed,1,ore
GRP-0a2c0d69,Open-pit and underground mining at Meadowbank complex,"Open-pit, underground",Au–Ag free-milling,Air,Total particulate matter,Emission,Fugitive Emissions,tonnes,200.42791,MetalliCan,MetalliCan,3842649.005728,5.215878673832413e-05,Ore processed,1,ore
GRP-0a2c0d69,Open-pit and underground mining at Meadowbank complex,"Open-pit, underground",Au–Ag free-milling,Air,Total particulate matter,Emission,Other,tonnes,0.082589,MetalliCan,MetalliCan,3842649.005728,2.1492725428965712e-08,Ore processed,1,ore
GRP-0a2c0d69,Open-pit and underground mining at Meadowbank complex,"Open-pit, underground",Au–Ag free-milling,Air,Total particulate matter,Emission,Stack Emissions,tonnes,45.905494,MetalliCan,MetalliCan,3842649.005728,1.1946314620870007e-05,Ore processed,1,ore
GRP-0a2c0d69,Open-pit and underground mining at Meadowbank complex,"Open-pit, underground",Au–Ag free-milling,Air,PM10 - Particulate Matter <= 10 Micrometers,Emission,Fugitive Emissions,tonnes,99.937265,MetalliCan,MetalliCan,3842649.005728,2.6007388353979163e-05,Ore processed,1,ore
GRP-0a2c0d69,Open-pit and underground mining at Meadowbank complex,"Open-pit, underground",Au–Ag free-milling,Air,PM10 - Particulate Matter <= 10 Micrometers,Emission,Other,tonnes,0.082589,MetalliCan,MetalliCan,3842649.005728,2.1492725428965712e-08,Ore processed,1,ore
GRP-0a2c0d69,Open-pit and underground mining at Meadowbank complex,"Open-pit, underground",Au–Ag free-milling,Air,PM10 - Particulate Matter <= 10 Micrometers,Emission,Stack Emissions,tonnes,37.240894,MetalliCan,MetalliCan,3842649.005728,9.691463868931899e-06,Ore processed,1,ore
GRP-0a2c0d69,Open-pit and underground mining at Meadowbank complex,"Open-pit, underground",Au–Ag free-milling,Air,PM2.5 - Particulate Matter <= 2.5 Micrometers,Emission,Fugitive Emissions,tonnes,41.623072,MetalliCan,MetalliCan,3842649.005728,1.0831869353135051e-05,Ore processed,1,ore
GRP-0a2c0d69,Open-pit and underground mining at Meadowbank complex,"Open-pit, underground",Au–Ag free-milling,Air,PM2.5 - Particulate Matter <= 2.5 Micrometers,Emission,Other,tonnes,0.061942,MetalliCan,MetalliCan,3842649.005728,1.6119609131010112e-08,Ore processed,1,ore
GRP-0a2c0d69,Open-pit and underground mining at Meadowbank complex,"Open-pit, underground",Au–Ag free-milling,Air,PM2.5 - Particulate Matter <= 2.5 Micrometers,Emission,Stack Emissions,tonnes,35.679527,MetalliCan,MetalliCan,3842649.005728,9.285138181190821e-06,Ore processed,1,ore
GRP-0a2c0d69,Open-pit and underground mining at Meadowbank complex,"Open-pit, underground",Au–Ag free-milling,Air,Total reduced sulphur (expressed as hydrogen sulphide),Emission,Fugitive Emissions,tonnes,193.916976,MetalliCan,MetalliCan,3842649.005728,5.046439987387345e-05,Ore processed,1,ore
GRP-0a2c0d69,Open-pit and underground mining at Meadowbank complex,"Open-pit, underground",Au–Ag free-milling,Air,Volatile Organic Compounds (Total),Emission,Stack Emissions,tonnes,57.203572,MetalliCan,MetalliCan,3842649.005728,1.4886494164502186e-05,Ore processed,1,ore
GRP-0a2c0d69,Open-pit and underground mining at Meadowbank complex,"Open-pit, underground",Au–Ag free-milling,Air,NOx,Emission,,tonnes,6726.0,MetalliCan,MetalliCan,3842649.005728,0.001750355025914146,Ore processed,1,ore
GRP-0a2c0d69,Open-pit and underground mining at Meadowbank complex,"Open-pit, underground",Au–Ag free-milling,Air,SOx,Emission,,tonnes,442.0,MetalliCan,MetalliCan,3842649.005728,0.00011502481734374851,Ore processed,1,ore
GRP-0a2c0d69,Open-pit and underground mining at Meadowbank complex,"Open-pit, underground",Au–Ag free-milling,Land,Ethylene glycol,Emission,Spills,tonnes,0.6204,MetalliCan,MetalliCan,3842649.005728,1.6145112371054654e-07,Ore processed,1,ore
GRP-0a2c0d69,Open-pit and underground mining at Meadowbank complex,"Open-pit, underground",Au–Ag free-milling,Land,,Occupation and transformation,,ha,7191.02,MetalliCan,MetalliCan,3842649.005728,0.0018713705022969287,Ore processed,1,ore
GRP-0a2c0d69,Open-pit and underground mining at Meadowbank complex,"Open-pit, underground",Au–Ag free-milling,Water,Water,Consumption,,m3,1400259.0,MetalliCan,MetalliCan,3842649.005728,0.36439940205642524,Ore processed,1,ore
GRP-0a2c0d69,Open-pit and underground mining at Meadowbank complex,"Open-pit, underground",Au–Ag free-milling,Water,Antimony (and its compounds),Emission,Direct Discharge,tonnes,0.005733,MetalliCan,MetalliCan,3842649.005728,1.4919395426056792e-09,Ore processed,1,ore
GRP-0a2c0d69,Open-pit and underground mining at Meadowbank complex,"Open-pit, underground",Au–Ag free-milling,Water,Antimony (and its compounds),Emission,Waterbody,tonnes,0.0,MetalliCan,MetalliCan,3842649.005728,0.0,Ore processed,1,ore
GRP-0a2c0d69,Open-pit and underground mining at Meadowbank complex,"Open-pit, underground",Au–Ag free-milling,Water,Arsenic (and its compounds),Emission,Direct Discharge,kg,9.469933,MetalliCan,MetalliCan,3842649.005728,2.4644283112727065e-06,Ore processed,1,ore
GRP-0a2c0d69,Open-pit and underground mining at Meadowbank complex,"Open-pit, underground",Au–Ag free-milling,Water,Arsenic (and its compounds),Emission,Waterbody,kg,0.0,MetalliCan,MetalliCan,3842649.005728,0.0,Ore processed,1,ore
GRP-0a2c0d69,Open-pit and underground mining at Meadowbank complex,"Open-pit, underground",Au–Ag free-milling,Water,Cadmium (and its compounds),Emission,Direct Discharge,kg,0.020111,MetalliCan,MetalliCan,3842649.005728,5.233629189140557e-09,Ore processed,1,ore
GRP-0a2c0d69,Open-pit and underground mining at Meadowbank complex,"Open-pit, underground",Au–Ag free-milling,Water,Cadmium (and its compounds),Emission,Waterbody,kg,0.0,MetalliCan,MetalliCan,3842649.005728,0.0,Ore processed,1,ore
GRP-0a2c0d69,Open-pit and underground mining at Meadowbank complex,"Open-pit, underground",Au–Ag free-milling,Water,Chromium (and its compounds),Emission,Direct Discharge,tonnes,0.001816,MetalliCan,MetalliCan,3842649.005728,4.725906522539531e-10,Ore processed,1,ore
GRP-0a2c0d69,Open-pit and underground mining at Meadowbank complex,"Open-pit, underground",Au–Ag free-milling,Water,Chromium (and its compounds),Emission,Waterbody,tonnes,0.0,MetalliCan,MetalliCan,3842649.005728,0.0,Ore processed,1,ore
GRP-0a2c0d69,Open-pit and underground mining at Meadowbank complex,"Open-pit, underground",Au–Ag free-milling,Water,Cobalt (and its compounds),Emission,Direct Discharge,kg,1.950833,MetalliCan,MetalliCan,3842649.005728,5.076792069980926e-07,Ore processed,1,ore
GRP-0a2c0d69,Open-pit and underground mining at Meadowbank complex,"Open-pit, underground",Au–Ag free-milling,Water,Cobalt (and its compounds),Emission,Waterbody,kg,0.0,MetalliCan,MetalliCan,3842649.005728,0.0,Ore processed,1,ore
GRP-0a2c0d69,Open-pit and underground mining at Meadowbank complex,"Open-pit, underground",Au–Ag free-milling,Water,Copper (and its compounds),Emission,Direct Discharge,tonnes,0.002213,MetalliCan,MetalliCan,3842649.005728,5.759047981486775e-10,Ore processed,1,ore
GRP-0a2c0d69,Open-pit and underground mining at Meadowbank complex,"Open-pit, underground",Au–Ag free-milling,Water,Copper (and its compounds),Emission,Waterbody,tonnes,0.0,MetalliCan,MetalliCan,3842649.005728,0.0,Ore processed,1,ore
GRP-0a2c0d69,Open-pit and underground mining at Meadowbank complex,"Open-pit, underground",Au–Ag free-milling,Water,Cyanides (ionic),Emission,Direct Discharge,tonnes,0.027004,MetalliCan,MetalliCan,3842649.005728,7.027443817987749e-09,Ore processed,1,ore
GRP-0a2c0d69,Open-pit and underground mining at Meadowbank complex,"Open-pit, underground",Au–Ag free-milling,Water,Cyanides (ionic),Emission,Waterbody,tonnes,0.0,MetalliCan,MetalliCan,3842649.005728,0.0,Ore processed,1,ore
GRP-0a2c0d69,Open-pit and underground mining at Meadowbank complex,"Open-pit, underground",Au–Ag free-milling,Water,Lead (and its compounds),Emission,Direct Discharge,kg,0.19403,MetalliCan,MetalliCan,3842649.005728,5.0493812916759106e-08,Ore processed,1,ore
GRP-0a2c0d69,Open-pit and underground mining at Meadowbank complex,"Open-pit, underground",Au–Ag free-milling,Water,Lead (and its compounds),Emission,Waterbody,kg,0.0,MetalliCan,MetalliCan,3842649.005728,0.0,Ore processed,1,ore
GRP-0a2c0d69,Open-pit and underground mining at Meadowbank complex,"Open-pit, underground",Au–Ag free-milling,Water,Manganese (and its compounds),Emission,Direct Discharge,tonnes,0.422174,MetalliCan,MetalliCan,3842649.005728,1.0986535574045177e-07,Ore processed,1,ore
GRP-0a2c0d69,Open-pit and underground mining at Meadowbank complex,"Open-pit, underground",Au–Ag free-milling,Water,Manganese (and its compounds),Emission,Waterbody,tonnes,0.0,MetalliCan,MetalliCan,3842649.005728,0.0,Ore processed,1,ore
GRP-0a2c0d69,Open-pit and underground mining at Meadowbank complex,"Open-pit, underground",Au–Ag free-milling,Water,Nickel (and its compounds),Emission,Direct Discharge,tonnes,0.022557,MetalliCan,MetalliCan,3842649.005728,5.8701692416808485e-09,Ore processed,1,ore
GRP-0a2c0d69,Open-pit and underground mining at Meadowbank complex,"Open-pit, underground",Au–Ag free-milling,Water,Nickel (and its compounds),Emission,Waterbody,tonnes,0.0,MetalliCan,MetalliCan,3842649.005728,0.0,Ore processed,1,ore
GRP-0a2c0d69,Open-pit and underground mining at Meadowbank complex,"Open-pit, underground",Au–Ag free-milling,Water,Selenium (and its compounds),Emission,Direct Discharge,kg,0.299828,MetalliCan,MetalliCan,3842649.005728,7.802638220484486e-08,Ore processed,1,ore
GRP-0a2c0d69,Open-pit and underground mining at Meadowbank complex,"Open-pit, underground",Au–Ag free-milling,Water,Selenium (and its compounds),Emission,Waterbody,kg,0.0,MetalliCan,MetalliCan,3842649.005728,0.0,Ore processed,1,ore
GRP-0a2c0d69,Open-pit and underground mining at Meadowbank complex,"Open-pit, underground",Au–Ag free-milling,Water,Zinc (and its compounds),Emission,Direct Discharge,tonnes,0.013241,MetalliCan,MetalliCan,3842649.005728,3.445800014589534e-09,Ore processed,1,ore
GRP-0a2c0d69,Open-pit and underground mining at Meadowbank complex,"Open-pit, underground",Au–Ag free-milling,Water,Zinc (and its compounds),Emission,Waterbody,tonnes,0.0,MetalliCan,MetalliCan,3842649.005728,0.0,Ore processed,1,ore
GRP-0a2c0d69,Open-pit and underground mining at Meadowbank complex,"Open-pit, underground",Au–Ag free-milling,Water,Phosphorus (total),Emission,Direct Discharge,tonnes,0.002241,MetalliCan,MetalliCan,3842649.005728,5.831914381614037e-10,Ore processed,1,ore
GRP-0a2c0d69,Open-pit and underground mining at Meadowbank complex,"Open-pit, underground",Au–Ag free-milling,Water,Phosphorus (total),Emission,Waterbody,tonnes,0.0,MetalliCan,MetalliCan,3842649.005728,0.0,Ore processed,1,ore
GRP-0a2c0d69,Open-pit and underground mining at Meadowbank complex,"Open-pit, underground",Au–Ag free-milling,Water,Thallium (and its compounds),Emission,Direct Discharge,kg,0.029394,MetalliCan,MetalliCan,3842649.005728,7.649410590502588e-09,Ore processed,1,ore
GRP-0a2c0d69,Open-pit and underground mining at Meadowbank complex,"Open-pit, underground",Au–Ag free-milling,Water,Thallium (and its compounds),Emission,Waterbody,kg,0.0,MetalliCan,MetalliCan,3842649.005728,0.0,Ore processed,1,ore
GRP-0d911886,Open-pit and underground mining at Porcupine complex,"Open-pit, underground",Au–Ag free-milling,Air,Carbon monoxide,Emission,,tonnes,58.1,MetalliCan,MetalliCan,2911000.0,1.9958777052559258e-05,Ore processed,1,ore
GRP-0d911886,Open-pit and underground mining at Porcupine complex,"Open-pit, underground",Au–Ag free-milling,Air,Hydrochloric acid,Emission,Stack Emissions,tonnes,0.004109,MetalliCan,MetalliCan,2911000.0,1.4115424252834076e-09,Ore processed,1,ore
GRP-0d911886,Open-pit and underground mining at Porcupine complex,"Open-pit, underground",Au–Ag free-milling,Air,Arsenic (and its compounds),Emission,Fugitive Emissions,kg,0.059145,MetalliCan,MetalliCan,2911000.0,2.031776021985572e-08,Ore processed,1,ore
GRP-0d911886,Open-pit and underground mining at Porcupine complex,"Open-pit, underground",Au–Ag free-milling,Air,Arsenic (and its compounds),Emission,Stack Emissions,kg,0.093748,MetalliCan,MetalliCan,2911000.0,3.2204740638955683e-08,Ore processed,1,ore
GRP-0d911886,Open-pit and underground mining at Porcupine complex,"Open-pit, underground",Au–Ag free-milling,Air,Arsenic (and its compounds),Emission,,kg,30.0,MetalliCan,MetalliCan,2911000.0,1.0305736860185502e-05,Ore processed,1,ore
GRP-0d911886,Open-pit and underground mining at Porcupine complex,"Open-pit, underground",Au–Ag free-milling,Air,Cadmium (and its compounds),Emission,Fugitive Emissions,kg,0.00165,MetalliCan,MetalliCan,2911000.0,5.668155273102027e-10,Ore processed,1,ore
GRP-0d911886,Open-pit and underground mining at Porcupine complex,"Open-pit, underground",Au–Ag free-milling,Air,Cadmium (and its compounds),Emission,Stack Emissions,kg,0.018764,MetalliCan,MetalliCan,2911000.0,6.445894881484026e-09,Ore processed,1,ore
GRP-0d911886,Open-pit and underground mining at Porcupine complex,"Open-pit, underground",Au–Ag free-milling,Air,Chromium (and its compounds),Emission,Fugitive Emissions,tonnes,0.000399,MetalliCan,MetalliCan,2911000.0,1.370663002404672e-10,Ore processed,1,ore
GRP-0d911886,Open-pit and underground mining at Porcupine complex,"Open-pit, underground",Au–Ag free-milling,Air,Chromium (and its compounds),Emission,Stack Emissions,tonnes,0.000618,MetalliCan,MetalliCan,2911000.0,2.1229817931982134e-10,Ore processed,1,ore
GRP-0d911886,Open-pit and underground mining at Porcupine complex,"Open-pit, underground",Au–Ag free-milling,Air,Cobalt (and its compounds),Emission,Fugitive Emissions,kg,0.21069,MetalliCan,MetalliCan,2911000.0,7.237718996908278e-08,Ore processed,1,ore
GRP-0d911886,Open-pit and underground mining at Porcupine complex,"Open-pit, underground",Au–Ag free-milling,Air,Cobalt (and its compounds),Emission,Stack Emissions,kg,0.320211,MetalliCan,MetalliCan,2911000.0,1.1000034352456202e-07,Ore processed,1,ore
GRP-0d911886,Open-pit and underground mining at Porcupine complex,"Open-pit, underground",Au–Ag free-milling,Air,Copper (and its compounds),Emission,Fugitive Emissions,tonnes,0.000431,MetalliCan,MetalliCan,2911000.0,1.4805908622466508e-10,Ore processed,1,ore
GRP-0d911886,Open-pit and underground mining at Porcupine complex,"Open-pit, underground",Au–Ag free-milling,Air,Copper (and its compounds),Emission,Stack Emissions,tonnes,0.000658,MetalliCan,MetalliCan,2911000.0,2.2603916180006868e-10,Ore processed,1,ore
GRP-0d911886,Open-pit and underground mining at Porcupine complex,"Open-pit, underground",Au–Ag free-milling,Air,Lead (and its compounds),Emission,Fugitive Emissions,kg,0.064905,MetalliCan,MetalliCan,2911000.0,2.2296461697011337e-08,Ore processed,1,ore
GRP-0d911886,Open-pit and underground mining at Porcupine complex,"Open-pit, underground",Au–Ag free-milling,Air,Lead (and its compounds),Emission,Stack Emissions,kg,0.103103,MetalliCan,MetalliCan,2911000.0,3.541841291652353e-08,Ore processed,1,ore
GRP-0d911886,Open-pit and underground mining at Porcupine complex,"Open-pit, underground",Au–Ag free-milling,Air,Lead (and its compounds),Emission,,kg,60.0,MetalliCan,MetalliCan,2911000.0,2.0611473720371005e-05,Ore processed,1,ore
GRP-0d911886,Open-pit and underground mining at Porcupine complex,"Open-pit, underground",Au–Ag free-milling,Air,Manganese (and its compounds),Emission,Fugitive Emissions,tonnes,0.005024,MetalliCan,MetalliCan,2911000.0,1.7258673995190656e-09,Ore processed,1,ore
GRP-0d911886,Open-pit and underground mining at Porcupine complex,"Open-pit, underground",Au–Ag free-milling,Air,Manganese (and its compounds),Emission,Stack Emissions,tonnes,0.00753,MetalliCan,MetalliCan,2911000.0,2.5867399519065612e-09,Ore processed,1,ore
GRP-0d911886,Open-pit and underground mining at Porcupine complex,"Open-pit, underground",Au–Ag free-milling,Air,Mercury (and its compounds),Emission,,tonnes,0.09,MetalliCan,MetalliCan,2911000.0,3.091721058055651e-08,Ore processed,1,ore
GRP-0d911886,Open-pit and underground mining at Porcupine complex,"Open-pit, underground",Au–Ag free-milling,Air,Nickel (and its compounds),Emission,Fugitive Emissions,tonnes,0.000234,MetalliCan,MetalliCan,2911000.0,8.038474750944692e-11,Ore processed,1,ore
GRP-0d911886,Open-pit and underground mining at Porcupine complex,"Open-pit, underground",Au–Ag free-milling,Air,Nickel (and its compounds),Emission,Stack Emissions,tonnes,0.000382,MetalliCan,MetalliCan,2911000.0,1.3122638268636207e-10,Ore processed,1,ore
GRP-0d911886,Open-pit and underground mining at Porcupine complex,"Open-pit, underground",Au–Ag free-milling,Air,Zinc (and its compounds),Emission,Fugitive Emissions,tonnes,0.000789,MetalliCan,MetalliCan,2911000.0,2.7104087942287874e-10,Ore processed,1,ore
GRP-0d911886,Open-pit and underground mining at Porcupine complex,"Open-pit, underground",Au–Ag free-milling,Air,Zinc (and its compounds),Emission,Stack Emissions,tonnes,0.001611,MetalliCan,MetalliCan,2911000.0,5.534180693919616e-10,Ore processed,1,ore
GRP-0d911886,Open-pit and underground mining at Porcupine complex,"Open-pit, underground",Au–Ag free-milling,Air,Thallium (and its compounds),Emission,Fugitive Emissions,kg,0.008506,MetalliCan,MetalliCan,2911000.0,2.9220199244245964e-09,Ore processed,1,ore
GRP-0d911886,Open-pit and underground mining at Porcupine complex,"Open-pit, underground",Au–Ag free-milling,Air,Thallium (and its compounds),Emission,Stack Emissions,kg,0.012513,MetalliCan,MetalliCan,2911000.0,4.2985228443833736e-09,Ore processed,1,ore
GRP-0d911886,Open-pit and underground mining at Porcupine complex,"Open-pit, underground",Au–Ag free-milling,Air,Vanadium (and its compounds),Emission,Fugitive Emissions,tonnes,0.000458,MetalliCan,MetalliCan,2911000.0,1.5733424939883201e-10,Ore processed,1,ore
GRP-0d911886,Open-pit and underground mining at Porcupine complex,"Open-pit, underground",Au–Ag free-milling,Air,Vanadium (and its compounds),Emission,Stack Emissions,tonnes,0.00072,MetalliCan,MetalliCan,2911000.0,2.473376846444521e-10,Ore processed,1,ore
GRP-0d911886,Open-pit and underground mining at Porcupine complex,"Open-pit, underground",Au–Ag free-milling,Air,GHG,Emission,,tonnes,175679.6003086601,MetalliCan,MetalliCan,2911000.0,0.06035025774945383,Ore processed,1,ore
GRP-0d911886,Open-pit and underground mining at Porcupine complex,"Open-pit, underground",Au–Ag free-milling,Air,Total particulate matter,Emission,Fugitive Emissions,tonnes,8.342477,MetalliCan,MetalliCan,2911000.0,2.8658457574716593e-06,Ore processed,1,ore
GRP-0d911886,Open-pit and underground mining at Porcupine complex,"Open-pit, underground",Au–Ag free-milling,Air,Total particulate matter,Emission,Stack Emissions,tonnes,12.296195,MetalliCan,MetalliCan,2911000.0,4.224045001717623e-06,Ore processed,1,ore
GRP-0d911886,Open-pit and underground mining at Porcupine complex,"Open-pit, underground",Au–Ag free-milling,Air,PM10 - Particulate Matter <= 10 Micrometers,Emission,Fugitive Emissions,tonnes,1.772417,MetalliCan,MetalliCan,2911000.0,6.088687736173136e-07,Ore processed,1,ore
GRP-0d911886,Open-pit and underground mining at Porcupine complex,"Open-pit, underground",Au–Ag free-milling,Air,PM10 - Particulate Matter <= 10 Micrometers,Emission,Stack Emissions,tonnes,6.407605,MetalliCan,MetalliCan,2911000.0,2.201169701133631e-06,Ore processed,1,ore
GRP-0d911886,Open-pit and underground mining at Porcupine complex,"Open-pit, underground",Au–Ag free-milling,Air,PM10 - Particulate Matter <= 10 Micrometers,Emission,,tonnes,25.99,MetalliCan,MetalliCan,2911000.0,8.928203366540708e-06,Ore processed,1,ore
GRP-0d911886,Open-pit and underground mining at Porcupine complex,"Open-pit, underground",Au–Ag free-milling,Air,PM2.5 - Particulate Matter <= 2.5 Micrometers,Emission,Fugitive Emissions,tonnes,0.855209,MetalliCan,MetalliCan,2911000.0,2.9378529714874616e-07,Ore processed,1,ore
GRP-0d911886,Open-pit and underground mining at Porcupine complex,"Open-pit, underground",Au–Ag free-milling,Air,PM2.5 - Particulate Matter <= 2.5 Micrometers,Emission,Stack Emissions,tonnes,6.389031,MetalliCan,MetalliCan,2911000.0,2.1947890759189283e-06,Ore processed,1,ore
GRP-0d911886,Open-pit and underground mining at Porcupine complex,"Open-pit, underground",Au–Ag free-milling,Air,PM2.5 - Particulate Matter <= 2.5 Micrometers,Emission,,tonnes,13.74,MetalliCan,MetalliCan,2911000.0,4.720027481964961e-06,Ore processed,1,ore
GRP-0d911886,Open-pit and underground mining at Porcupine complex,"Open-pit, underground",Au–Ag free-milling,Air,NOx,Emission,,tonnes,113.09,MetalliCan,MetalliCan,2911000.0,3.884919271727929e-05,Ore processed,1,ore
GRP-0d911886,Open-pit and underground mining at Porcupine complex,"Open-pit, underground",Au–Ag free-milling,Air,SOx,Emission,,tonnes,0.44,MetalliCan,MetalliCan,2911000.0,1.5115080728272071e-07,Ore processed,1,ore
GRP-0d911886,Open-pit and underground mining at Porcupine complex,"Open-pit, underground",Au–Ag free-milling,Land,,Occupation and transformation,,ha,2784.23,MetalliCan,MetalliCan,2911000.0,0.0009564513912744761,Ore processed,1,ore
GRP-0d911886,Open-pit and underground mining at Porcupine complex,"Open-pit, underground",Au–Ag free-milling,Water,Water,Consumption,,m3,4907818.672999999,MetalliCan,MetalliCan,2911000.0,1.6859562600480928,Ore processed,1,ore
GRP-0d911886,Open-pit and underground mining at Porcupine complex,"Open-pit, underground",Au–Ag free-milling,Water,Arsenic (and its compounds),Emission,Direct Discharge,kg,0.303758,MetalliCan,MetalliCan,2911000.0,1.0434833390587425e-07,Ore processed,1,ore
GRP-0d911886,Open-pit and underground mining at Porcupine complex,"Open-pit, underground",Au–Ag free-milling,Water,Arsenic (and its compounds),Emission,Waterbody,kg,0.0,MetalliCan,MetalliCan,2911000.0,0.0,Ore processed,1,ore
GRP-0d911886,Open-pit and underground mining at Porcupine complex,"Open-pit, underground",Au–Ag free-milling,Water,Cadmium (and its compounds),Emission,Direct Discharge,kg,0.00726,MetalliCan,MetalliCan,2911000.0,2.4939883201648918e-09,Ore processed,1,ore
GRP-0d911886,Open-pit and underground mining at Porcupine complex,"Open-pit, underground",Au–Ag free-milling,Water,Cadmium (and its compounds),Emission,Waterbody,kg,0.0,MetalliCan,MetalliCan,2911000.0,0.0,Ore processed,1,ore
GRP-0d911886,Open-pit and underground mining at Porcupine complex,"Open-pit, underground",Au–Ag free-milling,Water,Chromium (and its compounds),Emission,Direct Discharge,tonnes,0.000255,MetalliCan,MetalliCan,2911000.0,8.759876331157679e-11,Ore processed,1,ore
GRP-0d911886,Open-pit and underground mining at Porcupine complex,"Open-pit, underground",Au–Ag free-milling,Water,Chromium (and its compounds),Emission,Waterbody,tonnes,0.0,MetalliCan,MetalliCan,2911000.0,0.0,Ore processed,1,ore
GRP-0d911886,Open-pit and underground mining at Porcupine complex,"Open-pit, underground",Au–Ag free-milling,Water,Cobalt (and its compounds),Emission,Direct Discharge,kg,0.463582,MetalliCan,MetalliCan,2911000.0,1.5925180350395054e-07,Ore processed,1,ore
GRP-0d911886,Open-pit and underground mining at Porcupine complex,"Open-pit, underground",Au–Ag free-milling,Water,Cobalt (and its compounds),Emission,Waterbody,kg,0.0,MetalliCan,MetalliCan,2911000.0,0.0,Ore processed,1,ore
GRP-0d911886,Open-pit and underground mining at Porcupine complex,"Open-pit, underground",Au–Ag free-milling,Water,Copper (and its compounds),Emission,Direct Discharge,tonnes,0.000782,MetalliCan,MetalliCan,2911000.0,2.6863620748883547e-10,Ore processed,1,ore
GRP-0d911886,Open-pit and underground mining at Porcupine complex,"Open-pit, underground",Au–Ag free-milling,Water,Copper (and its compounds),Emission,Waterbody,tonnes,0.0,MetalliCan,MetalliCan,2911000.0,0.0,Ore processed,1,ore
GRP-0d911886,Open-pit and underground mining at Porcupine complex,"Open-pit, underground",Au–Ag free-milling,Water,Lead (and its compounds),Emission,Direct Discharge,kg,0.071967,MetalliCan,MetalliCan,2911000.0,2.4722432153899004e-08,Ore processed,1,ore
GRP-0d911886,Open-pit and underground mining at Porcupine complex,"Open-pit, underground",Au–Ag free-milling,Water,Lead (and its compounds),Emission,Waterbody,kg,0.0,MetalliCan,MetalliCan,2911000.0,0.0,Ore processed,1,ore
GRP-0d911886,Open-pit and underground mining at Porcupine complex,"Open-pit, underground",Au–Ag free-milling,Water,Nickel (and its compounds),Emission,Direct Discharge,tonnes,0.003096,MetalliCan,MetalliCan,2911000.0,1.0635520439711439e-09,Ore processed,1,ore
GRP-0d911886,Open-pit and underground mining at Porcupine complex,"Open-pit, underground",Au–Ag free-milling,Water,Nickel (and its compounds),Emission,Waterbody,tonnes,0.0,MetalliCan,MetalliCan,2911000.0,0.0,Ore processed,1,ore
GRP-0d911886,Open-pit and underground mining at Porcupine complex,"Open-pit, underground",Au–Ag free-milling,Water,Zinc (and its compounds),Emission,Direct Discharge,tonnes,0.003984,MetalliCan,MetalliCan,2911000.0,1.3686018550326347e-09,Ore processed,1,ore
GRP-0d911886,Open-pit and underground mining at Porcupine complex,"Open-pit, underground",Au–Ag free-milling,Water,Zinc (and its compounds),Emission,Waterbody,tonnes,0.0,MetalliCan,MetalliCan,2911000.0,0.0,Ore processed,1,ore
GRP-0d911886,Open-pit and underground mining at Porcupine complex,"Open-pit, underground",Au–Ag free-milling,Water,Thallium (and its compounds),Emission,Direct Discharge,kg,0.01807,MetalliCan,MetalliCan,2911000.0,6.207488835451734e-09,Ore processed,1,ore
GRP-0d911886,Open-pit and underground mining at Porcupine complex,"Open-pit, underground",Au–Ag free-milling,Water,Thallium (and its compounds),Emission,Waterbody,kg,0.0,MetalliCan,MetalliCan,2911000.0,0.0,Ore processed,1,ore
GRP-0d911886,Open-pit and underground mining at Porcupine complex,"Open-pit, underground",Au–Ag free-milling,Water,Vanadium (and its compounds),Emission,Direct Discharge,tonnes,0.000262,MetalliCan,MetalliCan,2911000.0,9.000343524562008e-11,Ore processed,1,ore
GRP-0d911886,Open-pit and underground mining at Porcupine complex,"Open-pit, underground",Au–Ag free-milling,Water,Vanadium (and its compounds),Emission,Waterbody,tonnes,0.0,MetalliCan,MetalliCan,2911000.0,0.0,Ore processed,1,ore
GRP-1402249f,,,,Air,N2O,Emission,Industrial Processes,tonnes,0.0,MetalliCan,MetalliCan,,,Ore processed,1,ore
GRP-1402249f,,,,Air,N2O,Emission,On-site Transportation,tonnes,107.3745,MetalliCan,MetalliCan,,,Ore processed,1,ore
GRP-1402249f,,,,Air,N2O,Emission,Stationary Fuel Combustion,tonnes,8.391300000000001,MetalliCan,MetalliCan,,,Ore processed,1,ore
GRP-1402249f,,,,Air,Nitrogen oxides (expressed as nitrogen dioxide),Emission,Fugitive Emissions,tonnes,602.4639999999999,MetalliCan,MetalliCan,,,Ore processed,1,ore
GRP-1402249f,,,,Air,Nitrogen oxides (expressed as nitrogen dioxide),Emission,Stack Emissions,tonnes,5582.448,MetalliCan,MetalliCan,,,Ore processed,1,ore
GRP-1402249f,,,,Air,Hexachlorobenzene,Emission,Stack Emissions,grams,360.0,MetalliCan,MetalliCan,,,Ore processed,1,ore
GRP-1402249f,,,,Air,CO2,Emission,Industrial Processes,tonnes,156627.502,MetalliCan,MetalliCan,,,Ore processed,1,ore
GRP-1402249f,,,,Air,CO2,Emission,On-site Transportation,tonnes,259955.674,MetalliCan,MetalliCan,,,Ore processed,1,ore
GRP-1402249f,,,,Air,CO2,Emission,Stationary Fuel Combustion,tonnes,680671.298,MetalliCan,MetalliCan,,,Ore processed,1,ore
GRP-1402249f,,,,Air,Pyrene,Emission,Stack Emissions,kg,5.538,MetalliCan,MetalliCan,,,Ore processed,1,ore
GRP-1402249f,,,,Air,Fluoranthene,Emission,Stack Emissions,kg,7.889,MetalliCan,MetalliCan,,,Ore processed,1,ore
GRP-1402249f,,,,Air,Carbon monoxide,Emission,Fugitive Emissions,tonnes,2560.473,MetalliCan,MetalliCan,,,Ore processed,1,ore
GRP-1402249f,,,,Air,Carbon monoxide,Emission,Stack Emissions,tonnes,9543.022,MetalliCan,MetalliCan,,,Ore processed,1,ore
GRP-1402249f,,,,Air,CH4,Emission,Industrial Processes,tonnes,0.0,MetalliCan,MetalliCan,,,Ore processed,1,ore
GRP-1402249f,,,,Air,CH4,Emission,On-site Transportation,tonnes,14.6472,MetalliCan,MetalliCan,,,Ore processed,1,ore
GRP-1402249f,,,,Air,CH4,Emission,Stationary Fuel Combustion,tonnes,12.6839,MetalliCan,MetalliCan,,,Ore processed,1,ore
GRP-1402249f,,,,Air,Sulphur dioxide,Emission,Fugitive Emissions,tonnes,0.008,MetalliCan,MetalliCan,,,Ore processed,1,ore
GRP-1402249f,,,,Air,Sulphur dioxide,Emission,Stack Emissions,tonnes,4340.789000000001,MetalliCan,MetalliCan,,,Ore processed,1,ore
GRP-1402249f,,,,Air,Acetaldehyde,Emission,Stack Emissions,tonnes,7.121,MetalliCan,MetalliCan,,,Ore processed,1,ore
GRP-1402249f,,,,Air,Hydrochloric acid,Emission,Stack Emissions,tonnes,74.627,MetalliCan,MetalliCan,,,Ore processed,1,ore
GRP-1402249f,,,,Air,Hydrogen fluoride,Emission,Stack Emissions,tonnes,21.019,MetalliCan,MetalliCan,,,Ore processed,1,ore
GRP-1402249f,,,,Air,Sulphuric acid,Emission,Stack Emissions,tonnes,140.482,MetalliCan,MetalliCan,,,Ore processed,1,ore
GRP-1402249f,,,,Air,Hydrogen sulphide,Emission,Stack Emissions,tonnes,41.151,MetalliCan,MetalliCan,,,Ore processed,1,ore
GRP-1402249f,,,,Air,Phenanthrene,Emission,Stack Emissions,kg,33.411,MetalliCan,MetalliCan,,,Ore processed,1,ore
GRP-1402249f,,,,Air,Arsenic (and its compounds),Emission,Stack Emissions,kg,107.454,MetalliCan,MetalliCan,,,Ore processed,1,ore
GRP-1402249f,,,,Air,Cadmium (and its compounds),Emission,Stack Emissions,kg,2.331,MetalliCan,MetalliCan,,,Ore processed,1,ore
GRP-1402249f,,,,Air,Chromium (and its compounds),Emission,Stack Emissions,tonnes,0.0212,MetalliCan,MetalliCan,,,Ore processed,1,ore
GRP-1402249f,,,,Air,Cobalt (and its compounds),Emission,Stack Emissions,kg,2.649,MetalliCan,MetalliCan,,,Ore processed,1,ore
GRP-1402249f,,,,Air,Copper (and its compounds),Emission,Stack Emissions,tonnes,0.002,MetalliCan,MetalliCan,,,Ore processed,1,ore
GRP-1402249f,,,,Air,Lead (and its compounds),Emission,Stack Emissions,kg,138.403,MetalliCan,MetalliCan,,,Ore processed,1,ore
GRP-1402249f,,,,Air,Manganese (and its compounds),Emission,Stack Emissions,tonnes,0.119,MetalliCan,MetalliCan,,,Ore processed,1,ore
GRP-1402249f,,,,Air,Mercury (and its compounds),Emission,Stack Emissions,tonnes,0.046275,MetalliCan,MetalliCan,,,Ore processed,1,ore
GRP-1402249f,,,,Air,Nickel (and its compounds),Emission,Stack Emissions,tonnes,0.035,MetalliCan,MetalliCan,,,Ore processed,1,ore
GRP-1402249f,,,,Air,Selenium (and its compounds),Emission,Stack Emissions,kg,0.129,MetalliCan,MetalliCan,,,Ore processed,1,ore
GRP-1402249f,,,,Air,Zinc (and its compounds),Emission,Stack Emissions,tonnes,0.056,MetalliCan,MetalliCan,,,Ore processed,1,ore
GRP-1402249f,,,,Air,Phosphorus (total),Emission,Stack Emissions,tonnes,0.291,MetalliCan,MetalliCan,,,Ore processed,1,ore
GRP-1402249f,,,,Air,Thallium (and its compounds),Emission,Stack Emissions,kg,32.539,MetalliCan,MetalliCan,,,Ore processed,1,ore
GRP-1402249f,,,,Air,Vanadium (and its compounds),Emission,Stack Emissions,tonnes,0.068,MetalliCan,MetalliCan,,,Ore processed,1,ore
GRP-1402249f,,,,Air,Dioxins and furans - total,Emission,Stack Emissions,g TEQ,2.97752,MetalliCan,MetalliCan,,,Ore processed,1,ore
GRP-1402249f,,,,Air,Total particulate matter,Emission,Fugitive Emissions,tonnes,175.212,MetalliCan,MetalliCan,,,Ore processed,1,ore
GRP-1402249f,,,,Air,Total particulate matter,Emission,Stack Emissions,tonnes,205.174,MetalliCan,MetalliCan,,,Ore processed,1,ore
GRP-1402249f,,,,Air,Total particulate matter,Emission,Storage / Handling,tonnes,2.598,MetalliCan,MetalliCan,,,Ore processed,1,ore
GRP-1402249f,,,,Air,PM10 - Particulate Matter <= 10 Micrometers,Emission,Fugitive Emissions,tonnes,88.89399999999999,MetalliCan,MetalliCan,,,Ore processed,1,ore
GRP-1402249f,,,,Air,PM10 - Particulate Matter <= 10 Micrometers,Emission,Stack Emissions,tonnes,179.739,MetalliCan,MetalliCan,,,Ore processed,1,ore
GRP-1402249f,,,,Air,PM10 - Particulate Matter <= 10 Micrometers,Emission,Storage / Handling,tonnes,1.229,MetalliCan,MetalliCan,,,Ore processed,1,ore
GRP-1402249f,,,,Air,PM2.5 - Particulate Matter <= 2.5 Micrometers,Emission,Fugitive Emissions,tonnes,11.141,MetalliCan,MetalliCan,,,Ore processed,1,ore
GRP-1402249f,,,,Air,PM2.5 - Particulate Matter <= 2.5 Micrometers,Emission,Stack Emissions,tonnes,121.879,MetalliCan,MetalliCan,,,Ore processed,1,ore
GRP-1402249f,,,,Air,PM2.5 - Particulate Matter <= 2.5 Micrometers,Emission,Storage / Handling,tonnes,0.373,MetalliCan,MetalliCan,,,Ore processed,1,ore
GRP-1402249f,,,,Air,Total reduced sulphur (expressed as hydrogen sulphide),Emission,Stack Emissions,tonnes,41.151,MetalliCan,MetalliCan,,,Ore processed,1,ore
GRP-1402249f,,,,Air,Volatile Organic Compounds (Total),Emission,Stack Emissions,tonnes,38.348,MetalliCan,MetalliCan,,,Ore processed,1,ore
GRP-1402249f,,,,Air,"PAHs, total unspeciated",Emission,Stack Emissions,kg,104.065,MetalliCan,MetalliCan,,,Ore processed,1,ore
GRP-1402249f,,,,Water,Arsenic (and its compounds),Emission,Direct Discharge,kg,64.351,MetalliCan,MetalliCan,,,Ore processed,1,ore
GRP-1402249f,,,,Water,Arsenic (and its compounds),Emission,Waterbody,kg,0.0,MetalliCan,MetalliCan,,,Ore processed,1,ore
GRP-1402249f,,,,Water,Cadmium (and its compounds),Emission,Direct Discharge,kg,7.805000000000001,MetalliCan,MetalliCan,,,Ore processed,1,ore
GRP-1402249f,,,,Water,Cadmium (and its compounds),Emission,Waterbody,kg,0.0,MetalliCan,MetalliCan,,,Ore processed,1,ore
GRP-1402249f,,,,Water,Chromium (and its compounds),Emission,Direct Discharge,tonnes,0.08399999999999999,MetalliCan,MetalliCan,,,Ore processed,1,ore
GRP-1402249f,,,,Water,Chromium (and its compounds),Emission,Waterbody,tonnes,0.0,MetalliCan,MetalliCan,,,Ore processed,1,ore
GRP-1402249f,,,,Water,Cobalt (and its compounds),Emission,Direct Discharge,kg,138.039,MetalliCan,MetalliCan,,,Ore processed,1,ore
GRP-1402249f,,,,Water,Cobalt (and its compounds),Emission,Waterbody,kg,0.0,MetalliCan,MetalliCan,,,Ore processed,1,ore
GRP-1402249f,,,,Water,Copper (and its compounds),Emission,Direct Discharge,tonnes,0.078,MetalliCan,MetalliCan,,,Ore processed,1,ore
GRP-1402249f,,,,Water,Copper (and its compounds),Emission,Waterbody,tonnes,0.0,MetalliCan,MetalliCan,,,Ore processed,1,ore
GRP-1402249f,,,,Water,Lead (and its compounds),Emission,Direct Discharge,kg,46.116,MetalliCan,MetalliCan,,,Ore processed,1,ore
GRP-1402249f,,,,Water,Lead (and its compounds),Emission,Waterbody,kg,0.0,MetalliCan,MetalliCan,,,Ore processed,1,ore
GRP-1402249f,,,,Water,Manganese (and its compounds),Emission,Direct Discharge,tonnes,10.57,MetalliCan,MetalliCan,,,Ore processed,1,ore
GRP-1402249f,,,,Water,Manganese (and its compounds),Emission,Waterbody,tonnes,0.0,MetalliCan,MetalliCan,,,Ore processed,1,ore
GRP-1402249f,,,,Water,Mercury (and its compounds),Emission,Direct Discharge,tonnes,0.000549,MetalliCan,MetalliCan,,,Ore processed,1,ore
GRP-1402249f,,,,Water,Mercury (and its compounds),Emission,Waterbody,tonnes,0.0,MetalliCan,MetalliCan,,,Ore processed,1,ore
GRP-1402249f,,,,Water,Nickel (and its compounds),Emission,Direct Discharge,tonnes,1.201,MetalliCan,MetalliCan,,,Ore processed,1,ore
GRP-1402249f,,,,Water,Nickel (and its compounds),Emission,Waterbody,tonnes,0.0,MetalliCan,MetalliCan,,,Ore processed,1,ore
GRP-1402249f,,,,Water,Selenium (and its compounds),Emission,Direct Discharge,kg,77.469,MetalliCan,MetalliCan,,,Ore processed,1,ore
GRP-1402249f,,,,Water,Selenium (and its compounds),Emission,Waterbody,kg,0.0,MetalliCan,MetalliCan,,,Ore processed,1,ore
GRP-1402249f,,,,Water,Zinc (and its compounds),Emission,Direct Discharge,tonnes,1.969,MetalliCan,MetalliCan,,,Ore processed,1,ore
GRP-1402249f,,,,Water,Zinc (and its compounds),Emission,Waterbody,tonnes,0.0,MetalliCan,MetalliCan,,,Ore processed,1,ore
GRP-1402249f,,,,Water,Nitrate ion in solution at pH >= 6.0,Emission,Direct Discharge,tonnes,436.313,MetalliCan,MetalliCan,,,Ore processed,1,ore
GRP-1402249f,,,,Water,Nitrate ion in solution at pH >= 6.0,Emission,Waterbody,tonnes,0.0,MetalliCan,MetalliCan,,,Ore processed,1,ore
GRP-1402249f,,,,Water,Phosphorus (total),Emission,Direct Discharge,tonnes,0.9530000000000001,MetalliCan,MetalliCan,,,Ore processed,1,ore
GRP-1402249f,,,,Water,Phosphorus (total),Emission,Waterbody,tonnes,0.0,MetalliCan,MetalliCan,,,Ore processed,1,ore
GRP-1402249f,,,,Water,Thallium (and its compounds),Emission,Direct Discharge,kg,20.248,MetalliCan,MetalliCan,,,Ore processed,1,ore
GRP-1402249f,,,,Water,Thallium (and its compounds),Emission,Waterbody,kg,0.0,MetalliCan,MetalliCan,,,Ore processed,1,ore
GRP-1402249f,,,,Water,Vanadium (and its compounds),Emission,Direct Discharge,tonnes,0.193,MetalliCan,MetalliCan,,,Ore processed,1,ore
GRP-1402249f,,,,Water,Vanadium (and its compounds),Emission,Waterbody,tonnes,0.0,MetalliCan,MetalliCan,,,Ore processed,1,ore
GRP-147b3123,Underground mining and beneficiation at Timmins Operation,"Underground, concentrator",Au–Ag free-milling,Air,N2O,Emission,On-site Transportation,tonnes,0.121928,MetalliCan,MetalliCan,1574000.0,7.746378653113087e-08,Ore processed,1,ore
GRP-147b3123,Underground mining and beneficiation at Timmins Operation,"Underground, concentrator",Au–Ag free-milling,Air,N2O,Emission,Stationary Fuel Combustion,tonnes,0.362554,MetalliCan,MetalliCan,1574000.0,2.303392630241423e-07,Ore processed,1,ore
GRP-147b3123,Underground mining and beneficiation at Timmins Operation,"Underground, concentrator",Au–Ag free-milling,Air,CO2,Emission,On-site Transportation,tonnes,16372.569,MetalliCan,MetalliCan,1574000.0,0.01040188627700127,Ore processed,1,ore
GRP-147b3123,Underground mining and beneficiation at Timmins Operation,"Underground, concentrator",Au–Ag free-milling,Air,CO2,Emission,Stationary Fuel Combustion,tonnes,21415.916,MetalliCan,MetalliCan,1574000.0,0.013606045743329099,Ore processed,1,ore
GRP-147b3123,Underground mining and beneficiation at Timmins Operation,"Underground, concentrator",Au–Ag free-milling,Air,Carbon monoxide,Emission,Stack Emissions,tonnes,21.348,MetalliCan,MetalliCan,1574000.0,1.3562897077509529e-05,Ore processed,1,ore
GRP-147b3123,Underground mining and beneficiation at Timmins Operation,"Underground, concentrator",Au–Ag free-milling,Air,Carbon monoxide,Emission,,tonnes,162.2103272336618,MetalliCan,MetalliCan,1574000.0,0.00010305611641274573,Ore processed,1,ore
GRP-147b3123,Underground mining and beneficiation at Timmins Operation,"Underground, concentrator",Au–Ag free-milling,Air,CH4,Emission,On-site Transportation,tonnes,0.446036,MetalliCan,MetalliCan,1574000.0,2.8337738246505716e-07,Ore processed,1,ore
GRP-147b3123,Underground mining and beneficiation at Timmins Operation,"Underground, concentrator",Au–Ag free-milling,Air,CH4,Emission,Stationary Fuel Combustion,tonnes,0.406705,MetalliCan,MetalliCan,1574000.0,2.583894536213469e-07,Ore processed,1,ore
GRP-147b3123,Underground mining and beneficiation at Timmins Operation,"Underground, concentrator",Au–Ag free-milling,Air,Nitric acid,Emission,Stack Emissions,tonnes,0.327,MetalliCan,MetalliCan,1574000.0,2.0775095298602288e-07,Ore processed,1,ore
GRP-147b3123,Underground mining and beneficiation at Timmins Operation,"Underground, concentrator",Au–Ag free-milling,Air,Arsenic (and its compounds),Emission,Fugitive Emissions,kg,1.1212,MetalliCan,MetalliCan,1574000.0,7.123252858958069e-07,Ore processed,1,ore
GRP-147b3123,Underground mining and beneficiation at Timmins Operation,"Underground, concentrator",Au–Ag free-milling,Air,Arsenic (and its compounds),Emission,Stack Emissions,kg,2.8051,MetalliCan,MetalliCan,1574000.0,1.7821473951715374e-06,Ore processed,1,ore
GRP-147b3123,Underground mining and beneficiation at Timmins Operation,"Underground, concentrator",Au–Ag free-milling,Air,Cadmium (and its compounds),Emission,Fugitive Emissions,kg,0.0059,MetalliCan,MetalliCan,1574000.0,3.748411689961881e-09,Ore processed,1,ore
GRP-147b3123,Underground mining and beneficiation at Timmins Operation,"Underground, concentrator",Au–Ag free-milling,Air,Cadmium (and its compounds),Emission,Stack Emissions,kg,0.0039,MetalliCan,MetalliCan,1574000.0,2.4777636594663276e-09,Ore processed,1,ore
GRP-147b3123,Underground mining and beneficiation at Timmins Operation,"Underground, concentrator",Au–Ag free-milling,Air,Chromium (and its compounds),Emission,Fugitive Emissions,tonnes,0.0007,MetalliCan,MetalliCan,1574000.0,4.4472681067344344e-10,Ore processed,1,ore
GRP-147b3123,Underground mining and beneficiation at Timmins Operation,"Underground, concentrator",Au–Ag free-milling,Air,Chromium (and its compounds),Emission,Stack Emissions,tonnes,0.0008,MetalliCan,MetalliCan,1574000.0,5.082592121982212e-10,Ore processed,1,ore
GRP-147b3123,Underground mining and beneficiation at Timmins Operation,"Underground, concentrator",Au–Ag free-milling,Air,Cobalt (and its compounds),Emission,Fugitive Emissions,kg,0.3854,MetalliCan,MetalliCan,1574000.0,2.4485387547649304e-07,Ore processed,1,ore
GRP-147b3123,Underground mining and beneficiation at Timmins Operation,"Underground, concentrator",Au–Ag free-milling,Air,Cobalt (and its compounds),Emission,Stack Emissions,kg,0.3608,MetalliCan,MetalliCan,1574000.0,2.2922490470139771e-07,Ore processed,1,ore
GRP-147b3123,Underground mining and beneficiation at Timmins Operation,"Underground, concentrator",Au–Ag free-milling,Air,Copper (and its compounds),Emission,Fugitive Emissions,tonnes,0.0009,MetalliCan,MetalliCan,1574000.0,5.717916137229987e-10,Ore processed,1,ore
GRP-147b3123,Underground mining and beneficiation at Timmins Operation,"Underground, concentrator",Au–Ag free-milling,Air,Copper (and its compounds),Emission,Stack Emissions,tonnes,0.0015,MetalliCan,MetalliCan,1574000.0,9.529860228716645e-10,Ore processed,1,ore
GRP-147b3123,Underground mining and beneficiation at Timmins Operation,"Underground, concentrator",Au–Ag free-milling,Air,Cyanides (ionic),Emission,Stack Emissions,tonnes,2.484,MetalliCan,MetalliCan,1574000.0,1.5781448538754765e-06,Ore processed,1,ore
GRP-147b3123,Underground mining and beneficiation at Timmins Operation,"Underground, concentrator",Au–Ag free-milling,Air,Lead (and its compounds),Emission,Fugitive Emissions,kg,2.27,MetalliCan,MetalliCan,1574000.0,1.4421855146124524e-06,Ore processed,1,ore
GRP-147b3123,Underground mining and beneficiation at Timmins Operation,"Underground, concentrator",Au–Ag free-milling,Air,Lead (and its compounds),Emission,Stack Emissions,kg,112.188,MetalliCan,MetalliCan,1574000.0,7.127573062261754e-05,Ore processed,1,ore
GRP-147b3123,Underground mining and beneficiation at Timmins Operation,"Underground, concentrator",Au–Ag free-milling,Air,Manganese (and its compounds),Emission,Fugitive Emissions,tonnes,0.015,MetalliCan,MetalliCan,1574000.0,9.529860228716645e-09,Ore processed,1,ore
GRP-147b3123,Underground mining and beneficiation at Timmins Operation,"Underground, concentrator",Au–Ag free-milling,Air,Manganese (and its compounds),Emission,Stack Emissions,tonnes,0.018,MetalliCan,MetalliCan,1574000.0,1.1435832274459973e-08,Ore processed,1,ore
GRP-147b3123,Underground mining and beneficiation at Timmins Operation,"Underground, concentrator",Au–Ag free-milling,Air,Nickel (and its compounds),Emission,Fugitive Emissions,tonnes,0.0008,MetalliCan,MetalliCan,1574000.0,5.082592121982212e-10,Ore processed,1,ore
GRP-147b3123,Underground mining and beneficiation at Timmins Operation,"Underground, concentrator",Au–Ag free-milling,Air,Nickel (and its compounds),Emission,Stack Emissions,tonnes,0.0007,MetalliCan,MetalliCan,1574000.0,4.4472681067344344e-10,Ore processed,1,ore
GRP-147b3123,Underground mining and beneficiation at Timmins Operation,"Underground, concentrator",Au–Ag free-milling,Air,Selenium (and its compounds),Emission,Fugitive Emissions,kg,0.027,MetalliCan,MetalliCan,1574000.0,1.7153748411689963e-08,Ore processed,1,ore
GRP-147b3123,Underground mining and beneficiation at Timmins Operation,"Underground, concentrator",Au–Ag free-milling,Air,Selenium (and its compounds),Emission,Stack Emissions,kg,0.064,MetalliCan,MetalliCan,1574000.0,4.066073697585769e-08,Ore processed,1,ore
GRP-147b3123,Underground mining and beneficiation at Timmins Operation,"Underground, concentrator",Au–Ag free-milling,Air,Zinc (and its compounds),Emission,Fugitive Emissions,tonnes,0.0022,MetalliCan,MetalliCan,1574000.0,1.397712833545108e-09,Ore processed,1,ore
GRP-147b3123,Underground mining and beneficiation at Timmins Operation,"Underground, concentrator",Au–Ag free-milling,Air,Zinc (and its compounds),Emission,Stack Emissions,tonnes,0.0019,MetalliCan,MetalliCan,1574000.0,1.2071156289707752e-09,Ore processed,1,ore
GRP-147b3123,Underground mining and beneficiation at Timmins Operation,"Underground, concentrator",Au–Ag free-milling,Air,Phosphorus (total),Emission,Fugitive Emissions,tonnes,0.001,MetalliCan,MetalliCan,1574000.0,6.353240152477764e-10,Ore processed,1,ore
GRP-147b3123,Underground mining and beneficiation at Timmins Operation,"Underground, concentrator",Au–Ag free-milling,Air,Phosphorus (total),Emission,Stack Emissions,tonnes,0.002,MetalliCan,MetalliCan,1574000.0,1.2706480304955528e-09,Ore processed,1,ore
GRP-147b3123,Underground mining and beneficiation at Timmins Operation,"Underground, concentrator",Au–Ag free-milling,Air,Thallium (and its compounds),Emission,Fugitive Emissions,kg,0.002,MetalliCan,MetalliCan,1574000.0,1.2706480304955528e-09,Ore processed,1,ore
GRP-147b3123,Underground mining and beneficiation at Timmins Operation,"Underground, concentrator",Au–Ag free-milling,Air,Thallium (and its compounds),Emission,Stack Emissions,kg,0.002,MetalliCan,MetalliCan,1574000.0,1.2706480304955528e-09,Ore processed,1,ore
GRP-147b3123,Underground mining and beneficiation at Timmins Operation,"Underground, concentrator",Au–Ag free-milling,Air,Vanadium (and its compounds),Emission,Fugitive Emissions,tonnes,0.0017,MetalliCan,MetalliCan,1574000.0,1.0800508259212197e-09,Ore processed,1,ore
GRP-147b3123,Underground mining and beneficiation at Timmins Operation,"Underground, concentrator",Au–Ag free-milling,Air,Vanadium (and its compounds),Emission,Stack Emissions,tonnes,0.0015,MetalliCan,MetalliCan,1574000.0,9.529860228716645e-10,Ore processed,1,ore
GRP-147b3123,Underground mining and beneficiation at Timmins Operation,"Underground, concentrator",Au–Ag free-milling,Air,GHG,Emission,,tonnes,41154.070225595,MetalliCan,MetalliCan,1574000.0,0.026146169139513977,Ore processed,1,ore
GRP-147b3123,Underground mining and beneficiation at Timmins Operation,"Underground, concentrator",Au–Ag free-milling,Air,Total particulate matter,Emission,Fugitive Emissions,tonnes,18.01,MetalliCan,MetalliCan,1574000.0,1.1442185514612454e-05,Ore processed,1,ore
GRP-147b3123,Underground mining and beneficiation at Timmins Operation,"Underground, concentrator",Au–Ag free-milling,Air,Total particulate matter,Emission,Stack Emissions,tonnes,24.782,MetalliCan,MetalliCan,1574000.0,1.5744599745870395e-05,Ore processed,1,ore
GRP-147b3123,Underground mining and beneficiation at Timmins Operation,"Underground, concentrator",Au–Ag free-milling,Air,PM10 - Particulate Matter <= 10 Micrometers,Emission,Fugitive Emissions,tonnes,8.552,MetalliCan,MetalliCan,1574000.0,5.433290978398983e-06,Ore processed,1,ore
GRP-147b3123,Underground mining and beneficiation at Timmins Operation,"Underground, concentrator",Au–Ag free-milling,Air,PM10 - Particulate Matter <= 10 Micrometers,Emission,Stack Emissions,tonnes,12.978,MetalliCan,MetalliCan,1574000.0,8.245235069885642e-06,Ore processed,1,ore
GRP-147b3123,Underground mining and beneficiation at Timmins Operation,"Underground, concentrator",Au–Ag free-milling,Air,PM10 - Particulate Matter <= 10 Micrometers,Emission,,tonnes,50.80330038861595,MetalliCan,MetalliCan,1574000.0,3.22765567907344e-05,Ore processed,1,ore
GRP-147b3123,Underground mining and beneficiation at Timmins Operation,"Underground, concentrator",Au–Ag free-milling,Air,PM2.5 - Particulate Matter <= 2.5 Micrometers,Emission,Fugitive Emissions,tonnes,1.492,MetalliCan,MetalliCan,1574000.0,9.479034307496823e-07,Ore processed,1,ore
GRP-147b3123,Underground mining and beneficiation at Timmins Operation,"Underground, concentrator",Au–Ag free-milling,Air,PM2.5 - Particulate Matter <= 2.5 Micrometers,Emission,Stack Emissions,tonnes,4.468,MetalliCan,MetalliCan,1574000.0,2.8386277001270646e-06,Ore processed,1,ore
GRP-147b3123,Underground mining and beneficiation at Timmins Operation,"Underground, concentrator",Au–Ag free-milling,Air,Volatile Organic Compounds (Total),Emission,,tonnes,60.86381506924382,MetalliCan,MetalliCan,1574000.0,3.86682433730901e-05,Ore processed,1,ore
GRP-147b3123,Underground mining and beneficiation at Timmins Operation,"Underground, concentrator",Au–Ag free-milling,Air,NOx,Emission,,tonnes,319.1923189073236,MetalliCan,MetalliCan,1574000.0,0.00020279054568444956,Ore processed,1,ore
GRP-147b3123,Underground mining and beneficiation at Timmins Operation,"Underground, concentrator",Au–Ag free-milling,Air,SOx,Emission,,tonnes,47.44216474180202,MetalliCan,MetalliCan,1574000.0,3.0141146595808143e-05,Ore processed,1,ore
GRP-147b3123,Underground mining and beneficiation at Timmins Operation,"Underground, concentrator",Au–Ag free-milling,Land,Arsenic (and its compounds),Emission,Other,kg,8443.727,MetalliCan,MetalliCan,1574000.0,0.005364502541296061,Ore processed,1,ore
GRP-147b3123,Underground mining and beneficiation at Timmins Operation,"Underground, concentrator",Au–Ag free-milling,Land,Cadmium (and its compounds),Emission,Other,kg,19.398,MetalliCan,MetalliCan,1574000.0,1.2324015247776365e-05,Ore processed,1,ore
GRP-147b3123,Underground mining and beneficiation at Timmins Operation,"Underground, concentrator",Au–Ag free-milling,Land,Chromium (and its compounds),Emission,Other,tonnes,12.836,MetalliCan,MetalliCan,1574000.0,8.155019059720457e-06,Ore processed,1,ore
GRP-147b3123,Underground mining and beneficiation at Timmins Operation,"Underground, concentrator",Au–Ag free-milling,Land,Cobalt (and its compounds),Emission,Other,kg,1898.038,MetalliCan,MetalliCan,1574000.0,0.001205869123252859,Ore processed,1,ore
GRP-147b3123,Underground mining and beneficiation at Timmins Operation,"Underground, concentrator",Au–Ag free-milling,Land,Copper (and its compounds),Emission,Other,tonnes,4.256,MetalliCan,MetalliCan,1574000.0,2.7039390088945364e-06,Ore processed,1,ore
GRP-147b3123,Underground mining and beneficiation at Timmins Operation,"Underground, concentrator",Au–Ag free-milling,Land,Lead (and its compounds),Emission,Other,kg,2103.902,MetalliCan,MetalliCan,1574000.0,0.0013366594663278273,Ore processed,1,ore
GRP-147b3123,Underground mining and beneficiation at Timmins Operation,"Underground, concentrator",Au–Ag free-milling,Land,Manganese (and its compounds),Emission,Other,tonnes,80.184,MetalliCan,MetalliCan,1574000.0,5.09428208386277e-05,Ore processed,1,ore
GRP-147b3123,Underground mining and beneficiation at Timmins Operation,"Underground, concentrator",Au–Ag free-milling,Land,Nickel (and its compounds),Emission,Other,tonnes,4.916,MetalliCan,MetalliCan,1574000.0,3.123252858958069e-06,Ore processed,1,ore
GRP-147b3123,Underground mining and beneficiation at Timmins Operation,"Underground, concentrator",Au–Ag free-milling,Land,Selenium (and its compounds),Emission,Other,kg,98.118,MetalliCan,MetalliCan,1574000.0,6.233672172808132e-05,Ore processed,1,ore
GRP-147b3123,Underground mining and beneficiation at Timmins Operation,"Underground, concentrator",Au–Ag free-milling,Land,Zinc (and its compounds),Emission,Other,tonnes,8.502,MetalliCan,MetalliCan,1574000.0,5.401524777636595e-06,Ore processed,1,ore
GRP-147b3123,Underground mining and beneficiation at Timmins Operation,"Underground, concentrator",Au–Ag free-milling,Land,Phosphorus (total),Emission,Other,tonnes,75.009,MetalliCan,MetalliCan,1574000.0,4.765501905972046e-05,Ore processed,1,ore
GRP-147b3123,Underground mining and beneficiation at Timmins Operation,"Underground, concentrator",Au–Ag free-milling,Land,Thallium (and its compounds),Emission,Other,kg,24.525,MetalliCan,MetalliCan,1574000.0,1.5581321473951716e-05,Ore processed,1,ore
GRP-147b3123,Underground mining and beneficiation at Timmins Operation,"Underground, concentrator",Au–Ag free-milling,Land,Vanadium (and its compounds),Emission,Other,tonnes,8.346,MetalliCan,MetalliCan,1574000.0,5.302414231257942e-06,Ore processed,1,ore
GRP-147b3123,Underground mining and beneficiation at Timmins Operation,"Underground, concentrator",Au–Ag free-milling,Land,,Occupation and transformation,,ha,370.0,MetalliCan,MetalliCan,1574000.0,0.00023506988564167726,Ore processed,1,ore
GRP-147b3123,Underground mining and beneficiation at Timmins Operation,"Underground, concentrator",Au–Ag free-milling,Water,Water,Consumption,,m3,749557.379698017,MetalliCan,MetalliCan,1574000.0,0.4762118041283463,Ore processed,1,ore
GRP-147b3123,Underground mining and beneficiation at Timmins Operation,"Underground, concentrator",Au–Ag free-milling,Water,Arsenic (and its compounds),Emission,Direct Discharge,kg,19.6731,MetalliCan,MetalliCan,1574000.0,1.249879288437103e-05,Ore processed,1,ore
GRP-147b3123,Underground mining and beneficiation at Timmins Operation,"Underground, concentrator",Au–Ag free-milling,Water,Arsenic (and its compounds),Emission,Waterbody,kg,0.0,MetalliCan,MetalliCan,1574000.0,0.0,Ore processed,1,ore
GRP-147b3123,Underground mining and beneficiation at Timmins Operation,"Underground, concentrator",Au–Ag free-milling,Water,Cadmium (and its compounds),Emission,Direct Discharge,kg,0.028,MetalliCan,MetalliCan,1574000.0,1.778907242693774e-08,Ore processed,1,ore
GRP-147b3123,Underground mining and beneficiation at Timmins Operation,"Underground, concentrator",Au–Ag free-milling,Water,Cadmium (and its compounds),Emission,Waterbody,kg,0.0,MetalliCan,MetalliCan,1574000.0,0.0,Ore processed,1,ore
GRP-147b3123,Underground mining and beneficiation at Timmins Operation,"Underground, concentrator",Au–Ag free-milling,Water,Chromium (and its compounds),Emission,Direct Discharge,tonnes,0.002,MetalliCan,MetalliCan,1574000.0,1.2706480304955528e-09,Ore processed,1,ore
GRP-147b3123,Underground mining and beneficiation at Timmins Operation,"Underground, concentrator",Au–Ag free-milling,Water,Chromium (and its compounds),Emission,Waterbody,tonnes,0.0,MetalliCan,MetalliCan,1574000.0,0.0,Ore processed,1,ore
GRP-147b3123,Underground mining and beneficiation at Timmins Operation,"Underground, concentrator",Au–Ag free-milling,Water,Cobalt (and its compounds),Emission,Direct Discharge,kg,0.042,MetalliCan,MetalliCan,1574000.0,2.668360864040661e-08,Ore processed,1,ore
GRP-147b3123,Underground mining and beneficiation at Timmins Operation,"Underground, concentrator",Au–Ag free-milling,Water,Cobalt (and its compounds),Emission,Waterbody,kg,0.0,MetalliCan,MetalliCan,1574000.0,0.0,Ore processed,1,ore
GRP-147b3123,Underground mining and beneficiation at Timmins Operation,"Underground, concentrator",Au–Ag free-milling,Water,Copper (and its compounds),Emission,Direct Discharge,tonnes,0.011,MetalliCan,MetalliCan,1574000.0,6.98856416772554e-09,Ore processed,1,ore
GRP-147b3123,Underground mining and beneficiation at Timmins Operation,"Underground, concentrator",Au–Ag free-milling,Water,Copper (and its compounds),Emission,Waterbody,tonnes,0.0,MetalliCan,MetalliCan,1574000.0,0.0,Ore processed,1,ore
GRP-147b3123,Underground mining and beneficiation at Timmins Operation,"Underground, concentrator",Au–Ag free-milling,Water,Cyanides (ionic),Emission,Direct Discharge,tonnes,0.028,MetalliCan,MetalliCan,1574000.0,1.778907242693774e-08,Ore processed,1,ore
GRP-147b3123,Underground mining and beneficiation at Timmins Operation,"Underground, concentrator",Au–Ag free-milling,Water,Cyanides (ionic),Emission,Waterbody,tonnes,0.0,MetalliCan,MetalliCan,1574000.0,0.0,Ore processed,1,ore
GRP-147b3123,Underground mining and beneficiation at Timmins Operation,"Underground, concentrator",Au–Ag free-milling,Water,Lead (and its compounds),Emission,Direct Discharge,kg,0.154,MetalliCan,MetalliCan,1574000.0,9.783989834815756e-08,Ore processed,1,ore
GRP-147b3123,Underground mining and beneficiation at Timmins Operation,"Underground, concentrator",Au–Ag free-milling,Water,Lead (and its compounds),Emission,Waterbody,kg,0.0,MetalliCan,MetalliCan,1574000.0,0.0,Ore processed,1,ore
GRP-147b3123,Underground mining and beneficiation at Timmins Operation,"Underground, concentrator",Au–Ag free-milling,Water,Manganese (and its compounds),Emission,Direct Discharge,tonnes,0.027,MetalliCan,MetalliCan,1574000.0,1.7153748411689963e-08,Ore processed,1,ore
GRP-147b3123,Underground mining and beneficiation at Timmins Operation,"Underground, concentrator",Au–Ag free-milling,Water,Manganese (and its compounds),Emission,Waterbody,tonnes,0.0,MetalliCan,MetalliCan,1574000.0,0.0,Ore processed,1,ore
GRP-147b3123,Underground mining and beneficiation at Timmins Operation,"Underground, concentrator",Au–Ag free-milling,Water,Nickel (and its compounds),Emission,Direct Discharge,tonnes,0.036,MetalliCan,MetalliCan,1574000.0,2.2871664548919946e-08,Ore processed,1,ore
GRP-147b3123,Underground mining and beneficiation at Timmins Operation,"Underground, concentrator",Au–Ag free-milling,Water,Nickel (and its compounds),Emission,Waterbody,tonnes,0.0,MetalliCan,MetalliCan,1574000.0,0.0,Ore processed,1,ore
GRP-147b3123,Underground mining and beneficiation at Timmins Operation,"Underground, concentrator",Au–Ag free-milling,Water,Selenium (and its compounds),Emission,Direct Discharge,kg,10.222,MetalliCan,MetalliCan,1574000.0,6.49428208386277e-06,Ore processed,1,ore
GRP-147b3123,Underground mining and beneficiation at Timmins Operation,"Underground, concentrator",Au–Ag free-milling,Water,Selenium (and its compounds),Emission,Waterbody,kg,0.0,MetalliCan,MetalliCan,1574000.0,0.0,Ore processed,1,ore
GRP-147b3123,Underground mining and beneficiation at Timmins Operation,"Underground, concentrator",Au–Ag free-milling,Water,Zinc (and its compounds),Emission,Direct Discharge,tonnes,0.006,MetalliCan,MetalliCan,1574000.0,3.811944091486658e-09,Ore processed,1,ore
GRP-147b3123,Underground mining and beneficiation at Timmins Operation,"Underground, concentrator",Au–Ag free-milling,Water,Zinc (and its compounds),Emission,Waterbody,tonnes,0.0,MetalliCan,MetalliCan,1574000.0,0.0,Ore processed,1,ore
GRP-147b3123,Underground mining and beneficiation at Timmins Operation,"Underground, concentrator",Au–Ag free-milling,Water,Phosphorus (total),Emission,Direct Discharge,tonnes,0.07,MetalliCan,MetalliCan,1574000.0,4.447268106734435e-08,Ore processed,1,ore
GRP-147b3123,Underground mining and beneficiation at Timmins Operation,"Underground, concentrator",Au–Ag free-milling,Water,Phosphorus (total),Emission,Waterbody,tonnes,0.0,MetalliCan,MetalliCan,1574000.0,0.0,Ore processed,1,ore
GRP-147b3123,Underground mining and beneficiation at Timmins Operation,"Underground, concentrator",Au–Ag free-milling,Water,Thallium (and its compounds),Emission,Direct Discharge,kg,0.14,MetalliCan,MetalliCan,1574000.0,8.89453621346887e-08,Ore processed,1,ore
GRP-147b3123,Underground mining and beneficiation at Timmins Operation,"Underground, concentrator",Au–Ag free-milling,Water,Thallium (and its compounds),Emission,Waterbody,kg,0.0,MetalliCan,MetalliCan,1574000.0,0.0,Ore processed,1,ore
GRP-147b3123,Underground mining and beneficiation at Timmins Operation,"Underground, concentrator",Au–Ag free-milling,Water,Vanadium (and its compounds),Emission,Direct Discharge,tonnes,0.005,MetalliCan,MetalliCan,1574000.0,3.176620076238882e-09,Ore processed,1,ore
GRP-147b3123,Underground mining and beneficiation at Timmins Operation,"Underground, concentrator",Au–Ag free-milling,Water,Vanadium (and its compounds),Emission,Waterbody,tonnes,0.0,MetalliCan,MetalliCan,1574000.0,0.0,Ore processed,1,ore
GRP-14bfbb82,Underground mining and beneficiation at Seabee Gold Operation,"Underground, concentrator",Au–Ag free-milling,Air,Nitrogen oxides (expressed as nitrogen dioxide),Emission,Other,tonnes,13.88,MetalliCan,MetalliCan,122000.0,0.0001137704918032787,Ore processed,1,ore
GRP-14bfbb82,Underground mining and beneficiation at Seabee Gold Operation,"Underground, concentrator",Au–Ag free-milling,Air,Arsenic (and its compounds),Emission,Other,kg,0.97,MetalliCan,MetalliCan,122000.0,7.950819672131147e-06,Ore processed,1,ore
GRP-14bfbb82,Underground mining and beneficiation at Seabee Gold Operation,"Underground, concentrator",Au–Ag free-milling,Air,Cadmium (and its compounds),Emission,Other,kg,0.08,MetalliCan,MetalliCan,122000.0,6.557377049180328e-07,Ore processed,1,ore
GRP-14bfbb82,Underground mining and beneficiation at Seabee Gold Operation,"Underground, concentrator",Au–Ag free-milling,Air,Lead (and its compounds),Emission,Other,kg,0.05,MetalliCan,MetalliCan,122000.0,4.098360655737705e-07,Ore processed,1,ore
GRP-14bfbb82,Underground mining and beneficiation at Seabee Gold Operation,"Underground, concentrator",Au–Ag free-milling,Air,Manganese (and its compounds),Emission,Stack Emissions,tonnes,0.001,MetalliCan,MetalliCan,122000.0,8.19672131147541e-09,Ore processed,1,ore
GRP-14bfbb82,Underground mining and beneficiation at Seabee Gold Operation,"Underground, concentrator",Au–Ag free-milling,Air,GHG,Emission,,tonnes,44059.0,MetalliCan,MetalliCan,122000.0,0.3611393442622951,Ore processed,1,ore
GRP-14bfbb82,Underground mining and beneficiation at Seabee Gold Operation,"Underground, concentrator",Au–Ag free-milling,Air,Total particulate matter,Emission,Other,tonnes,10.196,MetalliCan,MetalliCan,122000.0,8.357377049180327e-05,Ore processed,1,ore
GRP-14bfbb82,Underground mining and beneficiation at Seabee Gold Operation,"Underground, concentrator",Au–Ag free-milling,Air,PM10 - Particulate Matter <= 10 Micrometers,Emission,Other,tonnes,4.644,MetalliCan,MetalliCan,122000.0,3.806557377049181e-05,Ore processed,1,ore
GRP-14bfbb82,Underground mining and beneficiation at Seabee Gold Operation,"Underground, concentrator",Au–Ag free-milling,Air,PM2.5 - Particulate Matter <= 2.5 Micrometers,Emission,Other,tonnes,1.836,MetalliCan,MetalliCan,122000.0,1.5049180327868853e-05,Ore processed,1,ore
GRP-14bfbb82,Underground mining and beneficiation at Seabee Gold Operation,"Underground, concentrator",Au–Ag free-milling,Water,Water,Consumption,,m3,147624.0,MetalliCan,MetalliCan,122000.0,1.2100327868852458,Ore processed,1,ore
GRP-14bfbb82,Underground mining and beneficiation at Seabee Gold Operation,"Underground, concentrator",Au–Ag free-milling,Water,Arsenic (and its compounds),Emission,Direct Discharge,kg,0.043954,MetalliCan,MetalliCan,122000.0,3.6027868852459016e-07,Ore processed,1,ore
GRP-14bfbb82,Underground mining and beneficiation at Seabee Gold Operation,"Underground, concentrator",Au–Ag free-milling,Water,Arsenic (and its compounds),Emission,Waterbody,kg,0.0,MetalliCan,MetalliCan,122000.0,0.0,Ore processed,1,ore
GRP-14bfbb82,Underground mining and beneficiation at Seabee Gold Operation,"Underground, concentrator",Au–Ag free-milling,Water,Cadmium (and its compounds),Emission,Direct Discharge,kg,0.003035,MetalliCan,MetalliCan,122000.0,2.487704918032787e-08,Ore processed,1,ore
GRP-14bfbb82,Underground mining and beneficiation at Seabee Gold Operation,"Underground, concentrator",Au–Ag free-milling,Water,Cadmium (and its compounds),Emission,Waterbody,kg,0.0,MetalliCan,MetalliCan,122000.0,0.0,Ore processed,1,ore
GRP-14bfbb82,Underground mining and beneficiation at Seabee Gold Operation,"Underground, concentrator",Au–Ag free-milling,Water,Chromium (and its compounds),Emission,Direct Discharge,tonnes,1.7e-05,MetalliCan,MetalliCan,122000.0,1.3934426229508197e-10,Ore processed,1,ore
GRP-14bfbb82,Underground mining and beneficiation at Seabee Gold Operation,"Underground, concentrator",Au–Ag free-milling,Water,Chromium (and its compounds),Emission,Waterbody,tonnes,0.0,MetalliCan,MetalliCan,122000.0,0.0,Ore processed,1,ore
GRP-14bfbb82,Underground mining and beneficiation at Seabee Gold Operation,"Underground, concentrator",Au–Ag free-milling,Water,Cobalt (and its compounds),Emission,Direct Discharge,kg,1.96346,MetalliCan,MetalliCan,122000.0,1.6093934426229508e-05,Ore processed,1,ore
GRP-14bfbb82,Underground mining and beneficiation at Seabee Gold Operation,"Underground, concentrator",Au–Ag free-milling,Water,Cobalt (and its compounds),Emission,Waterbody,kg,0.0,MetalliCan,MetalliCan,122000.0,0.0,Ore processed,1,ore
GRP-14bfbb82,Underground mining and beneficiation at Seabee Gold Operation,"Underground, concentrator",Au–Ag free-milling,Water,Copper (and its compounds),Emission,Direct Discharge,tonnes,0.001181,MetalliCan,MetalliCan,122000.0,9.68032786885246e-09,Ore processed,1,ore
GRP-14bfbb82,Underground mining and beneficiation at Seabee Gold Operation,"Underground, concentrator",Au–Ag free-milling,Water,Copper (and its compounds),Emission,Waterbody,tonnes,0.0,MetalliCan,MetalliCan,122000.0,0.0,Ore processed,1,ore
GRP-14bfbb82,Underground mining and beneficiation at Seabee Gold Operation,"Underground, concentrator",Au–Ag free-milling,Water,Cyanides (ionic),Emission,Direct Discharge,tonnes,0.000292,MetalliCan,MetalliCan,122000.0,2.3934426229508196e-09,Ore processed,1,ore
GRP-14bfbb82,Underground mining and beneficiation at Seabee Gold Operation,"Underground, concentrator",Au–Ag free-milling,Water,Cyanides (ionic),Emission,Waterbody,tonnes,0.0,MetalliCan,MetalliCan,122000.0,0.0,Ore processed,1,ore
GRP-14bfbb82,Underground mining and beneficiation at Seabee Gold Operation,"Underground, concentrator",Au–Ag free-milling,Water,Lead (and its compounds),Emission,Direct Discharge,kg,0.016528,MetalliCan,MetalliCan,122000.0,1.3547540983606558e-07,Ore processed,1,ore
GRP-14bfbb82,Underground mining and beneficiation at Seabee Gold Operation,"Underground, concentrator",Au–Ag free-milling,Water,Lead (and its compounds),Emission,Waterbody,kg,0.0,MetalliCan,MetalliCan,122000.0,0.0,Ore processed,1,ore
GRP-14bfbb82,Underground mining and beneficiation at Seabee Gold Operation,"Underground, concentrator",Au–Ag free-milling,Water,Manganese (and its compounds),Emission,Direct Discharge,tonnes,0.020576,MetalliCan,MetalliCan,122000.0,1.6865573770491805e-07,Ore processed,1,ore
GRP-14bfbb82,Underground mining and beneficiation at Seabee Gold Operation,"Underground, concentrator",Au–Ag free-milling,Water,Manganese (and its compounds),Emission,Waterbody,tonnes,0.0,MetalliCan,MetalliCan,122000.0,0.0,Ore processed,1,ore
GRP-14bfbb82,Underground mining and beneficiation at Seabee Gold Operation,"Underground, concentrator",Au–Ag free-milling,Water,Nickel (and its compounds),Emission,Direct Discharge,tonnes,0.001261,MetalliCan,MetalliCan,122000.0,1.0336065573770492e-08,Ore processed,1,ore
GRP-14bfbb82,Underground mining and beneficiation at Seabee Gold Operation,"Underground, concentrator",Au–Ag free-milling,Water,Nickel (and its compounds),Emission,Waterbody,tonnes,0.0,MetalliCan,MetalliCan,122000.0,0.0,Ore processed,1,ore
GRP-14bfbb82,Underground mining and beneficiation at Seabee Gold Operation,"Underground, concentrator",Au–Ag free-milling,Water,Selenium (and its compounds),Emission,Direct Discharge,kg,0.047552,MetalliCan,MetalliCan,122000.0,3.897704918032787e-07,Ore processed,1,ore
GRP-14bfbb82,Underground mining and beneficiation at Seabee Gold Operation,"Underground, concentrator",Au–Ag free-milling,Water,Selenium (and its compounds),Emission,Waterbody,kg,0.0,MetalliCan,MetalliCan,122000.0,0.0,Ore processed,1,ore
GRP-14bfbb82,Underground mining and beneficiation at Seabee Gold Operation,"Underground, concentrator",Au–Ag free-milling,Water,Zinc (and its compounds),Emission,Direct Discharge,tonnes,0.000478,MetalliCan,MetalliCan,122000.0,3.918032786885246e-09,Ore processed,1,ore
GRP-14bfbb82,Underground mining and beneficiation at Seabee Gold Operation,"Underground, concentrator",Au–Ag free-milling,Water,Zinc (and its compounds),Emission,Waterbody,tonnes,0.0,MetalliCan,MetalliCan,122000.0,0.0,Ore processed,1,ore
GRP-14bfbb82,Underground mining and beneficiation at Seabee Gold Operation,"Underground, concentrator",Au–Ag free-milling,Water,Ammonia (total),Emission,Direct Discharge,tonnes,0.2498,MetalliCan,MetalliCan,122000.0,2.0475409836065573e-06,Ore processed,1,ore
GRP-14bfbb82,Underground mining and beneficiation at Seabee Gold Operation,"Underground, concentrator",Au–Ag free-milling,Water,Ammonia (total),Emission,Waterbody,tonnes,0.0,MetalliCan,MetalliCan,122000.0,0.0,Ore processed,1,ore
GRP-14bfbb82,Underground mining and beneficiation at Seabee Gold Operation,"Underground, concentrator",Au–Ag free-milling,Water,Nitrate ion in solution at pH >= 6.0,Emission,Direct Discharge,tonnes,48.97,MetalliCan,MetalliCan,122000.0,0.0004013934426229508,Ore processed,1,ore
GRP-14bfbb82,Underground mining and beneficiation at Seabee Gold Operation,"Underground, concentrator",Au–Ag free-milling,Water,Nitrate ion in solution at pH >= 6.0,Emission,Waterbody,tonnes,0.0,MetalliCan,MetalliCan,122000.0,0.0,Ore processed,1,ore
GRP-14bfbb82,Underground mining and beneficiation at Seabee Gold Operation,"Underground, concentrator",Au–Ag free-milling,Water,Phosphorus (total),Emission,Direct Discharge,tonnes,0.005531,MetalliCan,MetalliCan,122000.0,4.53360655737705e-08,Ore processed,1,ore
GRP-14bfbb82,Underground mining and beneficiation at Seabee Gold Operation,"Underground, concentrator",Au–Ag free-milling,Water,Phosphorus (total),Emission,Waterbody,tonnes,0.0,MetalliCan,MetalliCan,122000.0,0.0,Ore processed,1,ore
GRP-14bfbb82,Underground mining and beneficiation at Seabee Gold Operation,"Underground, concentrator",Au–Ag free-milling,Water,Vanadium (and its compounds),Emission,Direct Discharge,tonnes,0.000193,MetalliCan,MetalliCan,122000.0,1.581967213114754e-09,Ore processed,1,ore
GRP-14bfbb82,Underground mining and beneficiation at Seabee Gold Operation,"Underground, concentrator",Au–Ag free-milling,Water,Vanadium (and its compounds),Emission,Waterbody,tonnes,0.0,MetalliCan,MetalliCan,122000.0,0.0,Ore processed,1,ore
GRP-21eee27d,Underground mining and beneficiation at Key Lake + McArthur River,"Underground, concentrator",High-grade U mine + mill,Air,N2O,Emission,Industrial Processes,tonnes,0.0,MetalliCan,MetalliCan,98408.8710325432,0.0,Ore processed,1,ore
GRP-21eee27d,Underground mining and beneficiation at Key Lake + McArthur River,"Underground, concentrator",High-grade U mine + mill,Air,N2O,Emission,On-site Transportation,tonnes,0.0696,MetalliCan,MetalliCan,98408.8710325432,7.07253312325712e-07,Ore processed,1,ore
GRP-21eee27d,Underground mining and beneficiation at Key Lake + McArthur River,"Underground, concentrator",High-grade U mine + mill,Air,N2O,Emission,Stationary Fuel Combustion,tonnes,3.5105,MetalliCan,MetalliCan,98408.8710325432,3.56725970247042e-05,Ore processed,1,ore
GRP-21eee27d,Underground mining and beneficiation at Key Lake + McArthur River,"Underground, concentrator",High-grade U mine + mill,Air,N2O,Emission,Waste,tonnes,0.0,MetalliCan,MetalliCan,98408.8710325432,0.0,Ore processed,1,ore
GRP-21eee27d,Underground mining and beneficiation at Key Lake + McArthur River,"Underground, concentrator",High-grade U mine + mill,Air,N2O,Emission,Wastewater,tonnes,0.0015,MetalliCan,MetalliCan,98408.8710325432,1.5242528282881725e-08,Ore processed,1,ore
GRP-21eee27d,Underground mining and beneficiation at Key Lake + McArthur River,"Underground, concentrator",High-grade U mine + mill,Air,Nitrogen oxides (expressed as nitrogen dioxide),Emission,Fugitive Emissions,tonnes,0.311,MetalliCan,MetalliCan,98408.8710325432,3.160284197317478e-06,Ore processed,1,ore
GRP-21eee27d,Underground mining and beneficiation at Key Lake + McArthur River,"Underground, concentrator",High-grade U mine + mill,Air,Nitrogen oxides (expressed as nitrogen dioxide),Emission,Stack Emissions,tonnes,75.035,MetalliCan,MetalliCan,98408.8710325432,0.0007624820731373535,Ore processed,1,ore
GRP-21eee27d,Underground mining and beneficiation at Key Lake + McArthur River,"Underground, concentrator",High-grade U mine + mill,Air,CO2,Emission,Industrial Processes,tonnes,2296.256,MetalliCan,MetalliCan,98408.8710325432,0.02333383134982457,Ore processed,1,ore
GRP-21eee27d,Underground mining and beneficiation at Key Lake + McArthur River,"Underground, concentrator",High-grade U mine + mill,Air,CO2,Emission,On-site Transportation,tonnes,6369.073,MetalliCan,MetalliCan,98408.8710325432,0.06472051689215891,Ore processed,1,ore
GRP-21eee27d,Underground mining and beneficiation at Key Lake + McArthur River,"Underground, concentrator",High-grade U mine + mill,Air,CO2,Emission,Stationary Fuel Combustion,tonnes,50050.0873,MetalliCan,MetalliCan,98408.8710325432,0.5085932474872996,Ore processed,1,ore
GRP-21eee27d,Underground mining and beneficiation at Key Lake + McArthur River,"Underground, concentrator",High-grade U mine + mill,Air,CO2,Emission,Waste,tonnes,116.3,MetalliCan,MetalliCan,98408.8710325432,0.0011818040261994298,Ore processed,1,ore
GRP-21eee27d,Underground mining and beneficiation at Key Lake + McArthur River,"Underground, concentrator",High-grade U mine + mill,Air,CO2,Emission,Wastewater,tonnes,0.0,MetalliCan,MetalliCan,98408.8710325432,0.0,Ore processed,1,ore
GRP-21eee27d,Underground mining and beneficiation at Key Lake + McArthur River,"Underground, concentrator",High-grade U mine + mill,Air,Carbon monoxide,Emission,Stack Emissions,tonnes,87.328,MetalliCan,MetalliCan,98408.8710325432,0.0008873996732583302,Ore processed,1,ore
GRP-21eee27d,Underground mining and beneficiation at Key Lake + McArthur River,"Underground, concentrator",High-grade U mine + mill,Air,CH4,Emission,Industrial Processes,tonnes,0.0,MetalliCan,MetalliCan,98408.8710325432,0.0,Ore processed,1,ore
GRP-21eee27d,Underground mining and beneficiation at Key Lake + McArthur River,"Underground, concentrator",High-grade U mine + mill,Air,CH4,Emission,On-site Transportation,tonnes,2.5475,MetalliCan,MetalliCan,98408.8710325432,2.5886893867094132e-05,Ore processed,1,ore
GRP-21eee27d,Underground mining and beneficiation at Key Lake + McArthur River,"Underground, concentrator",High-grade U mine + mill,Air,CH4,Emission,Stationary Fuel Combustion,tonnes,0.8048,MetalliCan,MetalliCan,98408.8710325432,8.178124508042142e-06,Ore processed,1,ore
GRP-21eee27d,Underground mining and beneficiation at Key Lake + McArthur River,"Underground, concentrator",High-grade U mine + mill,Air,CH4,Emission,Waste,tonnes,49.84,MetalliCan,MetalliCan,98408.8710325432,0.0005064584064125502,Ore processed,1,ore
GRP-21eee27d,Underground mining and beneficiation at Key Lake + McArthur River,"Underground, concentrator",High-grade U mine + mill,Air,CH4,Emission,Wastewater,tonnes,3.2272,MetalliCan,MetalliCan,98408.8710325432,3.279379151634394e-05,Ore processed,1,ore
GRP-21eee27d,Underground mining and beneficiation at Key Lake + McArthur River,"Underground, concentrator",High-grade U mine + mill,Air,Arsenic (and its compounds),Emission,Stack Emissions,kg,2.737,MetalliCan,MetalliCan,98408.8710325432,2.781253327349819e-05,Ore processed,1,ore
GRP-21eee27d,Underground mining and beneficiation at Key Lake + McArthur River,"Underground, concentrator",High-grade U mine + mill,Air,Cobalt (and its compounds),Emission,Fugitive Emissions,kg,0.0003,MetalliCan,MetalliCan,98408.8710325432,3.048505656576345e-09,Ore processed,1,ore
GRP-21eee27d,Underground mining and beneficiation at Key Lake + McArthur River,"Underground, concentrator",High-grade U mine + mill,Air,Copper (and its compounds),Emission,Stack Emissions,tonnes,0.0016,MetalliCan,MetalliCan,98408.8710325432,1.625869683507384e-08,Ore processed,1,ore
GRP-21eee27d,Underground mining and beneficiation at Key Lake + McArthur River,"Underground, concentrator",High-grade U mine + mill,Air,Lead (and its compounds),Emission,Fugitive Emissions,kg,0.0049,MetalliCan,MetalliCan,98408.8710325432,4.979225905741364e-08,Ore processed,1,ore
GRP-21eee27d,Underground mining and beneficiation at Key Lake + McArthur River,"Underground, concentrator",High-grade U mine + mill,Air,Lead (and its compounds),Emission,Stack Emissions,kg,2.8181,MetalliCan,MetalliCan,98408.8710325432,2.8636645969325995e-05,Ore processed,1,ore
GRP-21eee27d,Underground mining and beneficiation at Key Lake + McArthur River,"Underground, concentrator",High-grade U mine + mill,Air,Manganese (and its compounds),Emission,Fugitive Emissions,tonnes,0.0009,MetalliCan,MetalliCan,98408.8710325432,9.145516969729036e-09,Ore processed,1,ore
GRP-21eee27d,Underground mining and beneficiation at Key Lake + McArthur River,"Underground, concentrator",High-grade U mine + mill,Air,Nickel (and its compounds),Emission,Fugitive Emissions,tonnes,6e-05,MetalliCan,MetalliCan,98408.8710325432,6.09701131315269e-10,Ore processed,1,ore
GRP-21eee27d,Underground mining and beneficiation at Key Lake + McArthur River,"Underground, concentrator",High-grade U mine + mill,Air,Nickel (and its compounds),Emission,Stack Emissions,tonnes,0.0015,MetalliCan,MetalliCan,98408.8710325432,1.5242528282881725e-08,Ore processed,1,ore
GRP-21eee27d,Underground mining and beneficiation at Key Lake + McArthur River,"Underground, concentrator",High-grade U mine + mill,Air,Selenium (and its compounds),Emission,Stack Emissions,kg,8.626,MetalliCan,MetalliCan,98408.8710325432,8.765469931209183e-05,Ore processed,1,ore
GRP-21eee27d,Underground mining and beneficiation at Key Lake + McArthur River,"Underground, concentrator",High-grade U mine + mill,Air,Zinc (and its compounds),Emission,Fugitive Emissions,tonnes,0.001,MetalliCan,MetalliCan,98408.8710325432,1.016168552192115e-08,Ore processed,1,ore
GRP-21eee27d,Underground mining and beneficiation at Key Lake + McArthur River,"Underground, concentrator",High-grade U mine + mill,Air,Zinc (and its compounds),Emission,Stack Emissions,tonnes,0.046,MetalliCan,MetalliCan,98408.8710325432,4.6743753400837293e-07,Ore processed,1,ore
GRP-21eee27d,Underground mining and beneficiation at Key Lake + McArthur River,"Underground, concentrator",High-grade U mine + mill,Air,Ammonia (total),Emission,Stack Emissions,tonnes,15.897,MetalliCan,MetalliCan,98408.8710325432,0.00016154031474198053,Ore processed,1,ore
GRP-21eee27d,Underground mining and beneficiation at Key Lake + McArthur River,"Underground, concentrator",High-grade U mine + mill,Air,Total particulate matter,Emission,Fugitive Emissions,tonnes,53.526,MetalliCan,MetalliCan,98408.8710325432,0.0005439143792463515,Ore processed,1,ore
GRP-21eee27d,Underground mining and beneficiation at Key Lake + McArthur River,"Underground, concentrator",High-grade U mine + mill,Air,Total particulate matter,Emission,Stack Emissions,tonnes,18.522,MetalliCan,MetalliCan,98408.8710325432,0.00018821473923702353,Ore processed,1,ore
GRP-21eee27d,Underground mining and beneficiation at Key Lake + McArthur River,"Underground, concentrator",High-grade U mine + mill,Air,PM10 - Particulate Matter <= 10 Micrometers,Emission,Fugitive Emissions,tonnes,19.668,MetalliCan,MetalliCan,98408.8710325432,0.00019986003084514518,Ore processed,1,ore
GRP-21eee27d,Underground mining and beneficiation at Key Lake + McArthur River,"Underground, concentrator",High-grade U mine + mill,Air,PM10 - Particulate Matter <= 10 Micrometers,Emission,Stack Emissions,tonnes,1.256,MetalliCan,MetalliCan,98408.8710325432,1.2763077015532965e-05,Ore processed,1,ore
GRP-21eee27d,Underground mining and beneficiation at Key Lake + McArthur River,"Underground, concentrator",High-grade U mine + mill,Air,PM2.5 - Particulate Matter <= 2.5 Micrometers,Emission,Fugitive Emissions,tonnes,5.484,MetalliCan,MetalliCan,98408.8710325432,5.572668340221559e-05,Ore processed,1,ore
GRP-21eee27d,Underground mining and beneficiation at Key Lake + McArthur River,"Underground, concentrator",High-grade U mine + mill,Air,PM2.5 - Particulate Matter <= 2.5 Micrometers,Emission,Stack Emissions,tonnes,1.246,MetalliCan,MetalliCan,98408.8710325432,1.2661460160313753e-05,Ore processed,1,ore
GRP-21eee27d,Underground mining and beneficiation at Key Lake + McArthur River,"Underground, concentrator",High-grade U mine + mill,Air,Volatile Organic Compounds (Total),Emission,Fugitive Emissions,tonnes,14.26,MetalliCan,MetalliCan,98408.8710325432,0.0001449056355425956,Ore processed,1,ore
GRP-21eee27d,Underground mining and beneficiation at Key Lake + McArthur River,"Underground, concentrator",High-grade U mine + mill,Air,Volatile Organic Compounds (Total),Emission,Other,tonnes,1.042,MetalliCan,MetalliCan,98408.8710325432,1.058847631384184e-05,Ore processed,1,ore
GRP-21eee27d,Underground mining and beneficiation at Key Lake + McArthur River,"Underground, concentrator",High-grade U mine + mill,Air,Volatile Organic Compounds (Total),Emission,Stack Emissions,tonnes,57.776,MetalliCan,MetalliCan,98408.8710325432,0.0005871015427145165,Ore processed,1,ore
GRP-21eee27d,Underground mining and beneficiation at Key Lake + McArthur River,"Underground, concentrator",High-grade U mine + mill,Air,Volatile Organic Compounds (Total),Emission,Storage / Handling,tonnes,1.053,MetalliCan,MetalliCan,98408.8710325432,1.0700254854582971e-05,Ore processed,1,ore
GRP-21eee27d,Underground mining and beneficiation at Key Lake + McArthur River,"Underground, concentrator",High-grade U mine + mill,Water,Arsenic (and its compounds),Emission,Direct Discharge,kg,7.079,MetalliCan,MetalliCan,98408.8710325432,7.193457180967983e-05,Ore processed,1,ore
GRP-21eee27d,Underground mining and beneficiation at Key Lake + McArthur River,"Underground, concentrator",High-grade U mine + mill,Water,Arsenic (and its compounds),Emission,Waterbody,kg,0.0,MetalliCan,MetalliCan,98408.8710325432,0.0,Ore processed,1,ore
GRP-21eee27d,Underground mining and beneficiation at Key Lake + McArthur River,"Underground, concentrator",High-grade U mine + mill,Water,Cadmium (and its compounds),Emission,Direct Discharge,kg,0.156,MetalliCan,MetalliCan,98408.8710325432,1.5852229414196995e-06,Ore processed,1,ore
GRP-21eee27d,Underground mining and beneficiation at Key Lake + McArthur River,"Underground, concentrator",High-grade U mine + mill,Water,Cadmium (and its compounds),Emission,Waterbody,kg,0.0,MetalliCan,MetalliCan,98408.8710325432,0.0,Ore processed,1,ore
GRP-21eee27d,Underground mining and beneficiation at Key Lake + McArthur River,"Underground, concentrator",High-grade U mine + mill,Water,Cobalt (and its compounds),Emission,Direct Discharge,kg,23.844,MetalliCan,MetalliCan,98408.8710325432,0.00024229522958468794,Ore processed,1,ore
GRP-21eee27d,Underground mining and beneficiation at Key Lake + McArthur River,"Underground, concentrator",High-grade U mine + mill,Water,Cobalt (and its compounds),Emission,Waterbody,kg,0.0,MetalliCan,MetalliCan,98408.8710325432,0.0,Ore processed,1,ore
GRP-21eee27d,Underground mining and beneficiation at Key Lake + McArthur River,"Underground, concentrator",High-grade U mine + mill,Water,Copper (and its compounds),Emission,Direct Discharge,tonnes,0.00906,MetalliCan,MetalliCan,98408.8710325432,9.206487082860563e-08,Ore processed,1,ore
GRP-21eee27d,Underground mining and beneficiation at Key Lake + McArthur River,"Underground, concentrator",High-grade U mine + mill,Water,Copper (and its compounds),Emission,Waterbody,tonnes,0.0,MetalliCan,MetalliCan,98408.8710325432,0.0,Ore processed,1,ore
GRP-21eee27d,Underground mining and beneficiation at Key Lake + McArthur River,"Underground, concentrator",High-grade U mine + mill,Water,Lead (and its compounds),Emission,Direct Discharge,kg,1.055,MetalliCan,MetalliCan,98408.8710325432,1.0720578225626814e-05,Ore processed,1,ore
GRP-21eee27d,Underground mining and beneficiation at Key Lake + McArthur River,"Underground, concentrator",High-grade U mine + mill,Water,Lead (and its compounds),Emission,Waterbody,kg,0.0,MetalliCan,MetalliCan,98408.8710325432,0.0,Ore processed,1,ore
GRP-21eee27d,Underground mining and beneficiation at Key Lake + McArthur River,"Underground, concentrator",High-grade U mine + mill,Water,Manganese (and its compounds),Emission,Direct Discharge,tonnes,0.0599,MetalliCan,MetalliCan,98408.8710325432,6.086849627630769e-07,Ore processed,1,ore
GRP-21eee27d,Underground mining and beneficiation at Key Lake + McArthur River,"Underground, concentrator",High-grade U mine + mill,Water,Manganese (and its compounds),Emission,Waterbody,tonnes,0.0,MetalliCan,MetalliCan,98408.8710325432,0.0,Ore processed,1,ore
GRP-21eee27d,Underground mining and beneficiation at Key Lake + McArthur River,"Underground, concentrator",High-grade U mine + mill,Water,Nickel (and its compounds),Emission,Direct Discharge,tonnes,0.3307,MetalliCan,MetalliCan,98408.8710325432,3.3604694020993244e-06,Ore processed,1,ore
GRP-21eee27d,Underground mining and beneficiation at Key Lake + McArthur River,"Underground, concentrator",High-grade U mine + mill,Water,Nickel (and its compounds),Emission,Waterbody,tonnes,0.0,MetalliCan,MetalliCan,98408.8710325432,0.0,Ore processed,1,ore
GRP-21eee27d,Underground mining and beneficiation at Key Lake + McArthur River,"Underground, concentrator",High-grade U mine + mill,Water,Selenium (and its compounds),Emission,Direct Discharge,kg,28.666,MetalliCan,MetalliCan,98408.8710325432,0.0002912948771713917,Ore processed,1,ore
GRP-21eee27d,Underground mining and beneficiation at Key Lake + McArthur River,"Underground, concentrator",High-grade U mine + mill,Water,Selenium (and its compounds),Emission,Waterbody,kg,0.0,MetalliCan,MetalliCan,98408.8710325432,0.0,Ore processed,1,ore
GRP-21eee27d,Underground mining and beneficiation at Key Lake + McArthur River,"Underground, concentrator",High-grade U mine + mill,Water,Zinc (and its compounds),Emission,Direct Discharge,tonnes,0.0149,MetalliCan,MetalliCan,98408.8710325432,1.5140911427662515e-07,Ore processed,1,ore
GRP-21eee27d,Underground mining and beneficiation at Key Lake + McArthur River,"Underground, concentrator",High-grade U mine + mill,Water,Zinc (and its compounds),Emission,Waterbody,tonnes,0.0,MetalliCan,MetalliCan,98408.8710325432,0.0,Ore processed,1,ore
GRP-21eee27d,Underground mining and beneficiation at Key Lake + McArthur River,"Underground, concentrator",High-grade U mine + mill,Water,Ammonia (total),Emission,Direct Discharge,tonnes,30.567,MetalliCan,MetalliCan,98408.8710325432,0.00031061224134856384,Ore processed,1,ore
GRP-21eee27d,Underground mining and beneficiation at Key Lake + McArthur River,"Underground, concentrator",High-grade U mine + mill,Water,Ammonia (total),Emission,Waterbody,tonnes,0.0,MetalliCan,MetalliCan,98408.8710325432,0.0,Ore processed,1,ore
GRP-21eee27d,Underground mining and beneficiation at Key Lake + McArthur River,"Underground, concentrator",High-grade U mine + mill,Water,Nitrate ion in solution at pH >= 6.0,Emission,Direct Discharge,tonnes,63.15300000000001,MetalliCan,MetalliCan,98408.8710325432,0.0006417409257658866,Ore processed,1,ore
GRP-21eee27d,Underground mining and beneficiation at Key Lake + McArthur River,"Underground, concentrator",High-grade U mine + mill,Water,Nitrate ion in solution at pH >= 6.0,Emission,Waterbody,tonnes,0.0,MetalliCan,MetalliCan,98408.8710325432,0.0,Ore processed,1,ore
GRP-21eee27d,Underground mining and beneficiation at Key Lake + McArthur River,"Underground, concentrator",High-grade U mine + mill,Water,Vanadium (and its compounds),Emission,Direct Discharge,tonnes,0.0023,MetalliCan,MetalliCan,98408.8710325432,2.3371876700418647e-08,Ore processed,1,ore
GRP-21eee27d,Underground mining and beneficiation at Key Lake + McArthur River,"Underground, concentrator",High-grade U mine + mill,Water,Vanadium (and its compounds),Emission,Waterbody,tonnes,0.0,MetalliCan,MetalliCan,98408.8710325432,0.0,Ore processed,1,ore
GRP-25483238,,,,Air,N2O,Emission,Industrial Processes,tonnes,0.0,MetalliCan,MetalliCan,,,Ore processed,1,ore
GRP-25483238,,,,Air,N2O,Emission,On-site Transportation,tonnes,3.83,MetalliCan,MetalliCan,,,Ore processed,1,ore
GRP-25483238,,,,Air,N2O,Emission,Stationary Fuel Combustion,tonnes,3.19,MetalliCan,MetalliCan,,,Ore processed,1,ore
GRP-25483238,,,,Air,Nitrogen oxides (expressed as nitrogen dioxide),Emission,Stack Emissions,tonnes,566.0,MetalliCan,MetalliCan,,,Ore processed,1,ore
GRP-25483238,,,,Air,CO2,Emission,Industrial Processes,tonnes,692886.0,MetalliCan,MetalliCan,,,Ore processed,1,ore
GRP-25483238,,,,Air,CO2,Emission,On-site Transportation,tonnes,9688.0,MetalliCan,MetalliCan,,,Ore processed,1,ore
GRP-25483238,,,,Air,CO2,Emission,Stationary Fuel Combustion,tonnes,180525.0,MetalliCan,MetalliCan,,,Ore processed,1,ore
GRP-25483238,,,,Air,Pyrene,Emission,Stack Emissions,kg,93.0,MetalliCan,MetalliCan,,,Ore processed,1,ore
GRP-25483238,,,,Air,Benzo[e]pyrene,Emission,Stack Emissions,kg,3.602,MetalliCan,MetalliCan,,,Ore processed,1,ore
GRP-25483238,,,,Air,Benzo[b]fluoranthene,Emission,Stack Emissions,kg,9.005,MetalliCan,MetalliCan,,,Ore processed,1,ore
GRP-25483238,,,,Air,Fluoranthene,Emission,Stack Emissions,kg,69.0,MetalliCan,MetalliCan,,,Ore processed,1,ore
GRP-25483238,,,,Air,Acenaphthylene,Emission,Stack Emissions,kg,156.4,MetalliCan,MetalliCan,,,Ore processed,1,ore
GRP-25483238,,,,Air,Carbon monoxide,Emission,Stack Emissions,tonnes,5362.0,MetalliCan,MetalliCan,,,Ore processed,1,ore
GRP-25483238,,,,Air,CH4,Emission,Industrial Processes,tonnes,0.56,MetalliCan,MetalliCan,,,Ore processed,1,ore
GRP-25483238,,,,Air,CH4,Emission,On-site Transportation,tonnes,1.0,MetalliCan,MetalliCan,,,Ore processed,1,ore
GRP-25483238,,,,Air,CH4,Emission,Stationary Fuel Combustion,tonnes,3.56,MetalliCan,MetalliCan,,,Ore processed,1,ore
GRP-25483238,,,,Air,Aluminum (fume or dust only),Emission,Stack Emissions,tonnes,4.4,MetalliCan,MetalliCan,,,Ore processed,1,ore
GRP-25483238,,,,Air,Sulphur dioxide,Emission,Stack Emissions,tonnes,1967.0,MetalliCan,MetalliCan,,,Ore processed,1,ore
GRP-25483238,,,,Air,Hydrochloric acid,Emission,Stack Emissions,tonnes,18.9,MetalliCan,MetalliCan,,,Ore processed,1,ore
GRP-25483238,,,,Air,Phenanthrene,Emission,Stack Emissions,kg,162.37,MetalliCan,MetalliCan,,,Ore processed,1,ore
GRP-25483238,,,,Air,Arsenic (and its compounds),Emission,Stack Emissions,kg,11.4,MetalliCan,MetalliCan,,,Ore processed,1,ore
GRP-25483238,,,,Air,Cadmium (and its compounds),Emission,Stack Emissions,kg,0.013,MetalliCan,MetalliCan,,,Ore processed,1,ore
GRP-25483238,,,,Air,Chromium (and its compounds),Emission,Stack Emissions,tonnes,3.4,MetalliCan,MetalliCan,,,Ore processed,1,ore
GRP-25483238,,,,Air,Cobalt (and its compounds),Emission,Stack Emissions,kg,144.0,MetalliCan,MetalliCan,,,Ore processed,1,ore
GRP-25483238,,,,Air,Copper (and its compounds),Emission,Stack Emissions,tonnes,0.41,MetalliCan,MetalliCan,,,Ore processed,1,ore
GRP-25483238,,,,Air,Lead (and its compounds),Emission,Stack Emissions,kg,135.0,MetalliCan,MetalliCan,,,Ore processed,1,ore
GRP-25483238,,,,Air,Manganese (and its compounds),Emission,Stack Emissions,tonnes,2.4,MetalliCan,MetalliCan,,,Ore processed,1,ore
GRP-25483238,,,,Air,Mercury (and its compounds),Emission,Stack Emissions,tonnes,0.00816,MetalliCan,MetalliCan,,,Ore processed,1,ore
GRP-25483238,,,,Air,Nickel (and its compounds),Emission,Stack Emissions,tonnes,0.8,MetalliCan,MetalliCan,,,Ore processed,1,ore
GRP-25483238,,,,Air,Selenium (and its compounds),Emission,Stack Emissions,kg,0.3,MetalliCan,MetalliCan,,,Ore processed,1,ore
GRP-25483238,,,,Air,Zinc (and its compounds),Emission,Stack Emissions,tonnes,1.0,MetalliCan,MetalliCan,,,Ore processed,1,ore
GRP-25483238,,,,Air,Phosphorus (total),Emission,Stack Emissions,tonnes,0.01,MetalliCan,MetalliCan,,,Ore processed,1,ore
GRP-25483238,,,,Air,Total particulate matter,Emission,Fugitive Emissions,tonnes,16.67,MetalliCan,MetalliCan,,,Ore processed,1,ore
GRP-25483238,,,,Air,Total particulate matter,Emission,Stack Emissions,tonnes,782.0,MetalliCan,MetalliCan,,,Ore processed,1,ore
GRP-25483238,,,,Air,PM10 - Particulate Matter <= 10 Micrometers,Emission,Fugitive Emissions,tonnes,6.11,MetalliCan,MetalliCan,,,Ore processed,1,ore
GRP-25483238,,,,Air,PM10 - Particulate Matter <= 10 Micrometers,Emission,Stack Emissions,tonnes,538.9,MetalliCan,MetalliCan,,,Ore processed,1,ore
GRP-25483238,,,,Air,PM2.5 - Particulate Matter <= 2.5 Micrometers,Emission,Stack Emissions,tonnes,520.6,MetalliCan,MetalliCan,,,Ore processed,1,ore
GRP-25483238,,,,Air,"PAHs, total unspeciated",Emission,Stack Emissions,kg,13.91,MetalliCan,MetalliCan,,,Ore processed,1,ore
GRP-25483238,,,,Water,Arsenic (and its compounds),Emission,Direct Discharge,kg,173.0,MetalliCan,MetalliCan,,,Ore processed,1,ore
GRP-25483238,,,,Water,Arsenic (and its compounds),Emission,Waterbody,kg,0.0,MetalliCan,MetalliCan,,,Ore processed,1,ore
GRP-25483238,,,,Water,Cadmium (and its compounds),Emission,Direct Discharge,kg,0.2,MetalliCan,MetalliCan,,,Ore processed,1,ore
GRP-25483238,,,,Water,Cadmium (and its compounds),Emission,Waterbody,kg,0.0,MetalliCan,MetalliCan,,,Ore processed,1,ore
GRP-25483238,,,,Water,Chromium (and its compounds),Emission,Direct Discharge,tonnes,0.02021,MetalliCan,MetalliCan,,,Ore processed,1,ore
GRP-25483238,,,,Water,Chromium (and its compounds),Emission,Waterbody,tonnes,0.0,MetalliCan,MetalliCan,,,Ore processed,1,ore
GRP-25483238,,,,Water,Cobalt (and its compounds),Emission,Direct Discharge,kg,45.7,MetalliCan,MetalliCan,,,Ore processed,1,ore
GRP-25483238,,,,Water,Cobalt (and its compounds),Emission,Waterbody,kg,0.0,MetalliCan,MetalliCan,,,Ore processed,1,ore
GRP-25483238,,,,Water,Copper (and its compounds),Emission,Direct Discharge,tonnes,0.37,MetalliCan,MetalliCan,,,Ore processed,1,ore
GRP-25483238,,,,Water,Copper (and its compounds),Emission,Waterbody,tonnes,0.0,MetalliCan,MetalliCan,,,Ore processed,1,ore
GRP-25483238,,,,Water,Lead (and its compounds),Emission,Direct Discharge,kg,848.1,MetalliCan,MetalliCan,,,Ore processed,1,ore
GRP-25483238,,,,Water,Lead (and its compounds),Emission,Waterbody,kg,0.0,MetalliCan,MetalliCan,,,Ore processed,1,ore
GRP-25483238,,,,Water,Manganese (and its compounds),Emission,Direct Discharge,tonnes,1.13,MetalliCan,MetalliCan,,,Ore processed,1,ore
GRP-25483238,,,,Water,Manganese (and its compounds),Emission,Waterbody,tonnes,0.0,MetalliCan,MetalliCan,,,Ore processed,1,ore
GRP-25483238,,,,Water,Mercury (and its compounds),Emission,Direct Discharge,tonnes,0.0023,MetalliCan,MetalliCan,,,Ore processed,1,ore
GRP-25483238,,,,Water,Mercury (and its compounds),Emission,Waterbody,tonnes,0.0,MetalliCan,MetalliCan,,,Ore processed,1,ore
GRP-25483238,,,,Water,Nickel (and its compounds),Emission,Direct Discharge,tonnes,0.677,MetalliCan,MetalliCan,,,Ore processed,1,ore
GRP-25483238,,,,Water,Nickel (and its compounds),Emission,Waterbody,tonnes,0.0,MetalliCan,MetalliCan,,,Ore processed,1,ore
GRP-25483238,,,,Water,Selenium (and its compounds),Emission,Direct Discharge,kg,8.5,MetalliCan,MetalliCan,,,Ore processed,1,ore
GRP-25483238,,,,Water,Selenium (and its compounds),Emission,Waterbody,kg,0.0,MetalliCan,MetalliCan,,,Ore processed,1,ore
GRP-25483238,,,,Water,Zinc (and its compounds),Emission,Direct Discharge,tonnes,5.77,MetalliCan,MetalliCan,,,Ore processed,1,ore
GRP-25483238,,,,Water,Zinc (and its compounds),Emission,Waterbody,tonnes,0.0,MetalliCan,MetalliCan,,,Ore processed,1,ore
GRP-25483238,,,,Water,Phosphorus (total),Emission,Direct Discharge,tonnes,0.2,MetalliCan,MetalliCan,,,Ore processed,1,ore
GRP-25483238,,,,Water,Phosphorus (total),Emission,Waterbody,tonnes,0.0,MetalliCan,MetalliCan,,,Ore processed,1,ore
GRP-2a663492,,,,Air,N2O,Emission,On-site Transportation,tonnes,0.193,MetalliCan,MetalliCan,,,Ore processed,1,ore
GRP-2a663492,,,,Air,N2O,Emission,Stationary Fuel Combustion,tonnes,0.224,MetalliCan,MetalliCan,,,Ore processed,1,ore
GRP-2a663492,,,,Air,Nitrogen oxides (expressed as nitrogen dioxide),Emission,Stack Emissions,tonnes,915.5,MetalliCan,MetalliCan,,,Ore processed,1,ore
GRP-2a663492,,,,Air,CO2,Emission,On-site Transportation,tonnes,24120.525,MetalliCan,MetalliCan,,,Ore processed,1,ore
GRP-2a663492,,,,Air,CO2,Emission,Stationary Fuel Combustion,tonnes,27325.165,MetalliCan,MetalliCan,,,Ore processed,1,ore
GRP-2a663492,,,,Air,Carbon monoxide,Emission,Stack Emissions,tonnes,300.9,MetalliCan,MetalliCan,,,Ore processed,1,ore
GRP-2a663492,,,,Air,CH4,Emission,On-site Transportation,tonnes,0.641,MetalliCan,MetalliCan,,,Ore processed,1,ore
GRP-2a663492,,,,Air,CH4,Emission,Stationary Fuel Combustion,tonnes,0.795,MetalliCan,MetalliCan,,,Ore processed,1,ore
GRP-2a663492,,,,Air,Total particulate matter,Emission,Stack Emissions,tonnes,49.8,MetalliCan,MetalliCan,,,Ore processed,1,ore
GRP-2a663492,,,,Air,Total particulate matter,Emission,Storage / Handling,tonnes,101.5,MetalliCan,MetalliCan,,,Ore processed,1,ore
GRP-2a663492,,,,Air,PM10 - Particulate Matter <= 10 Micrometers,Emission,Stack Emissions,tonnes,49.4,MetalliCan,MetalliCan,,,Ore processed,1,ore
GRP-2a663492,,,,Air,PM10 - Particulate Matter <= 10 Micrometers,Emission,Storage / Handling,tonnes,50.1,MetalliCan,MetalliCan,,,Ore processed,1,ore
GRP-2a663492,,,,Air,PM2.5 - Particulate Matter <= 2.5 Micrometers,Emission,Stack Emissions,tonnes,46.9,MetalliCan,MetalliCan,,,Ore processed,1,ore
GRP-2a663492,,,,Air,PM2.5 - Particulate Matter <= 2.5 Micrometers,Emission,Storage / Handling,tonnes,9.1,MetalliCan,MetalliCan,,,Ore processed,1,ore
GRP-2a663492,,,,Air,Volatile Organic Compounds (Total),Emission,Stack Emissions,tonnes,53.8,MetalliCan,MetalliCan,,,Ore processed,1,ore
GRP-677b5973,,,,Air,N2O,Emission,Industrial Processes,tonnes,0.0,MetalliCan,MetalliCan,,,Ore processed,1,ore
GRP-677b5973,,,,Air,N2O,Emission,On-site Transportation,tonnes,1.985478,MetalliCan,MetalliCan,,,Ore processed,1,ore
GRP-677b5973,,,,Air,N2O,Emission,Stationary Fuel Combustion,tonnes,9.99494,MetalliCan,MetalliCan,,,Ore processed,1,ore
GRP-677b5973,,,,Air,Nitrogen oxides (expressed as nitrogen dioxide),Emission,Fugitive Emissions,tonnes,0.843,MetalliCan,MetalliCan,,,Ore processed,1,ore
GRP-677b5973,,,,Air,Nitrogen oxides (expressed as nitrogen dioxide),Emission,Stack Emissions,tonnes,688.4544,MetalliCan,MetalliCan,,,Ore processed,1,ore
GRP-677b5973,,,,Air,Anthracene,Emission,Fugitive Emissions,kg,99.791,MetalliCan,MetalliCan,,,Ore processed,1,ore
GRP-677b5973,,,,Air,Anthracene,Emission,Stack Emissions,kg,254.023,MetalliCan,MetalliCan,,,Ore processed,1,ore
GRP-677b5973,,,,Air,CO2,Emission,Industrial Processes,tonnes,2640913.9,MetalliCan,MetalliCan,,,Ore processed,1,ore
GRP-677b5973,,,,Air,CO2,Emission,On-site Transportation,tonnes,11669.51,MetalliCan,MetalliCan,,,Ore processed,1,ore
GRP-677b5973,,,,Air,CO2,Emission,Stationary Fuel Combustion,tonnes,564994.965,MetalliCan,MetalliCan,,,Ore processed,1,ore
GRP-677b5973,,,,Air,Pyrene,Emission,Fugitive Emissions,kg,187.436,MetalliCan,MetalliCan,,,Ore processed,1,ore
GRP-677b5973,,,,Air,Pyrene,Emission,Stack Emissions,kg,185.5902,MetalliCan,MetalliCan,,,Ore processed,1,ore
GRP-677b5973,,,,Air,"Dibenzo[a,i]pyrene",Emission,Fugitive Emissions,kg,1.035,MetalliCan,MetalliCan,,,Ore processed,1,ore
GRP-677b5973,,,,Air,"Dibenzo[a,i]pyrene",Emission,Stack Emissions,kg,0.0066,MetalliCan,MetalliCan,,,Ore processed,1,ore
GRP-677b5973,,,,Air,"Dibenzo[a,h]pyrene",Emission,Fugitive Emissions,kg,0.896,MetalliCan,MetalliCan,,,Ore processed,1,ore
GRP-677b5973,,,,Air,Benzo[ghi]perylene,Emission,Fugitive Emissions,kg,5.901300000000001,MetalliCan,MetalliCan,,,Ore processed,1,ore
GRP-677b5973,,,,Air,Benzo[ghi]perylene,Emission,Stack Emissions,kg,0.8743000000000001,MetalliCan,MetalliCan,,,Ore processed,1,ore
GRP-677b5973,,,,Air,"Dibenzo[a,e]pyrene",Emission,Fugitive Emissions,kg,0.312,MetalliCan,MetalliCan,,,Ore processed,1,ore
GRP-677b5973,,,,Air,"Dibenzo[a,e]pyrene",Emission,Stack Emissions,kg,0.0038,MetalliCan,MetalliCan,,,Ore processed,1,ore
GRP-677b5973,,,,Air,Benzo[e]pyrene,Emission,Fugitive Emissions,kg,12.8822,MetalliCan,MetalliCan,,,Ore processed,1,ore
GRP-677b5973,,,,Air,Benzo[e]pyrene,Emission,Stack Emissions,kg,4.2346,MetalliCan,MetalliCan,,,Ore processed,1,ore
GRP-677b5973,,,,Air,"Indeno[1,2,3-cd]pyrene",Emission,Fugitive Emissions,kg,5.8271,MetalliCan,MetalliCan,,,Ore processed,1,ore
GRP-677b5973,,,,Air,"Indeno[1,2,3-cd]pyrene",Emission,Stack Emissions,kg,1.0092,MetalliCan,MetalliCan,,,Ore processed,1,ore
GRP-677b5973,,,,Air,Perylene,Emission,Fugitive Emissions,kg,0.0958,MetalliCan,MetalliCan,,,Ore processed,1,ore
GRP-677b5973,,,,Air,Perylene,Emission,Stack Emissions,kg,0.0089,MetalliCan,MetalliCan,,,Ore processed,1,ore
GRP-677b5973,,,,Air,Benzo[j]fluoranthene,Emission,Fugitive Emissions,kg,11.5363,MetalliCan,MetalliCan,,,Ore processed,1,ore
GRP-677b5973,,,,Air,Benzo[j]fluoranthene,Emission,Stack Emissions,kg,1.692,MetalliCan,MetalliCan,,,Ore processed,1,ore
GRP-677b5973,,,,Air,Benzo[b]fluoranthene,Emission,Fugitive Emissions,kg,21.9158,MetalliCan,MetalliCan,,,Ore processed,1,ore
GRP-677b5973,,,,Air,Benzo[b]fluoranthene,Emission,Stack Emissions,kg,7.592,MetalliCan,MetalliCan,,,Ore processed,1,ore
GRP-677b5973,,,,Air,Fluoranthene,Emission,Fugitive Emissions,kg,344.6751,MetalliCan,MetalliCan,,,Ore processed,1,ore
GRP-677b5973,,,,Air,Fluoranthene,Emission,Stack Emissions,kg,336.10047,MetalliCan,MetalliCan,,,Ore processed,1,ore
GRP-677b5973,,,,Air,Benzo[k]fluoranthene,Emission,Fugitive Emissions,kg,11.7619,MetalliCan,MetalliCan,,,Ore processed,1,ore
GRP-677b5973,,,,Air,Benzo[k]fluoranthene,Emission,Stack Emissions,kg,1.6279,MetalliCan,MetalliCan,,,Ore processed,1,ore
GRP-677b5973,,,,Air,Acenaphthylene,Emission,Fugitive Emissions,kg,7.7321,MetalliCan,MetalliCan,,,Ore processed,1,ore
GRP-677b5973,,,,Air,Acenaphthylene,Emission,Stack Emissions,kg,129.9059,MetalliCan,MetalliCan,,,Ore processed,1,ore
GRP-677b5973,,,,Air,Chrysene,Emission,Fugitive Emissions,kg,34.9279,MetalliCan,MetalliCan,,,Ore processed,1,ore
GRP-677b5973,,,,Air,Chrysene,Emission,Stack Emissions,kg,23.0918,MetalliCan,MetalliCan,,,Ore processed,1,ore
GRP-677b5973,,,,Air,Carbonyl sulphide,Emission,Fugitive Emissions,tonnes,42.958,MetalliCan,MetalliCan,,,Ore processed,1,ore
GRP-677b5973,,,,Air,Carbonyl sulphide,Emission,Stack Emissions,tonnes,1424.543,MetalliCan,MetalliCan,,,Ore processed,1,ore
GRP-677b5973,,,,Air,Benzo[a]pyrene,Emission,Fugitive Emissions,kg,4.9075,MetalliCan,MetalliCan,,,Ore processed,1,ore
GRP-677b5973,,,,Air,Benzo[a]pyrene,Emission,Stack Emissions,kg,1.8322,MetalliCan,MetalliCan,,,Ore processed,1,ore
GRP-677b5973,,,,Air,"Dibenz[a,h]anthracene",Emission,Fugitive Emissions,kg,4.2177,MetalliCan,MetalliCan,,,Ore processed,1,ore
GRP-677b5973,,,,Air,"Dibenz[a,h]anthracene",Emission,Stack Emissions,kg,0.1831,MetalliCan,MetalliCan,,,Ore processed,1,ore
GRP-677b5973,,,,Air,"Dibenzo[a,e]fluoranthene",Emission,Fugitive Emissions,kg,0.2126,MetalliCan,MetalliCan,,,Ore processed,1,ore
GRP-677b5973,,,,Air,"Dibenzo[a,e]fluoranthene",Emission,Stack Emissions,kg,0.0075,MetalliCan,MetalliCan,,,Ore processed,1,ore
GRP-677b5973,,,,Air,Benz[a]anthracene,Emission,Fugitive Emissions,kg,13.7254,MetalliCan,MetalliCan,,,Ore processed,1,ore
GRP-677b5973,,,,Air,Benz[a]anthracene,Emission,Stack Emissions,kg,10.2344,MetalliCan,MetalliCan,,,Ore processed,1,ore
GRP-677b5973,,,,Air,Carbon monoxide,Emission,Fugitive Emissions,tonnes,8311.969,MetalliCan,MetalliCan,,,Ore processed,1,ore
GRP-677b5973,,,,Air,Carbon monoxide,Emission,Stack Emissions,tonnes,227691.559,MetalliCan,MetalliCan,,,Ore processed,1,ore
GRP-677b5973,,,,Air,CH4,Emission,Industrial Processes,tonnes,0.0,MetalliCan,MetalliCan,,,Ore processed,1,ore
GRP-677b5973,,,,Air,CH4,Emission,On-site Transportation,tonnes,1.94455,MetalliCan,MetalliCan,,,Ore processed,1,ore
GRP-677b5973,,,,Air,CH4,Emission,Stationary Fuel Combustion,tonnes,11.08303,MetalliCan,MetalliCan,,,Ore processed,1,ore
GRP-677b5973,,,,Air,Sulphur dioxide,Emission,Fugitive Emissions,tonnes,872.555,MetalliCan,MetalliCan,,,Ore processed,1,ore
GRP-677b5973,,,,Air,Sulphur dioxide,Emission,Stack Emissions,tonnes,37141.441,MetalliCan,MetalliCan,,,Ore processed,1,ore
GRP-677b5973,,,,Air,Carbon disulphide,Emission,Stack Emissions,tonnes,0.877,MetalliCan,MetalliCan,,,Ore processed,1,ore
GRP-677b5973,,,,Air,Hydrochloric acid,Emission,Stack Emissions,tonnes,37.86499999999999,MetalliCan,MetalliCan,,,Ore processed,1,ore
GRP-677b5973,,,,Air,Hydrogen fluoride,Emission,Fugitive Emissions,tonnes,575.198,MetalliCan,MetalliCan,,,Ore processed,1,ore
GRP-677b5973,,,,Air,Hydrogen fluoride,Emission,Stack Emissions,tonnes,58.668,MetalliCan,MetalliCan,,,Ore processed,1,ore
GRP-677b5973,,,,Air,Calcium fluoride,Emission,Stack Emissions,tonnes,1.8,MetalliCan,MetalliCan,,,Ore processed,1,ore
GRP-677b5973,,,,Air,Acenaphthene,Emission,Fugitive Emissions,kg,242.7381,MetalliCan,MetalliCan,,,Ore processed,1,ore
GRP-677b5973,,,,Air,Acenaphthene,Emission,Stack Emissions,kg,1202.1899,MetalliCan,MetalliCan,,,Ore processed,1,ore
GRP-677b5973,,,,Air,Phenanthrene,Emission,Fugitive Emissions,kg,922.0821,MetalliCan,MetalliCan,,,Ore processed,1,ore
GRP-677b5973,,,,Air,Phenanthrene,Emission,Stack Emissions,kg,4134.721399999999,MetalliCan,MetalliCan,,,Ore processed,1,ore
GRP-677b5973,,,,Air,Fluorene,Emission,Fugitive Emissions,kg,391.8102,MetalliCan,MetalliCan,,,Ore processed,1,ore
GRP-677b5973,,,,Air,Fluorene,Emission,Stack Emissions,kg,2056.04591,MetalliCan,MetalliCan,,,Ore processed,1,ore
GRP-677b5973,,,,Air,Naphthalene,Emission,Fugitive Emissions,tonnes,0.05,MetalliCan,MetalliCan,,,Ore processed,1,ore
GRP-677b5973,,,,Air,Naphthalene,Emission,Stack Emissions,tonnes,2.325,MetalliCan,MetalliCan,,,Ore processed,1,ore
GRP-677b5973,,,,Air,Mercury (and its compounds),Emission,Stack Emissions,tonnes,0.019681,MetalliCan,MetalliCan,,,Ore processed,1,ore
GRP-677b5973,,,,Air,Total particulate matter,Emission,Fugitive Emissions,tonnes,2992.872,MetalliCan,MetalliCan,,,Ore processed,1,ore
GRP-677b5973,,,,Air,Total particulate matter,Emission,Stack Emissions,tonnes,1385.678,MetalliCan,MetalliCan,,,Ore processed,1,ore
GRP-677b5973,,,,Air,PM10 - Particulate Matter <= 10 Micrometers,Emission,Fugitive Emissions,tonnes,1983.711,MetalliCan,MetalliCan,,,Ore processed,1,ore
GRP-677b5973,,,,Air,PM10 - Particulate Matter <= 10 Micrometers,Emission,Stack Emissions,tonnes,1208.768,MetalliCan,MetalliCan,,,Ore processed,1,ore
GRP-677b5973,,,,Air,PM2.5 - Particulate Matter <= 2.5 Micrometers,Emission,Fugitive Emissions,tonnes,1524.239,MetalliCan,MetalliCan,,,Ore processed,1,ore
GRP-677b5973,,,,Air,PM2.5 - Particulate Matter <= 2.5 Micrometers,Emission,Stack Emissions,tonnes,1080.059,MetalliCan,MetalliCan,,,Ore processed,1,ore
GRP-677b5973,,,,Air,Total reduced sulphur (expressed as hydrogen sulphide),Emission,Fugitive Emissions,tonnes,24.142,MetalliCan,MetalliCan,,,Ore processed,1,ore
GRP-677b5973,,,,Air,Total reduced sulphur (expressed as hydrogen sulphide),Emission,Stack Emissions,tonnes,807.511,MetalliCan,MetalliCan,,,Ore processed,1,ore
GRP-677b5973,,,,Air,Volatile Organic Compounds (Total),Emission,Fugitive Emissions,tonnes,910.3998,MetalliCan,MetalliCan,,,Ore processed,1,ore
GRP-677b5973,,,,Air,Volatile Organic Compounds (Total),Emission,Stack Emissions,tonnes,311.1411,MetalliCan,MetalliCan,,,Ore processed,1,ore
GRP-677b5973,,,,Water,Pyrene,Emission,Direct Discharge,kg,0.0046,MetalliCan,MetalliCan,,,Ore processed,1,ore
GRP-677b5973,,,,Water,Pyrene,Emission,Waterbody,kg,0.0,MetalliCan,MetalliCan,,,Ore processed,1,ore
GRP-677b5973,,,,Water,"Indeno[1,2,3-cd]pyrene",Emission,Direct Discharge,kg,0.205322,MetalliCan,MetalliCan,,,Ore processed,1,ore
GRP-677b5973,,,,Water,"Indeno[1,2,3-cd]pyrene",Emission,Waterbody,kg,0.0,MetalliCan,MetalliCan,,,Ore processed,1,ore
GRP-677b5973,,,,Water,Benzo[b]fluoranthene,Emission,Direct Discharge,kg,0.0758,MetalliCan,MetalliCan,,,Ore processed,1,ore
GRP-677b5973,,,,Water,Benzo[b]fluoranthene,Emission,Waterbody,kg,0.0,MetalliCan,MetalliCan,,,Ore processed,1,ore
GRP-677b5973,,,,Water,Fluoranthene,Emission,Direct Discharge,kg,0.006,MetalliCan,MetalliCan,,,Ore processed,1,ore
GRP-677b5973,,,,Water,Fluoranthene,Emission,Waterbody,kg,0.0,MetalliCan,MetalliCan,,,Ore processed,1,ore
GRP-677b5973,,,,Water,Benzo[k]fluoranthene,Emission,Direct Discharge,kg,0.0095,MetalliCan,MetalliCan,,,Ore processed,1,ore
GRP-677b5973,,,,Water,Benzo[k]fluoranthene,Emission,Waterbody,kg,0.0,MetalliCan,MetalliCan,,,Ore processed,1,ore
GRP-677b5973,,,,Water,Chrysene,Emission,Direct Discharge,kg,0.359769,MetalliCan,MetalliCan,,,Ore processed,1,ore
GRP-677b5973,,,,Water,Chrysene,Emission,Waterbody,kg,0.0,MetalliCan,MetalliCan,,,Ore processed,1,ore
GRP-677b5973,,,,Water,Benzo[a]pyrene,Emission,Direct Discharge,kg,0.229735,MetalliCan,MetalliCan,,,Ore processed,1,ore
GRP-677b5973,,,,Water,Benzo[a]pyrene,Emission,Waterbody,kg,0.0,MetalliCan,MetalliCan,,,Ore processed,1,ore
GRP-677b5973,,,,Water,Benz[a]anthracene,Emission,Direct Discharge,kg,0.176699,MetalliCan,MetalliCan,,,Ore processed,1,ore
GRP-677b5973,,,,Water,Benz[a]anthracene,Emission,Waterbody,kg,0.0,MetalliCan,MetalliCan,,,Ore processed,1,ore
GRP-677b5973,,,,Water,Phenanthrene,Emission,Direct Discharge,kg,0.0038,MetalliCan,MetalliCan,,,Ore processed,1,ore
GRP-677b5973,,,,Water,Phenanthrene,Emission,Waterbody,kg,0.0,MetalliCan,MetalliCan,,,Ore processed,1,ore
GRP-7a9ba115,,,,Air,N2O,Emission,Industrial Processes,tonnes,0.0,MetalliCan,MetalliCan,,,Ore processed,1,ore
GRP-7a9ba115,,,,Air,N2O,Emission,On-site Transportation,tonnes,1.346751,MetalliCan,MetalliCan,,,Ore processed,1,ore
GRP-7a9ba115,,,,Air,N2O,Emission,Stationary Fuel Combustion,tonnes,2.438661,MetalliCan,MetalliCan,,,Ore processed,1,ore
GRP-7a9ba115,,,,Air,Nitrogen oxides (expressed as nitrogen dioxide),Emission,Stack Emissions,tonnes,601.7239999999999,MetalliCan,MetalliCan,,,Ore processed,1,ore
GRP-7a9ba115,,,,Air,Hexachlorobenzene,Emission,Stack Emissions,grams,82.691,MetalliCan,MetalliCan,,,Ore processed,1,ore
GRP-7a9ba115,,,,Air,CO2,Emission,Industrial Processes,tonnes,903570.439,MetalliCan,MetalliCan,,,Ore processed,1,ore
GRP-7a9ba115,,,,Air,CO2,Emission,On-site Transportation,tonnes,3525.798,MetalliCan,MetalliCan,,,Ore processed,1,ore
GRP-7a9ba115,,,,Air,CO2,Emission,Stationary Fuel Combustion,tonnes,138838.81,MetalliCan,MetalliCan,,,Ore processed,1,ore
GRP-7a9ba115,,,,Air,Pyrene,Emission,Stack Emissions,kg,4.048,MetalliCan,MetalliCan,,,Ore processed,1,ore
GRP-7a9ba115,,,,Air,Fluoranthene,Emission,Stack Emissions,kg,6.227,MetalliCan,MetalliCan,,,Ore processed,1,ore
GRP-7a9ba115,,,,Air,Acenaphthylene,Emission,Stack Emissions,kg,16.601,MetalliCan,MetalliCan,,,Ore processed,1,ore
GRP-7a9ba115,,,,Air,Carbon monoxide,Emission,Stack Emissions,tonnes,1392.983,MetalliCan,MetalliCan,,,Ore processed,1,ore
GRP-7a9ba115,,,,Air,CH4,Emission,Industrial Processes,tonnes,16.6908,MetalliCan,MetalliCan,,,Ore processed,1,ore
GRP-7a9ba115,,,,Air,CH4,Emission,On-site Transportation,tonnes,0.50501,MetalliCan,MetalliCan,,,Ore processed,1,ore
GRP-7a9ba115,,,,Air,CH4,Emission,Stationary Fuel Combustion,tonnes,2.735173,MetalliCan,MetalliCan,,,Ore processed,1,ore
GRP-7a9ba115,,,,Air,Aluminum (fume or dust only),Emission,Stack Emissions,tonnes,1.807,MetalliCan,MetalliCan,,,Ore processed,1,ore
GRP-7a9ba115,,,,Air,Sulphur dioxide,Emission,Stack Emissions,tonnes,82.606,MetalliCan,MetalliCan,,,Ore processed,1,ore
GRP-7a9ba115,,,,Air,Acenaphthene,Emission,Stack Emissions,kg,2.901,MetalliCan,MetalliCan,,,Ore processed,1,ore
GRP-7a9ba115,,,,Air,Phenanthrene,Emission,Stack Emissions,kg,23.337,MetalliCan,MetalliCan,,,Ore processed,1,ore
GRP-7a9ba115,,,,Air,Fluorene,Emission,Stack Emissions,kg,9.424,MetalliCan,MetalliCan,,,Ore processed,1,ore
GRP-7a9ba115,,,,Air,Arsenic (and its compounds),Emission,Stack Emissions,kg,7.465,MetalliCan,MetalliCan,,,Ore processed,1,ore
GRP-7a9ba115,,,,Air,Cadmium (and its compounds),Emission,Stack Emissions,kg,17.022,MetalliCan,MetalliCan,,,Ore processed,1,ore
GRP-7a9ba115,,,,Air,Chromium (and its compounds),Emission,Stack Emissions,tonnes,0.244,MetalliCan,MetalliCan,,,Ore processed,1,ore
GRP-7a9ba115,,,,Air,Copper (and its compounds),Emission,Stack Emissions,tonnes,0.176,MetalliCan,MetalliCan,,,Ore processed,1,ore
GRP-7a9ba115,,,,Air,Lead (and its compounds),Emission,Stack Emissions,kg,694.066,MetalliCan,MetalliCan,,,Ore processed,1,ore
GRP-7a9ba115,,,,Air,Manganese (and its compounds),Emission,Stack Emissions,tonnes,3.657,MetalliCan,MetalliCan,,,Ore processed,1,ore
GRP-7a9ba115,,,,Air,Mercury (and its compounds),Emission,Stack Emissions,tonnes,0.024132,MetalliCan,MetalliCan,,,Ore processed,1,ore
GRP-7a9ba115,,,,Air,Selenium (and its compounds),Emission,Stack Emissions,kg,8.602,MetalliCan,MetalliCan,,,Ore processed,1,ore
GRP-7a9ba115,,,,Air,Zinc (and its compounds),Emission,Stack Emissions,tonnes,11.482,MetalliCan,MetalliCan,,,Ore processed,1,ore
GRP-7a9ba115,,,,Air,Dioxins and furans - total,Emission,Stack Emissions,g TEQ,0.348349,MetalliCan,MetalliCan,,,Ore processed,1,ore
GRP-7a9ba115,,,,Air,Total particulate matter,Emission,Stack Emissions,tonnes,741.794,MetalliCan,MetalliCan,,,Ore processed,1,ore
GRP-7a9ba115,,,,Air,PM10 - Particulate Matter <= 10 Micrometers,Emission,Stack Emissions,tonnes,570.1980000000001,MetalliCan,MetalliCan,,,Ore processed,1,ore
GRP-7a9ba115,,,,Air,PM2.5 - Particulate Matter <= 2.5 Micrometers,Emission,Stack Emissions,tonnes,365.692,MetalliCan,MetalliCan,,,Ore processed,1,ore
GRP-7a9ba115,,,,Air,Volatile Organic Compounds (Total),Emission,Stack Emissions,tonnes,12.077,MetalliCan,MetalliCan,,,Ore processed,1,ore
GRP-7a9ba115,,,,Water,Arsenic (and its compounds),Emission,Direct Discharge,kg,12.482,MetalliCan,MetalliCan,,,Ore processed,1,ore
GRP-7a9ba115,,,,Water,Arsenic (and its compounds),Emission,Waterbody,kg,0.0,MetalliCan,MetalliCan,,,Ore processed,1,ore
GRP-7a9ba115,,,,Water,Cadmium (and its compounds),Emission,Direct Discharge,kg,1.01488,MetalliCan,MetalliCan,,,Ore processed,1,ore
GRP-7a9ba115,,,,Water,Cadmium (and its compounds),Emission,Waterbody,kg,0.0,MetalliCan,MetalliCan,,,Ore processed,1,ore
GRP-7a9ba115,,,,Water,Chromium (and its compounds),Emission,Direct Discharge,tonnes,0.0767,MetalliCan,MetalliCan,,,Ore processed,1,ore
GRP-7a9ba115,,,,Water,Chromium (and its compounds),Emission,Waterbody,tonnes,0.0,MetalliCan,MetalliCan,,,Ore processed,1,ore
GRP-7a9ba115,,,,Water,Copper (and its compounds),Emission,Direct Discharge,tonnes,0.1723,MetalliCan,MetalliCan,,,Ore processed,1,ore
GRP-7a9ba115,,,,Water,Copper (and its compounds),Emission,Waterbody,tonnes,0.0,MetalliCan,MetalliCan,,,Ore processed,1,ore
GRP-7a9ba115,,,,Water,Lead (and its compounds),Emission,Direct Discharge,kg,10.636,MetalliCan,MetalliCan,,,Ore processed,1,ore
GRP-7a9ba115,,,,Water,Lead (and its compounds),Emission,Waterbody,kg,0.0,MetalliCan,MetalliCan,,,Ore processed,1,ore
GRP-7a9ba115,,,,Water,Manganese (and its compounds),Emission,Direct Discharge,tonnes,0.6724,MetalliCan,MetalliCan,,,Ore processed,1,ore
GRP-7a9ba115,,,,Water,Manganese (and its compounds),Emission,Waterbody,tonnes,0.0,MetalliCan,MetalliCan,,,Ore processed,1,ore
GRP-7a9ba115,,,,Water,Mercury (and its compounds),Emission,Direct Discharge,tonnes,3.8e-06,MetalliCan,MetalliCan,,,Ore processed,1,ore
GRP-7a9ba115,,,,Water,Mercury (and its compounds),Emission,Waterbody,tonnes,0.0,MetalliCan,MetalliCan,,,Ore processed,1,ore
GRP-7a9ba115,,,,Water,Selenium (and its compounds),Emission,Direct Discharge,kg,0.00136,MetalliCan,MetalliCan,,,Ore processed,1,ore
GRP-7a9ba115,,,,Water,Selenium (and its compounds),Emission,Waterbody,kg,0.0,MetalliCan,MetalliCan,,,Ore processed,1,ore
GRP-7a9ba115,,,,Water,Zinc (and its compounds),Emission,Direct Discharge,tonnes,0.838,MetalliCan,MetalliCan,,,Ore processed,1,ore
GRP-7a9ba115,,,,Water,Zinc (and its compounds),Emission,Waterbody,tonnes,0.0,MetalliCan,MetalliCan,,,Ore processed,1,ore
GRP-91aaa60b,Underground mining and beneficiation at Cigar Lake + McClean Lake,"Underground, concentrator",High-grade U mine + mill,Air,N2O,Emission,Industrial Processes,tonnes,5.2063,MetalliCan,MetalliCan,43726.856187782,0.00011906412795015263,Ore processed,1,ore
GRP-91aaa60b,Underground mining and beneficiation at Cigar Lake + McClean Lake,"Underground, concentrator",High-grade U mine + mill,Air,N2O,Emission,On-site Transportation,tonnes,0.07650000000000001,MetalliCan,MetalliCan,43726.856187782,1.7494969149274299e-06,Ore processed,1,ore
GRP-91aaa60b,Underground mining and beneficiation at Cigar Lake + McClean Lake,"Underground, concentrator",High-grade U mine + mill,Air,N2O,Emission,Stationary Fuel Combustion,tonnes,2.229176,MetalliCan,MetalliCan,43726.856187782,5.0979562546800884e-05,Ore processed,1,ore
GRP-91aaa60b,Underground mining and beneficiation at Cigar Lake + McClean Lake,"Underground, concentrator",High-grade U mine + mill,Air,N2O,Emission,Waste,tonnes,0.0088,MetalliCan,MetalliCan,43726.856187782,2.0124931831844944e-07,Ore processed,1,ore
GRP-91aaa60b,Underground mining and beneficiation at Cigar Lake + McClean Lake,"Underground, concentrator",High-grade U mine + mill,Air,N2O,Emission,Wastewater,tonnes,0.07930000000000001,MetalliCan,MetalliCan,43726.856187782,1.8135307889378456e-06,Ore processed,1,ore
GRP-91aaa60b,Underground mining and beneficiation at Cigar Lake + McClean Lake,"Underground, concentrator",High-grade U mine + mill,Air,Nitrogen oxides (expressed as nitrogen dioxide),Emission,Stack Emissions,tonnes,32.963913,MetalliCan,MetalliCan,43726.856187782,0.0007538596614043946,Ore processed,1,ore
GRP-91aaa60b,Underground mining and beneficiation at Cigar Lake + McClean Lake,"Underground, concentrator",High-grade U mine + mill,Air,CO2,Emission,Industrial Processes,tonnes,360.7726,MetalliCan,MetalliCan,43726.856187782,0.008250595433860752,Ore processed,1,ore
GRP-91aaa60b,Underground mining and beneficiation at Cigar Lake + McClean Lake,"Underground, concentrator",High-grade U mine + mill,Air,CO2,Emission,On-site Transportation,tonnes,8551.501199999999,MetalliCan,MetalliCan,43726.856187782,0.19556633944311386,Ore processed,1,ore
GRP-91aaa60b,Underground mining and beneficiation at Cigar Lake + McClean Lake,"Underground, concentrator",High-grade U mine + mill,Air,CO2,Emission,Stationary Fuel Combustion,tonnes,31847.0172,MetalliCan,MetalliCan,43726.856187782,0.7283171024972651,Ore processed,1,ore
GRP-91aaa60b,Underground mining and beneficiation at Cigar Lake + McClean Lake,"Underground, concentrator",High-grade U mine + mill,Air,CO2,Emission,Waste,tonnes,47.1596,MetalliCan,MetalliCan,43726.856187782,0.0010785042445648576,Ore processed,1,ore
GRP-91aaa60b,Underground mining and beneficiation at Cigar Lake + McClean Lake,"Underground, concentrator",High-grade U mine + mill,Air,CO2,Emission,Wastewater,tonnes,0.0,MetalliCan,MetalliCan,43726.856187782,0.0,Ore processed,1,ore
GRP-91aaa60b,Underground mining and beneficiation at Cigar Lake + McClean Lake,"Underground, concentrator",High-grade U mine + mill,Air,CH4,Emission,Industrial Processes,tonnes,0.0,MetalliCan,MetalliCan,43726.856187782,0.0,Ore processed,1,ore
GRP-91aaa60b,Underground mining and beneficiation at Cigar Lake + McClean Lake,"Underground, concentrator",High-grade U mine + mill,Air,CH4,Emission,On-site Transportation,tonnes,1.5946,MetalliCan,MetalliCan,43726.856187782,3.646729124893175e-05,Ore processed,1,ore
GRP-91aaa60b,Underground mining and beneficiation at Cigar Lake + McClean Lake,"Underground, concentrator",High-grade U mine + mill,Air,CH4,Emission,Stationary Fuel Combustion,tonnes,0.512995,MetalliCan,MetalliCan,43726.856187782,1.173180614213329e-05,Ore processed,1,ore
GRP-91aaa60b,Underground mining and beneficiation at Cigar Lake + McClean Lake,"Underground, concentrator",High-grade U mine + mill,Air,CH4,Emission,Waste,tonnes,22.582,MetalliCan,MetalliCan,43726.856187782,0.0005164331938940028,Ore processed,1,ore
GRP-91aaa60b,Underground mining and beneficiation at Cigar Lake + McClean Lake,"Underground, concentrator",High-grade U mine + mill,Air,CH4,Emission,Wastewater,tonnes,4.5952,MetalliCan,MetalliCan,43726.856187782,0.00010508873494737941,Ore processed,1,ore
GRP-91aaa60b,Underground mining and beneficiation at Cigar Lake + McClean Lake,"Underground, concentrator",High-grade U mine + mill,Air,Sulphur dioxide,Emission,Stack Emissions,tonnes,80.26529,MetalliCan,MetalliCan,43726.856187782,0.001835606238310529,Ore processed,1,ore
GRP-91aaa60b,Underground mining and beneficiation at Cigar Lake + McClean Lake,"Underground, concentrator",High-grade U mine + mill,Air,Arsenic (and its compounds),Emission,Fugitive Emissions,kg,3e-05,MetalliCan,MetalliCan,43726.856187782,6.860772215401685e-10,Ore processed,1,ore
GRP-91aaa60b,Underground mining and beneficiation at Cigar Lake + McClean Lake,"Underground, concentrator",High-grade U mine + mill,Air,Arsenic (and its compounds),Emission,Stack Emissions,kg,1.469707,MetalliCan,MetalliCan,43726.856187782,3.361108316793788e-05,Ore processed,1,ore
GRP-91aaa60b,Underground mining and beneficiation at Cigar Lake + McClean Lake,"Underground, concentrator",High-grade U mine + mill,Air,Cadmium (and its compounds),Emission,Fugitive Emissions,kg,3e-06,MetalliCan,MetalliCan,43726.856187782,6.860772215401685e-11,Ore processed,1,ore
GRP-91aaa60b,Underground mining and beneficiation at Cigar Lake + McClean Lake,"Underground, concentrator",High-grade U mine + mill,Air,Cadmium (and its compounds),Emission,Stack Emissions,kg,0.041117,MetalliCan,MetalliCan,43726.856187782,9.40314570602237e-07,Ore processed,1,ore
GRP-91aaa60b,Underground mining and beneficiation at Cigar Lake + McClean Lake,"Underground, concentrator",High-grade U mine + mill,Air,Cobalt (and its compounds),Emission,Fugitive Emissions,kg,1e-06,MetalliCan,MetalliCan,43726.856187782,2.2869240718005614e-11,Ore processed,1,ore
GRP-91aaa60b,Underground mining and beneficiation at Cigar Lake + McClean Lake,"Underground, concentrator",High-grade U mine + mill,Air,Cobalt (and its compounds),Emission,Other,kg,0.001924,MetalliCan,MetalliCan,43726.856187782,4.4000419141442804e-08,Ore processed,1,ore
GRP-91aaa60b,Underground mining and beneficiation at Cigar Lake + McClean Lake,"Underground, concentrator",High-grade U mine + mill,Air,Copper (and its compounds),Emission,Fugitive Emissions,tonnes,2e-06,MetalliCan,MetalliCan,43726.856187782,4.573848143601123e-11,Ore processed,1,ore
GRP-91aaa60b,Underground mining and beneficiation at Cigar Lake + McClean Lake,"Underground, concentrator",High-grade U mine + mill,Air,Copper (and its compounds),Emission,Other,tonnes,2.2e-05,MetalliCan,MetalliCan,43726.856187782,5.031232957961235e-10,Ore processed,1,ore
GRP-91aaa60b,Underground mining and beneficiation at Cigar Lake + McClean Lake,"Underground, concentrator",High-grade U mine + mill,Air,Copper (and its compounds),Emission,Stack Emissions,tonnes,0.000288,MetalliCan,MetalliCan,43726.856187782,6.586341326785618e-09,Ore processed,1,ore
GRP-91aaa60b,Underground mining and beneficiation at Cigar Lake + McClean Lake,"Underground, concentrator",High-grade U mine + mill,Air,Lead (and its compounds),Emission,Fugitive Emissions,kg,1.2e-05,MetalliCan,MetalliCan,43726.856187782,2.744308886160674e-10,Ore processed,1,ore
GRP-91aaa60b,Underground mining and beneficiation at Cigar Lake + McClean Lake,"Underground, concentrator",High-grade U mine + mill,Air,Lead (and its compounds),Emission,Stack Emissions,kg,0.043476,MetalliCan,MetalliCan,43726.856187782,9.942631094560121e-07,Ore processed,1,ore
GRP-91aaa60b,Underground mining and beneficiation at Cigar Lake + McClean Lake,"Underground, concentrator",High-grade U mine + mill,Air,Manganese (and its compounds),Emission,Other,tonnes,0.001797,MetalliCan,MetalliCan,43726.856187782,4.109602557025609e-08,Ore processed,1,ore
GRP-91aaa60b,Underground mining and beneficiation at Cigar Lake + McClean Lake,"Underground, concentrator",High-grade U mine + mill,Air,Manganese (and its compounds),Emission,Stack Emissions,tonnes,0.00024,MetalliCan,MetalliCan,43726.856187782,5.488617772321348e-09,Ore processed,1,ore
GRP-91aaa60b,Underground mining and beneficiation at Cigar Lake + McClean Lake,"Underground, concentrator",High-grade U mine + mill,Air,Nickel (and its compounds),Emission,Other,tonnes,9.3e-05,MetalliCan,MetalliCan,43726.856187782,2.126839386774522e-09,Ore processed,1,ore
GRP-91aaa60b,Underground mining and beneficiation at Cigar Lake + McClean Lake,"Underground, concentrator",High-grade U mine + mill,Air,Nickel (and its compounds),Emission,Stack Emissions,tonnes,0.000379,MetalliCan,MetalliCan,43726.856187782,8.667442232124128e-09,Ore processed,1,ore
GRP-91aaa60b,Underground mining and beneficiation at Cigar Lake + McClean Lake,"Underground, concentrator",High-grade U mine + mill,Air,Selenium (and its compounds),Emission,Fugitive Emissions,kg,1e-06,MetalliCan,MetalliCan,43726.856187782,2.2869240718005614e-11,Ore processed,1,ore
GRP-91aaa60b,Underground mining and beneficiation at Cigar Lake + McClean Lake,"Underground, concentrator",High-grade U mine + mill,Air,Selenium (and its compounds),Emission,Stack Emissions,kg,0.619255,MetalliCan,MetalliCan,43726.856187782,1.4161891660828567e-05,Ore processed,1,ore
GRP-91aaa60b,Underground mining and beneficiation at Cigar Lake + McClean Lake,"Underground, concentrator",High-grade U mine + mill,Air,Zinc (and its compounds),Emission,Other,tonnes,0.002844,MetalliCan,MetalliCan,43726.856187782,6.504012060200797e-08,Ore processed,1,ore
GRP-91aaa60b,Underground mining and beneficiation at Cigar Lake + McClean Lake,"Underground, concentrator",High-grade U mine + mill,Air,Zinc (and its compounds),Emission,Stack Emissions,tonnes,0.001102,MetalliCan,MetalliCan,43726.856187782,2.5201903271242186e-08,Ore processed,1,ore
GRP-91aaa60b,Underground mining and beneficiation at Cigar Lake + McClean Lake,"Underground, concentrator",High-grade U mine + mill,Air,Ammonia (total),Emission,Stack Emissions,tonnes,37.786684,MetalliCan,MetalliCan,43726.856187782,0.0008641527723312113,Ore processed,1,ore
GRP-91aaa60b,Underground mining and beneficiation at Cigar Lake + McClean Lake,"Underground, concentrator",High-grade U mine + mill,Air,Thallium (and its compounds),Emission,Stack Emissions,kg,7e-06,MetalliCan,MetalliCan,43726.856187782,1.600846850260393e-10,Ore processed,1,ore
GRP-91aaa60b,Underground mining and beneficiation at Cigar Lake + McClean Lake,"Underground, concentrator",High-grade U mine + mill,Air,Vanadium (and its compounds),Emission,Stack Emissions,tonnes,5e-06,MetalliCan,MetalliCan,43726.856187782,1.1434620359002808e-10,Ore processed,1,ore
GRP-91aaa60b,Underground mining and beneficiation at Cigar Lake + McClean Lake,"Underground, concentrator",High-grade U mine + mill,Air,Dioxins and furans - total,Emission,Stack Emissions,g TEQ,0.001365,MetalliCan,MetalliCan,43726.856187782,3.1216513580077664e-08,Ore processed,1,ore
GRP-91aaa60b,Underground mining and beneficiation at Cigar Lake + McClean Lake,"Underground, concentrator",High-grade U mine + mill,Air,Total particulate matter,Emission,Fugitive Emissions,tonnes,35.740458,MetalliCan,MetalliCan,43726.856187782,0.0008173571373737695,Ore processed,1,ore
GRP-91aaa60b,Underground mining and beneficiation at Cigar Lake + McClean Lake,"Underground, concentrator",High-grade U mine + mill,Air,Total particulate matter,Emission,Other,tonnes,31.376599,MetalliCan,MetalliCan,43726.856187782,0.0007175589954433343,Ore processed,1,ore
GRP-91aaa60b,Underground mining and beneficiation at Cigar Lake + McClean Lake,"Underground, concentrator",High-grade U mine + mill,Air,Total particulate matter,Emission,Stack Emissions,tonnes,103.420704,MetalliCan,MetalliCan,43726.856187782,0.002365152975001606,Ore processed,1,ore
GRP-91aaa60b,Underground mining and beneficiation at Cigar Lake + McClean Lake,"Underground, concentrator",High-grade U mine + mill,Air,PM10 - Particulate Matter <= 10 Micrometers,Emission,Fugitive Emissions,tonnes,6.419013,MetalliCan,MetalliCan,43726.856187782,0.00014679795346900739,Ore processed,1,ore
GRP-91aaa60b,Underground mining and beneficiation at Cigar Lake + McClean Lake,"Underground, concentrator",High-grade U mine + mill,Air,PM10 - Particulate Matter <= 10 Micrometers,Emission,Other,tonnes,10.523907,MetalliCan,MetalliCan,43726.856187782,0.00024067376247690432,Ore processed,1,ore
GRP-91aaa60b,Underground mining and beneficiation at Cigar Lake + McClean Lake,"Underground, concentrator",High-grade U mine + mill,Air,PM10 - Particulate Matter <= 10 Micrometers,Emission,Stack Emissions,tonnes,1.019993,MetalliCan,MetalliCan,43726.856187782,2.33264654476807e-05,Ore processed,1,ore
GRP-91aaa60b,Underground mining and beneficiation at Cigar Lake + McClean Lake,"Underground, concentrator",High-grade U mine + mill,Air,PM2.5 - Particulate Matter <= 2.5 Micrometers,Emission,Fugitive Emissions,tonnes,1.956,MetalliCan,MetalliCan,43726.856187782,4.473223484441898e-05,Ore processed,1,ore
GRP-91aaa60b,Underground mining and beneficiation at Cigar Lake + McClean Lake,"Underground, concentrator",High-grade U mine + mill,Air,PM2.5 - Particulate Matter <= 2.5 Micrometers,Emission,Other,tonnes,0.73577,MetalliCan,MetalliCan,43726.856187782,1.6826501243086992e-05,Ore processed,1,ore
GRP-91aaa60b,Underground mining and beneficiation at Cigar Lake + McClean Lake,"Underground, concentrator",High-grade U mine + mill,Air,PM2.5 - Particulate Matter <= 2.5 Micrometers,Emission,Stack Emissions,tonnes,0.788851,MetalliCan,MetalliCan,43726.856187782,1.804042340963945e-05,Ore processed,1,ore
GRP-91aaa60b,Underground mining and beneficiation at Cigar Lake + McClean Lake,"Underground, concentrator",High-grade U mine + mill,Air,Volatile Organic Compounds (Total),Emission,Fugitive Emissions,tonnes,252.183252,MetalliCan,MetalliCan,43726.856187782,0.0057672394950374715,Ore processed,1,ore
GRP-91aaa60b,Underground mining and beneficiation at Cigar Lake + McClean Lake,"Underground, concentrator",High-grade U mine + mill,Air,Volatile Organic Compounds (Total),Emission,Other,tonnes,0.719226,MetalliCan,MetalliCan,43726.856187782,1.644815252464831e-05,Ore processed,1,ore
GRP-91aaa60b,Underground mining and beneficiation at Cigar Lake + McClean Lake,"Underground, concentrator",High-grade U mine + mill,Air,Volatile Organic Compounds (Total),Emission,Stack Emissions,tonnes,0.340456,MetalliCan,MetalliCan,43726.856187782,7.78597021788932e-06,Ore processed,1,ore
GRP-91aaa60b,Underground mining and beneficiation at Cigar Lake + McClean Lake,"Underground, concentrator",High-grade U mine + mill,Water,Arsenic (and its compounds),Emission,Direct Discharge,kg,61.889181,MetalliCan,MetalliCan,43726.856187782,0.0014153585781292194,Ore processed,1,ore
GRP-91aaa60b,Underground mining and beneficiation at Cigar Lake + McClean Lake,"Underground, concentrator",High-grade U mine + mill,Water,Arsenic (and its compounds),Emission,Waterbody,kg,0.0,MetalliCan,MetalliCan,43726.856187782,0.0,Ore processed,1,ore
GRP-91aaa60b,Underground mining and beneficiation at Cigar Lake + McClean Lake,"Underground, concentrator",High-grade U mine + mill,Water,Cadmium (and its compounds),Emission,Direct Discharge,kg,0.011961,MetalliCan,MetalliCan,43726.856187782,2.7353898822806514e-07,Ore processed,1,ore
GRP-91aaa60b,Underground mining and beneficiation at Cigar Lake + McClean Lake,"Underground, concentrator",High-grade U mine + mill,Water,Cadmium (and its compounds),Emission,Waterbody,kg,0.0,MetalliCan,MetalliCan,43726.856187782,0.0,Ore processed,1,ore
GRP-91aaa60b,Underground mining and beneficiation at Cigar Lake + McClean Lake,"Underground, concentrator",High-grade U mine + mill,Water,Cobalt (and its compounds),Emission,Direct Discharge,kg,5.179946999999999,MetalliCan,MetalliCan,43726.856187782,0.00011846145484951102,Ore processed,1,ore
GRP-91aaa60b,Underground mining and beneficiation at Cigar Lake + McClean Lake,"Underground, concentrator",High-grade U mine + mill,Water,Cobalt (and its compounds),Emission,Waterbody,kg,0.0,MetalliCan,MetalliCan,43726.856187782,0.0,Ore processed,1,ore
GRP-91aaa60b,Underground mining and beneficiation at Cigar Lake + McClean Lake,"Underground, concentrator",High-grade U mine + mill,Water,Copper (and its compounds),Emission,Direct Discharge,tonnes,0.00225,MetalliCan,MetalliCan,43726.856187782,5.1455791615512635e-08,Ore processed,1,ore
GRP-91aaa60b,Underground mining and beneficiation at Cigar Lake + McClean Lake,"Underground, concentrator",High-grade U mine + mill,Water,Copper (and its compounds),Emission,Waterbody,tonnes,0.0,MetalliCan,MetalliCan,43726.856187782,0.0,Ore processed,1,ore
GRP-91aaa60b,Underground mining and beneficiation at Cigar Lake + McClean Lake,"Underground, concentrator",High-grade U mine + mill,Water,Lead (and its compounds),Emission,Direct Discharge,kg,0.6379440000000001,MetalliCan,MetalliCan,43726.856187782,1.4589294900607376e-05,Ore processed,1,ore
GRP-91aaa60b,Underground mining and beneficiation at Cigar Lake + McClean Lake,"Underground, concentrator",High-grade U mine + mill,Water,Lead (and its compounds),Emission,Waterbody,kg,0.0,MetalliCan,MetalliCan,43726.856187782,0.0,Ore processed,1,ore
GRP-91aaa60b,Underground mining and beneficiation at Cigar Lake + McClean Lake,"Underground, concentrator",High-grade U mine + mill,Water,Manganese (and its compounds),Emission,Direct Discharge,tonnes,0.03541,MetalliCan,MetalliCan,43726.856187782,8.097998138245788e-07,Ore processed,1,ore
GRP-91aaa60b,Underground mining and beneficiation at Cigar Lake + McClean Lake,"Underground, concentrator",High-grade U mine + mill,Water,Manganese (and its compounds),Emission,Waterbody,tonnes,0.0,MetalliCan,MetalliCan,43726.856187782,0.0,Ore processed,1,ore
GRP-91aaa60b,Underground mining and beneficiation at Cigar Lake + McClean Lake,"Underground, concentrator",High-grade U mine + mill,Water,Nickel (and its compounds),Emission,Direct Discharge,tonnes,0.035775,MetalliCan,MetalliCan,43726.856187782,8.181470866866509e-07,Ore processed,1,ore
GRP-91aaa60b,Underground mining and beneficiation at Cigar Lake + McClean Lake,"Underground, concentrator",High-grade U mine + mill,Water,Nickel (and its compounds),Emission,Waterbody,tonnes,0.0,MetalliCan,MetalliCan,43726.856187782,0.0,Ore processed,1,ore
GRP-91aaa60b,Underground mining and beneficiation at Cigar Lake + McClean Lake,"Underground, concentrator",High-grade U mine + mill,Water,Selenium (and its compounds),Emission,Direct Discharge,kg,10.147343,MetalliCan,MetalliCan,43726.856187782,0.00023206202971516924,Ore processed,1,ore
GRP-91aaa60b,Underground mining and beneficiation at Cigar Lake + McClean Lake,"Underground, concentrator",High-grade U mine + mill,Water,Selenium (and its compounds),Emission,Waterbody,kg,0.0,MetalliCan,MetalliCan,43726.856187782,0.0,Ore processed,1,ore
GRP-91aaa60b,Underground mining and beneficiation at Cigar Lake + McClean Lake,"Underground, concentrator",High-grade U mine + mill,Water,Zinc (and its compounds),Emission,Direct Discharge,tonnes,0.002507,MetalliCan,MetalliCan,43726.856187782,5.733318648004008e-08,Ore processed,1,ore
GRP-91aaa60b,Underground mining and beneficiation at Cigar Lake + McClean Lake,"Underground, concentrator",High-grade U mine + mill,Water,Zinc (and its compounds),Emission,Waterbody,tonnes,0.0,MetalliCan,MetalliCan,43726.856187782,0.0,Ore processed,1,ore
GRP-91aaa60b,Underground mining and beneficiation at Cigar Lake + McClean Lake,"Underground, concentrator",High-grade U mine + mill,Water,Ammonia (total),Emission,Direct Discharge,tonnes,6.162929,MetalliCan,MetalliCan,43726.856187782,0.00014094150682897764,Ore processed,1,ore
GRP-91aaa60b,Underground mining and beneficiation at Cigar Lake + McClean Lake,"Underground, concentrator",High-grade U mine + mill,Water,Ammonia (total),Emission,Waterbody,tonnes,0.0,MetalliCan,MetalliCan,43726.856187782,0.0,Ore processed,1,ore
GRP-91aaa60b,Underground mining and beneficiation at Cigar Lake + McClean Lake,"Underground, concentrator",High-grade U mine + mill,Water,Nitrate ion in solution at pH >= 6.0,Emission,Direct Discharge,tonnes,9.9772,MetalliCan,MetalliCan,43726.856187782,0.00022817098849168562,Ore processed,1,ore
GRP-91aaa60b,Underground mining and beneficiation at Cigar Lake + McClean Lake,"Underground, concentrator",High-grade U mine + mill,Water,Nitrate ion in solution at pH >= 6.0,Emission,Waterbody,tonnes,0.0,MetalliCan,MetalliCan,43726.856187782,0.0,Ore processed,1,ore
GRP-91aaa60b,Underground mining and beneficiation at Cigar Lake + McClean Lake,"Underground, concentrator",High-grade U mine + mill,Water,Thallium (and its compounds),Emission,Direct Discharge,kg,0.47874,MetalliCan,MetalliCan,43726.856187782,1.0948420301338008e-05,Ore processed,1,ore
GRP-91aaa60b,Underground mining and beneficiation at Cigar Lake + McClean Lake,"Underground, concentrator",High-grade U mine + mill,Water,Thallium (and its compounds),Emission,Waterbody,kg,0.0,MetalliCan,MetalliCan,43726.856187782,0.0,Ore processed,1,ore
GRP-91aaa60b,Underground mining and beneficiation at Cigar Lake + McClean Lake,"Underground, concentrator",High-grade U mine + mill,Water,Vanadium (and its compounds),Emission,Direct Discharge,tonnes,0.000671,MetalliCan,MetalliCan,43726.856187782,1.5345260521781768e-08,Ore processed,1,ore
GRP-91aaa60b,Underground mining and beneficiation at Cigar Lake + McClean Lake,"Underground, concentrator",High-grade U mine + mill,Water,Vanadium (and its compounds),Emission,Waterbody,tonnes,0.0,MetalliCan,MetalliCan,43726.856187782,0.0,Ore processed,1,ore
GRP-a13779f8,Underground mining and beneficiation at Snow Lake,"Underground, concentrator",Au–Ag polymetallic,Air,N2O,Emission,On-site Transportation,tonnes,0.831,MetalliCan,MetalliCan,2123641.0,3.913090771933674e-07,Ore processed,1,ore
GRP-a13779f8,Underground mining and beneficiation at Snow Lake,"Underground, concentrator",Au–Ag polymetallic,Air,N2O,Emission,Stationary Fuel Combustion,tonnes,0.922,MetalliCan,MetalliCan,2123641.0,4.341600110376472e-07,Ore processed,1,ore
GRP-a13779f8,Underground mining and beneficiation at Snow Lake,"Underground, concentrator",Au–Ag polymetallic,Air,CO2,Emission,On-site Transportation,tonnes,9876.01,MetalliCan,MetalliCan,2123641.0,0.004650508254455438,Ore processed,1,ore
GRP-a13779f8,Underground mining and beneficiation at Snow Lake,"Underground, concentrator",Au–Ag polymetallic,Air,CO2,Emission,Stationary Fuel Combustion,tonnes,12933.56,MetalliCan,MetalliCan,2123641.0,0.006090276087154091,Ore processed,1,ore
GRP-a13779f8,Underground mining and beneficiation at Snow Lake,"Underground, concentrator",Au–Ag polymetallic,Air,CH4,Emission,On-site Transportation,tonnes,0.891,MetalliCan,MetalliCan,2123641.0,4.195624401676178e-07,Ore processed,1,ore
GRP-a13779f8,Underground mining and beneficiation at Snow Lake,"Underground, concentrator",Au–Ag polymetallic,Air,CH4,Emission,Stationary Fuel Combustion,tonnes,0.2049,MetalliCan,MetalliCan,2123641.0,9.648523455706496e-08,Ore processed,1,ore
GRP-a13779f8,Underground mining and beneficiation at Snow Lake,"Underground, concentrator",Au–Ag polymetallic,Air,GHG,Emission,,tonnes,29.0,MetalliCan,MetalliCan,2123641.0,1.3655792104221006e-05,Ore processed,1,ore
GRP-a13779f8,Underground mining and beneficiation at Snow Lake,"Underground, concentrator",Au–Ag polymetallic,Air,Total particulate matter,Emission,Fugitive Emissions,tonnes,112.398,MetalliCan,MetalliCan,2123641.0,5.2927024859663187e-05,Ore processed,1,ore
GRP-a13779f8,Underground mining and beneficiation at Snow Lake,"Underground, concentrator",Au–Ag polymetallic,Air,PM10 - Particulate Matter <= 10 Micrometers,Emission,Fugitive Emissions,tonnes,71.81,MetalliCan,MetalliCan,2123641.0,3.381456658634864e-05,Ore processed,1,ore
GRP-a13779f8,Underground mining and beneficiation at Snow Lake,"Underground, concentrator",Au–Ag polymetallic,Air,PM2.5 - Particulate Matter <= 2.5 Micrometers,Emission,Fugitive Emissions,tonnes,23.615,MetalliCan,MetalliCan,2123641.0,1.1120052777282035e-05,Ore processed,1,ore
GRP-a13779f8,Underground mining and beneficiation at Snow Lake,"Underground, concentrator",Au–Ag polymetallic,Air,Particulate,Emission,,t,0.55,MetalliCan,MetalliCan,2123641.0,2.5898916059729496e-07,Ore processed,1,ore
GRP-a13779f8,Underground mining and beneficiation at Snow Lake,"Underground, concentrator",Au–Ag polymetallic,Land,Manganese (and its compounds),Emission,Other,tonnes,0.0032,MetalliCan,MetalliCan,2123641.0,1.5068460252933524e-09,Ore processed,1,ore
GRP-a13779f8,Underground mining and beneficiation at Snow Lake,"Underground, concentrator",Au–Ag polymetallic,Land,,Occupation and transformation,,ha,603658.0,MetalliCan,MetalliCan,2123641.0,0.284256143105167,Ore processed,1,ore
GRP-a13779f8,Underground mining and beneficiation at Snow Lake,"Underground, concentrator",Au–Ag polymetallic,Water,Arsenic (and its compounds),Emission,Direct Discharge,kg,93.398,MetalliCan,MetalliCan,2123641.0,4.398012658448391e-05,Ore processed,1,ore
GRP-a13779f8,Underground mining and beneficiation at Snow Lake,"Underground, concentrator",Au–Ag polymetallic,Water,Arsenic (and its compounds),Emission,Waterbody,kg,0.0,MetalliCan,MetalliCan,2123641.0,0.0,Ore processed,1,ore
GRP-a13779f8,Underground mining and beneficiation at Snow Lake,"Underground, concentrator",Au–Ag polymetallic,Water,Cadmium (and its compounds),Emission,Direct Discharge,kg,1.26,MetalliCan,MetalliCan,2123641.0,5.933206224592575e-07,Ore processed,1,ore
GRP-a13779f8,Underground mining and beneficiation at Snow Lake,"Underground, concentrator",Au–Ag polymetallic,Water,Cadmium (and its compounds),Emission,Waterbody,kg,0.0,MetalliCan,MetalliCan,2123641.0,0.0,Ore processed,1,ore
GRP-a13779f8,Underground mining and beneficiation at Snow Lake,"Underground, concentrator",Au–Ag polymetallic,Water,Copper (and its compounds),Emission,Direct Discharge,tonnes,0.163,MetalliCan,MetalliCan,2123641.0,7.675496941338013e-08,Ore processed,1,ore
GRP-a13779f8,Underground mining and beneficiation at Snow Lake,"Underground, concentrator",Au–Ag polymetallic,Water,Copper (and its compounds),Emission,Waterbody,tonnes,0.0,MetalliCan,MetalliCan,2123641.0,0.0,Ore processed,1,ore
GRP-a13779f8,Underground mining and beneficiation at Snow Lake,"Underground, concentrator",Au–Ag polymetallic,Water,Lead (and its compounds),Emission,Direct Discharge,kg,14.5213,MetalliCan,MetalliCan,2123641.0,6.837925995966362e-06,Ore processed,1,ore
GRP-a13779f8,Underground mining and beneficiation at Snow Lake,"Underground, concentrator",Au–Ag polymetallic,Water,Lead (and its compounds),Emission,Waterbody,kg,0.0,MetalliCan,MetalliCan,2123641.0,0.0,Ore processed,1,ore
GRP-a13779f8,Underground mining and beneficiation at Snow Lake,"Underground, concentrator",Au–Ag polymetallic,Water,Manganese (and its compounds),Emission,Direct Discharge,tonnes,0.794,MetalliCan,MetalliCan,2123641.0,3.7388617002591307e-07,Ore processed,1,ore
GRP-a13779f8,Underground mining and beneficiation at Snow Lake,"Underground, concentrator",Au–Ag polymetallic,Water,Manganese (and its compounds),Emission,Waterbody,tonnes,0.0,MetalliCan,MetalliCan,2123641.0,0.0,Ore processed,1,ore
GRP-a13779f8,Underground mining and beneficiation at Snow Lake,"Underground, concentrator",Au–Ag polymetallic,Water,Zinc (and its compounds),Emission,Direct Discharge,tonnes,0.143,MetalliCan,MetalliCan,2123641.0,6.733718175529668e-08,Ore processed,1,ore
GRP-a13779f8,Underground mining and beneficiation at Snow Lake,"Underground, concentrator",Au–Ag polymetallic,Water,Zinc (and its compounds),Emission,Waterbody,tonnes,0.0,MetalliCan,MetalliCan,2123641.0,0.0,Ore processed,1,ore
GRP-a13779f8,Underground mining and beneficiation at Snow Lake,"Underground, concentrator",Au–Ag polymetallic,Water,Ammonia (total),Emission,Direct Discharge,tonnes,166.173,MetalliCan,MetalliCan,2123641.0,7.824910142533508e-05,Ore processed,1,ore
GRP-a13779f8,Underground mining and beneficiation at Snow Lake,"Underground, concentrator",Au–Ag polymetallic,Water,Ammonia (total),Emission,Waterbody,tonnes,0.0,MetalliCan,MetalliCan,2123641.0,0.0,Ore processed,1,ore
GRP-a13779f8,Underground mining and beneficiation at Snow Lake,"Underground, concentrator",Au–Ag polymetallic,Water,Nitrate ion in solution at pH >= 6.0,Emission,Direct Discharge,tonnes,15.64,MetalliCan,MetalliCan,2123641.0,7.36470994862126e-06,Ore processed,1,ore
GRP-a13779f8,Underground mining and beneficiation at Snow Lake,"Underground, concentrator",Au–Ag polymetallic,Water,Nitrate ion in solution at pH >= 6.0,Emission,Waterbody,tonnes,0.0,MetalliCan,MetalliCan,2123641.0,0.0,Ore processed,1,ore
GRP-b48ec279,,,,Air,N2O,Emission,Industrial Processes,tonnes,0.0,MetalliCan,MetalliCan,,,Ore processed,1,ore
GRP-b48ec279,,,,Air,N2O,Emission,On-site Transportation,tonnes,1.918463,MetalliCan,MetalliCan,,,Ore processed,1,ore
GRP-b48ec279,,,,Air,N2O,Emission,Stationary Fuel Combustion,tonnes,1.90181,MetalliCan,MetalliCan,,,Ore processed,1,ore
GRP-b48ec279,,,,Air,Nitrogen oxides (expressed as nitrogen dioxide),Emission,Fugitive Emissions,tonnes,20.5772,MetalliCan,MetalliCan,,,Ore processed,1,ore
GRP-b48ec279,,,,Air,Nitrogen oxides (expressed as nitrogen dioxide),Emission,Stack Emissions,tonnes,103.364,MetalliCan,MetalliCan,,,Ore processed,1,ore
GRP-b48ec279,,,,Air,Hexachlorobenzene,Emission,Stack Emissions,grams,96.5727,MetalliCan,MetalliCan,,,Ore processed,1,ore
GRP-b48ec279,,,,Air,CO2,Emission,Industrial Processes,tonnes,65283.69074,MetalliCan,MetalliCan,,,Ore processed,1,ore
GRP-b48ec279,,,,Air,CO2,Emission,On-site Transportation,tonnes,5097.969783,MetalliCan,MetalliCan,,,Ore processed,1,ore
GRP-b48ec279,,,,Air,CO2,Emission,Stationary Fuel Combustion,tonnes,109191.83671,MetalliCan,MetalliCan,,,Ore processed,1,ore
GRP-b48ec279,,,,Air,Carbon monoxide,Emission,Fugitive Emissions,tonnes,14.6478,MetalliCan,MetalliCan,,,Ore processed,1,ore
GRP-b48ec279,,,,Air,Carbon monoxide,Emission,Stack Emissions,tonnes,138.2745,MetalliCan,MetalliCan,,,Ore processed,1,ore
GRP-b48ec279,,,,Air,CH4,Emission,Industrial Processes,tonnes,0.0,MetalliCan,MetalliCan,,,Ore processed,1,ore
GRP-b48ec279,,,,Air,CH4,Emission,On-site Transportation,tonnes,0.818117,MetalliCan,MetalliCan,,,Ore processed,1,ore
GRP-b48ec279,,,,Air,CH4,Emission,Stationary Fuel Combustion,tonnes,2.13531,MetalliCan,MetalliCan,,,Ore processed,1,ore
GRP-b48ec279,,,,Air,Sulphur dioxide,Emission,Fugitive Emissions,tonnes,0.18771,MetalliCan,MetalliCan,,,Ore processed,1,ore
GRP-b48ec279,,,,Air,Sulphur dioxide,Emission,Stack Emissions,tonnes,10000.2897,MetalliCan,MetalliCan,,,Ore processed,1,ore
GRP-b48ec279,,,,Air,Hydrochloric acid,Emission,Fugitive Emissions,tonnes,0.02735,MetalliCan,MetalliCan,,,Ore processed,1,ore
GRP-b48ec279,,,,Air,Hydrochloric acid,Emission,Stack Emissions,tonnes,0.58272,MetalliCan,MetalliCan,,,Ore processed,1,ore
GRP-b48ec279,,,,Air,Sulphuric acid,Emission,Fugitive Emissions,tonnes,0.31032,MetalliCan,MetalliCan,,,Ore processed,1,ore
GRP-b48ec279,,,,Air,Sulphuric acid,Emission,Stack Emissions,tonnes,14.41358,MetalliCan,MetalliCan,,,Ore processed,1,ore
GRP-b48ec279,,,,Air,Fluorine,Emission,Stack Emissions,tonnes,1.7725,MetalliCan,MetalliCan,,,Ore processed,1,ore
GRP-b48ec279,,,,Air,Antimony (and its compounds),Emission,Fugitive Emissions,tonnes,0.11286,MetalliCan,MetalliCan,,,Ore processed,1,ore
GRP-b48ec279,,,,Air,Antimony (and its compounds),Emission,Stack Emissions,tonnes,0.45117,MetalliCan,MetalliCan,,,Ore processed,1,ore
GRP-b48ec279,,,,Air,Arsenic (and its compounds),Emission,Fugitive Emissions,kg,1438.8836,MetalliCan,MetalliCan,,,Ore processed,1,ore
GRP-b48ec279,,,,Air,Arsenic (and its compounds),Emission,Stack Emissions,kg,10037.3819,MetalliCan,MetalliCan,,,Ore processed,1,ore
GRP-b48ec279,,,,Air,Cadmium (and its compounds),Emission,Fugitive Emissions,kg,149.4357,MetalliCan,MetalliCan,,,Ore processed,1,ore
GRP-b48ec279,,,,Air,Cadmium (and its compounds),Emission,Stack Emissions,kg,546.514,MetalliCan,MetalliCan,,,Ore processed,1,ore
GRP-b48ec279,,,,Air,Chromium (and its compounds),Emission,Fugitive Emissions,tonnes,0.07561999999999999,MetalliCan,MetalliCan,,,Ore processed,1,ore
GRP-b48ec279,,,,Air,Chromium (and its compounds),Emission,Stack Emissions,tonnes,0.35524,MetalliCan,MetalliCan,,,Ore processed,1,ore
GRP-b48ec279,,,,Air,Cobalt (and its compounds),Emission,Fugitive Emissions,kg,4.6974,MetalliCan,MetalliCan,,,Ore processed,1,ore
GRP-b48ec279,,,,Air,Cobalt (and its compounds),Emission,Stack Emissions,kg,12.0012,MetalliCan,MetalliCan,,,Ore processed,1,ore
GRP-b48ec279,,,,Air,Copper (and its compounds),Emission,Fugitive Emissions,tonnes,19.35854,MetalliCan,MetalliCan,,,Ore processed,1,ore
GRP-b48ec279,,,,Air,Copper (and its compounds),Emission,Stack Emissions,tonnes,66.85364,MetalliCan,MetalliCan,,,Ore processed,1,ore
GRP-b48ec279,,,,Air,Lead (and its compounds),Emission,Fugitive Emissions,kg,9252.6104,MetalliCan,MetalliCan,,,Ore processed,1,ore
GRP-b48ec279,,,,Air,Lead (and its compounds),Emission,Stack Emissions,kg,49973.3509,MetalliCan,MetalliCan,,,Ore processed,1,ore
GRP-b48ec279,,,,Air,Manganese (and its compounds),Emission,Fugitive Emissions,tonnes,0.0064,MetalliCan,MetalliCan,,,Ore processed,1,ore
GRP-b48ec279,,,,Air,Manganese (and its compounds),Emission,Stack Emissions,tonnes,0.1809,MetalliCan,MetalliCan,,,Ore processed,1,ore
GRP-b48ec279,,,,Air,Mercury (and its compounds),Emission,Fugitive Emissions,tonnes,0.0001,MetalliCan,MetalliCan,,,Ore processed,1,ore
GRP-b48ec279,,,,Air,Mercury (and its compounds),Emission,Stack Emissions,tonnes,0.0247229,MetalliCan,MetalliCan,,,Ore processed,1,ore
GRP-b48ec279,,,,Air,Nickel (and its compounds),Emission,Fugitive Emissions,tonnes,0.32049,MetalliCan,MetalliCan,,,Ore processed,1,ore
GRP-b48ec279,,,,Air,Nickel (and its compounds),Emission,Stack Emissions,tonnes,0.72073,MetalliCan,MetalliCan,,,Ore processed,1,ore
GRP-b48ec279,,,,Air,Selenium (and its compounds),Emission,Fugitive Emissions,kg,771.9340000000001,MetalliCan,MetalliCan,,,Ore processed,1,ore
GRP-b48ec279,,,,Air,Selenium (and its compounds),Emission,Stack Emissions,kg,3956.7391,MetalliCan,MetalliCan,,,Ore processed,1,ore
GRP-b48ec279,,,,Air,Silver (and its compounds),Emission,Fugitive Emissions,tonnes,0.00068,MetalliCan,MetalliCan,,,Ore processed,1,ore
GRP-b48ec279,,,,Air,Silver (and its compounds),Emission,Stack Emissions,tonnes,0.26378,MetalliCan,MetalliCan,,,Ore processed,1,ore
GRP-b48ec279,,,,Air,Zinc (and its compounds),Emission,Fugitive Emissions,tonnes,3.24823,MetalliCan,MetalliCan,,,Ore processed,1,ore
GRP-b48ec279,,,,Air,Zinc (and its compounds),Emission,Stack Emissions,tonnes,11.7848,MetalliCan,MetalliCan,,,Ore processed,1,ore
GRP-b48ec279,,,,Air,Dioxins and furans - total,Emission,Fugitive Emissions,g TEQ,0.0139,MetalliCan,MetalliCan,,,Ore processed,1,ore
GRP-b48ec279,,,,Air,Dioxins and furans - total,Emission,Stack Emissions,g TEQ,0.06831999999999999,MetalliCan,MetalliCan,,,Ore processed,1,ore
GRP-b48ec279,,,,Air,Total particulate matter,Emission,Fugitive Emissions,tonnes,109.7929,MetalliCan,MetalliCan,,,Ore processed,1,ore
GRP-b48ec279,,,,Air,Total particulate matter,Emission,Stack Emissions,tonnes,339.2116,MetalliCan,MetalliCan,,,Ore processed,1,ore
GRP-b48ec279,,,,Air,PM10 - Particulate Matter <= 10 Micrometers,Emission,Fugitive Emissions,tonnes,17.0077,MetalliCan,MetalliCan,,,Ore processed,1,ore
GRP-b48ec279,,,,Air,PM10 - Particulate Matter <= 10 Micrometers,Emission,Stack Emissions,tonnes,262.43907,MetalliCan,MetalliCan,,,Ore processed,1,ore
GRP-b48ec279,,,,Air,PM2.5 - Particulate Matter <= 2.5 Micrometers,Emission,Fugitive Emissions,tonnes,3.2012,MetalliCan,MetalliCan,,,Ore processed,1,ore
GRP-b48ec279,,,,Air,PM2.5 - Particulate Matter <= 2.5 Micrometers,Emission,Stack Emissions,tonnes,242.43587,MetalliCan,MetalliCan,,,Ore processed,1,ore
GRP-b48ec279,,,,Water,Fluorine,Emission,Direct Discharge,tonnes,62.909659,MetalliCan,MetalliCan,,,Ore processed,1,ore
GRP-b48ec279,,,,Water,Fluorine,Emission,Waterbody,tonnes,0.0,MetalliCan,MetalliCan,,,Ore processed,1,ore
GRP-b48ec279,,,,Water,Arsenic (and its compounds),Emission,Direct Discharge,kg,97.6145,MetalliCan,MetalliCan,,,Ore processed,1,ore
GRP-b48ec279,,,,Water,Arsenic (and its compounds),Emission,Waterbody,kg,0.0,MetalliCan,MetalliCan,,,Ore processed,1,ore
GRP-b48ec279,,,,Water,Cadmium (and its compounds),Emission,Direct Discharge,kg,88.8962,MetalliCan,MetalliCan,,,Ore processed,1,ore
GRP-b48ec279,,,,Water,Cadmium (and its compounds),Emission,Waterbody,kg,0.0,MetalliCan,MetalliCan,,,Ore processed,1,ore
GRP-b48ec279,,,,Water,Chromium (and its compounds),Emission,Direct Discharge,tonnes,0.049088,MetalliCan,MetalliCan,,,Ore processed,1,ore
GRP-b48ec279,,,,Water,Chromium (and its compounds),Emission,Waterbody,tonnes,0.0,MetalliCan,MetalliCan,,,Ore processed,1,ore
GRP-b48ec279,,,,Water,Cobalt (and its compounds),Emission,Direct Discharge,kg,164.5818,MetalliCan,MetalliCan,,,Ore processed,1,ore
GRP-b48ec279,,,,Water,Cobalt (and its compounds),Emission,Waterbody,kg,0.0,MetalliCan,MetalliCan,,,Ore processed,1,ore
GRP-b48ec279,,,,Water,Copper (and its compounds),Emission,Direct Discharge,tonnes,2.289055,MetalliCan,MetalliCan,,,Ore processed,1,ore
GRP-b48ec279,,,,Water,Copper (and its compounds),Emission,Waterbody,tonnes,0.0,MetalliCan,MetalliCan,,,Ore processed,1,ore
GRP-b48ec279,,,,Water,Lead (and its compounds),Emission,Direct Discharge,kg,59.1616,MetalliCan,MetalliCan,,,Ore processed,1,ore
GRP-b48ec279,,,,Water,Lead (and its compounds),Emission,Waterbody,kg,0.0,MetalliCan,MetalliCan,,,Ore processed,1,ore
GRP-b48ec279,,,,Water,Manganese (and its compounds),Emission,Direct Discharge,tonnes,3.997856,MetalliCan,MetalliCan,,,Ore processed,1,ore
GRP-b48ec279,,,,Water,Manganese (and its compounds),Emission,Waterbody,tonnes,0.0,MetalliCan,MetalliCan,,,Ore processed,1,ore
GRP-b48ec279,,,,Water,Mercury (and its compounds),Emission,Direct Discharge,tonnes,0.001211,MetalliCan,MetalliCan,,,Ore processed,1,ore
GRP-b48ec279,,,,Water,Mercury (and its compounds),Emission,Waterbody,tonnes,0.0,MetalliCan,MetalliCan,,,Ore processed,1,ore
GRP-b48ec279,,,,Water,Nickel (and its compounds),Emission,Direct Discharge,tonnes,0.26245,MetalliCan,MetalliCan,,,Ore processed,1,ore
GRP-b48ec279,,,,Water,Nickel (and its compounds),Emission,Waterbody,tonnes,0.0,MetalliCan,MetalliCan,,,Ore processed,1,ore
GRP-b48ec279,,,,Water,Selenium (and its compounds),Emission,Direct Discharge,kg,263.1814,MetalliCan,MetalliCan,,,Ore processed,1,ore
GRP-b48ec279,,,,Water,Selenium (and its compounds),Emission,Waterbody,kg,0.0,MetalliCan,MetalliCan,,,Ore processed,1,ore
GRP-b48ec279,,,,Water,Silver (and its compounds),Emission,Direct Discharge,tonnes,0.007077,MetalliCan,MetalliCan,,,Ore processed,1,ore
GRP-b48ec279,,,,Water,Silver (and its compounds),Emission,Waterbody,tonnes,0.0,MetalliCan,MetalliCan,,,Ore processed,1,ore
GRP-b48ec279,,,,Water,Zinc (and its compounds),Emission,Direct Discharge,tonnes,3.711167,MetalliCan,MetalliCan,,,Ore processed,1,ore
GRP-b48ec279,,,,Water,Zinc (and its compounds),Emission,Waterbody,tonnes,0.0,MetalliCan,MetalliCan,,,Ore processed,1,ore
GRP-dc07540b,,,,Air,N2O,Emission,Industrial Processes,tonnes,0.0,MetalliCan,MetalliCan,,,Ore processed,1,ore
GRP-dc07540b,,,,Air,N2O,Emission,On-site Transportation,tonnes,0.259407,MetalliCan,MetalliCan,,,Ore processed,1,ore
GRP-dc07540b,,,,Air,N2O,Emission,Stationary Fuel Combustion,tonnes,3.84114,MetalliCan,MetalliCan,,,Ore processed,1,ore
GRP-dc07540b,,,,Air,Nitrogen oxides (expressed as nitrogen dioxide),Emission,Fugitive Emissions,tonnes,55.763,MetalliCan,MetalliCan,,,Ore processed,1,ore
GRP-dc07540b,,,,Air,Nitrogen oxides (expressed as nitrogen dioxide),Emission,Stack Emissions,tonnes,534.7,MetalliCan,MetalliCan,,,Ore processed,1,ore
GRP-dc07540b,,,,Air,Nitrogen oxides (expressed as nitrogen dioxide),Emission,Storage / Handling,tonnes,26.81,MetalliCan,MetalliCan,,,Ore processed,1,ore
GRP-dc07540b,,,,Air,CO2,Emission,Industrial Processes,tonnes,66982.15,MetalliCan,MetalliCan,,,Ore processed,1,ore
GRP-dc07540b,,,,Air,CO2,Emission,On-site Transportation,tonnes,31047.86042,MetalliCan,MetalliCan,,,Ore processed,1,ore
GRP-dc07540b,,,,Air,CO2,Emission,Stationary Fuel Combustion,tonnes,226065.9313,MetalliCan,MetalliCan,,,Ore processed,1,ore
GRP-dc07540b,,,,Air,Carbon monoxide,Emission,Fugitive Emissions,tonnes,73.96000000000001,MetalliCan,MetalliCan,,,Ore processed,1,ore
GRP-dc07540b,,,,Air,Carbon monoxide,Emission,Stack Emissions,tonnes,264.36,MetalliCan,MetalliCan,,,Ore processed,1,ore
GRP-dc07540b,,,,Air,CH4,Emission,Industrial Processes,tonnes,0.0,MetalliCan,MetalliCan,,,Ore processed,1,ore
GRP-dc07540b,,,,Air,CH4,Emission,On-site Transportation,tonnes,3.770054,MetalliCan,MetalliCan,,,Ore processed,1,ore
GRP-dc07540b,,,,Air,CH4,Emission,Stationary Fuel Combustion,tonnes,4.21316,MetalliCan,MetalliCan,,,Ore processed,1,ore
GRP-dc07540b,,,,Air,Sulphur dioxide,Emission,Fugitive Emissions,tonnes,461.83,MetalliCan,MetalliCan,,,Ore processed,1,ore
GRP-dc07540b,,,,Air,Sulphur dioxide,Emission,Stack Emissions,tonnes,17628.03,MetalliCan,MetalliCan,,,Ore processed,1,ore
GRP-dc07540b,,,,Air,Carbon disulphide,Emission,Fugitive Emissions,tonnes,28.218,MetalliCan,MetalliCan,,,Ore processed,1,ore
GRP-dc07540b,,,,Air,Sulphuric acid,Emission,Fugitive Emissions,tonnes,6.505,MetalliCan,MetalliCan,,,Ore processed,1,ore
GRP-dc07540b,,,,Air,Sulphuric acid,Emission,Stack Emissions,tonnes,164.56,MetalliCan,MetalliCan,,,Ore processed,1,ore
GRP-dc07540b,,,,Air,Arsenic (and its compounds),Emission,Fugitive Emissions,kg,101.467,MetalliCan,MetalliCan,,,Ore processed,1,ore
GRP-dc07540b,,,,Air,Arsenic (and its compounds),Emission,Stack Emissions,kg,1792.247,MetalliCan,MetalliCan,,,Ore processed,1,ore
GRP-dc07540b,,,,Air,Cadmium (and its compounds),Emission,Fugitive Emissions,kg,12.95,MetalliCan,MetalliCan,,,Ore processed,1,ore
GRP-dc07540b,,,,Air,Cadmium (and its compounds),Emission,Stack Emissions,kg,16.305,MetalliCan,MetalliCan,,,Ore processed,1,ore
GRP-dc07540b,,,,Air,Chromium (and its compounds),Emission,Fugitive Emissions,tonnes,0.118,MetalliCan,MetalliCan,,,Ore processed,1,ore
GRP-dc07540b,,,,Air,Chromium (and its compounds),Emission,Stack Emissions,tonnes,0.119,MetalliCan,MetalliCan,,,Ore processed,1,ore
GRP-dc07540b,,,,Air,Cobalt (and its compounds),Emission,Fugitive Emissions,kg,130.226,MetalliCan,MetalliCan,,,Ore processed,1,ore
GRP-dc07540b,,,,Air,Cobalt (and its compounds),Emission,Stack Emissions,kg,206.995,MetalliCan,MetalliCan,,,Ore processed,1,ore
GRP-dc07540b,,,,Air,Copper (and its compounds),Emission,Fugitive Emissions,tonnes,2.313,MetalliCan,MetalliCan,,,Ore processed,1,ore
GRP-dc07540b,,,,Air,Copper (and its compounds),Emission,Stack Emissions,tonnes,4.13,MetalliCan,MetalliCan,,,Ore processed,1,ore
GRP-dc07540b,,,,Air,Lead (and its compounds),Emission,Fugitive Emissions,kg,601.1320000000001,MetalliCan,MetalliCan,,,Ore processed,1,ore
GRP-dc07540b,,,,Air,Lead (and its compounds),Emission,Stack Emissions,kg,1308.139,MetalliCan,MetalliCan,,,Ore processed,1,ore
GRP-dc07540b,,,,Air,Manganese (and its compounds),Emission,Fugitive Emissions,tonnes,0.0002,MetalliCan,MetalliCan,,,Ore processed,1,ore
GRP-dc07540b,,,,Air,Manganese (and its compounds),Emission,Stack Emissions,tonnes,0.007,MetalliCan,MetalliCan,,,Ore processed,1,ore
GRP-dc07540b,,,,Air,Mercury (and its compounds),Emission,Fugitive Emissions,tonnes,5.7e-05,MetalliCan,MetalliCan,,,Ore processed,1,ore
GRP-dc07540b,,,,Air,Nickel (and its compounds),Emission,Fugitive Emissions,tonnes,3.45508,MetalliCan,MetalliCan,,,Ore processed,1,ore
GRP-dc07540b,,,,Air,Nickel (and its compounds),Emission,Stack Emissions,tonnes,7.6317,MetalliCan,MetalliCan,,,Ore processed,1,ore
GRP-dc07540b,,,,Air,Selenium (and its compounds),Emission,Fugitive Emissions,kg,128.7338,MetalliCan,MetalliCan,,,Ore processed,1,ore
GRP-dc07540b,,,,Air,Selenium (and its compounds),Emission,Stack Emissions,kg,1246.577,MetalliCan,MetalliCan,,,Ore processed,1,ore
GRP-dc07540b,,,,Air,Zinc (and its compounds),Emission,Fugitive Emissions,tonnes,0.096,MetalliCan,MetalliCan,,,Ore processed,1,ore
GRP-dc07540b,,,,Air,Zinc (and its compounds),Emission,Stack Emissions,tonnes,0.792,MetalliCan,MetalliCan,,,Ore processed,1,ore
GRP-dc07540b,,,,Air,Thallium (and its compounds),Emission,Fugitive Emissions,kg,6.986,MetalliCan,MetalliCan,,,Ore processed,1,ore
GRP-dc07540b,,,,Air,Thallium (and its compounds),Emission,Stack Emissions,kg,0.035,MetalliCan,MetalliCan,,,Ore processed,1,ore
GRP-dc07540b,,,,Air,Total particulate matter,Emission,Fugitive Emissions,tonnes,113.859,MetalliCan,MetalliCan,,,Ore processed,1,ore
GRP-dc07540b,,,,Air,Total particulate matter,Emission,Stack Emissions,tonnes,441.325,MetalliCan,MetalliCan,,,Ore processed,1,ore
GRP-dc07540b,,,,Air,PM10 - Particulate Matter <= 10 Micrometers,Emission,Fugitive Emissions,tonnes,28.933,MetalliCan,MetalliCan,,,Ore processed,1,ore
GRP-dc07540b,,,,Air,PM10 - Particulate Matter <= 10 Micrometers,Emission,Stack Emissions,tonnes,280.667,MetalliCan,MetalliCan,,,Ore processed,1,ore
GRP-dc07540b,,,,Air,PM2.5 - Particulate Matter <= 2.5 Micrometers,Emission,Fugitive Emissions,tonnes,12.14,MetalliCan,MetalliCan,,,Ore processed,1,ore
GRP-dc07540b,,,,Air,PM2.5 - Particulate Matter <= 2.5 Micrometers,Emission,Stack Emissions,tonnes,209.873,MetalliCan,MetalliCan,,,Ore processed,1,ore
GRP-dc07540b,,,,Air,Total reduced sulphur (expressed as hydrogen sulphide),Emission,Stack Emissions,tonnes,25.248,MetalliCan,MetalliCan,,,Ore processed,1,ore
GRP-dc07540b,,,,Air,Volatile Organic Compounds (Total),Emission,Fugitive Emissions,tonnes,29.02,MetalliCan,MetalliCan,,,Ore processed,1,ore
GRP-dc07540b,,,,Water,Arsenic (and its compounds),Emission,Direct Discharge,kg,29.71,MetalliCan,MetalliCan,,,Ore processed,1,ore
GRP-dc07540b,,,,Water,Arsenic (and its compounds),Emission,Waterbody,kg,0.0,MetalliCan,MetalliCan,,,Ore processed,1,ore
GRP-dc07540b,,,,Water,Cadmium (and its compounds),Emission,Direct Discharge,kg,2.99,MetalliCan,MetalliCan,,,Ore processed,1,ore
GRP-dc07540b,,,,Water,Cadmium (and its compounds),Emission,Waterbody,kg,0.0,MetalliCan,MetalliCan,,,Ore processed,1,ore
GRP-dc07540b,,,,Water,Chromium (and its compounds),Emission,Direct Discharge,tonnes,0.005,MetalliCan,MetalliCan,,,Ore processed,1,ore
GRP-dc07540b,,,,Water,Chromium (and its compounds),Emission,Waterbody,tonnes,0.0,MetalliCan,MetalliCan,,,Ore processed,1,ore
GRP-dc07540b,,,,Water,Cobalt (and its compounds),Emission,Direct Discharge,kg,130.09,MetalliCan,MetalliCan,,,Ore processed,1,ore
GRP-dc07540b,,,,Water,Cobalt (and its compounds),Emission,Waterbody,kg,0.0,MetalliCan,MetalliCan,,,Ore processed,1,ore
GRP-dc07540b,,,,Water,Copper (and its compounds),Emission,Direct Discharge,tonnes,0.5240400000000001,MetalliCan,MetalliCan,,,Ore processed,1,ore
GRP-dc07540b,,,,Water,Copper (and its compounds),Emission,Waterbody,tonnes,0.0,MetalliCan,MetalliCan,,,Ore processed,1,ore
GRP-dc07540b,,,,Water,Lead (and its compounds),Emission,Direct Discharge,kg,4.27,MetalliCan,MetalliCan,,,Ore processed,1,ore
GRP-dc07540b,,,,Water,Lead (and its compounds),Emission,Waterbody,kg,0.0,MetalliCan,MetalliCan,,,Ore processed,1,ore
GRP-dc07540b,,,,Water,Manganese (and its compounds),Emission,Direct Discharge,tonnes,0.52,MetalliCan,MetalliCan,,,Ore processed,1,ore
GRP-dc07540b,,,,Water,Manganese (and its compounds),Emission,Waterbody,tonnes,0.0,MetalliCan,MetalliCan,,,Ore processed,1,ore
GRP-dc07540b,,,,Water,Mercury (and its compounds),Emission,Direct Discharge,tonnes,0.00024,MetalliCan,MetalliCan,,,Ore processed,1,ore
GRP-dc07540b,,,,Water,Mercury (and its compounds),Emission,Waterbody,tonnes,0.0,MetalliCan,MetalliCan,,,Ore processed,1,ore
GRP-dc07540b,,,,Water,Nickel (and its compounds),Emission,Direct Discharge,tonnes,5.272,MetalliCan,MetalliCan,,,Ore processed,1,ore
GRP-dc07540b,,,,Water,Nickel (and its compounds),Emission,Waterbody,tonnes,0.0,MetalliCan,MetalliCan,,,Ore processed,1,ore
GRP-dc07540b,,,,Water,Selenium (and its compounds),Emission,Direct Discharge,kg,1273.24,MetalliCan,MetalliCan,,,Ore processed,1,ore
GRP-dc07540b,,,,Water,Selenium (and its compounds),Emission,Waterbody,kg,0.0,MetalliCan,MetalliCan,,,Ore processed,1,ore
GRP-dc07540b,,,,Water,Zinc (and its compounds),Emission,Direct Discharge,tonnes,0.066,MetalliCan,MetalliCan,,,Ore processed,1,ore
GRP-dc07540b,,,,Water,Zinc (and its compounds),Emission,Waterbody,tonnes,0.0,MetalliCan,MetalliCan,,,Ore processed,1,ore
GRP-dc07540b,,,,Water,Ammonia (total),Emission,Direct Discharge,tonnes,86.67,MetalliCan,MetalliCan,,,Ore processed,1,ore
GRP-dc07540b,,,,Water,Ammonia (total),Emission,Waterbody,tonnes,0.0,MetalliCan,MetalliCan,,,Ore processed,1,ore
GRP-dc07540b,,,,Water,Nitrate ion in solution at pH >= 6.0,Emission,Direct Discharge,tonnes,72.912,MetalliCan,MetalliCan,,,Ore processed,1,ore
GRP-dc07540b,,,,Water,Nitrate ion in solution at pH >= 6.0,Emission,Waterbody,tonnes,0.0,MetalliCan,MetalliCan,,,Ore processed,1,ore
GRP-dc07540b,,,,Water,Thallium (and its compounds),Emission,Direct Discharge,kg,3.82,MetalliCan,MetalliCan,,,Ore processed,1,ore
GRP-dc07540b,,,,Water,Thallium (and its compounds),Emission,Waterbody,kg,0.0,MetalliCan,MetalliCan,,,Ore processed,1,ore
GRP-de097f20,,,,Air,N2O,Emission,Industrial Processes,tonnes,0.0,MetalliCan,MetalliCan,,,Ore processed,1,ore
GRP-de097f20,,,,Air,N2O,Emission,Leakage / Fuites,tonnes,0.0,MetalliCan,MetalliCan,,,Ore processed,1,ore
GRP-de097f20,,,,Air,N2O,Emission,On-site Transportation,tonnes,0.0881,MetalliCan,MetalliCan,,,Ore processed,1,ore
GRP-de097f20,,,,Air,N2O,Emission,Stationary Fuel Combustion,tonnes,0.661565,MetalliCan,MetalliCan,,,Ore processed,1,ore
GRP-de097f20,,,,Air,N2O,Emission,Waste,tonnes,0.0,MetalliCan,MetalliCan,,,Ore processed,1,ore
GRP-de097f20,,,,Air,Nitrogen oxides (expressed as nitrogen dioxide),Emission,Fugitive Emissions,tonnes,0.0502,MetalliCan,MetalliCan,,,Ore processed,1,ore
GRP-de097f20,,,,Air,Nitrogen oxides (expressed as nitrogen dioxide),Emission,Stack Emissions,tonnes,304.248961,MetalliCan,MetalliCan,,,Ore processed,1,ore
GRP-de097f20,,,,Air,Hexachlorobenzene,Emission,Stack Emissions,grams,382.9089,MetalliCan,MetalliCan,,,Ore processed,1,ore
GRP-de097f20,,,,Air,CO2,Emission,Industrial Processes,tonnes,83887.0988,MetalliCan,MetalliCan,,,Ore processed,1,ore
GRP-de097f20,,,,Air,CO2,Emission,Leakage / Fuites,tonnes,0.0,MetalliCan,MetalliCan,,,Ore processed,1,ore
GRP-de097f20,,,,Air,CO2,Emission,On-site Transportation,tonnes,10834.8805,MetalliCan,MetalliCan,,,Ore processed,1,ore
GRP-de097f20,,,,Air,CO2,Emission,Stationary Fuel Combustion,tonnes,39340.9122,MetalliCan,MetalliCan,,,Ore processed,1,ore
GRP-de097f20,,,,Air,CO2,Emission,Waste,tonnes,0.0,MetalliCan,MetalliCan,,,Ore processed,1,ore
GRP-de097f20,,,,Air,Carbon monoxide,Emission,Fugitive Emissions,tonnes,0.0008,MetalliCan,MetalliCan,,,Ore processed,1,ore
GRP-de097f20,,,,Air,Carbon monoxide,Emission,Stack Emissions,tonnes,1418.524025,MetalliCan,MetalliCan,,,Ore processed,1,ore
GRP-de097f20,,,,Air,CH4,Emission,Industrial Processes,tonnes,0.0,MetalliCan,MetalliCan,,,Ore processed,1,ore
GRP-de097f20,,,,Air,CH4,Emission,Leakage / Fuites,tonnes,0.054,MetalliCan,MetalliCan,,,Ore processed,1,ore
GRP-de097f20,,,,Air,CH4,Emission,On-site Transportation,tonnes,0.9899,MetalliCan,MetalliCan,,,Ore processed,1,ore
GRP-de097f20,,,,Air,CH4,Emission,Stationary Fuel Combustion,tonnes,0.752,MetalliCan,MetalliCan,,,Ore processed,1,ore
GRP-de097f20,,,,Air,CH4,Emission,Waste,tonnes,32.829,MetalliCan,MetalliCan,,,Ore processed,1,ore
GRP-de097f20,,,,Air,Sulphur dioxide,Emission,Fugitive Emissions,tonnes,72.5985,MetalliCan,MetalliCan,,,Ore processed,1,ore
GRP-de097f20,,,,Air,Sulphur dioxide,Emission,Stack Emissions,tonnes,24576.1669,MetalliCan,MetalliCan,,,Ore processed,1,ore
GRP-de097f20,,,,Air,Carbon disulphide,Emission,Stack Emissions,tonnes,16.285677,MetalliCan,MetalliCan,,,Ore processed,1,ore
GRP-de097f20,,,,Air,Hydrochloric acid,Emission,Fugitive Emissions,tonnes,0.0019,MetalliCan,MetalliCan,,,Ore processed,1,ore
GRP-de097f20,,,,Air,Hydrochloric acid,Emission,Stack Emissions,tonnes,123.6286,MetalliCan,MetalliCan,,,Ore processed,1,ore
GRP-de097f20,,,,Air,Hydrogen fluoride,Emission,Fugitive Emissions,tonnes,0.0255,MetalliCan,MetalliCan,,,Ore processed,1,ore
GRP-de097f20,,,,Air,Hydrogen fluoride,Emission,Stack Emissions,tonnes,61.4701,MetalliCan,MetalliCan,,,Ore processed,1,ore
GRP-de097f20,,,,Air,Hydrogen fluoride,Emission,Storage / Handling,tonnes,0.0022,MetalliCan,MetalliCan,,,Ore processed,1,ore
GRP-de097f20,,,,Air,Sulphuric acid,Emission,Stack Emissions,tonnes,95.42696699999999,MetalliCan,MetalliCan,,,Ore processed,1,ore
GRP-de097f20,,,,Air,Sulphuric acid,Emission,Storage / Handling,tonnes,0.0041,MetalliCan,MetalliCan,,,Ore processed,1,ore
GRP-de097f20,,,,Air,i-Butyl alcohol,Emission,Stack Emissions,tonnes,27.277143,MetalliCan,MetalliCan,,,Ore processed,1,ore
GRP-de097f20,,,,Air,Arsenic (and its compounds),Emission,Fugitive Emissions,kg,20.4309,MetalliCan,MetalliCan,,,Ore processed,1,ore
GRP-de097f20,,,,Air,Arsenic (and its compounds),Emission,Stack Emissions,kg,111.80181,MetalliCan,MetalliCan,,,Ore processed,1,ore
GRP-de097f20,,,,Air,Arsenic (and its compounds),Emission,Storage / Handling,kg,0.3481,MetalliCan,MetalliCan,,,Ore processed,1,ore
GRP-de097f20,,,,Air,Cadmium (and its compounds),Emission,Fugitive Emissions,kg,115.311335,MetalliCan,MetalliCan,,,Ore processed,1,ore
GRP-de097f20,,,,Air,Cadmium (and its compounds),Emission,Stack Emissions,kg,862.8777560000001,MetalliCan,MetalliCan,,,Ore processed,1,ore
GRP-de097f20,,,,Air,Cadmium (and its compounds),Emission,Storage / Handling,kg,0.0673,MetalliCan,MetalliCan,,,Ore processed,1,ore
GRP-de097f20,,,,Air,Chromium (and its compounds),Emission,Fugitive Emissions,tonnes,0.178049,MetalliCan,MetalliCan,,,Ore processed,1,ore
GRP-de097f20,,,,Air,Chromium (and its compounds),Emission,Stack Emissions,tonnes,0.235279,MetalliCan,MetalliCan,,,Ore processed,1,ore
GRP-de097f20,,,,Air,Chromium (and its compounds),Emission,Storage / Handling,tonnes,0.0265,MetalliCan,MetalliCan,,,Ore processed,1,ore
GRP-de097f20,,,,Air,Cobalt (and its compounds),Emission,Fugitive Emissions,kg,245.633793,MetalliCan,MetalliCan,,,Ore processed,1,ore
GRP-de097f20,,,,Air,Cobalt (and its compounds),Emission,Stack Emissions,kg,1064.466728,MetalliCan,MetalliCan,,,Ore processed,1,ore
GRP-de097f20,,,,Air,Cobalt (and its compounds),Emission,Storage / Handling,kg,26.9041,MetalliCan,MetalliCan,,,Ore processed,1,ore
GRP-de097f20,,,,Air,Copper (and its compounds),Emission,Fugitive Emissions,tonnes,0.998896,MetalliCan,MetalliCan,,,Ore processed,1,ore
GRP-de097f20,,,,Air,Copper (and its compounds),Emission,Stack Emissions,tonnes,8.499355000000001,MetalliCan,MetalliCan,,,Ore processed,1,ore
GRP-de097f20,,,,Air,Copper (and its compounds),Emission,Storage / Handling,tonnes,0.0609,MetalliCan,MetalliCan,,,Ore processed,1,ore
GRP-de097f20,,,,Air,Lead (and its compounds),Emission,Fugitive Emissions,kg,484.887262,MetalliCan,MetalliCan,,,Ore processed,1,ore
GRP-de097f20,,,,Air,Lead (and its compounds),Emission,Stack Emissions,kg,2290.163641,MetalliCan,MetalliCan,,,Ore processed,1,ore
GRP-de097f20,,,,Air,Lead (and its compounds),Emission,Storage / Handling,kg,0.7162,MetalliCan,MetalliCan,,,Ore processed,1,ore
GRP-de097f20,,,,Air,Manganese (and its compounds),Emission,Fugitive Emissions,tonnes,0.132591,MetalliCan,MetalliCan,,,Ore processed,1,ore
GRP-de097f20,,,,Air,Manganese (and its compounds),Emission,Stack Emissions,tonnes,0.39051,MetalliCan,MetalliCan,,,Ore processed,1,ore
GRP-de097f20,,,,Air,Manganese (and its compounds),Emission,Storage / Handling,tonnes,0.0089,MetalliCan,MetalliCan,,,Ore processed,1,ore
GRP-de097f20,,,,Air,Mercury (and its compounds),Emission,Fugitive Emissions,tonnes,1.4e-05,MetalliCan,MetalliCan,,,Ore processed,1,ore
GRP-de097f20,,,,Air,Mercury (and its compounds),Emission,Stack Emissions,tonnes,0.0367441,MetalliCan,MetalliCan,,,Ore processed,1,ore
GRP-de097f20,,,,Air,Mercury (and its compounds),Emission,Storage / Handling,tonnes,1e-06,MetalliCan,MetalliCan,,,Ore processed,1,ore
GRP-de097f20,,,,Air,Nickel (and its compounds),Emission,Fugitive Emissions,tonnes,2.278866,MetalliCan,MetalliCan,,,Ore processed,1,ore
GRP-de097f20,,,,Air,Nickel (and its compounds),Emission,Stack Emissions,tonnes,13.743074,MetalliCan,MetalliCan,,,Ore processed,1,ore
GRP-de097f20,,,,Air,Nickel (and its compounds),Emission,Storage / Handling,tonnes,0.2153,MetalliCan,MetalliCan,,,Ore processed,1,ore
GRP-de097f20,,,,Air,Selenium (and its compounds),Emission,Fugitive Emissions,kg,19.0959,MetalliCan,MetalliCan,,,Ore processed,1,ore
GRP-de097f20,,,,Air,Selenium (and its compounds),Emission,Stack Emissions,kg,697.0745949999999,MetalliCan,MetalliCan,,,Ore processed,1,ore
GRP-de097f20,,,,Air,Selenium (and its compounds),Emission,Storage / Handling,kg,0.1423,MetalliCan,MetalliCan,,,Ore processed,1,ore
GRP-de097f20,,,,Air,Silver (and its compounds),Emission,Stack Emissions,tonnes,0.000366,MetalliCan,MetalliCan,,,Ore processed,1,ore
GRP-de097f20,,,,Air,Zinc (and its compounds),Emission,Fugitive Emissions,tonnes,0.746784,MetalliCan,MetalliCan,,,Ore processed,1,ore
GRP-de097f20,,,,Air,Zinc (and its compounds),Emission,Stack Emissions,tonnes,2.833265,MetalliCan,MetalliCan,,,Ore processed,1,ore
GRP-de097f20,,,,Air,Zinc (and its compounds),Emission,Storage / Handling,tonnes,0.0044,MetalliCan,MetalliCan,,,Ore processed,1,ore
GRP-de097f20,,,,Air,Ammonia (total),Emission,Stack Emissions,tonnes,8.988993,MetalliCan,MetalliCan,,,Ore processed,1,ore
GRP-de097f20,,,,Air,Phosphorus (total),Emission,Fugitive Emissions,tonnes,0.187,MetalliCan,MetalliCan,,,Ore processed,1,ore
GRP-de097f20,,,,Air,Phosphorus (total),Emission,Stack Emissions,tonnes,1.4155,MetalliCan,MetalliCan,,,Ore processed,1,ore
GRP-de097f20,,,,Air,Phosphorus (total),Emission,Storage / Handling,tonnes,0.0007,MetalliCan,MetalliCan,,,Ore processed,1,ore
GRP-de097f20,,,,Air,Thallium (and its compounds),Emission,Fugitive Emissions,kg,2.2514,MetalliCan,MetalliCan,,,Ore processed,1,ore
GRP-de097f20,,,,Air,Thallium (and its compounds),Emission,Stack Emissions,kg,34.776261,MetalliCan,MetalliCan,,,Ore processed,1,ore
GRP-de097f20,,,,Air,Thallium (and its compounds),Emission,Storage / Handling,kg,0.0092,MetalliCan,MetalliCan,,,Ore processed,1,ore
GRP-de097f20,,,,Air,Vanadium (and its compounds),Emission,Fugitive Emissions,tonnes,0.015589,MetalliCan,MetalliCan,,,Ore processed,1,ore
GRP-de097f20,,,,Air,Vanadium (and its compounds),Emission,Stack Emissions,tonnes,0.035479,MetalliCan,MetalliCan,,,Ore processed,1,ore
GRP-de097f20,,,,Air,Vanadium (and its compounds),Emission,Storage / Handling,tonnes,0.0012,MetalliCan,MetalliCan,,,Ore processed,1,ore
GRP-de097f20,,,,Air,Dioxins and furans - total,Emission,Stack Emissions,g TEQ,0.092528,MetalliCan,MetalliCan,,,Ore processed,1,ore
GRP-de097f20,,,,Air,Total particulate matter,Emission,Fugitive Emissions,tonnes,123.501802,MetalliCan,MetalliCan,,,Ore processed,1,ore
GRP-de097f20,,,,Air,Total particulate matter,Emission,Stack Emissions,tonnes,286.422531,MetalliCan,MetalliCan,,,Ore processed,1,ore
GRP-de097f20,,,,Air,Total particulate matter,Emission,Storage / Handling,tonnes,6.1017,MetalliCan,MetalliCan,,,Ore processed,1,ore
GRP-de097f20,,,,Air,PM10 - Particulate Matter <= 10 Micrometers,Emission,Fugitive Emissions,tonnes,61.940342,MetalliCan,MetalliCan,,,Ore processed,1,ore
GRP-de097f20,,,,Air,PM10 - Particulate Matter <= 10 Micrometers,Emission,Stack Emissions,tonnes,174.590014,MetalliCan,MetalliCan,,,Ore processed,1,ore
GRP-de097f20,,,,Air,PM10 - Particulate Matter <= 10 Micrometers,Emission,Storage / Handling,tonnes,3.2752,MetalliCan,MetalliCan,,,Ore processed,1,ore
GRP-de097f20,,,,Air,PM2.5 - Particulate Matter <= 2.5 Micrometers,Emission,Fugitive Emissions,tonnes,14.894678,MetalliCan,MetalliCan,,,Ore processed,1,ore
GRP-de097f20,,,,Air,PM2.5 - Particulate Matter <= 2.5 Micrometers,Emission,Stack Emissions,tonnes,137.25492,MetalliCan,MetalliCan,,,Ore processed,1,ore
GRP-de097f20,,,,Air,PM2.5 - Particulate Matter <= 2.5 Micrometers,Emission,Storage / Handling,tonnes,0.4839,MetalliCan,MetalliCan,,,Ore processed,1,ore
GRP-de097f20,,,,Air,Total reduced sulphur (expressed as hydrogen sulphide),Emission,Stack Emissions,tonnes,14.575681,MetalliCan,MetalliCan,,,Ore processed,1,ore
GRP-de097f20,,,,Air,Volatile Organic Compounds (Total),Emission,Fugitive Emissions,tonnes,46.07404,MetalliCan,MetalliCan,,,Ore processed,1,ore
GRP-de097f20,,,,Air,Volatile Organic Compounds (Total),Emission,Stack Emissions,tonnes,10.6969,MetalliCan,MetalliCan,,,Ore processed,1,ore
GRP-de097f20,,,,Water,Arsenic (and its compounds),Emission,Direct Discharge,kg,45.6087,MetalliCan,MetalliCan,,,Ore processed,1,ore
GRP-de097f20,,,,Water,Arsenic (and its compounds),Emission,Waterbody,kg,0.0,MetalliCan,MetalliCan,,,Ore processed,1,ore
GRP-de097f20,,,,Water,Cadmium (and its compounds),Emission,Direct Discharge,kg,4.1769,MetalliCan,MetalliCan,,,Ore processed,1,ore
GRP-de097f20,,,,Water,Cadmium (and its compounds),Emission,Waterbody,kg,0.0,MetalliCan,MetalliCan,,,Ore processed,1,ore
GRP-de097f20,,,,Water,Chromium (and its compounds),Emission,Direct Discharge,tonnes,0.106068,MetalliCan,MetalliCan,,,Ore processed,1,ore
GRP-de097f20,,,,Water,Chromium (and its compounds),Emission,Waterbody,tonnes,0.0,MetalliCan,MetalliCan,,,Ore processed,1,ore
GRP-de097f20,,,,Water,Cobalt (and its compounds),Emission,Direct Discharge,kg,56.25579999999999,MetalliCan,MetalliCan,,,Ore processed,1,ore
GRP-de097f20,,,,Water,Cobalt (and its compounds),Emission,Waterbody,kg,0.0,MetalliCan,MetalliCan,,,Ore processed,1,ore
GRP-de097f20,,,,Water,Copper (and its compounds),Emission,Direct Discharge,tonnes,0.45685,MetalliCan,MetalliCan,,,Ore processed,1,ore
GRP-de097f20,,,,Water,Copper (and its compounds),Emission,Waterbody,tonnes,0.0,MetalliCan,MetalliCan,,,Ore processed,1,ore
GRP-de097f20,,,,Water,Lead (and its compounds),Emission,Direct Discharge,kg,18.6184,MetalliCan,MetalliCan,,,Ore processed,1,ore
GRP-de097f20,,,,Water,Lead (and its compounds),Emission,Waterbody,kg,0.0,MetalliCan,MetalliCan,,,Ore processed,1,ore
GRP-de097f20,,,,Water,Manganese (and its compounds),Emission,Direct Discharge,tonnes,0.694043,MetalliCan,MetalliCan,,,Ore processed,1,ore
GRP-de097f20,,,,Water,Manganese (and its compounds),Emission,Waterbody,tonnes,0.0,MetalliCan,MetalliCan,,,Ore processed,1,ore
GRP-de097f20,,,,Water,Mercury (and its compounds),Emission,Direct Discharge,tonnes,5.32e-05,MetalliCan,MetalliCan,,,Ore processed,1,ore
GRP-de097f20,,,,Water,Mercury (and its compounds),Emission,Waterbody,tonnes,0.0,MetalliCan,MetalliCan,,,Ore processed,1,ore
GRP-de097f20,,,,Water,Nickel (and its compounds),Emission,Direct Discharge,tonnes,2.062707,MetalliCan,MetalliCan,,,Ore processed,1,ore
GRP-de097f20,,,,Water,Nickel (and its compounds),Emission,Waterbody,tonnes,0.0,MetalliCan,MetalliCan,,,Ore processed,1,ore
GRP-de097f20,,,,Water,Selenium (and its compounds),Emission,Direct Discharge,kg,53.3259,MetalliCan,MetalliCan,,,Ore processed,1,ore
GRP-de097f20,,,,Water,Selenium (and its compounds),Emission,Waterbody,kg,0.0,MetalliCan,MetalliCan,,,Ore processed,1,ore
GRP-de097f20,,,,Water,Zinc (and its compounds),Emission,Direct Discharge,tonnes,0.284524,MetalliCan,MetalliCan,,,Ore processed,1,ore
GRP-de097f20,,,,Water,Zinc (and its compounds),Emission,Waterbody,tonnes,0.0,MetalliCan,MetalliCan,,,Ore processed,1,ore
GRP-de097f20,,,,Water,Ammonia (total),Emission,Direct Discharge,tonnes,19.349485,MetalliCan,MetalliCan,,,Ore processed,1,ore
GRP-de097f20,,,,Water,Ammonia (total),Emission,Waterbody,tonnes,0.0,MetalliCan,MetalliCan,,,Ore processed,1,ore
GRP-de097f20,,,,Water,Nitrate ion in solution at pH >= 6.0,Emission,Direct Discharge,tonnes,19.996318,MetalliCan,MetalliCan,,,Ore processed,1,ore
GRP-de097f20,,,,Water,Nitrate ion in solution at pH >= 6.0,Emission,Waterbody,tonnes,0.0,MetalliCan,MetalliCan,,,Ore processed,1,ore
GRP-de097f20,,,,Water,Thallium (and its compounds),Emission,Direct Discharge,kg,0.0021,MetalliCan,MetalliCan,,,Ore processed,1,ore
GRP-de097f20,,,,Water,Thallium (and its compounds),Emission,Waterbody,kg,0.0,MetalliCan,MetalliCan,,,Ore processed,1,ore
GRP-de097f20,,,,Water,Vanadium (and its compounds),Emission,Direct Discharge,tonnes,0.007037,MetalliCan,MetalliCan,,,Ore processed,1,ore
GRP-de097f20,,,,Water,Vanadium (and its compounds),Emission,Waterbody,tonnes,0.0,MetalliCan,MetalliCan,,,Ore processed,1,ore
BC-MAIN-857b7b89,Underground mining and beneficiation at Brucejack,"Underground, concentrator",Au–Ag free-milling,Water,Water,Consumption,,m3,103540.32993788196,,,166000.0,0.6237369273366383,Ore processed,1,ore
QC-MAIN-e7e6a960,Open-pit mining and beneficiation at Canadian Malartic,"Open-pit, concentrator",Au–Ag free-milling,Water,Water,Consumption,,m3,10811169.787833218,,,17332900.0,0.6237369273366383,Ore processed,1,ore
ON-MAIN-f080c409,Underground mining at Copper Cliff Complex (mine),Underground,Ni–Cu sulfide,Water,Water,Consumption,,m3,,,,748000.0,,Ore processed,1,ore
BC-MAIN-599152a0,Open-pit mining and beneficiation at Copper Mountain,"Open-pit, concentrator",Cu Porphyry,Water,Water,Consumption,,m3,6336982.463792266,,,6862152.0,0.9234686820974334,Ore processed,1,ore
ON-MAIN-52224e1e,Underground mining at Creighton,Underground,Ni–Cu sulfide,Water,Water,Consumption,,m3,,,,433000.0,,Ore processed,1,ore
ON-MAIN-aeafbb59,Open-pit mining and beneficiation at Detour Lake,"Open-pit, concentrator",Au–Ag free-milling,Water,Water,Consumption,,m3,15864657.370854737,,,25434853.5024164,0.6237369273366383,Ore processed,1,ore
BC-MAIN-4724f4ba,Open-pit mining at Elk,Open-pit,Au–Ag free-milling,Water,Water,Consumption,,m3,20736.13414930654,,,33245.0,0.6237369273366383,Ore processed,1,ore
ON-MAIN-4e0734b5,Open-pit and underground mining and beneficiation at Fox Complex,"Open-pit, underground, concentrator",Au–Ag free-milling,Water,Water,Consumption,,m3,285047.7757928437,,,457000.0,0.6237369273366383,Ore processed,1,ore
ON-MAIN-206041d1,Underground mining at Fraser,Underground,Ni–Cu sulfide,Water,Water,Consumption,,m3,,,,553033.0,,Ore processed,1,ore
ON-MAIN-48fe2205,Underground mining at Garson,Underground,Ni–Cu sulfide,Water,Water,Consumption,,m3,,,,616000.0,,Ore processed,1,ore
BC-MAIN-6b4800fe,Open-pit mining and beneficiation at Gibraltar,"Open-pit, concentrator",Cu polymetallic,Water,Water,Consumption,,m3,6139999.9999999795,,,30000000.0,0.204666666666666,Ore processed,1,ore
QC-MAIN-c0660aec,Underground mining and beneficiation at Goldex,"Underground, concentrator",Au–Ag polymetallic,Water,Water,Consumption,,m3,1356726.7222937143,,,2886927.328724,0.46995527348219646,Ore processed,1,ore
ON-MAIN-6e9be24e,Open-pit and underground mining and beneficiation at Hemlo (Williams),"Open-pit, underground, concentrator",Au–Ag free-milling,Water,Water,Consumption,,m3,789656.5636405301,,,1266009.0,0.6237369273366383,Ore processed,1,ore
BC-MAIN-bf503b6b,Open-pit mining and beneficiation at Highland Valley,"Open-pit, concentrator",Cu polymetallic,Water,Water,Consumption,,m3,3562837.333333322,,,17408000.0,0.204666666666666,Ore processed,1,ore
ON-MAIN-f8313ebd,Underground mining and beneficiation at Kidd Creek,"Underground, concentrator",Cu polymetallic,Water,Water,Consumption,,m3,274253.33333333244,,,1340000.0,0.204666666666666,Ore processed,1,ore
ON-MAIN-a3c56a83,Open-pit and underground mining and beneficiation at Lac des Iles,"Open-pit, underground, concentrator",Ni–Cu sulfide,Water,Water,Consumption,,m3,,,,3798000.0,,Ore processed,1,ore
QC-MAIN-f9e41c2a,Underground mining and beneficiation at Lamaque,"Underground, concentrator",Au–Ag free-milling,Water,Water,Consumption,,m3,522952.89088065695,,,838419.0,0.6237369273366383,Ore processed,1,ore
QC-MAIN-e51eda66,Underground mining and beneficiation at LaRonde,"Underground, concentrator",Au–Ag polymetallic,Water,Water,Consumption,,m3,705637.843133518,,,1501500.0,0.46995527348219646,Ore processed,1,ore
ON-MAIN-1f126a43,Underground mining and beneficiation at Macassa,"Underground, concentrator",Au–Ag free-milling,Water,Water,Consumption,,m3,275434.74226873147,,,441588.0,0.6237369273366383,Ore processed,1,ore
ON-MAIN-8825d90d,Open-pit mining and beneficiation at Magino,"Open-pit, concentrator",Au–Ag free-milling,Water,Water,Consumption,,m3,726997.1993941461,,,1165551.0,0.6237369273366383,Ore processed,1,ore
ON-MAIN-7001a391,Underground mining at McCreedy West,Underground,Ni–Cu sulfide,Water,Water,Consumption,,m3,,,,317660.0,,Ore processed,1,ore
NU-MAIN-8b0264c9,Open-pit and underground mining and beneficiation at Meliadine,"Open-pit, underground, concentrator",Au–Ag free-milling,Water,Water,Consumption,,m3,1196416.6210122814,,,1918143.0,0.6237369273366383,Ore processed,1,ore
BC-MAIN-ed23117f,Open-pit mining and beneficiation at Mount Milligan,"Open-pit, concentrator",Cu Porphyry,Water,Water,Consumption,,m3,20020801.027872354,,,21680000.0,0.9234686820974333,Ore processed,1,ore
BC-MAIN-3f490561,Open-pit mining and beneficiation at Mount Polley,"Open-pit, concentrator",Cu Porphyry,Water,Water,Consumption,,m3,5493012.430130554,,,5948239.0,0.9234686820974333,Ore processed,1,ore
ON-MAIN-fcb287a4,Underground mining at Nickel Rim South,Underground,Ni–Cu sulfide,Water,Water,Consumption,,m3,,,,320160.0,,Ore processed,1,ore
QC-MAIN-5ce331b8,Open-pit and underground mining and beneficiation at Nunavik Nickel,"Open-pit, underground, concentrator",Ni–Cu sulfide,Water,Water,Consumption,,m3,,,,6835294.11764705,,Ore processed,1,ore
QC-MAIN-a97821c0,Underground mining and beneficiation at Raglan,"Underground, concentrator",Ni–Cu sulfide,Water,Water,Consumption,,m3,,,,1500000.0,,Ore processed,1,ore
BC-MAIN-8eb8be0d,Open-pit mining and beneficiation at Red Chris,"Open-pit, concentrator",Au–Ag polymetallic,Water,Water,Consumption,,m3,535279.0564962218,,,1139000.0,0.4699552734821965,Ore processed,1,ore
ON-MAIN-7f050560,Underground mining and beneficiation at Red Lake,"Underground, concentrator",Au–Ag refractory,Water,Water,Consumption,,m3,2564999.9999999953,,,841000.0,3.04994054696789,Ore processed,1,ore
ON-MAIN-ed85ac94,and beneficiation at Strathcona,Concentrator,Ni–Cu sulfide,Water,Water,Consumption,,m3,,,,1025997.0,,Ore processed,1,ore
ON-MAIN-f4fc3276,Underground mining and beneficiation at Sugar Zone,"Underground, concentrator",Au–Ag free-milling,Water,Water,Consumption,,m3,146372.96847501624,,,234671.0,0.6237369273366383,Ore processed,1,ore
MB-MAIN-e0a6250e,Open-pit and underground mining and beneficiation at Thompson (T-1 and T-3),"Open-pit, underground, concentrator",Ni–Cu sulfide,Water,Water,Consumption,,m3,,,,464705.882352941,,Ore processed,1,ore
ON-MAIN-28f3f0fc,Underground mining at Totten,Underground,Ni–Cu sulfide,Water,Water,Consumption,,m3,,,,414000.0,,Ore processed,1,ore
NL-MAIN-2d8801d6,Open-pit and underground mining and beneficiation at Voisey’s Bay,"Open-pit, underground, concentrator",Ni–Cu sulfide,Water,Water,Consumption,,m3,,,,794117.647058823,,Ore processed,1,ore
GRP-91aaa60b,Underground mining and beneficiation at Cigar Lake + McClean Lake,"Underground, concentrator",High-grade U mine + mill,Water,Water,Consumption,,m3,,,,43726.856187782,,Ore processed,1,ore
GRP-21eee27d,Underground mining and beneficiation at Key Lake + McArthur River,"Underground, concentrator",High-grade U mine + mill,Water,Water,Consumption,,m3,,,,98408.8710325432,,Ore processed,1,ore
GRP-0a2c0d69,Open-pit and underground mining at Meadowbank complex,"Open-pit, underground",Au–Ag free-milling,Water,Water,Consumption,,m3,2396802.0836659707,,,3842649.005728,0.6237369273366382,Ore processed,1,ore
GRP-147b3123,Underground mining and beneficiation at Timmins Operation,"Underground, concentrator",Au–Ag free-milling,Water,Water,Consumption,,m3,981761.9236278688,,,1574000.0,0.6237369273366383,Ore processed,1,ore
GRP-14bfbb82,Underground mining and beneficiation at Seabee Gold Operation,"Underground, concentrator",Au–Ag free-milling,Water,Water,Consumption,,m3,76095.90513506987,,,122000.0,0.6237369273366383,Ore processed,1,ore
GRP-a13779f8,Underground mining and beneficiation at Snow Lake,"Underground, concentrator",Au–Ag polymetallic,Water,Water,Consumption,,m3,998016.2869330052,,,2123641.0,0.46995527348219646,Ore processed,1,ore
