lci_name,activity_name,flow_type,name,reference_product,categories,unit,location,impact_score,share_%,total_score
Brucejack,Underground mining and beneficiation at Brucejack,Biosphere (direct),"Particulate Matter, < 2.5 um",,"('air', 'urban air close to ground')",kilogram,,25.994598183825104,56.28013224562034,46.18787686990195
Brucejack,Underground mining and beneficiation at Brucejack,Biosphere (direct),Nitrogen oxides,,"('air', 'low population density, long-term')",kilogram,,7.931119371095774,17.171430922091247,46.18787686990195
Brucejack,Underground mining and beneficiation at Brucejack,Technosphere (first-tier),"market for electricity, medium voltage","electricity, medium voltage",,kilowatt hour,CA-BC,6.121771481059017,13.254065559892043,46.18787686990195
Brucejack,Underground mining and beneficiation at Brucejack,Technosphere (first-tier),market for diesel,diesel,,kilogram,RoW,2.9816718659061645,6.455529173390416,46.18787686990195
Brucejack,Underground mining and beneficiation at Brucejack,Technosphere (first-tier),"market for steel, low-alloyed","steel, low-alloyed",,kilogram,GLO,0.6871234302407138,1.4876705248352162,46.18787686990195
Brucejack,Underground mining and beneficiation at Brucejack,Technosphere (first-tier),market for propane,propane,,kilogram,GLO,0.5629548135647297,1.2188367418368515,46.18787686990195
Brucejack,Underground mining and beneficiation at Brucejack,Technosphere (first-tier),market for kerosene,kerosene,,kilogram,RoW,0.5500259476617905,1.1908448383783832,46.18787686990195
Brucejack,Underground mining and beneficiation at Brucejack,Technosphere (first-tier),"market for explosive, tovex","explosive, tovex",,kilogram,GLO,0.46323692281984646,1.0029404991371493,46.18787686990195
Brucejack,Underground mining and beneficiation at Brucejack,Technosphere (first-tier),"market for sulfur dioxide, liquid","sulfur dioxide, liquid",,kilogram,RoW,0.3481418457214101,0.7537515671093222,46.18787686990195
Brucejack,Underground mining and beneficiation at Brucejack,Technosphere (first-tier),market for sodium cyanide,sodium cyanide,,kilogram,RoW,0.3252136178117266,0.7041103420444296,46.18787686990195
Brucejack,Underground mining and beneficiation at Brucejack,Technosphere (first-tier),"market for cement, unspecified","cement, unspecified",,kilogram,RoW,0.11003732690001175,0.2382385473356038,46.18787686990195
Brucejack,Underground mining and beneficiation at Brucejack,Technosphere (first-tier),"market for activated carbon, granular","activated carbon, granular",,kilogram,GLO,0.03490779280925702,0.0755778251240738,46.18787686990195
Brucejack,Underground mining and beneficiation at Brucejack,Technosphere (first-tier),market for lime,lime,,kilogram,RoW,0.02556650641817219,0.05535328348212613,46.18787686990195
Brucejack,Underground mining and beneficiation at Brucejack,Technosphere (first-tier),market for light fuel oil,light fuel oil,,kilogram,RoW,0.017798133173074545,0.03853420936235454,46.18787686990195
Brucejack,Underground mining and beneficiation at Brucejack,Technosphere (first-tier),market for polyacrylamide,polyacrylamide,,kilogram,GLO,0.012429617074054298,0.026910994651399497,46.18787686990195
Brucejack,Underground mining and beneficiation at Brucejack,Technosphere (first-tier),market for sodium bicarbonate,sodium bicarbonate,,kilogram,RoW,0.010234044259234935,0.02215742517903846,46.18787686990195
Brucejack,Underground mining and beneficiation at Brucejack,Technosphere (first-tier),"market for hydrochloric acid, without water, in 30% solution state","hydrochloric acid, without water, in 30% solution state",,kilogram,RoW,0.009064268446290259,0.01962477831969136,46.18787686990195
Brucejack,Underground mining and beneficiation at Brucejack,Technosphere (first-tier),market for acetylene,acetylene,,kilogram,RoW,0.0019816174069446713,0.004290340975244048,46.18787686990195
Brucejack,Underground mining and beneficiation at Brucejack,Technosphere (first-tier),"market for sulfidic tailings, from gold mine operation","sulfidic tailings, from gold mine operation",,kilogram,CA,-0.0,-0.0,46.18787686990195
Canadian Malartic,Open-pit mining and beneficiation at Canadian Malartic,Biosphere (direct),"Particulate Matter, < 2.5 um",,"('air', 'urban air close to ground')",kilogram,,61.50315560510017,84.87358086388184,72.46442883532558
Canadian Malartic,Open-pit mining and beneficiation at Canadian Malartic,Biosphere (direct),Nitrogen oxides,,"('air', 'low population density, long-term')",kilogram,,3.0540278045978777,4.214519942657816,72.46442883532558
Canadian Malartic,Open-pit mining and beneficiation at Canadian Malartic,Biosphere (direct),Sulfur dioxide,,"('air', 'non-urban air or from high stacks')",kilogram,,0.7281928183162655,1.0048969266991308,72.46442883532558
Canadian Malartic,Open-pit mining and beneficiation at Canadian Malartic,Technosphere (first-tier),"market for steel, low-alloyed","steel, low-alloyed",,kilogram,GLO,2.2740298664800935,3.1381326024769964,72.46442883532558
Canadian Malartic,Open-pit mining and beneficiation at Canadian Malartic,Technosphere (first-tier),"market for explosive, tovex","explosive, tovex",,kilogram,GLO,1.5330791403512924,2.115629923524539,72.46442883532558
Canadian Malartic,Open-pit mining and beneficiation at Canadian Malartic,Technosphere (first-tier),"market for sulfur dioxide, liquid","sulfur dioxide, liquid",,kilogram,RoW,1.1521728412967198,1.5899840236304308,72.46442883532558
Canadian Malartic,Open-pit mining and beneficiation at Canadian Malartic,Technosphere (first-tier),market for sodium cyanide,sodium cyanide,,kilogram,RoW,1.0762920420728925,1.4852694754812066,72.46442883532558
Canadian Malartic,Open-pit mining and beneficiation at Canadian Malartic,Technosphere (first-tier),market for diesel,diesel,,kilogram,RoW,0.6255813813027757,0.8632944347417695,72.46442883532558
Canadian Malartic,Open-pit mining and beneficiation at Canadian Malartic,Technosphere (first-tier),"market for electricity, medium voltage","electricity, medium voltage",,kilowatt hour,CA-QC,0.19038054977770963,0.26272276320613364,72.46442883532558
Canadian Malartic,Open-pit mining and beneficiation at Canadian Malartic,Technosphere (first-tier),"market for activated carbon, granular","activated carbon, granular",,kilogram,GLO,0.1155270798920953,0.1594259166171433,72.46442883532558
Canadian Malartic,Open-pit mining and beneficiation at Canadian Malartic,Technosphere (first-tier),market for lime,lime,,kilogram,RoW,0.08461216226626304,0.11676371928431677,72.46442883532558
Canadian Malartic,Open-pit mining and beneficiation at Canadian Malartic,Technosphere (first-tier),market for polyacrylamide,polyacrylamide,,kilogram,GLO,0.04113572498234917,0.05676678288023155,72.46442883532558
Canadian Malartic,Open-pit mining and beneficiation at Canadian Malartic,Technosphere (first-tier),market for sodium bicarbonate,sodium bicarbonate,,kilogram,RoW,0.033869493130552306,0.04673947435302397,72.46442883532558
Canadian Malartic,Open-pit mining and beneficiation at Canadian Malartic,Technosphere (first-tier),"market for hydrochloric acid, without water, in 30% solution state","hydrochloric acid, without water, in 30% solution state",,kilogram,RoW,0.029998128804072644,0.041397040294408424,72.46442883532558
Canadian Malartic,Open-pit mining and beneficiation at Canadian Malartic,Technosphere (first-tier),"market for natural gas, high pressure","natural gas, high pressure",,cubic meter,CA,0.011841250015425967,0.01634077602727684,72.46442883532558
Canadian Malartic,Open-pit mining and beneficiation at Canadian Malartic,Technosphere (first-tier),market for light fuel oil,light fuel oil,,kilogram,RoW,0.009913659198682775,0.013680724954324045,72.46442883532558
Canadian Malartic,Open-pit mining and beneficiation at Canadian Malartic,Technosphere (first-tier),market for propane,propane,,kilogram,GLO,0.0006207457000342229,0.0008566212554367317,72.46442883532558
Canadian Malartic,Open-pit mining and beneficiation at Canadian Malartic,Technosphere (first-tier),"market for sulfidic tailings, from gold mine operation","sulfidic tailings, from gold mine operation",,kilogram,CA,-0.0,-0.0,72.46442883532558
Casa Berardi,Open-pit and underground mining and beneficiation at Casa Berardi,Biosphere (direct),Ammonia,,"('air', 'urban air close to ground')",kilogram,,6.267037680483766,51.084386121900124,12.268010161713692
Casa Berardi,Open-pit and underground mining and beneficiation at Casa Berardi,Biosphere (direct),"Particulate Matter, < 2.5 um",,"('air', 'urban air close to ground')",kilogram,,2.2361904085705855,18.227816728986284,12.268010161713692
Casa Berardi,Open-pit and underground mining and beneficiation at Casa Berardi,Technosphere (first-tier),"market for explosive, tovex","explosive, tovex",,kilogram,GLO,2.2582087286824186,18.407294246705895,12.268010161713692
Casa Berardi,Open-pit and underground mining and beneficiation at Casa Berardi,Technosphere (first-tier),market for diesel,diesel,,kilogram,RoW,0.7995422307508204,6.51729351550467,12.268010161713692
Casa Berardi,Open-pit and underground mining and beneficiation at Casa Berardi,Technosphere (first-tier),"market for electricity, medium voltage","electricity, medium voltage",,kilowatt hour,CA-QC,0.3208818673422893,2.615598317188433,12.268010161713692
Casa Berardi,Open-pit and underground mining and beneficiation at Casa Berardi,Technosphere (first-tier),"market for cement, unspecified","cement, unspecified",,kilogram,RoW,0.2362065179055185,1.9253857373111545,12.268010161713692
Casa Berardi,Open-pit and underground mining and beneficiation at Casa Berardi,Technosphere (first-tier),market for propane,propane,,kilogram,GLO,0.149942588327685,1.2222241940720715,12.268010161713692
Casa Berardi,Open-pit and underground mining and beneficiation at Casa Berardi,Technosphere (first-tier),"market for sulfidic tailings, from gold mine operation","sulfidic tailings, from gold mine operation",,kilogram,CA,-0.0,-0.0,12.268010161713692
Cigar Lake + McClean Lake,Underground mining and beneficiation at Cigar Lake + McClean Lake,Biosphere (direct),"Particulate Matter, < 2.5 um",,"('air', 'urban air close to ground')",kilogram,,0.005267108106515079,43.51256419911655,0.012104798242669457
Cigar Lake + McClean Lake,Underground mining and beneficiation at Cigar Lake + McClean Lake,Biosphere (direct),Ammonia,,"('air', 'urban air close to ground')",kilogram,,0.0023379858794083603,19.314538190045592,0.012104798242669457
Cigar Lake + McClean Lake,Underground mining and beneficiation at Cigar Lake + McClean Lake,Biosphere (direct),Sulfur dioxide,,"('air', 'non-urban air or from high stacks')",kilogram,,0.0022438176682580213,18.536597002902173,0.012104798242669457
Cigar Lake + McClean Lake,Underground mining and beneficiation at Cigar Lake + McClean Lake,Biosphere (direct),Nitrogen oxides,,"('air', 'low population density, long-term')",kilogram,,0.0002478736641057133,2.047730653055891,0.012104798242669457
Cigar Lake + McClean Lake,Underground mining and beneficiation at Cigar Lake + McClean Lake,Technosphere (first-tier),"market for electricity, medium voltage","electricity, medium voltage",,kilowatt hour,CA-SK,0.0016550399903079375,13.672594595372233,0.012104798242669457
Cigar Lake + McClean Lake,Underground mining and beneficiation at Cigar Lake + McClean Lake,Technosphere (first-tier),market for diesel,diesel,,kilogram,RoW,0.00030542907975635264,2.5232066956697716,0.012104798242669457
Cigar Lake + McClean Lake,Underground mining and beneficiation at Cigar Lake + McClean Lake,Technosphere (first-tier),market for liquefied petroleum gas,liquefied petroleum gas,,kilogram,RoW,2.3221057061080873e-05,0.19183349111285938,0.012104798242669457
Cigar Lake + McClean Lake,Underground mining and beneficiation at Cigar Lake + McClean Lake,Technosphere (first-tier),"market for natural gas, high pressure","natural gas, high pressure",,cubic meter,CA,2.0942509956991433e-05,0.1730099877515431,0.012104798242669457
Cigar Lake + McClean Lake,Underground mining and beneficiation at Cigar Lake + McClean Lake,Technosphere (first-tier),"market for cement, unspecified","cement, unspecified",,kilogram,RoW,2.777425485092962e-06,0.022944830879564167,0.012104798242669457
Cigar Lake + McClean Lake,Underground mining and beneficiation at Cigar Lake + McClean Lake,Technosphere (first-tier),"market for ammonia, anhydrous, liquid","ammonia, anhydrous, liquid",,kilogram,RoW,3.1074561746487665e-07,0.0025671276070467434,0.012104798242669457
Cigar Lake + McClean Lake,Underground mining and beneficiation at Cigar Lake + McClean Lake,Technosphere (first-tier),market for lime,lime,,kilogram,RoW,1.5037560312638757e-07,0.0012422809543104405,0.012104798242669457
Cigar Lake + McClean Lake,Underground mining and beneficiation at Cigar Lake + McClean Lake,Technosphere (first-tier),"market for hydrogen peroxide, without water, in 50% solution state","hydrogen peroxide, without water, in 50% solution state",,kilogram,RoW,1.4158392482874058e-07,0.0011696512572151492,0.012104798242669457
Cigar Lake + McClean Lake,Underground mining and beneficiation at Cigar Lake + McClean Lake,Technosphere (first-tier),"market for sulfidic tailings, from copper mine operation","sulfidic tailings, from copper mine operation",,kilogram,CA,-0.0,-0.0,0.012104798242669457
Copper Mountain,Open-pit mining and beneficiation at Copper Mountain,Biosphere (direct),"Particulate Matter, < 2.5 um",,"('air', 'urban air close to ground')",kilogram,,0.09238353352773263,99.35374702671027,0.09298444828950059
Copper Mountain,Open-pit mining and beneficiation at Copper Mountain,Biosphere (direct),Nitrogen oxides,,"('air', 'low population density, long-term')",kilogram,,0.00010661043876538104,0.11465405315247651,0.09298444828950059
Copper Mountain,Open-pit mining and beneficiation at Copper Mountain,Technosphere (first-tier),"market for steel, low-alloyed","steel, low-alloyed",,kilogram,GLO,0.00022264736974498593,0.2394458146934301,0.09298444828950059
Copper Mountain,Open-pit mining and beneficiation at Copper Mountain,Technosphere (first-tier),market for diesel,diesel,,kilogram,RoW,0.00010349227682021592,0.11130063007740816,0.09298444828950059
Copper Mountain,Open-pit mining and beneficiation at Copper Mountain,Technosphere (first-tier),"market for electricity, medium voltage","electricity, medium voltage",,kilowatt hour,CA-BC,6.648252819027164e-05,0.07149854563128978,0.09298444828950059
Copper Mountain,Open-pit mining and beneficiation at Copper Mountain,Technosphere (first-tier),"market for explosive, tovex","explosive, tovex",,kilogram,GLO,5.792500321605128e-05,0.06229536689372595,0.09298444828950059
Copper Mountain,Open-pit mining and beneficiation at Copper Mountain,Technosphere (first-tier),market for polyacrylamide,polyacrylamide,,kilogram,GLO,3.0248780190805945e-05,0.032531010020760115,0.09298444828950059
Copper Mountain,Open-pit mining and beneficiation at Copper Mountain,Technosphere (first-tier),market for lime,lime,,kilogram,RoW,7.268203499677728e-06,0.007816579689808648,0.09298444828950059
Copper Mountain,Open-pit mining and beneficiation at Copper Mountain,Technosphere (first-tier),"market for chemical, organic","chemical, organic",,kilogram,GLO,3.088820754144976e-06,0.0033218681306019563,0.09298444828950059
Copper Mountain,Open-pit mining and beneficiation at Copper Mountain,Technosphere (first-tier),market for sodium bicarbonate,sodium bicarbonate,,kilogram,RoW,2.5082210335518745e-06,0.0026974629410530067,0.09298444828950059
Copper Mountain,Open-pit mining and beneficiation at Copper Mountain,Technosphere (first-tier),market for liquefied petroleum gas,liquefied petroleum gas,,kilogram,RoW,3.3675010755534753e-07,0.00036215745078886695,0.09298444828950059
Copper Mountain,Open-pit mining and beneficiation at Copper Mountain,Technosphere (first-tier),"market for natural gas, high pressure","natural gas, high pressure",,cubic meter,CA,3.037067805287756e-07,0.00032662104912770546,0.09298444828950059
Copper Mountain,Open-pit mining and beneficiation at Copper Mountain,Technosphere (first-tier),"market for sulfidic tailings, from copper mine operation","sulfidic tailings, from copper mine operation",,kilogram,CA,-0.0,-0.0,0.09298444828950059
Detour Lake,Open-pit mining and beneficiation at Detour Lake,Biosphere (direct),"Particulate Matter, < 2.5 um",,"('air', 'urban air close to ground')",kilogram,,60.59395785005054,73.53013157377741,82.40697596094033
Detour Lake,Open-pit mining and beneficiation at Detour Lake,Biosphere (direct),Nitrogen oxides,,"('air', 'low population density, long-term')",kilogram,,5.8091475504934005,7.0493395525724045,82.40697596094033
Detour Lake,Open-pit mining and beneficiation at Detour Lake,Biosphere (direct),Sulfur dioxide,,"('air', 'non-urban air or from high stacks')",kilogram,,1.8120835560745023,2.198944367201877,82.40697596094033
Detour Lake,Open-pit mining and beneficiation at Detour Lake,Technosphere (first-tier),"market for steel, low-alloyed","steel, low-alloyed",,kilogram,GLO,4.036230664147148,4.897923527809418,82.40697596094033
Detour Lake,Open-pit mining and beneficiation at Detour Lake,Technosphere (first-tier),"market for explosive, tovex","explosive, tovex",,kilogram,GLO,3.6259467466948334,4.400048302237759,82.40697596094033
Detour Lake,Open-pit mining and beneficiation at Detour Lake,Technosphere (first-tier),"market for sulfur dioxide, liquid","sulfur dioxide, liquid",,kilogram,RoW,2.0450194700554407,2.4816096528341838,82.40697596094033
Detour Lake,Open-pit mining and beneficiation at Detour Lake,Technosphere (first-tier),market for sodium cyanide,sodium cyanide,,kilogram,RoW,1.9103368024433067,2.318173649945337,82.40697596094033
Detour Lake,Open-pit mining and beneficiation at Detour Lake,Technosphere (first-tier),market for diesel,diesel,,kilogram,RoW,1.167620225023605,1.4168948822694811,82.40697596094033
Detour Lake,Open-pit mining and beneficiation at Detour Lake,Technosphere (first-tier),"market for electricity, medium voltage","electricity, medium voltage",,kilowatt hour,CA-ON,0.7512965180571876,0.9116904355443048,82.40697596094033
Detour Lake,Open-pit mining and beneficiation at Detour Lake,Technosphere (first-tier),"market for activated carbon, granular","activated carbon, granular",,kilogram,GLO,0.20505181100440678,0.24882821947209693,82.40697596094033
Detour Lake,Open-pit mining and beneficiation at Detour Lake,Technosphere (first-tier),market for lime,lime,,kilogram,RoW,0.15018017526194824,0.18224206568765658,82.40697596094033
Detour Lake,Open-pit mining and beneficiation at Detour Lake,Technosphere (first-tier),market for propane,propane,,kilogram,GLO,0.0936045704391754,0.11358816331707472,82.40697596094033
Detour Lake,Open-pit mining and beneficiation at Detour Lake,Technosphere (first-tier),market for polyacrylamide,polyacrylamide,,kilogram,GLO,0.07301279416469575,0.08860025903547622,82.40697596094033
Detour Lake,Open-pit mining and beneficiation at Detour Lake,Technosphere (first-tier),market for sodium bicarbonate,sodium bicarbonate,,kilogram,RoW,0.06011578333588834,0.07294987182199515,82.40697596094033
Detour Lake,Open-pit mining and beneficiation at Detour Lake,Technosphere (first-tier),"market for hydrochloric acid, without water, in 30% solution state","hydrochloric acid, without water, in 30% solution state",,kilogram,RoW,0.05324440506731301,0.06461152644716639,82.40697596094033
Detour Lake,Open-pit mining and beneficiation at Detour Lake,Technosphere (first-tier),market for light fuel oil,light fuel oil,,kilogram,RoW,0.02012937759966228,0.024426788345204297,82.40697596094033
Detour Lake,Open-pit mining and beneficiation at Detour Lake,Technosphere (first-tier),"market for sulfidic tailings, from gold mine operation","sulfidic tailings, from gold mine operation",,kilogram,CA,-0.0,-0.0,82.40697596094033
Eagle River,Underground mining and beneficiation at Eagle River,Biosphere (direct),"Particulate Matter, < 2.5 um",,"('air', 'urban air close to ground')",kilogram,,65.72042924936177,89.79413166183502,73.19011613906476
Eagle River,Underground mining and beneficiation at Eagle River,Biosphere (direct),Nitrogen oxides,,"('air', 'low population density, long-term')",kilogram,,4.3357991056614935,5.924022715612674,73.19011613906476
Eagle River,Underground mining and beneficiation at Eagle River,Biosphere (direct),Sulfur dioxide,,"('air', 'non-urban air or from high stacks')",kilogram,,0.014750990265541579,0.020154347395096334,73.19011613906476
Eagle River,Underground mining and beneficiation at Eagle River,Technosphere (first-tier),"market for explosive, tovex","explosive, tovex",,kilogram,GLO,2.334273569249012,3.1893289591367493,73.19011613906476
Eagle River,Underground mining and beneficiation at Eagle River,Technosphere (first-tier),market for diesel,diesel,,kilogram,RoW,0.3734168242123104,0.5102011636418236,73.19011613906476
Eagle River,Underground mining and beneficiation at Eagle River,Technosphere (first-tier),"market for electricity, medium voltage","electricity, medium voltage",,kilowatt hour,CA-ON,0.3408175613086198,0.4656606373749291,73.19011613906476
Eagle River,Underground mining and beneficiation at Eagle River,Technosphere (first-tier),"market for cement, unspecified","cement, unspecified",,kilogram,RoW,0.048928685069473954,0.06685149259294396,73.19011613906476
Eagle River,Underground mining and beneficiation at Eagle River,Technosphere (first-tier),market for liquefied petroleum gas,liquefied petroleum gas,,kilogram,RoW,0.011409371987964375,0.015588678621968596,73.19011613906476
Eagle River,Underground mining and beneficiation at Eagle River,Technosphere (first-tier),"market for natural gas, high pressure","natural gas, high pressure",,cubic meter,CA,0.01028983675602927,0.014059052367778845,73.19011613906476
Eagle River,Underground mining and beneficiation at Eagle River,Technosphere (first-tier),"market for sulfidic tailings, from gold mine operation","sulfidic tailings, from gold mine operation",,kilogram,CA,-0.0,-0.0,73.19011613906476
Gibraltar (Cu),Open-pit mining and beneficiation at Gibraltar,Biosphere (direct),"Particulate Matter, < 2.5 um",,"('air', 'urban air close to ground')",kilogram,,0.007316294647581642,90.43749109052854,0.008089891215865312
Gibraltar (Cu),Open-pit mining and beneficiation at Gibraltar,Biosphere (direct),Nitrogen oxides,,"('air', 'low population density, long-term')",kilogram,,0.00010043868384000703,1.2415331820906803,0.008089891215865312
Gibraltar (Cu),Open-pit mining and beneficiation at Gibraltar,Biosphere (direct),Sulfur dioxide,,"('air', 'non-urban air or from high stacks')",kilogram,,4.506048274829797e-05,0.5569973878008223,0.008089891215865312
Gibraltar (Cu),Open-pit mining and beneficiation at Gibraltar,Technosphere (first-tier),"market for steel, low-alloyed","steel, low-alloyed",,kilogram,GLO,0.00032548522064711313,4.023357199275993,0.008089891215865312
Gibraltar (Cu),Open-pit mining and beneficiation at Gibraltar,Technosphere (first-tier),"market for electricity, medium voltage","electricity, medium voltage",,kilowatt hour,CA-BC,8.842149019166307e-05,1.0929873818112315,0.008089891215865312
Gibraltar (Cu),Open-pit mining and beneficiation at Gibraltar,Technosphere (first-tier),"market for explosive, tovex","explosive, tovex",,kilogram,GLO,8.46797897246919e-05,1.0467358270358937,0.008089891215865312
Gibraltar (Cu),Open-pit mining and beneficiation at Gibraltar,Technosphere (first-tier),market for diesel,diesel,,kilogram,RoW,6.437398258137205e-05,0.7957335996697512,0.008089891215865312
Gibraltar (Cu),Open-pit mining and beneficiation at Gibraltar,Technosphere (first-tier),market for polyacrylamide,polyacrylamide,,kilogram,GLO,4.4220288368945395e-05,0.5466116563128037,0.008089891215865312
Gibraltar (Cu),Open-pit mining and beneficiation at Gibraltar,Technosphere (first-tier),market for lime,lime,,kilogram,RoW,1.0625289768795932e-05,0.13134032937251838,0.008089891215865312
Gibraltar (Cu),Open-pit mining and beneficiation at Gibraltar,Technosphere (first-tier),"market for chemical, organic","chemical, organic",,kilogram,GLO,4.515505868556881e-06,0.05581664509531841,0.008089891215865312
Gibraltar (Cu),Open-pit mining and beneficiation at Gibraltar,Technosphere (first-tier),market for sodium bicarbonate,sodium bicarbonate,,kilogram,RoW,3.666734879789624e-06,0.04532489723222344,0.008089891215865312
Gibraltar (Cu),Open-pit mining and beneficiation at Gibraltar,Technosphere (first-tier),"market for natural gas, high pressure","natural gas, high pressure",,cubic meter,CA,2.079600813056827e-06,0.025706165355826583,0.008089891215865312
Gibraltar (Cu),Open-pit mining and beneficiation at Gibraltar,Technosphere (first-tier),market for propane,propane,,kilogram,GLO,2.9379792192472834e-08,0.00036316671520694,0.008089891215865312
Gibraltar (Cu),Open-pit mining and beneficiation at Gibraltar,Technosphere (first-tier),"market for sulfidic tailings, from copper mine operation","sulfidic tailings, from copper mine operation",,kilogram,CA,-0.0,-0.0,0.008089891215865312
Gibraltar (Mo),Open-pit mining and beneficiation at Gibraltar,Biosphere (direct),"Particulate Matter, < 2.5 um",,"('air', 'urban air close to ground')",kilogram,,0.031004123984824213,90.4374950555729,0.034282378084192294
Gibraltar (Mo),Open-pit mining and beneficiation at Gibraltar,Biosphere (direct),Nitrogen oxides,,"('air', 'low population density, long-term')",kilogram,,0.0004256271181857687,1.2415332365231297,0.034282378084192294
Gibraltar (Mo),Open-pit mining and beneficiation at Gibraltar,Biosphere (direct),Sulfur dioxide,,"('air', 'non-urban air or from high stacks')",kilogram,,0.00019095195877684527,0.5569974122212187,0.034282378084192294
Gibraltar (Mo),Open-pit mining and beneficiation at Gibraltar,Technosphere (first-tier),"market for steel, low-alloyed","steel, low-alloyed",,kilogram,GLO,0.0013793025872060275,4.023357375671754,0.034282378084192294
Gibraltar (Mo),Open-pit mining and beneficiation at Gibraltar,Technosphere (first-tier),"market for electricity, medium voltage","electricity, medium voltage",,kilowatt hour,CA-BC,0.00037470208307307644,1.0929874297309983,0.034282378084192294
Gibraltar (Mo),Open-pit mining and beneficiation at Gibraltar,Technosphere (first-tier),"market for explosive, tovex","explosive, tovex",,kilogram,GLO,0.00035884594949999967,1.0467358729278602,0.034282378084192294
Gibraltar (Mo),Open-pit mining and beneficiation at Gibraltar,Technosphere (first-tier),market for diesel,diesel,,kilogram,RoW,0.0002727964131419301,0.7957336345570418,0.034282378084192294
Gibraltar (Mo),Open-pit mining and beneficiation at Gibraltar,Technosphere (first-tier),market for polyacrylamide,polyacrylamide,,kilogram,GLO,0.00018739148288521206,0.5466116802778592,0.034282378084192294
Gibraltar (Mo),Open-pit mining and beneficiation at Gibraltar,Technosphere (first-tier),market for lime,lime,,kilogram,RoW,4.5026590266607685e-05,0.131340335130863,0.034282378084192294
Gibraltar (Mo),Open-pit mining and beneficiation at Gibraltar,Technosphere (first-tier),"market for chemical, organic","chemical, organic",,kilogram,GLO,1.9135274144435792e-05,0.055816647542485165,0.034282378084192294
Gibraltar (Mo),Open-pit mining and beneficiation at Gibraltar,Technosphere (first-tier),market for sodium bicarbonate,sodium bicarbonate,,kilogram,RoW,1.5538453316673847e-05,0.045324899219400056,0.034282378084192294
Gibraltar (Mo),Open-pit mining and beneficiation at Gibraltar,Technosphere (first-tier),"market for natural gas, high pressure","natural gas, high pressure",,cubic meter,CA,8.812685184606028e-06,0.025706166482860136,0.034282378084192294
Gibraltar (Mo),Open-pit mining and beneficiation at Gibraltar,Technosphere (first-tier),market for propane,propane,,kilogram,GLO,1.2450219184172966e-07,0.0003631667311292445,0.034282378084192294
Gibraltar (Mo),Open-pit mining and beneficiation at Gibraltar,Technosphere (first-tier),"market for sulfidic tailings, from copper mine operation","sulfidic tailings, from copper mine operation",,kilogram,CA,-0.0,-0.0,0.034282378084192294
Goldex (Au),Underground mining and beneficiation at Goldex,Biosphere (direct),Sulfur dioxide,,"('air', 'non-urban air or from high stacks')",kilogram,,0.5679033975242941,5.671517029269216,10.013253854189156
Goldex (Au),Underground mining and beneficiation at Goldex,Biosphere (direct),Nitrogen oxides,,"('air', 'low population density, long-term')",kilogram,,0.012863901076498752,0.12846874016997978,10.013253854189156
Goldex (Au),Underground mining and beneficiation at Goldex,Technosphere (first-tier),"market for explosive, tovex","explosive, tovex",,kilogram,GLO,3.2899666910498353,32.85611988827629,10.013253854189156
Goldex (Au),Underground mining and beneficiation at Goldex,Technosphere (first-tier),"market for steel, low-alloyed","steel, low-alloyed",,kilogram,GLO,2.4485885662071074,24.453475382357485,10.013253854189156
Goldex (Au),Underground mining and beneficiation at Goldex,Technosphere (first-tier),"market for sulfur dioxide, liquid","sulfur dioxide, liquid",,kilogram,RoW,1.240615739959632,12.389736223861005,10.013253854189156
Goldex (Au),Underground mining and beneficiation at Goldex,Technosphere (first-tier),market for sodium cyanide,sodium cyanide,,kilogram,RoW,1.1589101915352764,11.573762219664825,10.013253854189156
Goldex (Au),Underground mining and beneficiation at Goldex,Technosphere (first-tier),"market for cement, unspecified","cement, unspecified",,kilogram,RoW,0.3921218934551154,3.916028687229046,10.013253854189156
Goldex (Au),Underground mining and beneficiation at Goldex,Technosphere (first-tier),"market for electricity, medium voltage","electricity, medium voltage",,kilowatt hour,CA-QC,0.3264698495460641,3.2603772390078958,10.013253854189156
Goldex (Au),Underground mining and beneficiation at Goldex,Technosphere (first-tier),market for diesel,diesel,,kilogram,RoW,0.20468483160222772,2.044139043939204,10.013253854189156
Goldex (Au),Underground mining and beneficiation at Goldex,Technosphere (first-tier),"market for activated carbon, granular","activated carbon, granular",,kilogram,GLO,0.1243951502488131,1.2423049695955828,10.013253854189156
Goldex (Au),Underground mining and beneficiation at Goldex,Technosphere (first-tier),market for lime,lime,,kilogram,RoW,0.09110714689421419,0.9098655464137514,10.013253854189156
Goldex (Au),Underground mining and beneficiation at Goldex,Technosphere (first-tier),market for polyacrylamide,polyacrylamide,,kilogram,GLO,0.044293378613504665,0.44234750520155885,10.013253854189156
Goldex (Au),Underground mining and beneficiation at Goldex,Technosphere (first-tier),"market for natural gas, high pressure","natural gas, high pressure",,cubic meter,CA,0.04054743407316572,0.4049376422850026,10.013253854189156
Goldex (Au),Underground mining and beneficiation at Goldex,Technosphere (first-tier),market for sodium bicarbonate,sodium bicarbonate,,kilogram,RoW,0.03646937748934201,0.36421105487188504,10.013253854189156
Goldex (Au),Underground mining and beneficiation at Goldex,Technosphere (first-tier),"market for hydrochloric acid, without water, in 30% solution state","hydrochloric acid, without water, in 30% solution state",,kilogram,RoW,0.03230084014285895,0.32258085746368587,10.013253854189156
Goldex (Au),Underground mining and beneficiation at Goldex,Technosphere (first-tier),market for light fuel oil,light fuel oil,,kilogram,RoW,0.0020154782703759823,0.020128105206608585,10.013253854189156
Goldex (Au),Underground mining and beneficiation at Goldex,Technosphere (first-tier),"market for sulfidic tailings, from gold mine operation","sulfidic tailings, from gold mine operation",,kilogram,CA,-0.0,-0.0,10.013253854189156
Goldex (Cu),Underground mining and beneficiation at Goldex,Biosphere (direct),Sulfur dioxide,,"('air', 'non-urban air or from high stacks')",kilogram,,7.565739055798925e-05,5.671517005122772,0.0013339886046299793
Goldex (Cu),Underground mining and beneficiation at Goldex,Biosphere (direct),Nitrogen oxides,,"('air', 'low population density, long-term')",kilogram,,1.7137583470830344e-06,0.12846873962303412,0.0013339886046299793
Goldex (Cu),Underground mining and beneficiation at Goldex,Technosphere (first-tier),"market for explosive, tovex","explosive, tovex",,kilogram,GLO,0.0004382968933671202,32.85611974839131,0.0013339886046299793
Goldex (Cu),Underground mining and beneficiation at Goldex,Technosphere (first-tier),"market for steel, low-alloyed","steel, low-alloyed",,kilogram,GLO,0.000326206573647821,24.453475278246767,0.0013339886046299793
Goldex (Cu),Underground mining and beneficiation at Goldex,Technosphere (first-tier),"market for sulfur dioxide, liquid","sulfur dioxide, liquid",,kilogram,RoW,0.00016527766866634844,12.389736171111675,0.0013339886046299793
Goldex (Cu),Underground mining and beneficiation at Goldex,Technosphere (first-tier),market for sodium cyanide,sodium cyanide,,kilogram,RoW,0.0001543926684799711,11.573762170389486,0.0013339886046299793
Goldex (Cu),Underground mining and beneficiation at Goldex,Technosphere (first-tier),"market for cement, unspecified","cement, unspecified",,kilogram,RoW,5.2239376219267205e-05,3.916028670556547,0.0013339886046299793
Goldex (Cu),Underground mining and beneficiation at Goldex,Technosphere (first-tier),"market for electricity, medium voltage","electricity, medium voltage",,kilowatt hour,CA-QC,4.3493060651143096e-05,3.260377225126834,0.0013339886046299793
Goldex (Cu),Underground mining and beneficiation at Goldex,Technosphere (first-tier),market for diesel,diesel,,kilogram,RoW,2.7268581792845156e-05,2.0441390352362787,0.0013339886046299793
Goldex (Cu),Underground mining and beneficiation at Goldex,Technosphere (first-tier),"market for activated carbon, granular","activated carbon, granular",,kilogram,GLO,1.6572206658600717e-05,1.2423049643064608,0.0013339886046299793
Goldex (Cu),Underground mining and beneficiation at Goldex,Technosphere (first-tier),market for lime,lime,,kilogram,RoW,1.2137502654938302e-05,0.9098655425399974,0.0013339886046299793
Goldex (Cu),Underground mining and beneficiation at Goldex,Technosphere (first-tier),market for polyacrylamide,polyacrylamide,,kilogram,GLO,5.900865287130846e-06,0.4423475033182629,0.0013339886046299793
Goldex (Cu),Underground mining and beneficiation at Goldex,Technosphere (first-tier),"market for natural gas, high pressure","natural gas, high pressure",,cubic meter,CA,5.401821980940978e-06,0.40493764056098,0.0013339886046299793
Goldex (Cu),Underground mining and beneficiation at Goldex,Technosphere (first-tier),market for sodium bicarbonate,sodium bicarbonate,,kilogram,RoW,4.858533948108282e-06,0.3642110533212492,0.0013339886046299793
Goldex (Cu),Underground mining and beneficiation at Goldex,Technosphere (first-tier),"market for hydrochloric acid, without water, in 30% solution state","hydrochloric acid, without water, in 30% solution state",,kilogram,RoW,4.303191860962391e-06,0.3225808560902967,0.0013339886046299793
Goldex (Cu),Underground mining and beneficiation at Goldex,Technosphere (first-tier),market for light fuel oil,light fuel oil,,kilogram,RoW,2.6850662864092464e-07,0.020128105120913144,0.0013339886046299793
Goldex (Cu),Underground mining and beneficiation at Goldex,Technosphere (first-tier),"market for sulfidic tailings, from gold mine operation","sulfidic tailings, from gold mine operation",,kilogram,CA,-0.0,-0.0,0.0013339886046299793
Hemlo,Open-pit and underground mining and beneficiation at Hemlo (Williams),Biosphere (direct),"Particulate Matter, < 2.5 um",,"('air', 'urban air close to ground')",kilogram,,7.750508025378715,46.99984775782649,16.49049602312401
Hemlo,Open-pit and underground mining and beneficiation at Hemlo (Williams),Biosphere (direct),Ammonia,,"('air', 'urban air close to ground')",kilogram,,3.187061794749755,19.326658156799265,16.49049602312401
Hemlo,Open-pit and underground mining and beneficiation at Hemlo (Williams),Biosphere (direct),Nitrogen oxides,,"('air', 'low population density, long-term')",kilogram,,1.6875816047783814,10.233661876586057,16.49049602312401
Hemlo,Open-pit and underground mining and beneficiation at Hemlo (Williams),Technosphere (first-tier),"market for steel, low-alloyed","steel, low-alloyed",,kilogram,GLO,1.077466473661224,6.53386333649596,16.49049602312401
Hemlo,Open-pit and underground mining and beneficiation at Hemlo (Williams),Technosphere (first-tier),"market for explosive, tovex","explosive, tovex",,kilogram,GLO,0.7263938787904867,4.404924374451148,16.49049602312401
Hemlo,Open-pit and underground mining and beneficiation at Hemlo (Williams),Technosphere (first-tier),"market for sulfur dioxide, liquid","sulfur dioxide, liquid",,kilogram,RoW,0.5459152611226609,3.3104841743822875,16.49049602312401
Hemlo,Open-pit and underground mining and beneficiation at Hemlo (Williams),Technosphere (first-tier),market for sodium cyanide,sodium cyanide,,kilogram,RoW,0.5099618999274339,3.092459433678243,16.49049602312401
Hemlo,Open-pit and underground mining and beneficiation at Hemlo (Williams),Technosphere (first-tier),"market for electricity, medium voltage","electricity, medium voltage",,kilowatt hour,CA-ON,0.3672526057648815,2.2270561494929977,16.49049602312401
Hemlo,Open-pit and underground mining and beneficiation at Hemlo (Williams),Technosphere (first-tier),market for diesel,diesel,,kilogram,RoW,0.2682535903800552,1.6267163219583762,16.49049602312401
Hemlo,Open-pit and underground mining and beneficiation at Hemlo (Williams),Technosphere (first-tier),"market for cement, unspecified","cement, unspecified",,kilogram,RoW,0.17254764627154168,1.0463460045688409,16.49049602312401
Hemlo,Open-pit and underground mining and beneficiation at Hemlo (Williams),Technosphere (first-tier),"market for activated carbon, granular","activated carbon, granular",,kilogram,GLO,0.05473831158444202,0.3319385390693192,16.49049602312401
Hemlo,Open-pit and underground mining and beneficiation at Hemlo (Williams),Technosphere (first-tier),market for lime,lime,,kilogram,RoW,0.040090400504280185,0.24311215652981516,16.49049602312401
Hemlo,Open-pit and underground mining and beneficiation at Hemlo (Williams),Technosphere (first-tier),"market for natural gas, high pressure","natural gas, high pressure",,cubic meter,CA,0.038677396117381385,0.2345435580782137,16.49049602312401
Hemlo,Open-pit and underground mining and beneficiation at Hemlo (Williams),Technosphere (first-tier),market for polyacrylamide,polyacrylamide,,kilogram,GLO,0.019490669490121966,0.11819334884039222,16.49049602312401
Hemlo,Open-pit and underground mining and beneficiation at Hemlo (Williams),Technosphere (first-tier),market for sodium bicarbonate,sodium bicarbonate,,kilogram,RoW,0.016047829391333413,0.09731562573272592,16.49049602312401
Hemlo,Open-pit and underground mining and beneficiation at Hemlo (Williams),Technosphere (first-tier),market for liquefied petroleum gas,liquefied petroleum gas,,kilogram,RoW,0.014295166848994144,0.08668730660950746,16.49049602312401
Hemlo,Open-pit and underground mining and beneficiation at Hemlo (Williams),Technosphere (first-tier),"market for hydrochloric acid, without water, in 30% solution state","hydrochloric acid, without water, in 30% solution state",,kilogram,RoW,0.0142135239890185,0.08619221622616689,16.49049602312401
Hemlo,Open-pit and underground mining and beneficiation at Hemlo (Williams),Technosphere (first-tier),"market for sulfidic tailings, from gold mine operation","sulfidic tailings, from gold mine operation",,kilogram,CA,-0.0,-0.0,16.49049602312401
Highland Valley (Cu),Open-pit mining and beneficiation at Highland Valley,Biosphere (direct),"Particulate Matter, < 2.5 um",,"('air', 'urban air close to ground')",kilogram,,0.05518862893490297,99.51071084006442,0.05545998864745648
Highland Valley (Cu),Open-pit mining and beneficiation at Highland Valley,Biosphere (direct),Nitrogen oxides,,"('air', 'low population density, long-term')",kilogram,,4.363652617794664e-05,0.07868109468130573,0.05545998864745648
Highland Valley (Cu),Open-pit mining and beneficiation at Highland Valley,Biosphere (direct),Sulfur dioxide,,"('air', 'non-urban air or from high stacks')",kilogram,,3.2736493585196543e-07,0.0005902722734635452,0.05545998864745648
Highland Valley (Cu),Open-pit mining and beneficiation at Highland Valley,Technosphere (first-tier),"market for steel, low-alloyed","steel, low-alloyed",,kilogram,GLO,0.00010282268171687896,0.18539975255042654,0.05545998864745648
Highland Valley (Cu),Open-pit mining and beneficiation at Highland Valley,Technosphere (first-tier),market for diesel,diesel,,kilogram,RoW,4.705224007885701e-05,0.08483997423431665,0.05545998864745648
Highland Valley (Cu),Open-pit mining and beneficiation at Highland Valley,Technosphere (first-tier),"market for electricity, medium voltage","electricity, medium voltage",,kilowatt hour,CA-BC,3.022594510015645e-05,0.05450045309654545,0.05545998864745648
Highland Valley (Cu),Open-pit mining and beneficiation at Highland Valley,Technosphere (first-tier),"market for explosive, tovex","explosive, tovex",,kilogram,GLO,2.6750840020948782e-05,0.04823448520878058,0.05545998864745648
Highland Valley (Cu),Open-pit mining and beneficiation at Highland Valley,Technosphere (first-tier),market for polyacrylamide,polyacrylamide,,kilogram,GLO,1.3969447298863108e-05,0.025188334219941783,0.05545998864745648
Highland Valley (Cu),Open-pit mining and beneficiation at Highland Valley,Technosphere (first-tier),market for lime,lime,,kilogram,RoW,3.356591079233704e-06,0.006052275092536726,0.05545998864745648
Highland Valley (Cu),Open-pit mining and beneficiation at Highland Valley,Technosphere (first-tier),"market for chemical, organic","chemical, organic",,kilogram,GLO,1.4264746700025486e-06,0.0025720789073186544,0.05545998864745648
Highland Valley (Cu),Open-pit mining and beneficiation at Highland Valley,Technosphere (first-tier),market for sodium bicarbonate,sodium bicarbonate,,kilogram,RoW,1.1583429586608705e-06,0.002088610161866657,0.05545998864745648
Highland Valley (Cu),Open-pit mining and beneficiation at Highland Valley,Technosphere (first-tier),market for liquefied petroleum gas,liquefied petroleum gas,,kilogram,RoW,3.3295556887117704e-07,0.0006003527533834919,0.05545998864745648
Highland Valley (Cu),Open-pit mining and beneficiation at Highland Valley,Technosphere (first-tier),"market for natural gas, high pressure","natural gas, high pressure",,cubic meter,CA,3.0028457782860524e-07,0.0005414436337833202,0.05545998864745648
Highland Valley (Cu),Open-pit mining and beneficiation at Highland Valley,Technosphere (first-tier),"market for sulfidic tailings, from copper mine operation","sulfidic tailings, from copper mine operation",,kilogram,CA,-0.0,-0.0,0.05545998864745648
Highland Valley (Mo),Open-pit mining and beneficiation at Highland Valley,Biosphere (direct),"Particulate Matter, < 2.5 um",,"('air', 'urban air close to ground')",kilogram,,0.23387181305167576,99.51071519353172,0.2350217387110867
Highland Valley (Mo),Open-pit mining and beneficiation at Highland Valley,Biosphere (direct),Nitrogen oxides,,"('air', 'low population density, long-term')",kilogram,,0.0001849176848468347,0.07868109812350374,0.2350217387110867
Highland Valley (Mo),Open-pit mining and beneficiation at Highland Valley,Biosphere (direct),Sulfur dioxide,,"('air', 'non-urban air or from high stacks')",kilogram,,1.3872682209147055e-06,0.000590272299287208,0.2350217387110867
Highland Valley (Mo),Open-pit mining and beneficiation at Highland Valley,Technosphere (first-tier),"market for steel, low-alloyed","steel, low-alloyed",,kilogram,GLO,0.0004357297410726873,0.1853997606614305,0.2350217387110867
Highland Valley (Mo),Open-pit mining and beneficiation at Highland Valley,Technosphere (first-tier),market for diesel,diesel,,kilogram,RoW,0.00019939239129069267,0.08483997794595786,0.2350217387110867
Highland Valley (Mo),Open-pit mining and beneficiation at Highland Valley,Technosphere (first-tier),"market for electricity, medium voltage","electricity, medium voltage",,kilowatt hour,CA-BC,0.000128087918076605,0.054500455480871096,0.2350217387110867
Highland Valley (Mo),Open-pit mining and beneficiation at Highland Valley,Technosphere (first-tier),"market for explosive, tovex","explosive, tovex",,kilogram,GLO,0.00011336153075544254,0.04823448731897877,0.2350217387110867
Highland Valley (Mo),Open-pit mining and beneficiation at Highland Valley,Technosphere (first-tier),market for polyacrylamide,polyacrylamide,,kilogram,GLO,5.919806362590664e-05,0.025188335321899343,0.2350217387110867
Highland Valley (Mo),Open-pit mining and beneficiation at Highland Valley,Technosphere (first-tier),market for lime,lime,,kilogram,RoW,1.422416277634691e-05,0.00605227535731609,0.2350217387110867
Highland Valley (Mo),Open-pit mining and beneficiation at Highland Valley,Technosphere (first-tier),"market for chemical, organic","chemical, organic",,kilogram,GLO,6.044944833460461e-06,0.0025720790198440068,0.2350217387110867
Highland Valley (Mo),Open-pit mining and beneficiation at Highland Valley,Technosphere (first-tier),market for sodium bicarbonate,sodium bicarbonate,,kilogram,RoW,4.908688132064703e-06,0.0020886102532408613,0.2350217387110867
Highland Valley (Mo),Open-pit mining and beneficiation at Highland Valley,Technosphere (first-tier),market for liquefied petroleum gas,liquefied petroleum gas,,kilogram,RoW,1.4109595411294944e-06,0.0006003527796481812,0.2350217387110867
Highland Valley (Mo),Open-pit mining and beneficiation at Highland Valley,Technosphere (first-tier),"market for natural gas, high pressure","natural gas, high pressure",,cubic meter,CA,1.2725102979287617e-06,0.0005414436574707945,0.2350217387110867
Highland Valley (Mo),Open-pit mining and beneficiation at Highland Valley,Technosphere (first-tier),"market for sulfidic tailings, from copper mine operation","sulfidic tailings, from copper mine operation",,kilogram,CA,-0.0,-0.0,0.2350217387110867
Island,Underground mining and beneficiation at Island,Biosphere (direct),"Particulate Matter, < 2.5 um",,"('air', 'urban air close to ground')",kilogram,,209.78293254235348,94.51463361175165,221.95815031575148
Island,Underground mining and beneficiation at Island,Biosphere (direct),Nitrogen oxides,,"('air', 'low population density, long-term')",kilogram,,9.14830150569092,4.121633511847527,221.95815031575148
Island,Underground mining and beneficiation at Island,Biosphere (direct),Ammonia,,"('air', 'urban air close to ground')",kilogram,,1.313843234075669,0.5919328631125427,221.95815031575148
Island,Underground mining and beneficiation at Island,Biosphere (direct),Sulfur dioxide,,"('air', 'non-urban air or from high stacks')",kilogram,,0.010623904125399533,0.004786444701528762,221.95815031575148
Island,Underground mining and beneficiation at Island,Technosphere (first-tier),"market for electricity, medium voltage","electricity, medium voltage",,kilowatt hour,CA-ON,0.48316006704493253,0.21768070528502895,221.95815031575148
Island,Underground mining and beneficiation at Island,Technosphere (first-tier),market for diesel,diesel,,kilogram,RoW,0.3848397636082793,0.17338392983578976,221.95815031575148
Island,Underground mining and beneficiation at Island,Technosphere (first-tier),"market for explosive, tovex","explosive, tovex",,kilogram,GLO,0.3119828701913555,0.1405593215421634,221.95815031575148
Island,Underground mining and beneficiation at Island,Technosphere (first-tier),market for sodium cyanide,sodium cyanide,,kilogram,RoW,0.24558465511715513,0.110644576361712,221.95815031575148
Island,Underground mining and beneficiation at Island,Technosphere (first-tier),market for propane,propane,,kilogram,GLO,0.2126629089444533,0.0958121648796969,221.95815031575148
Island,Underground mining and beneficiation at Island,Technosphere (first-tier),"market for cement, unspecified","cement, unspecified",,kilogram,RoW,0.0642254285371573,0.028935827968376925,221.95815031575148
Island,Underground mining and beneficiation at Island,Technosphere (first-tier),"market for sulfidic tailings, from gold mine operation","sulfidic tailings, from gold mine operation",,kilogram,CA,-0.0,-0.0,221.95815031575148
Key Lake + McArthur River,Underground mining and beneficiation at Key Lake + McArthur River,Biosphere (direct),"Particulate Matter, < 2.5 um",,"('air', 'urban air close to ground')",kilogram,,0.013579047170738193,63.92644971918197,0.02124167262594535
Key Lake + McArthur River,Underground mining and beneficiation at Key Lake + McArthur River,Biosphere (direct),Ammonia,,"('air', 'urban air close to ground')",kilogram,,0.003295658171122162,15.515059614922816,0.02124167262594535
Key Lake + McArthur River,Underground mining and beneficiation at Key Lake + McArthur River,Biosphere (direct),Nitrogen oxides,,"('air', 'low population density, long-term')",kilogram,,0.0007554236292966421,3.5563283673524855,0.02124167262594535
Key Lake + McArthur River,Underground mining and beneficiation at Key Lake + McArthur River,Technosphere (first-tier),"market for electricity, medium voltage","electricity, medium voltage",,kilowatt hour,CA-SK,0.0029622003043869184,13.945230945555478,0.02124167262594535
Key Lake + McArthur River,Underground mining and beneficiation at Key Lake + McArthur River,Technosphere (first-tier),market for diesel,diesel,,kilogram,RoW,0.0005466587625200206,2.57352032557131,0.02124167262594535
Key Lake + McArthur River,Underground mining and beneficiation at Key Lake + McArthur River,Technosphere (first-tier),market for liquefied petroleum gas,liquefied petroleum gas,,kilogram,RoW,4.8658285151442864e-05,0.2290699325250398,0.02124167262594535
Key Lake + McArthur River,Underground mining and beneficiation at Key Lake + McArthur River,Technosphere (first-tier),"market for natural gas, high pressure","natural gas, high pressure",,cubic meter,CA,4.3883730985792926e-05,0.20659263401033562,0.02124167262594535
Key Lake + McArthur River,Underground mining and beneficiation at Key Lake + McArthur River,Technosphere (first-tier),"market for cement, unspecified","cement, unspecified",,kilogram,RoW,8.334261982803576e-06,0.03923543183046615,0.02124167262594535
Key Lake + McArthur River,Underground mining and beneficiation at Key Lake + McArthur River,Technosphere (first-tier),"market for ammonia, anhydrous, liquid","ammonia, anhydrous, liquid",,kilogram,RoW,9.324589984001953e-07,0.004389762589887842,0.02124167262594535
Key Lake + McArthur River,Underground mining and beneficiation at Key Lake + McArthur River,Technosphere (first-tier),market for lime,lime,,kilogram,RoW,4.512343099766296e-07,0.0021242880347636826,0.02124167262594535
Key Lake + McArthur River,Underground mining and beneficiation at Key Lake + McArthur River,Technosphere (first-tier),"market for hydrogen peroxide, without water, in 50% solution state","hydrogen peroxide, without water, in 50% solution state",,kilogram,RoW,4.2485299008385895e-07,0.0020000919775259507,0.02124167262594535
Key Lake + McArthur River,Underground mining and beneficiation at Key Lake + McArthur River,Technosphere (first-tier),"market for sulfidic tailings, from copper mine operation","sulfidic tailings, from copper mine operation",,kilogram,CA,-0.0,-0.0,0.02124167262594535
Kidd Creek,Underground mining and beneficiation at Kidd Creek,Biosphere (direct),"Particulate Matter, < 2.5 um",,"('air', 'urban air close to ground')",kilogram,,0.0028695533472833136,94.46442174836254,0.0030377080536493676
Kidd Creek,Underground mining and beneficiation at Kidd Creek,Biosphere (direct),Nitrogen oxides,,"('air', 'low population density, long-term')",kilogram,,0.00012178592716194601,4.009138633834078,0.0030377080536493676
Kidd Creek,Underground mining and beneficiation at Kidd Creek,Technosphere (first-tier),"market for steel, low-alloyed","steel, low-alloyed",,kilogram,GLO,2.6497348758468737e-05,0.8722809529584649,0.0030377080536493676
Kidd Creek,Underground mining and beneficiation at Kidd Creek,Technosphere (first-tier),"market for cement, unspecified","cement, unspecified",,kilogram,RoW,7.846655560734828e-06,0.2583084161530337,0.0030377080536493676
Kidd Creek,Underground mining and beneficiation at Kidd Creek,Technosphere (first-tier),"market for explosive, tovex","explosive, tovex",,kilogram,GLO,6.893676820925769e-06,0.22693677928147216,0.0030377080536493676
Kidd Creek,Underground mining and beneficiation at Kidd Creek,Technosphere (first-tier),market for polyacrylamide,polyacrylamide,,kilogram,GLO,3.5999189173084936e-06,0.11850773193900943,0.0030377080536493676
Kidd Creek,Underground mining and beneficiation at Kidd Creek,Technosphere (first-tier),market for lime,lime,,kilogram,RoW,8.649916825833978e-07,0.0284751420250618,0.0030377080536493676
Kidd Creek,Underground mining and beneficiation at Kidd Creek,Technosphere (first-tier),"market for chemical, organic","chemical, organic",,kilogram,GLO,3.676017411241239e-07,0.012101286056193039,0.0030377080536493676
Kidd Creek,Underground mining and beneficiation at Kidd Creek,Technosphere (first-tier),market for sodium bicarbonate,sodium bicarbonate,,kilogram,RoW,2.985043459775552e-07,0.00982663049594069,0.0030377080536493676
Kidd Creek,Underground mining and beneficiation at Kidd Creek,Technosphere (first-tier),"market for sulfidic tailings, from copper mine operation","sulfidic tailings, from copper mine operation",,kilogram,CA,-0.0,-0.0,0.0030377080536493676
Kidd Creek (Zn),Underground mining and beneficiation at Kidd Creek,Biosphere (direct),"Particulate Matter, < 2.5 um",,"('air', 'urban air close to ground')",kilogram,,0.0010726783579138699,94.46442837971848,0.0011355368113826155
Kidd Creek (Zn),Underground mining and beneficiation at Kidd Creek,Biosphere (direct),Nitrogen oxides,,"('air', 'low population density, long-term')",kilogram,,4.552524820239788e-05,4.00913891527364,0.0011355368113826155
Kidd Creek (Zn),Underground mining and beneficiation at Kidd Creek,Technosphere (first-tier),"market for steel, low-alloyed","steel, low-alloyed",,kilogram,GLO,9.905072014853347e-06,0.8722810141921383,0.0011355368113826155
Kidd Creek (Zn),Underground mining and beneficiation at Kidd Creek,Technosphere (first-tier),"market for cement, unspecified","cement, unspecified",,kilogram,RoW,2.9331873582253813e-06,0.2583084342861566,0.0011355368113826155
Kidd Creek (Zn),Underground mining and beneficiation at Kidd Creek,Technosphere (first-tier),"market for explosive, tovex","explosive, tovex",,kilogram,GLO,2.5769508482078425e-06,0.22693679521231716,0.0011355368113826155
Kidd Creek (Zn),Underground mining and beneficiation at Kidd Creek,Technosphere (first-tier),market for polyacrylamide,polyacrylamide,,kilogram,GLO,1.3456990149694117e-06,0.11850774025818726,0.0011355368113826155
Kidd Creek (Zn),Underground mining and beneficiation at Kidd Creek,Technosphere (first-tier),market for lime,lime,,kilogram,RoW,3.2334574248676454e-07,0.028475144024002426,0.0011355368113826155
Kidd Creek (Zn),Underground mining and beneficiation at Kidd Creek,Technosphere (first-tier),"market for chemical, organic","chemical, organic",,kilogram,GLO,1.3741456746524082e-07,0.01210128690569939,0.0011355368113826155
Kidd Creek (Zn),Underground mining and beneficiation at Kidd Creek,Technosphere (first-tier),market for sodium bicarbonate,sodium bicarbonate,,kilogram,RoW,1.1158501443317266e-07,0.009826631185765624,0.0011355368113826155
Kidd Creek (Zn),Underground mining and beneficiation at Kidd Creek,Technosphere (first-tier),"market for sulfidic tailings, from copper mine operation","sulfidic tailings, from copper mine operation",,kilogram,CA,-0.0,-0.0,0.0011355368113826155
Kiena,Open-pit mining and beneficiation at Kiena,Biosphere (direct),Sulfur dioxide,,"('air', 'non-urban air or from high stacks')",kilogram,,0.06271920698867593,2.095265581592929,2.993377428602323
Kiena,Open-pit mining and beneficiation at Kiena,Biosphere (direct),Nitrogen oxides,,"('air', 'low population density, long-term')",kilogram,,0.01740343085328694,0.5813978112814527,2.993377428602323
Kiena,Open-pit mining and beneficiation at Kiena,Technosphere (first-tier),"market for explosive, tovex","explosive, tovex",,kilogram,GLO,2.219026517520997,74.13119696559988,2.993377428602323
Kiena,Open-pit mining and beneficiation at Kiena,Technosphere (first-tier),market for diesel,diesel,,kilogram,RoW,0.478819735155558,15.995969321487467,2.993377428602323
Kiena,Open-pit mining and beneficiation at Kiena,Technosphere (first-tier),"market for electricity, medium voltage","electricity, medium voltage",,kilowatt hour,CA-QC,0.21530804076203802,7.192812997944276,2.993377428602323
Kiena,Open-pit mining and beneficiation at Kiena,Technosphere (first-tier),"market for natural gas, high pressure","natural gas, high pressure",,cubic meter,CA,0.00010050707465590198,0.0033576479095331134,2.993377428602323
Kiena,Open-pit mining and beneficiation at Kiena,Technosphere (first-tier),"market for sulfidic tailings, from gold mine operation","sulfidic tailings, from gold mine operation",,kilogram,CA,-0.0,-0.0,2.993377428602323
LaRonde (Cu),Underground mining and beneficiation at LaRonde,Biosphere (direct),"Particulate Matter, < 2.5 um",,"('air', 'urban air close to ground')",kilogram,,0.0010217211479140098,65.30713686464202,0.0015644862062038742
LaRonde (Cu),Underground mining and beneficiation at LaRonde,Biosphere (direct),Ammonia,,"('air', 'urban air close to ground')",kilogram,,0.00013564723446619068,8.670401434559787,0.0015644862062038742
LaRonde (Cu),Underground mining and beneficiation at LaRonde,Biosphere (direct),Nitrogen oxides,,"('air', 'low population density, long-term')",kilogram,,4.387869007564537e-05,2.80467094574865,0.0015644862062038742
LaRonde (Cu),Underground mining and beneficiation at LaRonde,Biosphere (direct),Sulfur dioxide,,"('air', 'non-urban air or from high stacks')",kilogram,,3.6643687706046916e-05,2.3422186504897655,0.0015644862062038742
LaRonde (Cu),Underground mining and beneficiation at LaRonde,Technosphere (first-tier),"market for explosive, tovex","explosive, tovex",,kilogram,GLO,9.553749641844168e-05,6.106637184757116,0.0015644862062038742
LaRonde (Cu),Underground mining and beneficiation at LaRonde,Technosphere (first-tier),"market for steel, low-alloyed","steel, low-alloyed",,kilogram,GLO,6.505375467783043e-05,4.158154569843042,0.0015644862062038742
LaRonde (Cu),Underground mining and beneficiation at LaRonde,Technosphere (first-tier),"market for electricity, medium voltage","electricity, medium voltage",,kilowatt hour,CA-QC,4.373446301490013e-05,2.7954521325578834,0.0015644862062038742
LaRonde (Cu),Underground mining and beneficiation at LaRonde,Technosphere (first-tier),"market for sulfur dioxide, liquid","sulfur dioxide, liquid",,kilogram,RoW,3.296050349602193e-05,2.1067941261047283,0.0015644862062038742
LaRonde (Cu),Underground mining and beneficiation at LaRonde,Technosphere (first-tier),market for diesel,diesel,,kilogram,RoW,3.1591684960333376e-05,2.019300958682696,0.0015644862062038742
LaRonde (Cu),Underground mining and beneficiation at LaRonde,Technosphere (first-tier),market for sodium cyanide,sodium cyanide,,kilogram,RoW,3.0789762042610105e-05,1.9680430495657417,0.0015644862062038742
LaRonde (Cu),Underground mining and beneficiation at LaRonde,Technosphere (first-tier),"market for cement, unspecified","cement, unspecified",,kilogram,RoW,1.041783900026507e-05,0.6658952286670069,0.0015644862062038742
LaRonde (Cu),Underground mining and beneficiation at LaRonde,Technosphere (first-tier),"market for natural gas, high pressure","natural gas, high pressure",,cubic meter,CA,7.144041722751828e-06,0.4566382045698178,0.0015644862062038742
LaRonde (Cu),Underground mining and beneficiation at LaRonde,Technosphere (first-tier),"market for activated carbon, granular","activated carbon, granular",,kilogram,GLO,3.3049127563039544e-06,0.21124588655358706,0.0015644862062038742
LaRonde (Cu),Underground mining and beneficiation at LaRonde,Technosphere (first-tier),market for lime,lime,,kilogram,RoW,2.4205217917169574e-06,0.1547167231081058,0.0015644862062038742
LaRonde (Cu),Underground mining and beneficiation at LaRonde,Technosphere (first-tier),market for polyacrylamide,polyacrylamide,,kilogram,GLO,1.1767802177717843e-06,0.07521831851922596,0.0015644862062038742
LaRonde (Cu),Underground mining and beneficiation at LaRonde,Technosphere (first-tier),market for sodium bicarbonate,sodium bicarbonate,,kilogram,RoW,9.689132625983015e-07,0.06193172293601154,0.0015644862062038742
LaRonde (Cu),Underground mining and beneficiation at LaRonde,Technosphere (first-tier),"market for hydrochloric acid, without water, in 30% solution state","hydrochloric acid, without water, in 30% solution state",,kilogram,RoW,8.581641520102999e-07,0.05485277841423609,0.0015644862062038742
LaRonde (Cu),Underground mining and beneficiation at LaRonde,Technosphere (first-tier),market for light fuel oil,light fuel oil,,kilogram,RoW,6.366055963765621e-07,0.04069103286766873,0.0015644862062038742
LaRonde (Cu),Underground mining and beneficiation at LaRonde,Technosphere (first-tier),"market for sulfidic tailings, from gold mine operation","sulfidic tailings, from gold mine operation",,kilogram,CA,-0.0,-0.0,0.0015644862062038742
LaRonde (Doré),Underground mining and beneficiation at LaRonde,Biosphere (direct),"Particulate Matter, < 2.5 um",,"('air', 'urban air close to ground')",kilogram,,7.669295847284468,65.30713686733442,11.743426852204461
LaRonde (Doré),Underground mining and beneficiation at LaRonde,Biosphere (direct),Ammonia,,"('air', 'urban air close to ground')",kilogram,,1.018202250301993,8.670401434917247,11.743426852204461
LaRonde (Doré),Underground mining and beneficiation at LaRonde,Biosphere (direct),Nitrogen oxides,,"('air', 'low population density, long-term')",kilogram,,0.32936448097261445,2.80467094586438,11.743426852204461
LaRonde (Doré),Underground mining and beneficiation at LaRonde,Biosphere (direct),Sulfur dioxide,,"('air', 'non-urban air or from high stacks')",kilogram,,0.27505673395030367,2.342218650586395,11.743426852204461
LaRonde (Doré),Underground mining and beneficiation at LaRonde,Technosphere (first-tier),"market for explosive, tovex","explosive, tovex",,kilogram,GLO,0.7171284709510672,6.10663718500915,11.743426852204461
LaRonde (Doré),Underground mining and beneficiation at LaRonde,Technosphere (first-tier),"market for steel, low-alloyed","steel, low-alloyed",,kilogram,GLO,0.48830984033127084,4.15815457001468,11.743426852204461
LaRonde (Doré),Underground mining and beneficiation at LaRonde,Technosphere (first-tier),"market for electricity, medium voltage","electricity, medium voltage",,kilowatt hour,CA-QC,0.32828187638887374,2.7954521326732586,11.743426852204461
LaRonde (Doré),Underground mining and beneficiation at LaRonde,Technosphere (first-tier),"market for sulfur dioxide, liquid","sulfur dioxide, liquid",,kilogram,RoW,0.24740982713586235,2.106794126191699,11.743426852204461
LaRonde (Doré),Underground mining and beneficiation at LaRonde,Technosphere (first-tier),market for diesel,diesel,,kilogram,RoW,0.23713513101855302,2.0193009587660375,11.743426852204461
LaRonde (Doré),Underground mining and beneficiation at LaRonde,Technosphere (first-tier),market for sodium cyanide,sodium cyanide,,kilogram,RoW,0.23111569595518874,1.9680430496469947,11.743426852204461
LaRonde (Doré),Underground mining and beneficiation at LaRonde,Technosphere (first-tier),"market for cement, unspecified","cement, unspecified",,kilogram,RoW,0.07819891909405716,0.665895228694491,11.743426852204461
LaRonde (Doré),Underground mining and beneficiation at LaRonde,Technosphere (first-tier),"market for natural gas, high pressure","natural gas, high pressure",,cubic meter,CA,0.05362497353508957,0.4566382045886645,11.743426852204461
LaRonde (Doré),Underground mining and beneficiation at LaRonde,Technosphere (first-tier),"market for activated carbon, granular","activated carbon, granular",,kilogram,GLO,0.024807506166736125,0.21124588656231372,11.743426852204461
LaRonde (Doré),Underground mining and beneficiation at LaRonde,Technosphere (first-tier),market for lime,lime,,kilogram,RoW,0.018169045207078054,0.15471672311449178,11.743426852204461
LaRonde (Doré),Underground mining and beneficiation at LaRonde,Technosphere (first-tier),market for polyacrylamide,polyacrylamide,,kilogram,GLO,0.008833208215129588,0.07521831852234366,11.743426852204461
LaRonde (Doré),Underground mining and beneficiation at LaRonde,Technosphere (first-tier),market for sodium bicarbonate,sodium bicarbonate,,kilogram,RoW,0.007272906581601333,0.06193172293857369,11.743426852204461
LaRonde (Doré),Underground mining and beneficiation at LaRonde,Technosphere (first-tier),"market for hydrochloric acid, without water, in 30% solution state","hydrochloric acid, without water, in 30% solution state",,kilogram,RoW,0.00644159590974389,0.054852778416503545,11.743426852204461
LaRonde (Doré),Underground mining and beneficiation at LaRonde,Technosphere (first-tier),market for light fuel oil,light fuel oil,,kilogram,RoW,0.004778521680418375,0.04069103286934816,11.743426852204461
LaRonde (Doré),Underground mining and beneficiation at LaRonde,Technosphere (first-tier),"market for sulfidic tailings, from gold mine operation","sulfidic tailings, from gold mine operation",,kilogram,CA,-0.0,-0.0,11.743426852204461
LaRonde (Zn),Underground mining and beneficiation at LaRonde,Biosphere (direct),"Particulate Matter, < 2.5 um",,"('air', 'urban air close to ground')",kilogram,,0.0003819333640295859,65.30713580690849,0.0005848263888939121
LaRonde (Zn),Underground mining and beneficiation at LaRonde,Biosphere (direct),Ammonia,,"('air', 'urban air close to ground')",kilogram,,5.0706794791079825e-05,8.670401294131423,0.0005848263888939121
LaRonde (Zn),Underground mining and beneficiation at LaRonde,Biosphere (direct),Nitrogen oxides,,"('air', 'low population density, long-term')",kilogram,,1.6402455546719575e-05,2.8046709003233765,0.0005848263888939121
LaRonde (Zn),Underground mining and beneficiation at LaRonde,Biosphere (direct),Sulfur dioxide,,"('air', 'non-urban air or from high stacks')",kilogram,,1.36979125318036e-05,2.342218612554505,0.0005848263888939121
LaRonde (Zn),Underground mining and beneficiation at LaRonde,Technosphere (first-tier),"market for explosive, tovex","explosive, tovex",,kilogram,GLO,3.5713225152046016e-05,6.106637085852229,0.0005848263888939121
LaRonde (Zn),Underground mining and beneficiation at LaRonde,Technosphere (first-tier),"market for steel, low-alloyed","steel, low-alloyed",,kilogram,GLO,2.4317984821579085e-05,4.1581545024963615,0.0005848263888939121
LaRonde (Zn),Underground mining and beneficiation at LaRonde,Technosphere (first-tier),"market for electricity, medium voltage","electricity, medium voltage",,kilowatt hour,CA-QC,1.6348541495310346e-05,2.7954520872819204,0.0005848263888939121
LaRonde (Zn),Underground mining and beneficiation at LaRonde,Technosphere (first-tier),"market for sulfur dioxide, liquid","sulfur dioxide, liquid",,kilogram,RoW,1.2321087809571252e-05,2.106794091982451,0.0005848263888939121
LaRonde (Zn),Underground mining and beneficiation at LaRonde,Technosphere (first-tier),market for diesel,diesel,,kilogram,RoW,1.1809404686295574e-05,2.0193009259775057,0.0005848263888939121
LaRonde (Zn),Underground mining and beneficiation at LaRonde,Technosphere (first-tier),market for sodium cyanide,sodium cyanide,,kilogram,RoW,1.150963491223946e-05,1.968043017690728,0.0005848263888939121
LaRonde (Zn),Underground mining and beneficiation at LaRonde,Technosphere (first-tier),"market for cement, unspecified","cement, unspecified",,kilogram,RoW,3.894330956556385e-06,0.665895217881972,0.0005848263888939121
LaRonde (Zn),Underground mining and beneficiation at LaRonde,Technosphere (first-tier),"market for natural gas, high pressure","natural gas, high pressure",,cubic meter,CA,2.6705406788427995e-06,0.4566381971739715,0.0005848263888939121
LaRonde (Zn),Underground mining and beneficiation at LaRonde,Technosphere (first-tier),"market for activated carbon, granular","activated carbon, granular",,kilogram,GLO,1.2354216700090367e-06,0.21124588313218934,0.0005848263888939121
LaRonde (Zn),Underground mining and beneficiation at LaRonde,Technosphere (first-tier),market for lime,lime,,kilogram,RoW,9.048242101133268e-07,0.15471672060226793,0.0005848263888939121
LaRonde (Zn),Underground mining and beneficiation at LaRonde,Technosphere (first-tier),market for polyacrylamide,polyacrylamide,,kilogram,GLO,4.3989656885806455e-07,0.07521831730097632,0.0005848263888939121
LaRonde (Zn),Underground mining and beneficiation at LaRonde,Technosphere (first-tier),market for sodium bicarbonate,sodium bicarbonate,,kilogram,RoW,3.621930529601283e-07,0.06193172193292228,0.0005848263888939121
LaRonde (Zn),Underground mining and beneficiation at LaRonde,Technosphere (first-tier),"market for hydrochloric acid, without water, in 30% solution state","hydrochloric acid, without water, in 30% solution state",,kilogram,RoW,3.207935180122543e-07,0.054852777525818255,0.0005848263888939121
LaRonde (Zn),Underground mining and beneficiation at LaRonde,Technosphere (first-tier),market for light fuel oil,light fuel oil,,kilogram,RoW,2.3797189426935907e-07,0.04069103220862479,0.0005848263888939121
LaRonde (Zn),Underground mining and beneficiation at LaRonde,Technosphere (first-tier),"market for sulfidic tailings, from gold mine operation","sulfidic tailings, from gold mine operation",,kilogram,CA,-0.0,-0.0,0.0005848263888939121
Macassa,Underground mining and beneficiation at Macassa,Biosphere (direct),"Particulate Matter, < 2.5 um",,"('air', 'urban air close to ground')",kilogram,,47.120142815191194,70.54315606698725,66.79619319902028
Macassa,Underground mining and beneficiation at Macassa,Biosphere (direct),Nitrogen oxides,,"('air', 'low population density, long-term')",kilogram,,1.777533408209861,2.6611298085710855,66.79619319902028
Macassa,Underground mining and beneficiation at Macassa,Biosphere (direct),Ammonia,,"('air', 'urban air close to ground')",kilogram,,1.5068869481665657,2.2559473466950024,66.79619319902028
Macassa,Underground mining and beneficiation at Macassa,Biosphere (direct),Sulfur dioxide,,"('air', 'non-urban air or from high stacks')",kilogram,,0.11106164379657282,0.16626942117144752,66.79619319902028
Macassa,Underground mining and beneficiation at Macassa,Technosphere (first-tier),"market for explosive, tovex","explosive, tovex",,kilogram,GLO,15.22975684247999,22.80033653580032,66.79619319902028
Macassa,Underground mining and beneficiation at Macassa,Technosphere (first-tier),market for diesel,diesel,,kilogram,RoW,0.25536287918237177,0.38230154587030757,66.79619319902028
Macassa,Underground mining and beneficiation at Macassa,Technosphere (first-tier),"market for electricity, medium voltage","electricity, medium voltage",,kilowatt hour,CA-ON,0.23306971750742678,0.3489266473809248,66.79619319902028
Macassa,Underground mining and beneficiation at Macassa,Technosphere (first-tier),"market for steel, low-alloyed","steel, low-alloyed",,kilogram,GLO,0.23194724011009235,0.3472461962300786,66.79619319902028
Macassa,Underground mining and beneficiation at Macassa,Technosphere (first-tier),"market for sulfur dioxide, liquid","sulfur dioxide, liquid",,kilogram,RoW,0.1175197013055224,0.175937722910901,66.79619319902028
Macassa,Underground mining and beneficiation at Macassa,Technosphere (first-tier),market for sodium cyanide,sodium cyanide,,kilogram,RoW,0.10977998679396334,0.16435066361771872,66.79619319902028
Macassa,Underground mining and beneficiation at Macassa,Technosphere (first-tier),"market for cement, unspecified","cement, unspecified",,kilogram,RoW,0.037144497131481255,0.055608703658917596,66.79619319902028
Macassa,Underground mining and beneficiation at Macassa,Technosphere (first-tier),market for liquefied petroleum gas,liquefied petroleum gas,,kilogram,RoW,0.018330086427373892,0.027441812997874175,66.79619319902028
Macassa,Underground mining and beneficiation at Macassa,Technosphere (first-tier),"market for natural gas, high pressure","natural gas, high pressure",,cubic meter,CA,0.016531461789531587,0.024749107692822916,66.79619319902028
Macassa,Underground mining and beneficiation at Macassa,Technosphere (first-tier),"market for activated carbon, granular","activated carbon, granular",,kilogram,GLO,0.011783568779783319,0.01764107835408224,66.79619319902028
Macassa,Underground mining and beneficiation at Macassa,Technosphere (first-tier),market for lime,lime,,kilogram,RoW,0.008630298927333286,0.012920345477801675,66.79619319902028
Macassa,Underground mining and beneficiation at Macassa,Technosphere (first-tier),market for polyacrylamide,polyacrylamide,,kilogram,GLO,0.004195775095228808,0.006281458409953741,66.79619319902028
Macassa,Underground mining and beneficiation at Macassa,Technosphere (first-tier),market for sodium bicarbonate,sodium bicarbonate,,kilogram,RoW,0.0034546316085634,0.005171898940812798,66.79619319902028
Macassa,Underground mining and beneficiation at Macassa,Technosphere (first-tier),"market for hydrochloric acid, without water, in 30% solution state","hydrochloric acid, without water, in 30% solution state",,kilogram,RoW,0.003059758927151551,0.004580738483157195,66.79619319902028
Macassa,Underground mining and beneficiation at Macassa,Technosphere (first-tier),"market for sulfidic tailings, from gold mine operation","sulfidic tailings, from gold mine operation",,kilogram,CA,-0.0,-0.0,66.79619319902028
Meadowbank complex,Open-pit and underground mining at Meadowbank complex,Biosphere (direct),"Particulate Matter, < 2.5 um",,"('air', 'urban air close to ground')",kilogram,,63.650060906599094,67.87693993830467,93.77273189459113
Meadowbank complex,Open-pit and underground mining at Meadowbank complex,Biosphere (direct),Nitrogen oxides,,"('air', 'low population density, long-term')",kilogram,,19.736533972441833,21.047199514915967,93.77273189459113
Meadowbank complex,Open-pit and underground mining at Meadowbank complex,Biosphere (direct),Sulfur dioxide,,"('air', 'non-urban air or from high stacks')",kilogram,,3.3588718306501035,3.5819280965662523,93.77273189459113
Meadowbank complex,Open-pit and underground mining at Meadowbank complex,Technosphere (first-tier),"market for explosive, tovex","explosive, tovex",,kilogram,GLO,3.4313749694983584,3.6592460304510785,93.77273189459113
Meadowbank complex,Open-pit and underground mining at Meadowbank complex,Technosphere (first-tier),market for diesel,diesel,,kilogram,RoW,1.6822717140533565,1.7939881669912092,93.77273189459113
Meadowbank complex,Open-pit and underground mining at Meadowbank complex,Technosphere (first-tier),"market for steel, low-alloyed","steel, low-alloyed",,kilogram,GLO,0.828630623557083,0.8836584013447932,93.77273189459113
Meadowbank complex,Open-pit and underground mining at Meadowbank complex,Technosphere (first-tier),"market for sulfur dioxide, liquid","sulfur dioxide, liquid",,kilogram,RoW,0.4198386811018581,0.447719366407917,93.77273189459113
Meadowbank complex,Open-pit and underground mining at Meadowbank complex,Technosphere (first-tier),market for sodium cyanide,sodium cyanide,,kilogram,RoW,0.3921885807651482,0.41823307569411855,93.77273189459113
Meadowbank complex,Open-pit and underground mining at Meadowbank complex,Technosphere (first-tier),"market for cement, unspecified","cement, unspecified",,kilogram,RoW,0.13269857319778625,0.14151083211156865,93.77273189459113
Meadowbank complex,Open-pit and underground mining at Meadowbank complex,Technosphere (first-tier),"market for activated carbon, granular","activated carbon, granular",,kilogram,GLO,0.04209675416308078,0.044892319240950836,93.77273189459113
Meadowbank complex,Open-pit and underground mining at Meadowbank complex,Technosphere (first-tier),market for lime,lime,,kilogram,RoW,0.030831709738153693,0.032879184721643036,93.77273189459113
Meadowbank complex,Open-pit and underground mining at Meadowbank complex,Technosphere (first-tier),market for light fuel oil,light fuel oil,,kilogram,RoW,0.01946255469384728,0.0207550257954785,93.77273189459113
Meadowbank complex,Open-pit and underground mining at Meadowbank complex,Technosphere (first-tier),market for polyacrylamide,polyacrylamide,,kilogram,GLO,0.014989390396775189,0.015984807197069392,93.77273189459113
Meadowbank complex,Open-pit and underground mining at Meadowbank complex,Technosphere (first-tier),market for sodium bicarbonate,sodium bicarbonate,,kilogram,RoW,0.012341658140037261,0.013161244095896002,93.77273189459113
Meadowbank complex,Open-pit and underground mining at Meadowbank complex,Technosphere (first-tier),"market for hydrochloric acid, without water, in 30% solution state","hydrochloric acid, without water, in 30% solution state",,kilogram,RoW,0.010930977003807092,0.01165688231851289,93.77273189459113
Meadowbank complex,Open-pit and underground mining at Meadowbank complex,Technosphere (first-tier),market for lubricating oil,lubricating oil,,kilogram,RoW,0.009445607277088123,0.010072872023933166,93.77273189459113
Meadowbank complex,Open-pit and underground mining at Meadowbank complex,Technosphere (first-tier),market for propane,propane,,kilogram,GLO,0.0001638180418465232,0.0001746968852636918,93.77273189459113
Meadowbank complex,Open-pit and underground mining at Meadowbank complex,Technosphere (first-tier),"market for sulfidic tailings, from gold mine operation","sulfidic tailings, from gold mine operation",,kilogram,CA,-0.0,-0.0,93.77273189459113
Meliadine,Open-pit and underground mining and beneficiation at Meliadine,Biosphere (direct),"Particulate Matter, < 2.5 um",,"('air', 'urban air close to ground')",kilogram,,52.40905317460589,74.09095949033672,70.73609727168038
Meliadine,Open-pit and underground mining and beneficiation at Meliadine,Biosphere (direct),Nitrogen oxides,,"('air', 'low population density, long-term')",kilogram,,13.74021488775833,19.424615461870143,70.73609727168038
Meliadine,Open-pit and underground mining and beneficiation at Meliadine,Biosphere (direct),Sulfur dioxide,,"('air', 'non-urban air or from high stacks')",kilogram,,1.2870018991620893,1.819441485750937,70.73609727168038
Meliadine,Open-pit and underground mining and beneficiation at Meliadine,Technosphere (first-tier),"market for explosive, tovex","explosive, tovex",,kilogram,GLO,1.9610206554785803,2.7723054156448166,70.73609727168038
Meliadine,Open-pit and underground mining and beneficiation at Meliadine,Technosphere (first-tier),"market for steel, low-alloyed","steel, low-alloyed",,kilogram,GLO,0.5886705468661533,0.8322067085567514,70.73609727168038
Meliadine,Open-pit and underground mining and beneficiation at Meliadine,Technosphere (first-tier),"market for sulfur dioxide, liquid","sulfur dioxide, liquid",,kilogram,RoW,0.2982591506681985,0.4216505605655012,70.73609727168038
Meliadine,Open-pit and underground mining and beneficiation at Meliadine,Technosphere (first-tier),market for sodium cyanide,sodium cyanide,,kilogram,RoW,0.2786161405942488,0.39388113189811846,70.73609727168038
Meliadine,Open-pit and underground mining and beneficiation at Meliadine,Technosphere (first-tier),"market for cement, unspecified","cement, unspecified",,kilogram,RoW,0.0942708843143761,0.133271254635811,70.73609727168038
Meliadine,Open-pit and underground mining and beneficiation at Meliadine,Technosphere (first-tier),"market for activated carbon, granular","activated carbon, granular",,kilogram,GLO,0.029906110865287907,0.042278429286854366,70.73609727168038
Meliadine,Open-pit and underground mining and beneficiation at Meliadine,Technosphere (first-tier),market for lime,lime,,kilogram,RoW,0.021903268979446704,0.03096476880159433,70.73609727168038
Meliadine,Open-pit and underground mining and beneficiation at Meliadine,Technosphere (first-tier),market for polyacrylamide,polyacrylamide,,kilogram,GLO,0.010648668286216263,0.0150540794543941,70.73609727168038
Meliadine,Open-pit and underground mining and beneficiation at Meliadine,Technosphere (first-tier),market for sodium bicarbonate,sodium bicarbonate,,kilogram,RoW,0.008767683018210782,0.012394920495169834,70.73609727168038
Meliadine,Open-pit and underground mining and beneficiation at Meliadine,Technosphere (first-tier),"market for hydrochloric acid, without water, in 30% solution state","hydrochloric acid, without water, in 30% solution state",,kilogram,RoW,0.007765515813294327,0.010978151343957871,70.73609727168038
Meliadine,Open-pit and underground mining and beneficiation at Meliadine,Technosphere (first-tier),"market for sulfidic tailings, from gold mine operation","sulfidic tailings, from gold mine operation",,kilogram,CA,-0.0,-0.0,70.73609727168038
Mount Milligan,Open-pit mining and beneficiation at Mount Milligan,Biosphere (direct),"Particulate Matter, < 2.5 um",,"('air', 'urban air close to ground')",kilogram,,0.00042969619624447464,35.5168072592547,0.0012098390294710618
Mount Milligan,Open-pit mining and beneficiation at Mount Milligan,Biosphere (direct),Nitrogen oxides,,"('air', 'low population density, long-term')",kilogram,,5.65259217355336e-05,4.672185336940781,0.0012098390294710618
Mount Milligan,Open-pit mining and beneficiation at Mount Milligan,Technosphere (first-tier),"market for steel, low-alloyed","steel, low-alloyed",,kilogram,GLO,0.00047755362958063386,39.47249327783871,0.0012098390294710618
Mount Milligan,Open-pit mining and beneficiation at Mount Milligan,Technosphere (first-tier),market for diesel,diesel,,kilogram,RoW,7.488750661650644e-05,6.1898735941133465,0.0012098390294710618
Mount Milligan,Open-pit mining and beneficiation at Mount Milligan,Technosphere (first-tier),market for polyacrylamide,polyacrylamide,,kilogram,GLO,6.488023993749148e-05,5.362716721567243,0.0012098390294710618
Mount Milligan,Open-pit mining and beneficiation at Mount Milligan,Technosphere (first-tier),"market for electricity, medium voltage","electricity, medium voltage",,kilowatt hour,CA-BC,3.86996925965108e-05,3.198747242716264,0.0012098390294710618
Mount Milligan,Open-pit mining and beneficiation at Mount Milligan,Technosphere (first-tier),"market for explosive, tovex","explosive, tovex",,kilogram,GLO,3.70072918917851e-05,3.0588608062978913,0.0012098390294710618
Mount Milligan,Open-pit mining and beneficiation at Mount Milligan,Technosphere (first-tier),market for lime,lime,,kilogram,RoW,1.5589481096396058e-05,1.2885582888834175,0.0012098390294710618
Mount Milligan,Open-pit mining and beneficiation at Mount Milligan,Technosphere (first-tier),"market for chemical, organic","chemical, organic",,kilogram,GLO,6.625173986809037e-06,0.5476078904236992,0.0012098390294710618
Mount Milligan,Open-pit mining and beneficiation at Mount Milligan,Technosphere (first-tier),market for sodium bicarbonate,sodium bicarbonate,,kilogram,RoW,5.379852722873477e-06,0.4446750841907897,0.0012098390294710618
Mount Milligan,Open-pit mining and beneficiation at Mount Milligan,Technosphere (first-tier),market for propane,propane,,kilogram,GLO,2.9940128267916922e-06,0.2474719986592486,0.0012098390294710618
Mount Milligan,Open-pit mining and beneficiation at Mount Milligan,Technosphere (first-tier),"market for sulfidic tailings, from copper mine operation","sulfidic tailings, from copper mine operation",,kilogram,CA,-0.0,-0.0,0.0012098390294710618
Mount Polley,Open-pit mining and beneficiation at Mount Polley,Biosphere (direct),"Particulate Matter, < 2.5 um",,"('air', 'urban air close to ground')",kilogram,,0.02852535844810014,90.18717117209714,0.03162906439727157
Mount Polley,Open-pit mining and beneficiation at Mount Polley,Biosphere (direct),Nitrogen oxides,,"('air', 'low population density, long-term')",kilogram,,0.00204036812532181,6.450927854501505,0.03162906439727157
Mount Polley,Open-pit mining and beneficiation at Mount Polley,Biosphere (direct),Sulfur dioxide,,"('air', 'non-urban air or from high stacks')",kilogram,,0.0005101962030381612,1.6130613180014661,0.03162906439727157
Mount Polley,Open-pit mining and beneficiation at Mount Polley,Technosphere (first-tier),"market for steel, low-alloyed","steel, low-alloyed",,kilogram,GLO,0.00026888089862832435,0.8501070257756944,0.03162906439727157
Mount Polley,Open-pit mining and beneficiation at Mount Polley,Technosphere (first-tier),market for diesel,diesel,,kilogram,RoW,9.861991140834506e-05,0.31180154483751454,0.03162906439727157
Mount Polley,Open-pit mining and beneficiation at Mount Polley,Technosphere (first-tier),"market for explosive, tovex","explosive, tovex",,kilogram,GLO,6.995333893061244e-05,0.22116790446905177,0.03162906439727157
Mount Polley,Open-pit mining and beneficiation at Mount Polley,Technosphere (first-tier),"market for electricity, medium voltage","electricity, medium voltage",,kilowatt hour,CA-BC,6.335256351270709e-05,0.2002985694327781,0.03162906439727157
Mount Polley,Open-pit mining and beneficiation at Mount Polley,Technosphere (first-tier),market for polyacrylamide,polyacrylamide,,kilogram,GLO,3.653004843232685e-05,0.11549519130094174,0.03162906439727157
Mount Polley,Open-pit mining and beneficiation at Mount Polley,Technosphere (first-tier),market for lime,lime,,kilogram,RoW,8.777472155387502e-06,0.02775128611184805,0.03162906439727157
Mount Polley,Open-pit mining and beneficiation at Mount Polley,Technosphere (first-tier),"market for chemical, organic","chemical, organic",,kilogram,GLO,3.730225517721479e-06,0.011793663798804182,0.03162906439727157
Mount Polley,Open-pit mining and beneficiation at Mount Polley,Technosphere (first-tier),market for sodium bicarbonate,sodium bicarbonate,,kilogram,RoW,3.0290621723146087e-06,0.009576831405028553,0.03162906439727157
Mount Polley,Open-pit mining and beneficiation at Mount Polley,Technosphere (first-tier),market for liquefied petroleum gas,liquefied petroleum gas,,kilogram,RoW,1.409162406266415e-07,0.00044552769205148353,0.03162906439727157
Mount Polley,Open-pit mining and beneficiation at Mount Polley,Technosphere (first-tier),"market for natural gas, high pressure","natural gas, high pressure",,cubic meter,CA,1.2708895054444203e-07,0.00040181065411282023,0.03162906439727157
Mount Polley,Open-pit mining and beneficiation at Mount Polley,Technosphere (first-tier),"market for sulfidic tailings, from copper mine operation","sulfidic tailings, from copper mine operation",,kilogram,CA,-0.0,-0.0,0.03162906439727157
Musselwhite,Underground mining and beneficiation at Musselwhite,Biosphere (direct),"Particulate Matter, < 2.5 um",,"('air', 'urban air close to ground')",kilogram,,91.03927800842202,92.0635159169223,98.88746600833217
Musselwhite,Underground mining and beneficiation at Musselwhite,Biosphere (direct),Nitrogen oxides,,"('air', 'low population density, long-term')",kilogram,,4.5241554954259415,4.575054532234389,98.88746600833217
Musselwhite,Underground mining and beneficiation at Musselwhite,Biosphere (direct),Ammonia,,"('air', 'urban air close to ground')",kilogram,,0.11538246512438095,0.11668057619623798,98.88746600833217
Musselwhite,Underground mining and beneficiation at Musselwhite,Biosphere (direct),Sulfur dioxide,,"('air', 'non-urban air or from high stacks')",kilogram,,0.022067780487386723,0.022316054175690287,98.88746600833217
Musselwhite,Underground mining and beneficiation at Musselwhite,Technosphere (first-tier),"market for electricity, medium voltage","electricity, medium voltage",,kilowatt hour,CA-ON,0.5397247849896526,0.5457969617142135,98.88746600833217
Musselwhite,Underground mining and beneficiation at Musselwhite,Technosphere (first-tier),market for propane,propane,,kilogram,GLO,0.4956092225259523,0.5011850768672672,98.88746600833217
Musselwhite,Underground mining and beneficiation at Musselwhite,Technosphere (first-tier),"market for explosive, tovex","explosive, tovex",,kilogram,GLO,0.4621827022458254,0.46738249133300913,98.88746600833217
Musselwhite,Underground mining and beneficiation at Musselwhite,Technosphere (first-tier),"market for steel, low-alloyed","steel, low-alloyed",,kilogram,GLO,0.460719599963722,0.46590292841046427,98.88746600833217
Musselwhite,Underground mining and beneficiation at Musselwhite,Technosphere (first-tier),market for diesel,diesel,,kilogram,RoW,0.39495028049322506,0.39939367084191124,98.88746600833217
Musselwhite,Underground mining and beneficiation at Musselwhite,Technosphere (first-tier),"market for cement, unspecified","cement, unspecified",,kilogram,RoW,0.39441869917044614,0.39885610896047513,98.88746600833217
Musselwhite,Underground mining and beneficiation at Musselwhite,Technosphere (first-tier),market for sodium cyanide,sodium cyanide,,kilogram,RoW,0.28538158833570904,0.2885922754979514,98.88746600833217
Musselwhite,Underground mining and beneficiation at Musselwhite,Technosphere (first-tier),market for lubricating oil,lubricating oil,,kilogram,RoW,0.05052399914334708,0.0510924196794465,98.88746600833217
Musselwhite,Underground mining and beneficiation at Musselwhite,Technosphere (first-tier),market for synthetic rubber,synthetic rubber,,kilogram,GLO,0.04805077118099499,0.0485913666520146,98.88746600833217
Musselwhite,Underground mining and beneficiation at Musselwhite,Technosphere (first-tier),market for kerosene,kerosene,,kilogram,RoW,0.03371808050190224,0.034097425955945906,98.88746600833217
Musselwhite,Underground mining and beneficiation at Musselwhite,Technosphere (first-tier),market for lime,lime,,kilogram,RoW,0.012241036565998495,0.012378754416628569,98.88746600833217
Musselwhite,Underground mining and beneficiation at Musselwhite,Technosphere (first-tier),"market for hydrochloric acid, without water, in 30% solution state","hydrochloric acid, without water, in 30% solution state",,kilogram,RoW,0.009043640258393687,0.009145385783908831,98.88746600833217
Musselwhite,Underground mining and beneficiation at Musselwhite,Technosphere (first-tier),market for biogas,biogas,,cubic meter,RoW,1.7460012312657694e-05,1.7656446279234753e-05,98.88746600833217
Musselwhite,Underground mining and beneficiation at Musselwhite,Technosphere (first-tier),"market for sulfidic tailings, from gold mine operation","sulfidic tailings, from gold mine operation",,kilogram,CA,-0.0,-0.0,98.88746600833217
New Afton,Underground mining and beneficiation at New Afton,Biosphere (direct),"Particulate Matter, < 2.5 um",,"('air', 'urban air close to ground')",kilogram,,0.0010944197696709198,86.49372399377006,0.0012653169723039653
New Afton,Underground mining and beneficiation at New Afton,Technosphere (first-tier),"market for steel, low-alloyed","steel, low-alloyed",,kilogram,GLO,4.4056396341542613e-05,3.4818466286216077,0.0012653169723039653
New Afton,Underground mining and beneficiation at New Afton,Technosphere (first-tier),"market for explosive, tovex","explosive, tovex",,kilogram,GLO,3.901952325360475e-05,3.0837745883196095,0.0012653169723039653
New Afton,Underground mining and beneficiation at New Afton,Technosphere (first-tier),"market for cement, unspecified","cement, unspecified",,kilogram,RoW,2.6092826908112056e-05,2.0621573470717514,0.0012653169723039653
New Afton,Underground mining and beneficiation at New Afton,Technosphere (first-tier),"market for electricity, medium voltage","electricity, medium voltage",,kilowatt hour,CA-BC,2.3763279036043653e-05,1.8780494971765094,0.0012653169723039653
New Afton,Underground mining and beneficiation at New Afton,Technosphere (first-tier),market for diesel,diesel,,kilogram,RoW,2.2908974970838294e-05,1.8105324967801748,0.0012653169723039653
New Afton,Underground mining and beneficiation at New Afton,Technosphere (first-tier),market for polyacrylamide,polyacrylamide,,kilogram,GLO,5.985483908751e-06,0.4730422526343159,0.0012653169723039653
New Afton,Underground mining and beneficiation at New Afton,Technosphere (first-tier),market for dipropylene glycol monomethyl ether,dipropylene glycol monomethyl ether,,kilogram,RoW,3.335041504622833e-06,0.26357360073580527,0.0012653169723039653
New Afton,Underground mining and beneficiation at New Afton,Technosphere (first-tier),market for lime,lime,,kilogram,RoW,2.8763946723426306e-06,0.2273260167454419,0.0012653169723039653
New Afton,Underground mining and beneficiation at New Afton,Technosphere (first-tier),"market for natural gas, high pressure","natural gas, high pressure",,cubic meter,CA,1.744605729105465e-06,0.13787894790732017,0.0012653169723039653
New Afton,Underground mining and beneficiation at New Afton,Technosphere (first-tier),market for sodium bicarbonate,sodium bicarbonate,,kilogram,RoW,9.926295567104496e-07,0.07844908259651413,0.0012653169723039653
New Afton,Underground mining and beneficiation at New Afton,Technosphere (first-tier),market for propane,propane,,kilogram,GLO,1.2205863171944343e-07,0.009646486563536071,0.0012653169723039653
New Afton,Underground mining and beneficiation at New Afton,Technosphere (first-tier),"market for sulfidic tailings, from copper mine operation","sulfidic tailings, from copper mine operation",,kilogram,CA,-0.0,-0.0,0.0012653169723039653
Nunavik Nickel,Open-pit and underground mining and beneficiation at Nunavik Nickel,Biosphere (direct),"Particulate Matter, < 2.5 um",,"('air', 'urban air close to ground')",kilogram,,0.0021823990265264237,70.26632235049037,0.0031058961868540044
Nunavik Nickel,Open-pit and underground mining and beneficiation at Nunavik Nickel,Biosphere (direct),Nitrogen oxides,,"('air', 'low population density, long-term')",kilogram,,0.0003191972355036291,10.277137943459321,0.0031058961868540044
Nunavik Nickel,Open-pit and underground mining and beneficiation at Nunavik Nickel,Biosphere (direct),Sulfur dioxide,,"('air', 'non-urban air or from high stacks')",kilogram,,6.707024415328863e-06,0.2159449000168444,0.0031058961868540044
Nunavik Nickel,Open-pit and underground mining and beneficiation at Nunavik Nickel,Technosphere (first-tier),"market for steel, low-alloyed","steel, low-alloyed",,kilogram,GLO,0.0005385542519027836,17.339737695749932,0.0031058961868540044
Nunavik Nickel,Open-pit and underground mining and beneficiation at Nunavik Nickel,Technosphere (first-tier),market for diesel,diesel,,kilogram,RoW,1.5974512192637932e-05,0.5143285941188745,0.0031058961868540044
Nunavik Nickel,Open-pit and underground mining and beneficiation at Nunavik Nickel,Technosphere (first-tier),market for lime,lime,,kilogram,RoW,1.2406006271493732e-05,0.39943402886430374,0.0031058961868540044
Nunavik Nickel,Open-pit and underground mining and beneficiation at Nunavik Nickel,Technosphere (first-tier),"market for cement, unspecified","cement, unspecified",,kilogram,RoW,1.1484555335749808e-05,0.3697662331522625,0.0031058961868540044
Nunavik Nickel,Open-pit and underground mining and beneficiation at Nunavik Nickel,Technosphere (first-tier),"market for electricity, medium voltage","electricity, medium voltage",,kilowatt hour,CA-QC,8.257752460849637e-06,0.26587342152005417,0.0031058961868540044
Nunavik Nickel,Open-pit and underground mining and beneficiation at Nunavik Nickel,Technosphere (first-tier),"market for natural gas, high pressure","natural gas, high pressure",,cubic meter,CA,4.895396771763611e-06,0.15761623947651035,0.0031058961868540044
Nunavik Nickel,Open-pit and underground mining and beneficiation at Nunavik Nickel,Technosphere (first-tier),market for sulfuric acid,sulfuric acid,,kilogram,RoW,2.2876014262278775e-06,0.07365350573887061,0.0031058961868540044
Nunavik Nickel,Open-pit and underground mining and beneficiation at Nunavik Nickel,Technosphere (first-tier),"market for ammonia, anhydrous, liquid","ammonia, anhydrous, liquid",,kilogram,RoW,1.9235346650478313e-06,0.06193171147153506,0.0031058961868540044
Nunavik Nickel,Open-pit and underground mining and beneficiation at Nunavik Nickel,Technosphere (first-tier),market for liquefied petroleum gas,liquefied petroleum gas,,kilogram,RoW,1.8093388042981193e-06,0.05825496718004661,0.0031058961868540044
Nunavik Nickel,Open-pit and underground mining and beneficiation at Nunavik Nickel,Technosphere (first-tier),"market for sulfidic tailings, from nickel mine operation","sulfidic tailings, from nickel mine operation",,kilogram,CA,-0.0,-0.0,0.0031058961868540044
Porcupine complex,Open-pit and underground mining at Porcupine complex,Biosphere (direct),"Particulate Matter, < 2.5 um",,"('air', 'urban air close to ground')",kilogram,,61.166084015145735,93.2658114518978,65.58253561830894
Porcupine complex,Open-pit and underground mining at Porcupine complex,Biosphere (direct),Nitrogen oxides,,"('air', 'low population density, long-term')",kilogram,,0.3959480918126514,0.6037401391691738,65.58253561830894
Porcupine complex,Open-pit and underground mining at Porcupine complex,Biosphere (direct),Sulfur dioxide,,"('air', 'non-urban air or from high stacks')",kilogram,,0.0071588769337320194,0.010915828225057904,65.58253561830894
Porcupine complex,Open-pit and underground mining at Porcupine complex,Technosphere (first-tier),"market for explosive, tovex","explosive, tovex",,kilogram,GLO,0.9060703843264277,1.3815726637953847,65.58253561830894
Porcupine complex,Open-pit and underground mining at Porcupine complex,Technosphere (first-tier),"market for steel, low-alloyed","steel, low-alloyed",,kilogram,GLO,0.8488164297907642,1.2942720524422615,65.58253561830894
Porcupine complex,Open-pit and underground mining at Porcupine complex,Technosphere (first-tier),market for diesel,diesel,,kilogram,RoW,0.6288946186083685,0.9589361141334058,65.58253561830894
Porcupine complex,Open-pit and underground mining at Porcupine complex,Technosphere (first-tier),"market for electricity, medium voltage","electricity, medium voltage",,kilowatt hour,CA-ON,0.5289964840697955,0.8066118198731453,65.58253561830894
Porcupine complex,Open-pit and underground mining at Porcupine complex,Technosphere (first-tier),market for sodium cyanide,sodium cyanide,,kilogram,RoW,0.3721014624963244,0.5673788898037717,65.58253561830894
Porcupine complex,Open-pit and underground mining at Porcupine complex,Technosphere (first-tier),"market for cement, unspecified","cement, unspecified",,kilogram,RoW,0.3646934837513138,0.5560832320876303,65.58253561830894
Porcupine complex,Open-pit and underground mining at Porcupine complex,Technosphere (first-tier),market for synthetic rubber,synthetic rubber,,kilogram,GLO,0.20711100298853527,0.3158020668702466,65.58253561830894
Porcupine complex,Open-pit and underground mining at Porcupine complex,Technosphere (first-tier),market for lubricating oil,lubricating oil,,kilogram,RoW,0.06437719746390604,0.09816210498261613,65.58253561830894
Porcupine complex,Open-pit and underground mining at Porcupine complex,Technosphere (first-tier),"market for natural gas, high pressure","natural gas, high pressure",,cubic meter,CA,0.04266824940160784,0.06506038383440602,65.58253561830894
Porcupine complex,Open-pit and underground mining at Porcupine complex,Technosphere (first-tier),market for lime,lime,,kilogram,RoW,0.03986475129965387,0.060785620628740475,65.58253561830894
Porcupine complex,Open-pit and underground mining at Porcupine complex,Technosphere (first-tier),market for propane,propane,,kilogram,GLO,0.009456579423116255,0.014419356211162145,65.58253561830894
Porcupine complex,Open-pit and underground mining at Porcupine complex,Technosphere (first-tier),"market for hydrochloric acid, without water, in 30% solution state","hydrochloric acid, without water, in 30% solution state",,kilogram,RoW,0.0002468271638570122,0.00037636111737665795,65.58253561830894
Porcupine complex,Open-pit and underground mining at Porcupine complex,Technosphere (first-tier),market for biogas,biogas,,cubic meter,RoW,2.4158658325668354e-05,3.6837030007915525e-05,65.58253561830894
Porcupine complex,Open-pit and underground mining at Porcupine complex,Technosphere (first-tier),"market for nitric acid, without water, in 50% solution state","nitric acid, without water, in 50% solution state",,kilogram,RoW,2.18522266912934e-05,3.3320191854846225e-05,65.58253561830894
Porcupine complex,Open-pit and underground mining at Porcupine complex,Technosphere (first-tier),market for sulfuric acid,sulfuric acid,,kilogram,RoW,7.467663475047218e-07,1.138666476470062e-06,65.58253561830894
Porcupine complex,Open-pit and underground mining at Porcupine complex,Technosphere (first-tier),"market for sulfidic tailings, from gold mine operation","sulfidic tailings, from gold mine operation",,kilogram,CA,-0.0,-0.0,65.58253561830894
Raglan,Underground mining and beneficiation at Raglan,Biosphere (direct),"Particulate Matter, < 2.5 um",,"('air', 'urban air close to ground')",kilogram,,0.005476489751461626,77.22743428534635,0.00709137860417146
Raglan,Underground mining and beneficiation at Raglan,Biosphere (direct),Nitrogen oxides,,"('air', 'low population density, long-term')",kilogram,,0.0012085897617156304,17.04308610746978,0.00709137860417146
Raglan,Underground mining and beneficiation at Raglan,Technosphere (first-tier),"market for steel, low-alloyed","steel, low-alloyed",,kilogram,GLO,0.00028336772498186266,3.9959469208874747,0.00709137860417146
Raglan,Underground mining and beneficiation at Raglan,Technosphere (first-tier),market for diesel,diesel,,kilogram,RoW,7.139892806901267e-05,1.006841293553452,0.00709137860417146
Raglan,Underground mining and beneficiation at Raglan,Technosphere (first-tier),"market for electricity, medium voltage","electricity, medium voltage",,kilowatt hour,CA-QC,2.4605641238741046e-05,0.3469796581480917,0.00709137860417146
Raglan,Underground mining and beneficiation at Raglan,Technosphere (first-tier),market for lime,lime,,kilogram,RoW,6.527590787452348e-06,0.09204967259275275,0.00709137860417146
Raglan,Underground mining and beneficiation at Raglan,Technosphere (first-tier),market for liquefied petroleum gas,liquefied petroleum gas,,kilogram,RoW,6.383498743858109e-06,0.0900177398524887,0.00709137860417146
Raglan,Underground mining and beneficiation at Raglan,Technosphere (first-tier),"market for cement, unspecified","cement, unspecified",,kilogram,RoW,6.042756707280054e-06,0.08521272159584653,0.00709137860417146
Raglan,Underground mining and beneficiation at Raglan,Technosphere (first-tier),"market for natural gas, high pressure","natural gas, high pressure",,cubic meter,CA,5.757123185737861e-06,0.08118482324933643,0.00709137860417146
Raglan,Underground mining and beneficiation at Raglan,Technosphere (first-tier),market for sulfuric acid,sulfuric acid,,kilogram,RoW,1.2036529458734573e-06,0.016973468955181942,0.00709137860417146
Raglan,Underground mining and beneficiation at Raglan,Technosphere (first-tier),"market for ammonia, anhydrous, liquid","ammonia, anhydrous, liquid",,kilogram,RoW,1.0120942134103397e-06,0.014272178512863233,0.00709137860417146
Raglan,Underground mining and beneficiation at Raglan,Technosphere (first-tier),"market for sulfidic tailings, from nickel mine operation","sulfidic tailings, from nickel mine operation",,kilogram,CA,-0.0,-0.0,0.00709137860417146
Rainy River,Open-pit and underground mining and beneficiation at Rainy River,Biosphere (direct),"Particulate Matter, < 2.5 um",,"('air', 'urban air close to ground')",kilogram,,85.13364814975544,81.9628489487099,103.86858099945957
Rainy River,Open-pit and underground mining and beneficiation at Rainy River,Biosphere (direct),Nitrogen oxides,,"('air', 'low population density, long-term')",kilogram,,0.559755040996607,0.538906987666963,103.86858099945957
Rainy River,Open-pit and underground mining and beneficiation at Rainy River,Biosphere (direct),Sulfur dioxide,,"('air', 'non-urban air or from high stacks')",kilogram,,0.5484840121448187,0.5280557478181708,103.86858099945957
Rainy River,Open-pit and underground mining and beneficiation at Rainy River,Biosphere (direct),Ammonia,,"('air', 'urban air close to ground')",kilogram,,0.0488557674752956,0.04703613643816873,103.86858099945957
Rainy River,Open-pit and underground mining and beneficiation at Rainy River,Technosphere (first-tier),"market for explosive, tovex","explosive, tovex",,kilogram,GLO,9.837418585307697,9.471024337339202,103.86858099945957
Rainy River,Open-pit and underground mining and beneficiation at Rainy River,Technosphere (first-tier),"market for electricity, medium voltage","electricity, medium voltage",,kilowatt hour,CA-ON,2.1856311565819397,2.1042274146339897,103.86858099945957
Rainy River,Open-pit and underground mining and beneficiation at Rainy River,Technosphere (first-tier),"market for steel, low-alloyed","steel, low-alloyed",,kilogram,GLO,1.9797396319236136,1.9060043112882366,103.86858099945957
Rainy River,Open-pit and underground mining and beneficiation at Rainy River,Technosphere (first-tier),market for diesel,diesel,,kilogram,RoW,1.3739888836148269,1.322814724523844,103.86858099945957
Rainy River,Open-pit and underground mining and beneficiation at Rainy River,Technosphere (first-tier),market for sodium cyanide,sodium cyanide,,kilogram,RoW,1.1780849202996502,1.1342071962124713,103.86858099945957
Rainy River,Open-pit and underground mining and beneficiation at Rainy River,Technosphere (first-tier),"market for cement, unspecified","cement, unspecified",,kilogram,RoW,0.6639491467360963,0.639220388251526,103.86858099945957
Rainy River,Open-pit and underground mining and beneficiation at Rainy River,Technosphere (first-tier),market for propane,propane,,kilogram,GLO,0.1291362911387042,0.12432661532112016,103.86858099945957
Rainy River,Open-pit and underground mining and beneficiation at Rainy River,Technosphere (first-tier),"market for sodium hydroxide, without water, in 50% solution state","sodium hydroxide, without water, in 50% solution state",,kilogram,RoW,0.07472125413903946,0.0719382641218794,103.86858099945957
Rainy River,Open-pit and underground mining and beneficiation at Rainy River,Technosphere (first-tier),market for lime,lime,,kilogram,RoW,0.06004975079200607,0.05781320030964754,103.86858099945957
Rainy River,Open-pit and underground mining and beneficiation at Rainy River,Technosphere (first-tier),market for sodium bicarbonate,sodium bicarbonate,,kilogram,RoW,0.05375365783158654,0.05175160507089841,103.86858099945957
Rainy River,Open-pit and underground mining and beneficiation at Rainy River,Technosphere (first-tier),market for polyacrylamide,polyacrylamide,,kilogram,GLO,0.041363518702173835,0.03982293616044399,103.86858099945957
Rainy River,Open-pit and underground mining and beneficiation at Rainy River,Technosphere (first-tier),"market for sulfidic tailings, from gold mine operation","sulfidic tailings, from gold mine operation",,kilogram,CA,-0.0,-0.0,103.86858099945957
Red Lake,Underground mining and beneficiation at Red Lake,Biosphere (direct),"Particulate Matter, < 2.5 um",,"('air', 'urban air close to ground')",kilogram,,460.79034146197387,99.16739607732607,464.6591114509765
Red Lake,Underground mining and beneficiation at Red Lake,Biosphere (direct),Nitrogen oxides,,"('air', 'low population density, long-term')",kilogram,,0.07143519195653456,0.015373677217577012,464.6591114509765
Red Lake,Underground mining and beneficiation at Red Lake,Biosphere (direct),Sulfur dioxide,,"('air', 'non-urban air or from high stacks')",kilogram,,0.026987990118412505,0.005808126743525582,464.6591114509765
Red Lake,Underground mining and beneficiation at Red Lake,Technosphere (first-tier),"market for steel, low-alloyed","steel, low-alloyed",,kilogram,GLO,0.8957704824697602,0.192780139331082,464.6591114509765
Red Lake,Underground mining and beneficiation at Red Lake,Technosphere (first-tier),"market for explosive, tovex","explosive, tovex",,kilogram,GLO,0.6039001780317312,0.12996628348596265,464.6591114509765
Red Lake,Underground mining and beneficiation at Red Lake,Technosphere (first-tier),market for diesel,diesel,,kilogram,RoW,0.5571493629508631,0.11990496887300243,464.6591114509765
Red Lake,Underground mining and beneficiation at Red Lake,Technosphere (first-tier),"market for electricity, medium voltage","electricity, medium voltage",,kilowatt hour,CA-ON,0.5085102621343117,0.10943727339089565,464.6591114509765
Red Lake,Underground mining and beneficiation at Red Lake,Technosphere (first-tier),"market for sulfur dioxide, liquid","sulfur dioxide, liquid",,kilogram,RoW,0.4538561419751484,0.09767507637112849,464.6591114509765
Red Lake,Underground mining and beneficiation at Red Lake,Technosphere (first-tier),market for sodium cyanide,sodium cyanide,,kilogram,RoW,0.42396569016849295,0.0912423063963146,464.6591114509765
Red Lake,Underground mining and beneficiation at Red Lake,Technosphere (first-tier),"market for cement, unspecified","cement, unspecified",,kilogram,RoW,0.14345048512226652,0.030872198906057854,464.6591114509765
Red Lake,Underground mining and beneficiation at Red Lake,Technosphere (first-tier),"market for activated carbon, granular","activated carbon, granular",,kilogram,GLO,0.04550764685137906,0.009793770471706398,464.6591114509765
Red Lake,Underground mining and beneficiation at Red Lake,Technosphere (first-tier),market for liquefied petroleum gas,liquefied petroleum gas,,kilogram,RoW,0.033405679015724714,0.007189287413607331,464.6591114509765
Red Lake,Underground mining and beneficiation at Red Lake,Technosphere (first-tier),market for lime,lime,,kilogram,RoW,0.03332985135035982,0.007172968425451022,464.6591114509765
Red Lake,Underground mining and beneficiation at Red Lake,Technosphere (first-tier),"market for natural gas, high pressure","natural gas, high pressure",,cubic meter,CA,0.03012777426827055,0.006483844505747771,464.6591114509765
Red Lake,Underground mining and beneficiation at Red Lake,Technosphere (first-tier),market for polyacrylamide,polyacrylamide,,kilogram,GLO,0.01620390688677213,0.0034872676522306203,464.6591114509765
Red Lake,Underground mining and beneficiation at Red Lake,Technosphere (first-tier),market for sodium bicarbonate,sodium bicarbonate,,kilogram,RoW,0.013341641923781062,0.002871275219831487,464.6591114509765
Red Lake,Underground mining and beneficiation at Red Lake,Technosphere (first-tier),"market for hydrochloric acid, without water, in 30% solution state","hydrochloric acid, without water, in 30% solution state",,kilogram,RoW,0.011816660241849726,0.0025430815732742675,464.6591114509765
Red Lake,Underground mining and beneficiation at Red Lake,Technosphere (first-tier),"market for sulfidic tailings, from gold mine operation","sulfidic tailings, from gold mine operation",,kilogram,CA,-0.0,-0.0,464.6591114509765
Seabee Gold Operation,Underground mining and beneficiation at Seabee Gold Operation,Biosphere (direct),"Particulate Matter, < 2.5 um",,"('air', 'urban air close to ground')",kilogram,,21.695706624353797,70.94026842085796,30.583062493706034
Seabee Gold Operation,Underground mining and beneficiation at Seabee Gold Operation,Biosphere (direct),Nitrogen oxides,,"('air', 'low population density, long-term')",kilogram,,0.8150170985365441,2.664929644322814,30.583062493706034
Seabee Gold Operation,Underground mining and beneficiation at Seabee Gold Operation,Biosphere (direct),Ammonia,,"('air', 'urban air close to ground')",kilogram,,0.10376834476016722,0.339300044858237,30.583062493706034
Seabee Gold Operation,Underground mining and beneficiation at Seabee Gold Operation,Technosphere (first-tier),"market for electricity, medium voltage","electricity, medium voltage",,kilowatt hour,CA-SK,5.623290698615139,18.386944406801664,30.583062493706034
Seabee Gold Operation,Underground mining and beneficiation at Seabee Gold Operation,Technosphere (first-tier),market for diesel,diesel,,kilogram,RoW,0.8288975383770104,2.710315680607842,30.583062493706034
Seabee Gold Operation,Underground mining and beneficiation at Seabee Gold Operation,Technosphere (first-tier),market for propane,propane,,kilogram,GLO,0.40226812900144987,1.3153297812612332,30.583062493706034
Seabee Gold Operation,Underground mining and beneficiation at Seabee Gold Operation,Technosphere (first-tier),"market for steel, low-alloyed","steel, low-alloyed",,kilogram,GLO,0.3778629800868689,1.2355302225361922,30.583062493706034
Seabee Gold Operation,Underground mining and beneficiation at Seabee Gold Operation,Technosphere (first-tier),"market for explosive, tovex","explosive, tovex",,kilogram,GLO,0.2547432912914319,0.8329554678961855,30.583062493706034
Seabee Gold Operation,Underground mining and beneficiation at Seabee Gold Operation,Technosphere (first-tier),"market for sulfur dioxide, liquid","sulfur dioxide, liquid",,kilogram,RoW,0.19145019588569448,0.6260007346389681,30.583062493706034
Seabee Gold Operation,Underground mining and beneficiation at Seabee Gold Operation,Technosphere (first-tier),market for sodium cyanide,sodium cyanide,,kilogram,RoW,0.17884150268041568,0.5847730348038922,30.583062493706034
Seabee Gold Operation,Underground mining and beneficiation at Seabee Gold Operation,Technosphere (first-tier),"market for cement, unspecified","cement, unspecified",,kilogram,RoW,0.060511736950471066,0.19786029264703078,30.583062493706034
Seabee Gold Operation,Underground mining and beneficiation at Seabee Gold Operation,Technosphere (first-tier),"market for activated carbon, granular","activated carbon, granular",,kilogram,GLO,0.01919649663895171,0.0627683922854434,30.583062493706034
Seabee Gold Operation,Underground mining and beneficiation at Seabee Gold Operation,Technosphere (first-tier),market for lime,lime,,kilogram,RoW,0.014059535565824439,0.04597164057300632,30.583062493706034
Seabee Gold Operation,Underground mining and beneficiation at Seabee Gold Operation,Technosphere (first-tier),market for polyacrylamide,polyacrylamide,,kilogram,GLO,0.0068352961669425755,0.022349940161647555,30.583062493706034
Seabee Gold Operation,Underground mining and beneficiation at Seabee Gold Operation,Technosphere (first-tier),market for sodium bicarbonate,sodium bicarbonate,,kilogram,RoW,0.005627906562261619,0.018402037282629354,30.583062493706034
Seabee Gold Operation,Underground mining and beneficiation at Seabee Gold Operation,Technosphere (first-tier),"market for hydrochloric acid, without water, in 30% solution state","hydrochloric acid, without water, in 30% solution state",,kilogram,RoW,0.0049846233393944115,0.016298640269986835,30.583062493706034
Seabee Gold Operation,Underground mining and beneficiation at Seabee Gold Operation,Technosphere (first-tier),"market for sulfidic tailings, from gold mine operation","sulfidic tailings, from gold mine operation",,kilogram,CA,-0.0,-0.0,30.583062493706034
Snow Lake (Cu),Underground mining and beneficiation at Snow Lake,Biosphere (direct),"Particulate Matter, < 2.5 um",,"('air', 'urban air close to ground')",kilogram,,0.0010933230183183763,47.832546436104664,0.0022857303233455306
Snow Lake (Cu),Underground mining and beneficiation at Snow Lake,Biosphere (direct),Ammonia,,"('air', 'urban air close to ground')",kilogram,,0.0002704533309584083,11.832250208876642,0.0022857303233455306
Snow Lake (Cu),Underground mining and beneficiation at Snow Lake,Technosphere (first-tier),"market for electricity, medium voltage","electricity, medium voltage",,kilowatt hour,CA-MB,0.0008085200010545688,35.372501856263206,0.0022857303233455306
Snow Lake (Cu),Underground mining and beneficiation at Snow Lake,Technosphere (first-tier),"market for explosive, tovex","explosive, tovex",,kilogram,GLO,3.784569838490436e-05,1.655737686916239,0.0022857303233455306
Snow Lake (Cu),Underground mining and beneficiation at Snow Lake,Technosphere (first-tier),"market for steel, low-alloyed","steel, low-alloyed",,kilogram,GLO,2.577003658918912e-05,1.127431190197038,0.0022857303233455306
Snow Lake (Cu),Underground mining and beneficiation at Snow Lake,Technosphere (first-tier),market for diesel,diesel,,kilogram,RoW,1.453238883114617e-05,0.6357875503823961,0.0022857303233455306
Snow Lake (Cu),Underground mining and beneficiation at Snow Lake,Technosphere (first-tier),"market for sulfur dioxide, liquid","sulfur dioxide, liquid",,kilogram,RoW,1.3056792575572003e-05,0.571230667162052,0.0022857303233455306
Snow Lake (Cu),Underground mining and beneficiation at Snow Lake,Technosphere (first-tier),market for sodium cyanide,sodium cyanide,,kilogram,RoW,1.2196886995069668e-05,0.5336100619786843,0.0022857303233455306
Snow Lake (Cu),Underground mining and beneficiation at Snow Lake,Technosphere (first-tier),"market for cement, unspecified","cement, unspecified",,kilogram,RoW,4.126865444533705e-06,0.18054909638217426,0.0022857303233455306
Snow Lake (Cu),Underground mining and beneficiation at Snow Lake,Technosphere (first-tier),market for propane,propane,,kilogram,GLO,1.898641202016724e-06,0.08306496976588909,0.0022857303233455306
Snow Lake (Cu),Underground mining and beneficiation at Snow Lake,Technosphere (first-tier),"market for activated carbon, granular","activated carbon, granular",,kilogram,GLO,1.3091899626056475e-06,0.057276658984400194,0.0022857303233455306
Snow Lake (Cu),Underground mining and beneficiation at Snow Lake,Technosphere (first-tier),market for lime,lime,,kilogram,RoW,9.588521899525742e-07,0.04194948897335978,0.0022857303233455306
Snow Lake (Cu),Underground mining and beneficiation at Snow Lake,Technosphere (first-tier),market for polyacrylamide,polyacrylamide,,kilogram,GLO,4.661632432992481e-07,0.020394498797082234,0.0022857303233455306
Snow Lake (Cu),Underground mining and beneficiation at Snow Lake,Technosphere (first-tier),market for sodium bicarbonate,sodium bicarbonate,,kilogram,RoW,3.8381997092339413e-07,0.016792005907399103,0.0022857303233455306
Snow Lake (Cu),Underground mining and beneficiation at Snow Lake,Technosphere (first-tier),"market for hydrochloric acid, without water, in 30% solution state","hydrochloric acid, without water, in 30% solution state",,kilogram,RoW,3.399484273637229e-07,0.014872639343829252,0.0022857303233455306
Snow Lake (Cu),Underground mining and beneficiation at Snow Lake,Technosphere (first-tier),market for liquefied petroleum gas,liquefied petroleum gas,,kilogram,RoW,2.8852028396740783e-07,0.01262267385704156,0.0022857303233455306
Snow Lake (Cu),Underground mining and beneficiation at Snow Lake,Technosphere (first-tier),"market for natural gas, high pressure","natural gas, high pressure",,cubic meter,CA,2.602094686683621e-07,0.01138408437822639,0.0022857303233455306
Snow Lake (Cu),Underground mining and beneficiation at Snow Lake,Technosphere (first-tier),"market for sulfidic tailings, from gold mine operation","sulfidic tailings, from gold mine operation",,kilogram,CA,-0.0,-0.0,0.0022857303233455306
Snow Lake (Doré),Underground mining and beneficiation at Snow Lake,Biosphere (direct),"Particulate Matter, < 2.5 um",,"('air', 'urban air close to ground')",kilogram,,8.206757490777619,47.83254635089257,17.15726658282845
Snow Lake (Doré),Underground mining and beneficiation at Snow Lake,Biosphere (direct),Ammonia,,"('air', 'urban air close to ground')",kilogram,,2.0300907074678687,11.83225018779885,17.15726658282845
Snow Lake (Doré),Underground mining and beneficiation at Snow Lake,Technosphere (first-tier),"market for electricity, medium voltage","electricity, medium voltage",,kilowatt hour,CA-MB,6.068954429683974,35.372501793251736,17.15726658282845
Snow Lake (Doré),Underground mining and beneficiation at Snow Lake,Technosphere (first-tier),"market for explosive, tovex","explosive, tovex",,kilogram,GLO,0.2840793283505277,1.6557376839667661,17.15726658282845
Snow Lake (Doré),Underground mining and beneficiation at Snow Lake,Technosphere (first-tier),"market for steel, low-alloyed","steel, low-alloyed",,kilogram,GLO,0.1934363744954799,1.1274311881886672,17.15726658282845
Snow Lake (Doré),Underground mining and beneficiation at Snow Lake,Technosphere (first-tier),market for diesel,diesel,,kilogram,RoW,0.10908376472522423,0.6357875492498252,17.15726658282845
Snow Lake (Doré),Underground mining and beneficiation at Snow Lake,Technosphere (first-tier),"market for sulfur dioxide, liquid","sulfur dioxide, liquid",,kilogram,RoW,0.09800756819327573,0.571230666144483,17.15726658282845
Snow Lake (Doré),Underground mining and beneficiation at Snow Lake,Technosphere (first-tier),market for sodium cyanide,sodium cyanide,,kilogram,RoW,0.09155290068339098,0.5336100610281366,17.15726658282845
Snow Lake (Doré),Underground mining and beneficiation at Snow Lake,Technosphere (first-tier),"market for cement, unspecified","cement, unspecified",,kilogram,RoW,0.03097728972399552,0.18054909606054964,17.15726658282845
Snow Lake (Doré),Underground mining and beneficiation at Snow Lake,Technosphere (first-tier),market for propane,propane,,kilogram,GLO,0.014251678274291952,0.08306496961791976,17.15726658282845
Snow Lake (Doré),Underground mining and beneficiation at Snow Lake,Technosphere (first-tier),"market for activated carbon, granular","activated carbon, granular",,kilogram,GLO,0.009827109054186295,0.05727665888237457,17.15726658282845
Snow Lake (Doré),Underground mining and beneficiation at Snow Lake,Technosphere (first-tier),market for lime,lime,,kilogram,RoW,0.007197385640472391,0.041949488898632425,17.15726658282845
Snow Lake (Doré),Underground mining and beneficiation at Snow Lake,Technosphere (first-tier),market for polyacrylamide,polyacrylamide,,kilogram,GLO,0.0034991385206146856,0.020394498760756784,17.15726658282845
Snow Lake (Doré),Underground mining and beneficiation at Snow Lake,Technosphere (first-tier),market for sodium bicarbonate,sodium bicarbonate,,kilogram,RoW,0.0028810492130055543,0.01679200587749218,17.15726658282845
Snow Lake (Doré),Underground mining and beneficiation at Snow Lake,Technosphere (first-tier),"market for hydrochloric acid, without water, in 30% solution state","hydrochloric acid, without water, in 30% solution state",,kilogram,RoW,0.0025517383755782066,0.014872639317337817,17.15726658282845
Snow Lake (Doré),Underground mining and beneficiation at Snow Lake,Technosphere (first-tier),market for liquefied petroleum gas,liquefied petroleum gas,,kilogram,RoW,0.002165705799675778,0.012622673834556414,17.15726658282845
Snow Lake (Doré),Underground mining and beneficiation at Snow Lake,Technosphere (first-tier),"market for natural gas, high pressure","natural gas, high pressure",,cubic meter,CA,0.0019531977013070956,0.011384084357947317,17.15726658282845
Snow Lake (Doré),Underground mining and beneficiation at Snow Lake,Technosphere (first-tier),"market for sulfidic tailings, from gold mine operation","sulfidic tailings, from gold mine operation",,kilogram,CA,-0.0,-0.0,17.15726658282845
Snow Lake (Zn),Underground mining and beneficiation at Snow Lake,Biosphere (direct),"Particulate Matter, < 2.5 um",,"('air', 'urban air close to ground')",kilogram,,0.0004086991242276432,47.83254498208118,0.000854437338386967
Snow Lake (Zn),Underground mining and beneficiation at Snow Lake,Biosphere (direct),Ammonia,,"('air', 'urban air close to ground')",kilogram,,0.00010109916068277897,11.832249849197494,0.000854437338386967
Snow Lake (Zn),Underground mining and beneficiation at Snow Lake,Technosphere (first-tier),"market for electricity, medium voltage","electricity, medium voltage",,kilowatt hour,CA-MB,0.0003022358541941086,35.3725007810027,0.000854437338386967
Snow Lake (Zn),Underground mining and beneficiation at Snow Lake,Technosphere (first-tier),"market for explosive, tovex","explosive, tovex",,kilogram,GLO,1.4147240592706155e-05,1.655737636584767,0.000854437338386967
Snow Lake (Zn),Underground mining and beneficiation at Snow Lake,Technosphere (first-tier),"market for steel, low-alloyed","steel, low-alloyed",,kilogram,GLO,9.633192760832133e-06,1.1274311559251344,0.000854437338386967
Snow Lake (Zn),Underground mining and beneficiation at Snow Lake,Technosphere (first-tier),market for diesel,diesel,,kilogram,RoW,5.432406058147627e-06,0.6357875310555938,0.000854437338386967
Snow Lake (Zn),Underground mining and beneficiation at Snow Lake,Technosphere (first-tier),"market for sulfur dioxide, liquid","sulfur dioxide, liquid",,kilogram,RoW,4.880807960181598e-06,0.5712306497976477,0.000854437338386967
Snow Lake (Zn),Underground mining and beneficiation at Snow Lake,Technosphere (first-tier),market for sodium cyanide,sodium cyanide,,kilogram,RoW,4.559363472339263e-06,0.5336100457578983,0.000854437338386967
Snow Lake (Zn),Underground mining and beneficiation at Snow Lake,Technosphere (first-tier),"market for cement, unspecified","cement, unspecified",,kilogram,RoW,1.5426788467148806e-06,0.18054909089380353,0.000854437338386967
Snow Lake (Zn),Underground mining and beneficiation at Snow Lake,Technosphere (first-tier),market for propane,propane,,kilogram,GLO,7.097380952248379e-07,0.08306496724086324,0.000854437338386967
Snow Lake (Zn),Underground mining and beneficiation at Snow Lake,Technosphere (first-tier),"market for activated carbon, granular","activated carbon, granular",,kilogram,GLO,4.893931456665827e-07,0.057276657243288794,0.000854437338386967
Snow Lake (Zn),Underground mining and beneficiation at Snow Lake,Technosphere (first-tier),market for lime,lime,,kilogram,RoW,3.5843208615521245e-07,0.041949487698170064,0.000854437338386967
Snow Lake (Zn),Underground mining and beneficiation at Snow Lake,Technosphere (first-tier),market for polyacrylamide,polyacrylamide,,kilogram,GLO,1.742582074020547e-07,0.020394498177130776,0.000854437338386967
Snow Lake (Zn),Underground mining and beneficiation at Snow Lake,Technosphere (first-tier),market for sodium bicarbonate,sodium bicarbonate,,kilogram,RoW,1.434771639755648e-07,0.016792005396958118,0.000854437338386967
Snow Lake (Zn),Underground mining and beneficiation at Snow Lake,Technosphere (first-tier),"market for hydrochloric acid, without water, in 30% solution state","hydrochloric acid, without water, in 30% solution state",,kilogram,RoW,1.2707737989432946e-07,0.014872638891721426,0.000854437338386967
Snow Lake (Zn),Underground mining and beneficiation at Snow Lake,Technosphere (first-tier),market for liquefied petroleum gas,liquefied petroleum gas,,kilogram,RoW,1.0785283525883214e-07,0.012622673473333929,0.000854437338386967
Snow Lake (Zn),Underground mining and beneficiation at Snow Lake,Technosphere (first-tier),"market for natural gas, high pressure","natural gas, high pressure",,cubic meter,CA,9.72698646042117e-08,0.01138408403217031,0.000854437338386967
Snow Lake (Zn),Underground mining and beneficiation at Snow Lake,Technosphere (first-tier),"market for sulfidic tailings, from gold mine operation","sulfidic tailings, from gold mine operation",,kilogram,CA,-0.0,-0.0,0.000854437338386967
Thompson,Open-pit and underground mining and beneficiation at Thompson (T-1 and T-3),Biosphere (direct),"Particulate Matter, < 2.5 um",,"('air', 'urban air close to ground')",kilogram,,0.003456172816849267,84.78923878324902,0.004076192765080077
Thompson,Open-pit and underground mining and beneficiation at Thompson (T-1 and T-3),Biosphere (direct),Ammonia,,"('air', 'urban air close to ground')",kilogram,,0.00011746402502846811,2.88170927623342,0.004076192765080077
Thompson,Open-pit and underground mining and beneficiation at Thompson (T-1 and T-3),Biosphere (direct),Nitrogen oxides,,"('air', 'low population density, long-term')",kilogram,,0.0001092758230555457,2.680830602313259,0.004076192765080077
Thompson,Open-pit and underground mining and beneficiation at Thompson (T-1 and T-3),Technosphere (first-tier),"market for steel, low-alloyed","steel, low-alloyed",,kilogram,GLO,0.00026927712595139195,6.606094006599367,0.004076192765080077
Thompson,Open-pit and underground mining and beneficiation at Thompson (T-1 and T-3),Technosphere (first-tier),"market for electricity, medium voltage","electricity, medium voltage",,kilowatt hour,CA-MB,8.22521170640257e-05,2.017866224793465,0.004076192765080077
Thompson,Open-pit and underground mining and beneficiation at Thompson (T-1 and T-3),Technosphere (first-tier),market for diesel,diesel,,kilogram,RoW,2.28085197018925e-05,0.5595544915659656,0.004076192765080077
Thompson,Open-pit and underground mining and beneficiation at Thompson (T-1 and T-3),Technosphere (first-tier),market for lime,lime,,kilogram,RoW,6.20300313574687e-06,0.15217639334642732,0.004076192765080077
Thompson,Open-pit and underground mining and beneficiation at Thompson (T-1 and T-3),Technosphere (first-tier),"market for cement, unspecified","cement, unspecified",,kilogram,RoW,5.742277667874892e-06,0.14087355527117928,0.004076192765080077
Thompson,Open-pit and underground mining and beneficiation at Thompson (T-1 and T-3),Technosphere (first-tier),"market for natural gas, high pressure","natural gas, high pressure",,cubic meter,CA,3.5715335003228987e-06,0.0876193474194721,0.004076192765080077
Thompson,Open-pit and underground mining and beneficiation at Thompson (T-1 and T-3),Technosphere (first-tier),market for liquefied petroleum gas,liquefied petroleum gas,,kilogram,RoW,1.320038896593242e-06,0.03238411362440338,0.004076192765080077
Thompson,Open-pit and underground mining and beneficiation at Thompson (T-1 and T-3),Technosphere (first-tier),market for sulfuric acid,sulfuric acid,,kilogram,RoW,1.1438007131139053e-06,0.028060515756580893,0.004076192765080077
Thompson,Open-pit and underground mining and beneficiation at Thompson (T-1 and T-3),Technosphere (first-tier),"market for ammonia, anhydrous, liquid","ammonia, anhydrous, liquid",,kilogram,RoW,9.617673325238593e-07,0.023594746076856975,0.004076192765080077
Thompson,Open-pit and underground mining and beneficiation at Thompson (T-1 and T-3),Technosphere (first-tier),"market for sulfidic tailings, from nickel mine operation","sulfidic tailings, from nickel mine operation",,kilogram,CA,-0.0,-0.0,0.004076192765080077
Timmins Operation,Underground mining and beneficiation at Timmins Operation,Biosphere (direct),"Particulate Matter, < 2.5 um",,"('air', 'urban air close to ground')",kilogram,,20.538681227776223,65.21478915079106,31.493901146082422
Timmins Operation,Underground mining and beneficiation at Timmins Operation,Biosphere (direct),Nitrogen oxides,,"('air', 'low population density, long-term')",kilogram,,2.1863256459396343,6.942060419249124,31.493901146082422
Timmins Operation,Underground mining and beneficiation at Timmins Operation,Biosphere (direct),Sulfur dioxide,,"('air', 'non-urban air or from high stacks')",kilogram,,1.510097833344688,4.794889735444958,31.493901146082422
Timmins Operation,Underground mining and beneficiation at Timmins Operation,Technosphere (first-tier),"market for explosive, tovex","explosive, tovex",,kilogram,GLO,1.462301324301404,4.643125402339374,31.493901146082422
Timmins Operation,Underground mining and beneficiation at Timmins Operation,Technosphere (first-tier),"market for steel, low-alloyed","steel, low-alloyed",,kilogram,GLO,1.4216883831836429,4.514170463002451,31.493901146082422
Timmins Operation,Underground mining and beneficiation at Timmins Operation,Technosphere (first-tier),market for diesel,diesel,,kilogram,RoW,1.3591073315935256,4.315461985129737,31.493901146082422
Timmins Operation,Underground mining and beneficiation at Timmins Operation,Technosphere (first-tier),"market for electricity, medium voltage","electricity, medium voltage",,kilowatt hour,CA-ON,1.0552905994864143,3.3507776460957226,31.493901146082422
Timmins Operation,Underground mining and beneficiation at Timmins Operation,Technosphere (first-tier),"market for sulfur dioxide, liquid","sulfur dioxide, liquid",,kilogram,RoW,0.720320681815274,2.2871751532911504,31.493901146082422
Timmins Operation,Underground mining and beneficiation at Timmins Operation,Technosphere (first-tier),market for sodium cyanide,sodium cyanide,,kilogram,RoW,0.6728811770166022,2.1365443864686258,31.493901146082422
Timmins Operation,Underground mining and beneficiation at Timmins Operation,Technosphere (first-tier),"market for cement, unspecified","cement, unspecified",,kilogram,RoW,0.22767203457976085,0.7229083292149768,31.493901146082422
Timmins Operation,Underground mining and beneficiation at Timmins Operation,Technosphere (first-tier),"market for natural gas, high pressure","natural gas, high pressure",,cubic meter,CA,0.11184990724498892,0.3551478323570661,31.493901146082422
Timmins Operation,Underground mining and beneficiation at Timmins Operation,Technosphere (first-tier),"market for activated carbon, granular","activated carbon, granular",,kilogram,GLO,0.0722257477119016,0.22933249004906422,31.493901146082422
Timmins Operation,Underground mining and beneficiation at Timmins Operation,Technosphere (first-tier),market for lime,lime,,kilogram,RoW,0.052898218243805355,0.16796337169676245,31.493901146082422
Timmins Operation,Underground mining and beneficiation at Timmins Operation,Technosphere (first-tier),market for liquefied petroleum gas,liquefied petroleum gas,,kilogram,RoW,0.03555991191706197,0.11291047035462397,31.493901146082422
Timmins Operation,Underground mining and beneficiation at Timmins Operation,Technosphere (first-tier),market for polyacrylamide,polyacrylamide,,kilogram,GLO,0.02571742051557393,0.08165841505720532,31.493901146082422
Timmins Operation,Underground mining and beneficiation at Timmins Operation,Technosphere (first-tier),market for sodium bicarbonate,sodium bicarbonate,,kilogram,RoW,0.021174684483171415,0.06723423809884337,31.493901146082422
Timmins Operation,Underground mining and beneficiation at Timmins Operation,Technosphere (first-tier),"market for hydrochloric acid, without water, in 30% solution state","hydrochloric acid, without water, in 30% solution state",,kilogram,RoW,0.018754367243210543,0.05954920337185167,31.493901146082422
Timmins Operation,Underground mining and beneficiation at Timmins Operation,Technosphere (first-tier),market for ammonium nitrate,ammonium nitrate,,kilogram,RoW,0.0013549177475498458,0.004302159142702416,31.493901146082422
Timmins Operation,Underground mining and beneficiation at Timmins Operation,Technosphere (first-tier),"market for sulfidic tailings, from gold mine operation","sulfidic tailings, from gold mine operation",,kilogram,CA,-0.0,-0.0,31.493901146082422
Voisey's Bay,Open-pit and underground mining and beneficiation at Voisey’s Bay,Biosphere (direct),"Particulate Matter, < 2.5 um",,"('air', 'urban air close to ground')",kilogram,,0.006492159717101526,53.469078522938176,0.012141895645941227
Voisey's Bay,Open-pit and underground mining and beneficiation at Voisey’s Bay,Biosphere (direct),Nitrogen oxides,,"('air', 'low population density, long-term')",kilogram,,0.0027747702102342234,22.852858327453745,0.012141895645941227
Voisey's Bay,Open-pit and underground mining and beneficiation at Voisey’s Bay,Biosphere (direct),Ammonia,,"('air', 'urban air close to ground')",kilogram,,0.0023268752834540696,19.164019781638412,0.012141895645941227
Voisey's Bay,Open-pit and underground mining and beneficiation at Voisey’s Bay,Technosphere (first-tier),"market for steel, low-alloyed","steel, low-alloyed",,kilogram,GLO,0.00026927712595139195,2.2177519376177925,0.012141895645941227
Voisey's Bay,Open-pit and underground mining and beneficiation at Voisey’s Bay,Technosphere (first-tier),"market for electricity, medium voltage","electricity, medium voltage",,kilowatt hour,CA-NF,0.00013805187288170394,1.136987805753805,0.012141895645941227
Voisey's Bay,Open-pit and underground mining and beneficiation at Voisey’s Bay,Technosphere (first-tier),market for diesel,diesel,,kilogram,RoW,8.745719483703232e-05,0.7202927564796471,0.012141895645941227
Voisey's Bay,Open-pit and underground mining and beneficiation at Voisey’s Bay,Technosphere (first-tier),"market for natural gas, high pressure","natural gas, high pressure",,cubic meter,CA,2.8660563466014248e-05,0.23604686040597667,0.012141895645941227
Voisey's Bay,Open-pit and underground mining and beneficiation at Voisey’s Bay,Technosphere (first-tier),market for liquefied petroleum gas,liquefied petroleum gas,,kilogram,RoW,1.0592945178869965e-05,0.08724292719820036,0.012141895645941227
Voisey's Bay,Open-pit and underground mining and beneficiation at Voisey’s Bay,Technosphere (first-tier),market for lime,lime,,kilogram,RoW,6.20300313574687e-06,0.05108760045899752,0.012141895645941227
Voisey's Bay,Open-pit and underground mining and beneficiation at Voisey’s Bay,Technosphere (first-tier),"market for cement, unspecified","cement, unspecified",,kilogram,RoW,5.742277667874892e-06,0.04729309026629966,0.012141895645941227
Voisey's Bay,Open-pit and underground mining and beneficiation at Voisey’s Bay,Technosphere (first-tier),market for sulfuric acid,sulfuric acid,,kilogram,RoW,1.1438007131139053e-06,0.00942028120210581,0.012141895645941227
Voisey's Bay,Open-pit and underground mining and beneficiation at Voisey’s Bay,Technosphere (first-tier),"market for ammonia, anhydrous, liquid","ammonia, anhydrous, liquid",,kilogram,RoW,9.617673325238593e-07,0.007921064062557293,0.012141895645941227
Voisey's Bay,Open-pit and underground mining and beneficiation at Voisey’s Bay,Technosphere (first-tier),"market for sulfidic tailings, from nickel mine operation","sulfidic tailings, from nickel mine operation",,kilogram,CA,-0.0,-0.0,0.012141895645941227
Westwood-Doyon,Underground mining and beneficiation at Westwood-Doyon,Biosphere (direct),"Particulate Matter, < 2.5 um",,"('air', 'urban air close to ground')",kilogram,,19.893055996911627,78.96016158270643,25.193788358797548
Westwood-Doyon,Underground mining and beneficiation at Westwood-Doyon,Biosphere (direct),Nitrogen oxides,,"('air', 'low population density, long-term')",kilogram,,0.02637175114858639,0.10467560802294945,25.193788358797548
Westwood-Doyon,Underground mining and beneficiation at Westwood-Doyon,Biosphere (direct),Sulfur dioxide,,"('air', 'non-urban air or from high stacks')",kilogram,,0.0002657066487804571,0.001054651428345724,25.193788358797548
Westwood-Doyon,Underground mining and beneficiation at Westwood-Doyon,Technosphere (first-tier),"market for explosive, tovex","explosive, tovex",,kilogram,GLO,3.2825908534185397,13.029365836806656,25.193788358797548
Westwood-Doyon,Underground mining and beneficiation at Westwood-Doyon,Technosphere (first-tier),"market for sulfur dioxide, liquid","sulfur dioxide, liquid",,kilogram,RoW,0.4846697571828793,1.9237668836478694,25.193788358797548
Westwood-Doyon,Underground mining and beneficiation at Westwood-Doyon,Technosphere (first-tier),market for sodium cyanide,sodium cyanide,,kilogram,RoW,0.40533029366339385,1.608850117699169,25.193788358797548
Westwood-Doyon,Underground mining and beneficiation at Westwood-Doyon,Technosphere (first-tier),market for diesel,diesel,,kilogram,RoW,0.36249764740622215,1.438837392152815,25.193788358797548
Westwood-Doyon,Underground mining and beneficiation at Westwood-Doyon,Technosphere (first-tier),"market for electricity, medium voltage","electricity, medium voltage",,kilowatt hour,CA-QC,0.29076567388937136,1.154116521693481,25.193788358797548
Westwood-Doyon,Underground mining and beneficiation at Westwood-Doyon,Technosphere (first-tier),"market for cement, unspecified","cement, unspecified",,kilogram,RoW,0.15318975631662182,0.6080457378420768,25.193788358797548
Westwood-Doyon,Underground mining and beneficiation at Westwood-Doyon,Technosphere (first-tier),market for lime,lime,,kilogram,RoW,0.09315537061310447,0.3697553114538849,25.193788358797548
Westwood-Doyon,Underground mining and beneficiation at Westwood-Doyon,Technosphere (first-tier),market for lubricating oil,lubricating oil,,kilogram,RoW,0.05519289473756958,0.2190734237802569,25.193788358797548
Westwood-Doyon,Underground mining and beneficiation at Westwood-Doyon,Technosphere (first-tier),"market for activated carbon, granular","activated carbon, granular",,kilogram,GLO,0.04859729352440885,0.19289395001779838,25.193788358797548
Westwood-Doyon,Underground mining and beneficiation at Westwood-Doyon,Technosphere (first-tier),"market for natural gas, high pressure","natural gas, high pressure",,cubic meter,CA,0.032802406317398405,0.13020037260868697,25.193788358797548
Westwood-Doyon,Underground mining and beneficiation at Westwood-Doyon,Technosphere (first-tier),market for polyacrylamide,polyacrylamide,,kilogram,GLO,0.025064471204972228,0.09948671016846039,25.193788358797548
Westwood-Doyon,Underground mining and beneficiation at Westwood-Doyon,Technosphere (first-tier),"market for sodium hydroxide, without water, in 50% solution state","sodium hydroxide, without water, in 50% solution state",,kilogram,RoW,0.02404804001321656,0.09545225859142815,25.193788358797548
Westwood-Doyon,Underground mining and beneficiation at Westwood-Doyon,Technosphere (first-tier),market for sodium bicarbonate,sodium bicarbonate,,kilogram,RoW,0.016092569751600765,0.06387514859781426,25.193788358797548
Westwood-Doyon,Underground mining and beneficiation at Westwood-Doyon,Technosphere (first-tier),market for propane,propane,,kilogram,GLO,9.869188826387827e-05,0.0003917310364696128,25.193788358797548
Westwood-Doyon,Underground mining and beneficiation at Westwood-Doyon,Technosphere (first-tier),"market for sulfidic tailings, from gold mine operation","sulfidic tailings, from gold mine operation",,kilogram,CA,-0.0,-0.0,25.193788358797548
Éléonore,Underground mining and beneficiation at Éléonore,Biosphere (direct),"Particulate Matter, < 2.5 um",,"('air', 'urban air close to ground')",kilogram,,578.8039641110034,99.04413757028271,584.3899278746087
Éléonore,Underground mining and beneficiation at Éléonore,Biosphere (direct),Nitrogen oxides,,"('air', 'low population density, long-term')",kilogram,,1.2428111734897007,0.2126681371819208,584.3899278746087
Éléonore,Underground mining and beneficiation at Éléonore,Biosphere (direct),Sulfur dioxide,,"('air', 'non-urban air or from high stacks')",kilogram,,0.04163712800057178,0.007124888026733029,584.3899278746087
Éléonore,Underground mining and beneficiation at Éléonore,Technosphere (first-tier),"market for steel, low-alloyed","steel, low-alloyed",,kilogram,GLO,1.4239454614580471,0.243663587193717,584.3899278746087
Éléonore,Underground mining and beneficiation at Éléonore,Technosphere (first-tier),"market for cement, unspecified","cement, unspecified",,kilogram,RoW,0.8463148858724491,0.14482023825264165,584.3899278746087
Éléonore,Underground mining and beneficiation at Éléonore,Technosphere (first-tier),"market for explosive, tovex","explosive, tovex",,kilogram,GLO,0.5512729286199902,0.09433306467565877,584.3899278746087
Éléonore,Underground mining and beneficiation at Éléonore,Technosphere (first-tier),market for sodium cyanide,sodium cyanide,,kilogram,RoW,0.4530987725438664,0.07753363823222614,584.3899278746087
Éléonore,Underground mining and beneficiation at Éléonore,Technosphere (first-tier),market for diesel,diesel,,kilogram,RoW,0.36577198263264066,0.06259039815469297,584.3899278746087
Éléonore,Underground mining and beneficiation at Éléonore,Technosphere (first-tier),"market for electricity, medium voltage","electricity, medium voltage",,kilowatt hour,CA-QC,0.2624840441505083,0.0449159083054609,584.3899278746087
Éléonore,Underground mining and beneficiation at Éléonore,Technosphere (first-tier),market for propane,propane,,kilogram,GLO,0.22661121556421868,0.038777399259496165,584.3899278746087
Éléonore,Underground mining and beneficiation at Éléonore,Technosphere (first-tier),market for synthetic rubber,synthetic rubber,,kilogram,GLO,0.08497528916694065,0.014540854507193631,584.3899278746087
Éléonore,Underground mining and beneficiation at Éléonore,Technosphere (first-tier),market for lubricating oil,lubricating oil,,kilogram,RoW,0.04219199447747956,0.007219836014444897,584.3899278746087
Éléonore,Underground mining and beneficiation at Éléonore,Technosphere (first-tier),market for lime,lime,,kilogram,RoW,0.021796897591761975,0.0037298551107880985,584.3899278746087
Éléonore,Underground mining and beneficiation at Éléonore,Technosphere (first-tier),market for kerosene,kerosene,,kilogram,RoW,0.019498176044904794,0.0033365010440577748,584.3899278746087
Éléonore,Underground mining and beneficiation at Éléonore,Technosphere (first-tier),"market for nitric acid, without water, in 50% solution state","nitric acid, without water, in 50% solution state",,kilogram,RoW,0.0035384105838196555,0.0006054879482075681,584.3899278746087
Éléonore,Underground mining and beneficiation at Éléonore,Technosphere (first-tier),market for sulfuric acid,sulfuric acid,,kilogram,RoW,1.1778471635308134e-05,2.0155158522573675e-06,584.3899278746087
Éléonore,Underground mining and beneficiation at Éléonore,Technosphere (first-tier),"market for sulfidic tailings, from gold mine operation","sulfidic tailings, from gold mine operation",,kilogram,CA,-0.0,-0.0,584.3899278746087
