lci_name,activity_name,flow_type,name,reference_product,categories,unit,location,impact_score,share_%,total_score
Brucejack,Underground mining and beneficiation at Brucejack,Biosphere (direct),"Transformation, to mineral extraction site",,"('natural resource', 'land')",square meter,,14.229149328593408,69.37703268430468,20.509884580019666
Brucejack,Underground mining and beneficiation at Brucejack,Technosphere (first-tier),market for diesel,diesel,,kilogram,RoW,3.14458512235774,15.332046897139218,20.509884580019666
Brucejack,Underground mining and beneficiation at Brucejack,Technosphere (first-tier),"market for electricity, medium voltage","electricity, medium voltage",,kilowatt hour,CA-BC,1.1896136563194613,5.800196737715238,20.509884580019666
Brucejack,Underground mining and beneficiation at Brucejack,Technosphere (first-tier),"market for sulfidic tailings, from gold mine operation","sulfidic tailings, from gold mine operation",,kilogram,CA,0.9290231945278083,4.529636385339997,20.509884580019666
Brucejack,Underground mining and beneficiation at Brucejack,Technosphere (first-tier),market for kerosene,kerosene,,kilogram,RoW,0.5793365207582984,2.824669824435175,20.509884580019666
Brucejack,Underground mining and beneficiation at Brucejack,Technosphere (first-tier),market for propane,propane,,kilogram,GLO,0.1825294385214971,0.889958389621138,20.509884580019666
Brucejack,Underground mining and beneficiation at Brucejack,Technosphere (first-tier),"market for steel, low-alloyed","steel, low-alloyed",,kilogram,GLO,0.09101989907728011,0.44378552557019235,20.509884580019666
Brucejack,Underground mining and beneficiation at Brucejack,Technosphere (first-tier),"market for explosive, tovex","explosive, tovex",,kilogram,GLO,0.06664640643256807,0.32494774006428934,20.509884580019666
Brucejack,Underground mining and beneficiation at Brucejack,Technosphere (first-tier),market for sodium cyanide,sodium cyanide,,kilogram,RoW,0.04302200479490812,0.209762295965426,20.509884580019666
Brucejack,Underground mining and beneficiation at Brucejack,Technosphere (first-tier),market for light fuel oil,light fuel oil,,kilogram,RoW,0.018744737150208666,0.0913936744844943,20.509884580019666
Brucejack,Underground mining and beneficiation at Brucejack,Technosphere (first-tier),"market for cement, unspecified","cement, unspecified",,kilogram,RoW,0.018076409640007153,0.0881351114848147,20.509884580019666
Brucejack,Underground mining and beneficiation at Brucejack,Technosphere (first-tier),"market for sulfur dioxide, liquid","sulfur dioxide, liquid",,kilogram,RoW,0.006632615504107356,0.032338629104567085,20.509884580019666
Brucejack,Underground mining and beneficiation at Brucejack,Technosphere (first-tier),market for lime,lime,,kilogram,RoW,0.0037734061243303633,0.01839798809987621,20.509884580019666
Brucejack,Underground mining and beneficiation at Brucejack,Technosphere (first-tier),"market for activated carbon, granular","activated carbon, granular",,kilogram,GLO,0.00259067743262229,0.012631360369263503,20.509884580019666
Brucejack,Underground mining and beneficiation at Brucejack,Technosphere (first-tier),market for polyacrylamide,polyacrylamide,,kilogram,GLO,0.002426782482061839,0.011832258112393102,20.509884580019666
Brucejack,Underground mining and beneficiation at Brucejack,Technosphere (first-tier),"market for hydrochloric acid, without water, in 30% solution state","hydrochloric acid, without water, in 30% solution state",,kilogram,RoW,0.0013561850524594057,0.006612348534523568,20.509884580019666
Brucejack,Underground mining and beneficiation at Brucejack,Technosphere (first-tier),market for sodium bicarbonate,sodium bicarbonate,,kilogram,RoW,0.0011607127072345753,0.005659284442611244,20.509884580019666
Brucejack,Underground mining and beneficiation at Brucejack,Technosphere (first-tier),market for acetylene,acetylene,,kilogram,RoW,0.0001983109798528619,0.000966904416644317,20.509884580019666
Canadian Malartic,Open-pit mining and beneficiation at Canadian Malartic,Biosphere (direct),"Transformation, to mineral extraction site",,"('natural resource', 'land')",square meter,,34.465723016305766,87.40822994950523,39.43075272913802
Canadian Malartic,Open-pit mining and beneficiation at Canadian Malartic,Technosphere (first-tier),"market for sulfidic tailings, from gold mine operation","sulfidic tailings, from gold mine operation",,kilogram,CA,3.074607228313804,7.797485504358052,39.43075272913802
Canadian Malartic,Open-pit mining and beneficiation at Canadian Malartic,Technosphere (first-tier),market for diesel,diesel,,kilogram,RoW,0.6597620371854233,1.6732169474864753,39.43075272913802
Canadian Malartic,Open-pit mining and beneficiation at Canadian Malartic,Technosphere (first-tier),"market for electricity, medium voltage","electricity, medium voltage",,kilowatt hour,CA-QC,0.4799357893992859,1.2171611145648489,39.43075272913802
Canadian Malartic,Open-pit mining and beneficiation at Canadian Malartic,Technosphere (first-tier),"market for steel, low-alloyed","steel, low-alloyed",,kilogram,GLO,0.30122967699300945,0.7639460475488481,39.43075272913802
Canadian Malartic,Open-pit mining and beneficiation at Canadian Malartic,Technosphere (first-tier),"market for explosive, tovex","explosive, tovex",,kilogram,GLO,0.22056578491019815,0.5593750300059764,39.43075272913802
Canadian Malartic,Open-pit mining and beneficiation at Canadian Malartic,Technosphere (first-tier),market for sodium cyanide,sodium cyanide,,kilogram,RoW,0.14238100392704955,0.36109126524950846,39.43075272913802
Canadian Malartic,Open-pit mining and beneficiation at Canadian Malartic,Technosphere (first-tier),"market for sulfur dioxide, liquid","sulfur dioxide, liquid",,kilogram,RoW,0.02195059153191042,0.05566871036598208,39.43075272913802
Canadian Malartic,Open-pit mining and beneficiation at Canadian Malartic,Technosphere (first-tier),"market for natural gas, high pressure","natural gas, high pressure",,cubic meter,CA,0.01653431741906968,0.041932543191982655,39.43075272913802
Canadian Malartic,Open-pit mining and beneficiation at Canadian Malartic,Technosphere (first-tier),market for lime,lime,,kilogram,RoW,0.012488059419077144,0.03167086234660917,39.43075272913802
Canadian Malartic,Open-pit mining and beneficiation at Canadian Malartic,Technosphere (first-tier),market for light fuel oil,light fuel oil,,kilogram,RoW,0.010440922880450378,0.026479136607338673,39.43075272913802
Canadian Malartic,Open-pit mining and beneficiation at Canadian Malartic,Technosphere (first-tier),"market for activated carbon, granular","activated carbon, granular",,kilogram,GLO,0.008573827636957772,0.021744012080758473,39.43075272913802
Canadian Malartic,Open-pit mining and beneficiation at Canadian Malartic,Technosphere (first-tier),market for polyacrylamide,polyacrylamide,,kilogram,GLO,0.00803141852072493,0.020368412888019705,39.43075272913802
Canadian Malartic,Open-pit mining and beneficiation at Canadian Malartic,Technosphere (first-tier),"market for hydrochloric acid, without water, in 30% solution state","hydrochloric acid, without water, in 30% solution state",,kilogram,RoW,0.004488284314051361,0.011382700058715002,39.43075272913802
Canadian Malartic,Open-pit mining and beneficiation at Canadian Malartic,Technosphere (first-tier),market for sodium bicarbonate,sodium bicarbonate,,kilogram,RoW,0.0038413700457423186,0.009742066229701148,39.43075272913802
Canadian Malartic,Open-pit mining and beneficiation at Canadian Malartic,Technosphere (first-tier),market for propane,propane,,kilogram,GLO,0.0002012672444781439,0.0005104321641047802,39.43075272913802
Casa Berardi,Open-pit and underground mining and beneficiation at Casa Berardi,Biosphere (direct),"Transformation, to mineral extraction site",,"('natural resource', 'land')",square meter,,92.77530663724886,95.80859316992296,96.83401411886473
Casa Berardi,Open-pit and underground mining and beneficiation at Casa Berardi,Technosphere (first-tier),"market for sulfidic tailings, from gold mine operation","sulfidic tailings, from gold mine operation",,kilogram,CA,1.994250405096706,2.059452376567539,96.83401411886473
Casa Berardi,Open-pit and underground mining and beneficiation at Casa Berardi,Technosphere (first-tier),market for diesel,diesel,,kilogram,RoW,0.843227798559801,0.8707971121849089,96.83401411886473
Casa Berardi,Open-pit and underground mining and beneficiation at Casa Berardi,Technosphere (first-tier),"market for electricity, medium voltage","electricity, medium voltage",,kilowatt hour,CA-QC,0.8089203045513511,0.835367935443008,96.83401411886473
Casa Berardi,Open-pit and underground mining and beneficiation at Casa Berardi,Technosphere (first-tier),"market for explosive, tovex","explosive, tovex",,kilogram,GLO,0.3248909776560958,0.3355132807541045,96.83401411886473
Casa Berardi,Open-pit and underground mining and beneficiation at Casa Berardi,Technosphere (first-tier),market for propane,propane,,kilogram,GLO,0.0486165777402406,0.05020609563966156,96.83401411886473
Casa Berardi,Open-pit and underground mining and beneficiation at Casa Berardi,Technosphere (first-tier),"market for cement, unspecified","cement, unspecified",,kilogram,RoW,0.03880288532617363,0.040071544776138994,96.83401411886473
Cigar Lake + McClean Lake,Underground mining and beneficiation at Cigar Lake + McClean Lake,Biosphere (direct),"Transformation, to mineral extraction site",,"('natural resource', 'land')",square meter,,0.03292816300669708,97.63521351229512,0.0337257038952964
Cigar Lake + McClean Lake,Underground mining and beneficiation at Cigar Lake + McClean Lake,Technosphere (first-tier),"market for electricity, medium voltage","electricity, medium voltage",,kilowatt hour,CA-SK,0.0004065575570217184,1.2054827922462412,0.0337257038952964
Cigar Lake + McClean Lake,Underground mining and beneficiation at Cigar Lake + McClean Lake,Technosphere (first-tier),market for diesel,diesel,,kilogram,RoW,0.00032211718234975896,0.955108849172703,0.0337257038952964
Cigar Lake + McClean Lake,Underground mining and beneficiation at Cigar Lake + McClean Lake,Technosphere (first-tier),"market for natural gas, high pressure","natural gas, high pressure",,cubic meter,CA,2.9242698763207167e-05,0.08670745273098818,0.0337257038952964
Cigar Lake + McClean Lake,Underground mining and beneficiation at Cigar Lake + McClean Lake,Technosphere (first-tier),market for liquefied petroleum gas,liquefied petroleum gas,,kilogram,RoW,2.0773076582615215e-05,0.06159419725413754,0.0337257038952964
Cigar Lake + McClean Lake,Underground mining and beneficiation at Cigar Lake + McClean Lake,Technosphere (first-tier),"market for sulfidic tailings, from copper mine operation","sulfidic tailings, from copper mine operation",,kilogram,CA,1.8298254520480413e-05,0.05425610856718813,0.0337257038952964
Cigar Lake + McClean Lake,Underground mining and beneficiation at Cigar Lake + McClean Lake,Technosphere (first-tier),"market for cement, unspecified","cement, unspecified",,kilogram,RoW,4.562622723356123e-07,0.0013528621189111652,0.0337257038952964
Cigar Lake + McClean Lake,Underground mining and beneficiation at Cigar Lake + McClean Lake,Technosphere (first-tier),"market for ammonia, anhydrous, liquid","ammonia, anhydrous, liquid",,kilogram,RoW,4.9890343414836694e-08,0.00014792973208127677,0.0337257038952964
Cigar Lake + McClean Lake,Underground mining and beneficiation at Cigar Lake + McClean Lake,Technosphere (first-tier),"market for hydrogen peroxide, without water, in 50% solution state","hydrogen peroxide, without water, in 50% solution state",,kilogram,RoW,2.2850442953556662e-08,6.775379106837124e-05,0.0337257038952964
Cigar Lake + McClean Lake,Underground mining and beneficiation at Cigar Lake + McClean Lake,Technosphere (first-tier),market for lime,lime,,kilogram,RoW,2.2194202543984098e-08,6.58079742764967e-05,0.0337257038952964
Copper Mountain,Open-pit mining and beneficiation at Copper Mountain,Biosphere (direct),"Transformation, to mineral extraction site",,"('natural resource', 'land')",square meter,,0.010961052704721913,93.83488094323008,0.011681213419296956
Copper Mountain,Open-pit mining and beneficiation at Copper Mountain,Technosphere (first-tier),"market for sulfidic tailings, from copper mine operation","sulfidic tailings, from copper mine operation",,kilogram,CA,0.0005515071502389409,4.721317301915487,0.011681213419296956
Copper Mountain,Open-pit mining and beneficiation at Copper Mountain,Technosphere (first-tier),market for diesel,diesel,,kilogram,RoW,0.00010914691106322484,0.9343799068247307,0.011681213419296956
Copper Mountain,Open-pit mining and beneficiation at Copper Mountain,Technosphere (first-tier),"market for steel, low-alloyed","steel, low-alloyed",,kilogram,GLO,2.9493014256421317e-05,0.25248245364389876,0.011681213419296956
Copper Mountain,Open-pit mining and beneficiation at Copper Mountain,Technosphere (first-tier),"market for electricity, medium voltage","electricity, medium voltage",,kilowatt hour,CA-BC,1.2919221778613177e-05,0.11059828559652095,0.011681213419296956
Copper Mountain,Open-pit mining and beneficiation at Copper Mountain,Technosphere (first-tier),"market for explosive, tovex","explosive, tovex",,kilogram,GLO,8.33373402846413e-06,0.07134305084005307,0.011681213419296956
Copper Mountain,Open-pit mining and beneficiation at Copper Mountain,Technosphere (first-tier),market for polyacrylamide,polyacrylamide,,kilogram,GLO,5.905830359329247e-06,0.05055836365058635,0.011681213419296956
Copper Mountain,Open-pit mining and beneficiation at Copper Mountain,Technosphere (first-tier),market for lime,lime,,kilogram,RoW,1.0727270730689086e-06,0.009183353086390846,0.011681213419296956
Copper Mountain,Open-pit mining and beneficiation at Copper Mountain,Technosphere (first-tier),"market for chemical, organic","chemical, organic",,kilogram,GLO,7.731243378155619e-07,0.006618527631199576,0.011681213419296956
Copper Mountain,Open-pit mining and beneficiation at Copper Mountain,Technosphere (first-tier),"market for natural gas, high pressure","natural gas, high pressure",,cubic meter,CA,4.240755245472169e-07,0.003630406442593189,0.011681213419296956
Copper Mountain,Open-pit mining and beneficiation at Copper Mountain,Technosphere (first-tier),market for liquefied petroleum gas,liquefied petroleum gas,,kilogram,RoW,3.012496698600133e-07,0.0025789244579878952,0.011681213419296956
Copper Mountain,Open-pit mining and beneficiation at Copper Mountain,Technosphere (first-tier),market for sodium bicarbonate,sodium bicarbonate,,kilogram,RoW,2.844744416235642e-07,0.002435315847869215,0.011681213419296956
Detour Lake,Open-pit mining and beneficiation at Detour Lake,Biosphere (direct),"Transformation, to mineral extraction site",,"('natural resource', 'land')",square meter,,22.514620107265532,72.08101513728063,31.23515958312422
Detour Lake,Open-pit mining and beneficiation at Detour Lake,Technosphere (first-tier),"market for sulfidic tailings, from gold mine operation","sulfidic tailings, from gold mine operation",,kilogram,CA,5.457198797328673,17.471333171216124,31.23515958312422
Detour Lake,Open-pit mining and beneficiation at Detour Lake,Technosphere (first-tier),market for diesel,diesel,,kilogram,RoW,1.2314169208748122,3.9424063693278653,31.23515958312422
Detour Lake,Open-pit mining and beneficiation at Detour Lake,Technosphere (first-tier),"market for electricity, medium voltage","electricity, medium voltage",,kilowatt hour,CA-ON,0.5659476634200256,1.8118929788525768,31.23515958312422
Detour Lake,Open-pit mining and beneficiation at Detour Lake,Technosphere (first-tier),"market for steel, low-alloyed","steel, low-alloyed",,kilogram,GLO,0.5346598464479616,1.7117243951486913,31.23515958312422
Detour Lake,Open-pit mining and beneficiation at Detour Lake,Technosphere (first-tier),"market for explosive, tovex","explosive, tovex",,kilogram,GLO,0.5216689531396709,1.6701337854586118,31.23515958312422
Detour Lake,Open-pit mining and beneficiation at Detour Lake,Technosphere (first-tier),market for sodium cyanide,sodium cyanide,,kilogram,RoW,0.2527154909059958,0.8090737946558575,31.23515958312422
Detour Lake,Open-pit mining and beneficiation at Detour Lake,Technosphere (first-tier),"market for sulfur dioxide, liquid","sulfur dioxide, liquid",,kilogram,RoW,0.03896063633254005,0.12473327126393094,31.23515958312422
Detour Lake,Open-pit mining and beneficiation at Detour Lake,Technosphere (first-tier),market for propane,propane,,kilogram,GLO,0.030349842071905612,0.09716563794443706,31.23515958312422
Detour Lake,Open-pit mining and beneficiation at Detour Lake,Technosphere (first-tier),market for lime,lime,,kilogram,RoW,0.02216535899811676,0.07096284857815259,31.23515958312422
Detour Lake,Open-pit mining and beneficiation at Detour Lake,Technosphere (first-tier),market for light fuel oil,light fuel oil,,kilogram,RoW,0.021199970156071564,0.06787213652503801,31.23515958312422
Detour Lake,Open-pit mining and beneficiation at Detour Lake,Technosphere (first-tier),"market for activated carbon, granular","activated carbon, granular",,kilogram,GLO,0.01521789424470788,0.04872039857587226,31.23515958312422
Detour Lake,Open-pit mining and beneficiation at Detour Lake,Technosphere (first-tier),market for polyacrylamide,polyacrylamide,,kilogram,GLO,0.014255159172612856,0.045638182621338855,31.23515958312422
Detour Lake,Open-pit mining and beneficiation at Detour Lake,Technosphere (first-tier),"market for hydrochloric acid, without water, in 30% solution state","hydrochloric acid, without water, in 30% solution state",,kilogram,RoW,0.007966364490113583,0.025504478275237188,31.23515958312422
Detour Lake,Open-pit mining and beneficiation at Detour Lake,Technosphere (first-tier),market for sodium bicarbonate,sodium bicarbonate,,kilogram,RoW,0.00681814069353482,0.021828416388877794,31.23515958312422
Eagle River,Underground mining and beneficiation at Eagle River,Biosphere (direct),"Transformation, to mineral extraction site",,"('natural resource', 'land')",square meter,,6.6859947397504165,82.35921676757324,8.118089270590113
Eagle River,Underground mining and beneficiation at Eagle River,Technosphere (first-tier),"market for sulfidic tailings, from gold mine operation","sulfidic tailings, from gold mine operation",,kilogram,CA,0.41309226432190277,5.088540548801758,8.118089270590113
Eagle River,Underground mining and beneficiation at Eagle River,Technosphere (first-tier),market for diesel,diesel,,kilogram,RoW,0.3938196564427258,4.851137297411102,8.118089270590113
Eagle River,Underground mining and beneficiation at Eagle River,Technosphere (first-tier),"market for explosive, tovex","explosive, tovex",,kilogram,GLO,0.33583451006877696,4.136866433403544,8.118089270590113
Eagle River,Underground mining and beneficiation at Eagle River,Technosphere (first-tier),"market for electricity, medium voltage","electricity, medium voltage",,kilowatt hour,CA-ON,0.2567360527291071,3.162518225307033,8.118089270590113
Eagle River,Underground mining and beneficiation at Eagle River,Technosphere (first-tier),"market for natural gas, high pressure","natural gas, high pressure",,cubic meter,CA,0.014368029295298849,0.17698782085768344,8.118089270590113
Eagle River,Underground mining and beneficiation at Eagle River,Technosphere (first-tier),market for liquefied petroleum gas,liquefied petroleum gas,,kilogram,RoW,0.010206587815623615,0.12572647916794447,8.118089270590113
Eagle River,Underground mining and beneficiation at Eagle River,Technosphere (first-tier),"market for cement, unspecified","cement, unspecified",,kilogram,RoW,0.008037772084979817,0.09901063929043913,8.118089270590113
Gibraltar (Cu),Open-pit mining and beneficiation at Gibraltar,Biosphere (direct),"Transformation, to mineral extraction site",,"('natural resource', 'land')",square meter,,0.006239681817084948,86.62098976323453,0.007203429369879265
Gibraltar (Cu),Open-pit mining and beneficiation at Gibraltar,Technosphere (first-tier),"market for sulfidic tailings, from copper mine operation","sulfidic tailings, from copper mine operation",,kilogram,CA,0.000808714072965156,11.226792565590335,0.007203429369879265
Gibraltar (Cu),Open-pit mining and beneficiation at Gibraltar,Technosphere (first-tier),market for diesel,diesel,,kilogram,RoW,6.789126268620381e-05,0.9424852969349198,0.007203429369879265
Gibraltar (Cu),Open-pit mining and beneficiation at Gibraltar,Technosphere (first-tier),"market for steel, low-alloyed","steel, low-alloyed",,kilogram,GLO,4.3115444228219676e-05,0.5985405286057844,0.007203429369879265
Gibraltar (Cu),Open-pit mining and beneficiation at Gibraltar,Technosphere (first-tier),"market for electricity, medium voltage","electricity, medium voltage",,kilowatt hour,CA-BC,1.7182512050567934e-05,0.23853238739891922,0.007203429369879265
Gibraltar (Cu),Open-pit mining and beneficiation at Gibraltar,Technosphere (first-tier),"market for explosive, tovex","explosive, tovex",,kilogram,GLO,1.2182974639115768e-05,0.1691274254740137,0.007203429369879265
Gibraltar (Cu),Open-pit mining and beneficiation at Gibraltar,Technosphere (first-tier),market for polyacrylamide,polyacrylamide,,kilogram,GLO,8.63365464327021e-06,0.11985478304779874,0.007203429369879265
Gibraltar (Cu),Open-pit mining and beneficiation at Gibraltar,Technosphere (first-tier),"market for natural gas, high pressure","natural gas, high pressure",,cubic meter,CA,2.903813356127338e-06,0.040311540615216836,0.007203429369879265
Gibraltar (Cu),Open-pit mining and beneficiation at Gibraltar,Technosphere (first-tier),market for lime,lime,,kilogram,RoW,1.5682054024347104e-06,0.021770261384002364,0.007203429369879265
Gibraltar (Cu),Open-pit mining and beneficiation at Gibraltar,Technosphere (first-tier),"market for chemical, organic","chemical, organic",,kilogram,GLO,1.1302201592130548e-06,0.01569002902893734,0.007203429369879265
Gibraltar (Cu),Open-pit mining and beneficiation at Gibraltar,Technosphere (first-tier),market for sodium bicarbonate,sodium bicarbonate,,kilogram,RoW,4.158693925123035e-07,0.005773213995145673,0.007203429369879265
Gibraltar (Cu),Open-pit mining and beneficiation at Gibraltar,Technosphere (first-tier),market for propane,propane,,kilogram,GLO,9.525945677261217e-09,0.00013224181411555756,0.007203429369879265
Gibraltar (Mo),Open-pit mining and beneficiation at Gibraltar,Biosphere (direct),"Transformation, to mineral extraction site",,"('natural resource', 'land')",square meter,,0.02644178207703854,86.62099077322165,0.03052583656802602
Gibraltar (Mo),Open-pit mining and beneficiation at Gibraltar,Technosphere (first-tier),"market for sulfidic tailings, from copper mine operation","sulfidic tailings, from copper mine operation",,kilogram,CA,0.0034270723903624865,11.226792696492842,0.03052583656802602
Gibraltar (Mo),Open-pit mining and beneficiation at Gibraltar,Technosphere (first-tier),market for diesel,diesel,,kilogram,RoW,0.0002877015247745795,0.9424853079241392,0.03052583656802602
Gibraltar (Mo),Open-pit mining and beneficiation at Gibraltar,Technosphere (first-tier),"market for steel, low-alloyed","steel, low-alloyed",,kilogram,GLO,0.00018270950568596283,0.5985405355846662,0.03052583656802602
Gibraltar (Mo),Open-pit mining and beneficiation at Gibraltar,Technosphere (first-tier),"market for electricity, medium voltage","electricity, medium voltage",,kilowatt hour,CA-BC,7.281400758820381e-05,0.23853239018016664,0.03052583656802602
Gibraltar (Mo),Open-pit mining and beneficiation at Gibraltar,Technosphere (first-tier),"market for explosive, tovex","explosive, tovex",,kilogram,GLO,5.162756209387624e-05,0.16912742744601145,0.03052583656802602
Gibraltar (Mo),Open-pit mining and beneficiation at Gibraltar,Technosphere (first-tier),market for polyacrylamide,polyacrylamide,,kilogram,GLO,3.658667561872767e-05,0.11985478444528533,0.03052583656802602
Gibraltar (Mo),Open-pit mining and beneficiation at Gibraltar,Technosphere (first-tier),"market for natural gas, high pressure","natural gas, high pressure",,cubic meter,CA,1.2305435149733814e-05,0.04031154108524259,0.03052583656802602
Gibraltar (Mo),Open-pit mining and beneficiation at Gibraltar,Technosphere (first-tier),market for lime,lime,,kilogram,RoW,6.645554487998684e-06,0.02177026163783994,0.03052583656802602
Gibraltar (Mo),Open-pit mining and beneficiation at Gibraltar,Technosphere (first-tier),"market for chemical, organic","chemical, organic",,kilogram,GLO,4.789512674694299e-06,0.015690029211880882,0.03052583656802602
Gibraltar (Mo),Open-pit mining and beneficiation at Gibraltar,Technosphere (first-tier),market for sodium bicarbonate,sodium bicarbonate,,kilogram,RoW,1.7623218894289654e-06,0.005773214062460426,0.03052583656802602
Gibraltar (Mo),Open-pit mining and beneficiation at Gibraltar,Technosphere (first-tier),market for propane,propane,,kilogram,GLO,4.036792052219237e-08,0.0001322418156574793,0.03052583656802602
Goldex (Au),Underground mining and beneficiation at Goldex,Biosphere (direct),"Transformation, to mineral extraction site",,"('natural resource', 'land')",square meter,,15.712021209557399,74.11523341056294,21.199449136887036
Goldex (Au),Underground mining and beneficiation at Goldex,Technosphere (first-tier),"market for sulfidic tailings, from gold mine operation","sulfidic tailings, from gold mine operation",,kilogram,CA,3.3104709088170687,15.615834578724266,21.199449136887036
Goldex (Au),Underground mining and beneficiation at Goldex,Technosphere (first-tier),"market for electricity, medium voltage","electricity, medium voltage",,kilowatt hour,CA-QC,0.8230072091918159,3.8822103530972583,21.199449136887036
Goldex (Au),Underground mining and beneficiation at Goldex,Technosphere (first-tier),"market for explosive, tovex","explosive, tovex",,kilogram,GLO,0.473331132385988,2.232752036761144,21.199449136887036
Goldex (Au),Underground mining and beneficiation at Goldex,Technosphere (first-tier),"market for steel, low-alloyed","steel, low-alloyed",,kilogram,GLO,0.3243526190045314,1.530004939798921,21.199449136887036
Goldex (Au),Underground mining and beneficiation at Goldex,Technosphere (first-tier),market for diesel,diesel,,kilogram,RoW,0.21586844735949923,1.0182738521440549,21.199449136887036
Goldex (Au),Underground mining and beneficiation at Goldex,Technosphere (first-tier),market for sodium cyanide,sodium cyanide,,kilogram,RoW,0.1533104307026984,0.7231812001941988,21.199449136887036
Goldex (Au),Underground mining and beneficiation at Goldex,Technosphere (first-tier),"market for cement, unspecified","cement, unspecified",,kilogram,RoW,0.06441592298357758,0.30385658876151594,21.199449136887036
Goldex (Au),Underground mining and beneficiation at Goldex,Technosphere (first-tier),"market for natural gas, high pressure","natural gas, high pressure",,cubic meter,CA,0.05661768348959282,0.2670714843768184,21.199449136887036
Goldex (Au),Underground mining and beneficiation at Goldex,Technosphere (first-tier),"market for sulfur dioxide, liquid","sulfur dioxide, liquid",,kilogram,RoW,0.023635559162515907,0.11149138361991699,21.199449136887036
Goldex (Au),Underground mining and beneficiation at Goldex,Technosphere (first-tier),market for lime,lime,,kilogram,RoW,0.013446665744543748,0.06342931676062541,21.199449136887036
Goldex (Au),Underground mining and beneficiation at Goldex,Technosphere (first-tier),"market for activated carbon, granular","activated carbon, granular",,kilogram,GLO,0.009231970357971147,0.043548161550610864,21.199449136887036
Goldex (Au),Underground mining and beneficiation at Goldex,Technosphere (first-tier),market for polyacrylamide,polyacrylamide,,kilogram,GLO,0.008647924924007684,0.040793158672035,21.199449136887036
Goldex (Au),Underground mining and beneficiation at Goldex,Technosphere (first-tier),"market for hydrochloric acid, without water, in 30% solution state","hydrochloric acid, without water, in 30% solution state",,kilogram,RoW,0.0048328132428110656,0.022796881237833543,21.199449136887036
Goldex (Au),Underground mining and beneficiation at Goldex,Technosphere (first-tier),market for sodium bicarbonate,sodium bicarbonate,,kilogram,RoW,0.004136240649791594,0.019511076080720117,21.199449136887036
Goldex (Au),Underground mining and beneficiation at Goldex,Technosphere (first-tier),market for light fuel oil,light fuel oil,,kilogram,RoW,0.0021226726445281864,0.010012866989240473,21.199449136887036
Goldex (Cu),Underground mining and beneficiation at Goldex,Biosphere (direct),"Transformation, to mineral extraction site",,"('natural resource', 'land')",square meter,,0.002093191430600654,74.11523529500349,0.00282423906807966
Goldex (Cu),Underground mining and beneficiation at Goldex,Technosphere (first-tier),"market for sulfidic tailings, from gold mine operation","sulfidic tailings, from gold mine operation",,kilogram,CA,0.00044102851219254743,15.615834975770113,0.00282423906807966
Goldex (Cu),Underground mining and beneficiation at Goldex,Technosphere (first-tier),"market for electricity, medium voltage","electricity, medium voltage",,kilowatt hour,CA-QC,0.00010964290428496999,3.882210451805754,0.00282423906807966
Goldex (Cu),Underground mining and beneficiation at Goldex,Technosphere (first-tier),"market for explosive, tovex","explosive, tovex",,kilogram,GLO,6.305825691886226e-05,2.232752093530761,0.00282423906807966
Goldex (Cu),Underground mining and beneficiation at Goldex,Technosphere (first-tier),"market for steel, low-alloyed","steel, low-alloyed",,kilogram,GLO,4.321099835202611e-05,1.530004978700596,0.00282423906807966
Goldex (Cu),Underground mining and beneficiation at Goldex,Technosphere (first-tier),market for diesel,diesel,,kilogram,RoW,2.8758488683501093e-05,1.0182738780345324,0.00282423906807966
Goldex (Cu),Underground mining and beneficiation at Goldex,Technosphere (first-tier),market for sodium cyanide,sodium cyanide,,kilogram,RoW,2.0424366508198753e-05,0.7231812185816936,0.00282423906807966
Goldex (Cu),Underground mining and beneficiation at Goldex,Technosphere (first-tier),"market for cement, unspecified","cement, unspecified",,kilogram,RoW,8.58163670893228e-06,0.3038565964873278,0.00282423906807966
Goldex (Cu),Underground mining and beneficiation at Goldex,Technosphere (first-tier),"market for natural gas, high pressure","natural gas, high pressure",,cubic meter,CA,7.542737393250872e-06,0.26707149116733775,0.00282423906807966
Goldex (Cu),Underground mining and beneficiation at Goldex,Technosphere (first-tier),"market for sulfur dioxide, liquid","sulfur dioxide, liquid",,kilogram,RoW,3.1487832937967485e-06,0.11149138645468006,0.00282423906807966
Goldex (Cu),Underground mining and beneficiation at Goldex,Technosphere (first-tier),market for lime,lime,,kilogram,RoW,1.791395590117336e-06,0.06342931837336967,0.00282423906807966
Goldex (Cu),Underground mining and beneficiation at Goldex,Technosphere (first-tier),"market for activated carbon, granular","activated carbon, granular",,kilogram,GLO,1.2299042232141492e-06,0.04354816265785963,0.00282423906807966
Goldex (Cu),Underground mining and beneficiation at Goldex,Technosphere (first-tier),market for polyacrylamide,polyacrylamide,,kilogram,GLO,1.1520963536123641e-06,0.040793159709235645,0.00282423906807966
Goldex (Cu),Underground mining and beneficiation at Goldex,Technosphere (first-tier),"market for hydrochloric acid, without water, in 30% solution state","hydrochloric acid, without water, in 30% solution state",,kilogram,RoW,6.438384425927547e-07,0.022796881817463574,0.00282423906807966
Goldex (Cu),Underground mining and beneficiation at Goldex,Technosphere (first-tier),market for sodium bicarbonate,sodium bicarbonate,,kilogram,RoW,5.510394472850789e-07,0.019511076576805446,0.00282423906807966
Goldex (Cu),Underground mining and beneficiation at Goldex,Technosphere (first-tier),market for light fuel oil,light fuel oil,,kilogram,RoW,2.827873085350884e-07,0.01001286724382612,0.00282423906807966
Hemlo,Open-pit and underground mining and beneficiation at Hemlo (Williams),Biosphere (direct),"Transformation, to mineral extraction site",,"('natural resource', 'land')",square meter,,41.15938150515527,94.37260671214523,43.61369568894009
Hemlo,Open-pit and underground mining and beneficiation at Hemlo (Williams),Technosphere (first-tier),"market for sulfidic tailings, from gold mine operation","sulfidic tailings, from gold mine operation",,kilogram,CA,1.4567882741422082,3.3402082789137086,43.61369568894009
Hemlo,Open-pit and underground mining and beneficiation at Hemlo (Williams),Technosphere (first-tier),market for diesel,diesel,,kilogram,RoW,0.2829104902433003,0.6486735090304282,43.61369568894009
Hemlo,Open-pit and underground mining and beneficiation at Hemlo (Williams),Technosphere (first-tier),"market for electricity, medium voltage","electricity, medium voltage",,kilowatt hour,CA-ON,0.27664943084659627,0.6343177904933913,43.61369568894009
Hemlo,Open-pit and underground mining and beneficiation at Hemlo (Williams),Technosphere (first-tier),"market for steel, low-alloyed","steel, low-alloyed",,kilogram,GLO,0.14272674366152993,0.32725211979163626,43.61369568894009
Hemlo,Open-pit and underground mining and beneficiation at Hemlo (Williams),Technosphere (first-tier),"market for explosive, tovex","explosive, tovex",,kilogram,GLO,0.10450708760715019,0.23961988535094936,43.61369568894009
Hemlo,Open-pit and underground mining and beneficiation at Hemlo (Williams),Technosphere (first-tier),market for sodium cyanide,sodium cyanide,,kilogram,RoW,0.06746206832150502,0.1546809259244054,43.61369568894009
Hemlo,Open-pit and underground mining and beneficiation at Hemlo (Williams),Technosphere (first-tier),"market for natural gas, high pressure","natural gas, high pressure",,cubic meter,CA,0.05400648947659874,0.12382919774050272,43.61369568894009
Hemlo,Open-pit and underground mining and beneficiation at Hemlo (Williams),Technosphere (first-tier),"market for cement, unspecified","cement, unspecified",,kilogram,RoW,0.028345308126738102,0.06499175930630005,43.61369568894009
Hemlo,Open-pit and underground mining and beneficiation at Hemlo (Williams),Technosphere (first-tier),market for liquefied petroleum gas,liquefied petroleum gas,,kilogram,RoW,0.012788160114085486,0.02932143197699343,43.61369568894009
Hemlo,Open-pit and underground mining and beneficiation at Hemlo (Williams),Technosphere (first-tier),"market for sulfur dioxide, liquid","sulfur dioxide, liquid",,kilogram,RoW,0.010400490688925823,0.023846845640194767,43.61369568894009
Hemlo,Open-pit and underground mining and beneficiation at Hemlo (Williams),Technosphere (first-tier),market for lime,lime,,kilogram,RoW,0.005917013467361456,0.013566870162901465,43.61369568894009
Hemlo,Open-pit and underground mining and beneficiation at Hemlo (Williams),Technosphere (first-tier),"market for activated carbon, granular","activated carbon, granular",,kilogram,GLO,0.0040623968778700755,0.00931449814948897,43.61369568894009
Hemlo,Open-pit and underground mining and beneficiation at Hemlo (Williams),Technosphere (first-tier),market for polyacrylamide,polyacrylamide,,kilogram,GLO,0.003805396015056555,0.008725231730411596,43.61369568894009
Hemlo,Open-pit and underground mining and beneficiation at Hemlo (Williams),Technosphere (first-tier),"market for hydrochloric acid, without water, in 30% solution state","hydrochloric acid, without water, in 30% solution state",,kilogram,RoW,0.0021266105357426006,0.0048760154399891485,43.61369568894009
Hemlo,Open-pit and underground mining and beneficiation at Hemlo (Williams),Technosphere (first-tier),market for sodium bicarbonate,sodium bicarbonate,,kilogram,RoW,0.0018200937015925786,0.004173215942473164,43.61369568894009
Highland Valley (Cu),Open-pit mining and beneficiation at Highland Valley,Biosphere (direct),"Transformation, to mineral extraction site",,"('natural resource', 'land')",square meter,,0.009639079671548817,96.69556638794276,0.009968481525695619
Highland Valley (Cu),Open-pit mining and beneficiation at Highland Valley,Technosphere (first-tier),"market for sulfidic tailings, from copper mine operation","sulfidic tailings, from copper mine operation",,kilogram,CA,0.00025200835907641115,2.528051623778533,0.009968481525695619
Highland Valley (Cu),Open-pit mining and beneficiation at Highland Valley,Technosphere (first-tier),market for diesel,diesel,,kilogram,RoW,4.96230909300986e-05,0.4977998986323628,0.009968481525695619
Highland Valley (Cu),Open-pit mining and beneficiation at Highland Valley,Technosphere (first-tier),"market for steel, low-alloyed","steel, low-alloyed",,kilogram,GLO,1.3620420583601691e-05,0.13663485806230888,0.009968481525695619
Highland Valley (Cu),Open-pit mining and beneficiation at Highland Valley,Technosphere (first-tier),"market for electricity, medium voltage","electricity, medium voltage",,kilowatt hour,CA-BC,5.873658822051965e-06,0.058922302327706726,0.009968481525695619
Highland Valley (Cu),Open-pit mining and beneficiation at Highland Valley,Technosphere (first-tier),"market for explosive, tovex","explosive, tovex",,kilogram,GLO,3.8486728251195825e-06,0.03860841608823682,0.009968481525695619
Highland Valley (Cu),Open-pit mining and beneficiation at Highland Valley,Technosphere (first-tier),market for polyacrylamide,polyacrylamide,,kilogram,GLO,2.7274219138843737e-06,0.027360455119006196,0.009968481525695619
Highland Valley (Cu),Open-pit mining and beneficiation at Highland Valley,Technosphere (first-tier),market for lime,lime,,kilogram,RoW,4.954052434105946e-07,0.0049697162214083985,0.009968481525695619
Highland Valley (Cu),Open-pit mining and beneficiation at Highland Valley,Technosphere (first-tier),"market for natural gas, high pressure","natural gas, high pressure",,cubic meter,CA,4.1929699308784393e-07,0.004206227317641386,0.009968481525695619
Highland Valley (Cu),Open-pit mining and beneficiation at Highland Valley,Technosphere (first-tier),"market for chemical, organic","chemical, organic",,kilogram,GLO,3.570431476726052e-07,0.003581720513322515,0.009968481525695619
Highland Valley (Cu),Open-pit mining and beneficiation at Highland Valley,Technosphere (first-tier),market for liquefied petroleum gas,liquefied petroleum gas,,kilogram,RoW,2.978551541635646e-07,0.002987969164569222,0.009968481525695619
Highland Valley (Cu),Open-pit mining and beneficiation at Highland Valley,Technosphere (first-tier),market for sodium bicarbonate,sodium bicarbonate,,kilogram,RoW,1.3137556936400015e-07,0.0013179095434480682,0.009968481525695619
Highland Valley (Mo),Open-pit mining and beneficiation at Highland Valley,Biosphere (direct),"Transformation, to mineral extraction site",,"('natural resource', 'land')",square meter,,0.04084734631827369,96.69556403203362,0.042243247378692214
Highland Valley (Mo),Open-pit mining and beneficiation at Highland Valley,Technosphere (first-tier),"market for sulfidic tailings, from copper mine operation","sulfidic tailings, from copper mine operation",,kilogram,CA,0.0010679310752745312,2.5280515621845945,0.042243247378692214
Highland Valley (Mo),Open-pit mining and beneficiation at Highland Valley,Technosphere (first-tier),market for diesel,diesel,,kilogram,RoW,0.00021028683750667874,0.4977998865038697,0.042243247378692214
Highland Valley (Mo),Open-pit mining and beneficiation at Highland Valley,Technosphere (first-tier),"market for steel, low-alloyed","steel, low-alloyed",,kilogram,GLO,5.7718999690509226e-05,0.1366348547333108,0.042243247378692214
Highland Valley (Mo),Open-pit mining and beneficiation at Highland Valley,Technosphere (first-tier),"market for electricity, medium voltage","electricity, medium voltage",,kilowatt hour,CA-BC,2.489069332707238e-05,0.05892230089211233,0.042243247378692214
Highland Valley (Mo),Open-pit mining and beneficiation at Highland Valley,Technosphere (first-tier),"market for explosive, tovex","explosive, tovex",,kilogram,GLO,1.6309448319782346e-05,0.03860841514757443,0.042243247378692214
Highland Valley (Mo),Open-pit mining and beneficiation at Highland Valley,Technosphere (first-tier),market for polyacrylamide,polyacrylamide,,kilogram,GLO,1.1557944458257798e-05,0.02736045445239067,0.042243247378692214
Highland Valley (Mo),Open-pit mining and beneficiation at Highland Valley,Technosphere (first-tier),market for lime,lime,,kilogram,RoW,2.0993694662791035e-06,0.004969716100325279,0.042243247378692214
Highland Valley (Mo),Open-pit mining and beneficiation at Highland Valley,Technosphere (first-tier),"market for natural gas, high pressure","natural gas, high pressure",,cubic meter,CA,1.7768469678099436e-06,0.004206227215160067,0.042243247378692214
Highland Valley (Mo),Open-pit mining and beneficiation at Highland Valley,Technosphere (first-tier),"market for chemical, organic","chemical, organic",,kilogram,GLO,1.5130350199924122e-06,0.003581720426057012,0.042243247378692214
Highland Valley (Mo),Open-pit mining and beneficiation at Highland Valley,Technosphere (first-tier),market for liquefied petroleum gas,liquefied petroleum gas,,kilogram,RoW,1.262215175035202e-06,0.0029879690917698526,0.042243247378692214
Highland Valley (Mo),Open-pit mining and beneficiation at Highland Valley,Technosphere (first-tier),market for sodium bicarbonate,sodium bicarbonate,,kilogram,RoW,5.567277751019795e-07,0.0013179095113383657,0.042243247378692214
Island,Underground mining and beneficiation at Island,Biosphere (direct),"Transformation, to mineral extraction site",,"('natural resource', 'land')",square meter,,8.305120081465903,84.97098807389239,9.774065560169328
Island,Underground mining and beneficiation at Island,Technosphere (first-tier),"market for sulfidic tailings, from gold mine operation","sulfidic tailings, from gold mine operation",,kilogram,CA,0.5422403332364223,5.547746021329413,9.774065560169328
Island,Underground mining and beneficiation at Island,Technosphere (first-tier),market for diesel,diesel,,kilogram,RoW,0.40586672496454695,4.152486214319148,9.774065560169328
Island,Underground mining and beneficiation at Island,Technosphere (first-tier),"market for electricity, medium voltage","electricity, medium voltage",,kilowatt hour,CA-ON,0.36396190376211535,3.723751406429179,9.774065560169328
Island,Underground mining and beneficiation at Island,Technosphere (first-tier),market for propane,propane,,kilogram,GLO,0.06895267689103086,0.7054656679613709,9.774065560169328
Island,Underground mining and beneficiation at Island,Technosphere (first-tier),"market for explosive, tovex","explosive, tovex",,kilogram,GLO,0.044885319244853145,0.45922875152144516,9.774065560169328
Island,Underground mining and beneficiation at Island,Technosphere (first-tier),market for sodium cyanide,sodium cyanide,,kilogram,RoW,0.03248801289779549,0.3323899629872409,9.774065560169328
Island,Underground mining and beneficiation at Island,Technosphere (first-tier),"market for cement, unspecified","cement, unspecified",,kilogram,RoW,0.010550648477653423,0.10794534180995037,9.774065560169328
Key Lake + McArthur River,Underground mining and beneficiation at Key Lake + McArthur River,Biosphere (direct),"Transformation, to mineral extraction site",,"('natural resource', 'land')",square meter,,0.08914147877949558,98.37133182066981,0.09061733447098165
Key Lake + McArthur River,Underground mining and beneficiation at Key Lake + McArthur River,Technosphere (first-tier),"market for electricity, medium voltage","electricity, medium voltage",,kilowatt hour,CA-SK,0.0007276591056488384,0.8030021075954914,0.09061733447098165
Key Lake + McArthur River,Underground mining and beneficiation at Key Lake + McArthur River,Technosphere (first-tier),market for diesel,diesel,,kilogram,RoW,0.0005765272266485706,0.6362217891469669,0.09061733447098165
Key Lake + McArthur River,Underground mining and beneficiation at Key Lake + McArthur River,Technosphere (first-tier),"market for sulfidic tailings, from copper mine operation","sulfidic tailings, from copper mine operation",,kilogram,CA,6.521377640716188e-05,0.07196611640352903,0.09061733447098165
Key Lake + McArthur River,Underground mining and beneficiation at Key Lake + McArthur River,Technosphere (first-tier),"market for natural gas, high pressure","natural gas, high pressure",,cubic meter,CA,6.12762619408355e-05,0.06762090531415706,0.09061733447098165
Key Lake + McArthur River,Underground mining and beneficiation at Key Lake + McArthur River,Technosphere (first-tier),market for liquefied petroleum gas,liquefied petroleum gas,,kilogram,RoW,4.352869385622199e-05,0.04803572529509921,0.09061733447098165
Key Lake + McArthur River,Underground mining and beneficiation at Key Lake + McArthur River,Technosphere (first-tier),"market for cement, unspecified","cement, unspecified",,kilogram,RoW,1.3691129900419237e-06,0.0015108731657521377,0.09061733447098165
Key Lake + McArthur River,Underground mining and beneficiation at Key Lake + McArthur River,Technosphere (first-tier),"market for ammonia, anhydrous, liquid","ammonia, anhydrous, liquid",,kilogram,RoW,1.497066958818771e-07,0.00016520756956255164,0.09061733447098165
Key Lake + McArthur River,Underground mining and beneficiation at Key Lake + McArthur River,Technosphere (first-tier),"market for hydrogen peroxide, without water, in 50% solution state","hydrogen peroxide, without water, in 50% solution state",,kilogram,RoW,6.856766419847489e-08,7.566727116701086e-05,0.09061733447098165
Key Lake + McArthur River,Underground mining and beneficiation at Key Lake + McArthur River,Technosphere (first-tier),market for lime,lime,,kilogram,RoW,6.659847383620468e-08,7.349418764632884e-05,0.09061733447098165
Kidd Creek,Underground mining and beneficiation at Kidd Creek,Biosphere (direct),"Transformation, to mineral extraction site",,"('natural resource', 'land')",square meter,,0.002121337106354851,97.00684286328425,0.0021867912033221608
Kidd Creek,Underground mining and beneficiation at Kidd Creek,Technosphere (first-tier),"market for sulfidic tailings, from copper mine operation","sulfidic tailings, from copper mine operation",,kilogram,CA,5.870703561785491e-05,2.6846200738629054,0.0021867912033221608
Kidd Creek,Underground mining and beneficiation at Kidd Creek,Technosphere (first-tier),"market for steel, low-alloyed","steel, low-alloyed",,kilogram,GLO,3.5099749239615053e-06,0.16050800454241682,0.0021867912033221608
Kidd Creek,Underground mining and beneficiation at Kidd Creek,Technosphere (first-tier),"market for cement, unspecified","cement, unspecified",,kilogram,RoW,1.289011322028649e-06,0.0589453314093449,0.0021867912033221608
Kidd Creek,Underground mining and beneficiation at Kidd Creek,Technosphere (first-tier),"market for explosive, tovex","explosive, tovex",,kilogram,GLO,9.918008789659218e-07,0.045354164469803226,0.0021867912033221608
Kidd Creek,Underground mining and beneficiation at Kidd Creek,Technosphere (first-tier),market for polyacrylamide,polyacrylamide,,kilogram,GLO,7.028551332931521e-07,0.032140934727804764,0.0021867912033221608
Kidd Creek,Underground mining and beneficiation at Kidd Creek,Technosphere (first-tier),market for lime,lime,,kilogram,RoW,1.276656598742429e-07,0.005838036099664841,0.0021867912033221608
Kidd Creek,Underground mining and beneficiation at Kidd Creek,Technosphere (first-tier),"market for chemical, organic","chemical, organic",,kilogram,GLO,9.200982358884289e-08,0.004207526692491815,0.0021867912033221608
Kidd Creek,Underground mining and beneficiation at Kidd Creek,Technosphere (first-tier),market for sodium bicarbonate,sodium bicarbonate,,kilogram,RoW,3.385541226560964e-08,0.001548177631873436,0.0021867912033221608
Kidd Creek (Zn),Underground mining and beneficiation at Kidd Creek,Biosphere (direct),"Transformation, to mineral extraction site",,"('natural resource', 'land')",square meter,,0.0007929848754966063,97.00684176824039,0.000817452522978875
Kidd Creek (Zn),Underground mining and beneficiation at Kidd Creek,Technosphere (first-tier),"market for sulfidic tailings, from copper mine operation","sulfidic tailings, from copper mine operation",,kilogram,CA,2.194549427846325e-05,2.684620043558221,0.000817452522978875
Kidd Creek (Zn),Underground mining and beneficiation at Kidd Creek,Technosphere (first-tier),"market for steel, low-alloyed","steel, low-alloyed",,kilogram,GLO,1.3120767179039555e-06,0.16050800273055893,0.000817452522978875
Kidd Creek (Zn),Underground mining and beneficiation at Kidd Creek,Technosphere (first-tier),"market for cement, unspecified","cement, unspecified",,kilogram,RoW,4.818500933447043e-07,0.0589453307439552,0.000817452522978875
Kidd Creek (Zn),Underground mining and beneficiation at Kidd Creek,Technosphere (first-tier),"market for explosive, tovex","explosive, tovex",,kilogram,GLO,3.707487575492824e-07,0.045354163957833114,0.000817452522978875
Kidd Creek (Zn),Underground mining and beneficiation at Kidd Creek,Technosphere (first-tier),market for polyacrylamide,polyacrylamide,,kilogram,GLO,2.6273687887557964e-07,0.03214093436498812,0.000817452522978875
Kidd Creek (Zn),Underground mining and beneficiation at Kidd Creek,Technosphere (first-tier),market for lime,lime,,kilogram,RoW,4.7723172850416174e-08,0.005838036033763573,0.000817452522978875
Kidd Creek (Zn),Underground mining and beneficiation at Kidd Creek,Technosphere (first-tier),"market for chemical, organic","chemical, organic",,kilogram,GLO,3.439453271453569e-08,0.004207526644996914,0.000817452522978875
Kidd Creek (Zn),Underground mining and beneficiation at Kidd Creek,Technosphere (first-tier),market for sodium bicarbonate,sodium bicarbonate,,kilogram,RoW,1.2655616969084652e-08,0.0015481776143972709,0.000817452522978875
Kiena,Open-pit mining and beneficiation at Kiena,Biosphere (direct),"Transformation, to mineral extraction site",,"('natural resource', 'land')",square meter,,148.1277814847449,98.55351817847351,150.30187072215512
Kiena,Open-pit mining and beneficiation at Kiena,Technosphere (first-tier),"market for sulfidic tailings, from gold mine operation","sulfidic tailings, from gold mine operation",,kilogram,CA,0.8069488288574698,0.5368854193100353,150.30187072215512
Kiena,Open-pit mining and beneficiation at Kiena,Technosphere (first-tier),"market for electricity, medium voltage","electricity, medium voltage",,kilowatt hour,CA-QC,0.5427762165189473,0.36112405914249196,150.30187072215512
Kiena,Open-pit mining and beneficiation at Kiena,Technosphere (first-tier),market for diesel,diesel,,kilogram,RoW,0.5049815952849139,0.3359782502098143,150.30187072215512
Kiena,Open-pit mining and beneficiation at Kiena,Technosphere (first-tier),"market for explosive, tovex","explosive, tovex",,kilogram,GLO,0.31925378976939883,0.21240839401098652,150.30187072215512
Kiena,Open-pit mining and beneficiation at Kiena,Technosphere (first-tier),"market for natural gas, high pressure","natural gas, high pressure",,cubic meter,CA,0.00014034125392656328,9.337292560116912e-05,150.30187072215512
LaRonde (Cu),Underground mining and beneficiation at LaRonde,Biosphere (direct),"Transformation, to mineral extraction site",,"('natural resource', 'land')",square meter,,0.003334263733440284,92.49320921278013,0.0036048740894802644
LaRonde (Cu),Underground mining and beneficiation at LaRonde,Technosphere (first-tier),"market for electricity, medium voltage","electricity, medium voltage",,kilowatt hour,CA-QC,0.00011025146242889731,3.058399813481222,0.0036048740894802644
LaRonde (Cu),Underground mining and beneficiation at LaRonde,Technosphere (first-tier),"market for sulfidic tailings, from gold mine operation","sulfidic tailings, from gold mine operation",,kilogram,CA,8.65498682673959e-05,2.4009123791581386,0.0036048740894802644
LaRonde (Cu),Underground mining and beneficiation at LaRonde,Technosphere (first-tier),market for diesel,diesel,,kilogram,RoW,3.3317798531893685e-05,0.9242430582838277,0.0036048740894802644
LaRonde (Cu),Underground mining and beneficiation at LaRonde,Technosphere (first-tier),"market for explosive, tovex","explosive, tovex",,kilogram,GLO,1.3745084863042547e-05,0.38129167682037557,0.0036048740894802644
LaRonde (Cu),Underground mining and beneficiation at LaRonde,Technosphere (first-tier),"market for natural gas, high pressure","natural gas, high pressure",,cubic meter,CA,9.975454731989875e-06,0.27672130799520084,0.0036048740894802644
LaRonde (Cu),Underground mining and beneficiation at LaRonde,Technosphere (first-tier),"market for steel, low-alloyed","steel, low-alloyed",,kilogram,GLO,8.617354502523584e-06,0.2390473089662335,0.0036048740894802644
LaRonde (Cu),Underground mining and beneficiation at LaRonde,Technosphere (first-tier),market for sodium cyanide,sodium cyanide,,kilogram,RoW,4.073129837380039e-06,0.11298951742215455,0.0036048740894802644
LaRonde (Cu),Underground mining and beneficiation at LaRonde,Technosphere (first-tier),"market for cement, unspecified","cement, unspecified",,kilogram,RoW,1.711393130292534e-06,0.04747442179150494,0.0036048740894802644
LaRonde (Cu),Underground mining and beneficiation at LaRonde,Technosphere (first-tier),market for light fuel oil,light fuel oil,,kilogram,RoW,6.704638321553314e-07,0.018598814147542,0.0036048740894802644
LaRonde (Cu),Underground mining and beneficiation at LaRonde,Technosphere (first-tier),"market for sulfur dioxide, liquid","sulfur dioxide, liquid",,kilogram,RoW,6.279461926155216e-07,0.017419365476536136,0.0036048740894802644
LaRonde (Cu),Underground mining and beneficiation at LaRonde,Technosphere (first-tier),market for lime,lime,,kilogram,RoW,3.572491134904483e-07,0.009910168971864284,0.0036048740894802644
LaRonde (Cu),Underground mining and beneficiation at LaRonde,Technosphere (first-tier),"market for activated carbon, granular","activated carbon, granular",,kilogram,GLO,2.452736826222848e-07,0.006803945894755157,0.0036048740894802644
LaRonde (Cu),Underground mining and beneficiation at LaRonde,Technosphere (first-tier),market for polyacrylamide,polyacrylamide,,kilogram,GLO,2.2975684614505819e-07,0.006373505438526525,0.0036048740894802644
LaRonde (Cu),Underground mining and beneficiation at LaRonde,Technosphere (first-tier),"market for hydrochloric acid, without water, in 30% solution state","hydrochloric acid, without water, in 30% solution state",,kilogram,RoW,1.2839749864085188e-07,0.0035617748485457833,0.0036048740894802644
LaRonde (Cu),Underground mining and beneficiation at LaRonde,Technosphere (first-tier),market for sodium bicarbonate,sodium bicarbonate,,kilogram,RoW,1.0989105651865076e-07,0.0030484020742731236,0.0036048740894802644
LaRonde (Doré),Underground mining and beneficiation at LaRonde,Biosphere (direct),"Transformation, to mineral extraction site",,"('natural resource', 'land')",square meter,,25.027821981402777,92.49321052116653,27.05909097584553
LaRonde (Doré),Underground mining and beneficiation at LaRonde,Technosphere (first-tier),"market for electricity, medium voltage","electricity, medium voltage",,kilowatt hour,CA-QC,0.8275751996416384,3.0583998567445545,27.05909097584553
LaRonde (Doré),Underground mining and beneficiation at LaRonde,Technosphere (first-tier),"market for sulfidic tailings, from gold mine operation","sulfidic tailings, from gold mine operation",,kilogram,CA,0.6496650741167325,2.4009124131208255,27.05909097584553
LaRonde (Doré),Underground mining and beneficiation at LaRonde,Technosphere (first-tier),market for diesel,diesel,,kilogram,RoW,0.25009177351669143,0.9242430713579309,27.05909097584553
LaRonde (Doré),Underground mining and beneficiation at LaRonde,Technosphere (first-tier),"market for explosive, tovex","explosive, tovex",,kilogram,GLO,0.10317406317362593,0.381291682214029,27.05909097584553
LaRonde (Doré),Underground mining and beneficiation at LaRonde,Technosphere (first-tier),"market for natural gas, high pressure","natural gas, high pressure",,cubic meter,CA,0.07487827153917977,0.27672131190962895,27.05909097584553
LaRonde (Doré),Underground mining and beneficiation at LaRonde,Technosphere (first-tier),"market for steel, low-alloyed","steel, low-alloyed",,kilogram,GLO,0.06468402972348752,0.23904731234773607,27.05909097584553
LaRonde (Doré),Underground mining and beneficiation at LaRonde,Technosphere (first-tier),market for sodium cyanide,sodium cyanide,,kilogram,RoW,0.030573936744921048,0.11298951902047659,27.05909097584553
LaRonde (Doré),Underground mining and beneficiation at LaRonde,Technosphere (first-tier),"market for cement, unspecified","cement, unspecified",,kilogram,RoW,0.012846147164538248,0.04747442246306591,27.05909097584553
LaRonde (Doré),Underground mining and beneficiation at LaRonde,Technosphere (first-tier),market for light fuel oil,light fuel oil,,kilogram,RoW,0.005032670111802669,0.01859881441063602,27.05909097584553
LaRonde (Doré),Underground mining and beneficiation at LaRonde,Technosphere (first-tier),"market for sulfur dioxide, liquid","sulfur dioxide, liquid",,kilogram,RoW,0.0047135220183872435,0.017419365722946122,27.05909097584553
LaRonde (Doré),Underground mining and beneficiation at LaRonde,Technosphere (first-tier),market for lime,lime,,kilogram,RoW,0.002681601675890023,0.009910169112051,27.05909097584553
LaRonde (Doré),Underground mining and beneficiation at LaRonde,Technosphere (first-tier),"market for activated carbon, granular","activated carbon, granular",,kilogram,GLO,0.0018410859356527002,0.006803945991002275,27.05909097584553
LaRonde (Doré),Underground mining and beneficiation at LaRonde,Technosphere (first-tier),market for polyacrylamide,polyacrylamide,,kilogram,GLO,0.0017246126593575832,0.006373505528685608,27.05909097584553
LaRonde (Doré),Underground mining and beneficiation at LaRonde,Technosphere (first-tier),"market for hydrochloric acid, without water, in 30% solution state","hydrochloric acid, without water, in 30% solution state",,kilogram,RoW,0.0009637839102562876,0.0035617748989299584,27.05909097584553
LaRonde (Doré),Underground mining and beneficiation at LaRonde,Technosphere (first-tier),market for sodium bicarbonate,sodium bicarbonate,,kilogram,RoW,0.0008248699022556038,0.0030484021173953304,27.05909097584553
LaRonde (Zn),Underground mining and beneficiation at LaRonde,Biosphere (direct),"Transformation, to mineral extraction site",,"('natural resource', 'land')",square meter,,0.001246393467409957,92.49320661094896,0.0013475513641262539
LaRonde (Zn),Underground mining and beneficiation at LaRonde,Technosphere (first-tier),"market for electricity, medium voltage","electricity, medium voltage",,kilowatt hour,CA-QC,4.121350724766852e-05,3.0583997274486947,0.0013475513641262539
LaRonde (Zn),Underground mining and beneficiation at LaRonde,Technosphere (first-tier),"market for sulfidic tailings, from gold mine operation","sulfidic tailings, from gold mine operation",,kilogram,CA,3.2353526606719284e-05,2.400912311620653,0.0013475513641262539
LaRonde (Zn),Underground mining and beneficiation at LaRonde,Technosphere (first-tier),market for diesel,diesel,,kilogram,RoW,1.2454649589397685e-05,0.9242430322849491,0.0013475513641262539
LaRonde (Zn),Underground mining and beneficiation at LaRonde,Technosphere (first-tier),"market for explosive, tovex","explosive, tovex",,kilogram,GLO,5.138101047758489e-06,0.3812916660946732,0.0013475513641262539
LaRonde (Zn),Underground mining and beneficiation at LaRonde,Technosphere (first-tier),"market for natural gas, high pressure","natural gas, high pressure",,cubic meter,CA,3.7289616558219643e-06,0.27672130021105396,0.0013475513641262539
LaRonde (Zn),Underground mining and beneficiation at LaRonde,Technosphere (first-tier),"market for steel, low-alloyed","steel, low-alloyed",,kilogram,GLO,3.221285182267108e-06,0.23904730224185364,0.0013475513641262539
LaRonde (Zn),Underground mining and beneficiation at LaRonde,Technosphere (first-tier),market for sodium cyanide,sodium cyanide,,kilogram,RoW,1.522591740511529e-06,0.1129895142437684,0.0013475513641262539
LaRonde (Zn),Underground mining and beneficiation at LaRonde,Technosphere (first-tier),"market for cement, unspecified","cement, unspecified",,kilogram,RoW,6.397422004665818e-07,0.04747442045605347,0.0013475513641262539
LaRonde (Zn),Underground mining and beneficiation at LaRonde,Technosphere (first-tier),market for light fuel oil,light fuel oil,,kilogram,RoW,2.506285667063483e-07,0.018598813624358928,0.0013475513641262539
LaRonde (Zn),Underground mining and beneficiation at LaRonde,Technosphere (first-tier),"market for sulfur dioxide, liquid","sulfur dioxide, liquid",,kilogram,RoW,2.3473489049812527e-07,0.017419364986530683,0.0013475513641262539
LaRonde (Zn),Underground mining and beneficiation at LaRonde,Technosphere (first-tier),market for lime,lime,,kilogram,RoW,1.335446134109748e-07,0.009910168693092044,0.0013475513641262539
LaRonde (Zn),Underground mining and beneficiation at LaRonde,Technosphere (first-tier),"market for activated carbon, granular","activated carbon, granular",,kilogram,GLO,9.168666314004842e-08,0.006803945703360823,0.0013475513641262539
LaRonde (Zn),Underground mining and beneficiation at LaRonde,Technosphere (first-tier),market for polyacrylamide,polyacrylamide,,kilogram,GLO,8.58862570635615e-08,0.006373505259241063,0.0013475513641262539
LaRonde (Zn),Underground mining and beneficiation at LaRonde,Technosphere (first-tier),"market for hydrochloric acid, without water, in 30% solution state","hydrochloric acid, without water, in 30% solution state",,kilogram,RoW,4.7996744208534774e-08,0.003561774748352961,0.0013475513641262539
LaRonde (Zn),Underground mining and beneficiation at LaRonde,Technosphere (first-tier),market for sodium bicarbonate,sodium bicarbonate,,kilogram,RoW,4.1078782580361283e-08,0.0030484019885206066,0.0013475513641262539
Macassa,Underground mining and beneficiation at Macassa,Biosphere (direct),"Transformation, to mineral extraction site",,"('natural resource', 'land')",square meter,,42.09368847943116,93.25103977235497,45.140181366546194
Macassa,Underground mining and beneficiation at Macassa,Technosphere (first-tier),"market for explosive, tovex","explosive, tovex",,kilogram,GLO,2.1911218954967553,4.854038750319723,45.140181366546194
Macassa,Underground mining and beneficiation at Macassa,Technosphere (first-tier),"market for sulfidic tailings, from gold mine operation","sulfidic tailings, from gold mine operation",,kilogram,CA,0.31360016529227724,0.6947250892631309,45.140181366546194
Macassa,Underground mining and beneficiation at Macassa,Technosphere (first-tier),market for diesel,diesel,,kilogram,RoW,0.2693154534747167,0.5966202290766799,45.140181366546194
Macassa,Underground mining and beneficiation at Macassa,Technosphere (first-tier),"market for electricity, medium voltage","electricity, medium voltage",,kilowatt hour,CA-ON,0.17557017617810014,0.3889443304457275,45.140181366546194
Macassa,Underground mining and beneficiation at Macassa,Technosphere (first-tier),"market for steel, low-alloyed","steel, low-alloyed",,kilogram,GLO,0.030724922855095118,0.06806557245661764,45.140181366546194
Macassa,Underground mining and beneficiation at Macassa,Technosphere (first-tier),"market for natural gas, high pressure","natural gas, high pressure",,cubic meter,CA,0.023083410642732234,0.05113716858000832,45.140181366546194
Macassa,Underground mining and beneficiation at Macassa,Technosphere (first-tier),market for liquefied petroleum gas,liquefied petroleum gas,,kilogram,RoW,0.016397715578589156,0.036326206679226265,45.140181366546194
Macassa,Underground mining and beneficiation at Macassa,Technosphere (first-tier),market for sodium cyanide,sodium cyanide,,kilogram,RoW,0.014522624083254304,0.032172276768956794,45.140181366546194
Macassa,Underground mining and beneficiation at Macassa,Technosphere (first-tier),"market for cement, unspecified","cement, unspecified",,kilogram,RoW,0.006101921638198703,0.013517716264030994,45.140181366546194
Macassa,Underground mining and beneficiation at Macassa,Technosphere (first-tier),"market for sulfur dioxide, liquid","sulfur dioxide, liquid",,kilogram,RoW,0.002238923595357781,0.0049599348686203285,45.140181366546194
Macassa,Underground mining and beneficiation at Macassa,Technosphere (first-tier),market for lime,lime,,kilogram,RoW,0.0012737611582337334,0.002821790076319298,45.140181366546194
Macassa,Underground mining and beneficiation at Macassa,Technosphere (first-tier),"market for activated carbon, granular","activated carbon, granular",,kilogram,GLO,0.0008745160680981755,0.001937333970807409,45.140181366546194
Macassa,Underground mining and beneficiation at Macassa,Technosphere (first-tier),market for polyacrylamide,polyacrylamide,,kilogram,GLO,0.0008191912461267296,0.0018147717207309226,45.140181366546194
Macassa,Underground mining and beneficiation at Macassa,Technosphere (first-tier),"market for hydrochloric acid, without water, in 30% solution state","hydrochloric acid, without water, in 30% solution state",,kilogram,RoW,0.0004577974875435724,0.0010141684718237539,45.140181366546194
Macassa,Underground mining and beneficiation at Macassa,Technosphere (first-tier),market for sodium bicarbonate,sodium bicarbonate,,kilogram,RoW,0.00039181331498106323,0.0008679923365825015,45.140181366546194
Market for Cu concentrate,Market for Cu concentrate,Technosphere (first-tier),Open-pit mining and beneficiation at Highland Valley,Cu concentrate,,kilogram,CA-BC,0.0036240622973609496,43.58235963253162,0.00831543387718687
Market for Cu concentrate,Market for Cu concentrate,Technosphere (first-tier),Open-pit mining and beneficiation at Gibraltar,Cu concentrate,,kilogram,CA-BC,0.0014222038445571561,17.10318265483329,0.00831543387718687
Market for Cu concentrate,Market for Cu concentrate,Technosphere (first-tier),Open-pit mining and beneficiation at Mount Milligan,Cu concentrate,,kilogram,CA-BC,0.0008419375381128678,10.124998292905639,0.00831543387718687
Market for Cu concentrate,Market for Cu concentrate,Technosphere (first-tier),Open-pit mining and beneficiation at Copper Mountain,Cu concentrate,,kilogram,CA-BC,0.0007900409968134149,9.50089927334841,0.00831543387718687
Market for Cu concentrate,Market for Cu concentrate,Technosphere (first-tier),Open-pit mining and beneficiation at Red Chris,Cu concentrate,,kilogram,CA-BC,0.0006143061377633283,7.387541610410224,0.00831543387718687
Market for Cu concentrate,Market for Cu concentrate,Technosphere (first-tier),Open-pit mining and beneficiation at Mount Polley,Cu concentrate,,kilogram,CA-BC,0.00048709863238067033,5.8577656869716686,0.00831543387718687
Market for Cu concentrate,Market for Cu concentrate,Technosphere (first-tier),Underground mining and beneficiation at New Afton,Cu concentrate,,kilogram,CA-BC,0.00029751129758439525,3.577820495940784,0.00831543387718687
Market for Cu concentrate,Market for Cu concentrate,Technosphere (first-tier),Underground mining and beneficiation at Kidd Creek,Cu concentrate,,kilogram,CA-ON,0.0001754617461134184,2.110073252999969,0.00831543387718687
Market for Cu concentrate,Market for Cu concentrate,Technosphere (first-tier),Underground mining and beneficiation at LaRonde,Cu concentrate,,kilogram,CA-QC,3.299385242789043e-05,0.39677848342235056,0.00831543387718687
Market for Cu concentrate,Market for Cu concentrate,Technosphere (first-tier),Underground mining and beneficiation at Snow Lake,Cu concentrate,,kilogram,CA-MB,2.942604444788778e-05,0.3538726286864862,0.00831543387718687
Market for Cu concentrate,Market for Cu concentrate,Technosphere (first-tier),Underground mining and beneficiation at Goldex,Cu concentrate,,kilogram,CA-QC,3.914189867207775e-07,0.0047071384668769135,0.00831543387718687
Market for Doré,Market for Doré,Technosphere (first-tier),Open-pit and underground mining and beneficiation at Rainy River,Doré,,kilogram,CA-ON,5.964568268707334,14.84358899156498,40.182790510413355
Market for Doré,Market for Doré,Technosphere (first-tier),Open-pit mining and beneficiation at Canadian Malartic,Doré,,kilogram,CA-QC,5.3149160779306595,13.226846643598087,40.182790510413355
Market for Doré,Market for Doré,Technosphere (first-tier),Open-pit and underground mining at Porcupine complex,Doré,,kilogram,CA-ON,4.174231189136656,10.388106789285592,40.182790510413355
Market for Doré,Market for Doré,Technosphere (first-tier),Open-pit mining and beneficiation at Detour Lake,Doré,,kilogram,CA-ON,3.480833649869296,8.6624985613362,40.182790510413355
Market for Doré,Market for Doré,Technosphere (first-tier),Underground mining and beneficiation at Lamaque,Doré,,kilogram,CA-QC,2.9466390518052163,7.3330871608869375,40.182790510413355
Market for Doré,Market for Doré,Technosphere (first-tier),Open-pit and underground mining at Meadowbank complex,Doré,,kilogram,CA-NU,2.1629612176454907,5.3828049027231195,40.182790510413355
Market for Doré,Market for Doré,Technosphere (first-tier),Underground mining and beneficiation at Westwood-Doyon,Doré,,kilogram,CA-QC,1.828394343033169,4.550192557083215,40.182790510413355
Market for Doré,Market for Doré,Technosphere (first-tier),Open-pit and underground mining and beneficiation at Fox Complex,Doré,,kilogram,CA-ON,1.8215897112272097,4.533258362818644,40.182790510413355
Market for Doré,Market for Doré,Technosphere (first-tier),Open-pit and underground mining and beneficiation at Casa Berardi,Doré,,kilogram,CA-QC,1.580626666377349,3.9335910878756173,40.182790510413355
Market for Doré,Market for Doré,Technosphere (first-tier),Open-pit and underground mining and beneficiation at Meliadine,Doré,,kilogram,CA-NU,1.5710280544026078,3.909703717554102,40.182790510413355
Market for Doré,Market for Doré,Technosphere (first-tier),Underground mining and beneficiation at Red Lake,Doré,,kilogram,CA-ON,1.5414106140501131,3.8359969391639366,40.182790510413355
Market for Doré,Market for Doré,Technosphere (first-tier),Underground mining and beneficiation at Macassa,Doré,,kilogram,CA-ON,1.5197691692858097,3.782139443232451,40.182790510413355
Market for Doré,Market for Doré,Technosphere (first-tier),Underground mining and beneficiation at LaRonde,Doré,,kilogram,CA-QC,1.2312502211153125,3.0641232365289173,40.182790510413355
Market for Doré,Market for Doré,Technosphere (first-tier),Open-pit and underground mining and beneficiation at Hemlo (Williams),Doré,,kilogram,CA-ON,0.9062378416861646,2.2552884709470673,40.182790510413355
Market for Doré,Market for Doré,Technosphere (first-tier),Open-pit mining and beneficiation at Kiena,Doré,,kilogram,CA-QC,0.8512671218451321,2.1184868224234616,40.182790510413355
Market for Doré,Market for Doré,Technosphere (first-tier),Underground mining and beneficiation at Snow Lake,Doré,,kilogram,CA-MB,0.7835779072607312,1.9500335773287505,40.182790510413355
Market for Doré,Market for Doré,Technosphere (first-tier),Underground mining and beneficiation at Timmins Operation,Doré,,kilogram,CA-ON,0.45349513054167445,1.1285804812987077,40.182790510413355
Market for Doré,Market for Doré,Technosphere (first-tier),Underground mining and beneficiation at Éléonore,Doré,,kilogram,CA-QC,0.45177838570788176,1.1243081427876533,40.182790510413355
Market for Doré,Market for Doré,Technosphere (first-tier),Underground mining and beneficiation at Goldex,Doré,,kilogram,CA-QC,0.4403029539504229,1.0957500670251326,40.182790510413355
Market for Doré,Market for Doré,Technosphere (first-tier),Underground mining and beneficiation at Musselwhite,Doré,,kilogram,CA-ON,0.4371134482967908,1.0878125753449426,40.182790510413355
Market for Doré,Market for Doré,Technosphere (first-tier),Underground mining and beneficiation at Island,Doré,,kilogram,CA-ON,0.18920483131077856,0.47086035814696886,40.182790510413355
Market for Doré,Market for Doré,Technosphere (first-tier),Underground mining and beneficiation at Seabee Gold Operation,Doré,,kilogram,CA-SK,0.14350475605946103,0.35712989127092065,40.182790510413355
Market for Doré,Market for Doré,Technosphere (first-tier),Underground mining and beneficiation at Eagle River,Doré,,kilogram,CA-ON,0.10460673875776537,0.26032721328962105,40.182790510413355
Market for Doré,Market for Doré,Technosphere (first-tier),Open-pit mining at Elk,Doré,,kilogram,CA-BC,0.1027241384682714,0.2556421223201273,40.182790510413355
Market for Doré,Market for Doré,Technosphere (first-tier),Open-pit mining and beneficiation at Magino,Doré,,kilogram,CA-ON,0.0931346997888812,0.23177758091426073,40.182790510413355
Market for Doré,Market for Doré,Technosphere (first-tier),Underground mining and beneficiation at Brucejack,Doré,,kilogram,CA-BC,0.08762394924922562,0.21806337523153826,40.182790510413355
Market for Mo concentrate,Market for Mo concentrate,Technosphere (first-tier),Open-pit mining and beneficiation at Highland Valley,Mo concentrate,,kilogram,CA-BC,0.026306711917797286,69.55256184038831,0.03782277923589194
Market for Mo concentrate,Market for Mo concentrate,Technosphere (first-tier),Open-pit mining and beneficiation at Gibraltar,Mo concentrate,,kilogram,CA-BC,0.011516067232681828,30.447437933787935,0.03782277923589194
Market for Ni concentrate,Market for Ni concentrate,Technosphere (first-tier),Open-pit and underground mining and beneficiation at Nunavik Nickel,Ni concentrate,,kilogram,CA-QC,0.0007641969661545977,36.65457490974911,0.0020848610795138217
Market for Ni concentrate,Market for Ni concentrate,Technosphere (first-tier),Open-pit and underground mining and beneficiation at Thompson (T-1 and T-3),Ni concentrate,,kilogram,CA-MB,0.000611283144167193,29.320089965406275,0.0020848610795138217
Market for Ni concentrate,Market for Ni concentrate,Technosphere (first-tier),Open-pit and underground mining and beneficiation at Voisey’s Bay,Ni concentrate,,kilogram,CA-NF,0.0005269304493688048,25.274127592793,0.0020848610795138217
Market for Ni concentrate,Market for Ni concentrate,Technosphere (first-tier),Underground mining and beneficiation at Raglan,Ni concentrate,,kilogram,CA-QC,0.00018245049629635418,8.751206403589281,0.0020848610795138217
Market for U concentrate,Market for U concentrate,Technosphere (first-tier),Underground mining and beneficiation at Key Lake + McArthur River,U concentrate,,kilogram,CA-SK,0.03883600048756357,66.83436431060545,0.05810783253219477
Market for U concentrate,Market for U concentrate,Technosphere (first-tier),Underground mining and beneficiation at Cigar Lake + McClean Lake,U concentrate,,kilogram,CA-SK,0.01927183079731223,33.16563354283543,0.05810783253219477
Market for Zn concentrate,Market for Zn concentrate,Technosphere (first-tier),Underground mining and beneficiation at Kidd Creek,Zn concentrate,,kilogram,CA-ON,0.00038347531357073143,62.157589973871765,0.0006169404472276468
Market for Zn concentrate,Market for Zn concentrate,Technosphere (first-tier),Underground mining and beneficiation at LaRonde,Zn concentrate,,kilogram,CA-QC,0.0001261424135616006,20.44644894469934,0.0006169404472276468
Market for Zn concentrate,Market for Zn concentrate,Technosphere (first-tier),Underground mining and beneficiation at Snow Lake,Zn concentrate,,kilogram,CA-MB,0.00010732272808784806,17.3959623769402,0.0006169404472276468
Meadowbank complex,Open-pit and underground mining at Meadowbank complex,Biosphere (direct),"Transformation, to mineral extraction site",,"('natural resource', 'land')",square meter,,22.757275745321053,86.28346026018306,26.37501518448348
Meadowbank complex,Open-pit and underground mining at Meadowbank complex,Technosphere (first-tier),market for diesel,diesel,,kilogram,RoW,1.774188053442203,6.726775476838263,26.37501518448348
Meadowbank complex,Open-pit and underground mining at Meadowbank complex,Technosphere (first-tier),"market for sulfidic tailings, from gold mine operation","sulfidic tailings, from gold mine operation",,kilogram,CA,1.120348636098877,4.247764895157226,26.37501518448348
Meadowbank complex,Open-pit and underground mining at Meadowbank complex,Technosphere (first-tier),"market for explosive, tovex","explosive, tovex",,kilogram,GLO,0.4936756971953764,1.8717551202996376,26.37501518448348
Meadowbank complex,Open-pit and underground mining at Meadowbank complex,Technosphere (first-tier),"market for steel, low-alloyed","steel, low-alloyed",,kilogram,GLO,0.10976466877586682,0.41616912069283574,26.37501518448348
Meadowbank complex,Open-pit and underground mining at Meadowbank complex,Technosphere (first-tier),market for sodium cyanide,sodium cyanide,,kilogram,RoW,0.05188201870425495,0.19670896240764,26.37501518448348
Meadowbank complex,Open-pit and underground mining at Meadowbank complex,Technosphere (first-tier),"market for cement, unspecified","cement, unspecified",,kilogram,RoW,0.02179909159323101,0.0826505366565836,26.37501518448348
Meadowbank complex,Open-pit and underground mining at Meadowbank complex,Technosphere (first-tier),market for light fuel oil,light fuel oil,,kilogram,RoW,0.020497681889448754,0.07771628469623637,26.37501518448348
Meadowbank complex,Open-pit and underground mining at Meadowbank complex,Technosphere (first-tier),"market for sulfur dioxide, liquid","sulfur dioxide, liquid",,kilogram,RoW,0.007998545936728567,0.030326223059140237,26.37501518448348
Meadowbank complex,Open-pit and underground mining at Meadowbank complex,Technosphere (first-tier),market for lime,lime,,kilogram,RoW,0.004550506840732552,0.017253096572280392,26.37501518448348
Meadowbank complex,Open-pit and underground mining at Meadowbank complex,Technosphere (first-tier),market for lubricating oil,lubricating oil,,kilogram,RoW,0.0038967233234965416,0.01477429793401218,26.37501518448348
Meadowbank complex,Open-pit and underground mining at Meadowbank complex,Technosphere (first-tier),"market for activated carbon, granular","activated carbon, granular",,kilogram,GLO,0.003124205291146937,0.011845321298563341,26.37501518448348
Meadowbank complex,Open-pit and underground mining at Meadowbank complex,Technosphere (first-tier),market for polyacrylamide,polyacrylamide,,kilogram,GLO,0.002926557577353817,0.011095946511816689,26.37501518448348
Meadowbank complex,Open-pit and underground mining at Meadowbank complex,Technosphere (first-tier),"market for hydrochloric acid, without water, in 30% solution state","hydrochloric acid, without water, in 30% solution state",,kilogram,RoW,0.001635479764217253,0.006200867574019111,26.37501518448348
Meadowbank complex,Open-pit and underground mining at Meadowbank complex,Technosphere (first-tier),market for sodium bicarbonate,sodium bicarbonate,,kilogram,RoW,0.0013997515614181237,0.00530711186942407,26.37501518448348
Meadowbank complex,Open-pit and underground mining at Meadowbank complex,Technosphere (first-tier),market for propane,propane,,kilogram,GLO,5.311548010149281e-05,0.0002013855906052363,26.37501518448348
Meliadine,Open-pit and underground mining and beneficiation at Meliadine,Biosphere (direct),"Transformation, to mineral extraction site",,"('natural resource', 'land')",square meter,,26.04022731163188,95.5115253897478,27.263963385959112
Meliadine,Open-pit and underground mining and beneficiation at Meliadine,Technosphere (first-tier),"market for sulfidic tailings, from gold mine operation","sulfidic tailings, from gold mine operation",,kilogram,CA,0.7959095276948464,2.9192730214152878,27.263963385959112
Meliadine,Open-pit and underground mining and beneficiation at Meliadine,Technosphere (first-tier),"market for explosive, tovex","explosive, tovex",,kilogram,GLO,0.28213420215321217,1.034824607703628,27.263963385959112
Meliadine,Open-pit and underground mining and beneficiation at Meliadine,Technosphere (first-tier),"market for steel, low-alloyed","steel, low-alloyed",,kilogram,GLO,0.07797832442819495,0.28601243085718653,27.263963385959112
Meliadine,Open-pit and underground mining and beneficiation at Meliadine,Technosphere (first-tier),market for sodium cyanide,sodium cyanide,,kilogram,RoW,0.0368576968493487,0.1351883302056162,27.263963385959112
Meliadine,Open-pit and underground mining and beneficiation at Meliadine,Technosphere (first-tier),"market for cement, unspecified","cement, unspecified",,kilogram,RoW,0.015486373306222193,0.05680162156540177,27.263963385959112
Meliadine,Open-pit and underground mining and beneficiation at Meliadine,Technosphere (first-tier),"market for sulfur dioxide, liquid","sulfur dioxide, liquid",,kilogram,RoW,0.0056822766101688625,0.020841711565293637,27.263963385959112
Meliadine,Open-pit and underground mining and beneficiation at Meliadine,Technosphere (first-tier),market for lime,lime,,kilogram,RoW,0.0032327423996871725,0.011857199021005247,27.263963385959112
Meliadine,Open-pit and underground mining and beneficiation at Meliadine,Technosphere (first-tier),"market for activated carbon, granular","activated carbon, granular",,kilogram,GLO,0.0022194782391299138,0.008140702830729814,27.263963385959112
Meliadine,Open-pit and underground mining and beneficiation at Meliadine,Technosphere (first-tier),market for polyacrylamide,polyacrylamide,,kilogram,GLO,0.0020790665955606894,0.007625694643616652,27.263963385959112
Meliadine,Open-pit and underground mining and beneficiation at Meliadine,Technosphere (first-tier),"market for hydrochloric acid, without water, in 30% solution state","hydrochloric acid, without water, in 30% solution state",,kilogram,RoW,0.0011618672298851804,0.004261549259868577,27.263963385959112
Meliadine,Open-pit and underground mining and beneficiation at Meliadine,Technosphere (first-tier),market for sodium bicarbonate,sodium bicarbonate,,kilogram,RoW,0.0009944026852393964,0.0036473152166552267,27.263963385959112
Mount Milligan,Open-pit mining and beneficiation at Mount Milligan,Biosphere (direct),"Transformation, to mineral extraction site",,"('natural resource', 'land')",square meter,,0.007089197623896922,83.8828625586967,0.008451306271213961
Mount Milligan,Open-pit mining and beneficiation at Mount Milligan,Technosphere (first-tier),"market for sulfidic tailings, from copper mine operation","sulfidic tailings, from copper mine operation",,kilogram,CA,0.0011888184242330316,14.066682546842166,0.008451306271213961
Mount Milligan,Open-pit mining and beneficiation at Mount Milligan,Technosphere (first-tier),market for diesel,diesel,,kilogram,RoW,7.897922700664608e-05,0.9345209423501505,0.008451306271213961
Mount Milligan,Open-pit mining and beneficiation at Mount Milligan,Technosphere (first-tier),"market for steel, low-alloyed","steel, low-alloyed",,kilogram,GLO,6.325920679664605e-05,0.7485139547257158,0.008451306271213961
Mount Milligan,Open-pit mining and beneficiation at Mount Milligan,Technosphere (first-tier),market for polyacrylamide,polyacrylamide,,kilogram,GLO,1.2667343553240778e-05,0.14988622050519082,0.008451306271213961
Mount Milligan,Open-pit mining and beneficiation at Mount Milligan,Technosphere (first-tier),"market for electricity, medium voltage","electricity, medium voltage",,kilowatt hour,CA-BC,7.520320376318628e-06,0.08898411837154253,0.008451306271213961
Mount Milligan,Open-pit mining and beneficiation at Mount Milligan,Technosphere (first-tier),"market for explosive, tovex","explosive, tovex",,kilogram,GLO,5.3242798552734945e-06,0.0629994900718313,0.008451306271213961
Mount Milligan,Open-pit mining and beneficiation at Mount Milligan,Technosphere (first-tier),market for lime,lime,,kilogram,RoW,2.3008792238606875e-06,0.027225131240335286,0.008451306271213961
Mount Milligan,Open-pit mining and beneficiation at Mount Milligan,Technosphere (first-tier),"market for chemical, organic","chemical, organic",,kilogram,GLO,1.6582649687882195e-06,0.019621404260740667,0.008451306271213961
Mount Milligan,Open-pit mining and beneficiation at Mount Milligan,Technosphere (first-tier),market for propane,propane,,kilogram,GLO,9.707626030230415e-07,0.011486539144008556,0.008451306271213961
Mount Milligan,Open-pit mining and beneficiation at Mount Milligan,Technosphere (first-tier),market for sodium bicarbonate,sodium bicarbonate,,kilogram,RoW,6.101657624604206e-07,0.0072197805035028656,0.008451306271213961
Mount Polley,Open-pit mining and beneficiation at Mount Polley,Biosphere (direct),"Transformation, to mineral extraction site",,"('natural resource', 'land')",square meter,,0.009194786861382498,91.63726535224389,0.010033894863665689
Mount Polley,Open-pit mining and beneficiation at Mount Polley,Technosphere (first-tier),"market for sulfidic tailings, from copper mine operation","sulfidic tailings, from copper mine operation",,kilogram,CA,0.000667099247556915,6.648457619110464,0.010033894863665689
Mount Polley,Open-pit mining and beneficiation at Mount Polley,Technosphere (first-tier),market for diesel,diesel,,kilogram,RoW,0.00010400832825669487,1.0365698432153738,0.010033894863665689
Mount Polley,Open-pit mining and beneficiation at Mount Polley,Technosphere (first-tier),"market for steel, low-alloyed","steel, low-alloyed",,kilogram,GLO,3.561734497742987e-05,0.35497028284007515,0.010033894863665689
Mount Polley,Open-pit mining and beneficiation at Mount Polley,Technosphere (first-tier),"market for electricity, medium voltage","electricity, medium voltage",,kilowatt hour,CA-BC,1.23109911813508e-05,0.12269404203078542,0.010033894863665689
Mount Polley,Open-pit mining and beneficiation at Mount Polley,Technosphere (first-tier),"market for explosive, tovex","explosive, tovex",,kilogram,GLO,1.0064263939292889e-05,0.10030266487779509,0.010033894863665689
Mount Polley,Open-pit mining and beneficiation at Mount Polley,Technosphere (first-tier),market for polyacrylamide,polyacrylamide,,kilogram,GLO,7.132197321628773e-06,0.07108104498339504,0.010033894863665689
Mount Polley,Open-pit mining and beneficiation at Mount Polley,Technosphere (first-tier),market for lime,lime,,kilogram,RoW,1.2954827165488938e-06,0.012911065285725092,0.010033894863665689
Mount Polley,Open-pit mining and beneficiation at Mount Polley,Technosphere (first-tier),"market for chemical, organic","chemical, organic",,kilogram,GLO,9.33666393370708e-07,0.009305124341611957,0.010033894863665689
Mount Polley,Open-pit mining and beneficiation at Mount Polley,Technosphere (first-tier),market for sodium bicarbonate,sodium bicarbonate,,kilogram,RoW,3.4354658484464757e-07,0.0034238607192176563,0.010033894863665689
Mount Polley,Open-pit mining and beneficiation at Mount Polley,Technosphere (first-tier),"market for natural gas, high pressure","natural gas, high pressure",,cubic meter,CA,1.7745838032477874e-07,0.0017685891942856948,0.010033894863665689
Mount Polley,Open-pit mining and beneficiation at Mount Polley,Technosphere (first-tier),market for liquefied petroleum gas,liquefied petroleum gas,,kilogram,RoW,1.260607495417438e-07,0.0012563491172129936,0.010033894863665689
Musselwhite,Underground mining and beneficiation at Musselwhite,Biosphere (direct),"Transformation, to mineral extraction site",,"('natural resource', 'land')",square meter,,14.273684196232594,86.59165285462423,16.483903154263835
Musselwhite,Underground mining and beneficiation at Musselwhite,Technosphere (first-tier),"market for sulfidic tailings, from gold mine operation","sulfidic tailings, from gold mine operation",,kilogram,CA,0.9269089399259217,5.623115661694247,16.483903154263835
Musselwhite,Underground mining and beneficiation at Musselwhite,Technosphere (first-tier),market for diesel,diesel,,kilogram,RoW,0.41652966253969986,2.526887343620176,16.483903154263835
Musselwhite,Underground mining and beneficiation at Musselwhite,Technosphere (first-tier),"market for electricity, medium voltage","electricity, medium voltage",,kilowatt hour,CA-ON,0.4065718043585006,2.466477754410575,16.483903154263835
Musselwhite,Underground mining and beneficiation at Musselwhite,Technosphere (first-tier),market for propane,propane,,kilogram,GLO,0.16069366658561512,0.974852042515483,16.483903154263835
Musselwhite,Underground mining and beneficiation at Musselwhite,Technosphere (first-tier),"market for explosive, tovex","explosive, tovex",,kilogram,GLO,0.0664947345571526,0.40339192686868364,16.483903154263835
Musselwhite,Underground mining and beneficiation at Musselwhite,Technosphere (first-tier),"market for cement, unspecified","cement, unspecified",,kilogram,RoW,0.06479323132197037,0.39306971604726115,16.483903154263835
Musselwhite,Underground mining and beneficiation at Musselwhite,Technosphere (first-tier),"market for steel, low-alloyed","steel, low-alloyed",,kilogram,GLO,0.061029284763193505,0.37023564256628905,16.483903154263835
Musselwhite,Underground mining and beneficiation at Musselwhite,Technosphere (first-tier),market for sodium cyanide,sodium cyanide,,kilogram,RoW,0.03775268743163516,0.22902759788339205,16.483903154263835
Musselwhite,Underground mining and beneficiation at Musselwhite,Technosphere (first-tier),market for kerosene,kerosene,,kilogram,RoW,0.03551489802919579,0.21545199396545392,16.483903154263835
Musselwhite,Underground mining and beneficiation at Musselwhite,Technosphere (first-tier),market for lubricating oil,lubricating oil,,kilogram,RoW,0.020843344433317697,0.12644665670658362,16.483903154263835
Musselwhite,Underground mining and beneficiation at Musselwhite,Technosphere (first-tier),market for synthetic rubber,synthetic rubber,,kilogram,GLO,0.009922988645624785,0.06019805232268693,16.483903154263835
Musselwhite,Underground mining and beneficiation at Musselwhite,Technosphere (first-tier),market for lime,lime,,kilogram,RoW,0.001806676344072547,0.010960246048310592,16.483903154263835
Musselwhite,Underground mining and beneficiation at Musselwhite,Technosphere (first-tier),"market for hydrochloric acid, without water, in 30% solution state","hydrochloric acid, without water, in 30% solution state",,kilogram,RoW,0.001353098687547508,0.00820860614676389,16.483903154263835
Musselwhite,Underground mining and beneficiation at Musselwhite,Technosphere (first-tier),market for biogas,biogas,,cubic meter,RoW,4.2902694576681285e-06,2.602702416726089e-05,16.483903154263835
New Afton,Underground mining and beneficiation at New Afton,Biosphere (direct),"Transformation, to mineral extraction site",,"('natural resource', 'land')",square meter,,0.0036331543533657655,93.21607332163438,0.0038975621090902054
New Afton,Underground mining and beneficiation at New Afton,Technosphere (first-tier),"market for sulfidic tailings, from copper mine operation","sulfidic tailings, from copper mine operation",,kilogram,CA,0.00021514662790866166,5.52003077531156,0.0038975621090902054
New Afton,Underground mining and beneficiation at New Afton,Technosphere (first-tier),market for diesel,diesel,,kilogram,RoW,2.4160680685723406e-05,0.619892127680889,0.0038975621090902054
New Afton,Underground mining and beneficiation at New Afton,Technosphere (first-tier),"market for steel, low-alloyed","steel, low-alloyed",,kilogram,GLO,5.835936561370162e-06,0.14973299714093394,0.0038975621090902054
New Afton,Underground mining and beneficiation at New Afton,Technosphere (first-tier),"market for explosive, tovex","explosive, tovex",,kilogram,GLO,5.61378179816665e-06,0.14403315819069926,0.0038975621090902054
New Afton,Underground mining and beneficiation at New Afton,Technosphere (first-tier),"market for electricity, medium voltage","electricity, medium voltage",,kilowatt hour,CA-BC,4.617800802867794e-06,0.11847921017340018,0.0038975621090902054
New Afton,Underground mining and beneficiation at New Afton,Technosphere (first-tier),"market for cement, unspecified","cement, unspecified",,kilogram,RoW,4.28640572380884e-06,0.10997658546124878,0.0038975621090902054
New Afton,Underground mining and beneficiation at New Afton,Technosphere (first-tier),"market for natural gas, high pressure","natural gas, high pressure",,cubic meter,CA,2.4360489693722237e-06,0.0625018640162443,0.0038975621090902054
New Afton,Underground mining and beneficiation at New Afton,Technosphere (first-tier),market for polyacrylamide,polyacrylamide,,kilogram,GLO,1.168617456988321e-06,0.02998329274247556,0.0038975621090902054
New Afton,Underground mining and beneficiation at New Afton,Technosphere (first-tier),market for dipropylene glycol monomethyl ether,dipropylene glycol monomethyl ether,,kilogram,RoW,5.6522604064432e-07,0.014502040630117341,0.0038975621090902054
New Afton,Underground mining and beneficiation at New Afton,Technosphere (first-tier),market for lime,lime,,kilogram,RoW,4.245322022133705e-07,0.01089224983030399,0.0038975621090902054
New Afton,Underground mining and beneficiation at New Afton,Technosphere (first-tier),market for sodium bicarbonate,sodium bicarbonate,,kilogram,RoW,1.1258088306690341e-07,0.0028884949082487563,0.0038975621090902054
New Afton,Underground mining and beneficiation at New Afton,Technosphere (first-tier),market for propane,propane,,kilogram,GLO,3.957563374114482e-08,0.0010153945628946712,0.0038975621090902054
Nunavik Nickel,Open-pit and underground mining and beneficiation at Nunavik Nickel,Biosphere (direct),"Transformation, to mineral extraction site",,"('natural resource', 'land')",square meter,,0.0017020096736259903,88.85075510765732,0.0019155826774502089
Nunavik Nickel,Open-pit and underground mining and beneficiation at Nunavik Nickel,Technosphere (first-tier),"market for sulfidic tailings, from nickel mine operation","sulfidic tailings, from nickel mine operation",,kilogram,CA,9.181122206000876e-05,4.7928613648885525,0.0019155826774502089
Nunavik Nickel,Open-pit and underground mining and beneficiation at Nunavik Nickel,Technosphere (first-tier),"market for steel, low-alloyed","steel, low-alloyed",,kilogram,GLO,7.133966256784319e-05,3.724175594592549,0.0019155826774502089
Nunavik Nickel,Open-pit and underground mining and beneficiation at Nunavik Nickel,Technosphere (first-tier),"market for electricity, medium voltage","electricity, medium voltage",,kilowatt hour,CA-QC,2.0817205069473905e-05,1.0867296574838128,0.0019155826774502089
Nunavik Nickel,Open-pit and underground mining and beneficiation at Nunavik Nickel,Technosphere (first-tier),market for diesel,diesel,,kilogram,RoW,1.684733117425888e-05,0.879488594910662,0.0019155826774502089
Nunavik Nickel,Open-pit and underground mining and beneficiation at Nunavik Nickel,Technosphere (first-tier),"market for natural gas, high pressure","natural gas, high pressure",,cubic meter,CA,6.8355996209169506e-06,0.35684179552175066,0.0019155826774502089
Nunavik Nickel,Open-pit and underground mining and beneficiation at Nunavik Nickel,Technosphere (first-tier),"market for cement, unspecified","cement, unspecified",,kilogram,RoW,1.8866282254473891e-06,0.09848847808326601,0.0019155826774502089
Nunavik Nickel,Open-pit and underground mining and beneficiation at Nunavik Nickel,Technosphere (first-tier),market for lime,lime,,kilogram,RoW,1.8310245161248007e-06,0.09558577333566402,0.0019155826774502089
Nunavik Nickel,Open-pit and underground mining and beneficiation at Nunavik Nickel,Technosphere (first-tier),market for liquefied petroleum gas,liquefied petroleum gas,,kilogram,RoW,1.6185970107526523e-06,0.08449632739982449,0.0019155826774502089
Nunavik Nickel,Open-pit and underground mining and beneficiation at Nunavik Nickel,Technosphere (first-tier),"market for ammonia, anhydrous, liquid","ammonia, anhydrous, liquid",,kilogram,RoW,3.088243232277479e-07,0.016121691162858987,0.0019155826774502089
Nunavik Nickel,Open-pit and underground mining and beneficiation at Nunavik Nickel,Technosphere (first-tier),market for sulfuric acid,sulfuric acid,,kilogram,RoW,2.769162121354678e-07,0.014455978089343815,0.0019155826774502089
Porcupine complex,Open-pit and underground mining at Porcupine complex,Biosphere (direct),"Transformation, to mineral extraction site",,"('natural resource', 'land')",square meter,,105.6099659182776,96.90883229630988,108.97867966808535
Porcupine complex,Open-pit and underground mining at Porcupine complex,Technosphere (first-tier),"market for sulfidic tailings, from gold mine operation","sulfidic tailings, from gold mine operation",,kilogram,CA,1.8171321035471688,1.6674198192541692,108.97867966808535
Porcupine complex,Open-pit and underground mining at Porcupine complex,Technosphere (first-tier),market for diesel,diesel,,kilogram,RoW,0.6632563038943594,0.6086110658657534,108.97867966808535
Porcupine complex,Open-pit and underground mining at Porcupine complex,Technosphere (first-tier),"market for electricity, medium voltage","electricity, medium voltage",,kilowatt hour,CA-ON,0.39849023244630666,0.3656588918676406,108.97867966808535
Porcupine complex,Open-pit and underground mining at Porcupine complex,Technosphere (first-tier),"market for explosive, tovex","explosive, tovex",,kilogram,GLO,0.13035734440757565,0.11961729101931035,108.97867966808535
Porcupine complex,Open-pit and underground mining at Porcupine complex,Technosphere (first-tier),"market for steel, low-alloyed","steel, low-alloyed",,kilogram,GLO,0.11243858435685576,0.1031748454829038,108.97867966808535
Porcupine complex,Open-pit and underground mining at Porcupine complex,Technosphere (first-tier),"market for cement, unspecified","cement, unspecified",,kilogram,RoW,0.05991011405902606,0.0549741603050187,108.97867966808535
Porcupine complex,Open-pit and underground mining at Porcupine complex,Technosphere (first-tier),"market for natural gas, high pressure","natural gas, high pressure",,cubic meter,CA,0.0595790459962546,0.05467036871589338,108.97867966808535
Porcupine complex,Open-pit and underground mining at Porcupine complex,Technosphere (first-tier),market for sodium cyanide,sodium cyanide,,kilogram,RoW,0.04922472500206588,0.04516913322127672,108.97867966808535
Porcupine complex,Open-pit and underground mining at Porcupine complex,Technosphere (first-tier),market for synthetic rubber,synthetic rubber,,kilogram,GLO,0.04277059619496913,0.039246755718856996,108.97867966808535
Porcupine complex,Open-pit and underground mining at Porcupine complex,Technosphere (first-tier),market for lubricating oil,lubricating oil,,kilogram,RoW,0.026558390530108916,0.024370262707345502,108.97867966808535
Porcupine complex,Open-pit and underground mining at Porcupine complex,Technosphere (first-tier),market for lime,lime,,kilogram,RoW,0.0058837095001803156,0.005398954656177004,108.97867966808535
Porcupine complex,Open-pit and underground mining at Porcupine complex,Technosphere (first-tier),market for propane,propane,,kilogram,GLO,0.003066150410021998,0.002813532352713874,108.97867966808535
Porcupine complex,Open-pit and underground mining at Porcupine complex,Technosphere (first-tier),"market for hydrochloric acid, without water, in 30% solution state","hydrochloric acid, without water, in 30% solution state",,kilogram,RoW,3.692998636871011e-05,3.3887349783634e-05,108.97867966808535
Porcupine complex,Open-pit and underground mining at Porcupine complex,Technosphere (first-tier),market for biogas,biogas,,cubic meter,RoW,5.936258926788696e-06,5.447174571089195e-06,108.97867966808535
Porcupine complex,Open-pit and underground mining at Porcupine complex,Technosphere (first-tier),"market for nitric acid, without water, in 50% solution state","nitric acid, without water, in 50% solution state",,kilogram,RoW,2.478895756457991e-06,2.274661212640789e-06,108.97867966808535
Porcupine complex,Open-pit and underground mining at Porcupine complex,Technosphere (first-tier),market for sulfuric acid,sulfuric acid,,kilogram,RoW,9.039673866711721e-08,8.29490125430379e-08,108.97867966808535
Raglan,Underground mining and beneficiation at Raglan,Biosphere (direct),"Transformation, to mineral extraction site",,"('natural resource', 'land')",square meter,,0.0008598015906606361,78.40986953776682,0.0010965476613202434
Raglan,Underground mining and beneficiation at Raglan,Technosphere (first-tier),market for diesel,diesel,,kilogram,RoW,7.530003872168994e-05,6.867010106157055,0.0010965476613202434
Raglan,Underground mining and beneficiation at Raglan,Technosphere (first-tier),"market for electricity, medium voltage","electricity, medium voltage",,kilowatt hour,CA-QC,6.202906686307646e-05,5.656759760756177,0.0010965476613202434
Raglan,Underground mining and beneficiation at Raglan,Technosphere (first-tier),"market for sulfidic tailings, from nickel mine operation","sulfidic tailings, from nickel mine operation",,kilogram,CA,4.586694733425993e-05,4.182850317608277,0.0010965476613202434
Raglan,Underground mining and beneficiation at Raglan,Technosphere (first-tier),"market for steel, low-alloyed","steel, low-alloyed",,kilogram,GLO,3.75363444098713e-05,3.4231384310899484,0.0010965476613202434
Raglan,Underground mining and beneficiation at Raglan,Technosphere (first-tier),"market for natural gas, high pressure","natural gas, high pressure",,cubic meter,CA,8.038855868229143e-06,0.7331059243289398,0.0010965476613202434
Raglan,Underground mining and beneficiation at Raglan,Technosphere (first-tier),market for liquefied petroleum gas,liquefied petroleum gas,,kilogram,RoW,5.7105457310744895e-06,0.520774967884113,0.0010965476613202434
Raglan,Underground mining and beneficiation at Raglan,Technosphere (first-tier),"market for cement, unspecified","cement, unspecified",,kilogram,RoW,9.92675382735814e-07,0.09052733572388753,0.0010965476613202434
Raglan,Underground mining and beneficiation at Raglan,Technosphere (first-tier),market for lime,lime,,kilogram,RoW,9.634187265017843e-07,0.08785926599321987,0.0010965476613202434
Raglan,Underground mining and beneficiation at Raglan,Technosphere (first-tier),"market for ammonia, anhydrous, liquid","ammonia, anhydrous, liquid",,kilogram,RoW,1.624921641281655e-07,0.014818522701742389,0.0010965476613202434
Raglan,Underground mining and beneficiation at Raglan,Technosphere (first-tier),market for sulfuric acid,sulfuric acid,,kilogram,RoW,1.4570327272727125e-07,0.013287454605652482,0.0010965476613202434
Rainy River,Open-pit and underground mining and beneficiation at Rainy River,Biosphere (direct),"Transformation, to mineral extraction site",,"('natural resource', 'land')",square meter,,148.83982457333423,93.28229833060611,159.55848776991334
Rainy River,Open-pit and underground mining and beneficiation at Rainy River,Technosphere (first-tier),"market for sulfidic tailings, from gold mine operation","sulfidic tailings, from gold mine operation",,kilogram,CA,5.605616093656261,3.513204575954415,159.55848776991334
Rainy River,Open-pit and underground mining and beneficiation at Rainy River,Technosphere (first-tier),"market for electricity, medium voltage","electricity, medium voltage",,kilowatt hour,CA-ON,1.6464243031023895,1.0318625640752923,159.55848776991334
Rainy River,Open-pit and underground mining and beneficiation at Rainy River,Technosphere (first-tier),market for diesel,diesel,,kilogram,RoW,1.4490611965401556,0.9081692969099407,159.55848776991334
Rainy River,Open-pit and underground mining and beneficiation at Rainy River,Technosphere (first-tier),"market for explosive, tovex","explosive, tovex",,kilogram,GLO,1.4153202497174229,0.8870228525594603,159.55848776991334
Rainy River,Open-pit and underground mining and beneficiation at Rainy River,Technosphere (first-tier),"market for steel, low-alloyed","steel, low-alloyed",,kilogram,GLO,0.26224648085985464,0.16435758731808708,159.55848776991334
Rainy River,Open-pit and underground mining and beneficiation at Rainy River,Technosphere (first-tier),market for sodium cyanide,sodium cyanide,,kilogram,RoW,0.15584702581329898,0.0976739175655974,159.55848776991334
Rainy River,Open-pit and underground mining and beneficiation at Rainy River,Technosphere (first-tier),"market for cement, unspecified","cement, unspecified",,kilogram,RoW,0.10907041360101971,0.06835763808334754,159.55848776991334
Rainy River,Open-pit and underground mining and beneficiation at Rainy River,Technosphere (first-tier),market for propane,propane,,kilogram,GLO,0.04187045593417952,0.0262414469574051,159.55848776991334
Rainy River,Open-pit and underground mining and beneficiation at Rainy River,Technosphere (first-tier),"market for sodium hydroxide, without water, in 50% solution state","sodium hydroxide, without water, in 50% solution state",,kilogram,RoW,0.010173475527782569,0.006376016512799327,159.55848776991334
Rainy River,Open-pit and underground mining and beneficiation at Rainy River,Technosphere (first-tier),market for lime,lime,,kilogram,RoW,0.008862849452204015,0.005554608580262072,159.55848776991334
Rainy River,Open-pit and underground mining and beneficiation at Rainy River,Technosphere (first-tier),market for polyacrylamide,polyacrylamide,,kilogram,GLO,0.008075893407239989,0.0050614000672189845,159.55848776991334
Rainy River,Open-pit and underground mining and beneficiation at Rainy River,Technosphere (first-tier),market for sodium bicarbonate,sodium bicarbonate,,kilogram,RoW,0.006096568680476483,0.0038208990105671227,159.55848776991334
Red Lake,Underground mining and beneficiation at Red Lake,Biosphere (direct),"Transformation, to mineral extraction site",,"('natural resource', 'land')",square meter,,90.27719996042252,97.2400694264939,92.83950586714175
Red Lake,Underground mining and beneficiation at Red Lake,Technosphere (first-tier),"market for sulfidic tailings, from gold mine operation","sulfidic tailings, from gold mine operation",,kilogram,CA,1.2111253863999605,1.3045366571997323,92.83950586714175
Red Lake,Underground mining and beneficiation at Red Lake,Technosphere (first-tier),market for diesel,diesel,,kilogram,RoW,0.587591014859686,0.6329105367068194,92.83950586714175
Red Lake,Underground mining and beneficiation at Red Lake,Technosphere (first-tier),"market for electricity, medium voltage","electricity, medium voltage",,kilowatt hour,CA-ON,0.3830580706326557,0.41260244446026245,92.83950586714175
Red Lake,Underground mining and beneficiation at Red Lake,Technosphere (first-tier),"market for steel, low-alloyed","steel, low-alloyed",,kilogram,GLO,0.11865835936091045,0.12781020132821133,92.83950586714175
Red Lake,Underground mining and beneficiation at Red Lake,Technosphere (first-tier),"market for explosive, tovex","explosive, tovex",,kilogram,GLO,0.08688378392811187,0.09358492714561316,92.83950586714175
Red Lake,Underground mining and beneficiation at Red Lake,Technosphere (first-tier),market for sodium cyanide,sodium cyanide,,kilogram,RoW,0.056085763191702796,0.06041152704104704,92.83950586714175
Red Lake,Underground mining and beneficiation at Red Lake,Technosphere (first-tier),"market for natural gas, high pressure","natural gas, high pressure",,cubic meter,CA,0.04206837810473723,0.045313013799254065,92.83950586714175
Red Lake,Underground mining and beneficiation at Red Lake,Technosphere (first-tier),market for liquefied petroleum gas,liquefied petroleum gas,,kilogram,RoW,0.02988402839123856,0.03218891366570195,92.83950586714175
Red Lake,Underground mining and beneficiation at Red Lake,Technosphere (first-tier),"market for cement, unspecified","cement, unspecified",,kilogram,RoW,0.023565364637438902,0.025382906142523188,92.83950586714175
Red Lake,Underground mining and beneficiation at Red Lake,Technosphere (first-tier),"market for sulfur dioxide, liquid","sulfur dioxide, liquid",,kilogram,RoW,0.008646628725888877,0.0093135229933932,92.83950586714175
Red Lake,Underground mining and beneficiation at Red Lake,Technosphere (first-tier),market for lime,lime,,kilogram,RoW,0.004919212001490963,0.005298619327563652,92.83950586714175
Red Lake,Underground mining and beneficiation at Red Lake,Technosphere (first-tier),"market for activated carbon, granular","activated carbon, granular",,kilogram,GLO,0.0033773442610312613,0.00363783093144035,92.83950586714175
Red Lake,Underground mining and beneficiation at Red Lake,Technosphere (first-tier),market for polyacrylamide,polyacrylamide,,kilogram,GLO,0.0031636821262872,0.0034076895355459958,92.83950586714175
Red Lake,Underground mining and beneficiation at Red Lake,Technosphere (first-tier),"market for hydrochloric acid, without water, in 30% solution state","hydrochloric acid, without water, in 30% solution state",,kilogram,RoW,0.0017679946357443493,0.0019043559304101026,92.83950586714175
Red Lake,Underground mining and beneficiation at Red Lake,Technosphere (first-tier),market for sodium bicarbonate,sodium bicarbonate,,kilogram,RoW,0.0015131665374939363,0.0016298735364440198,92.83950586714175
Seabee Gold Operation,Underground mining and beneficiation at Seabee Gold Operation,Biosphere (direct),"Transformation, to mineral extraction site",,"('natural resource', 'land')",square meter,,22.106568322497107,87.95626880103401,25.13359038967922
Seabee Gold Operation,Underground mining and beneficiation at Seabee Gold Operation,Technosphere (first-tier),"market for electricity, medium voltage","electricity, medium voltage",,kilowatt hour,CA-SK,1.3813511106922276,5.4960357405182405,25.13359038967922
Seabee Gold Operation,Underground mining and beneficiation at Seabee Gold Operation,Technosphere (first-tier),market for diesel,diesel,,kilogram,RoW,0.8741870280709589,3.4781621508001197,25.13359038967922
Seabee Gold Operation,Underground mining and beneficiation at Seabee Gold Operation,Technosphere (first-tier),"market for sulfidic tailings, from gold mine operation","sulfidic tailings, from gold mine operation",,kilogram,CA,0.5108862023406608,2.0326829331572522,25.13359038967922
Seabee Gold Operation,Underground mining and beneficiation at Seabee Gold Operation,Technosphere (first-tier),market for propane,propane,,kilogram,GLO,0.13042925285030033,0.5189439742913109,25.13359038967922
Seabee Gold Operation,Underground mining and beneficiation at Seabee Gold Operation,Technosphere (first-tier),"market for steel, low-alloyed","steel, low-alloyed",,kilogram,GLO,0.05005367128944869,0.19915050143413882,25.13359038967922
Seabee Gold Operation,Underground mining and beneficiation at Seabee Gold Operation,Technosphere (first-tier),"market for explosive, tovex","explosive, tovex",,kilogram,GLO,0.03665019796787985,0.14582157741748578,25.13359038967922
Seabee Gold Operation,Underground mining and beneficiation at Seabee Gold Operation,Technosphere (first-tier),market for sodium cyanide,sodium cyanide,,kilogram,RoW,0.023658664841949253,0.09413165598363683,25.13359038967922
Seabee Gold Operation,Underground mining and beneficiation at Seabee Gold Operation,Technosphere (first-tier),"market for cement, unspecified","cement, unspecified",,kilogram,RoW,0.00994058085524936,0.03955097819741396,25.13359038967922
Seabee Gold Operation,Underground mining and beneficiation at Seabee Gold Operation,Technosphere (first-tier),"market for sulfur dioxide, liquid","sulfur dioxide, liquid",,kilogram,RoW,0.0036474085293153142,0.014512087102418423,25.13359038967922
Seabee Gold Operation,Underground mining and beneficiation at Seabee Gold Operation,Technosphere (first-tier),market for lime,lime,,kilogram,RoW,0.0020750718436686327,0.008256169578226013,25.13359038967922
Seabee Gold Operation,Underground mining and beneficiation at Seabee Gold Operation,Technosphere (first-tier),"market for activated carbon, granular","activated carbon, granular",,kilogram,GLO,0.001424665572518056,0.005668372685436444,25.13359038967922
Seabee Gold Operation,Underground mining and beneficiation at Seabee Gold Operation,Technosphere (first-tier),market for polyacrylamide,polyacrylamide,,kilogram,GLO,0.0013345364462004354,0.0053097724022288725,25.13359038967922
Seabee Gold Operation,Underground mining and beneficiation at Seabee Gold Operation,Technosphere (first-tier),"market for hydrochloric acid, without water, in 30% solution state","hydrochloric acid, without water, in 30% solution state",,kilogram,RoW,0.0007457934090415966,0.0029673174324820976,25.13359038967922
Seabee Gold Operation,Underground mining and beneficiation at Seabee Gold Operation,Technosphere (first-tier),market for sodium bicarbonate,sodium bicarbonate,,kilogram,RoW,0.0006382992389398026,0.00253962616977283,25.13359038967922
Snow Lake (Cu),Underground mining and beneficiation at Snow Lake,Biosphere (direct),"Transformation, to mineral extraction site",,"('natural resource', 'land')",square meter,,0.000520028175129874,76.25720955791583,0.000681939685630541
Snow Lake (Cu),Underground mining and beneficiation at Snow Lake,Technosphere (first-tier),"market for electricity, medium voltage","electricity, medium voltage",,kilowatt hour,CA-MB,0.00010048472359525211,14.735133577442566,0.000681939685630541
Snow Lake (Cu),Underground mining and beneficiation at Snow Lake,Technosphere (first-tier),"market for sulfidic tailings, from gold mine operation","sulfidic tailings, from gold mine operation",,kilogram,CA,3.30405130484587e-05,4.845078493695303,0.000681939685630541
Snow Lake (Cu),Underground mining and beneficiation at Snow Lake,Technosphere (first-tier),market for diesel,diesel,,kilogram,RoW,1.5326412752951198e-05,2.247473358113769,0.000681939685630541
Snow Lake (Cu),Underground mining and beneficiation at Snow Lake,Technosphere (first-tier),"market for explosive, tovex","explosive, tovex",,kilogram,GLO,5.444902321108025e-06,0.7984433866865384,0.000681939685630541
Snow Lake (Cu),Underground mining and beneficiation at Snow Lake,Technosphere (first-tier),"market for steel, low-alloyed","steel, low-alloyed",,kilogram,GLO,3.4136314180759366e-06,0.5005767357445395,0.000681939685630541
Snow Lake (Cu),Underground mining and beneficiation at Snow Lake,Technosphere (first-tier),market for sodium cyanide,sodium cyanide,,kilogram,RoW,1.6135072519891228e-06,0.23660556585693174,0.000681939685630541
Snow Lake (Cu),Underground mining and beneficiation at Snow Lake,Technosphere (first-tier),"market for cement, unspecified","cement, unspecified",,kilogram,RoW,6.779418621498111e-07,0.09941375702793522,0.000681939685630541
Snow Lake (Cu),Underground mining and beneficiation at Snow Lake,Technosphere (first-tier),market for propane,propane,,kilogram,GLO,6.15605203485919e-07,0.09027267608230086,0.000681939685630541
Snow Lake (Cu),Underground mining and beneficiation at Snow Lake,Technosphere (first-tier),"market for natural gas, high pressure","natural gas, high pressure",,cubic meter,CA,3.6333883203253996e-07,0.05328020053512305,0.000681939685630541
Snow Lake (Cu),Underground mining and beneficiation at Snow Lake,Technosphere (first-tier),market for liquefied petroleum gas,liquefied petroleum gas,,kilogram,RoW,2.5810426884218134e-07,0.037848547940648264,0.000681939685630541
Snow Lake (Cu),Underground mining and beneficiation at Snow Lake,Technosphere (first-tier),"market for sulfur dioxide, liquid","sulfur dioxide, liquid",,kilogram,RoW,2.487511511039447e-07,0.036477001756239226,0.000681939685630541
Snow Lake (Cu),Underground mining and beneficiation at Snow Lake,Technosphere (first-tier),market for lime,lime,,kilogram,RoW,1.4151869898512687e-07,0.020752377661416587,0.000681939685630541
Snow Lake (Cu),Underground mining and beneficiation at Snow Lake,Technosphere (first-tier),"market for activated carbon, granular","activated carbon, granular",,kilogram,GLO,9.716136765423466e-08,0.014247794885906438,0.000681939685630541
Snow Lake (Cu),Underground mining and beneficiation at Snow Lake,Technosphere (first-tier),market for polyacrylamide,polyacrylamide,,kilogram,GLO,9.101461339313374e-08,0.013346431555597034,0.000681939685630541
Snow Lake (Cu),Underground mining and beneficiation at Snow Lake,Technosphere (first-tier),"market for hydrochloric acid, without water, in 30% solution state","hydrochloric acid, without water, in 30% solution state",,kilogram,RoW,5.086267893869035e-08,0.007458530425848623,0.000681939685630541
Snow Lake (Cu),Underground mining and beneficiation at Snow Lake,Technosphere (first-tier),market for sodium bicarbonate,sodium bicarbonate,,kilogram,RoW,4.353163873990255e-08,0.006383502772631857,0.000681939685630541
Snow Lake (Doré),Underground mining and beneficiation at Snow Lake,Biosphere (direct),"Transformation, to mineral extraction site",,"('natural resource', 'land')",square meter,,3.9034622432327613,76.25720837232119,5.118810833166544
Snow Lake (Doré),Underground mining and beneficiation at Snow Lake,Technosphere (first-tier),"market for electricity, medium voltage","electricity, medium voltage",,kilowatt hour,CA-MB,0.7542636021168952,14.735133348350379,5.118810833166544
Snow Lake (Doré),Underground mining and beneficiation at Snow Lake,Technosphere (first-tier),"market for sulfidic tailings, from gold mine operation","sulfidic tailings, from gold mine operation",,kilogram,CA,0.24801039895479526,4.8450784183672155,5.118810833166544
Snow Lake (Doré),Underground mining and beneficiation at Snow Lake,Technosphere (first-tier),market for diesel,diesel,,kilogram,RoW,0.11504390793903253,2.247473323171533,5.118810833166544
Snow Lake (Doré),Underground mining and beneficiation at Snow Lake,Technosphere (first-tier),"market for explosive, tovex","explosive, tovex",,kilogram,GLO,0.04087080593898006,0.7984433742728679,5.118810833166544
Snow Lake (Doré),Underground mining and beneficiation at Snow Lake,Technosphere (first-tier),"market for steel, low-alloyed","steel, low-alloyed",,kilogram,GLO,0.025623575779224403,0.5005767279619009,5.118810833166544
Snow Lake (Doré),Underground mining and beneficiation at Snow Lake,Technosphere (first-tier),market for sodium cyanide,sodium cyanide,,kilogram,RoW,0.012111391148659854,0.23660556217834752,5.118810833166544
Snow Lake (Doré),Underground mining and beneficiation at Snow Lake,Technosphere (first-tier),"market for cement, unspecified","cement, unspecified",,kilogram,RoW,0.005088802085286456,0.09941375548231533,5.118810833166544
Snow Lake (Doré),Underground mining and beneficiation at Snow Lake,Technosphere (first-tier),market for propane,propane,,kilogram,GLO,0.004620887450847634,0.09027267467880055,5.118810833166544
Snow Lake (Doré),Underground mining and beneficiation at Snow Lake,Technosphere (first-tier),"market for natural gas, high pressure","natural gas, high pressure",,cubic meter,CA,0.002727312634522313,0.053280199706758305,5.118810833166544
Snow Lake (Doré),Underground mining and beneficiation at Snow Lake,Technosphere (first-tier),market for liquefied petroleum gas,liquefied petroleum gas,,kilogram,RoW,0.0019373955420608564,0.03784854735220535,5.118810833166544
Snow Lake (Doré),Underground mining and beneficiation at Snow Lake,Technosphere (first-tier),"market for sulfur dioxide, liquid","sulfur dioxide, liquid",,kilogram,RoW,0.0018671886884829108,0.036477001189118965,5.118810833166544
Snow Lake (Doré),Underground mining and beneficiation at Snow Lake,Technosphere (first-tier),market for lime,lime,,kilogram,RoW,0.0010622749393566762,0.020752377338772315,5.118810833166544
Snow Lake (Doré),Underground mining and beneficiation at Snow Lake,Technosphere (first-tier),"market for activated carbon, granular","activated carbon, granular",,kilogram,GLO,0.0007293176567682417,0.014247794664392377,5.118810833166544
Snow Lake (Doré),Underground mining and beneficiation at Snow Lake,Technosphere (first-tier),market for polyacrylamide,polyacrylamide,,kilogram,GLO,0.0006831785736876034,0.013346431348098537,5.118810833166544
Snow Lake (Doré),Underground mining and beneficiation at Snow Lake,Technosphere (first-tier),"market for hydrochloric acid, without water, in 30% solution state","hydrochloric acid, without water, in 30% solution state",,kilogram,RoW,0.00038178805749762893,0.007458530309889402,5.118810833166544
Snow Lake (Doré),Underground mining and beneficiation at Snow Lake,Technosphere (first-tier),market for sodium bicarbonate,sodium bicarbonate,,kilogram,RoW,0.0003267594263808384,0.006383502673387561,5.118810833166544
Snow Lake (Zn),Underground mining and beneficiation at Snow Lake,Biosphere (direct),"Transformation, to mineral extraction site",,"('natural resource', 'land')",square meter,,0.00019439365694147518,76.25720994110647,0.00025491839668879263
Snow Lake (Zn),Underground mining and beneficiation at Snow Lake,Technosphere (first-tier),"market for electricity, medium voltage","electricity, medium voltage",,kilowatt hour,CA-MB,3.756256645433336e-05,14.735133651491692,0.00025491839668879263
Snow Lake (Zn),Underground mining and beneficiation at Snow Lake,Technosphere (first-tier),"market for sulfidic tailings, from gold mine operation","sulfidic tailings, from gold mine operation",,kilogram,CA,1.235099647650926e-05,4.845078518043365,0.00025491839668879263
Snow Lake (Zn),Underground mining and beneficiation at Snow Lake,Technosphere (first-tier),market for diesel,diesel,,kilogram,RoW,5.729223079302681e-06,2.247473369408087,0.00025491839668879263
Snow Lake (Zn),Underground mining and beneficiation at Snow Lake,Technosphere (first-tier),"market for explosive, tovex","explosive, tovex",,kilogram,GLO,2.035379090037476e-06,0.7984433906989814,0.00025491839668879263
Snow Lake (Zn),Underground mining and beneficiation at Snow Lake,Technosphere (first-tier),"market for steel, low-alloyed","steel, low-alloyed",,kilogram,GLO,1.2760621953697031e-06,0.5005767382601009,0.00025491839668879263
Snow Lake (Zn),Underground mining and beneficiation at Snow Lake,Technosphere (first-tier),market for sodium cyanide,sodium cyanide,,kilogram,RoW,6.031511179899794e-07,0.2366055670459568,0.00025491839668879263
Snow Lake (Zn),Underground mining and beneficiation at Snow Lake,Technosphere (first-tier),"market for cement, unspecified","cement, unspecified",,kilogram,RoW,2.534239567772434e-07,0.09941375752752217,0.00025491839668879263
Snow Lake (Zn),Underground mining and beneficiation at Snow Lake,Technosphere (first-tier),market for propane,propane,,kilogram,GLO,2.3012165967350912e-07,0.09027267653595215,0.00025491839668879263
Snow Lake (Zn),Underground mining and beneficiation at Snow Lake,Technosphere (first-tier),"market for natural gas, high pressure","natural gas, high pressure",,cubic meter,CA,1.3582103363925232e-07,0.053280200802872706,0.00025491839668879263
Snow Lake (Zn),Underground mining and beneficiation at Snow Lake,Technosphere (first-tier),market for liquefied petroleum gas,liquefied petroleum gas,,kilogram,RoW,9.648291206514164e-08,0.03784854813084719,0.00025491839668879263
Snow Lake (Zn),Underground mining and beneficiation at Snow Lake,Technosphere (first-tier),"market for sulfur dioxide, liquid","sulfur dioxide, liquid",,kilogram,RoW,9.298658850443446e-08,0.036477001939547574,0.00025491839668879263
Snow Lake (Zn),Underground mining and beneficiation at Snow Lake,Technosphere (first-tier),market for lime,lime,,kilogram,RoW,5.290162867513446e-08,0.02075237776570413,0.00025491839668879263
Snow Lake (Zn),Underground mining and beneficiation at Snow Lake,Technosphere (first-tier),"market for activated carbon, granular","activated carbon, granular",,kilogram,GLO,3.6320250469179805e-08,0.014247794957505557,0.00025491839668879263
Snow Lake (Zn),Underground mining and beneficiation at Snow Lake,Technosphere (first-tier),market for polyacrylamide,polyacrylamide,,kilogram,GLO,3.4022509507677666e-08,0.013346431622670508,0.00025491839668879263
Snow Lake (Zn),Underground mining and beneficiation at Snow Lake,Technosphere (first-tier),"market for hydrochloric acid, without water, in 30% solution state","hydrochloric acid, without water, in 30% solution state",,kilogram,RoW,1.901316627365874e-08,0.007458530463327147,0.00025491839668879263
Snow Lake (Zn),Underground mining and beneficiation at Snow Lake,Technosphere (first-tier),market for sodium bicarbonate,sodium bicarbonate,,kilogram,RoW,1.6272723002359437e-08,0.006383502804713372,0.00025491839668879263
Thompson,Open-pit and underground mining and beneficiation at Thompson (T-1 and T-3),Biosphere (direct),"Transformation, to mineral extraction site",,"('natural resource', 'land')",square meter,,0.011147446636038935,98.92096595409468,0.011269043451528795
Thompson,Open-pit and underground mining and beneficiation at Thompson (T-1 and T-3),Technosphere (first-tier),"market for sulfidic tailings, from nickel mine operation","sulfidic tailings, from nickel mine operation",,kilogram,CA,4.333004869498762e-05,0.38450511688380545,0.011269043451528795
Thompson,Open-pit and underground mining and beneficiation at Thompson (T-1 and T-3),Technosphere (first-tier),"market for steel, low-alloyed","steel, low-alloyed",,kilogram,GLO,3.5669831283921615e-05,0.31652936149680505,0.011269043451528795
Thompson,Open-pit and underground mining and beneficiation at Thompson (T-1 and T-3),Technosphere (first-tier),market for diesel,diesel,,kilogram,RoW,2.4054736719252305e-05,0.21345854972268266,0.011269043451528795
Thompson,Open-pit and underground mining and beneficiation at Thompson (T-1 and T-3),Technosphere (first-tier),"market for electricity, medium voltage","electricity, medium voltage",,kilowatt hour,CA-MB,1.0222482112406163e-05,0.09071295320118183,0.011269043451528795
Thompson,Open-pit and underground mining and beneficiation at Thompson (T-1 and T-3),Technosphere (first-tier),"market for natural gas, high pressure","natural gas, high pressure",,cubic meter,CA,4.9870468481156805e-06,0.04425439363657012,0.011269043451528795
Thompson,Open-pit and underground mining and beneficiation at Thompson (T-1 and T-3),Technosphere (first-tier),market for liquefied petroleum gas,liquefied petroleum gas,,kilogram,RoW,1.1808794500109602e-06,0.010478967936278196,0.011269043451528795
Thompson,Open-pit and underground mining and beneficiation at Thompson (T-1 and T-3),Technosphere (first-tier),"market for cement, unspecified","cement, unspecified",,kilogram,RoW,9.433141127236926e-07,0.008370844577724294,0.011269043451528795
Thompson,Open-pit and underground mining and beneficiation at Thompson (T-1 and T-3),Technosphere (first-tier),market for lime,lime,,kilogram,RoW,9.15512258062401e-07,0.008124134599358561,0.011269043451528795
Thompson,Open-pit and underground mining and beneficiation at Thompson (T-1 and T-3),Technosphere (first-tier),"market for ammonia, anhydrous, liquid","ammonia, anhydrous, liquid",,kilogram,RoW,1.5441216161386492e-07,0.0013702330839173121,0.011269043451528795
Thompson,Open-pit and underground mining and beneficiation at Thompson (T-1 and T-3),Technosphere (first-tier),market for sulfuric acid,sulfuric acid,,kilogram,RoW,1.3845810606772986e-07,0.0012286589067055749,0.011269043451528795
Timmins Operation,Underground mining and beneficiation at Timmins Operation,Biosphere (direct),"Transformation, to mineral extraction site",,"('natural resource', 'land')",square meter,,18.26155196460742,78.8409130392144,23.16253232065485
Timmins Operation,Underground mining and beneficiation at Timmins Operation,Technosphere (first-tier),"market for sulfidic tailings, from gold mine operation","sulfidic tailings, from gold mine operation",,kilogram,CA,1.922195065799597,8.298725887089244,23.16253232065485
Timmins Operation,Underground mining and beneficiation at Timmins Operation,Technosphere (first-tier),market for diesel,diesel,,kilogram,RoW,1.4333665429403186,6.188298080267048,23.16253232065485
Timmins Operation,Underground mining and beneficiation at Timmins Operation,Technosphere (first-tier),"market for electricity, medium voltage","electricity, medium voltage",,kilowatt hour,CA-ON,0.7949447849870019,3.432028821296545,23.16253232065485
Timmins Operation,Underground mining and beneficiation at Timmins Operation,Technosphere (first-tier),"market for explosive, tovex","explosive, tovex",,kilogram,GLO,0.2103829025394315,0.9082897311354236,23.16253232065485
Timmins Operation,Underground mining and beneficiation at Timmins Operation,Technosphere (first-tier),"market for steel, low-alloyed","steel, low-alloyed",,kilogram,GLO,0.18832414594184993,0.8130550810884982,23.16253232065485
Timmins Operation,Underground mining and beneficiation at Timmins Operation,Technosphere (first-tier),"market for natural gas, high pressure","natural gas, high pressure",,cubic meter,CA,0.15617961509747086,0.674276944055033,23.16253232065485
Timmins Operation,Underground mining and beneficiation at Timmins Operation,Technosphere (first-tier),market for sodium cyanide,sodium cyanide,,kilogram,RoW,0.08901440665000297,0.38430343201561634,23.16253232065485
Timmins Operation,Underground mining and beneficiation at Timmins Operation,Technosphere (first-tier),"market for cement, unspecified","cement, unspecified",,kilogram,RoW,0.0374008809245001,0.1614714678288799,23.16253232065485
Timmins Operation,Underground mining and beneficiation at Timmins Operation,Technosphere (first-tier),market for liquefied petroleum gas,liquefied petroleum gas,,kilogram,RoW,0.03181116051612664,0.13733887156958008,23.16253232065485
Timmins Operation,Underground mining and beneficiation at Timmins Operation,Technosphere (first-tier),"market for sulfur dioxide, liquid","sulfur dioxide, liquid",,kilogram,RoW,0.013723171117902054,0.05924728318960451,23.16253232065485
Timmins Operation,Underground mining and beneficiation at Timmins Operation,Technosphere (first-tier),market for lime,lime,,kilogram,RoW,0.007807342052235294,0.03370677240360809,23.16253232065485
Timmins Operation,Underground mining and beneficiation at Timmins Operation,Technosphere (first-tier),"market for activated carbon, granular","activated carbon, granular",,kilogram,GLO,0.0053602247404732715,0.02314179065685909,23.16253232065485
Timmins Operation,Underground mining and beneficiation at Timmins Operation,Technosphere (first-tier),market for polyacrylamide,polyacrylamide,,kilogram,GLO,0.00502111893062973,0.02167776329944814,23.16253232065485
Timmins Operation,Underground mining and beneficiation at Timmins Operation,Technosphere (first-tier),"market for hydrochloric acid, without water, in 30% solution state","hydrochloric acid, without water, in 30% solution state",,kilogram,RoW,0.002806006096828036,0.012114418484052458,23.16253232065485
Timmins Operation,Underground mining and beneficiation at Timmins Operation,Technosphere (first-tier),market for sodium bicarbonate,sodium bicarbonate,,kilogram,RoW,0.0024015652784696085,0.010368319168314976,23.16253232065485
Timmins Operation,Underground mining and beneficiation at Timmins Operation,Technosphere (first-tier),market for ammonium nitrate,ammonium nitrate,,kilogram,RoW,0.00024145851979692065,0.0010424530291172158,23.16253232065485
Voisey's Bay,Open-pit and underground mining and beneficiation at Voisey’s Bay,Biosphere (direct),"Transformation, to mineral extraction site",,"('natural resource', 'land')",square meter,,0.005428875356209452,95.50335298209338,0.005684486655905528
Voisey's Bay,Open-pit and underground mining and beneficiation at Voisey’s Bay,Technosphere (first-tier),market for diesel,diesel,,kilogram,RoW,9.22357006726135e-05,1.622586281855218,0.005684486655905528
Voisey's Bay,Open-pit and underground mining and beneficiation at Voisey’s Bay,Technosphere (first-tier),"market for sulfidic tailings, from nickel mine operation","sulfidic tailings, from nickel mine operation",,kilogram,CA,4.333004869498762e-05,0.762250864815958,0.005684486655905528
Voisey's Bay,Open-pit and underground mining and beneficiation at Voisey’s Bay,Technosphere (first-tier),"market for natural gas, high pressure","natural gas, high pressure",,cubic meter,CA,4.0019664574190185e-05,0.7040154546341376,0.005684486655905528
Voisey's Bay,Open-pit and underground mining and beneficiation at Voisey’s Bay,Technosphere (first-tier),"market for steel, low-alloyed","steel, low-alloyed",,kilogram,GLO,3.5669831283921615e-05,0.6274943269831545,0.005684486655905528
Voisey's Bay,Open-pit and underground mining and beneficiation at Voisey’s Bay,Technosphere (first-tier),"market for electricity, medium voltage","electricity, medium voltage",,kilowatt hour,CA-NF,3.272851228674737e-05,0.5757514137665573,0.005684486655905528
Voisey's Bay,Open-pit and underground mining and beneficiation at Voisey’s Bay,Technosphere (first-tier),market for liquefied petroleum gas,liquefied petroleum gas,,kilogram,RoW,9.476229305896542e-06,0.16670334331864126,0.005684486655905528
Voisey's Bay,Open-pit and underground mining and beneficiation at Voisey’s Bay,Technosphere (first-tier),"market for cement, unspecified","cement, unspecified",,kilogram,RoW,9.433141127236926e-07,0.016594534736812123,0.005684486655905528
Voisey's Bay,Open-pit and underground mining and beneficiation at Voisey’s Bay,Technosphere (first-tier),market for lime,lime,,kilogram,RoW,9.15512258062401e-07,0.01610545179328179,0.005684486655905528
Voisey's Bay,Open-pit and underground mining and beneficiation at Voisey’s Bay,Technosphere (first-tier),"market for ammonia, anhydrous, liquid","ammonia, anhydrous, liquid",,kilogram,RoW,1.5441216161386492e-07,0.0027163782934286327,0.005684486655905528
Voisey's Bay,Open-pit and underground mining and beneficiation at Voisey’s Bay,Technosphere (first-tier),market for sulfuric acid,sulfuric acid,,kilogram,RoW,1.3845810606772986e-07,0.0024357187279855394,0.005684486655905528
Westwood-Doyon,Underground mining and beneficiation at Westwood-Doyon,Biosphere (direct),"Transformation, to mineral extraction site",,"('natural resource', 'land')",square meter,,92.5856649704657,96.7957401477749,95.65055737899021
Westwood-Doyon,Underground mining and beneficiation at Westwood-Doyon,Technosphere (first-tier),"market for sulfidic tailings, from gold mine operation","sulfidic tailings, from gold mine operation",,kilogram,CA,1.2933525656713585,1.3521641704049758,95.65055737899021
Westwood-Doyon,Underground mining and beneficiation at Westwood-Doyon,Technosphere (first-tier),"market for electricity, medium voltage","electricity, medium voltage",,kilowatt hour,CA-QC,0.732999528529829,0.766330640004021,95.65055737899021
Westwood-Doyon,Underground mining and beneficiation at Westwood-Doyon,Technosphere (first-tier),"market for explosive, tovex","explosive, tovex",,kilogram,GLO,0.4722699625000393,0.4937451233334622,95.65055737899021
Westwood-Doyon,Underground mining and beneficiation at Westwood-Doyon,Technosphere (first-tier),market for diesel,diesel,,kilogram,RoW,0.3823038752042079,0.39968807885711444,95.65055737899021
Westwood-Doyon,Underground mining and beneficiation at Westwood-Doyon,Technosphere (first-tier),market for sodium cyanide,sodium cyanide,,kilogram,RoW,0.05362051550868133,0.05605875906841203,95.65055737899021
Westwood-Doyon,Underground mining and beneficiation at Westwood-Doyon,Technosphere (first-tier),"market for natural gas, high pressure","natural gas, high pressure",,cubic meter,CA,0.04580305267219301,0.04788581888834212,95.65055737899021
Westwood-Doyon,Underground mining and beneficiation at Westwood-Doyon,Technosphere (first-tier),"market for cement, unspecified","cement, unspecified",,kilogram,RoW,0.025165285870206226,0.026309607136417813,95.65055737899021
Westwood-Doyon,Underground mining and beneficiation at Westwood-Doyon,Technosphere (first-tier),market for lubricating oil,lubricating oil,,kilogram,RoW,0.022769466684992096,0.02380484474834168,95.65055737899021
Westwood-Doyon,Underground mining and beneficiation at Westwood-Doyon,Technosphere (first-tier),market for lime,lime,,kilogram,RoW,0.013748966723740727,0.014374162681837867,95.65055737899021
Westwood-Doyon,Underground mining and beneficiation at Westwood-Doyon,Technosphere (first-tier),"market for sulfur dioxide, liquid","sulfur dioxide, liquid",,kilogram,RoW,0.00923367353097657,0.009653549110425529,95.65055737899021
Westwood-Doyon,Underground mining and beneficiation at Westwood-Doyon,Technosphere (first-tier),market for polyacrylamide,polyacrylamide,,kilogram,GLO,0.004893635844127396,0.0051161603008100095,95.65055737899021
Westwood-Doyon,Underground mining and beneficiation at Westwood-Doyon,Technosphere (first-tier),"market for activated carbon, granular","activated carbon, granular",,kilogram,GLO,0.003606641998482946,0.0037706439955102135,95.65055737899021
Westwood-Doyon,Underground mining and beneficiation at Westwood-Doyon,Technosphere (first-tier),"market for sodium hydroxide, without water, in 50% solution state","sodium hydroxide, without water, in 50% solution state",,kilogram,RoW,0.0032741975410416958,0.003423082552533957,95.65055737899021
Westwood-Doyon,Underground mining and beneficiation at Westwood-Doyon,Technosphere (first-tier),market for sodium bicarbonate,sodium bicarbonate,,kilogram,RoW,0.0018251680107682214,0.0019081624412667798,95.65055737899021
Westwood-Doyon,Underground mining and beneficiation at Westwood-Doyon,Technosphere (first-tier),market for propane,propane,,kilogram,GLO,3.199932661977448e-05,3.34544068499105e-05,95.65055737899021
Éléonore,Underground mining and beneficiation at Éléonore,Biosphere (direct),"Transformation, to mineral extraction site",,"('natural resource', 'land')",square meter,,9.824200417791356,78.1140971503835,12.576731699117033
Éléonore,Underground mining and beneficiation at Éléonore,Technosphere (first-tier),"market for sulfidic tailings, from gold mine operation","sulfidic tailings, from gold mine operation",,kilogram,CA,1.105580676881535,8.79068348861377,12.576731699117033
Éléonore,Underground mining and beneficiation at Éléonore,Technosphere (first-tier),"market for electricity, medium voltage","electricity, medium voltage",,kilowatt hour,CA-QC,0.6617035568033686,5.261331581477757,12.576731699117033
Éléonore,Underground mining and beneficiation at Éléonore,Technosphere (first-tier),market for diesel,diesel,,kilogram,RoW,0.3857571142934389,3.067228621252384,12.576731699117033
Éléonore,Underground mining and beneficiation at Éléonore,Technosphere (first-tier),"market for steel, low-alloyed","steel, low-alloyed",,kilogram,GLO,0.1886231301238823,1.4997785961922432,12.576731699117033
Éléonore,Underground mining and beneficiation at Éléonore,Technosphere (first-tier),"market for cement, unspecified","cement, unspecified",,kilogram,RoW,0.13902859141032678,1.1054429301381015,12.576731699117033
Éléonore,Underground mining and beneficiation at Éléonore,Technosphere (first-tier),"market for explosive, tovex","explosive, tovex",,kilogram,GLO,0.07931224357599047,0.630626823195717,12.576731699117033
Éléonore,Underground mining and beneficiation at Éléonore,Technosphere (first-tier),market for propane,propane,,kilogram,GLO,0.0734752007495798,0.5842153789027577,12.576731699117033
Éléonore,Underground mining and beneficiation at Éléonore,Technosphere (first-tier),market for sodium cyanide,sodium cyanide,,kilogram,RoW,0.059939733446937836,0.47659228868773584,12.576731699117033
Éléonore,Underground mining and beneficiation at Éléonore,Technosphere (first-tier),market for kerosene,kerosene,,kilogram,RoW,0.02053722286922694,0.1632953883453583,12.576731699117033
Éléonore,Underground mining and beneficiation at Éléonore,Technosphere (first-tier),market for synthetic rubber,synthetic rubber,,kilogram,GLO,0.01754828921238501,0.13952980497800563,12.576731699117033
Éléonore,Underground mining and beneficiation at Éléonore,Technosphere (first-tier),market for lubricating oil,lubricating oil,,kilogram,RoW,0.01740603056237969,0.13839867923398338,12.576731699117033
Éléonore,Underground mining and beneficiation at Éléonore,Technosphere (first-tier),market for lime,lime,,kilogram,RoW,0.0032170428575135973,0.025579323265196588,12.576731699117033
Éléonore,Underground mining and beneficiation at Éléonore,Technosphere (first-tier),"market for nitric acid, without water, in 50% solution state","nitric acid, without water, in 50% solution state",,kilogram,RoW,0.0004013939222189821,0.00319155987280195,12.576731699117033
Éléonore,Underground mining and beneficiation at Éléonore,Technosphere (first-tier),market for sulfuric acid,sulfuric acid,,kilogram,RoW,1.4257945954216553e-06,1.1336765620290327e-05,12.576731699117033
