lci_name,activity_name,flow_type,name,reference_product,categories,unit,location,impact_score,share_%,total_score
Brucejack,Underground mining and beneficiation at Brucejack,Biosphere (direct),"Carbon dioxide, fossil",,"('air', 'non-urban air or from high stacks')",kilogram,,29501.883976911347,51.96003724472627,56778.02700171402
Brucejack,Underground mining and beneficiation at Brucejack,Biosphere (direct),"Carbon monoxide, fossil",,"('air', 'lower stratosphere + upper troposphere')",kilogram,,608.470938241233,1.071666224370326,56778.02700171402
Brucejack,Underground mining and beneficiation at Brucejack,Biosphere (direct),Dinitrogen monoxide,,"('air',)",kilogram,,120.31271588789826,0.21190013503686247,56778.02700171402
Brucejack,Underground mining and beneficiation at Brucejack,Biosphere (direct),"Methane, fossil",,"('air', 'non-urban air or from high stacks')",kilogram,,85.92825621686555,0.15134068715397866,56778.02700171402
Brucejack,Underground mining and beneficiation at Brucejack,Biosphere (direct),"Carbon dioxide, from soil or biomass stock",,"('air', 'low population density, long-term')",kilogram,,14.8792435489297,0.026205989067708404,56778.02700171402
Brucejack,Underground mining and beneficiation at Brucejack,Technosphere (first-tier),"market for electricity, medium voltage","electricity, medium voltage",,kilowatt hour,CA-BC,12790.443004799017,22.527100148113455,56778.02700171402
Brucejack,Underground mining and beneficiation at Brucejack,Technosphere (first-tier),market for diesel,diesel,,kilogram,RoW,8236.256159274206,14.506062634098873,56778.02700171402
Brucejack,Underground mining and beneficiation at Brucejack,Technosphere (first-tier),market for kerosene,kerosene,,kilogram,RoW,1534.4671707426126,2.702572195219622,56778.02700171402
Brucejack,Underground mining and beneficiation at Brucejack,Technosphere (first-tier),market for propane,propane,,kilogram,GLO,1121.536332434708,1.9752999384794592,56778.02700171402
Brucejack,Underground mining and beneficiation at Brucejack,Technosphere (first-tier),"market for steel, low-alloyed","steel, low-alloyed",,kilogram,GLO,814.2268595755772,1.4340527534551304,56778.02700171402
Brucejack,Underground mining and beneficiation at Brucejack,Technosphere (first-tier),"market for explosive, tovex","explosive, tovex",,kilogram,GLO,791.495910282348,1.3940179891394504,56778.02700171402
Brucejack,Underground mining and beneficiation at Brucejack,Technosphere (first-tier),market for sodium cyanide,sodium cyanide,,kilogram,RoW,566.7138497407332,0.9981217729239257,56778.02700171402
Brucejack,Underground mining and beneficiation at Brucejack,Technosphere (first-tier),"market for cement, unspecified","cement, unspecified",,kilogram,RoW,390.7162847554326,0.6881469916938776,56778.02700171402
Brucejack,Underground mining and beneficiation at Brucejack,Technosphere (first-tier),market for light fuel oil,light fuel oil,,kilogram,RoW,49.647725030131696,0.08744179333429977,56778.02700171402
Brucejack,Underground mining and beneficiation at Brucejack,Technosphere (first-tier),"market for sulfur dioxide, liquid","sulfur dioxide, liquid",,kilogram,RoW,43.89623846670116,0.07731201801953425,56778.02700171402
Brucejack,Underground mining and beneficiation at Brucejack,Technosphere (first-tier),"market for activated carbon, granular","activated carbon, granular",,kilogram,GLO,35.30710079457762,0.0621844446858144,56778.02700171402
Brucejack,Underground mining and beneficiation at Brucejack,Technosphere (first-tier),market for lime,lime,,kilogram,RoW,28.31698727697561,0.049873144193828316,56778.02700171402
Brucejack,Underground mining and beneficiation at Brucejack,Technosphere (first-tier),market for polyacrylamide,polyacrylamide,,kilogram,GLO,22.275030463514565,0.03923177968625455,56778.02700171402
Brucejack,Underground mining and beneficiation at Brucejack,Technosphere (first-tier),"market for hydrochloric acid, without water, in 30% solution state","hydrochloric acid, without water, in 30% solution state",,kilogram,RoW,11.82483615580653,0.020826430188300767,56778.02700171402
Brucejack,Underground mining and beneficiation at Brucejack,Technosphere (first-tier),market for sodium bicarbonate,sodium bicarbonate,,kilogram,RoW,6.896399206096834,0.0121462466561028,56778.02700171402
Brucejack,Underground mining and beneficiation at Brucejack,Technosphere (first-tier),market for acetylene,acetylene,,kilogram,RoW,2.5310422645550914,0.004457784812562585,56778.02700171402
Brucejack,Underground mining and beneficiation at Brucejack,Technosphere (first-tier),"market for sulfidic tailings, from gold mine operation","sulfidic tailings, from gold mine operation",,kilogram,CA,-0.0,-0.0,56778.02700171402
Canadian Malartic,Open-pit mining and beneficiation at Canadian Malartic,Biosphere (direct),"Carbon dioxide, fossil",,"('air', 'non-urban air or from high stacks')",kilogram,,6708.779809415651,38.71548116346013,17328.416457206353
Canadian Malartic,Open-pit mining and beneficiation at Canadian Malartic,Biosphere (direct),"Carbon dioxide, from soil or biomass stock",,"('air', 'low population density, long-term')",kilogram,,336.376839312838,1.941186259826698,17328.416457206353
Canadian Malartic,Open-pit mining and beneficiation at Canadian Malartic,Biosphere (direct),"Carbon monoxide, fossil",,"('air', 'lower stratosphere + upper troposphere')",kilogram,,174.762620157818,1.0085319716859622,17328.416457206353
Canadian Malartic,Open-pit mining and beneficiation at Canadian Malartic,Biosphere (direct),Dinitrogen monoxide,,"('air',)",kilogram,,18.346751819657463,0.1058766787199855,17328.416457206353
Canadian Malartic,Open-pit mining and beneficiation at Canadian Malartic,Biosphere (direct),"Methane, fossil",,"('air', 'non-urban air or from high stacks')",kilogram,,5.779114345299209,0.03335050470174875,17328.416457206353
Canadian Malartic,Open-pit mining and beneficiation at Canadian Malartic,Technosphere (first-tier),"market for steel, low-alloyed","steel, low-alloyed",,kilogram,GLO,2694.6777176795,15.550628785579923,17328.416457206353
Canadian Malartic,Open-pit mining and beneficiation at Canadian Malartic,Technosphere (first-tier),"market for explosive, tovex","explosive, tovex",,kilogram,GLO,2619.449810565141,15.116498481174215,17328.416457206353
Canadian Malartic,Open-pit mining and beneficiation at Canadian Malartic,Technosphere (first-tier),market for sodium cyanide,sodium cyanide,,kilogram,RoW,1875.5352580640013,10.823465968144044,17328.416457206353
Canadian Malartic,Open-pit mining and beneficiation at Canadian Malartic,Technosphere (first-tier),market for diesel,diesel,,kilogram,RoW,1728.0400850937915,9.972290828543384,17328.416457206353
Canadian Malartic,Open-pit mining and beneficiation at Canadian Malartic,Technosphere (first-tier),"market for electricity, medium voltage","electricity, medium voltage",,kilowatt hour,CA-QC,571.5228361757127,3.29818271385112,17328.416457206353
Canadian Malartic,Open-pit mining and beneficiation at Canadian Malartic,Technosphere (first-tier),"market for sulfur dioxide, liquid","sulfur dioxide, liquid",,kilogram,RoW,145.27427374211544,0.8383586238297057,17328.416457206353
Canadian Malartic,Open-pit mining and beneficiation at Canadian Malartic,Technosphere (first-tier),"market for activated carbon, granular","activated carbon, granular",,kilogram,GLO,116.84858669069905,0.6743177426469649,17328.416457206353
Canadian Malartic,Open-pit mining and beneficiation at Canadian Malartic,Technosphere (first-tier),market for lime,lime,,kilogram,RoW,93.71485815004284,0.5408160542625332,17328.416457206353
Canadian Malartic,Open-pit mining and beneficiation at Canadian Malartic,Technosphere (first-tier),"market for natural gas, high pressure","natural gas, high pressure",,cubic meter,CA,74.7403590520159,0.43131672900747775,17328.416457206353
Canadian Malartic,Open-pit mining and beneficiation at Canadian Malartic,Technosphere (first-tier),market for polyacrylamide,polyacrylamide,,kilogram,GLO,73.71904714854631,0.4254228730628692,17328.416457206353
Canadian Malartic,Open-pit mining and beneficiation at Canadian Malartic,Technosphere (first-tier),"market for hydrochloric acid, without water, in 30% solution state","hydrochloric acid, without water, in 30% solution state",,kilogram,RoW,39.13420704503928,0.22583833405483844,17328.416457206353
Canadian Malartic,Open-pit mining and beneficiation at Canadian Malartic,Technosphere (first-tier),market for light fuel oil,light fuel oil,,kilogram,RoW,27.654059060712967,0.1595879180824541,17328.416457206353
Canadian Malartic,Open-pit mining and beneficiation at Canadian Malartic,Technosphere (first-tier),market for sodium bicarbonate,sodium bicarbonate,,kilogram,RoW,22.823581725833243,0.13171187212748237,17328.416457206353
Canadian Malartic,Open-pit mining and beneficiation at Canadian Malartic,Technosphere (first-tier),market for propane,propane,,kilogram,GLO,1.2366691589021261,0.007136654188547239,17328.416457206353
Canadian Malartic,Open-pit mining and beneficiation at Canadian Malartic,Technosphere (first-tier),"market for sulfidic tailings, from gold mine operation","sulfidic tailings, from gold mine operation",,kilogram,CA,-0.0,-0.0,17328.416457206353
Casa Berardi,Open-pit and underground mining and beneficiation at Casa Berardi,Biosphere (direct),"Carbon dioxide, fossil",,"('air', 'non-urban air or from high stacks')",kilogram,,9271.256865180381,49.674143279224396,18664.15050797257
Casa Berardi,Open-pit and underground mining and beneficiation at Casa Berardi,Biosphere (direct),"Carbon dioxide, from soil or biomass stock",,"('air', 'low population density, long-term')",kilogram,,873.1258038085788,4.678090242765749,18664.15050797257
Casa Berardi,Open-pit and underground mining and beneficiation at Casa Berardi,Biosphere (direct),Dinitrogen monoxide,,"('air',)",kilogram,,208.51903615846587,1.117216859505044,18664.15050797257
Casa Berardi,Open-pit and underground mining and beneficiation at Casa Berardi,Biosphere (direct),"Carbon monoxide, fossil",,"('air', 'lower stratosphere + upper troposphere')",kilogram,,115.51996916780477,0.6189404072714658,18664.15050797257
Casa Berardi,Open-pit and underground mining and beneficiation at Casa Berardi,Biosphere (direct),"Methane, fossil",,"('air', 'non-urban air or from high stacks')",kilogram,,28.01535736717693,0.15010250455926136,18664.15050797257
Casa Berardi,Open-pit and underground mining and beneficiation at Casa Berardi,Technosphere (first-tier),"market for explosive, tovex","explosive, tovex",,kilogram,GLO,3858.4207891630926,20.672897957584148,18664.15050797257
Casa Berardi,Open-pit and underground mining and beneficiation at Casa Berardi,Technosphere (first-tier),market for diesel,diesel,,kilogram,RoW,2208.571203934258,11.833226500133751,18664.15050797257
Casa Berardi,Open-pit and underground mining and beneficiation at Casa Berardi,Technosphere (first-tier),"market for electricity, medium voltage","electricity, medium voltage",,kilowatt hour,CA-QC,963.2880833412532,5.1611675705774855,18664.15050797257
Casa Berardi,Open-pit and underground mining and beneficiation at Casa Berardi,Technosphere (first-tier),"market for cement, unspecified","cement, unspecified",,kilogram,RoW,838.7129686903717,4.493710915651412,18664.15050797257
Casa Berardi,Open-pit and underground mining and beneficiation at Casa Berardi,Technosphere (first-tier),market for propane,propane,,kilogram,GLO,298.7203529248498,1.6005033435475597,18664.15050797257
Casa Berardi,Open-pit and underground mining and beneficiation at Casa Berardi,Technosphere (first-tier),"market for sulfidic tailings, from gold mine operation","sulfidic tailings, from gold mine operation",,kilogram,CA,-0.0,-0.0,18664.15050797257
Cigar Lake + McClean Lake,Underground mining and beneficiation at Cigar Lake + McClean Lake,Biosphere (direct),"Carbon dioxide, fossil",,"('air', 'non-urban air or from high stacks')",kilogram,,4.248247937206355,27.040889940834532,15.71045903630214
Cigar Lake + McClean Lake,Underground mining and beneficiation at Cigar Lake + McClean Lake,Biosphere (direct),Dinitrogen monoxide,,"('air',)",kilogram,,0.21600391195905866,1.374905160058905,15.71045903630214
Cigar Lake + McClean Lake,Underground mining and beneficiation at Cigar Lake + McClean Lake,Biosphere (direct),"Methane, fossil",,"('air', 'non-urban air or from high stacks')",kilogram,,0.09085304480066277,0.5782965640324623,15.71045903630214
Cigar Lake + McClean Lake,Underground mining and beneficiation at Cigar Lake + McClean Lake,Technosphere (first-tier),"market for electricity, medium voltage","electricity, medium voltage",,kilowatt hour,CA-SK,10.108784274975074,64.34429606173006,15.71045903630214
Cigar Lake + McClean Lake,Underground mining and beneficiation at Cigar Lake + McClean Lake,Technosphere (first-tier),market for diesel,diesel,,kilogram,RoW,0.8436851043634859,5.370212941671428,15.71045903630214
Cigar Lake + McClean Lake,Underground mining and beneficiation at Cigar Lake + McClean Lake,Technosphere (first-tier),"market for natural gas, high pressure","natural gas, high pressure",,cubic meter,CA,0.13218627354349052,0.841390268979715,15.71045903630214
Cigar Lake + McClean Lake,Underground mining and beneficiation at Cigar Lake + McClean Lake,Technosphere (first-tier),market for liquefied petroleum gas,liquefied petroleum gas,,kilogram,RoW,0.05947309094171706,0.37855730888761846,15.71045903630214
Cigar Lake + McClean Lake,Underground mining and beneficiation at Cigar Lake + McClean Lake,Technosphere (first-tier),"market for cement, unspecified","cement, unspecified",,kilogram,RoW,0.009861974997871939,0.06277330901079264,15.71045903630214
Cigar Lake + McClean Lake,Underground mining and beneficiation at Cigar Lake + McClean Lake,Technosphere (first-tier),"market for ammonia, anhydrous, liquid","ammonia, anhydrous, liquid",,kilogram,RoW,0.0008912576092191742,0.005673020802000414,15.71045903630214
Cigar Lake + McClean Lake,Underground mining and beneficiation at Cigar Lake + McClean Lake,Technosphere (first-tier),"market for hydrogen peroxide, without water, in 50% solution state","hydrogen peroxide, without water, in 50% solution state",,kilogram,RoW,0.00030534655713008427,0.0019435877489290434,15.71045903630214
Cigar Lake + McClean Lake,Underground mining and beneficiation at Cigar Lake + McClean Lake,Technosphere (first-tier),market for lime,lime,,kilogram,RoW,0.00016655322283183805,0.0010601423067714553,15.71045903630214
Cigar Lake + McClean Lake,Underground mining and beneficiation at Cigar Lake + McClean Lake,Technosphere (first-tier),"market for sulfidic tailings, from copper mine operation","sulfidic tailings, from copper mine operation",,kilogram,CA,-0.0,-0.0,15.71045903630214
Copper Mountain,Open-pit mining and beneficiation at Copper Mountain,Biosphere (direct),"Carbon dioxide, fossil",,"('air', 'non-urban air or from high stacks')",kilogram,,1.1024900314960566,50.27538202083611,2.1929023454046375
Copper Mountain,Open-pit mining and beneficiation at Copper Mountain,Biosphere (direct),"Carbon dioxide, from soil or biomass stock",,"('air', 'low population density, long-term')",kilogram,,0.1948512080841,8.88553968180219,2.1929023454046375
Copper Mountain,Open-pit mining and beneficiation at Copper Mountain,Biosphere (direct),"Carbon monoxide, fossil",,"('air', 'lower stratosphere + upper troposphere')",kilogram,,0.02914196913385827,1.3289223386954312,2.1929023454046375
Copper Mountain,Open-pit mining and beneficiation at Copper Mountain,Biosphere (direct),"Methane, fossil",,"('air', 'non-urban air or from high stacks')",kilogram,,0.0036052040000000007,0.1644033081343056,2.1929023454046375
Copper Mountain,Open-pit mining and beneficiation at Copper Mountain,Biosphere (direct),Dinitrogen monoxide,,"('air',)",kilogram,,0.002893585039370079,0.13195229807810482,2.1929023454046375
Copper Mountain,Open-pit mining and beneficiation at Copper Mountain,Technosphere (first-tier),market for diesel,diesel,,kilogram,RoW,0.28587615966211083,13.03642910780692,2.1929023454046375
Copper Mountain,Open-pit mining and beneficiation at Copper Mountain,Technosphere (first-tier),"market for steel, low-alloyed","steel, low-alloyed",,kilogram,GLO,0.2638324654374167,12.031199929640914,2.1929023454046375
Copper Mountain,Open-pit mining and beneficiation at Copper Mountain,Technosphere (first-tier),"market for electricity, medium voltage","electricity, medium voltage",,kilowatt hour,CA-BC,0.1389043988759788,6.334271982838706,2.1929023454046375
Copper Mountain,Open-pit mining and beneficiation at Copper Mountain,Technosphere (first-tier),"market for explosive, tovex","explosive, tovex",,kilogram,GLO,0.09897182389847314,4.513280042126578,2.1929023454046375
Copper Mountain,Open-pit mining and beneficiation at Copper Mountain,Technosphere (first-tier),market for polyacrylamide,polyacrylamide,,kilogram,GLO,0.05420862897223433,2.4720037846569802,2.1929023454046375
Copper Mountain,Open-pit mining and beneficiation at Copper Mountain,Technosphere (first-tier),market for lime,lime,,kilogram,RoW,0.008050127094429899,0.3670992058218843,2.1929023454046375
Copper Mountain,Open-pit mining and beneficiation at Copper Mountain,Technosphere (first-tier),"market for chemical, organic","chemical, organic",,kilogram,GLO,0.00560707340741607,0.25569188792953046,2.1929023454046375
Copper Mountain,Open-pit mining and beneficiation at Copper Mountain,Technosphere (first-tier),"market for natural gas, high pressure","natural gas, high pressure",,cubic meter,CA,0.001916955878279876,0.0874163814132889,2.1929023454046375
Copper Mountain,Open-pit mining and beneficiation at Copper Mountain,Technosphere (first-tier),market for sodium bicarbonate,sodium bicarbonate,,kilogram,RoW,0.001690210937762316,0.07707643440230057,2.1929023454046375
Copper Mountain,Open-pit mining and beneficiation at Copper Mountain,Technosphere (first-tier),market for liquefied petroleum gas,liquefied petroleum gas,,kilogram,RoW,0.0008624745083133592,0.03933027433349816,2.1929023454046375
Copper Mountain,Open-pit mining and beneficiation at Copper Mountain,Technosphere (first-tier),"market for sulfidic tailings, from copper mine operation","sulfidic tailings, from copper mine operation",,kilogram,CA,-0.0,-0.0,2.1929023454046375
Detour Lake,Open-pit mining and beneficiation at Detour Lake,Biosphere (direct),"Carbon dioxide, fossil",,"('air', 'non-urban air or from high stacks')",kilogram,,12056.231513925033,35.11240576623355,34336.10215771406
Detour Lake,Open-pit mining and beneficiation at Detour Lake,Biosphere (direct),"Carbon monoxide, fossil",,"('air', 'lower stratosphere + upper troposphere')",kilogram,,385.7296865774602,1.1233939274927307,34336.10215771406
Detour Lake,Open-pit mining and beneficiation at Detour Lake,Biosphere (direct),"Carbon dioxide, from soil or biomass stock",,"('air', 'low population density, long-term')",kilogram,,204.04155850637758,0.5942478781346966,34336.10215771406
Detour Lake,Open-pit mining and beneficiation at Detour Lake,Biosphere (direct),"Methane, fossil",,"('air', 'non-urban air or from high stacks')",kilogram,,193.20454120529297,0.562686295368815,34336.10215771406
Detour Lake,Open-pit mining and beneficiation at Detour Lake,Biosphere (direct),Dinitrogen monoxide,,"('air',)",kilogram,,34.35514510632859,0.10005546042625069,34336.10215771406
Detour Lake,Open-pit mining and beneficiation at Detour Lake,Technosphere (first-tier),"market for explosive, tovex","explosive, tovex",,kilogram,GLO,6195.365437281135,18.043298592322206,34336.10215771406
Detour Lake,Open-pit mining and beneficiation at Detour Lake,Technosphere (first-tier),"market for steel, low-alloyed","steel, low-alloyed",,kilogram,GLO,4782.848719101139,13.92950398718047,34336.10215771406
Detour Lake,Open-pit mining and beneficiation at Detour Lake,Technosphere (first-tier),market for sodium cyanide,sodium cyanide,,kilogram,RoW,3328.932936137989,9.695139305117953,34336.10215771406
Detour Lake,Open-pit mining and beneficiation at Detour Lake,Technosphere (first-tier),market for diesel,diesel,,kilogram,RoW,3225.3110679303873,9.393352376212508,34336.10215771406
Detour Lake,Open-pit mining and beneficiation at Detour Lake,Technosphere (first-tier),"market for electricity, medium voltage","electricity, medium voltage",,kilowatt hour,CA-ON,2815.0474429008623,8.19850613785649,34336.10215771406
Detour Lake,Open-pit mining and beneficiation at Detour Lake,Technosphere (first-tier),"market for sulfur dioxide, liquid","sulfur dioxide, liquid",,kilogram,RoW,257.85082554665115,0.7509612604315996,34336.10215771406
Detour Lake,Open-pit mining and beneficiation at Detour Lake,Technosphere (first-tier),"market for activated carbon, granular","activated carbon, granular",,kilogram,GLO,207.39738541485178,0.6040213430814751,34336.10215771406
Detour Lake,Open-pit mining and beneficiation at Detour Lake,Technosphere (first-tier),market for propane,propane,,kilogram,GLO,186.48197706086071,0.5431075903849065,34336.10215771406
Detour Lake,Open-pit mining and beneficiation at Detour Lake,Technosphere (first-tier),market for lime,lime,,kilogram,RoW,166.3367705618102,0.48443696316426665,34336.10215771406
Detour Lake,Open-pit mining and beneficiation at Detour Lake,Technosphere (first-tier),market for polyacrylamide,polyacrylamide,,kilogram,GLO,130.84572151782538,0.38107331145748347,34336.10215771406
Detour Lake,Open-pit mining and beneficiation at Detour Lake,Technosphere (first-tier),"market for hydrochloric acid, without water, in 30% solution state","hydrochloric acid, without water, in 30% solution state",,kilogram,RoW,69.46025152113086,0.20229509803437518,34336.10215771406
Detour Lake,Open-pit mining and beneficiation at Detour Lake,Technosphere (first-tier),market for light fuel oil,light fuel oil,,kilogram,RoW,56.15070942426752,0.16353256746020173,34336.10215771406
Detour Lake,Open-pit mining and beneficiation at Detour Lake,Technosphere (first-tier),market for sodium bicarbonate,sodium bicarbonate,,kilogram,RoW,40.51012776277582,0.11798114875329459,34336.10215771406
Detour Lake,Open-pit mining and beneficiation at Detour Lake,Technosphere (first-tier),"market for sulfidic tailings, from gold mine operation","sulfidic tailings, from gold mine operation",,kilogram,CA,-0.0,-0.0,34336.10215771406
Eagle River,Underground mining and beneficiation at Eagle River,Biosphere (direct),"Carbon dioxide, fossil",,"('air', 'non-urban air or from high stacks')",kilogram,,4414.625904004215,39.23580786944894,11251.522891266053
Eagle River,Underground mining and beneficiation at Eagle River,Biosphere (direct),"Carbon monoxide, fossil",,"('air', 'lower stratosphere + upper troposphere')",kilogram,,139.44482581670385,1.239341795455505,11251.522891266053
Eagle River,Underground mining and beneficiation at Eagle River,Biosphere (direct),"Carbon dioxide, from soil or biomass stock",,"('air', 'low population density, long-term')",kilogram,,76.9060721638996,0.6835170039390633,11251.522891266053
Eagle River,Underground mining and beneficiation at Eagle River,Biosphere (direct),Dinitrogen monoxide,,"('air',)",kilogram,,34.61608059052392,0.307656847211274,11251.522891266053
Eagle River,Underground mining and beneficiation at Eagle River,Biosphere (direct),"Methane, fossil",,"('air', 'non-urban air or from high stacks')",kilogram,,21.136572468636498,0.18785521455983237,11251.522891266053
Eagle River,Underground mining and beneficiation at Eagle River,Technosphere (first-tier),"market for explosive, tovex","explosive, tovex",,kilogram,GLO,3988.3867034910213,35.447527788322674,11251.522891266053
Eagle River,Underground mining and beneficiation at Eagle River,Technosphere (first-tier),"market for electricity, medium voltage","electricity, medium voltage",,kilowatt hour,CA-ON,1277.015907033005,11.349716117311402,11251.522891266053
Eagle River,Underground mining and beneficiation at Eagle River,Technosphere (first-tier),market for diesel,diesel,,kilogram,RoW,1031.4872852249816,9.167534876773606,11251.522891266053
Eagle River,Underground mining and beneficiation at Eagle River,Technosphere (first-tier),"market for cement, unspecified","cement, unspecified",,kilogram,RoW,173.73408266891866,1.5440939359753603,11251.522891266053
Eagle River,Underground mining and beneficiation at Eagle River,Technosphere (first-tier),"market for natural gas, high pressure","natural gas, high pressure",,cubic meter,CA,64.94804963414941,0.5772378571487871,11251.522891266053
Eagle River,Underground mining and beneficiation at Eagle River,Technosphere (first-tier),market for liquefied petroleum gas,liquefied petroleum gas,,kilogram,RoW,29.22134922812596,0.25971016999671137,11251.522891266053
Eagle River,Underground mining and beneficiation at Eagle River,Technosphere (first-tier),"market for sulfidic tailings, from gold mine operation","sulfidic tailings, from gold mine operation",,kilogram,CA,-0.0,-0.0,11251.522891266053
Gibraltar (Cu),Open-pit mining and beneficiation at Gibraltar,Biosphere (direct),"Carbon dioxide, fossil",,"('air', 'non-urban air or from high stacks')",kilogram,,0.6558439545504728,35.69067202970469,1.8375780484173176
Gibraltar (Cu),Open-pit mining and beneficiation at Gibraltar,Biosphere (direct),"Carbon dioxide, from soil or biomass stock",,"('air', 'low population density, long-term')",kilogram,,0.10222119711610002,5.562822063756248,1.8375780484173176
Gibraltar (Cu),Open-pit mining and beneficiation at Gibraltar,Biosphere (direct),"Carbon monoxide, fossil",,"('air', 'lower stratosphere + upper troposphere')",kilogram,,0.04471634860491523,2.4334394200795364,1.8375780484173176
Gibraltar (Cu),Open-pit mining and beneficiation at Gibraltar,Biosphere (direct),Dinitrogen monoxide,,"('air',)",kilogram,,0.026057940417205643,1.4180589738568663,1.8375780484173176
Gibraltar (Cu),Open-pit mining and beneficiation at Gibraltar,Biosphere (direct),"Methane, fossil",,"('air', 'non-urban air or from high stacks')",kilogram,,0.0009299023131835241,0.05060477915397591,1.8375780484173176
Gibraltar (Cu),Open-pit mining and beneficiation at Gibraltar,Technosphere (first-tier),"market for steel, low-alloyed","steel, low-alloyed",,kilogram,GLO,0.38569316280325516,20.989212574423586,1.8375780484173176
Gibraltar (Cu),Open-pit mining and beneficiation at Gibraltar,Technosphere (first-tier),"market for electricity, medium voltage","electricity, medium voltage",,kilowatt hour,CA-BC,0.18474228157569456,10.05357468951105,1.8375780484173176
Gibraltar (Cu),Open-pit mining and beneficiation at Gibraltar,Technosphere (first-tier),market for diesel,diesel,,kilogram,RoW,0.17781990587072932,9.676862760952295,1.8375780484173176
Gibraltar (Cu),Open-pit mining and beneficiation at Gibraltar,Technosphere (first-tier),"market for explosive, tovex","explosive, tovex",,kilogram,GLO,0.14468558948771115,7.873711247929142,1.8375780484173176
Gibraltar (Cu),Open-pit mining and beneficiation at Gibraltar,Technosphere (first-tier),market for polyacrylamide,polyacrylamide,,kilogram,GLO,0.07924687177851787,4.312571748817536,1.8375780484173176
Gibraltar (Cu),Open-pit mining and beneficiation at Gibraltar,Technosphere (first-tier),"market for natural gas, high pressure","natural gas, high pressure",,cubic meter,CA,0.013126157394721654,0.7143183608460628,1.8375780484173176
Gibraltar (Cu),Open-pit mining and beneficiation at Gibraltar,Technosphere (first-tier),market for lime,lime,,kilogram,RoW,0.011768373444379419,0.6404284952421677,1.8375780484173176
Gibraltar (Cu),Open-pit mining and beneficiation at Gibraltar,Technosphere (first-tier),"market for chemical, organic","chemical, organic",,kilogram,GLO,0.008196905839434198,0.446071166691074,1.8375780484173176
Gibraltar (Cu),Open-pit mining and beneficiation at Gibraltar,Technosphere (first-tier),market for sodium bicarbonate,sodium bicarbonate,,kilogram,RoW,0.002470896829582319,0.13446486432021054,1.8375780484173176
Gibraltar (Cu),Open-pit mining and beneficiation at Gibraltar,Technosphere (first-tier),market for propane,propane,,kilogram,GLO,5.853134850129695e-05,0.0031852442159781592,1.8375780484173176
Gibraltar (Cu),Open-pit mining and beneficiation at Gibraltar,Technosphere (first-tier),"market for sulfidic tailings, from copper mine operation","sulfidic tailings, from copper mine operation",,kilogram,CA,-0.0,-0.0,1.8375780484173176
Gibraltar (Mo),Open-pit mining and beneficiation at Gibraltar,Biosphere (direct),"Carbon dioxide, fossil",,"('air', 'non-urban air or from high stacks')",kilogram,,2.7792575697185,35.69067298944829,7.787069665344133
Gibraltar (Mo),Open-pit mining and beneficiation at Gibraltar,Biosphere (direct),"Carbon dioxide, from soil or biomass stock",,"('air', 'low population density, long-term')",kilogram,,0.4331808411124,5.562822213344826,7.787069665344133
Gibraltar (Mo),Open-pit mining and beneficiation at Gibraltar,Biosphere (direct),"Carbon monoxide, fossil",,"('air', 'lower stratosphere + upper troposphere')",kilogram,,0.18949362800111894,2.4334394855159505,7.787069665344133
Gibraltar (Mo),Open-pit mining and beneficiation at Gibraltar,Biosphere (direct),Dinitrogen monoxide,,"('air',)",kilogram,,0.11042524315928881,1.4180590119891883,7.787069665344133
Gibraltar (Mo),Open-pit mining and beneficiation at Gibraltar,Biosphere (direct),"Methane, fossil",,"('air', 'non-urban air or from high stacks')",kilogram,,0.003940629512679165,0.05060478051476399,7.787069665344133
Gibraltar (Mo),Open-pit mining and beneficiation at Gibraltar,Technosphere (first-tier),"market for steel, low-alloyed","steel, low-alloyed",,kilogram,GLO,1.6344446493285774,20.989213138834124,7.787069665344133
Gibraltar (Mo),Open-pit mining and beneficiation at Gibraltar,Technosphere (first-tier),"market for electricity, medium voltage","electricity, medium voltage",,kilowatt hour,CA-BC,0.7828788859816388,10.053574959856752,7.787069665344133
Gibraltar (Mo),Open-pit mining and beneficiation at Gibraltar,Technosphere (first-tier),market for diesel,diesel,,kilogram,RoW,0.7535440648782787,9.67686302116802,7.787069665344133
Gibraltar (Mo),Open-pit mining and beneficiation at Gibraltar,Technosphere (first-tier),"market for explosive, tovex","explosive, tovex",,kilogram,GLO,0.6131313966116935,7.873711459657237,7.787069665344133
Gibraltar (Mo),Open-pit mining and beneficiation at Gibraltar,Technosphere (first-tier),market for polyacrylamide,polyacrylamide,,kilogram,GLO,0.3358229754788206,4.31257186478477,7.787069665344133
Gibraltar (Mo),Open-pit mining and beneficiation at Gibraltar,Technosphere (first-tier),"market for natural gas, high pressure","natural gas, high pressure",,cubic meter,CA,0.05562446988719725,0.7143183800544444,7.787069665344133
Gibraltar (Mo),Open-pit mining and beneficiation at Gibraltar,Technosphere (first-tier),market for lime,lime,,kilogram,RoW,0.049870614422268714,0.6404285124636134,7.787069665344133
Gibraltar (Mo),Open-pit mining and beneficiation at Gibraltar,Technosphere (first-tier),"market for chemical, organic","chemical, organic",,kilogram,GLO,0.034735873441313445,0.44607117868616586,7.787069665344133
Gibraltar (Mo),Open-pit mining and beneficiation at Gibraltar,Technosphere (first-tier),market for sodium bicarbonate,sodium bicarbonate,,kilogram,RoW,0.01047087294159241,0.13446486793603987,7.787069665344133
Gibraltar (Mo),Open-pit mining and beneficiation at Gibraltar,Technosphere (first-tier),market for propane,propane,,kilogram,GLO,0.0002480371927794175,0.0031852443016310936,7.787069665344133
Gibraltar (Mo),Open-pit mining and beneficiation at Gibraltar,Technosphere (first-tier),"market for sulfidic tailings, from copper mine operation","sulfidic tailings, from copper mine operation",,kilogram,CA,-0.0,-0.0,7.787069665344133
Goldex (Au),Underground mining and beneficiation at Goldex,Biosphere (direct),"Carbon dioxide, fossil",,"('air', 'non-urban air or from high stacks')",kilogram,,2939.038402690289,16.771117575277973,17524.40402077126
Goldex (Au),Underground mining and beneficiation at Goldex,Biosphere (direct),Dinitrogen monoxide,,"('air',)",kilogram,,228.39759916265334,1.303311649810967,17524.40402077126
Goldex (Au),Underground mining and beneficiation at Goldex,Biosphere (direct),"Carbon dioxide, from soil or biomass stock",,"('air', 'low population density, long-term')",kilogram,,82.14932067413511,0.46877098118010446,17524.40402077126
Goldex (Au),Underground mining and beneficiation at Goldex,Biosphere (direct),"Methane, fossil",,"('air', 'non-urban air or from high stacks')",kilogram,,3.8942737477383056,0.022222003915924986,17524.40402077126
Goldex (Au),Underground mining and beneficiation at Goldex,Technosphere (first-tier),"market for explosive, tovex","explosive, tovex",,kilogram,GLO,5621.303166163616,32.07700050455821,17524.40402077126
Goldex (Au),Underground mining and beneficiation at Goldex,Technosphere (first-tier),"market for steel, low-alloyed","steel, low-alloyed",,kilogram,GLO,2901.5261173047775,16.557060165159783,17524.40402077126
Goldex (Au),Underground mining and beneficiation at Goldex,Technosphere (first-tier),market for sodium cyanide,sodium cyanide,,kilogram,RoW,2019.504781404775,11.52395698598996,17524.40402077126
Goldex (Au),Underground mining and beneficiation at Goldex,Technosphere (first-tier),"market for cement, unspecified","cement, unspecified",,kilogram,RoW,1392.331254295781,7.945099032443465,17524.40402077126
Goldex (Au),Underground mining and beneficiation at Goldex,Technosphere (first-tier),"market for electricity, medium voltage","electricity, medium voltage",,kilowatt hour,CA-QC,980.0632184132434,5.5925623333700685,17524.40402077126
Goldex (Au),Underground mining and beneficiation at Goldex,Technosphere (first-tier),market for diesel,diesel,,kilogram,RoW,565.3998095063712,3.226356849774841,17524.40402077126
Goldex (Au),Underground mining and beneficiation at Goldex,Technosphere (first-tier),"market for natural gas, high pressure","natural gas, high pressure",,cubic meter,CA,255.92988724318664,1.4604199203570005,17524.40402077126
Goldex (Au),Underground mining and beneficiation at Goldex,Technosphere (first-tier),"market for sulfur dioxide, liquid","sulfur dioxide, liquid",,kilogram,RoW,156.42579321070633,0.8926169074012363,17524.40402077126
Goldex (Au),Underground mining and beneficiation at Goldex,Technosphere (first-tier),"market for activated carbon, granular","activated carbon, granular",,kilogram,GLO,125.81809833094835,0.7179593564598211,17524.40402077126
Goldex (Au),Underground mining and beneficiation at Goldex,Technosphere (first-tier),market for lime,lime,,kilogram,RoW,100.90858239478827,0.5758174844358971,17524.40402077126
Goldex (Au),Underground mining and beneficiation at Goldex,Technosphere (first-tier),market for polyacrylamide,polyacrylamide,,kilogram,GLO,79.37785629835011,0.4529560959919974,17524.40402077126
Goldex (Au),Underground mining and beneficiation at Goldex,Technosphere (first-tier),"market for hydrochloric acid, without water, in 30% solution state","hydrochloric acid, without water, in 30% solution state",,kilogram,RoW,42.13822049153094,0.24045451384015973,17524.40402077126
Goldex (Au),Underground mining and beneficiation at Goldex,Technosphere (first-tier),market for sodium bicarbonate,sodium bicarbonate,,kilogram,RoW,24.575561683485024,0.14023621947060905,17524.40402077126
Goldex (Au),Underground mining and beneficiation at Goldex,Technosphere (first-tier),market for light fuel oil,light fuel oil,,kilogram,RoW,5.622157672312024,0.032081876597048406,17524.40402077126
Goldex (Au),Underground mining and beneficiation at Goldex,Technosphere (first-tier),"market for sulfidic tailings, from gold mine operation","sulfidic tailings, from gold mine operation",,kilogram,CA,-0.0,-0.0,17524.40402077126
Goldex (Cu),Underground mining and beneficiation at Goldex,Biosphere (direct),"Carbon dioxide, fossil",,"('air', 'non-urban air or from high stacks')",kilogram,,0.39154542351140004,16.77111757853481,2.334641216829433
Goldex (Cu),Underground mining and beneficiation at Goldex,Biosphere (direct),Dinitrogen monoxide,,"('air',)",kilogram,,0.030427650966144103,1.3033116500644357,2.334641216829433
Goldex (Cu),Underground mining and beneficiation at Goldex,Biosphere (direct),"Carbon dioxide, from soil or biomass stock",,"('air', 'low population density, long-term')",kilogram,,0.010944120541294377,0.4687709812712497,2.334641216829433
Goldex (Cu),Underground mining and beneficiation at Goldex,Biosphere (direct),"Methane, fossil",,"('air', 'non-urban air or from high stacks')",kilogram,,0.0005188040627275949,0.0222220039202494,2.334641216829433
Goldex (Cu),Underground mining and beneficiation at Goldex,Technosphere (first-tier),"market for explosive, tovex","explosive, tovex",,kilogram,GLO,0.7488828750476091,32.07700051079505,2.334641216829433
Goldex (Cu),Underground mining and beneficiation at Goldex,Technosphere (first-tier),"market for steel, low-alloyed","steel, low-alloyed",,kilogram,GLO,0.38654795098622546,16.557060168379024,2.334641216829433
Goldex (Cu),Underground mining and beneficiation at Goldex,Technosphere (first-tier),market for sodium cyanide,sodium cyanide,,kilogram,RoW,0.2690430496569268,11.523956988230577,2.334641216829433
Goldex (Cu),Underground mining and beneficiation at Goldex,Technosphere (first-tier),"market for cement, unspecified","cement, unspecified",,kilogram,RoW,0.18548955676540702,7.945099033988259,2.334641216829433
Goldex (Cu),Underground mining and beneficiation at Goldex,Technosphere (first-tier),"market for electricity, medium voltage","electricity, medium voltage",,kilowatt hour,CA-QC,0.13056626533712196,5.59256233445745,2.334641216829433
Goldex (Cu),Underground mining and beneficiation at Goldex,Technosphere (first-tier),market for diesel,diesel,,kilogram,RoW,0.0753238568314886,3.226356850402153,2.334641216829433
Goldex (Cu),Underground mining and beneficiation at Goldex,Technosphere (first-tier),"market for natural gas, high pressure","natural gas, high pressure",,cubic meter,CA,0.03409556540607144,1.4604199206409554,2.334641216829433
Goldex (Cu),Underground mining and beneficiation at Goldex,Technosphere (first-tier),"market for sulfur dioxide, liquid","sulfur dioxide, liquid",,kilogram,RoW,0.02083940223262934,0.8926169075747902,2.334641216829433
Goldex (Cu),Underground mining and beneficiation at Goldex,Technosphere (first-tier),"market for activated carbon, granular","activated carbon, granular",,kilogram,GLO,0.016761775059253296,0.7179593565994127,2.334641216829433
Goldex (Cu),Underground mining and beneficiation at Goldex,Technosphere (first-tier),market for lime,lime,,kilogram,RoW,0.013443272327964679,0.5758174845478552,2.334641216829433
Goldex (Cu),Underground mining and beneficiation at Goldex,Technosphere (first-tier),market for polyacrylamide,polyacrylamide,,kilogram,GLO,0.010574899713226758,0.45295609608006643,2.334641216829433
Goldex (Cu),Underground mining and beneficiation at Goldex,Technosphere (first-tier),"market for hydrochloric acid, without water, in 30% solution state","hydrochloric acid, without water, in 30% solution state",,kilogram,RoW,0.005613750188930694,0.24045451388691172,2.334641216829433
Goldex (Cu),Underground mining and beneficiation at Goldex,Technosphere (first-tier),market for sodium bicarbonate,sodium bicarbonate,,kilogram,RoW,0.0032740125813207404,0.14023621949787315,2.334641216829433
Goldex (Cu),Underground mining and beneficiation at Goldex,Technosphere (first-tier),market for light fuel oil,light fuel oil,,kilogram,RoW,0.000748996714312678,0.032081876603286194,2.334641216829433
Goldex (Cu),Underground mining and beneficiation at Goldex,Technosphere (first-tier),"market for sulfidic tailings, from gold mine operation","sulfidic tailings, from gold mine operation",,kilogram,CA,-0.0,-0.0,2.334641216829433
Hemlo,Open-pit and underground mining and beneficiation at Hemlo (Williams),Biosphere (direct),"Carbon dioxide, fossil",,"('air', 'non-urban air or from high stacks')",kilogram,,4249.0292851568,32.80165178428795,12953.705237466404
Hemlo,Open-pit and underground mining and beneficiation at Hemlo (Williams),Biosphere (direct),"Carbon monoxide, fossil",,"('air', 'lower stratosphere + upper troposphere')",kilogram,,1284.808411827572,9.918462619571432,12953.705237466404
Hemlo,Open-pit and underground mining and beneficiation at Hemlo (Williams),Biosphere (direct),"Carbon dioxide, from soil or biomass stock",,"('air', 'low population density, long-term')",kilogram,,717.3308438847498,5.537649890395773,12953.705237466404
Hemlo,Open-pit and underground mining and beneficiation at Hemlo (Williams),Biosphere (direct),Dinitrogen monoxide,,"('air',)",kilogram,,43.73831485738317,0.3376509968042,12953.705237466404
Hemlo,Open-pit and underground mining and beneficiation at Hemlo (Williams),Biosphere (direct),"Methane, fossil",,"('air', 'non-urban air or from high stacks')",kilogram,,8.875713228186719,0.06851872159724012,12953.705237466404
Hemlo,Open-pit and underground mining and beneficiation at Hemlo (Williams),Technosphere (first-tier),"market for electricity, medium voltage","electricity, medium voltage",,kilowatt hour,CA-ON,1376.0658859840664,10.622951972104694,12953.705237466404
Hemlo,Open-pit and underground mining and beneficiation at Hemlo (Williams),Technosphere (first-tier),"market for steel, low-alloyed","steel, low-alloyed",,kilogram,GLO,1276.7751826477704,9.8564477054404,12953.705237466404
Hemlo,Open-pit and underground mining and beneficiation at Hemlo (Williams),Technosphere (first-tier),"market for explosive, tovex","explosive, tovex",,kilogram,GLO,1241.1311706696488,9.581283099447766,12953.705237466404
Hemlo,Open-pit and underground mining and beneficiation at Hemlo (Williams),Technosphere (first-tier),market for sodium cyanide,sodium cyanide,,kilogram,RoW,888.6542743000529,6.860232327425288,12953.705237466404
Hemlo,Open-pit and underground mining and beneficiation at Hemlo (Williams),Technosphere (first-tier),market for diesel,diesel,,kilogram,RoW,740.9954499951945,5.7203358916334635,12953.705237466404
Hemlo,Open-pit and underground mining and beneficiation at Hemlo (Williams),Technosphere (first-tier),"market for cement, unspecified","cement, unspecified",,kilogram,RoW,612.6755092458005,4.729731748671725,12953.705237466404
Hemlo,Open-pit and underground mining and beneficiation at Hemlo (Williams),Technosphere (first-tier),"market for natural gas, high pressure","natural gas, high pressure",,cubic meter,CA,244.12646209177612,1.884607204012035,12953.705237466404
Hemlo,Open-pit and underground mining and beneficiation at Hemlo (Williams),Technosphere (first-tier),"market for sulfur dioxide, liquid","sulfur dioxide, liquid",,kilogram,RoW,68.83293915787394,0.5313764509538652,12953.705237466404
Hemlo,Open-pit and underground mining and beneficiation at Hemlo (Williams),Technosphere (first-tier),"market for activated carbon, granular","activated carbon, granular",,kilogram,GLO,55.36445959208226,0.42740249663818136,12953.705237466404
Hemlo,Open-pit and underground mining and beneficiation at Hemlo (Williams),Technosphere (first-tier),market for lime,lime,,kilogram,RoW,44.40338239571332,0.34278518448361817,12953.705237466404
Hemlo,Open-pit and underground mining and beneficiation at Hemlo (Williams),Technosphere (first-tier),market for liquefied petroleum gas,liquefied petroleum gas,,kilogram,RoW,36.61236246915601,0.2826400770897653,12953.705237466404
Hemlo,Open-pit and underground mining and beneficiation at Hemlo (Williams),Technosphere (first-tier),market for polyacrylamide,polyacrylamide,,kilogram,GLO,34.929093475696895,0.26964557889329144,12953.705237466404
Hemlo,Open-pit and underground mining and beneficiation at Hemlo (Williams),Technosphere (first-tier),"market for hydrochloric acid, without water, in 30% solution state","hydrochloric acid, without water, in 30% solution state",,kilogram,RoW,18.54232289816578,0.1431430047098435,12953.705237466404
Hemlo,Open-pit and underground mining and beneficiation at Hemlo (Williams),Technosphere (first-tier),market for sodium bicarbonate,sodium bicarbonate,,kilogram,RoW,10.814125390761472,0.0834828737609641,12953.705237466404
Hemlo,Open-pit and underground mining and beneficiation at Hemlo (Williams),Technosphere (first-tier),"market for sulfidic tailings, from gold mine operation","sulfidic tailings, from gold mine operation",,kilogram,CA,-0.0,-0.0,12953.705237466404
Highland Valley (Cu),Open-pit mining and beneficiation at Highland Valley,Biosphere (direct),"Carbon dioxide, fossil",,"('air', 'non-urban air or from high stacks')",kilogram,,0.5089453821214782,46.35138900809233,1.098015384247974
Highland Valley (Cu),Open-pit mining and beneficiation at Highland Valley,Biosphere (direct),"Carbon dioxide, from soil or biomass stock",,"('air', 'low population density, long-term')",kilogram,,0.1579116198562,14.381548940168354,1.098015384247974
Highland Valley (Cu),Open-pit mining and beneficiation at Highland Valley,Biosphere (direct),Dinitrogen monoxide,,"('air',)",kilogram,,0.018973886791590493,1.7280164798952817,1.098015384247974
Highland Valley (Cu),Open-pit mining and beneficiation at Highland Valley,Biosphere (direct),"Carbon monoxide, fossil",,"('air', 'lower stratosphere + upper troposphere')",kilogram,,0.015928983991191623,1.4507068133750525,1.098015384247974
Highland Valley (Cu),Open-pit mining and beneficiation at Highland Valley,Biosphere (direct),"Methane, fossil",,"('air', 'non-urban air or from high stacks')",kilogram,,0.0007110327297656639,0.06475617190488156,1.098015384247974
Highland Valley (Cu),Open-pit mining and beneficiation at Highland Valley,Technosphere (first-tier),market for diesel,diesel,,kilogram,RoW,0.12997214971519294,11.83700625508178,1.098015384247974
Highland Valley (Cu),Open-pit mining and beneficiation at Highland Valley,Technosphere (first-tier),"market for steel, low-alloyed","steel, low-alloyed",,kilogram,GLO,0.12184272219933508,11.096631608926375,1.098015384247974
Highland Valley (Cu),Open-pit mining and beneficiation at Highland Valley,Technosphere (first-tier),"market for electricity, medium voltage","electricity, medium voltage",,kilowatt hour,CA-BC,0.06315218221815361,5.751484280104715,1.098015384247974
Highland Valley (Cu),Open-pit mining and beneficiation at Highland Valley,Technosphere (first-tier),"market for explosive, tovex","explosive, tovex",,kilogram,GLO,0.045707022541103884,4.1626941841446445,1.098015384247974
Highland Valley (Cu),Open-pit mining and beneficiation at Highland Valley,Technosphere (first-tier),market for polyacrylamide,polyacrylamide,,kilogram,GLO,0.025034549518840443,2.2799816722045745,1.098015384247974
Highland Valley (Cu),Open-pit mining and beneficiation at Highland Valley,Technosphere (first-tier),market for lime,lime,,kilogram,RoW,0.0037176978868380677,0.33858340604073617,1.098015384247974
Highland Valley (Cu),Open-pit mining and beneficiation at Highland Valley,Technosphere (first-tier),"market for chemical, organic","chemical, organic",,kilogram,GLO,0.0025894504165677773,0.23583006702053455,1.098015384247974
Highland Valley (Cu),Open-pit mining and beneficiation at Highland Valley,Technosphere (first-tier),"market for natural gas, high pressure","natural gas, high pressure",,cubic meter,CA,0.0018953554004395889,0.1726164703728363,1.098015384247974
Highland Valley (Cu),Open-pit mining and beneficiation at Highland Valley,Technosphere (first-tier),market for liquefied petroleum gas,liquefied petroleum gas,,kilogram,RoW,0.0008527560470197185,0.07766339700274486,1.098015384247974
Highland Valley (Cu),Open-pit mining and beneficiation at Highland Valley,Technosphere (first-tier),market for sodium bicarbonate,sodium bicarbonate,,kilogram,RoW,0.0007805707360790593,0.07108923493031646,1.098015384247974
Highland Valley (Cu),Open-pit mining and beneficiation at Highland Valley,Technosphere (first-tier),"market for sulfidic tailings, from copper mine operation","sulfidic tailings, from copper mine operation",,kilogram,CA,-0.0,-0.0,1.098015384247974
Highland Valley (Mo),Open-pit mining and beneficiation at Highland Valley,Biosphere (direct),"Carbon dioxide, fossil",,"('air', 'non-urban air or from high stacks')",kilogram,,2.1567482569901,46.35138959314825,4.653039047849635
Highland Valley (Mo),Open-pit mining and beneficiation at Highland Valley,Biosphere (direct),"Carbon dioxide, from soil or biomass stock",,"('air', 'low population density, long-term')",kilogram,,0.6691790963183,14.38154912169834,4.653039047849635
Highland Valley (Mo),Open-pit mining and beneficiation at Highland Valley,Biosphere (direct),Dinitrogen monoxide,,"('air',)",kilogram,,0.08040528257769652,1.7280165017066682,4.653039047849635
Highland Valley (Mo),Open-pit mining and beneficiation at Highland Valley,Biosphere (direct),"Carbon monoxide, fossil",,"('air', 'lower stratosphere + upper troposphere')",kilogram,,0.06750195534818014,1.450706831686178,4.653039047849635
Highland Valley (Mo),Open-pit mining and beneficiation at Highland Valley,Biosphere (direct),"Methane, fossil",,"('air', 'non-urban air or from high stacks')",kilogram,,0.0030131300026591317,0.06475617272224753,4.653039047849635
Highland Valley (Mo),Open-pit mining and beneficiation at Highland Valley,Technosphere (first-tier),market for diesel,diesel,,kilogram,RoW,0.5507805300974266,11.837006404490962,4.653039047849635
Highland Valley (Mo),Open-pit mining and beneficiation at Highland Valley,Technosphere (first-tier),"market for steel, low-alloyed","steel, low-alloyed",,kilogram,GLO,0.5163306082766028,11.096631748990392,4.653039047849635
Highland Valley (Mo),Open-pit mining and beneficiation at Highland Valley,Technosphere (first-tier),"market for electricity, medium voltage","electricity, medium voltage",,kilowatt hour,CA-BC,0.2676188127621466,5.751484352701156,4.653039047849635
Highland Valley (Mo),Open-pit mining and beneficiation at Highland Valley,Technosphere (first-tier),"market for explosive, tovex","explosive, tovex",,kilogram,GLO,0.19369178827563718,4.162694236687103,4.653039047849635
Highland Valley (Mo),Open-pit mining and beneficiation at Highland Valley,Technosphere (first-tier),market for polyacrylamide,polyacrylamide,,kilogram,GLO,0.10608843883056404,2.2799817009829733,4.653039047849635
Highland Valley (Mo),Open-pit mining and beneficiation at Highland Valley,Technosphere (first-tier),market for lime,lime,,kilogram,RoW,0.015754418291470333,0.3385834103144076,4.653039047849635
Highland Valley (Mo),Open-pit mining and beneficiation at Highland Valley,Technosphere (first-tier),"market for chemical, organic","chemical, organic",,kilogram,GLO,0.010973265243542992,0.2358300699972462,4.653039047849635
Highland Valley (Mo),Open-pit mining and beneficiation at Highland Valley,Technosphere (first-tier),"market for natural gas, high pressure","natural gas, high pressure",,cubic meter,CA,0.00803191187084838,0.17261647255163837,4.653039047849635
Highland Valley (Mo),Open-pit mining and beneficiation at Highland Valley,Technosphere (first-tier),market for liquefied petroleum gas,liquefied petroleum gas,,kilogram,RoW,0.0036137082340372936,0.0776633979830309,4.653039047849635
Highland Valley (Mo),Open-pit mining and beneficiation at Highland Valley,Technosphere (first-tier),market for sodium bicarbonate,sodium bicarbonate,,kilogram,RoW,0.0033078099018773108,0.07108923582762515,4.653039047849635
Highland Valley (Mo),Open-pit mining and beneficiation at Highland Valley,Technosphere (first-tier),"market for sulfidic tailings, from copper mine operation","sulfidic tailings, from copper mine operation",,kilogram,CA,-0.0,-0.0,4.653039047849635
Island,Underground mining and beneficiation at Island,Biosphere (direct),"Carbon dioxide, fossil",,"('air', 'non-urban air or from high stacks')",kilogram,,4766.528768449442,47.57327398142663,10019.341469562032
Island,Underground mining and beneficiation at Island,Biosphere (direct),"Carbon monoxide, fossil",,"('air', 'lower stratosphere + upper troposphere')",kilogram,,606.4132101397884,6.052425820419673,10019.341469562032
Island,Underground mining and beneficiation at Island,Biosphere (direct),"Carbon dioxide, from soil or biomass stock",,"('air', 'low population density, long-term')",kilogram,,110.0044296061763,1.0979207559734445,10019.341469562032
Island,Underground mining and beneficiation at Island,Biosphere (direct),Dinitrogen monoxide,,"('air',)",kilogram,,31.355924427597852,0.3129539453551381,10019.341469562032
Island,Underground mining and beneficiation at Island,Biosphere (direct),"Methane, fossil",,"('air', 'non-urban air or from high stacks')",kilogram,,18.900068972351878,0.18863584028719646,10019.341469562032
Island,Underground mining and beneficiation at Island,Technosphere (first-tier),"market for electricity, medium voltage","electricity, medium voltage",,kilowatt hour,CA-ON,1810.3617926565662,18.068670462587807,10019.341469562032
Island,Underground mining and beneficiation at Island,Technosphere (first-tier),market for diesel,diesel,,kilogram,RoW,1063.0408092840323,10.609887012170075,10019.341469562032
Island,Underground mining and beneficiation at Island,Technosphere (first-tier),"market for explosive, tovex","explosive, tovex",,kilogram,GLO,533.0601980763075,5.320311716051422,10019.341469562032
Island,Underground mining and beneficiation at Island,Technosphere (first-tier),market for sodium cyanide,sodium cyanide,,kilogram,RoW,427.95325200455,4.271271253750939,10019.341469562032
Island,Underground mining and beneficiation at Island,Technosphere (first-tier),market for propane,propane,,kilogram,GLO,423.67375355079736,4.2285588812187385,10019.341469562032
Island,Underground mining and beneficiation at Island,Technosphere (first-tier),"market for cement, unspecified","cement, unspecified",,kilogram,RoW,228.04916778527235,2.27608938649379,10019.341469562032
Island,Underground mining and beneficiation at Island,Technosphere (first-tier),"market for sulfidic tailings, from gold mine operation","sulfidic tailings, from gold mine operation",,kilogram,CA,-0.0,-0.0,10019.341469562032
Key Lake + McArthur River,Underground mining and beneficiation at Key Lake + McArthur River,Biosphere (direct),"Carbon dioxide, fossil",,"('air', 'non-urban air or from high stacks')",kilogram,,8.166412049693086,28.485401028244763,28.66876278692957
Key Lake + McArthur River,Underground mining and beneficiation at Key Lake + McArthur River,Biosphere (direct),"Methane, fossil",,"('air', 'non-urban air or from high stacks')",kilogram,,0.23338087728374599,0.8140598149221393,28.66876278692957
Key Lake + McArthur River,Underground mining and beneficiation at Key Lake + McArthur River,Biosphere (direct),Dinitrogen monoxide,,"('air',)",kilogram,,0.13572489030768714,0.47342430266842817,28.66876278692957
Key Lake + McArthur River,Underground mining and beneficiation at Key Lake + McArthur River,Biosphere (direct),"Carbon monoxide, fossil",,"('air', 'lower stratosphere + upper troposphere')",kilogram,,0.09515748203802667,0.33192043460421006,28.66876278692957
Key Lake + McArthur River,Underground mining and beneficiation at Key Lake + McArthur River,Technosphere (first-tier),"market for electricity, medium voltage","electricity, medium voltage",,kilowatt hour,CA-SK,18.092761523388578,63.10966977492759,28.66876278692957
Key Lake + McArthur River,Underground mining and beneficiation at Key Lake + McArthur River,Technosphere (first-tier),market for diesel,diesel,,kilogram,RoW,1.510032559688924,5.267170302784625,28.66876278692957
Key Lake + McArthur River,Underground mining and beneficiation at Key Lake + McArthur River,Technosphere (first-tier),"market for natural gas, high pressure","natural gas, high pressure",,cubic meter,CA,0.2769881394402981,0.966167049129097,28.66876278692957
Key Lake + McArthur River,Underground mining and beneficiation at Key Lake + McArthur River,Technosphere (first-tier),market for liquefied petroleum gas,liquefied petroleum gas,,kilogram,RoW,0.12462217418732191,0.4346967293759138,28.66876278692957
Key Lake + McArthur River,Underground mining and beneficiation at Key Lake + McArthur River,Technosphere (first-tier),"market for cement, unspecified","cement, unspecified",,kilogram,RoW,0.029592975127961874,0.10322376081556496,28.66876278692957
Key Lake + McArthur River,Underground mining and beneficiation at Key Lake + McArthur River,Technosphere (first-tier),"market for ammonia, anhydrous, liquid","ammonia, anhydrous, liquid",,kilogram,RoW,0.002674409970409311,0.009328654990401631,28.66876278692957
Key Lake + McArthur River,Underground mining and beneficiation at Key Lake + McArthur River,Technosphere (first-tier),"market for hydrogen peroxide, without water, in 50% solution state","hydrogen peroxide, without water, in 50% solution state",,kilogram,RoW,0.0009162579577126852,0.003196014995563108,28.66876278692957
Key Lake + McArthur River,Underground mining and beneficiation at Key Lake + McArthur River,Technosphere (first-tier),market for lime,lime,,kilogram,RoW,0.0004997787341590408,0.0017432867189751766,28.66876278692957
Key Lake + McArthur River,Underground mining and beneficiation at Key Lake + McArthur River,Technosphere (first-tier),"market for sulfidic tailings, from copper mine operation","sulfidic tailings, from copper mine operation",,kilogram,CA,-0.0,-0.0,28.66876278692957
Kidd Creek,Underground mining and beneficiation at Kidd Creek,Biosphere (direct),"Carbon dioxide, fossil",,"('air', 'non-urban air or from high stacks')",kilogram,,0.27851586138338313,67.96223018151261,0.4098097732218715
Kidd Creek,Underground mining and beneficiation at Kidd Creek,Biosphere (direct),"Carbon dioxide, from soil or biomass stock",,"('air', 'low population density, long-term')",kilogram,,0.04362569522674933,10.645352570235147,0.4098097732218715
Kidd Creek,Underground mining and beneficiation at Kidd Creek,Biosphere (direct),"Carbon monoxide, fossil",,"('air', 'lower stratosphere + upper troposphere')",kilogram,,0.005240252173143815,1.2787035633498023,0.4098097732218715
Kidd Creek,Underground mining and beneficiation at Kidd Creek,Biosphere (direct),Dinitrogen monoxide,,"('air',)",kilogram,,0.002756182010899844,0.6725515570873524,0.4098097732218715
Kidd Creek,Underground mining and beneficiation at Kidd Creek,Biosphere (direct),"Methane, fossil",,"('air', 'non-urban air or from high stacks')",kilogram,,0.0003547996613763866,0.08657667155836657,0.4098097732218715
Kidd Creek,Underground mining and beneficiation at Kidd Creek,Technosphere (first-tier),"market for steel, low-alloyed","steel, low-alloyed",,kilogram,GLO,0.03139880277278377,7.661799406571113,0.4098097732218715
Kidd Creek,Underground mining and beneficiation at Kidd Creek,Technosphere (first-tier),"market for cement, unspecified","cement, unspecified",,kilogram,RoW,0.027861601102248695,6.798666826123835,0.4098097732218715
Kidd Creek,Underground mining and beneficiation at Kidd Creek,Technosphere (first-tier),"market for explosive, tovex","explosive, tovex",,kilogram,GLO,0.011778674673333269,2.8741810086008566,0.4098097732218715
Kidd Creek,Underground mining and beneficiation at Kidd Creek,Technosphere (first-tier),market for polyacrylamide,polyacrylamide,,kilogram,GLO,0.006451389698610659,1.5742400792178934,0.4098097732218715
Kidd Creek,Underground mining and beneficiation at Kidd Creek,Technosphere (first-tier),market for lime,lime,,kilogram,RoW,0.0009580487091108373,0.2337788827188727,0.4098097732218715
Kidd Creek,Underground mining and beneficiation at Kidd Creek,Technosphere (first-tier),"market for chemical, organic","chemical, organic",,kilogram,GLO,0.0006672999540070362,0.16283163497073536,0.4098097732218715
Kidd Creek,Underground mining and beneficiation at Kidd Creek,Technosphere (first-tier),market for sodium bicarbonate,sodium bicarbonate,,kilogram,RoW,0.00020115265113871618,0.049084395805712486,0.4098097732218715
Kidd Creek,Underground mining and beneficiation at Kidd Creek,Technosphere (first-tier),"market for sulfidic tailings, from copper mine operation","sulfidic tailings, from copper mine operation",,kilogram,CA,-0.0,-0.0,0.4098097732218715
Kidd Creek (Zn),Underground mining and beneficiation at Kidd Creek,Biosphere (direct),"Carbon dioxide, fossil",,"('air', 'non-urban air or from high stacks')",kilogram,,0.10411304502305604,67.96223321264915,0.15319250133716691
Kidd Creek (Zn),Underground mining and beneficiation at Kidd Creek,Biosphere (direct),"Carbon dioxide, from soil or biomass stock",,"('air', 'low population density, long-term')",kilogram,,0.016307882605836144,10.645353045018526,0.15319250133716691
Kidd Creek (Zn),Underground mining and beneficiation at Kidd Creek,Biosphere (direct),"Carbon monoxide, fossil",,"('air', 'lower stratosphere + upper troposphere')",kilogram,,0.0019588780607491256,1.2787036203800604,0.15319250133716691
Kidd Creek (Zn),Underground mining and beneficiation at Kidd Creek,Biosphere (direct),Dinitrogen monoxide,,"('air',)",kilogram,,0.0010302985990355577,0.672551587083193,0.15319250133716691
Kidd Creek (Zn),Underground mining and beneficiation at Kidd Creek,Biosphere (direct),"Methane, fossil",,"('air', 'non-urban air or from high stacks')",kilogram,,0.00013262897464998548,0.08657667541969144,0.15319250133716691
Kidd Creek (Zn),Underground mining and beneficiation at Kidd Creek,Technosphere (first-tier),"market for steel, low-alloyed","steel, low-alloyed",,kilogram,GLO,0.011737302681846615,7.661799748287653,0.15319250133716691
Kidd Creek (Zn),Underground mining and beneficiation at Kidd Creek,Technosphere (first-tier),"market for cement, unspecified","cement, unspecified",,kilogram,RoW,0.01041504823303101,6.798667129344768,0.15319250133716691
Kidd Creek (Zn),Underground mining and beneficiation at Kidd Creek,Technosphere (first-tier),"market for explosive, tovex","explosive, tovex",,kilogram,GLO,0.0044030299764087595,2.8741811367894385,0.15319250133716691
Kidd Creek (Zn),Underground mining and beneficiation at Kidd Creek,Technosphere (first-tier),market for polyacrylamide,polyacrylamide,,kilogram,GLO,0.0024116178619642517,1.5742401494290081,0.15319250133716691
Kidd Creek (Zn),Underground mining and beneficiation at Kidd Creek,Technosphere (first-tier),market for lime,lime,,kilogram,RoW,0.0003581317340078152,0.2337788931454224,0.15319250133716691
Kidd Creek (Zn),Underground mining and beneficiation at Kidd Creek,Technosphere (first-tier),"market for chemical, organic","chemical, organic",,kilogram,GLO,0.00024944586570521655,0.16283164223306343,0.15319250133716691
Kidd Creek (Zn),Underground mining and beneficiation at Kidd Creek,Technosphere (first-tier),market for sodium bicarbonate,sodium bicarbonate,,kilogram,RoW,7.519361705464852e-05,0.04908439799488107,0.15319250133716691
Kidd Creek (Zn),Underground mining and beneficiation at Kidd Creek,Technosphere (first-tier),"market for sulfidic tailings, from copper mine operation","sulfidic tailings, from copper mine operation",,kilogram,CA,-0.0,-0.0,0.15319250133716691
Kiena,Open-pit mining and beneficiation at Kiena,Biosphere (direct),"Carbon dioxide, fossil",,"('air', 'non-urban air or from high stacks')",kilogram,,3367.542534263419,36.33038338657136,9269.218269543911
Kiena,Open-pit mining and beneficiation at Kiena,Biosphere (direct),"Carbon monoxide, fossil",,"('air', 'lower stratosphere + upper troposphere')",kilogram,,140.57174843835355,1.5165437294775272,9269.218269543911
Kiena,Open-pit mining and beneficiation at Kiena,Biosphere (direct),"Carbon dioxide, from soil or biomass stock",,"('air', 'low population density, long-term')",kilogram,,0.0,0.0,9269.218269543911
Kiena,Open-pit mining and beneficiation at Kiena,Technosphere (first-tier),"market for explosive, tovex","explosive, tovex",,kilogram,GLO,3791.4732762116146,40.903916230663675,9269.218269543911
Kiena,Open-pit mining and beneficiation at Kiena,Technosphere (first-tier),market for diesel,diesel,,kilogram,RoW,1322.6411792494403,14.269177192593183,9269.218269543911
Kiena,Open-pit mining and beneficiation at Kiena,Technosphere (first-tier),"market for electricity, medium voltage","electricity, medium voltage",,kilowatt hour,CA-QC,646.3552198553606,6.973136256582771,9269.218269543911
Kiena,Open-pit mining and beneficiation at Kiena,Technosphere (first-tier),"market for natural gas, high pressure","natural gas, high pressure",,cubic meter,CA,0.6343869808731215,0.006844018151536486,9269.218269543911
Kiena,Open-pit mining and beneficiation at Kiena,Technosphere (first-tier),"market for sulfidic tailings, from gold mine operation","sulfidic tailings, from gold mine operation",,kilogram,CA,-0.0,-0.0,9269.218269543911
LaRonde (Cu),Underground mining and beneficiation at LaRonde,Biosphere (direct),"Carbon dioxide, fossil",,"('air', 'non-urban air or from high stacks')",kilogram,,0.47546719600165543,40.18273505684883,1.183262401946967
LaRonde (Cu),Underground mining and beneficiation at LaRonde,Biosphere (direct),"Carbon dioxide, from soil or biomass stock",,"('air', 'low population density, long-term')",kilogram,,0.055785566375669615,4.714555814828458,1.183262401946967
LaRonde (Cu),Underground mining and beneficiation at LaRonde,Biosphere (direct),Dinitrogen monoxide,,"('air',)",kilogram,,0.03530028850213353,2.983301797137273,1.183262401946967
LaRonde (Cu),Underground mining and beneficiation at LaRonde,Biosphere (direct),"Carbon monoxide, fossil",,"('air', 'lower stratosphere + upper troposphere')",kilogram,,0.005641014152770784,0.4767339977581413,1.183262401946967
LaRonde (Cu),Underground mining and beneficiation at LaRonde,Biosphere (direct),"Methane, fossil",,"('air', 'non-urban air or from high stacks')",kilogram,,0.0006131222281631784,0.051816252012599484,1.183262401946967
LaRonde (Cu),Underground mining and beneficiation at LaRonde,Technosphere (first-tier),"market for explosive, tovex","explosive, tovex",,kilogram,GLO,0.16323728521791175,13.795527090974696,1.183262401946967
LaRonde (Cu),Underground mining and beneficiation at LaRonde,Technosphere (first-tier),"market for electricity, medium voltage","electricity, medium voltage",,kilowatt hour,CA-QC,0.13129095577296235,11.095675444173093,1.183262401946967
LaRonde (Cu),Underground mining and beneficiation at LaRonde,Technosphere (first-tier),market for diesel,diesel,,kilogram,RoW,0.08726554146068623,7.374994871559977,1.183262401946967
LaRonde (Cu),Underground mining and beneficiation at LaRonde,Technosphere (first-tier),"market for steel, low-alloyed","steel, low-alloyed",,kilogram,GLO,0.0770873354680598,6.514813226653575,1.183262401946967
LaRonde (Cu),Underground mining and beneficiation at LaRonde,Technosphere (first-tier),market for sodium cyanide,sodium cyanide,,kilogram,RoW,0.05365391737645586,4.534405664218898,1.183262401946967
LaRonde (Cu),Underground mining and beneficiation at LaRonde,Technosphere (first-tier),"market for natural gas, high pressure","natural gas, high pressure",,cubic meter,CA,0.0450922193810166,3.810838517882494,1.183262401946967
LaRonde (Cu),Underground mining and beneficiation at LaRonde,Technosphere (first-tier),"market for cement, unspecified","cement, unspecified",,kilogram,RoW,0.03699125982097429,3.1262093479948336,1.183262401946967
LaRonde (Cu),Underground mining and beneficiation at LaRonde,Technosphere (first-tier),"market for sulfur dioxide, liquid","sulfur dioxide, liquid",,kilogram,RoW,0.0041558983478294865,0.3512237303400561,1.183262401946967
LaRonde (Cu),Underground mining and beneficiation at LaRonde,Technosphere (first-tier),"market for activated carbon, granular","activated carbon, granular",,kilogram,GLO,0.003342717439676262,0.2825000975418536,1.183262401946967
LaRonde (Cu),Underground mining and beneficiation at LaRonde,Technosphere (first-tier),market for lime,lime,,kilogram,RoW,0.00268092494369794,0.22657061859539226,1.183262401946967
LaRonde (Cu),Underground mining and beneficiation at LaRonde,Technosphere (first-tier),market for polyacrylamide,polyacrylamide,,kilogram,GLO,0.0021088996582561406,0.1782275558478076,1.183262401946967
LaRonde (Cu),Underground mining and beneficiation at LaRonde,Technosphere (first-tier),market for light fuel oil,light fuel oil,,kilogram,RoW,0.001775805321501972,0.15007705125929982,1.183262401946967
LaRonde (Cu),Underground mining and beneficiation at LaRonde,Technosphere (first-tier),"market for hydrochloric acid, without water, in 30% solution state","hydrochloric acid, without water, in 30% solution state",,kilogram,RoW,0.001119522281631187,0.09461318806285905,1.183262401946967
LaRonde (Cu),Underground mining and beneficiation at LaRonde,Technosphere (first-tier),market for sodium bicarbonate,sodium bicarbonate,,kilogram,RoW,0.0006529200466306314,0.055179649548257576,1.183262401946967
LaRonde (Cu),Underground mining and beneficiation at LaRonde,Technosphere (first-tier),"market for sulfidic tailings, from gold mine operation","sulfidic tailings, from gold mine operation",,kilogram,CA,-0.0,-0.0,1.183262401946967
LaRonde (Doré),Underground mining and beneficiation at LaRonde,Biosphere (direct),"Carbon dioxide, fossil",,"('air', 'non-urban air or from high stacks')",kilogram,,3568.976329070858,40.182735812851575,8881.864952384347
LaRonde (Doré),Underground mining and beneficiation at LaRonde,Biosphere (direct),"Carbon dioxide, from soil or biomass stock",,"('air', 'low population density, long-term')",kilogram,,418.7404884560169,4.714555903527958,8881.864952384347
LaRonde (Doré),Underground mining and beneficiation at LaRonde,Biosphere (direct),Dinitrogen monoxide,,"('air',)",kilogram,,264.9728417289782,2.983301853265017,8881.864952384347
LaRonde (Doré),Underground mining and beneficiation at LaRonde,Biosphere (direct),"Carbon monoxide, fossil",,"('air', 'lower stratosphere + upper troposphere')",kilogram,,42.342870659617844,0.47673400672739175,8881.864952384347
LaRonde (Doré),Underground mining and beneficiation at LaRonde,Biosphere (direct),"Methane, fossil",,"('air', 'non-urban air or from high stacks')",kilogram,,4.602249613730746,0.05181625298744569,8881.864952384347
LaRonde (Doré),Underground mining and beneficiation at LaRonde,Technosphere (first-tier),"market for explosive, tovex","explosive, tovex",,kilogram,GLO,1225.3001087427253,13.795527350523296,8881.864952384347
LaRonde (Doré),Underground mining and beneficiation at LaRonde,Technosphere (first-tier),"market for electricity, medium voltage","electricity, medium voltage",,kilowatt hour,CA-QC,985.502927047546,11.095675652926772,8881.864952384347
LaRonde (Doré),Underground mining and beneficiation at LaRonde,Technosphere (first-tier),market for diesel,diesel,,kilogram,RoW,655.0370970610751,7.374995010312892,8881.864952384347
LaRonde (Doré),Underground mining and beneficiation at LaRonde,Technosphere (first-tier),"market for steel, low-alloyed","steel, low-alloyed",,kilogram,GLO,578.6369235779026,6.5148133492230915,8881.864952384347
LaRonde (Doré),Underground mining and beneficiation at LaRonde,Technosphere (first-tier),market for sodium cyanide,sodium cyanide,,kilogram,RoW,402.73979506632776,4.534405749529121,8881.864952384347
LaRonde (Doré),Underground mining and beneficiation at LaRonde,Technosphere (first-tier),"market for natural gas, high pressure","natural gas, high pressure",,cubic meter,CA,338.47353707979846,3.810838589579488,8881.864952384347
LaRonde (Doré),Underground mining and beneficiation at LaRonde,Technosphere (first-tier),"market for cement, unspecified","cement, unspecified",,kilogram,RoW,277.66569764171004,3.1262094068112396,8881.864952384347
LaRonde (Doré),Underground mining and beneficiation at LaRonde,Technosphere (first-tier),"market for sulfur dioxide, liquid","sulfur dioxide, liquid",,kilogram,RoW,31.195217996436423,0.35122373694797093,8881.864952384347
LaRonde (Doré),Underground mining and beneficiation at LaRonde,Technosphere (first-tier),"market for activated carbon, granular","activated carbon, granular",,kilogram,GLO,25.091277626088914,0.282500102856812,8881.864952384347
LaRonde (Doré),Underground mining and beneficiation at LaRonde,Technosphere (first-tier),market for lime,lime,,kilogram,RoW,20.123696744031182,0.22657062285808516,8881.864952384347
LaRonde (Doré),Underground mining and beneficiation at LaRonde,Technosphere (first-tier),market for polyacrylamide,polyacrylamide,,kilogram,GLO,15.829931116164259,0.1782275592010065,8881.864952384347
LaRonde (Doré),Underground mining and beneficiation at LaRonde,Technosphere (first-tier),market for light fuel oil,light fuel oil,,kilogram,RoW,13.329641268155079,0.15007705408284464,8881.864952384347
LaRonde (Doré),Underground mining and beneficiation at LaRonde,Technosphere (first-tier),"market for hydrochloric acid, without water, in 30% solution state","hydrochloric acid, without water, in 30% solution state",,kilogram,RoW,8.403415748990698,0.09461318984291459,8881.864952384347
LaRonde (Doré),Underground mining and beneficiation at LaRonde,Technosphere (first-tier),market for sodium bicarbonate,sodium bicarbonate,,kilogram,RoW,4.900982046282595,0.05517965058641114,8881.864952384347
LaRonde (Doré),Underground mining and beneficiation at LaRonde,Technosphere (first-tier),"market for sulfidic tailings, from gold mine operation","sulfidic tailings, from gold mine operation",,kilogram,CA,-0.0,-0.0,8881.864952384347
LaRonde (Zn),Underground mining and beneficiation at LaRonde,Biosphere (direct),"Carbon dioxide, fossil",,"('air', 'non-urban air or from high stacks')",kilogram,,0.1777361523986652,40.18273552421247,0.4423196929725421
LaRonde (Zn),Underground mining and beneficiation at LaRonde,Biosphere (direct),"Carbon dioxide, from soil or biomass stock",,"('air', 'low population density, long-term')",kilogram,,0.02085340904771841,4.7145558696643715,0.4423196929725421
LaRonde (Zn),Underground mining and beneficiation at LaRonde,Biosphere (direct),Dinitrogen monoxide,,"('air',)",kilogram,,0.013195731503024026,2.9833018318366347,0.4423196929725421
LaRonde (Zn),Underground mining and beneficiation at LaRonde,Biosphere (direct),"Carbon monoxide, fossil",,"('air', 'lower stratosphere + upper troposphere')",kilogram,,0.0021086883797061,0.476734003303127,0.4423196929725421
LaRonde (Zn),Underground mining and beneficiation at LaRonde,Biosphere (direct),"Methane, fossil",,"('air', 'non-urban air or from high stacks')",kilogram,,0.00022919348947780265,0.05181625261528437,0.4423196929725421
LaRonde (Zn),Underground mining and beneficiation at LaRonde,Technosphere (first-tier),"market for explosive, tovex","explosive, tovex",,kilogram,GLO,0.06102033378248248,13.795527251433148,0.4423196929725421
LaRonde (Zn),Underground mining and beneficiation at LaRonde,Technosphere (first-tier),"market for electricity, medium voltage","electricity, medium voltage",,kilowatt hour,CA-QC,0.049078358128736066,11.095675573229045,0.4423196929725421
LaRonde (Zn),Underground mining and beneficiation at LaRonde,Technosphere (first-tier),market for diesel,diesel,,kilogram,RoW,0.032621055052046634,7.374994957339974,0.4423196929725421
LaRonde (Zn),Underground mining and beneficiation at LaRonde,Technosphere (first-tier),"market for steel, low-alloyed","steel, low-alloyed",,kilogram,GLO,0.028816302197036726,6.5148133024286485,0.4423196929725421
LaRonde (Zn),Underground mining and beneficiation at LaRonde,Technosphere (first-tier),market for sodium cyanide,sodium cyanide,,kilogram,RoW,0.020056569445384323,4.534405716959425,0.4423196929725421
LaRonde (Zn),Underground mining and beneficiation at LaRonde,Technosphere (first-tier),"market for natural gas, high pressure","natural gas, high pressure",,cubic meter,CA,0.01685608942803367,3.8108385622070973,0.4423196929725421
LaRonde (Zn),Underground mining and beneficiation at LaRonde,Technosphere (first-tier),"market for cement, unspecified","cement, unspecified",,kilogram,RoW,0.013827839750563934,3.1262093843563794,0.4423196929725421
LaRonde (Zn),Underground mining and beneficiation at LaRonde,Technosphere (first-tier),"market for sulfur dioxide, liquid","sulfur dioxide, liquid",,kilogram,RoW,0.001553531743756258,0.35122373442520377,0.4423196929725421
LaRonde (Zn),Underground mining and beneficiation at LaRonde,Technosphere (first-tier),"market for activated carbon, granular","activated carbon, granular",,kilogram,GLO,0.0012495535786280743,0.2825001008276706,0.4423196929725421
LaRonde (Zn),Underground mining and beneficiation at LaRonde,Technosphere (first-tier),market for lime,lime,,kilogram,RoW,0.0010021664761935179,0.2265706212306784,0.4423196929725421
LaRonde (Zn),Underground mining and beneficiation at LaRonde,Technosphere (first-tier),market for polyacrylamide,polyacrylamide,,kilogram,GLO,0.0007883355869878598,0.1782275579208266,0.4423196929725421
LaRonde (Zn),Underground mining and beneficiation at LaRonde,Technosphere (first-tier),market for light fuel oil,light fuel oil,,kilogram,RoW,0.0006638203600734024,0.150077053004875,0.4423196929725421
LaRonde (Zn),Underground mining and beneficiation at LaRonde,Technosphere (first-tier),"market for hydrochloric acid, without water, in 30% solution state","hydrochloric acid, without water, in 30% solution state",,kilogram,RoW,0.00041849276781869563,0.09461318916331281,0.4423196929725421
LaRonde (Zn),Underground mining and beneficiation at LaRonde,Technosphere (first-tier),market for sodium bicarbonate,sodium bicarbonate,,kilogram,RoW,0.00024407045930391032,0.055179650190040605,0.4423196929725421
LaRonde (Zn),Underground mining and beneficiation at LaRonde,Technosphere (first-tier),"market for sulfidic tailings, from gold mine operation","sulfidic tailings, from gold mine operation",,kilogram,CA,-0.0,-0.0,0.4423196929725421
Macassa,Underground mining and beneficiation at Macassa,Biosphere (direct),"Carbon dioxide, fossil",,"('air', 'non-urban air or from high stacks')",kilogram,,3469.908375248427,10.758625550486233,32252.338916020788
Macassa,Underground mining and beneficiation at Macassa,Biosphere (direct),"Carbon dioxide, from soil or biomass stock",,"('air', 'low population density, long-term')",kilogram,,278.77334377943106,0.8643507824511768,32252.338916020788
Macassa,Underground mining and beneficiation at Macassa,Biosphere (direct),"Carbon monoxide, fossil",,"('air', 'lower stratosphere + upper troposphere')",kilogram,,82.47727682686072,0.2557249477057044,32252.338916020788
Macassa,Underground mining and beneficiation at Macassa,Biosphere (direct),Dinitrogen monoxide,,"('air',)",kilogram,,14.931001527833189,0.04629432168225317,32252.338916020788
Macassa,Underground mining and beneficiation at Macassa,Biosphere (direct),"Methane, fossil",,"('air', 'non-urban air or from high stacks')",kilogram,,6.228854756938002,0.019312877658754623,32252.338916020788
Macassa,Underground mining and beneficiation at Macassa,Technosphere (first-tier),"market for explosive, tovex","explosive, tovex",,kilogram,GLO,26021.868425426546,80.6821126777278,32252.338916020788
Macassa,Underground mining and beneficiation at Macassa,Technosphere (first-tier),"market for electricity, medium voltage","electricity, medium voltage",,kilowatt hour,CA-ON,873.2934287830235,2.7076902269225203,32252.338916020788
Macassa,Underground mining and beneficiation at Macassa,Technosphere (first-tier),market for diesel,diesel,,kilogram,RoW,705.3875077821842,2.187089468515399,32252.338916020788
Macassa,Underground mining and beneficiation at Macassa,Technosphere (first-tier),"market for steel, low-alloyed","steel, low-alloyed",,kilogram,GLO,274.85261685211645,0.852194371291281,32252.338916020788
Macassa,Underground mining and beneficiation at Macassa,Technosphere (first-tier),market for sodium cyanide,sodium cyanide,,kilogram,RoW,191.30145705187164,0.5931397953803776,32252.338916020788
Macassa,Underground mining and beneficiation at Macassa,Technosphere (first-tier),"market for cement, unspecified","cement, unspecified",,kilogram,RoW,131.89124388225784,0.4089354394596888,32252.338916020788
Macassa,Underground mining and beneficiation at Macassa,Technosphere (first-tier),"market for natural gas, high pressure","natural gas, high pressure",,cubic meter,CA,104.34433764971266,0.3235248703091156,32252.338916020788
Macassa,Underground mining and beneficiation at Macassa,Technosphere (first-tier),market for liquefied petroleum gas,liquefied petroleum gas,,kilogram,RoW,46.946480265614476,0.14555992477895807,32252.338916020788
Macassa,Underground mining and beneficiation at Macassa,Technosphere (first-tier),"market for sulfur dioxide, liquid","sulfur dioxide, liquid",,kilogram,RoW,14.8177327616364,0.04594312617208654,32252.338916020788
Macassa,Underground mining and beneficiation at Macassa,Technosphere (first-tier),"market for activated carbon, granular","activated carbon, granular",,kilogram,GLO,11.918360261303004,0.036953475815618336,32252.338916020788
Macassa,Underground mining and beneficiation at Macassa,Technosphere (first-tier),market for lime,lime,,kilogram,RoW,9.558758671387709,0.029637412332410913,32252.338916020788
Macassa,Underground mining and beneficiation at Macassa,Technosphere (first-tier),market for polyacrylamide,polyacrylamide,,kilogram,GLO,7.5192194182207635,0.023313718232341043,32252.338916020788
Macassa,Underground mining and beneficiation at Macassa,Technosphere (first-tier),"market for hydrochloric acid, without water, in 30% solution state","hydrochloric acid, without water, in 30% solution state",,kilogram,RoW,3.991623615763647,0.01237622991051008,32252.338916020788
Macassa,Underground mining and beneficiation at Macassa,Technosphere (first-tier),market for sodium bicarbonate,sodium bicarbonate,,kilogram,RoW,2.327967133927043,0.007217979260321693,32252.338916020788
Macassa,Underground mining and beneficiation at Macassa,Technosphere (first-tier),"market for sulfidic tailings, from gold mine operation","sulfidic tailings, from gold mine operation",,kilogram,CA,-0.0,-0.0,32252.338916020788
Market for Cu concentrate,Market for Cu concentrate,Technosphere (first-tier),Open-pit mining and beneficiation at Highland Valley,Cu concentrate,,kilogram,CA-BC,0.3991857882986544,25.69329991080529,1.5536571389600964
Market for Cu concentrate,Market for Cu concentrate,Technosphere (first-tier),Open-pit mining and beneficiation at Gibraltar,Cu concentrate,,kilogram,CA-BC,0.36280088704149366,23.35141247986836,1.5536571389600964
Market for Cu concentrate,Market for Cu concentrate,Technosphere (first-tier),Open-pit mining and beneficiation at Mount Milligan,Cu concentrate,,kilogram,CA-BC,0.1941251014983416,12.494719499585003,1.5536571389600964
Market for Cu concentrate,Market for Cu concentrate,Technosphere (first-tier),Open-pit mining and beneficiation at Red Chris,Cu concentrate,,kilogram,CA-BC,0.1747142914507244,11.245356975456327,1.5536571389600964
Market for Cu concentrate,Market for Cu concentrate,Technosphere (first-tier),Open-pit mining and beneficiation at Copper Mountain,Cu concentrate,,kilogram,CA-BC,0.14831359488869147,9.546095542544327,1.5536571389600964
Market for Cu concentrate,Market for Cu concentrate,Technosphere (first-tier),Open-pit mining and beneficiation at Mount Polley,Cu concentrate,,kilogram,CA-BC,0.1083979552611615,6.976954731062164,1.5536571389600964
Market for Cu concentrate,Market for Cu concentrate,Technosphere (first-tier),Underground mining and beneficiation at Snow Lake,Cu concentrate,,kilogram,CA-MB,0.07608619627359928,4.897232109043426,1.5536571389600964
Market for Cu concentrate,Market for Cu concentrate,Technosphere (first-tier),Underground mining and beneficiation at New Afton,Cu concentrate,,kilogram,CA-BC,0.045997916514237056,2.9606220935607883,1.5536571389600964
Market for Cu concentrate,Market for Cu concentrate,Technosphere (first-tier),Underground mining and beneficiation at Kidd Creek,Cu concentrate,,kilogram,CA-ON,0.03288194056872668,2.1164219404762257,1.5536571389600964
Market for Cu concentrate,Market for Cu concentrate,Technosphere (first-tier),Underground mining and beneficiation at LaRonde,Cu concentrate,,kilogram,CA-QC,0.010829888674125114,0.6970578258581455,1.5536571389600964
Market for Cu concentrate,Market for Cu concentrate,Technosphere (first-tier),Underground mining and beneficiation at Goldex,Cu concentrate,,kilogram,CA-QC,0.0003235642866697164,0.020825977531071394,1.5536571389600964
Market for Doré,Market for Doré,Technosphere (first-tier),Open-pit mining and beneficiation at Detour Lake,Doré,,kilogram,CA-ON,3826.4014460324497,18.840248449546355,20309.718612678826
Market for Doré,Market for Doré,Technosphere (first-tier),Open-pit mining and beneficiation at Canadian Malartic,Doré,,kilogram,CA-QC,2335.716993944833,11.500489191842895,20309.718612678826
Market for Doré,Market for Doré,Technosphere (first-tier),Open-pit and underground mining at Meadowbank complex,Doré,,kilogram,CA-NU,2267.1667070625576,11.162964639240371,20309.718612678826
Market for Doré,Market for Doré,Technosphere (first-tier),Underground mining and beneficiation at Snow Lake,Doré,,kilogram,CA-MB,2026.0779946110563,9.97590381851095,20309.718612678826
Market for Doré,Market for Doré,Technosphere (first-tier),Open-pit and underground mining and beneficiation at Rainy River,Doré,,kilogram,CA-ON,2025.825052039807,9.974658392239553,20309.718612678826
Market for Doré,Market for Doré,Technosphere (first-tier),Underground mining and beneficiation at Macassa,Doré,,kilogram,CA-ON,1085.864275198761,5.346525453685431,20309.718612678826
Market for Doré,Market for Doré,Technosphere (first-tier),Open-pit and underground mining and beneficiation at Meliadine,Doré,,kilogram,CA-NU,950.6183489448658,4.6806081712595455,20309.718612678826
Market for Doré,Market for Doré,Technosphere (first-tier),Open-pit and underground mining at Porcupine complex,Doré,,kilogram,CA-ON,882.4658763167566,4.345042357041108,20309.718612678826
Market for Doré,Market for Doré,Technosphere (first-tier),Underground mining and beneficiation at Timmins Operation,Doré,,kilogram,CA-ON,812.6961417657584,4.001513547599884,20309.718612678826
Market for Doré,Market for Doré,Technosphere (first-tier),Underground mining and beneficiation at Éléonore,Doré,,kilogram,CA-QC,498.59174087543016,2.454941648301185,20309.718612678826
Market for Doré,Market for Doré,Technosphere (first-tier),Underground mining and beneficiation at LaRonde,Doré,,kilogram,CA-QC,404.1450688902108,1.9899097402458032,20309.718612678826
Market for Doré,Market for Doré,Technosphere (first-tier),Underground mining and beneficiation at Musselwhite,Doré,,kilogram,CA-ON,381.03747403290885,1.8761336939204916,20309.718612678826
Market for Doré,Market for Doré,Technosphere (first-tier),Underground mining and beneficiation at Goldex,Doré,,kilogram,CA-QC,363.97393190468966,1.7921170590589584,20309.718612678826
Market for Doré,Market for Doré,Technosphere (first-tier),Underground mining and beneficiation at Seabee Gold Operation,Doré,,kilogram,CA-SK,352.25672211072333,1.7344244340776769,20309.718612678826
Market for Doré,Market for Doré,Technosphere (first-tier),Open-pit and underground mining and beneficiation at Casa Berardi,Doré,,kilogram,CA-QC,304.65590285216246,1.5000498463921295,20309.718612678826
Market for Doré,Market for Doré,Technosphere (first-tier),Underground mining and beneficiation at Red Lake,Doré,,kilogram,CA-ON,300.4245037596388,1.4792154903224097,20309.718612678826
Market for Doré,Market for Doré,Technosphere (first-tier),Open-pit and underground mining and beneficiation at Hemlo (Williams),Doré,,kilogram,CA-ON,269.16173213033227,1.3252853831382068,20309.718612678826
Market for Doré,Market for Doré,Technosphere (first-tier),Underground mining and beneficiation at Westwood-Doyon,Doré,,kilogram,CA-QC,268.6242195096621,1.3226388047639765,20309.718612678826
Market for Doré,Market for Doré,Technosphere (first-tier),Underground mining and beneficiation at Brucejack,Doré,,kilogram,CA-BC,242.57157260241303,1.1943620550753566,20309.718612678826
Market for Doré,Market for Doré,Technosphere (first-tier),Underground mining and beneficiation at Island,Doré,,kilogram,CA-ON,193.95284397506444,0.9549755349834574,20309.718612678826
Market for Doré,Market for Doré,Technosphere (first-tier),Underground mining and beneficiation at Lamaque,Doré,,kilogram,CA-QC,188.45934022062877,0.9279268896565536,20309.718612678826
Market for Doré,Market for Doré,Technosphere (first-tier),Underground mining and beneficiation at Eagle River,Doré,,kilogram,CA-ON,144.98302204899608,0.7138603188647181,20309.718612678826
Market for Doré,Market for Doré,Technosphere (first-tier),Open-pit mining and beneficiation at Magino,Doré,,kilogram,CA-ON,73.73482391925775,0.3630519227047638,20309.718612678826
Market for Doré,Market for Doré,Technosphere (first-tier),Open-pit and underground mining and beneficiation at Fox Complex,Doré,,kilogram,CA-ON,53.94922572923032,0.26563256122884554,20309.718612678826
Market for Doré,Market for Doré,Technosphere (first-tier),Open-pit mining and beneficiation at Kiena,Doré,,kilogram,CA-QC,52.49822054880024,0.2584881728298637,20309.718612678826
Market for Doré,Market for Doré,Technosphere (first-tier),Open-pit mining at Elk,Doré,,kilogram,CA-BC,3.8654062930620667,0.019032298609243138,20309.718612678826
Market for Mo concentrate,Market for Mo concentrate,Technosphere (first-tier),Open-pit mining and beneficiation at Gibraltar,Mo concentrate,,kilogram,CA-BC,2.9377218741192794,50.343350961986545,5.835372135513001
Market for Mo concentrate,Market for Mo concentrate,Technosphere (first-tier),Open-pit mining and beneficiation at Highland Valley,Mo concentrate,,kilogram,CA-BC,2.897650284238911,49.656649429508434,5.835372135513001
Market for Ni concentrate,Market for Ni concentrate,Technosphere (first-tier),Open-pit and underground mining and beneficiation at Nunavik Nickel,Ni concentrate,,kilogram,CA-QC,0.47318717764082374,41.57259430198063,1.1382190252636695
Market for Ni concentrate,Market for Ni concentrate,Technosphere (first-tier),Open-pit and underground mining and beneficiation at Voisey’s Bay,Ni concentrate,,kilogram,CA-NF,0.3100218342002066,27.23744967524065,1.1382190252636695
Market for Ni concentrate,Market for Ni concentrate,Technosphere (first-tier),Underground mining and beneficiation at Raglan,Ni concentrate,,kilogram,CA-QC,0.29502994591708315,25.920314049287583,1.1382190252636695
Market for Ni concentrate,Market for Ni concentrate,Technosphere (first-tier),Open-pit and underground mining and beneficiation at Thompson (T-1 and T-3),Ni concentrate,,kilogram,CA-MB,0.05998006026169308,5.2696413370703095,1.1382190252636695
Market for U concentrate,Market for U concentrate,Technosphere (first-tier),Underground mining and beneficiation at Key Lake + McArthur River,U concentrate,,kilogram,CA-SK,12.286612622969816,57.781236095067,21.264018309948842
Market for U concentrate,Market for U concentrate,Technosphere (first-tier),Underground mining and beneficiation at Cigar Lake + McClean Lake,U concentrate,,kilogram,CA-SK,8.977405163601222,42.21876144360234,21.264018309948842
Market for Zn concentrate,Market for Zn concentrate,Technosphere (first-tier),Underground mining and beneficiation at Snow Lake,Zn concentrate,,kilogram,CA-MB,0.27750172081360347,71.01393201569333,0.3907708148765492
Market for Zn concentrate,Market for Zn concentrate,Technosphere (first-tier),Underground mining and beneficiation at Kidd Creek,Zn concentrate,,kilogram,CA-ON,0.07186416438337044,18.39036121622171,0.3907708148765492
Market for Zn concentrate,Market for Zn concentrate,Technosphere (first-tier),Underground mining and beneficiation at LaRonde,Zn concentrate,,kilogram,CA-QC,0.04140493277119718,10.59570755924484,0.3907708148765492
Meadowbank complex,Open-pit and underground mining at Meadowbank complex,Biosphere (direct),"Carbon dioxide, fossil",,"('air', 'non-urban air or from high stacks')",kilogram,,14134.204890147968,51.12625023709574,27645.690471335594
Meadowbank complex,Open-pit and underground mining at Meadowbank complex,Biosphere (direct),"Carbon monoxide, fossil",,"('air', 'lower stratosphere + upper troposphere')",kilogram,,423.7180697510392,1.5326731310631247,27645.690471335594
Meadowbank complex,Open-pit and underground mining at Meadowbank complex,Biosphere (direct),Dinitrogen monoxide,,"('air',)",kilogram,,177.69106867026713,0.6427441877586886,27645.690471335594
Meadowbank complex,Open-pit and underground mining at Meadowbank complex,Biosphere (direct),"Methane, fossil",,"('air', 'non-urban air or from high stacks')",kilogram,,12.735557195960707,0.04606706137133944,27645.690471335594
Meadowbank complex,Open-pit and underground mining at Meadowbank complex,Technosphere (first-tier),"market for explosive, tovex","explosive, tovex",,kilogram,GLO,5862.916190856817,21.20734223272801,27645.690471335594
Meadowbank complex,Open-pit and underground mining at Meadowbank complex,Technosphere (first-tier),market for diesel,diesel,,kilogram,RoW,4646.930108197486,16.808877003870283,27645.690471335594
Meadowbank complex,Open-pit and underground mining at Meadowbank complex,Technosphere (first-tier),"market for steel, low-alloyed","steel, low-alloyed",,kilogram,GLO,981.9099170154578,3.551764851138553,27645.690471335594
Meadowbank complex,Open-pit and underground mining at Meadowbank complex,Technosphere (first-tier),market for sodium cyanide,sodium cyanide,,kilogram,RoW,683.4237198469411,2.4720804877546767,27645.690471335594
Meadowbank complex,Open-pit and underground mining at Meadowbank complex,Technosphere (first-tier),"market for cement, unspecified","cement, unspecified",,kilogram,RoW,471.18096170491697,1.7043559183065458,27645.690471335594
Meadowbank complex,Open-pit and underground mining at Meadowbank complex,Technosphere (first-tier),market for light fuel oil,light fuel oil,,kilogram,RoW,54.2906132023907,0.19638002262479887,27645.690471335594
Meadowbank complex,Open-pit and underground mining at Meadowbank complex,Technosphere (first-tier),"market for sulfur dioxide, liquid","sulfur dioxide, liquid",,kilogram,RoW,52.93629332321051,0.19148117634499834,27645.690471335594
Meadowbank complex,Open-pit and underground mining at Meadowbank complex,Technosphere (first-tier),"market for activated carbon, granular","activated carbon, granular",,kilogram,GLO,42.57829621259525,0.1540142260391091,27645.690471335594
Meadowbank complex,Open-pit and underground mining at Meadowbank complex,Technosphere (first-tier),market for lime,lime,,kilogram,RoW,34.14862860426436,0.12352242979668507,27645.690471335594
Meadowbank complex,Open-pit and underground mining at Meadowbank complex,Technosphere (first-tier),market for polyacrylamide,polyacrylamide,,kilogram,GLO,26.862382463466503,0.09716661803516441,27645.690471335594
Meadowbank complex,Open-pit and underground mining at Meadowbank complex,Technosphere (first-tier),market for lubricating oil,lubricating oil,,kilogram,RoW,17.260281448533807,0.06243389531699384,27645.690471335594
Meadowbank complex,Open-pit and underground mining at Meadowbank complex,Technosphere (first-tier),"market for hydrochloric acid, without water, in 30% solution state","hydrochloric acid, without water, in 30% solution state",,kilogram,RoW,14.260060021259518,0.051581493455716165,27645.690471335594
Meadowbank complex,Open-pit and underground mining at Meadowbank complex,Technosphere (first-tier),market for sodium bicarbonate,sodium bicarbonate,,kilogram,RoW,8.316653635933589,0.030083002067019103,27645.690471335594
Meadowbank complex,Open-pit and underground mining at Meadowbank complex,Technosphere (first-tier),market for propane,propane,,kilogram,GLO,0.32636346898925606,0.0011805220395115315,27645.690471335594
Meadowbank complex,Open-pit and underground mining at Meadowbank complex,Technosphere (first-tier),"market for sulfidic tailings, from gold mine operation","sulfidic tailings, from gold mine operation",,kilogram,CA,-0.0,-0.0,27645.690471335594
Meliadine,Open-pit and underground mining and beneficiation at Meliadine,Biosphere (direct),"Carbon dioxide, fossil",,"('air', 'non-urban air or from high stacks')",kilogram,,10904.154221964412,66.09684701422938,16497.238090066472
Meliadine,Open-pit and underground mining and beneficiation at Meliadine,Biosphere (direct),"Carbon monoxide, fossil",,"('air', 'lower stratosphere + upper troposphere')",kilogram,,362.42289684534154,2.196870135877885,16497.238090066472
Meliadine,Open-pit and underground mining and beneficiation at Meliadine,Biosphere (direct),Dinitrogen monoxide,,"('air',)",kilogram,,207.1537628587893,1.2556875382887478,16497.238090066472
Meliadine,Open-pit and underground mining and beneficiation at Meliadine,Biosphere (direct),"Methane, fossil",,"('air', 'non-urban air or from high stacks')",kilogram,,18.745193643724832,0.11362625393041959,16497.238090066472
Meliadine,Open-pit and underground mining and beneficiation at Meliadine,Biosphere (direct),"Carbon dioxide, from soil or biomass stock",,"('air', 'low population density, long-term')",kilogram,,9.076646708145399,0.055019189627933805,16497.238090066472
Meliadine,Open-pit and underground mining and beneficiation at Meliadine,Technosphere (first-tier),"market for explosive, tovex","explosive, tovex",,kilogram,GLO,3350.639278368005,20.310304428385102,16497.238090066472
Meliadine,Open-pit and underground mining and beneficiation at Meliadine,Technosphere (first-tier),"market for steel, low-alloyed","steel, low-alloyed",,kilogram,GLO,697.5622568008673,4.228357819609165,16497.238090066472
Meliadine,Open-pit and underground mining and beneficiation at Meliadine,Technosphere (first-tier),market for sodium cyanide,sodium cyanide,,kilogram,RoW,485.5135731969298,2.9429991283769703,16497.238090066472
Meliadine,Open-pit and underground mining and beneficiation at Meliadine,Technosphere (first-tier),"market for cement, unspecified","cement, unspecified",,kilogram,RoW,334.73341017627246,2.0290269701437262,16497.238090066472
Meliadine,Open-pit and underground mining and beneficiation at Meliadine,Technosphere (first-tier),"market for sulfur dioxide, liquid","sulfur dioxide, liquid",,kilogram,RoW,37.60666798177382,0.2279573573252727,16497.238090066472
Meliadine,Open-pit and underground mining and beneficiation at Meliadine,Technosphere (first-tier),"market for activated carbon, granular","activated carbon, granular",,kilogram,GLO,30.248204934186635,0.18335314535103953,16497.238090066472
Meliadine,Open-pit and underground mining and beneficiation at Meliadine,Technosphere (first-tier),market for lime,lime,,kilogram,RoW,24.259653582325814,0.14705281847713253,16497.238090066472
Meliadine,Open-pit and underground mining and beneficiation at Meliadine,Technosphere (first-tier),market for polyacrylamide,polyacrylamide,,kilogram,GLO,19.083404505393894,0.11567635989253643,16497.238090066472
Meliadine,Open-pit and underground mining and beneficiation at Meliadine,Technosphere (first-tier),"market for hydrochloric acid, without water, in 30% solution state","hydrochloric acid, without water, in 30% solution state",,kilogram,RoW,10.130541995930383,0.06140750312641917,16497.238090066472
Meliadine,Open-pit and underground mining and beneficiation at Meliadine,Technosphere (first-tier),market for sodium bicarbonate,sodium bicarbonate,,kilogram,RoW,5.908264677625865,0.0358136595069415,16497.238090066472
Meliadine,Open-pit and underground mining and beneficiation at Meliadine,Technosphere (first-tier),"market for sulfidic tailings, from gold mine operation","sulfidic tailings, from gold mine operation",,kilogram,CA,-0.0,-0.0,16497.238090066472
Mount Milligan,Open-pit mining and beneficiation at Mount Milligan,Biosphere (direct),"Carbon dioxide, fossil",,"('air', 'non-urban air or from high stacks')",kilogram,,0.7750362102807,39.7737308263941,1.9486133037496727
Mount Milligan,Open-pit mining and beneficiation at Mount Milligan,Biosphere (direct),"Carbon dioxide, from soil or biomass stock",,"('air', 'low population density, long-term')",kilogram,,0.08895702384723055,4.565145053461995,1.9486133037496727
Mount Milligan,Open-pit mining and beneficiation at Mount Milligan,Biosphere (direct),"Carbon monoxide, fossil",,"('air', 'lower stratosphere + upper troposphere')",kilogram,,0.012624883024756554,0.6478906307610021,1.9486133037496727
Mount Milligan,Open-pit mining and beneficiation at Mount Milligan,Technosphere (first-tier),"market for steel, low-alloyed","steel, low-alloyed",,kilogram,GLO,0.5658910393379254,29.040704907894966,1.9486133037496727
Mount Milligan,Open-pit mining and beneficiation at Mount Milligan,Technosphere (first-tier),market for diesel,diesel,,kilogram,RoW,0.20686135676953124,10.615823897510737,1.9486133037496727
Mount Milligan,Open-pit mining and beneficiation at Mount Milligan,Technosphere (first-tier),market for polyacrylamide,polyacrylamide,,kilogram,GLO,0.11627142754900317,5.966880515762911,1.9486133037496727
Mount Milligan,Open-pit mining and beneficiation at Mount Milligan,Technosphere (first-tier),"market for electricity, medium voltage","electricity, medium voltage",,kilowatt hour,CA-BC,0.08085669548274044,4.149447985762476,1.9486133037496727
Mount Milligan,Open-pit mining and beneficiation at Mount Milligan,Technosphere (first-tier),"market for explosive, tovex","explosive, tovex",,kilogram,GLO,0.06323140220488073,3.2449435751673237,1.9486133037496727
Mount Milligan,Open-pit mining and beneficiation at Mount Milligan,Technosphere (first-tier),market for lime,lime,,kilogram,RoW,0.017266619484135957,0.8860977932825457,1.9486133037496727
Mount Milligan,Open-pit mining and beneficiation at Mount Milligan,Technosphere (first-tier),"market for chemical, organic","chemical, organic",,kilogram,GLO,0.012026543408545778,0.6171847120926133,1.9486133037496727
Mount Milligan,Open-pit mining and beneficiation at Mount Milligan,Technosphere (first-tier),market for propane,propane,,kilogram,GLO,0.005964766770106548,0.3061031533875234,1.9486133037496727
Mount Milligan,Open-pit mining and beneficiation at Mount Milligan,Technosphere (first-tier),market for sodium bicarbonate,sodium bicarbonate,,kilogram,RoW,0.0036253128389065747,0.18604578096282454,1.9486133037496727
Mount Milligan,Open-pit mining and beneficiation at Mount Milligan,Technosphere (first-tier),"market for sulfidic tailings, from copper mine operation","sulfidic tailings, from copper mine operation",,kilogram,CA,-0.0,-0.0,1.9486133037496727
Mount Polley,Open-pit mining and beneficiation at Mount Polley,Biosphere (direct),"Carbon dioxide, fossil",,"('air', 'non-urban air or from high stacks')",kilogram,,1.0428760798406145,46.704527233756274,2.2329228912242645
Mount Polley,Open-pit mining and beneficiation at Mount Polley,Biosphere (direct),"Carbon dioxide, from soil or biomass stock",,"('air', 'low population density, long-term')",kilogram,,0.14422310490770004,6.458937989955647,2.2329228912242645
Mount Polley,Open-pit mining and beneficiation at Mount Polley,Biosphere (direct),"Carbon monoxide, fossil",,"('air', 'lower stratosphere + upper troposphere')",kilogram,,0.0739041372579374,3.3097487400210817,2.2329228912242645
Mount Polley,Open-pit mining and beneficiation at Mount Polley,Biosphere (direct),Dinitrogen monoxide,,"('air',)",kilogram,,0.04153120555655982,1.8599480402921185,2.2329228912242645
Mount Polley,Open-pit mining and beneficiation at Mount Polley,Biosphere (direct),"Methane, fossil",,"('air', 'non-urban air or from high stacks')",kilogram,,0.002301635354339831,0.1030772429888026,2.2329228912242645
Mount Polley,Open-pit mining and beneficiation at Mount Polley,Technosphere (first-tier),"market for steel, low-alloyed","steel, low-alloyed",,kilogram,GLO,0.3186182278972846,14.269110194064648,2.2329228912242645
Mount Polley,Open-pit mining and beneficiation at Mount Polley,Technosphere (first-tier),market for diesel,diesel,,kilogram,RoW,0.27241725088927704,12.200029475263985,2.2329228912242645
Mount Polley,Open-pit mining and beneficiation at Mount Polley,Technosphere (first-tier),"market for electricity, medium voltage","electricity, medium voltage",,kilowatt hour,CA-BC,0.1323648482019151,5.927873672760023,2.2329228912242645
Mount Polley,Open-pit mining and beneficiation at Mount Polley,Technosphere (first-tier),"market for explosive, tovex","explosive, tovex",,kilogram,GLO,0.11952367988530854,5.352790298091136,2.2329228912242645
Mount Polley,Open-pit mining and beneficiation at Mount Polley,Technosphere (first-tier),market for polyacrylamide,polyacrylamide,,kilogram,GLO,0.06546524617900618,2.931818489402156,2.2329228912242645
Mount Polley,Open-pit mining and beneficiation at Mount Polley,Technosphere (first-tier),market for lime,lime,,kilogram,RoW,0.009721765003115553,0.43538292528253475,2.2329228912242645
Mount Polley,Open-pit mining and beneficiation at Mount Polley,Technosphere (first-tier),"market for chemical, organic","chemical, organic",,kilogram,GLO,0.0067714024117500665,0.30325285473863584,2.2329228912242645
Mount Polley,Open-pit mining and beneficiation at Mount Polley,Technosphere (first-tier),market for sodium bicarbonate,sodium bicarbonate,,kilogram,RoW,0.002041189331531195,0.0914133371803114,2.2329228912242645
Mount Polley,Open-pit mining and beneficiation at Mount Polley,Technosphere (first-tier),"market for natural gas, high pressure","natural gas, high pressure",,cubic meter,CA,0.000802168164920196,0.0359245797547619,2.2329228912242645
Mount Polley,Open-pit mining and beneficiation at Mount Polley,Technosphere (first-tier),market for liquefied petroleum gas,liquefied petroleum gas,,kilogram,RoW,0.000360910546488405,0.016163144186789425,2.2329228912242645
Mount Polley,Open-pit mining and beneficiation at Mount Polley,Technosphere (first-tier),"market for sulfidic tailings, from copper mine operation","sulfidic tailings, from copper mine operation",,kilogram,CA,-0.0,-0.0,2.2329228912242645
Musselwhite,Underground mining and beneficiation at Musselwhite,Biosphere (direct),"Carbon dioxide, fossil",,"('air', 'non-urban air or from high stacks')",kilogram,,6389.863544474273,44.46906604727233,14369.232620450366
Musselwhite,Underground mining and beneficiation at Musselwhite,Biosphere (direct),"Carbon monoxide, fossil",,"('air', 'lower stratosphere + upper troposphere')",kilogram,,310.8583976753234,2.163361161214052,14369.232620450366
Musselwhite,Underground mining and beneficiation at Musselwhite,Biosphere (direct),Dinitrogen monoxide,,"('air',)",kilogram,,55.40799882112227,0.38560165518000816,14369.232620450366
Musselwhite,Underground mining and beneficiation at Musselwhite,Biosphere (direct),"Methane, fossil",,"('air', 'non-urban air or from high stacks')",kilogram,,8.489306823275188,0.0590797507947165,14369.232620450366
Musselwhite,Underground mining and beneficiation at Musselwhite,Biosphere (direct),"Carbon dioxide, from soil or biomass stock",,"('air', 'low population density, long-term')",kilogram,,0.0,0.0,14369.232620450366
Musselwhite,Underground mining and beneficiation at Musselwhite,Technosphere (first-tier),"market for electricity, medium voltage","electricity, medium voltage",,kilowatt hour,CA-ON,2022.3052274810202,14.07385683632726,14369.232620450366
Musselwhite,Underground mining and beneficiation at Musselwhite,Technosphere (first-tier),"market for cement, unspecified","cement, unspecified",,kilogram,RoW,1400.4866632027472,9.746426271988716,14369.232620450366
Musselwhite,Underground mining and beneficiation at Musselwhite,Technosphere (first-tier),market for diesel,diesel,,kilogram,RoW,1090.9690356993065,7.592395951239829,14369.232620450366
Musselwhite,Underground mining and beneficiation at Musselwhite,Technosphere (first-tier),market for propane,propane,,kilogram,GLO,987.3683222155474,6.871406068061837,14369.232620450366
Musselwhite,Underground mining and beneficiation at Musselwhite,Technosphere (first-tier),"market for explosive, tovex","explosive, tovex",,kilogram,GLO,789.6946478359223,5.495732922522423,14369.232620450366
Musselwhite,Underground mining and beneficiation at Musselwhite,Technosphere (first-tier),"market for steel, low-alloyed","steel, low-alloyed",,kilogram,GLO,545.9430671603814,3.7993891642020774,14369.232620450366
Musselwhite,Underground mining and beneficiation at Musselwhite,Technosphere (first-tier),market for sodium cyanide,sodium cyanide,,kilogram,RoW,497.30297168700884,3.4608874727189307,14369.232620450366
Musselwhite,Underground mining and beneficiation at Musselwhite,Technosphere (first-tier),market for kerosene,kerosene,,kilogram,RoW,94.06699413104768,0.6546417377722109,14369.232620450366
Musselwhite,Underground mining and beneficiation at Musselwhite,Technosphere (first-tier),market for lubricating oil,lubricating oil,,kilogram,RoW,92.32423279284254,0.6425133146041926,14369.232620450366
Musselwhite,Underground mining and beneficiation at Musselwhite,Technosphere (first-tier),market for synthetic rubber,synthetic rubber,,kilogram,GLO,58.76998629248377,0.4089987812490559,14369.232620450366
Musselwhite,Underground mining and beneficiation at Musselwhite,Technosphere (first-tier),market for lime,lime,,kilogram,RoW,13.557944563360252,0.0943539917647691,14369.232620450366
Musselwhite,Underground mining and beneficiation at Musselwhite,Technosphere (first-tier),"market for hydrochloric acid, without water, in 30% solution state","hydrochloric acid, without water, in 30% solution state",,kilogram,RoW,11.797925551435808,0.08210546702852413,14369.232620450366
Musselwhite,Underground mining and beneficiation at Musselwhite,Technosphere (first-tier),market for biogas,biogas,,cubic meter,RoW,0.0261968184237394,0.00018231188203088837,14369.232620450366
Musselwhite,Underground mining and beneficiation at Musselwhite,Technosphere (first-tier),"market for sulfidic tailings, from gold mine operation","sulfidic tailings, from gold mine operation",,kilogram,CA,-0.0,-0.0,14369.232620450366
New Afton,Underground mining and beneficiation at New Afton,Biosphere (direct),"Carbon dioxide, fossil",,"('air', 'non-urban air or from high stacks')",kilogram,,0.2219735864785,36.83609259520579,0.6025980793288314
New Afton,Underground mining and beneficiation at New Afton,Biosphere (direct),"Carbon dioxide, from soil or biomass stock",,"('air', 'low population density, long-term')",kilogram,,0.02532762721847076,4.203071348431854,0.6025980793288314
New Afton,Underground mining and beneficiation at New Afton,Technosphere (first-tier),"market for cement, unspecified","cement, unspecified",,kilogram,RoW,0.0926494006671752,15.37499103388569,0.6025980793288314
New Afton,Underground mining and beneficiation at New Afton,Technosphere (first-tier),"market for explosive, tovex","explosive, tovex",,kilogram,GLO,0.0666695411246523,11.063682977368309,0.6025980793288314
New Afton,Underground mining and beneficiation at New Afton,Technosphere (first-tier),market for diesel,diesel,,kilogram,RoW,0.06328133835373673,10.501417200701825,0.6025980793288314
New Afton,Underground mining and beneficiation at New Afton,Technosphere (first-tier),"market for steel, low-alloyed","steel, low-alloyed",,kilogram,GLO,0.05220590604052683,8.663470367956254,0.6025980793288314
New Afton,Underground mining and beneficiation at New Afton,Technosphere (first-tier),"market for electricity, medium voltage","electricity, medium voltage",,kilowatt hour,CA-BC,0.049649495584417336,8.239238936791256,0.6025980793288314
New Afton,Underground mining and beneficiation at New Afton,Technosphere (first-tier),"market for natural gas, high pressure","natural gas, high pressure",,cubic meter,CA,0.011011714002126475,1.8273729007552146,0.6025980793288314
New Afton,Underground mining and beneficiation at New Afton,Technosphere (first-tier),market for polyacrylamide,polyacrylamide,,kilogram,GLO,0.010726544157551922,1.7800495098655236,0.6025980793288314
New Afton,Underground mining and beneficiation at New Afton,Technosphere (first-tier),market for dipropylene glycol monomethyl ether,dipropylene glycol monomethyl ether,,kilogram,RoW,0.005005020871166701,0.8305736514695252,0.6025980793288314
New Afton,Underground mining and beneficiation at New Afton,Technosphere (first-tier),market for lime,lime,,kilogram,RoW,0.003185841272485825,0.5286842726140429,0.6025980793288314
New Afton,Underground mining and beneficiation at New Afton,Technosphere (first-tier),market for sodium bicarbonate,sodium bicarbonate,,kilogram,RoW,0.0006689017082048412,0.11100296053878204,0.6025980793288314
New Afton,Underground mining and beneficiation at New Afton,Technosphere (first-tier),market for propane,propane,,kilogram,GLO,0.00024316905524582216,0.04035344014316505,0.6025980793288314
New Afton,Underground mining and beneficiation at New Afton,Technosphere (first-tier),"market for sulfidic tailings, from copper mine operation","sulfidic tailings, from copper mine operation",,kilogram,CA,-0.0,-0.0,0.6025980793288314
Nunavik Nickel,Open-pit and underground mining and beneficiation at Nunavik Nickel,Biosphere (direct),"Carbon dioxide, fossil",,"('air', 'non-urban air or from high stacks')",kilogram,,0.3487843304646359,29.405489005151473,1.1861198105004587
Nunavik Nickel,Open-pit and underground mining and beneficiation at Nunavik Nickel,Biosphere (direct),Dinitrogen monoxide,,"('air',)",kilogram,,0.020896824751807232,1.7617802659404407,1.1861198105004587
Nunavik Nickel,Open-pit and underground mining and beneficiation at Nunavik Nickel,Biosphere (direct),"Carbon monoxide, fossil",,"('air', 'lower stratosphere + upper troposphere')",kilogram,,0.009650662994836487,0.8136330671995597,1.1861198105004587
Nunavik Nickel,Open-pit and underground mining and beneficiation at Nunavik Nickel,Biosphere (direct),"Carbon dioxide, from soil or biomass stock",,"('air', 'low population density, long-term')",kilogram,,0.0029662837264190565,0.25008297645475586,1.1861198105004587
Nunavik Nickel,Open-pit and underground mining and beneficiation at Nunavik Nickel,Biosphere (direct),"Methane, fossil",,"('air', 'non-urban air or from high stacks')",kilogram,,0.0005420471666781412,0.045699191757823825,1.1861198105004587
Nunavik Nickel,Open-pit and underground mining and beneficiation at Nunavik Nickel,Technosphere (first-tier),"market for steel, low-alloyed","steel, low-alloyed",,kilogram,GLO,0.6381754979367539,53.80362862900746,1.1861198105004587
Nunavik Nickel,Open-pit and underground mining and beneficiation at Nunavik Nickel,Technosphere (first-tier),market for diesel,diesel,,kilogram,RoW,0.044126309116187534,3.720223600141149,1.1861198105004587
Nunavik Nickel,Open-pit and underground mining and beneficiation at Nunavik Nickel,Technosphere (first-tier),"market for cement, unspecified","cement, unspecified",,kilogram,RoW,0.04077891493065582,3.438009766774741,1.1861198105004587
Nunavik Nickel,Open-pit and underground mining and beneficiation at Nunavik Nickel,Technosphere (first-tier),"market for natural gas, high pressure","natural gas, high pressure",,cubic meter,CA,0.03089907838674496,2.6050554179436336,1.1861198105004587
Nunavik Nickel,Open-pit and underground mining and beneficiation at Nunavik Nickel,Technosphere (first-tier),"market for electricity, medium voltage","electricity, medium voltage",,kilowatt hour,CA-QC,0.024789791354065775,2.08999049966177,1.1861198105004587
Nunavik Nickel,Open-pit and underground mining and beneficiation at Nunavik Nickel,Technosphere (first-tier),market for lime,lime,,kilogram,RoW,0.013740661942699756,1.1584548054131367,1.1861198105004587
Nunavik Nickel,Open-pit and underground mining and beneficiation at Nunavik Nickel,Technosphere (first-tier),"market for ammonia, anhydrous, liquid","ammonia, anhydrous, liquid",,kilogram,RoW,0.005516939935651734,0.4651250140847049,1.1861198105004587
Nunavik Nickel,Open-pit and underground mining and beneficiation at Nunavik Nickel,Technosphere (first-tier),market for liquefied petroleum gas,liquefied petroleum gas,,kilogram,RoW,0.004634025529903713,0.39068781154143967,1.1861198105004587
Nunavik Nickel,Open-pit and underground mining and beneficiation at Nunavik Nickel,Technosphere (first-tier),market for sulfuric acid,sulfuric acid,,kilogram,RoW,0.0006184182678877311,0.052137925900318814,1.1861198105004587
Nunavik Nickel,Open-pit and underground mining and beneficiation at Nunavik Nickel,Technosphere (first-tier),"market for sulfidic tailings, from nickel mine operation","sulfidic tailings, from nickel mine operation",,kilogram,CA,-0.0,-0.0,1.1861198105004587
Porcupine complex,Open-pit and underground mining at Porcupine complex,Biosphere (direct),"Carbon dioxide, fossil",,"('air', 'non-urban air or from high stacks')",kilogram,,14008.122094991893,60.801872507513764,23038.96494842457
Porcupine complex,Open-pit and underground mining at Porcupine complex,Biosphere (direct),"Carbon monoxide, fossil",,"('air', 'lower stratosphere + upper troposphere')",kilogram,,110.53994665453071,0.47979562841467643,23038.96494842457
Porcupine complex,Open-pit and underground mining at Porcupine complex,Technosphere (first-tier),"market for electricity, medium voltage","electricity, medium voltage",,kilowatt hour,CA-ON,1982.1071494316077,8.60328210867453,23038.96494842457
Porcupine complex,Open-pit and underground mining at Porcupine complex,Technosphere (first-tier),market for diesel,diesel,,kilogram,RoW,1737.1922226838985,7.540235538240574,23038.96494842457
Porcupine complex,Open-pit and underground mining at Porcupine complex,Technosphere (first-tier),"market for explosive, tovex","explosive, tovex",,kilogram,GLO,1548.1300567684323,6.719616355309813,23038.96494842457
Porcupine complex,Open-pit and underground mining at Porcupine complex,Technosphere (first-tier),"market for cement, unspecified","cement, unspecified",,kilogram,RoW,1294.9395178902134,5.620649715771033,23038.96494842457
Porcupine complex,Open-pit and underground mining at Porcupine complex,Technosphere (first-tier),"market for steel, low-alloyed","steel, low-alloyed",,kilogram,GLO,1005.8296742152576,4.365776311856568,23038.96494842457
Porcupine complex,Open-pit and underground mining at Porcupine complex,Technosphere (first-tier),market for sodium cyanide,sodium cyanide,,kilogram,RoW,648.4201175964573,2.814449863733123,23038.96494842457
Porcupine complex,Open-pit and underground mining at Porcupine complex,Technosphere (first-tier),"market for natural gas, high pressure","natural gas, high pressure",,cubic meter,CA,269.3161850516348,1.168959567647812,23038.96494842457
Porcupine complex,Open-pit and underground mining at Porcupine complex,Technosphere (first-tier),market for synthetic rubber,synthetic rubber,,kilogram,GLO,253.31353706708063,1.0995005098282529,23038.96494842457
Porcupine complex,Open-pit and underground mining at Porcupine complex,Technosphere (first-tier),market for lubricating oil,lubricating oil,,kilogram,RoW,117.63865620267501,0.5106073839081875,23038.96494842457
Porcupine complex,Open-pit and underground mining at Porcupine complex,Technosphere (first-tier),market for lime,lime,,kilogram,RoW,44.15345753105049,0.1916468801002701,23038.96494842457
Porcupine complex,Open-pit and underground mining at Porcupine complex,Technosphere (first-tier),market for propane,propane,,kilogram,GLO,18.839695741157104,0.0817731863533452,23038.96494842457
Porcupine complex,Open-pit and underground mining at Porcupine complex,Technosphere (first-tier),"market for hydrochloric acid, without water, in 30% solution state","hydrochloric acid, without water, in 30% solution state",,kilogram,RoW,0.32199959530171635,0.001397630475251602,23038.96494842457
Porcupine complex,Open-pit and underground mining at Porcupine complex,Technosphere (first-tier),"market for nitric acid, without water, in 50% solution state","nitric acid, without water, in 50% solution state",,kilogram,RoW,0.06436546225780108,0.00027937653623715615,23038.96494842457
Porcupine complex,Open-pit and underground mining at Porcupine complex,Technosphere (first-tier),market for biogas,biogas,,cubic meter,RoW,0.03624739628962836,0.00015733083656654026,23038.96494842457
Porcupine complex,Open-pit and underground mining at Porcupine complex,Technosphere (first-tier),market for sulfuric acid,sulfuric acid,,kilogram,RoW,0.00020187692919138543,8.762413139796455e-07,23038.96494842457
Porcupine complex,Open-pit and underground mining at Porcupine complex,Technosphere (first-tier),"market for sulfidic tailings, from gold mine operation","sulfidic tailings, from gold mine operation",,kilogram,CA,-0.0,-0.0,23038.96494842457
Raglan,Underground mining and beneficiation at Raglan,Biosphere (direct),"Carbon dioxide, fossil",,"('air', 'non-urban air or from high stacks')",kilogram,,1.0343914797424,58.33596293348467,1.7731626045529152
Raglan,Underground mining and beneficiation at Raglan,Biosphere (direct),"Carbon monoxide, fossil",,"('air', 'lower stratosphere + upper troposphere')",kilogram,,0.03811353095741168,2.149466205724636,1.7731626045529152
Raglan,Underground mining and beneficiation at Raglan,Biosphere (direct),"Methane, fossil",,"('air', 'non-urban air or from high stacks')",kilogram,,0.005785222852426544,0.3262657828205907,1.7731626045529152
Raglan,Underground mining and beneficiation at Raglan,Biosphere (direct),Dinitrogen monoxide,,"('air',)",kilogram,,0.0033946058369098715,0.1914435725293105,1.7731626045529152
Raglan,Underground mining and beneficiation at Raglan,Biosphere (direct),"Carbon dioxide, from soil or biomass stock",,"('air', 'low population density, long-term')",kilogram,,0.0,0.0,1.7731626045529152
Raglan,Underground mining and beneficiation at Raglan,Technosphere (first-tier),"market for steel, low-alloyed","steel, low-alloyed",,kilogram,GLO,0.3357848134158805,18.937057016299146,1.7731626045529152
Raglan,Underground mining and beneficiation at Raglan,Technosphere (first-tier),market for diesel,diesel,,kilogram,RoW,0.19722487500993455,11.122774330088175,1.7731626045529152
Raglan,Underground mining and beneficiation at Raglan,Technosphere (first-tier),"market for electricity, medium voltage","electricity, medium voltage",,kilowatt hour,CA-QC,0.07386619002365054,4.165787719298035,1.7731626045529152
Raglan,Underground mining and beneficiation at Raglan,Technosphere (first-tier),"market for natural gas, high pressure","natural gas, high pressure",,cubic meter,CA,0.036338178270721576,2.0493426929609693,1.7731626045529152
Raglan,Underground mining and beneficiation at Raglan,Technosphere (first-tier),"market for cement, unspecified","cement, unspecified",,kilogram,RoW,0.021456386817673426,1.2100631246440838,1.7731626045529152
Raglan,Underground mining and beneficiation at Raglan,Technosphere (first-tier),market for liquefied petroleum gas,liquefied petroleum gas,,kilogram,RoW,0.016349229939067143,0.9220378264851482,1.7731626045529152
Raglan,Underground mining and beneficiation at Raglan,Technosphere (first-tier),market for lime,lime,,kilogram,RoW,0.00722983822092366,0.4077368991630968,1.7731626045529152
Raglan,Underground mining and beneficiation at Raglan,Technosphere (first-tier),"market for ammonia, anhydrous, liquid","ammonia, anhydrous, liquid",,kilogram,RoW,0.002902813807343933,0.16370826904934913,1.7731626045529152
Raglan,Underground mining and beneficiation at Raglan,Technosphere (first-tier),market for sulfuric acid,sulfuric acid,,kilogram,RoW,0.0003253892751555225,0.018350786009135697,1.7731626045529152
Raglan,Underground mining and beneficiation at Raglan,Technosphere (first-tier),"market for sulfidic tailings, from nickel mine operation","sulfidic tailings, from nickel mine operation",,kilogram,CA,-0.0,-0.0,1.7731626045529152
Rainy River,Open-pit and underground mining and beneficiation at Rainy River,Biosphere (direct),"Carbon dioxide, fossil",,"('air', 'non-urban air or from high stacks')",kilogram,,15149.751798673824,27.955205071389837,54192.955336888284
Rainy River,Open-pit and underground mining and beneficiation at Rainy River,Biosphere (direct),"Carbon dioxide, from soil or biomass stock",,"('air', 'low population density, long-term')",kilogram,,2334.599154662411,4.3079384398755725,54192.955336888284
Rainy River,Open-pit and underground mining and beneficiation at Rainy River,Biosphere (direct),Dinitrogen monoxide,,"('air',)",kilogram,,349.2913394319951,0.6445327390998328,54192.955336888284
Rainy River,Open-pit and underground mining and beneficiation at Rainy River,Biosphere (direct),"Carbon monoxide, fossil",,"('air', 'lower stratosphere + upper troposphere')",kilogram,,244.28457133871615,0.45076812995366483,54192.955336888284
Rainy River,Open-pit and underground mining and beneficiation at Rainy River,Biosphere (direct),"Methane, fossil",,"('air', 'non-urban air or from high stacks')",kilogram,,33.8169364939019,0.062400982348499535,54192.955336888284
Rainy River,Open-pit and underground mining and beneficiation at Rainy River,Technosphere (first-tier),"market for explosive, tovex","explosive, tovex",,kilogram,GLO,16808.410975984956,31.015859665700386,54192.955336888284
Rainy River,Open-pit and underground mining and beneficiation at Rainy River,Technosphere (first-tier),"market for electricity, medium voltage","electricity, medium voltage",,kilowatt hour,CA-ON,8189.383619627149,15.111527999752331,54192.955336888284
Rainy River,Open-pit and underground mining and beneficiation at Rainy River,Technosphere (first-tier),market for diesel,diesel,,kilogram,RoW,3795.3621036725604,7.003423378700881,54192.955336888284
Rainy River,Open-pit and underground mining and beneficiation at Rainy River,Technosphere (first-tier),"market for cement, unspecified","cement, unspecified",,kilogram,RoW,2357.524952555344,4.350242458452186,54192.955336888284
Rainy River,Open-pit and underground mining and beneficiation at Rainy River,Technosphere (first-tier),"market for steel, low-alloyed","steel, low-alloyed",,kilogram,GLO,2345.949959403612,4.328883606402548,54192.955336888284
Rainy River,Open-pit and underground mining and beneficiation at Rainy River,Technosphere (first-tier),market for sodium cyanide,sodium cyanide,,kilogram,RoW,2052.9184632453785,3.788164809399109,54192.955336888284
Rainy River,Open-pit and underground mining and beneficiation at Rainy River,Technosphere (first-tier),market for propane,propane,,kilogram,GLO,257.26939153575603,0.4747284770436515,54192.955336888284
Rainy River,Open-pit and underground mining and beneficiation at Rainy River,Technosphere (first-tier),"market for sodium hydroxide, without water, in 50% solution state","sodium hydroxide, without water, in 50% solution state",,kilogram,RoW,97.53171838454057,0.17997121171605912,54192.955336888284
Rainy River,Open-pit and underground mining and beneficiation at Rainy River,Technosphere (first-tier),market for polyacrylamide,polyacrylamide,,kilogram,GLO,74.12727469234437,0.13678396801122067,54192.955336888284
Rainy River,Open-pit and underground mining and beneficiation at Rainy River,Technosphere (first-tier),market for lime,lime,,kilogram,RoW,66.50998776876922,0.12272810618153707,54192.955336888284
Rainy River,Open-pit and underground mining and beneficiation at Rainy River,Technosphere (first-tier),market for sodium bicarbonate,sodium bicarbonate,,kilogram,RoW,36.222892319430635,0.06684059227671292,54192.955336888284
Rainy River,Open-pit and underground mining and beneficiation at Rainy River,Technosphere (first-tier),"market for sulfidic tailings, from gold mine operation","sulfidic tailings, from gold mine operation",,kilogram,CA,-0.0,-0.0,54192.955336888284
Red Lake,Underground mining and beneficiation at Red Lake,Biosphere (direct),"Carbon dioxide, fossil",,"('air', 'non-urban air or from high stacks')",kilogram,,7416.381352301327,40.9866313606748,18094.635021450136
Red Lake,Underground mining and beneficiation at Red Lake,Biosphere (direct),"Carbon monoxide, fossil",,"('air', 'lower stratosphere + upper troposphere')",kilogram,,2369.6984667599963,13.096138518134556,18094.635021450136
Red Lake,Underground mining and beneficiation at Red Lake,Biosphere (direct),"Carbon dioxide, from soil or biomass stock",,"('air', 'low population density, long-term')",kilogram,,975.4846392502684,5.391015834770297,18094.635021450136
Red Lake,Underground mining and beneficiation at Red Lake,Biosphere (direct),Dinitrogen monoxide,,"('air',)",kilogram,,61.18755431547539,0.3381530174161629,18094.635021450136
Red Lake,Underground mining and beneficiation at Red Lake,Biosphere (direct),"Methane, fossil",,"('air', 'non-urban air or from high stacks')",kilogram,,16.72928624696698,0.09245440003147554,18094.635021450136
Red Lake,Underground mining and beneficiation at Red Lake,Technosphere (first-tier),"market for electricity, medium voltage","electricity, medium voltage",,kilowatt hour,CA-ON,1905.3469285492938,10.529899753659668,18094.635021450136
Red Lake,Underground mining and beneficiation at Red Lake,Technosphere (first-tier),market for diesel,diesel,,kilogram,RoW,1539.0106888388773,8.50534253393047,18094.635021450136
Red Lake,Underground mining and beneficiation at Red Lake,Technosphere (first-tier),"market for steel, low-alloyed","steel, low-alloyed",,kilogram,GLO,1061.4692422674952,5.8662097412254255,18094.635021450136
Red Lake,Underground mining and beneficiation at Red Lake,Technosphere (first-tier),"market for explosive, tovex","explosive, tovex",,kilogram,GLO,1031.8359733098953,5.702441481061728,18094.635021450136
Red Lake,Underground mining and beneficiation at Red Lake,Technosphere (first-tier),market for sodium cyanide,sodium cyanide,,kilogram,RoW,738.7981784098279,4.082968114770072,18094.635021450136
Red Lake,Underground mining and beneficiation at Red Lake,Technosphere (first-tier),"market for cement, unspecified","cement, unspecified",,kilogram,RoW,509.35843474520505,2.8149693770633686,18094.635021450136
Red Lake,Underground mining and beneficiation at Red Lake,Technosphere (first-tier),"market for natural gas, high pressure","natural gas, high pressure",,cubic meter,CA,190.16241218749607,1.0509325662665734,18094.635021450136
Red Lake,Underground mining and beneficiation at Red Lake,Technosphere (first-tier),market for liquefied petroleum gas,liquefied petroleum gas,,kilogram,RoW,85.55764627105773,0.4728343300079506,18094.635021450136
Red Lake,Underground mining and beneficiation at Red Lake,Technosphere (first-tier),"market for sulfur dioxide, liquid","sulfur dioxide, liquid",,kilogram,RoW,57.22546049135537,0.31625650599483174,18094.635021450136
Red Lake,Underground mining and beneficiation at Red Lake,Technosphere (first-tier),"market for activated carbon, granular","activated carbon, granular",,kilogram,GLO,46.02820588185682,0.25437487867145736,18094.635021450136
Red Lake,Underground mining and beneficiation at Red Lake,Technosphere (first-tier),market for lime,lime,,kilogram,RoW,36.91552381833411,0.20401364147203246,18094.635021450136
Red Lake,Underground mining and beneficiation at Red Lake,Technosphere (first-tier),market for polyacrylamide,polyacrylamide,,kilogram,GLO,29.038909033186343,0.16048353005607688,18094.635021450136
Red Lake,Underground mining and beneficiation at Red Lake,Technosphere (first-tier),"market for hydrochloric acid, without water, in 30% solution state","hydrochloric acid, without water, in 30% solution state",,kilogram,RoW,15.41548246244777,0.08519366344871622,18094.635021450136
Red Lake,Underground mining and beneficiation at Red Lake,Technosphere (first-tier),market for sodium bicarbonate,sodium bicarbonate,,kilogram,RoW,8.990511125468815,0.04968605951328163,18094.635021450136
Red Lake,Underground mining and beneficiation at Red Lake,Technosphere (first-tier),"market for sulfidic tailings, from gold mine operation","sulfidic tailings, from gold mine operation",,kilogram,CA,-0.0,-0.0,18094.635021450136
Seabee Gold Operation,Underground mining and beneficiation at Seabee Gold Operation,Biosphere (direct),"Carbon dioxide, fossil",,"('air', 'non-urban air or from high stacks')",kilogram,,22765.999913132408,36.90109063261685,61694.65325507088
Seabee Gold Operation,Underground mining and beneficiation at Seabee Gold Operation,Technosphere (first-tier),"market for electricity, medium voltage","electricity, medium voltage",,kilowatt hour,CA-SK,34346.38009997437,55.67156680170064,61694.65325507088
Seabee Gold Operation,Underground mining and beneficiation at Seabee Gold Operation,Technosphere (first-tier),market for diesel,diesel,,kilogram,RoW,2289.6592123124424,3.7112765718060796,61694.65325507088
Seabee Gold Operation,Underground mining and beneficiation at Seabee Gold Operation,Technosphere (first-tier),market for propane,propane,,kilogram,GLO,801.411252172876,1.2989962823188497,61694.65325507088
Seabee Gold Operation,Underground mining and beneficiation at Seabee Gold Operation,Technosphere (first-tier),"market for steel, low-alloyed","steel, low-alloyed",,kilogram,GLO,447.759709661215,0.7257674466699628,61694.65325507088
Seabee Gold Operation,Underground mining and beneficiation at Seabee Gold Operation,Technosphere (first-tier),"market for explosive, tovex","explosive, tovex",,kilogram,GLO,435.25950393087896,0.705506038151051,61694.65325507088
Seabee Gold Operation,Underground mining and beneficiation at Seabee Gold Operation,Technosphere (first-tier),market for sodium cyanide,sodium cyanide,,kilogram,RoW,311.6473324807417,0.5051447994889677,61694.65325507088
Seabee Gold Operation,Underground mining and beneficiation at Seabee Gold Operation,Technosphere (first-tier),"market for cement, unspecified","cement, unspecified",,kilogram,RoW,214.8627353231675,0.34826800052645934,61694.65325507088
Seabee Gold Operation,Underground mining and beneficiation at Seabee Gold Operation,Technosphere (first-tier),"market for sulfur dioxide, liquid","sulfur dioxide, liquid",,kilogram,RoW,24.13942350331564,0.03912725370789169,61694.65325507088
Seabee Gold Operation,Underground mining and beneficiation at Seabee Gold Operation,Technosphere (first-tier),"market for activated carbon, granular","activated carbon, granular",,kilogram,GLO,19.41608412304153,0.031471259012944786,61694.65325507088
Seabee Gold Operation,Underground mining and beneficiation at Seabee Gold Operation,Technosphere (first-tier),market for lime,lime,,kilogram,RoW,15.572080253196344,0.025240566939917806,61694.65325507088
Seabee Gold Operation,Underground mining and beneficiation at Seabee Gold Operation,Technosphere (first-tier),market for polyacrylamide,polyacrylamide,,kilogram,GLO,12.24948680547945,0.019855021722603852,61694.65325507088
Seabee Gold Operation,Underground mining and beneficiation at Seabee Gold Operation,Technosphere (first-tier),"market for hydrochloric acid, without water, in 30% solution state","hydrochloric acid, without water, in 30% solution state",,kilogram,RoW,6.502714988639984,0.010540159714902856,61694.65325507088
Seabee Gold Operation,Underground mining and beneficiation at Seabee Gold Operation,Technosphere (first-tier),market for sodium bicarbonate,sodium bicarbonate,,kilogram,RoW,3.792468487025057,0.006147159092288669,61694.65325507088
Seabee Gold Operation,Underground mining and beneficiation at Seabee Gold Operation,Technosphere (first-tier),"market for sulfidic tailings, from gold mine operation","sulfidic tailings, from gold mine operation",,kilogram,CA,-0.0,-0.0,61694.65325507088
Snow Lake (Cu),Underground mining and beneficiation at Snow Lake,Biosphere (direct),"Carbon dioxide, fossil",,"('air', 'non-urban air or from high stacks')",kilogram,,0.07282963140571287,4.13036241693532,1.7632746004829185
Snow Lake (Cu),Underground mining and beneficiation at Snow Lake,Biosphere (direct),Dinitrogen monoxide,,"('air',)",kilogram,,0.0015243006788022606,0.08644715226912424,1.7632746004829185
Snow Lake (Cu),Underground mining and beneficiation at Snow Lake,Biosphere (direct),"Methane, fossil",,"('air', 'non-urban air or from high stacks')",kilogram,,0.00010401914289099803,0.005899202702886418,1.7632746004829185
Snow Lake (Cu),Underground mining and beneficiation at Snow Lake,Technosphere (first-tier),"market for electricity, medium voltage","electricity, medium voltage",,kilowatt hour,CA-MB,1.5058314346781543,85.39971223232861,1.7632746004829185
Snow Lake (Cu),Underground mining and beneficiation at Snow Lake,Technosphere (first-tier),"market for explosive, tovex","explosive, tovex",,kilogram,GLO,0.06466392037812689,3.6672631909072475,1.7632746004829185
Snow Lake (Cu),Underground mining and beneficiation at Snow Lake,Technosphere (first-tier),market for diesel,diesel,,kilogram,RoW,0.04014273951071387,2.276601698891355,1.7632746004829185
Snow Lake (Cu),Underground mining and beneficiation at Snow Lake,Technosphere (first-tier),"market for steel, low-alloyed","steel, low-alloyed",,kilogram,GLO,0.030536953099987454,1.7318319614893856,1.7632746004829185
Snow Lake (Cu),Underground mining and beneficiation at Snow Lake,Technosphere (first-tier),market for sodium cyanide,sodium cyanide,,kilogram,RoW,0.02125416773854227,1.2053804740748415,1.7632746004829185
Snow Lake (Cu),Underground mining and beneficiation at Snow Lake,Technosphere (first-tier),"market for cement, unspecified","cement, unspecified",,kilogram,RoW,0.01465351421739793,0.8310398285885071,1.7632746004829185
Snow Lake (Cu),Underground mining and beneficiation at Snow Lake,Technosphere (first-tier),market for propane,propane,,kilogram,GLO,0.0037825328765475055,0.214517516189002,1.7632746004829185
Snow Lake (Cu),Underground mining and beneficiation at Snow Lake,Technosphere (first-tier),"market for sulfur dioxide, liquid","sulfur dioxide, liquid",,kilogram,RoW,0.0016462947145003735,0.09336575902865572,1.7632746004829185
Snow Lake (Cu),Underground mining and beneficiation at Snow Lake,Technosphere (first-tier),"market for natural gas, high pressure","natural gas, high pressure",,cubic meter,CA,0.0016424067637852385,0.09314526298600471,1.7632746004829185
Snow Lake (Cu),Underground mining and beneficiation at Snow Lake,Technosphere (first-tier),"market for activated carbon, granular","activated carbon, granular",,kilogram,GLO,0.0013241657019549247,0.07509696456764406,1.7632746004829185
Snow Lake (Cu),Underground mining and beneficiation at Snow Lake,Technosphere (first-tier),market for lime,lime,,kilogram,RoW,0.00106200686238806,0.060229238378253835,1.7632746004829185
Snow Lake (Cu),Underground mining and beneficiation at Snow Lake,Technosphere (first-tier),market for polyacrylamide,polyacrylamide,,kilogram,GLO,0.000835407911892696,0.04737820823052166,1.7632746004829185
Snow Lake (Cu),Underground mining and beneficiation at Snow Lake,Technosphere (first-tier),market for liquefied petroleum gas,liquefied petroleum gas,,kilogram,RoW,0.0007389496973280752,0.04190780591552187,1.7632746004829185
Snow Lake (Cu),Underground mining and beneficiation at Snow Lake,Technosphere (first-tier),"market for hydrochloric acid, without water, in 30% solution state","hydrochloric acid, without water, in 30% solution state",,kilogram,RoW,0.0004434813993891942,0.025151011604643732,1.7632746004829185
Snow Lake (Cu),Underground mining and beneficiation at Snow Lake,Technosphere (first-tier),market for sodium bicarbonate,sodium bicarbonate,,kilogram,RoW,0.0002586441562798249,0.014668399136980053,1.7632746004829185
Snow Lake (Cu),Underground mining and beneficiation at Snow Lake,Technosphere (first-tier),"market for sulfidic tailings, from gold mine operation","sulfidic tailings, from gold mine operation",,kilogram,CA,-0.0,-0.0,1.7632746004829185
Snow Lake (Doré),Underground mining and beneficiation at Snow Lake,Biosphere (direct),"Carbon dioxide, fossil",,"('air', 'non-urban air or from high stacks')",kilogram,,546.6775262893226,4.1303624443876945,13235.582437375295
Snow Lake (Doré),Underground mining and beneficiation at Snow Lake,Biosphere (direct),Dinitrogen monoxide,,"('air',)",kilogram,,11.441784179390886,0.08644715284369359,13235.582437375295
Snow Lake (Doré),Underground mining and beneficiation at Snow Lake,Biosphere (direct),"Methane, fossil",,"('air', 'non-urban air or from high stacks')",kilogram,,0.7807938420779351,0.005899202742095359,13235.582437375295
Snow Lake (Doré),Underground mining and beneficiation at Snow Lake,Technosphere (first-tier),"market for electricity, medium voltage","electricity, medium voltage",,kilowatt hour,CA-MB,11303.149388917293,85.39971279993617,13235.582437375295
Snow Lake (Doré),Underground mining and beneficiation at Snow Lake,Technosphere (first-tier),"market for explosive, tovex","explosive, tovex",,kilogram,GLO,485.38364605414347,3.667263215281656,13235.582437375295
Snow Lake (Doré),Underground mining and beneficiation at Snow Lake,Technosphere (first-tier),market for diesel,diesel,,kilogram,RoW,301.3214966301798,2.2766017140227484,13235.582437375295
Snow Lake (Doré),Underground mining and beneficiation at Snow Lake,Technosphere (first-tier),"market for steel, low-alloyed","steel, low-alloyed",,kilogram,GLO,229.21804846323454,1.7318319729999734,13235.582437375295
Snow Lake (Doré),Underground mining and beneficiation at Snow Lake,Technosphere (first-tier),market for sodium cyanide,sodium cyanide,,kilogram,RoW,159.5391273905771,1.2053804820863991,13235.582437375295
Snow Lake (Doré),Underground mining and beneficiation at Snow Lake,Technosphere (first-tier),"market for cement, unspecified","cement, unspecified",,kilogram,RoW,109.9929623313203,0.8310398341119972,13235.582437375295
Snow Lake (Doré),Underground mining and beneficiation at Snow Lake,Technosphere (first-tier),market for propane,propane,,kilogram,GLO,28.392642886516423,0.21451751761478866,13235.582437375295
Snow Lake (Doré),Underground mining and beneficiation at Snow Lake,Technosphere (first-tier),"market for sulfur dioxide, liquid","sulfur dioxide, liquid",,kilogram,RoW,12.357502086652872,0.09336575964921003,13235.582437375295
Snow Lake (Doré),Underground mining and beneficiation at Snow Lake,Technosphere (first-tier),"market for natural gas, high pressure","natural gas, high pressure",,cubic meter,CA,12.328318150962797,0.09314526360509441,13235.582437375295
Snow Lake (Doré),Underground mining and beneficiation at Snow Lake,Technosphere (first-tier),"market for activated carbon, granular","activated carbon, granular",,kilogram,GLO,9.939520719380788,0.07509696506678147,13235.582437375295
Snow Lake (Doré),Underground mining and beneficiation at Snow Lake,Technosphere (first-tier),market for lime,lime,,kilogram,RoW,7.971690549940785,0.06022923877856655,13235.582437375295
Snow Lake (Doré),Underground mining and beneficiation at Snow Lake,Technosphere (first-tier),market for polyacrylamide,polyacrylamide,,kilogram,GLO,6.2707818493820895,0.04737820854543087,13235.582437375295
Snow Lake (Doré),Underground mining and beneficiation at Snow Lake,Technosphere (first-tier),market for liquefied petroleum gas,liquefied petroleum gas,,kilogram,RoW,5.54674223651067,0.04190780619406294,13235.582437375295
Snow Lake (Doré),Underground mining and beneficiation at Snow Lake,Technosphere (first-tier),"market for hydrochloric acid, without water, in 30% solution state","hydrochloric acid, without water, in 30% solution state",,kilogram,RoW,3.328882896892302,0.02515101177181321,13235.582437375295
Snow Lake (Doré),Underground mining and beneficiation at Snow Lake,Technosphere (first-tier),market for sodium bicarbonate,sodium bicarbonate,,kilogram,RoW,1.9414480729227124,0.014668399234478378,13235.582437375295
Snow Lake (Doré),Underground mining and beneficiation at Snow Lake,Technosphere (first-tier),"market for sulfidic tailings, from gold mine operation","sulfidic tailings, from gold mine operation",,kilogram,CA,-0.0,-0.0,13235.582437375295
Snow Lake (Zn),Underground mining and beneficiation at Snow Lake,Biosphere (direct),"Carbon dioxide, fossil",,"('air', 'non-urban air or from high stacks')",kilogram,,0.027224714082320006,4.1303625301968925,0.6591361867942913
Snow Lake (Zn),Underground mining and beneficiation at Snow Lake,Biosphere (direct),Dinitrogen monoxide,,"('air',)",kilogram,,0.000569804478683969,0.08644715463965238,0.6591361867942913
Snow Lake (Zn),Underground mining and beneficiation at Snow Lake,Biosphere (direct),"Methane, fossil",,"('air', 'non-urban air or from high stacks')",kilogram,,3.8883780813330774e-05,0.005899202864652604,0.6591361867942913
Snow Lake (Zn),Underground mining and beneficiation at Snow Lake,Technosphere (first-tier),"market for electricity, medium voltage","electricity, medium voltage",,kilowatt hour,CA-MB,0.5629004221771566,85.39971457413417,0.6591361867942913
Snow Lake (Zn),Underground mining and beneficiation at Snow Lake,Technosphere (first-tier),"market for explosive, tovex","explosive, tovex",,kilogram,GLO,0.02417225941910088,3.6672632914698036,0.6591361867942913
Snow Lake (Zn),Underground mining and beneficiation at Snow Lake,Technosphere (first-tier),market for diesel,diesel,,kilogram,RoW,0.015005906038053952,2.2766017613196405,0.6591361867942913
Snow Lake (Zn),Underground mining and beneficiation at Snow Lake,Technosphere (first-tier),"market for steel, low-alloyed","steel, low-alloyed",,kilogram,GLO,0.011415131465668044,1.7318320089791357,0.6591361867942913
Snow Lake (Zn),Underground mining and beneficiation at Snow Lake,Technosphere (first-tier),market for sodium cyanide,sodium cyanide,,kilogram,RoW,0.007945099111048026,1.2053805071284303,0.6591361867942913
Snow Lake (Zn),Underground mining and beneficiation at Snow Lake,Technosphere (first-tier),"market for cement, unspecified","cement, unspecified",,kilogram,RoW,0.0054776843871074555,0.831039851377023,0.6591361867942913
Snow Lake (Zn),Underground mining and beneficiation at Snow Lake,Technosphere (first-tier),market for propane,propane,,kilogram,GLO,0.0014139626149872768,0.2145175220714377,0.6591361867942913
Snow Lake (Zn),Underground mining and beneficiation at Snow Lake,Technosphere (first-tier),"market for sulfur dioxide, liquid","sulfur dioxide, liquid",,kilogram,RoW,0.0006154075207085304,0.09336576158890089,0.6591361867942913
Snow Lake (Zn),Underground mining and beneficiation at Snow Lake,Technosphere (first-tier),"market for natural gas, high pressure","natural gas, high pressure",,cubic meter,CA,0.0006139541514611144,0.0931452655402035,0.6591361867942913
Snow Lake (Zn),Underground mining and beneficiation at Snow Lake,Technosphere (first-tier),"market for activated carbon, granular","activated carbon, granular",,kilogram,GLO,0.0004949912822228994,0.07509696662692568,0.6591361867942913
Snow Lake (Zn),Underground mining and beneficiation at Snow Lake,Technosphere (first-tier),market for lime,lime,,kilogram,RoW,0.00039699271606787663,0.06022924002984127,0.6591361867942913
Snow Lake (Zn),Underground mining and beneficiation at Snow Lake,Technosphere (first-tier),market for polyacrylamide,polyacrylamide,,kilogram,GLO,0.00031228692366563014,0.04737820952972367,0.6591361867942913
Snow Lake (Zn),Underground mining and beneficiation at Snow Lake,Technosphere (first-tier),market for liquefied petroleum gas,liquefied petroleum gas,,kilogram,RoW,0.0002762295214553847,0.041907807064701895,0.6591361867942913
Snow Lake (Zn),Underground mining and beneficiation at Snow Lake,Technosphere (first-tier),"market for hydrochloric acid, without water, in 30% solution state","hydrochloric acid, without water, in 30% solution state",,kilogram,RoW,0.00016577942337692213,0.02515101229431664,0.6591361867942913
Snow Lake (Zn),Underground mining and beneficiation at Snow Lake,Technosphere (first-tier),market for sodium bicarbonate,sodium bicarbonate,,kilogram,RoW,9.668472938655049e-05,0.014668399539217631,0.6591361867942913
Snow Lake (Zn),Underground mining and beneficiation at Snow Lake,Technosphere (first-tier),"market for sulfidic tailings, from gold mine operation","sulfidic tailings, from gold mine operation",,kilogram,CA,-0.0,-0.0,0.6591361867942913
Thompson,Open-pit and underground mining and beneficiation at Thompson (T-1 and T-3),Biosphere (direct),"Carbon dioxide, fossil",,"('air', 'non-urban air or from high stacks')",kilogram,,0.37173002531640004,33.618328035131,1.1057362071306576
Thompson,Open-pit and underground mining and beneficiation at Thompson (T-1 and T-3),Biosphere (direct),"Carbon dioxide, from soil or biomass stock",,"('air', 'low population density, long-term')",kilogram,,0.12433861944734574,11.244871846061695,1.1057362071306576
Thompson,Open-pit and underground mining and beneficiation at Thompson (T-1 and T-3),Biosphere (direct),"Carbon monoxide, fossil",,"('air', 'lower stratosphere + upper troposphere')",kilogram,,0.008227594936708861,0.7440829814245795,1.1057362071306576
Thompson,Open-pit and underground mining and beneficiation at Thompson (T-1 and T-3),Biosphere (direct),Dinitrogen monoxide,,"('air',)",kilogram,,0.00822378288607595,0.7437382291583221,1.1057362071306576
Thompson,Open-pit and underground mining and beneficiation at Thompson (T-1 and T-3),Biosphere (direct),"Methane, fossil",,"('air', 'non-urban air or from high stacks')",kilogram,,0.0016824340658227852,0.15215510308635333,1.1057362071306576
Thompson,Open-pit and underground mining and beneficiation at Thompson (T-1 and T-3),Technosphere (first-tier),"market for steel, low-alloyed","steel, low-alloyed",,kilogram,GLO,0.3190877489683771,28.85749303592015,1.1057362071306576
Thompson,Open-pit and underground mining and beneficiation at Thompson (T-1 and T-3),Technosphere (first-tier),"market for electricity, medium voltage","electricity, medium voltage",,kilowatt hour,CA-MB,0.153190797113599,13.85419018801267,1.1057362071306576
Thompson,Open-pit and underground mining and beneficiation at Thompson (T-1 and T-3),Technosphere (first-tier),market for diesel,diesel,,kilogram,RoW,0.06300385130459261,5.6979097634946,1.1057362071306576
Thompson,Open-pit and underground mining and beneficiation at Thompson (T-1 and T-3),Technosphere (first-tier),"market for natural gas, high pressure","natural gas, high pressure",,cubic meter,CA,0.02254303353384892,2.038735223507532,1.1057362071306576
Thompson,Open-pit and underground mining and beneficiation at Thompson (T-1 and T-3),Technosphere (first-tier),"market for cement, unspecified","cement, unspecified",,kilogram,RoW,0.02038945746532787,1.8439712233207701,1.1057362071306576
Thompson,Open-pit and underground mining and beneficiation at Thompson (T-1 and T-3),Technosphere (first-tier),market for lime,lime,,kilogram,RoW,0.0068703309713498825,0.621335443937223,1.1057362071306576
Thompson,Open-pit and underground mining and beneficiation at Thompson (T-1 and T-3),Technosphere (first-tier),market for liquefied petroleum gas,liquefied petroleum gas,,kilogram,RoW,0.0033808449433283235,0.3057551088158255,1.1057362071306576
Thompson,Open-pit and underground mining and beneficiation at Thompson (T-1 and T-3),Technosphere (first-tier),"market for ammonia, anhydrous, liquid","ammonia, anhydrous, liquid",,kilogram,RoW,0.002758469967825706,0.24946908223108913,1.1057362071306576
Thompson,Open-pit and underground mining and beneficiation at Thompson (T-1 and T-3),Technosphere (first-tier),market for sulfuric acid,sulfuric acid,,kilogram,RoW,0.0003092091339438565,0.027964095952527607,1.1057362071306576
Thompson,Open-pit and underground mining and beneficiation at Thompson (T-1 and T-3),Technosphere (first-tier),"market for sulfidic tailings, from nickel mine operation","sulfidic tailings, from nickel mine operation",,kilogram,CA,-0.0,-0.0,1.1057362071306576
Timmins Operation,Underground mining and beneficiation at Timmins Operation,Biosphere (direct),"Carbon dioxide, fossil",,"('air', 'non-urban air or from high stacks')",kilogram,,25847.04217093828,62.26862032370975,41508.93666275213
Timmins Operation,Underground mining and beneficiation at Timmins Operation,Biosphere (direct),"Carbon monoxide, fossil",,"('air', 'lower stratosphere + upper troposphere')",kilogram,,643.4978638257024,1.5502634265337434,41508.93666275213
Timmins Operation,Underground mining and beneficiation at Timmins Operation,Biosphere (direct),Dinitrogen monoxide,,"('air',)",kilogram,,31.356828176632007,0.07554235472567507,41508.93666275213
Timmins Operation,Underground mining and beneficiation at Timmins Operation,Biosphere (direct),"Methane, fossil",,"('air', 'non-urban air or from high stacks')",kilogram,,6.02455871627045,0.014513883516742944,41508.93666275213
Timmins Operation,Underground mining and beneficiation at Timmins Operation,Technosphere (first-tier),"market for electricity, medium voltage","electricity, medium voltage",,kilowatt hour,CA-ON,3954.088741531242,9.5258733647095,41508.93666275213
Timmins Operation,Underground mining and beneficiation at Timmins Operation,Technosphere (first-tier),market for diesel,diesel,,kilogram,RoW,3754.2548725595375,9.044449639993795,41508.93666275213
Timmins Operation,Underground mining and beneficiation at Timmins Operation,Technosphere (first-tier),"market for explosive, tovex","explosive, tovex",,kilogram,GLO,2498.5174125145018,6.019227697433492,41508.93666275213
Timmins Operation,Underground mining and beneficiation at Timmins Operation,Technosphere (first-tier),"market for steel, low-alloyed","steel, low-alloyed",,kilogram,GLO,1684.6709289612988,4.058574043100052,41508.93666275213
Timmins Operation,Underground mining and beneficiation at Timmins Operation,Technosphere (first-tier),market for sodium cyanide,sodium cyanide,,kilogram,RoW,1172.5557029592637,2.8248271269532466,41508.93666275213
Timmins Operation,Underground mining and beneficiation at Timmins Operation,Technosphere (first-tier),"market for cement, unspecified","cement, unspecified",,kilogram,RoW,808.4090553612406,1.9475542385711437,41508.93666275213
Timmins Operation,Underground mining and beneficiation at Timmins Operation,Technosphere (first-tier),"market for natural gas, high pressure","natural gas, high pressure",,cubic meter,CA,705.9813969415984,1.7007937415441141,41508.93666275213
Timmins Operation,Underground mining and beneficiation at Timmins Operation,Technosphere (first-tier),market for liquefied petroleum gas,liquefied petroleum gas,,kilogram,RoW,91.07500445651263,0.21941059390769313,41508.93666275213
Timmins Operation,Underground mining and beneficiation at Timmins Operation,Technosphere (first-tier),"market for sulfur dioxide, liquid","sulfur dioxide, liquid",,kilogram,RoW,90.82323429388168,0.2188040494310748,41508.93666275213
Timmins Operation,Underground mining and beneficiation at Timmins Operation,Technosphere (first-tier),"market for activated carbon, granular","activated carbon, granular",,kilogram,GLO,73.05193337092342,0.1759908570158008,41508.93666275213
Timmins Operation,Underground mining and beneficiation at Timmins Operation,Technosphere (first-tier),market for lime,lime,,kilogram,RoW,58.58908325150845,0.14114811884372627,41508.93666275213
Timmins Operation,Underground mining and beneficiation at Timmins Operation,Technosphere (first-tier),market for polyacrylamide,polyacrylamide,,kilogram,GLO,46.08801075804736,0.11103153793723712,41508.93666275213
Timmins Operation,Underground mining and beneficiation at Timmins Operation,Technosphere (first-tier),"market for hydrochloric acid, without water, in 30% solution state","hydrochloric acid, without water, in 30% solution state",,kilogram,RoW,24.466102385521534,0.05894177098368335,41508.93666275213
Timmins Operation,Underground mining and beneficiation at Timmins Operation,Technosphere (first-tier),market for sodium bicarbonate,sodium bicarbonate,,kilogram,RoW,14.268951116497416,0.0343756122505099,41508.93666275213
Timmins Operation,Underground mining and beneficiation at Timmins Operation,Technosphere (first-tier),market for ammonium nitrate,ammonium nitrate,,kilogram,RoW,4.173760944000206,0.010055090010883156,41508.93666275213
Timmins Operation,Underground mining and beneficiation at Timmins Operation,Technosphere (first-tier),"market for sulfidic tailings, from gold mine operation","sulfidic tailings, from gold mine operation",,kilogram,CA,-0.0,-0.0,41508.93666275213
Voisey's Bay,Open-pit and underground mining and beneficiation at Voisey’s Bay,Biosphere (direct),"Carbon dioxide, fossil",,"('air', 'non-urban air or from high stacks')",kilogram,,1.9782044444444002,59.148118750052646,3.344492582771518
Voisey's Bay,Open-pit and underground mining and beneficiation at Voisey’s Bay,Biosphere (direct),Dinitrogen monoxide,,"('air',)",kilogram,,0.08089105671111112,2.4186346571018027,3.344492582771518
Voisey's Bay,Open-pit and underground mining and beneficiation at Voisey’s Bay,Biosphere (direct),"Carbon monoxide, fossil",,"('air', 'lower stratosphere + upper troposphere')",kilogram,,0.031178944000000007,0.932247365732311,3.344492582771518
Voisey's Bay,Open-pit and underground mining and beneficiation at Voisey’s Bay,Biosphere (direct),"Carbon dioxide, from soil or biomass stock",,"('air', 'low population density, long-term')",kilogram,,0.009461511806553958,0.28289827447347426,3.344492582771518
Voisey's Bay,Open-pit and underground mining and beneficiation at Voisey’s Bay,Biosphere (direct),"Methane, fossil",,"('air', 'non-urban air or from high stacks')",kilogram,,0.0031797739022222226,0.09507492761688842,3.344492582771518
Voisey's Bay,Open-pit and underground mining and beneficiation at Voisey’s Bay,Technosphere (first-tier),"market for electricity, medium voltage","electricity, medium voltage",,kilowatt hour,CA-NF,0.4425471337194945,13.232115867117997,3.344492582771518
Voisey's Bay,Open-pit and underground mining and beneficiation at Voisey’s Bay,Technosphere (first-tier),"market for steel, low-alloyed","steel, low-alloyed",,kilogram,GLO,0.3190877489683771,9.54069237922947,3.344492582771518
Voisey's Bay,Open-pit and underground mining and beneficiation at Voisey’s Bay,Technosphere (first-tier),market for diesel,diesel,,kilogram,RoW,0.2415825389392532,7.223294205635771,3.344492582771518
Voisey's Bay,Open-pit and underground mining and beneficiation at Voisey’s Bay,Technosphere (first-tier),"market for natural gas, high pressure","natural gas, high pressure",,cubic meter,CA,0.18090157722304762,5.408939405484879,3.344492582771518
Voisey's Bay,Open-pit and underground mining and beneficiation at Voisey’s Bay,Technosphere (first-tier),market for liquefied petroleum gas,liquefied petroleum gas,,kilogram,RoW,0.027130340806898315,0.811194527584089,3.344492582771518
Voisey's Bay,Open-pit and underground mining and beneficiation at Voisey’s Bay,Technosphere (first-tier),"market for cement, unspecified","cement, unspecified",,kilogram,RoW,0.02038945746532787,0.6096427772141002,3.344492582771518
Voisey's Bay,Open-pit and underground mining and beneficiation at Voisey’s Bay,Technosphere (first-tier),market for lime,lime,,kilogram,RoW,0.0068703309713498825,0.20542222179654435,3.344492582771518
Voisey's Bay,Open-pit and underground mining and beneficiation at Voisey’s Bay,Technosphere (first-tier),"market for ammonia, anhydrous, liquid","ammonia, anhydrous, liquid",,kilogram,RoW,0.002758469967825706,0.08247798132474296,3.344492582771518
Voisey's Bay,Open-pit and underground mining and beneficiation at Voisey’s Bay,Technosphere (first-tier),market for sulfuric acid,sulfuric acid,,kilogram,RoW,0.0003092091339438565,0.009245322759472851,3.344492582771518
Voisey's Bay,Open-pit and underground mining and beneficiation at Voisey’s Bay,Technosphere (first-tier),"market for sulfidic tailings, from nickel mine operation","sulfidic tailings, from nickel mine operation",,kilogram,CA,-0.0,-0.0,3.344492582771518
Westwood-Doyon,Underground mining and beneficiation at Westwood-Doyon,Biosphere (direct),"Carbon dioxide, fossil",,"('air', 'non-urban air or from high stacks')",kilogram,,3660.1190412901315,26.04548252779471,14052.79797517361
Westwood-Doyon,Underground mining and beneficiation at Westwood-Doyon,Biosphere (direct),"Carbon dioxide, from soil or biomass stock",,"('air', 'low population density, long-term')",kilogram,,709.9815967276768,5.052243674049585,14052.79797517361
Westwood-Doyon,Underground mining and beneficiation at Westwood-Doyon,Biosphere (direct),Dinitrogen monoxide,,"('air',)",kilogram,,331.2592813502418,2.3572478728824064,14052.79797517361
Westwood-Doyon,Underground mining and beneficiation at Westwood-Doyon,Biosphere (direct),"Methane, fossil",,"('air', 'non-urban air or from high stacks')",kilogram,,5.31862856865291,0.037847470504088015,14052.79797517361
Westwood-Doyon,Underground mining and beneficiation at Westwood-Doyon,Biosphere (direct),"Carbon monoxide, fossil",,"('air', 'lower stratosphere + upper troposphere')",kilogram,,4.26033002693155,0.03031659627113452,14052.79797517361
Westwood-Doyon,Underground mining and beneficiation at Westwood-Doyon,Technosphere (first-tier),"market for explosive, tovex","explosive, tovex",,kilogram,GLO,5608.700661845653,39.91162949723087,14052.79797517361
Westwood-Doyon,Underground mining and beneficiation at Westwood-Doyon,Technosphere (first-tier),market for diesel,diesel,,kilogram,RoW,1001.3253018586407,7.125451483950977,14052.79797517361
Westwood-Doyon,Underground mining and beneficiation at Westwood-Doyon,Technosphere (first-tier),"market for electricity, medium voltage","electricity, medium voltage",,kilowatt hour,CA-QC,872.8792032475405,6.211426399138546,14052.79797517361
Westwood-Doyon,Underground mining and beneficiation at Westwood-Doyon,Technosphere (first-tier),market for sodium cyanide,sodium cyanide,,kilogram,RoW,706.3243313246062,5.026218498070169,14052.79797517361
Westwood-Doyon,Underground mining and beneficiation at Westwood-Doyon,Technosphere (first-tier),"market for cement, unspecified","cement, unspecified",,kilogram,RoW,543.9402622439944,3.87069011598222,14052.79797517361
Westwood-Doyon,Underground mining and beneficiation at Westwood-Doyon,Technosphere (first-tier),"market for natural gas, high pressure","natural gas, high pressure",,cubic meter,CA,207.04432578812313,1.4733316892045145,14052.79797517361
Westwood-Doyon,Underground mining and beneficiation at Westwood-Doyon,Technosphere (first-tier),market for lime,lime,,kilogram,RoW,103.17715691332282,0.7342107749332258,14052.79797517361
Westwood-Doyon,Underground mining and beneficiation at Westwood-Doyon,Technosphere (first-tier),market for lubricating oil,lubricating oil,,kilogram,RoW,100.85586550274523,0.717692417416961,14052.79797517361
Westwood-Doyon,Underground mining and beneficiation at Westwood-Doyon,Technosphere (first-tier),"market for sulfur dioxide, liquid","sulfur dioxide, liquid",,kilogram,RoW,61.1106636572572,0.43486474199101427,14052.79797517361
Westwood-Doyon,Underground mining and beneficiation at Westwood-Doyon,Technosphere (first-tier),"market for activated carbon, granular","activated carbon, granular",,kilogram,GLO,49.15319482344829,0.3497751473427913,14052.79797517361
Westwood-Doyon,Underground mining and beneficiation at Westwood-Doyon,Technosphere (first-tier),market for polyacrylamide,polyacrylamide,,kilogram,GLO,44.917864831738505,0.31963645183751094,14052.79797517361
Westwood-Doyon,Underground mining and beneficiation at Westwood-Doyon,Technosphere (first-tier),"market for sodium hydroxide, without water, in 50% solution state","sodium hydroxide, without water, in 50% solution state",,kilogram,RoW,31.389283990132864,0.22336679176336827,14052.79797517361
Westwood-Doyon,Underground mining and beneficiation at Westwood-Doyon,Technosphere (first-tier),market for sodium bicarbonate,sodium bicarbonate,,kilogram,RoW,10.844274506517918,0.07716808087383001,14052.79797517361
Westwood-Doyon,Underground mining and beneficiation at Westwood-Doyon,Technosphere (first-tier),market for propane,propane,,kilogram,GLO,0.19661709206044306,0.001399131279107526,14052.79797517361
Westwood-Doyon,Underground mining and beneficiation at Westwood-Doyon,Technosphere (first-tier),"market for sulfidic tailings, from gold mine operation","sulfidic tailings, from gold mine operation",,kilogram,CA,-0.0,-0.0,14052.79797517361
Éléonore,Underground mining and beneficiation at Éléonore,Biosphere (direct),"Carbon dioxide, fossil",,"('air', 'non-urban air or from high stacks')",kilogram,,4392.174643339537,31.644058104907252,13879.934832563129
Éléonore,Underground mining and beneficiation at Éléonore,Biosphere (direct),Dinitrogen monoxide,,"('air',)",kilogram,,376.8217743864916,2.7148670287878147,13879.934832563129
Éléonore,Underground mining and beneficiation at Éléonore,Biosphere (direct),"Carbon monoxide, fossil",,"('air', 'lower stratosphere + upper troposphere')",kilogram,,161.32318711415058,1.1622762574913326,13879.934832563129
Éléonore,Underground mining and beneficiation at Éléonore,Biosphere (direct),"Methane, fossil",,"('air', 'non-urban air or from high stacks')",kilogram,,5.922340444811026,0.04266835915480578,13879.934832563129
Éléonore,Underground mining and beneficiation at Éléonore,Biosphere (direct),"Carbon dioxide, from soil or biomass stock",,"('air', 'low population density, long-term')",kilogram,,0.0,0.0,13879.934832563129
Éléonore,Underground mining and beneficiation at Éléonore,Technosphere (first-tier),"market for cement, unspecified","cement, unspecified",,kilogram,RoW,3005.0621662390267,21.650405441306376,13879.934832563129
Éléonore,Underground mining and beneficiation at Éléonore,Technosphere (first-tier),"market for steel, low-alloyed","steel, low-alloyed",,kilogram,GLO,1687.3455193977516,12.15672508374565,13879.934832563129
Éléonore,Underground mining and beneficiation at Éléonore,Technosphere (first-tier),market for diesel,diesel,,kilogram,RoW,1010.3699804446669,7.279356802701123,13879.934832563129
Éléonore,Underground mining and beneficiation at Éléonore,Technosphere (first-tier),"market for explosive, tovex","explosive, tovex",,kilogram,GLO,941.9159979650078,6.786170175347066,13879.934832563129
Éléonore,Underground mining and beneficiation at Éléonore,Technosphere (first-tier),market for sodium cyanide,sodium cyanide,,kilogram,RoW,789.5651831215429,5.688536672875274,13879.934832563129
Éléonore,Underground mining and beneficiation at Éléonore,Technosphere (first-tier),"market for electricity, medium voltage","electricity, medium voltage",,kilowatt hour,CA-QC,787.977687526007,5.677099331023989,13879.934832563129
Éléonore,Underground mining and beneficiation at Éléonore,Technosphere (first-tier),market for propane,propane,,kilogram,GLO,451.46200986030254,3.2526234114669372,13879.934832563129
Éléonore,Underground mining and beneficiation at Éléonore,Technosphere (first-tier),market for synthetic rubber,synthetic rubber,,kilogram,GLO,103.9316634634195,0.7487907163626576,13879.934832563129
Éléonore,Underground mining and beneficiation at Éléonore,Technosphere (first-tier),market for lubricating oil,lubricating oil,,kilogram,RoW,77.09887550827581,0.5554700107625679,13879.934832563129
Éléonore,Underground mining and beneficiation at Éléonore,Technosphere (first-tier),market for kerosene,kerosene,,kilogram,RoW,54.3961810482871,0.3919051616919016,13879.934832563129
Éléonore,Underground mining and beneficiation at Éléonore,Technosphere (first-tier),market for lime,lime,,kilogram,RoW,24.1418386105641,0.17393337145881949,13879.934832563129
Éléonore,Underground mining and beneficiation at Éléonore,Technosphere (first-tier),"market for nitric acid, without water, in 50% solution state","nitric acid, without water, in 50% solution state",,kilogram,RoW,10.422344418392436,0.07508928928067453,13879.934832563129
Éléonore,Underground mining and beneficiation at Éléonore,Technosphere (first-tier),market for sulfuric acid,sulfuric acid,,kilogram,RoW,0.0031841307421647137,2.294053092161902e-05,13879.934832563129
Éléonore,Underground mining and beneficiation at Éléonore,Technosphere (first-tier),"market for sulfidic tailings, from gold mine operation","sulfidic tailings, from gold mine operation",,kilogram,CA,-0.0,-0.0,13879.934832563129
