env_id,year,compartment_name,substance_id,flow_direction,release_pathway,unit,value,comment,main_id,facility_group_id,company_id,source_id,site_id
GHG-10011-2023-1,2023,Air,124-38-9,Emission,Flaring / Torchage,tonnes,402.2,,ON-MAIN-eab8c362,,CMP-0f9c0b53,https://www.canada.ca/en/environment-climate-change/services/environmental-indicators/greenhouse-gas-emissions/large-facilities.html; https://open.canada.ca/data/en/dataset/a8ba14b7-7f23-462a-bdbb-83b0ef629823,ON-MAIN-eab8c362
GHG-10011-2023-2,2023,Air,124-38-9,Emission,Stationary Fuel Combustion,tonnes,977163.917,,ON-MAIN-eab8c362,,CMP-0f9c0b53,https://www.canada.ca/en/environment-climate-change/services/environmental-indicators/greenhouse-gas-emissions/large-facilities.html; https://open.canada.ca/data/en/dataset/a8ba14b7-7f23-462a-bdbb-83b0ef629823,ON-MAIN-eab8c362
GHG-10011-2023-3,2023,Air,124-38-9,Emission,Industrial Processes,tonnes,3276798.403,,ON-MAIN-eab8c362,,CMP-0f9c0b53,https://www.canada.ca/en/environment-climate-change/services/environmental-indicators/greenhouse-gas-emissions/large-facilities.html; https://open.canada.ca/data/en/dataset/a8ba14b7-7f23-462a-bdbb-83b0ef629823,ON-MAIN-eab8c362
GHG-10011-2023-4,2023,Air,124-38-9,Emission,On-site Transportation,tonnes,22471.58,,ON-MAIN-eab8c362,,CMP-0f9c0b53,https://www.canada.ca/en/environment-climate-change/services/environmental-indicators/greenhouse-gas-emissions/large-facilities.html; https://open.canada.ca/data/en/dataset/a8ba14b7-7f23-462a-bdbb-83b0ef629823,ON-MAIN-eab8c362
GHG-10013-2023-1,2023,Air,124-38-9,Emission,Stationary Fuel Combustion,tonnes,26864.0,,QC-MAIN-52c01ae4,,CMP-140e111b,https://www.canada.ca/en/environment-climate-change/services/environmental-indicators/greenhouse-gas-emissions/large-facilities.html; https://open.canada.ca/data/en/dataset/a8ba14b7-7f23-462a-bdbb-83b0ef629823,QC-MAIN-52c01ae4
GHG-10013-2023-2,2023,Air,124-38-9,Emission,Industrial Processes,tonnes,492312.0,,QC-MAIN-52c01ae4,,CMP-140e111b,https://www.canada.ca/en/environment-climate-change/services/environmental-indicators/greenhouse-gas-emissions/large-facilities.html; https://open.canada.ca/data/en/dataset/a8ba14b7-7f23-462a-bdbb-83b0ef629823,QC-MAIN-52c01ae4
GHG-10013-2023-3,2023,Air,124-38-9,Emission,On-site Transportation,tonnes,2681.0,,QC-MAIN-52c01ae4,,CMP-140e111b,https://www.canada.ca/en/environment-climate-change/services/environmental-indicators/greenhouse-gas-emissions/large-facilities.html; https://open.canada.ca/data/en/dataset/a8ba14b7-7f23-462a-bdbb-83b0ef629823,QC-MAIN-52c01ae4
GHG-10014-2023-1,2023,Air,124-38-9,Emission,Stationary Fuel Combustion,tonnes,60447.0,,QC-MAIN-c8966bdc,,CMP-dc21de8a,https://www.canada.ca/en/environment-climate-change/services/environmental-indicators/greenhouse-gas-emissions/large-facilities.html; https://open.canada.ca/data/en/dataset/a8ba14b7-7f23-462a-bdbb-83b0ef629823,QC-MAIN-c8966bdc
GHG-10014-2023-2,2023,Air,124-38-9,Emission,Industrial Processes,tonnes,734647.1411,,QC-MAIN-c8966bdc,,CMP-dc21de8a,https://www.canada.ca/en/environment-climate-change/services/environmental-indicators/greenhouse-gas-emissions/large-facilities.html; https://open.canada.ca/data/en/dataset/a8ba14b7-7f23-462a-bdbb-83b0ef629823,QC-MAIN-c8966bdc
GHG-10014-2023-3,2023,Air,124-38-9,Emission,On-site Transportation,tonnes,3184.9043,,QC-MAIN-c8966bdc,,CMP-dc21de8a,https://www.canada.ca/en/environment-climate-change/services/environmental-indicators/greenhouse-gas-emissions/large-facilities.html; https://open.canada.ca/data/en/dataset/a8ba14b7-7f23-462a-bdbb-83b0ef629823,QC-MAIN-c8966bdc
GHG-10052-2023-1,2023,Air,124-38-9,Emission,Stationary Fuel Combustion,tonnes,504422.833,,NL-MAIN-dd723db4,,CMP-2da4630a,https://www.canada.ca/en/environment-climate-change/services/environmental-indicators/greenhouse-gas-emissions/large-facilities.html; https://open.canada.ca/data/en/dataset/a8ba14b7-7f23-462a-bdbb-83b0ef629823,NL-MAIN-dd723db4
GHG-10052-2023-2,2023,Air,124-38-9,Emission,Industrial Processes,tonnes,129810.756,,NL-MAIN-dd723db4,,CMP-2da4630a,https://www.canada.ca/en/environment-climate-change/services/environmental-indicators/greenhouse-gas-emissions/large-facilities.html; https://open.canada.ca/data/en/dataset/a8ba14b7-7f23-462a-bdbb-83b0ef629823,NL-MAIN-dd723db4
GHG-10052-2023-3,2023,Air,124-38-9,Emission,On-site Transportation,tonnes,140977.403,,NL-MAIN-dd723db4,,CMP-2da4630a,https://www.canada.ca/en/environment-climate-change/services/environmental-indicators/greenhouse-gas-emissions/large-facilities.html; https://open.canada.ca/data/en/dataset/a8ba14b7-7f23-462a-bdbb-83b0ef629823,NL-MAIN-dd723db4
GHG-10091-2023-1,2023,Air,124-38-9,Emission,Stationary Fuel Combustion,tonnes,848845.9052,,ON-MAIN-4c35e094,,CMP-3775c12e,https://www.canada.ca/en/environment-climate-change/services/environmental-indicators/greenhouse-gas-emissions/large-facilities.html; https://open.canada.ca/data/en/dataset/a8ba14b7-7f23-462a-bdbb-83b0ef629823,ON-MAIN-4c35e094
GHG-10091-2023-2,2023,Air,124-38-9,Emission,Industrial Processes,tonnes,3288316.939,,ON-MAIN-4c35e094,,CMP-3775c12e,https://www.canada.ca/en/environment-climate-change/services/environmental-indicators/greenhouse-gas-emissions/large-facilities.html; https://open.canada.ca/data/en/dataset/a8ba14b7-7f23-462a-bdbb-83b0ef629823,ON-MAIN-4c35e094
GHG-10091-2023-3,2023,Air,124-38-9,Emission,On-site Transportation,tonnes,23770.1698,,ON-MAIN-4c35e094,,CMP-3775c12e,https://www.canada.ca/en/environment-climate-change/services/environmental-indicators/greenhouse-gas-emissions/large-facilities.html; https://open.canada.ca/data/en/dataset/a8ba14b7-7f23-462a-bdbb-83b0ef629823,ON-MAIN-4c35e094
GHG-10103-2023-1,2023,Air,124-38-9,Emission,Stationary Fuel Combustion,tonnes,771.0,,QC-MAIN-5398dfac,,CMP-89ae3b2b,https://www.canada.ca/en/environment-climate-change/services/environmental-indicators/greenhouse-gas-emissions/large-facilities.html; https://open.canada.ca/data/en/dataset/a8ba14b7-7f23-462a-bdbb-83b0ef629823,QC-MAIN-5398dfac
GHG-10103-2023-2,2023,Air,124-38-9,Emission,Industrial Processes,tonnes,112551.0,,QC-MAIN-5398dfac,,CMP-89ae3b2b,https://www.canada.ca/en/environment-climate-change/services/environmental-indicators/greenhouse-gas-emissions/large-facilities.html; https://open.canada.ca/data/en/dataset/a8ba14b7-7f23-462a-bdbb-83b0ef629823,QC-MAIN-5398dfac
GHG-10103-2023-3,2023,Air,124-38-9,Emission,On-site Transportation,tonnes,297.8,,QC-MAIN-5398dfac,,CMP-89ae3b2b,https://www.canada.ca/en/environment-climate-change/services/environmental-indicators/greenhouse-gas-emissions/large-facilities.html; https://open.canada.ca/data/en/dataset/a8ba14b7-7f23-462a-bdbb-83b0ef629823,QC-MAIN-5398dfac
GHG-10119-2023-1,2023,Air,124-38-9,Emission,Flaring / Torchage,tonnes,785.8346,,AB-MAIN-d3a4aba9,,CMP-2ef1f553,https://www.canada.ca/en/environment-climate-change/services/environmental-indicators/greenhouse-gas-emissions/large-facilities.html; https://open.canada.ca/data/en/dataset/a8ba14b7-7f23-462a-bdbb-83b0ef629823,AB-MAIN-d3a4aba9
GHG-10119-2023-2,2023,Air,124-38-9,Emission,Stationary Fuel Combustion,tonnes,211002.4599,,AB-MAIN-d3a4aba9,,CMP-2ef1f553,https://www.canada.ca/en/environment-climate-change/services/environmental-indicators/greenhouse-gas-emissions/large-facilities.html; https://open.canada.ca/data/en/dataset/a8ba14b7-7f23-462a-bdbb-83b0ef629823,AB-MAIN-d3a4aba9
GHG-10119-2023-3,2023,Air,124-38-9,Emission,Industrial Processes,tonnes,83198.1936,,AB-MAIN-d3a4aba9,,CMP-2ef1f553,https://www.canada.ca/en/environment-climate-change/services/environmental-indicators/greenhouse-gas-emissions/large-facilities.html; https://open.canada.ca/data/en/dataset/a8ba14b7-7f23-462a-bdbb-83b0ef629823,AB-MAIN-d3a4aba9
GHG-10119-2023-4,2023,Air,124-38-9,Emission,On-site Transportation,tonnes,1772.9661,,AB-MAIN-d3a4aba9,,CMP-2ef1f553,https://www.canada.ca/en/environment-climate-change/services/environmental-indicators/greenhouse-gas-emissions/large-facilities.html; https://open.canada.ca/data/en/dataset/a8ba14b7-7f23-462a-bdbb-83b0ef629823,AB-MAIN-d3a4aba9
GHG-10119-2023-5,2023,Air,124-38-9,Emission,Venting / Évacuation,tonnes,601.1804,,AB-MAIN-d3a4aba9,,CMP-2ef1f553,https://www.canada.ca/en/environment-climate-change/services/environmental-indicators/greenhouse-gas-emissions/large-facilities.html; https://open.canada.ca/data/en/dataset/a8ba14b7-7f23-462a-bdbb-83b0ef629823,AB-MAIN-d3a4aba9
GHG-10128-2023-1,2023,Air,124-38-9,Emission,Stationary Fuel Combustion,tonnes,55929.09877,,ON-MAIN-21b6ab35,,CMP-a70130b4,https://www.canada.ca/en/environment-climate-change/services/environmental-indicators/greenhouse-gas-emissions/large-facilities.html; https://open.canada.ca/data/en/dataset/a8ba14b7-7f23-462a-bdbb-83b0ef629823,ON-MAIN-21b6ab35
GHG-10128-2023-2,2023,Air,124-38-9,Emission,Industrial Processes,tonnes,38329.4691,,ON-MAIN-21b6ab35,,CMP-a70130b4,https://www.canada.ca/en/environment-climate-change/services/environmental-indicators/greenhouse-gas-emissions/large-facilities.html; https://open.canada.ca/data/en/dataset/a8ba14b7-7f23-462a-bdbb-83b0ef629823,ON-MAIN-21b6ab35
GHG-10128-2023-3,2023,Air,124-38-9,Emission,On-site Transportation,tonnes,2504.945801,,ON-MAIN-21b6ab35,,CMP-a70130b4,https://www.canada.ca/en/environment-climate-change/services/environmental-indicators/greenhouse-gas-emissions/large-facilities.html; https://open.canada.ca/data/en/dataset/a8ba14b7-7f23-462a-bdbb-83b0ef629823,ON-MAIN-21b6ab35
GHG-10150-2023-1,2023,Air,124-38-9,Emission,Stationary Fuel Combustion,tonnes,128041.1552,,SK-MAIN-26b9aaf3,,CMP-28720916,https://www.canada.ca/en/environment-climate-change/services/environmental-indicators/greenhouse-gas-emissions/large-facilities.html; https://open.canada.ca/data/en/dataset/a8ba14b7-7f23-462a-bdbb-83b0ef629823,SK-MAIN-26b9aaf3
GHG-10150-2023-2,2023,Air,124-38-9,Emission,Industrial Processes,tonnes,77456.3429,,SK-MAIN-26b9aaf3,,CMP-28720916,https://www.canada.ca/en/environment-climate-change/services/environmental-indicators/greenhouse-gas-emissions/large-facilities.html; https://open.canada.ca/data/en/dataset/a8ba14b7-7f23-462a-bdbb-83b0ef629823,SK-MAIN-26b9aaf3
GHG-10150-2023-3,2023,Air,124-38-9,Emission,On-site Transportation,tonnes,7604.7767,,SK-MAIN-26b9aaf3,,CMP-28720916,https://www.canada.ca/en/environment-climate-change/services/environmental-indicators/greenhouse-gas-emissions/large-facilities.html; https://open.canada.ca/data/en/dataset/a8ba14b7-7f23-462a-bdbb-83b0ef629823,SK-MAIN-26b9aaf3
GHG-10164-2023-1,2023,Air,124-38-9,Emission,Stationary Fuel Combustion,tonnes,20752.326,,ON-MAIN-f8313ebd,,CMP-d5f1c66b,https://www.canada.ca/en/environment-climate-change/services/environmental-indicators/greenhouse-gas-emissions/large-facilities.html; https://open.canada.ca/data/en/dataset/a8ba14b7-7f23-462a-bdbb-83b0ef629823,ON-MAIN-f8313ebd
GHG-10164-2023-2,2023,Air,124-38-9,Emission,On-site Transportation,tonnes,8266.7293,,ON-MAIN-f8313ebd,,CMP-d5f1c66b,https://www.canada.ca/en/environment-climate-change/services/environmental-indicators/greenhouse-gas-emissions/large-facilities.html; https://open.canada.ca/data/en/dataset/a8ba14b7-7f23-462a-bdbb-83b0ef629823,ON-MAIN-f8313ebd
GHG-10240-2023-1,2023,Air,124-38-9,Emission,Stationary Fuel Combustion,tonnes,138037.1125,,QC-MAIN-a97821c0,,CMP-d5f1c66b,https://www.canada.ca/en/environment-climate-change/services/environmental-indicators/greenhouse-gas-emissions/large-facilities.html; https://open.canada.ca/data/en/dataset/a8ba14b7-7f23-462a-bdbb-83b0ef629823,QC-MAIN-a97821c0
GHG-10240-2023-2,2023,Air,124-38-9,Emission,Industrial Processes,tonnes,1553.41073,,QC-MAIN-a97821c0,,CMP-d5f1c66b,https://www.canada.ca/en/environment-climate-change/services/environmental-indicators/greenhouse-gas-emissions/large-facilities.html; https://open.canada.ca/data/en/dataset/a8ba14b7-7f23-462a-bdbb-83b0ef629823,QC-MAIN-a97821c0
GHG-10240-2023-3,2023,Air,124-38-9,Emission,On-site Transportation,tonnes,17060.32142,,QC-MAIN-a97821c0,,CMP-d5f1c66b,https://www.canada.ca/en/environment-climate-change/services/environmental-indicators/greenhouse-gas-emissions/large-facilities.html; https://open.canada.ca/data/en/dataset/a8ba14b7-7f23-462a-bdbb-83b0ef629823,QC-MAIN-a97821c0
GHG-10240-2023-4,2023,Air,124-38-9,Emission,Waste,tonnes,7.744957,,QC-MAIN-a97821c0,,CMP-d5f1c66b,https://www.canada.ca/en/environment-climate-change/services/environmental-indicators/greenhouse-gas-emissions/large-facilities.html; https://open.canada.ca/data/en/dataset/a8ba14b7-7f23-462a-bdbb-83b0ef629823,QC-MAIN-a97821c0
GHG-10240-2023-5,2023,Air,124-38-9,Emission,Wastewater,tonnes,0.0,,QC-MAIN-a97821c0,,CMP-d5f1c66b,https://www.canada.ca/en/environment-climate-change/services/environmental-indicators/greenhouse-gas-emissions/large-facilities.html; https://open.canada.ca/data/en/dataset/a8ba14b7-7f23-462a-bdbb-83b0ef629823,QC-MAIN-a97821c0
GHG-10275-2023-1,2023,Air,124-38-9,Emission,Flaring / Torchage,tonnes,0.0,,ON-MAIN-020a683c,,CMP-75ff8886,https://www.canada.ca/en/environment-climate-change/services/environmental-indicators/greenhouse-gas-emissions/large-facilities.html; https://open.canada.ca/data/en/dataset/a8ba14b7-7f23-462a-bdbb-83b0ef629823,ON-MAIN-020a683c
GHG-10275-2023-2,2023,Air,124-38-9,Emission,Leakage / Fuites,tonnes,0.0,,ON-MAIN-020a683c,,CMP-75ff8886,https://www.canada.ca/en/environment-climate-change/services/environmental-indicators/greenhouse-gas-emissions/large-facilities.html; https://open.canada.ca/data/en/dataset/a8ba14b7-7f23-462a-bdbb-83b0ef629823,ON-MAIN-020a683c
GHG-10275-2023-3,2023,Air,124-38-9,Emission,Stationary Fuel Combustion,tonnes,225538.63,,ON-MAIN-020a683c,,CMP-75ff8886,https://www.canada.ca/en/environment-climate-change/services/environmental-indicators/greenhouse-gas-emissions/large-facilities.html; https://open.canada.ca/data/en/dataset/a8ba14b7-7f23-462a-bdbb-83b0ef629823,ON-MAIN-020a683c
GHG-10275-2023-4,2023,Air,124-38-9,Emission,On-site Transportation,tonnes,3227.98,,ON-MAIN-020a683c,,CMP-75ff8886,https://www.canada.ca/en/environment-climate-change/services/environmental-indicators/greenhouse-gas-emissions/large-facilities.html; https://open.canada.ca/data/en/dataset/a8ba14b7-7f23-462a-bdbb-83b0ef629823,ON-MAIN-020a683c
GHG-10275-2023-5,2023,Air,124-38-9,Emission,Waste,tonnes,0.0,,ON-MAIN-020a683c,,CMP-75ff8886,https://www.canada.ca/en/environment-climate-change/services/environmental-indicators/greenhouse-gas-emissions/large-facilities.html; https://open.canada.ca/data/en/dataset/a8ba14b7-7f23-462a-bdbb-83b0ef629823,ON-MAIN-020a683c
GHG-10275-2023-6,2023,Air,124-38-9,Emission,Wastewater,tonnes,0.0,,ON-MAIN-020a683c,,CMP-75ff8886,https://www.canada.ca/en/environment-climate-change/services/environmental-indicators/greenhouse-gas-emissions/large-facilities.html; https://open.canada.ca/data/en/dataset/a8ba14b7-7f23-462a-bdbb-83b0ef629823,ON-MAIN-020a683c
GHG-10276-2023-1,2023,Air,124-38-9,Emission,Leakage / Fuites,tonnes,0.0,,ON-MAIN-b2e5c9bb,,CMP-75ff8886,https://www.canada.ca/en/environment-climate-change/services/environmental-indicators/greenhouse-gas-emissions/large-facilities.html; https://open.canada.ca/data/en/dataset/a8ba14b7-7f23-462a-bdbb-83b0ef629823,ON-MAIN-b2e5c9bb
GHG-10276-2023-2,2023,Air,124-38-9,Emission,Stationary Fuel Combustion,tonnes,616189.559,,ON-MAIN-b2e5c9bb,,CMP-75ff8886,https://www.canada.ca/en/environment-climate-change/services/environmental-indicators/greenhouse-gas-emissions/large-facilities.html; https://open.canada.ca/data/en/dataset/a8ba14b7-7f23-462a-bdbb-83b0ef629823,ON-MAIN-b2e5c9bb
GHG-10276-2023-3,2023,Air,124-38-9,Emission,Industrial Processes,tonnes,3119850.0,,ON-MAIN-b2e5c9bb,,CMP-75ff8886,https://www.canada.ca/en/environment-climate-change/services/environmental-indicators/greenhouse-gas-emissions/large-facilities.html; https://open.canada.ca/data/en/dataset/a8ba14b7-7f23-462a-bdbb-83b0ef629823,ON-MAIN-b2e5c9bb
GHG-10276-2023-4,2023,Air,124-38-9,Emission,On-site Transportation,tonnes,12978.086,,ON-MAIN-b2e5c9bb,,CMP-75ff8886,https://www.canada.ca/en/environment-climate-change/services/environmental-indicators/greenhouse-gas-emissions/large-facilities.html; https://open.canada.ca/data/en/dataset/a8ba14b7-7f23-462a-bdbb-83b0ef629823,ON-MAIN-b2e5c9bb
GHG-10289-2023-1,2023,Air,124-38-9,Emission,Leakage / Fuites,tonnes,0.0,,BC-MAIN-3bb6b7cd,,CMP-06e20c6e,https://www.canada.ca/en/environment-climate-change/services/environmental-indicators/greenhouse-gas-emissions/large-facilities.html; https://open.canada.ca/data/en/dataset/a8ba14b7-7f23-462a-bdbb-83b0ef629823,BC-MAIN-3bb6b7cd
GHG-10289-2023-2,2023,Air,124-38-9,Emission,Stationary Fuel Combustion,tonnes,294161.1365,,BC-MAIN-3bb6b7cd,,CMP-06e20c6e,https://www.canada.ca/en/environment-climate-change/services/environmental-indicators/greenhouse-gas-emissions/large-facilities.html; https://open.canada.ca/data/en/dataset/a8ba14b7-7f23-462a-bdbb-83b0ef629823,BC-MAIN-3bb6b7cd
GHG-10289-2023-3,2023,Air,124-38-9,Emission,Industrial Processes,tonnes,73809.7326,,BC-MAIN-3bb6b7cd,,CMP-06e20c6e,https://www.canada.ca/en/environment-climate-change/services/environmental-indicators/greenhouse-gas-emissions/large-facilities.html; https://open.canada.ca/data/en/dataset/a8ba14b7-7f23-462a-bdbb-83b0ef629823,BC-MAIN-3bb6b7cd
GHG-10289-2023-4,2023,Air,124-38-9,Emission,On-site Transportation,tonnes,2376.3958,,BC-MAIN-3bb6b7cd,,CMP-06e20c6e,https://www.canada.ca/en/environment-climate-change/services/environmental-indicators/greenhouse-gas-emissions/large-facilities.html; https://open.canada.ca/data/en/dataset/a8ba14b7-7f23-462a-bdbb-83b0ef629823,BC-MAIN-3bb6b7cd
GHG-10300-2023-1,2023,Air,124-38-9,Emission,Stationary Fuel Combustion,tonnes,33366.0,,QC-MAIN-eac5a52b,,CMP-140e111b,https://www.canada.ca/en/environment-climate-change/services/environmental-indicators/greenhouse-gas-emissions/large-facilities.html; https://open.canada.ca/data/en/dataset/a8ba14b7-7f23-462a-bdbb-83b0ef629823,QC-MAIN-eac5a52b
GHG-10300-2023-2,2023,Air,124-38-9,Emission,Industrial Processes,tonnes,466653.0,,QC-MAIN-eac5a52b,,CMP-140e111b,https://www.canada.ca/en/environment-climate-change/services/environmental-indicators/greenhouse-gas-emissions/large-facilities.html; https://open.canada.ca/data/en/dataset/a8ba14b7-7f23-462a-bdbb-83b0ef629823,QC-MAIN-eac5a52b
GHG-10300-2023-3,2023,Air,124-38-9,Emission,On-site Transportation,tonnes,1502.0,,QC-MAIN-eac5a52b,,CMP-140e111b,https://www.canada.ca/en/environment-climate-change/services/environmental-indicators/greenhouse-gas-emissions/large-facilities.html; https://open.canada.ca/data/en/dataset/a8ba14b7-7f23-462a-bdbb-83b0ef629823,QC-MAIN-eac5a52b
GHG-10350-2023-1,2023,Air,124-38-9,Emission,Stationary Fuel Combustion,tonnes,76214.5865,,NL-MAIN-b64bae7a,,CMP-8a99044e,https://www.canada.ca/en/environment-climate-change/services/environmental-indicators/greenhouse-gas-emissions/large-facilities.html; https://open.canada.ca/data/en/dataset/a8ba14b7-7f23-462a-bdbb-83b0ef629823,NL-MAIN-b64bae7a
GHG-10350-2023-2,2023,Air,124-38-9,Emission,Industrial Processes,tonnes,1718.3632,,NL-MAIN-b64bae7a,,CMP-8a99044e,https://www.canada.ca/en/environment-climate-change/services/environmental-indicators/greenhouse-gas-emissions/large-facilities.html; https://open.canada.ca/data/en/dataset/a8ba14b7-7f23-462a-bdbb-83b0ef629823,NL-MAIN-b64bae7a
GHG-10350-2023-3,2023,Air,124-38-9,Emission,On-site Transportation,tonnes,30804.5179,,NL-MAIN-b64bae7a,,CMP-8a99044e,https://www.canada.ca/en/environment-climate-change/services/environmental-indicators/greenhouse-gas-emissions/large-facilities.html; https://open.canada.ca/data/en/dataset/a8ba14b7-7f23-462a-bdbb-83b0ef629823,NL-MAIN-b64bae7a
GHG-10385-2023-1,2023,Air,124-38-9,Emission,Stationary Fuel Combustion,tonnes,16582.3091,,BC-MAIN-bf503b6b,,CMP-06e20c6e,https://www.canada.ca/en/environment-climate-change/services/environmental-indicators/greenhouse-gas-emissions/large-facilities.html; https://open.canada.ca/data/en/dataset/a8ba14b7-7f23-462a-bdbb-83b0ef629823,BC-MAIN-bf503b6b
GHG-10385-2023-2,2023,Air,124-38-9,Emission,On-site Transportation,tonnes,160943.741,,BC-MAIN-bf503b6b,,CMP-06e20c6e,https://www.canada.ca/en/environment-climate-change/services/environmental-indicators/greenhouse-gas-emissions/large-facilities.html; https://open.canada.ca/data/en/dataset/a8ba14b7-7f23-462a-bdbb-83b0ef629823,BC-MAIN-bf503b6b
GHG-10420-2023-1,2023,Air,124-38-9,Emission,Stationary Fuel Combustion,tonnes,56312.83779,,AB-MAIN-9fed34a8,,CMP-c6e8351c,https://www.canada.ca/en/environment-climate-change/services/environmental-indicators/greenhouse-gas-emissions/large-facilities.html; https://open.canada.ca/data/en/dataset/a8ba14b7-7f23-462a-bdbb-83b0ef629823,AB-MAIN-9fed34a8
GHG-10420-2023-2,2023,Air,124-38-9,Emission,Industrial Processes,tonnes,22136.39353,,AB-MAIN-9fed34a8,,CMP-c6e8351c,https://www.canada.ca/en/environment-climate-change/services/environmental-indicators/greenhouse-gas-emissions/large-facilities.html; https://open.canada.ca/data/en/dataset/a8ba14b7-7f23-462a-bdbb-83b0ef629823,AB-MAIN-9fed34a8
GHG-10420-2023-3,2023,Air,124-38-9,Emission,On-site Transportation,tonnes,1960.62025,,AB-MAIN-9fed34a8,,CMP-c6e8351c,https://www.canada.ca/en/environment-climate-change/services/environmental-indicators/greenhouse-gas-emissions/large-facilities.html; https://open.canada.ca/data/en/dataset/a8ba14b7-7f23-462a-bdbb-83b0ef629823,AB-MAIN-9fed34a8
GHG-10468-2023-1,2023,Air,124-38-9,Emission,Stationary Fuel Combustion,tonnes,20095.139,,ON-MAIN-fefeaee4,,CMP-4a434d72,https://www.canada.ca/en/environment-climate-change/services/environmental-indicators/greenhouse-gas-emissions/large-facilities.html; https://open.canada.ca/data/en/dataset/a8ba14b7-7f23-462a-bdbb-83b0ef629823,ON-MAIN-fefeaee4
GHG-10468-2023-2,2023,Air,124-38-9,Emission,Industrial Processes,tonnes,268.354,,ON-MAIN-fefeaee4,,CMP-4a434d72,https://www.canada.ca/en/environment-climate-change/services/environmental-indicators/greenhouse-gas-emissions/large-facilities.html; https://open.canada.ca/data/en/dataset/a8ba14b7-7f23-462a-bdbb-83b0ef629823,ON-MAIN-fefeaee4
GHG-10468-2023-3,2023,Air,124-38-9,Emission,On-site Transportation,tonnes,16141.0802,,ON-MAIN-fefeaee4,,CMP-4a434d72,https://www.canada.ca/en/environment-climate-change/services/environmental-indicators/greenhouse-gas-emissions/large-facilities.html; https://open.canada.ca/data/en/dataset/a8ba14b7-7f23-462a-bdbb-83b0ef629823,ON-MAIN-fefeaee4
GHG-10468-2023-4,2023,Air,124-38-9,Emission,Waste,tonnes,0.0,,ON-MAIN-fefeaee4,,CMP-4a434d72,https://www.canada.ca/en/environment-climate-change/services/environmental-indicators/greenhouse-gas-emissions/large-facilities.html; https://open.canada.ca/data/en/dataset/a8ba14b7-7f23-462a-bdbb-83b0ef629823,ON-MAIN-fefeaee4
GHG-10569-2023-1,2023,Air,124-38-9,Emission,Stationary Fuel Combustion,tonnes,9305.97,,MB-MAIN-e0a6250e,,CMP-9617aef4,https://www.canada.ca/en/environment-climate-change/services/environmental-indicators/greenhouse-gas-emissions/large-facilities.html; https://open.canada.ca/data/en/dataset/a8ba14b7-7f23-462a-bdbb-83b0ef629823,MB-MAIN-e0a6250e
GHG-10569-2023-2,2023,Air,124-38-9,Emission,On-site Transportation,tonnes,9048.2,,MB-MAIN-e0a6250e,,CMP-9617aef4,https://www.canada.ca/en/environment-climate-change/services/environmental-indicators/greenhouse-gas-emissions/large-facilities.html; https://open.canada.ca/data/en/dataset/a8ba14b7-7f23-462a-bdbb-83b0ef629823,MB-MAIN-e0a6250e
GHG-10569-2023-3,2023,Air,124-38-9,Emission,Waste,tonnes,0.0,,MB-MAIN-e0a6250e,,CMP-9617aef4,https://www.canada.ca/en/environment-climate-change/services/environmental-indicators/greenhouse-gas-emissions/large-facilities.html; https://open.canada.ca/data/en/dataset/a8ba14b7-7f23-462a-bdbb-83b0ef629823,MB-MAIN-e0a6250e
GHG-10570-2023-1,2023,Air,124-38-9,Emission,Stationary Fuel Combustion,tonnes,127614.0,,NL-MAIN-2d8801d6,,CMP-9617aef4,https://www.canada.ca/en/environment-climate-change/services/environmental-indicators/greenhouse-gas-emissions/large-facilities.html; https://open.canada.ca/data/en/dataset/a8ba14b7-7f23-462a-bdbb-83b0ef629823,NL-MAIN-2d8801d6
GHG-10570-2023-2,2023,Air,124-38-9,Emission,On-site Transportation,tonnes,39297.0,,NL-MAIN-2d8801d6,,CMP-9617aef4,https://www.canada.ca/en/environment-climate-change/services/environmental-indicators/greenhouse-gas-emissions/large-facilities.html; https://open.canada.ca/data/en/dataset/a8ba14b7-7f23-462a-bdbb-83b0ef629823,NL-MAIN-2d8801d6
GHG-10613-2023-1,2023,Air,124-38-9,Emission,Stationary Fuel Combustion,tonnes,917.04,,BC-MAIN-3f490561,,CMP-0dfcd91e,https://www.canada.ca/en/environment-climate-change/services/environmental-indicators/greenhouse-gas-emissions/large-facilities.html; https://open.canada.ca/data/en/dataset/a8ba14b7-7f23-462a-bdbb-83b0ef629823,BC-MAIN-3f490561
GHG-10613-2023-2,2023,Air,124-38-9,Emission,On-site Transportation,tonnes,46615.6208,,BC-MAIN-3f490561,,CMP-0dfcd91e,https://www.canada.ca/en/environment-climate-change/services/environmental-indicators/greenhouse-gas-emissions/large-facilities.html; https://open.canada.ca/data/en/dataset/a8ba14b7-7f23-462a-bdbb-83b0ef629823,BC-MAIN-3f490561
GHG-10614-2023-1,2023,Air,124-38-9,Emission,Stationary Fuel Combustion,tonnes,60321.331,,ON-MAIN-fc6f1a44,,CMP-a27e87a3,https://www.canada.ca/en/environment-climate-change/services/environmental-indicators/greenhouse-gas-emissions/large-facilities.html; https://open.canada.ca/data/en/dataset/a8ba14b7-7f23-462a-bdbb-83b0ef629823,ON-MAIN-fc6f1a44
GHG-10614-2023-2,2023,Air,124-38-9,Emission,Industrial Processes,tonnes,44296.556,,ON-MAIN-fc6f1a44,,CMP-a27e87a3,https://www.canada.ca/en/environment-climate-change/services/environmental-indicators/greenhouse-gas-emissions/large-facilities.html; https://open.canada.ca/data/en/dataset/a8ba14b7-7f23-462a-bdbb-83b0ef629823,ON-MAIN-fc6f1a44
GHG-10614-2023-3,2023,Air,124-38-9,Emission,On-site Transportation,tonnes,1732.234,,ON-MAIN-fc6f1a44,,CMP-a27e87a3,https://www.canada.ca/en/environment-climate-change/services/environmental-indicators/greenhouse-gas-emissions/large-facilities.html; https://open.canada.ca/data/en/dataset/a8ba14b7-7f23-462a-bdbb-83b0ef629823,ON-MAIN-fc6f1a44
GHG-10617-2023-1,2023,Air,124-38-9,Emission,Stationary Fuel Combustion,tonnes,18983.1479,,ON-MAIN-1f126a43,,CMP-6265c407,https://www.canada.ca/en/environment-climate-change/services/environmental-indicators/greenhouse-gas-emissions/large-facilities.html; https://open.canada.ca/data/en/dataset/a8ba14b7-7f23-462a-bdbb-83b0ef629823,ON-MAIN-1f126a43
GHG-10617-2023-2,2023,Air,124-38-9,Emission,On-site Transportation,tonnes,6185.154,,ON-MAIN-1f126a43,,CMP-6265c407,https://www.canada.ca/en/environment-climate-change/services/environmental-indicators/greenhouse-gas-emissions/large-facilities.html; https://open.canada.ca/data/en/dataset/a8ba14b7-7f23-462a-bdbb-83b0ef629823,ON-MAIN-1f126a43
GHG-10617-2023-3,2023,Air,124-38-9,Emission,Waste,tonnes,0.0,,ON-MAIN-1f126a43,,CMP-6265c407,https://www.canada.ca/en/environment-climate-change/services/environmental-indicators/greenhouse-gas-emissions/large-facilities.html; https://open.canada.ca/data/en/dataset/a8ba14b7-7f23-462a-bdbb-83b0ef629823,ON-MAIN-1f126a43
GHG-10657-2023-1,2023,Air,124-38-9,Emission,Leakage / Fuites,tonnes,0.0,,QC-MAIN-c1cc9f7c,,CMP-ef8ffade,https://www.canada.ca/en/environment-climate-change/services/environmental-indicators/greenhouse-gas-emissions/large-facilities.html; https://open.canada.ca/data/en/dataset/a8ba14b7-7f23-462a-bdbb-83b0ef629823,QC-MAIN-c1cc9f7c
GHG-10657-2023-2,2023,Air,124-38-9,Emission,Stationary Fuel Combustion,tonnes,1081.025588,,QC-MAIN-c1cc9f7c,,CMP-ef8ffade,https://www.canada.ca/en/environment-climate-change/services/environmental-indicators/greenhouse-gas-emissions/large-facilities.html; https://open.canada.ca/data/en/dataset/a8ba14b7-7f23-462a-bdbb-83b0ef629823,QC-MAIN-c1cc9f7c
GHG-10657-2023-3,2023,Air,124-38-9,Emission,Industrial Processes,tonnes,179657.2759,,QC-MAIN-c1cc9f7c,,CMP-ef8ffade,https://www.canada.ca/en/environment-climate-change/services/environmental-indicators/greenhouse-gas-emissions/large-facilities.html; https://open.canada.ca/data/en/dataset/a8ba14b7-7f23-462a-bdbb-83b0ef629823,QC-MAIN-c1cc9f7c
GHG-10657-2023-4,2023,Air,124-38-9,Emission,On-site Transportation,tonnes,711.675537,,QC-MAIN-c1cc9f7c,,CMP-ef8ffade,https://www.canada.ca/en/environment-climate-change/services/environmental-indicators/greenhouse-gas-emissions/large-facilities.html; https://open.canada.ca/data/en/dataset/a8ba14b7-7f23-462a-bdbb-83b0ef629823,QC-MAIN-c1cc9f7c
GHG-10657-2023-5,2023,Air,124-38-9,Emission,Wastewater,tonnes,0.0,,QC-MAIN-c1cc9f7c,,CMP-ef8ffade,https://www.canada.ca/en/environment-climate-change/services/environmental-indicators/greenhouse-gas-emissions/large-facilities.html; https://open.canada.ca/data/en/dataset/a8ba14b7-7f23-462a-bdbb-83b0ef629823,QC-MAIN-c1cc9f7c
GHG-10669-2023-1,2023,Air,124-38-9,Emission,Stationary Fuel Combustion,tonnes,18126.13,,QC-MAIN-e7e6a960,,CMP-6265c407,https://www.canada.ca/en/environment-climate-change/services/environmental-indicators/greenhouse-gas-emissions/large-facilities.html; https://open.canada.ca/data/en/dataset/a8ba14b7-7f23-462a-bdbb-83b0ef629823,QC-MAIN-e7e6a960
GHG-10669-2023-2,2023,Air,124-38-9,Emission,Industrial Processes,tonnes,3275.44,,QC-MAIN-e7e6a960,,CMP-6265c407,https://www.canada.ca/en/environment-climate-change/services/environmental-indicators/greenhouse-gas-emissions/large-facilities.html; https://open.canada.ca/data/en/dataset/a8ba14b7-7f23-462a-bdbb-83b0ef629823,QC-MAIN-e7e6a960
GHG-10669-2023-3,2023,Air,124-38-9,Emission,On-site Transportation,tonnes,173415.254,,QC-MAIN-e7e6a960,,CMP-6265c407,https://www.canada.ca/en/environment-climate-change/services/environmental-indicators/greenhouse-gas-emissions/large-facilities.html; https://open.canada.ca/data/en/dataset/a8ba14b7-7f23-462a-bdbb-83b0ef629823,QC-MAIN-e7e6a960
GHG-10678-2023-1,2023,Air,124-38-9,Emission,Stationary Fuel Combustion,tonnes,35476.16,,MB-MAIN-b4ca1426,,CMP-a70130b4,https://www.canada.ca/en/environment-climate-change/services/environmental-indicators/greenhouse-gas-emissions/large-facilities.html; https://open.canada.ca/data/en/dataset/a8ba14b7-7f23-462a-bdbb-83b0ef629823,MB-MAIN-b4ca1426
GHG-10678-2023-2,2023,Air,124-38-9,Emission,Industrial Processes,tonnes,6119.036009,,MB-MAIN-b4ca1426,,CMP-a70130b4,https://www.canada.ca/en/environment-climate-change/services/environmental-indicators/greenhouse-gas-emissions/large-facilities.html; https://open.canada.ca/data/en/dataset/a8ba14b7-7f23-462a-bdbb-83b0ef629823,MB-MAIN-b4ca1426
GHG-10678-2023-3,2023,Air,124-38-9,Emission,On-site Transportation,tonnes,3387.982825,,MB-MAIN-b4ca1426,,CMP-a70130b4,https://www.canada.ca/en/environment-climate-change/services/environmental-indicators/greenhouse-gas-emissions/large-facilities.html; https://open.canada.ca/data/en/dataset/a8ba14b7-7f23-462a-bdbb-83b0ef629823,MB-MAIN-b4ca1426
GHG-10679-2023-1,2023,Air,124-38-9,Emission,Stationary Fuel Combustion,tonnes,9638.285157,,BC-MAIN-6b4800fe,,CMP-e35f138c,https://www.canada.ca/en/environment-climate-change/services/environmental-indicators/greenhouse-gas-emissions/large-facilities.html; https://open.canada.ca/data/en/dataset/a8ba14b7-7f23-462a-bdbb-83b0ef629823,BC-MAIN-6b4800fe
GHG-10679-2023-2,2023,Air,124-38-9,Emission,On-site Transportation,tonnes,114905.3282,,BC-MAIN-6b4800fe,,CMP-e35f138c,https://www.canada.ca/en/environment-climate-change/services/environmental-indicators/greenhouse-gas-emissions/large-facilities.html; https://open.canada.ca/data/en/dataset/a8ba14b7-7f23-462a-bdbb-83b0ef629823,BC-MAIN-6b4800fe
GHG-10722-2023-1,2023,Air,124-38-9,Emission,Stationary Fuel Combustion,tonnes,12677.53,,QC-MAIN-089f3c60,,CMP-c08ac7d7,https://www.canada.ca/en/environment-climate-change/services/environmental-indicators/greenhouse-gas-emissions/large-facilities.html; https://open.canada.ca/data/en/dataset/a8ba14b7-7f23-462a-bdbb-83b0ef629823,QC-MAIN-089f3c60
GHG-10722-2023-2,2023,Air,124-38-9,Emission,Industrial Processes,tonnes,6256.35,,QC-MAIN-089f3c60,,CMP-c08ac7d7,https://www.canada.ca/en/environment-climate-change/services/environmental-indicators/greenhouse-gas-emissions/large-facilities.html; https://open.canada.ca/data/en/dataset/a8ba14b7-7f23-462a-bdbb-83b0ef629823,QC-MAIN-089f3c60
GHG-10722-2023-3,2023,Air,124-38-9,Emission,On-site Transportation,tonnes,99691.72,,QC-MAIN-089f3c60,,CMP-c08ac7d7,https://www.canada.ca/en/environment-climate-change/services/environmental-indicators/greenhouse-gas-emissions/large-facilities.html; https://open.canada.ca/data/en/dataset/a8ba14b7-7f23-462a-bdbb-83b0ef629823,QC-MAIN-089f3c60
GHG-10738-2023-1,2023,Air,124-38-9,Emission,Stationary Fuel Combustion,tonnes,14609.1877,,ON-MAIN-bddeaef0,,CMP-a70130b4,https://www.canada.ca/en/environment-climate-change/services/environmental-indicators/greenhouse-gas-emissions/large-facilities.html; https://open.canada.ca/data/en/dataset/a8ba14b7-7f23-462a-bdbb-83b0ef629823,ON-MAIN-bddeaef0
GHG-10738-2023-2,2023,Air,124-38-9,Emission,On-site Transportation,tonnes,81.6162,,ON-MAIN-bddeaef0,,CMP-a70130b4,https://www.canada.ca/en/environment-climate-change/services/environmental-indicators/greenhouse-gas-emissions/large-facilities.html; https://open.canada.ca/data/en/dataset/a8ba14b7-7f23-462a-bdbb-83b0ef629823,ON-MAIN-bddeaef0
GHG-10765-2023-1,2023,Air,124-38-9,Emission,Stationary Fuel Combustion,tonnes,11710.7047,,ON-MAIN-aeafbb59,,CMP-6265c407,https://www.canada.ca/en/environment-climate-change/services/environmental-indicators/greenhouse-gas-emissions/large-facilities.html; https://open.canada.ca/data/en/dataset/a8ba14b7-7f23-462a-bdbb-83b0ef629823,ON-MAIN-aeafbb59
GHG-10765-2023-2,2023,Air,124-38-9,Emission,On-site Transportation,tonnes,277738.7235,,ON-MAIN-aeafbb59,,CMP-6265c407,https://www.canada.ca/en/environment-climate-change/services/environmental-indicators/greenhouse-gas-emissions/large-facilities.html; https://open.canada.ca/data/en/dataset/a8ba14b7-7f23-462a-bdbb-83b0ef629823,ON-MAIN-aeafbb59
GHG-10765-2023-3,2023,Air,124-38-9,Emission,Waste,tonnes,0.0,,ON-MAIN-aeafbb59,,CMP-6265c407,https://www.canada.ca/en/environment-climate-change/services/environmental-indicators/greenhouse-gas-emissions/large-facilities.html; https://open.canada.ca/data/en/dataset/a8ba14b7-7f23-462a-bdbb-83b0ef629823,ON-MAIN-aeafbb59
GHG-10765-2023-4,2023,Air,124-38-9,Emission,Wastewater,tonnes,0.0,,ON-MAIN-aeafbb59,,CMP-6265c407,https://www.canada.ca/en/environment-climate-change/services/environmental-indicators/greenhouse-gas-emissions/large-facilities.html; https://open.canada.ca/data/en/dataset/a8ba14b7-7f23-462a-bdbb-83b0ef629823,ON-MAIN-aeafbb59
GHG-10785-2023-1,2023,Air,124-38-9,Emission,Stationary Fuel Combustion,tonnes,32726.26,,BC-MAIN-23155c25,,CMP-05423572,https://www.canada.ca/en/environment-climate-change/services/environmental-indicators/greenhouse-gas-emissions/large-facilities.html; https://open.canada.ca/data/en/dataset/a8ba14b7-7f23-462a-bdbb-83b0ef629823,BC-MAIN-23155c25
GHG-10810-2023-1,2023,Air,124-38-9,Emission,Stationary Fuel Combustion,tonnes,20033.3,,NL-MAIN-d9036091,,CMP-9617aef4,https://www.canada.ca/en/environment-climate-change/services/environmental-indicators/greenhouse-gas-emissions/large-facilities.html; https://open.canada.ca/data/en/dataset/a8ba14b7-7f23-462a-bdbb-83b0ef629823,NL-MAIN-d9036091
GHG-10810-2023-2,2023,Air,124-38-9,Emission,Industrial Processes,tonnes,17394.0,,NL-MAIN-d9036091,,CMP-9617aef4,https://www.canada.ca/en/environment-climate-change/services/environmental-indicators/greenhouse-gas-emissions/large-facilities.html; https://open.canada.ca/data/en/dataset/a8ba14b7-7f23-462a-bdbb-83b0ef629823,NL-MAIN-d9036091
GHG-10810-2023-3,2023,Air,124-38-9,Emission,On-site Transportation,tonnes,2675.07,,NL-MAIN-d9036091,,CMP-9617aef4,https://www.canada.ca/en/environment-climate-change/services/environmental-indicators/greenhouse-gas-emissions/large-facilities.html; https://open.canada.ca/data/en/dataset/a8ba14b7-7f23-462a-bdbb-83b0ef629823,NL-MAIN-d9036091
GHG-10835-2023-1,2023,Air,124-38-9,Emission,Stationary Fuel Combustion,tonnes,23680.69145,,NU-MAIN-5154702a,,CMP-336d5ebc,https://www.canada.ca/en/environment-climate-change/services/environmental-indicators/greenhouse-gas-emissions/large-facilities.html; https://open.canada.ca/data/en/dataset/a8ba14b7-7f23-462a-bdbb-83b0ef629823,NU-MAIN-5154702a
GHG-10835-2023-2,2023,Air,124-38-9,Emission,On-site Transportation,tonnes,64863.55484,,NU-MAIN-5154702a,,CMP-336d5ebc,https://www.canada.ca/en/environment-climate-change/services/environmental-indicators/greenhouse-gas-emissions/large-facilities.html; https://open.canada.ca/data/en/dataset/a8ba14b7-7f23-462a-bdbb-83b0ef629823,NU-MAIN-5154702a
GHG-10835-2023-3,2023,Air,124-38-9,Emission,Waste,tonnes,52.18549,,NU-MAIN-5154702a,,CMP-336d5ebc,https://www.canada.ca/en/environment-climate-change/services/environmental-indicators/greenhouse-gas-emissions/large-facilities.html; https://open.canada.ca/data/en/dataset/a8ba14b7-7f23-462a-bdbb-83b0ef629823,NU-MAIN-5154702a
GHG-10835-2023-4,2023,Air,124-38-9,Emission,Wastewater,tonnes,0.0,,NU-MAIN-5154702a,,CMP-336d5ebc,https://www.canada.ca/en/environment-climate-change/services/environmental-indicators/greenhouse-gas-emissions/large-facilities.html; https://open.canada.ca/data/en/dataset/a8ba14b7-7f23-462a-bdbb-83b0ef629823,NU-MAIN-5154702a
GHG-10857-2023-1,2023,Air,124-38-9,Emission,Stationary Fuel Combustion,tonnes,9136.88,,ON-MAIN-6e9be24e,,CMP-84fc7d46,https://www.canada.ca/en/environment-climate-change/services/environmental-indicators/greenhouse-gas-emissions/large-facilities.html; https://open.canada.ca/data/en/dataset/a8ba14b7-7f23-462a-bdbb-83b0ef629823,ON-MAIN-6e9be24e
GHG-10857-2023-2,2023,Air,124-38-9,Emission,On-site Transportation,tonnes,9884.0,,ON-MAIN-6e9be24e,,CMP-84fc7d46,https://www.canada.ca/en/environment-climate-change/services/environmental-indicators/greenhouse-gas-emissions/large-facilities.html; https://open.canada.ca/data/en/dataset/a8ba14b7-7f23-462a-bdbb-83b0ef629823,ON-MAIN-6e9be24e
GHG-10863-2023-1,2023,Air,124-38-9,Emission,Stationary Fuel Combustion,tonnes,96146.21301,,NU-MAIN-8b0264c9,,CMP-6265c407,https://www.canada.ca/en/environment-climate-change/services/environmental-indicators/greenhouse-gas-emissions/large-facilities.html; https://open.canada.ca/data/en/dataset/a8ba14b7-7f23-462a-bdbb-83b0ef629823,NU-MAIN-8b0264c9
GHG-10863-2023-2,2023,Air,124-38-9,Emission,Industrial Processes,tonnes,0.0,,NU-MAIN-8b0264c9,,CMP-6265c407,https://www.canada.ca/en/environment-climate-change/services/environmental-indicators/greenhouse-gas-emissions/large-facilities.html; https://open.canada.ca/data/en/dataset/a8ba14b7-7f23-462a-bdbb-83b0ef629823,NU-MAIN-8b0264c9
GHG-10863-2023-3,2023,Air,124-38-9,Emission,On-site Transportation,tonnes,37254.26669,,NU-MAIN-8b0264c9,,CMP-6265c407,https://www.canada.ca/en/environment-climate-change/services/environmental-indicators/greenhouse-gas-emissions/large-facilities.html; https://open.canada.ca/data/en/dataset/a8ba14b7-7f23-462a-bdbb-83b0ef629823,NU-MAIN-8b0264c9
GHG-10863-2023-4,2023,Air,124-38-9,Emission,Waste,tonnes,1965.182828,,NU-MAIN-8b0264c9,,CMP-6265c407,https://www.canada.ca/en/environment-climate-change/services/environmental-indicators/greenhouse-gas-emissions/large-facilities.html; https://open.canada.ca/data/en/dataset/a8ba14b7-7f23-462a-bdbb-83b0ef629823,NU-MAIN-8b0264c9
GHG-10873-2023-1,2023,Air,124-38-9,Emission,Stationary Fuel Combustion,tonnes,9444.62,,BC-MAIN-857b7b89,,CMP-4a434d72,https://www.canada.ca/en/environment-climate-change/services/environmental-indicators/greenhouse-gas-emissions/large-facilities.html; https://open.canada.ca/data/en/dataset/a8ba14b7-7f23-462a-bdbb-83b0ef629823,BC-MAIN-857b7b89
GHG-10873-2023-2,2023,Air,124-38-9,Emission,On-site Transportation,tonnes,17709.2,,BC-MAIN-857b7b89,,CMP-4a434d72,https://www.canada.ca/en/environment-climate-change/services/environmental-indicators/greenhouse-gas-emissions/large-facilities.html; https://open.canada.ca/data/en/dataset/a8ba14b7-7f23-462a-bdbb-83b0ef629823,BC-MAIN-857b7b89
GHG-10873-2023-3,2023,Air,124-38-9,Emission,Wastewater,tonnes,0.0,,BC-MAIN-857b7b89,,CMP-4a434d72,https://www.canada.ca/en/environment-climate-change/services/environmental-indicators/greenhouse-gas-emissions/large-facilities.html; https://open.canada.ca/data/en/dataset/a8ba14b7-7f23-462a-bdbb-83b0ef629823,BC-MAIN-857b7b89
GHG-10904-2023-1,2023,Air,124-38-9,Emission,Stationary Fuel Combustion,tonnes,3258.186,,QC-MAIN-b86f7d07,,CMP-7e360a1f,https://www.canada.ca/en/environment-climate-change/services/environmental-indicators/greenhouse-gas-emissions/large-facilities.html; https://open.canada.ca/data/en/dataset/a8ba14b7-7f23-462a-bdbb-83b0ef629823,QC-MAIN-b86f7d07
GHG-10904-2023-2,2023,Air,124-38-9,Emission,On-site Transportation,tonnes,29345.114,,QC-MAIN-b86f7d07,,CMP-7e360a1f,https://www.canada.ca/en/environment-climate-change/services/environmental-indicators/greenhouse-gas-emissions/large-facilities.html; https://open.canada.ca/data/en/dataset/a8ba14b7-7f23-462a-bdbb-83b0ef629823,QC-MAIN-b86f7d07
GHG-10907-2023-1,2023,Air,124-38-9,Emission,Stationary Fuel Combustion,tonnes,6426.51,,QC-MAIN-a555d9b9,,CMP-f0009ac4,https://www.canada.ca/en/environment-climate-change/services/environmental-indicators/greenhouse-gas-emissions/large-facilities.html; https://open.canada.ca/data/en/dataset/a8ba14b7-7f23-462a-bdbb-83b0ef629823,QC-MAIN-a555d9b9
GHG-10907-2023-2,2023,Air,124-38-9,Emission,On-site Transportation,tonnes,5333.48,,QC-MAIN-a555d9b9,,CMP-f0009ac4,https://www.canada.ca/en/environment-climate-change/services/environmental-indicators/greenhouse-gas-emissions/large-facilities.html; https://open.canada.ca/data/en/dataset/a8ba14b7-7f23-462a-bdbb-83b0ef629823,QC-MAIN-a555d9b9
GHG-10911-2023-1,2023,Air,124-38-9,Emission,Stationary Fuel Combustion,tonnes,3109.981,,QC-MAIN-02884fb5,,CMP-3d0a95b7,https://www.canada.ca/en/environment-climate-change/services/environmental-indicators/greenhouse-gas-emissions/large-facilities.html; https://open.canada.ca/data/en/dataset/a8ba14b7-7f23-462a-bdbb-83b0ef629823,QC-MAIN-02884fb5
GHG-10911-2023-2,2023,Air,124-38-9,Emission,On-site Transportation,tonnes,11963.0,,QC-MAIN-02884fb5,,CMP-3d0a95b7,https://www.canada.ca/en/environment-climate-change/services/environmental-indicators/greenhouse-gas-emissions/large-facilities.html; https://open.canada.ca/data/en/dataset/a8ba14b7-7f23-462a-bdbb-83b0ef629823,QC-MAIN-02884fb5
GHG-10917-2023-1,2023,Air,124-38-9,Emission,Stationary Fuel Combustion,tonnes,4403.757,,ON-MAIN-687b8c8d,,CMP-3a4ccc7f,https://www.canada.ca/en/environment-climate-change/services/environmental-indicators/greenhouse-gas-emissions/large-facilities.html; https://open.canada.ca/data/en/dataset/a8ba14b7-7f23-462a-bdbb-83b0ef629823,ON-MAIN-687b8c8d
GHG-10917-2023-2,2023,Air,124-38-9,Emission,Industrial Processes,tonnes,0.0,,ON-MAIN-687b8c8d,,CMP-3a4ccc7f,https://www.canada.ca/en/environment-climate-change/services/environmental-indicators/greenhouse-gas-emissions/large-facilities.html; https://open.canada.ca/data/en/dataset/a8ba14b7-7f23-462a-bdbb-83b0ef629823,ON-MAIN-687b8c8d
GHG-10917-2023-3,2023,Air,124-38-9,Emission,On-site Transportation,tonnes,15474.613,,ON-MAIN-687b8c8d,,CMP-3a4ccc7f,https://www.canada.ca/en/environment-climate-change/services/environmental-indicators/greenhouse-gas-emissions/large-facilities.html; https://open.canada.ca/data/en/dataset/a8ba14b7-7f23-462a-bdbb-83b0ef629823,ON-MAIN-687b8c8d
GHG-10917-2023-4,2023,Air,124-38-9,Emission,Waste,tonnes,0.0,,ON-MAIN-687b8c8d,,CMP-3a4ccc7f,https://www.canada.ca/en/environment-climate-change/services/environmental-indicators/greenhouse-gas-emissions/large-facilities.html; https://open.canada.ca/data/en/dataset/a8ba14b7-7f23-462a-bdbb-83b0ef629823,ON-MAIN-687b8c8d
GHG-10924-2023-1,2023,Air,124-38-9,Emission,Stationary Fuel Combustion,tonnes,10555.172,,ON-MAIN-3b3e5365,,CMP-4a434d72,https://www.canada.ca/en/environment-climate-change/services/environmental-indicators/greenhouse-gas-emissions/large-facilities.html; https://open.canada.ca/data/en/dataset/a8ba14b7-7f23-462a-bdbb-83b0ef629823,ON-MAIN-3b3e5365
GHG-10924-2023-2,2023,Air,124-38-9,Emission,Industrial Processes,tonnes,0.845,,ON-MAIN-3b3e5365,,CMP-4a434d72,https://www.canada.ca/en/environment-climate-change/services/environmental-indicators/greenhouse-gas-emissions/large-facilities.html; https://open.canada.ca/data/en/dataset/a8ba14b7-7f23-462a-bdbb-83b0ef629823,ON-MAIN-3b3e5365
GHG-10924-2023-3,2023,Air,124-38-9,Emission,On-site Transportation,tonnes,42952.397,,ON-MAIN-3b3e5365,,CMP-4a434d72,https://www.canada.ca/en/environment-climate-change/services/environmental-indicators/greenhouse-gas-emissions/large-facilities.html; https://open.canada.ca/data/en/dataset/a8ba14b7-7f23-462a-bdbb-83b0ef629823,ON-MAIN-3b3e5365
GHG-10926-2023-1,2023,Air,124-38-9,Emission,Stationary Fuel Combustion,tonnes,18681.197,,ON-MAIN-a3c56a83,,CMP-967076a1,https://www.canada.ca/en/environment-climate-change/services/environmental-indicators/greenhouse-gas-emissions/large-facilities.html; https://open.canada.ca/data/en/dataset/a8ba14b7-7f23-462a-bdbb-83b0ef629823,ON-MAIN-a3c56a83
GHG-10926-2023-2,2023,Air,124-38-9,Emission,On-site Transportation,tonnes,36179.248,,ON-MAIN-a3c56a83,,CMP-967076a1,https://www.canada.ca/en/environment-climate-change/services/environmental-indicators/greenhouse-gas-emissions/large-facilities.html; https://open.canada.ca/data/en/dataset/a8ba14b7-7f23-462a-bdbb-83b0ef629823,ON-MAIN-a3c56a83
GHG-11368-2023-1,2023,Air,124-38-9,Emission,Stationary Fuel Combustion,tonnes,14175.0422,,ON-MAIN-387b06fe,,CMP-a72e0313,https://www.canada.ca/en/environment-climate-change/services/environmental-indicators/greenhouse-gas-emissions/large-facilities.html; https://open.canada.ca/data/en/dataset/a8ba14b7-7f23-462a-bdbb-83b0ef629823,ON-MAIN-387b06fe
GHG-11368-2023-2,2023,Air,124-38-9,Emission,Industrial Processes,tonnes,4137.5184,,ON-MAIN-387b06fe,,CMP-a72e0313,https://www.canada.ca/en/environment-climate-change/services/environmental-indicators/greenhouse-gas-emissions/large-facilities.html; https://open.canada.ca/data/en/dataset/a8ba14b7-7f23-462a-bdbb-83b0ef629823,ON-MAIN-387b06fe
GHG-11368-2023-3,2023,Air,124-38-9,Emission,On-site Transportation,tonnes,504.8061,,ON-MAIN-387b06fe,,CMP-a72e0313,https://www.canada.ca/en/environment-climate-change/services/environmental-indicators/greenhouse-gas-emissions/large-facilities.html; https://open.canada.ca/data/en/dataset/a8ba14b7-7f23-462a-bdbb-83b0ef629823,ON-MAIN-387b06fe
GHG-11375-2023-1,2023,Air,124-38-9,Emission,Stationary Fuel Combustion,tonnes,11938.855,,ON-MAIN-7607a50e,,CMP-3a4ccc7f,https://www.canada.ca/en/environment-climate-change/services/environmental-indicators/greenhouse-gas-emissions/large-facilities.html; https://open.canada.ca/data/en/dataset/a8ba14b7-7f23-462a-bdbb-83b0ef629823,ON-MAIN-7607a50e
GHG-11375-2023-2,2023,Air,124-38-9,Emission,On-site Transportation,tonnes,9599.44,,ON-MAIN-7607a50e,,CMP-3a4ccc7f,https://www.canada.ca/en/environment-climate-change/services/environmental-indicators/greenhouse-gas-emissions/large-facilities.html; https://open.canada.ca/data/en/dataset/a8ba14b7-7f23-462a-bdbb-83b0ef629823,ON-MAIN-7607a50e
GHG-11382-2023-1,2023,Air,124-38-9,Emission,Stationary Fuel Combustion,tonnes,93808.86,,QC-MAIN-5ce331b8,,CMP-d87d1101,https://www.canada.ca/en/environment-climate-change/services/environmental-indicators/greenhouse-gas-emissions/large-facilities.html; https://open.canada.ca/data/en/dataset/a8ba14b7-7f23-462a-bdbb-83b0ef629823,QC-MAIN-5ce331b8
GHG-11382-2023-2,2023,Air,124-38-9,Emission,Industrial Processes,tonnes,0.0,,QC-MAIN-5ce331b8,,CMP-d87d1101,https://www.canada.ca/en/environment-climate-change/services/environmental-indicators/greenhouse-gas-emissions/large-facilities.html; https://open.canada.ca/data/en/dataset/a8ba14b7-7f23-462a-bdbb-83b0ef629823,QC-MAIN-5ce331b8
GHG-11382-2023-3,2023,Air,124-38-9,Emission,On-site Transportation,tonnes,32843.45,,QC-MAIN-5ce331b8,,CMP-d87d1101,https://www.canada.ca/en/environment-climate-change/services/environmental-indicators/greenhouse-gas-emissions/large-facilities.html; https://open.canada.ca/data/en/dataset/a8ba14b7-7f23-462a-bdbb-83b0ef629823,QC-MAIN-5ce331b8
GHG-11496-2023-1,2023,Air,124-38-9,Emission,Stationary Fuel Combustion,tonnes,5663.407,,ON-MAIN-0aadf28f,,CMP-d94be190,https://www.canada.ca/en/environment-climate-change/services/environmental-indicators/greenhouse-gas-emissions/large-facilities.html; https://open.canada.ca/data/en/dataset/a8ba14b7-7f23-462a-bdbb-83b0ef629823,ON-MAIN-0aadf28f
GHG-11496-2023-2,2023,Air,124-38-9,Emission,Industrial Processes,tonnes,2798.0,,ON-MAIN-0aadf28f,,CMP-d94be190,https://www.canada.ca/en/environment-climate-change/services/environmental-indicators/greenhouse-gas-emissions/large-facilities.html; https://open.canada.ca/data/en/dataset/a8ba14b7-7f23-462a-bdbb-83b0ef629823,ON-MAIN-0aadf28f
GHG-11496-2023-3,2023,Air,124-38-9,Emission,On-site Transportation,tonnes,113546.0,,ON-MAIN-0aadf28f,,CMP-d94be190,https://www.canada.ca/en/environment-climate-change/services/environmental-indicators/greenhouse-gas-emissions/large-facilities.html; https://open.canada.ca/data/en/dataset/a8ba14b7-7f23-462a-bdbb-83b0ef629823,ON-MAIN-0aadf28f
GHG-11723-2023-1,2023,Air,124-38-9,Emission,Stationary Fuel Combustion,tonnes,10767.0531,,ON-MAIN-2e13aaa0,,CMP-9617aef4,https://www.canada.ca/en/environment-climate-change/services/environmental-indicators/greenhouse-gas-emissions/large-facilities.html; https://open.canada.ca/data/en/dataset/a8ba14b7-7f23-462a-bdbb-83b0ef629823,ON-MAIN-2e13aaa0
GHG-11723-2023-2,2023,Air,124-38-9,Emission,Industrial Processes,tonnes,2785.33,,ON-MAIN-2e13aaa0,,CMP-9617aef4,https://www.canada.ca/en/environment-climate-change/services/environmental-indicators/greenhouse-gas-emissions/large-facilities.html; https://open.canada.ca/data/en/dataset/a8ba14b7-7f23-462a-bdbb-83b0ef629823,ON-MAIN-2e13aaa0
GHG-11723-2023-3,2023,Air,124-38-9,Emission,On-site Transportation,tonnes,49.49,,ON-MAIN-2e13aaa0,,CMP-9617aef4,https://www.canada.ca/en/environment-climate-change/services/environmental-indicators/greenhouse-gas-emissions/large-facilities.html; https://open.canada.ca/data/en/dataset/a8ba14b7-7f23-462a-bdbb-83b0ef629823,ON-MAIN-2e13aaa0
GHG-11736-2023-1,2023,Air,124-38-9,Emission,Stationary Fuel Combustion,tonnes,4063.867,,QC-MAIN-dc1a16f9,,CMP-9f967ad1,https://www.canada.ca/en/environment-climate-change/services/environmental-indicators/greenhouse-gas-emissions/large-facilities.html; https://open.canada.ca/data/en/dataset/a8ba14b7-7f23-462a-bdbb-83b0ef629823,QC-MAIN-dc1a16f9
GHG-11736-2023-2,2023,Air,124-38-9,Emission,On-site Transportation,tonnes,22599.016,,QC-MAIN-dc1a16f9,,CMP-9f967ad1,https://www.canada.ca/en/environment-climate-change/services/environmental-indicators/greenhouse-gas-emissions/large-facilities.html; https://open.canada.ca/data/en/dataset/a8ba14b7-7f23-462a-bdbb-83b0ef629823,QC-MAIN-dc1a16f9
GHG-11736-2023-3,2023,Air,124-38-9,Emission,Waste,tonnes,0.0,,QC-MAIN-dc1a16f9,,CMP-9f967ad1,https://www.canada.ca/en/environment-climate-change/services/environmental-indicators/greenhouse-gas-emissions/large-facilities.html; https://open.canada.ca/data/en/dataset/a8ba14b7-7f23-462a-bdbb-83b0ef629823,QC-MAIN-dc1a16f9
GHG-11736-2023-4,2023,Air,124-38-9,Emission,Wastewater,tonnes,0.0,,QC-MAIN-dc1a16f9,,CMP-9f967ad1,https://www.canada.ca/en/environment-climate-change/services/environmental-indicators/greenhouse-gas-emissions/large-facilities.html; https://open.canada.ca/data/en/dataset/a8ba14b7-7f23-462a-bdbb-83b0ef629823,QC-MAIN-dc1a16f9
GHG-11765-2023-1,2023,Air,124-38-9,Emission,Stationary Fuel Combustion,tonnes,15202.7,,ON-MAIN-4c35e094,,CMP-3775c12e,https://www.canada.ca/en/environment-climate-change/services/environmental-indicators/greenhouse-gas-emissions/large-facilities.html; https://open.canada.ca/data/en/dataset/a8ba14b7-7f23-462a-bdbb-83b0ef629823,ON-MAIN-4c35e094
GHG-11765-2023-2,2023,Air,124-38-9,Emission,On-site Transportation,tonnes,307.22,,ON-MAIN-4c35e094,,CMP-3775c12e,https://www.canada.ca/en/environment-climate-change/services/environmental-indicators/greenhouse-gas-emissions/large-facilities.html; https://open.canada.ca/data/en/dataset/a8ba14b7-7f23-462a-bdbb-83b0ef629823,ON-MAIN-4c35e094
GHG-11770-2023-1,2023,Air,124-38-9,Emission,Stationary Fuel Combustion,tonnes,4289.8,,QC-MAIN-c0660aec,,CMP-6265c407,https://www.canada.ca/en/environment-climate-change/services/environmental-indicators/greenhouse-gas-emissions/large-facilities.html; https://open.canada.ca/data/en/dataset/a8ba14b7-7f23-462a-bdbb-83b0ef629823,QC-MAIN-c0660aec
GHG-11770-2023-2,2023,Air,124-38-9,Emission,On-site Transportation,tonnes,8912.0,,QC-MAIN-c0660aec,,CMP-6265c407,https://www.canada.ca/en/environment-climate-change/services/environmental-indicators/greenhouse-gas-emissions/large-facilities.html; https://open.canada.ca/data/en/dataset/a8ba14b7-7f23-462a-bdbb-83b0ef629823,QC-MAIN-c0660aec
GHG-11794-2023-1,2023,Air,124-38-9,Emission,Stationary Fuel Combustion,tonnes,14844.92689,,QC-MAIN-e51eda66,,CMP-6265c407,https://www.canada.ca/en/environment-climate-change/services/environmental-indicators/greenhouse-gas-emissions/large-facilities.html; https://open.canada.ca/data/en/dataset/a8ba14b7-7f23-462a-bdbb-83b0ef629823,QC-MAIN-e51eda66
GHG-11794-2023-2,2023,Air,124-38-9,Emission,Industrial Processes,tonnes,84.84,,QC-MAIN-e51eda66,,CMP-6265c407,https://www.canada.ca/en/environment-climate-change/services/environmental-indicators/greenhouse-gas-emissions/large-facilities.html; https://open.canada.ca/data/en/dataset/a8ba14b7-7f23-462a-bdbb-83b0ef629823,QC-MAIN-e51eda66
GHG-11794-2023-3,2023,Air,124-38-9,Emission,On-site Transportation,tonnes,26880.35,,QC-MAIN-e51eda66,,CMP-6265c407,https://www.canada.ca/en/environment-climate-change/services/environmental-indicators/greenhouse-gas-emissions/large-facilities.html; https://open.canada.ca/data/en/dataset/a8ba14b7-7f23-462a-bdbb-83b0ef629823,QC-MAIN-e51eda66
GHG-11804-2023-1,2023,Air,124-38-9,Emission,Stationary Fuel Combustion,tonnes,9959.6,,QC-MAIN-6dc537e6,,CMP-4a434d72,https://www.canada.ca/en/environment-climate-change/services/environmental-indicators/greenhouse-gas-emissions/large-facilities.html; https://open.canada.ca/data/en/dataset/a8ba14b7-7f23-462a-bdbb-83b0ef629823,QC-MAIN-6dc537e6
GHG-11804-2023-2,2023,Air,124-38-9,Emission,Industrial Processes,tonnes,0.0,,QC-MAIN-6dc537e6,,CMP-4a434d72,https://www.canada.ca/en/environment-climate-change/services/environmental-indicators/greenhouse-gas-emissions/large-facilities.html; https://open.canada.ca/data/en/dataset/a8ba14b7-7f23-462a-bdbb-83b0ef629823,QC-MAIN-6dc537e6
GHG-11804-2023-3,2023,Air,124-38-9,Emission,On-site Transportation,tonnes,24031.0,,QC-MAIN-6dc537e6,,CMP-4a434d72,https://www.canada.ca/en/environment-climate-change/services/environmental-indicators/greenhouse-gas-emissions/large-facilities.html; https://open.canada.ca/data/en/dataset/a8ba14b7-7f23-462a-bdbb-83b0ef629823,QC-MAIN-6dc537e6
GHG-11894-2023-1,2023,Air,124-38-9,Emission,Stationary Fuel Combustion,tonnes,3053.158,,BC-MAIN-599152a0,,CMP-12afc634,https://www.canada.ca/en/environment-climate-change/services/environmental-indicators/greenhouse-gas-emissions/large-facilities.html; https://open.canada.ca/data/en/dataset/a8ba14b7-7f23-462a-bdbb-83b0ef629823,BC-MAIN-599152a0
GHG-11894-2023-2,2023,Air,124-38-9,Emission,On-site Transportation,tonnes,66954.959,,BC-MAIN-599152a0,,CMP-12afc634,https://www.canada.ca/en/environment-climate-change/services/environmental-indicators/greenhouse-gas-emissions/large-facilities.html; https://open.canada.ca/data/en/dataset/a8ba14b7-7f23-462a-bdbb-83b0ef629823,BC-MAIN-599152a0
GHG-11894-2023-3,2023,Air,124-38-9,Emission,Waste,tonnes,0.0,,BC-MAIN-599152a0,,CMP-12afc634,https://www.canada.ca/en/environment-climate-change/services/environmental-indicators/greenhouse-gas-emissions/large-facilities.html; https://open.canada.ca/data/en/dataset/a8ba14b7-7f23-462a-bdbb-83b0ef629823,BC-MAIN-599152a0
GHG-11951-2023-1,2023,Air,124-38-9,Emission,Stationary Fuel Combustion,tonnes,17060.636,,ON-MAIN-7f050560,,CMP-ca642bce,https://www.canada.ca/en/environment-climate-change/services/environmental-indicators/greenhouse-gas-emissions/large-facilities.html; https://open.canada.ca/data/en/dataset/a8ba14b7-7f23-462a-bdbb-83b0ef629823,ON-MAIN-7f050560
GHG-11951-2023-2,2023,Air,124-38-9,Emission,Industrial Processes,tonnes,457.462,,ON-MAIN-7f050560,,CMP-ca642bce,https://www.canada.ca/en/environment-climate-change/services/environmental-indicators/greenhouse-gas-emissions/large-facilities.html; https://open.canada.ca/data/en/dataset/a8ba14b7-7f23-462a-bdbb-83b0ef629823,ON-MAIN-7f050560
GHG-11951-2023-3,2023,Air,124-38-9,Emission,On-site Transportation,tonnes,9009.575,,ON-MAIN-7f050560,,CMP-ca642bce,https://www.canada.ca/en/environment-climate-change/services/environmental-indicators/greenhouse-gas-emissions/large-facilities.html; https://open.canada.ca/data/en/dataset/a8ba14b7-7f23-462a-bdbb-83b0ef629823,ON-MAIN-7f050560
GHG-11951-2023-4,2023,Air,124-38-9,Emission,Waste,tonnes,0.0,,ON-MAIN-7f050560,,CMP-ca642bce,https://www.canada.ca/en/environment-climate-change/services/environmental-indicators/greenhouse-gas-emissions/large-facilities.html; https://open.canada.ca/data/en/dataset/a8ba14b7-7f23-462a-bdbb-83b0ef629823,ON-MAIN-7f050560
GHG-12304-2023-1,2023,Air,124-38-9,Emission,Stationary Fuel Combustion,tonnes,4522.275,,ON-MAIN-cb85213a,,CMP-3d2c4955,https://www.canada.ca/en/environment-climate-change/services/environmental-indicators/greenhouse-gas-emissions/large-facilities.html; https://open.canada.ca/data/en/dataset/a8ba14b7-7f23-462a-bdbb-83b0ef629823,ON-MAIN-cb85213a
GHG-12304-2023-2,2023,Air,124-38-9,Emission,On-site Transportation,tonnes,7732.951,,ON-MAIN-cb85213a,,CMP-3d2c4955,https://www.canada.ca/en/environment-climate-change/services/environmental-indicators/greenhouse-gas-emissions/large-facilities.html; https://open.canada.ca/data/en/dataset/a8ba14b7-7f23-462a-bdbb-83b0ef629823,ON-MAIN-cb85213a
GHG-12304-2023-3,2023,Air,124-38-9,Emission,Waste,tonnes,0.0,,ON-MAIN-cb85213a,,CMP-3d2c4955,https://www.canada.ca/en/environment-climate-change/services/environmental-indicators/greenhouse-gas-emissions/large-facilities.html; https://open.canada.ca/data/en/dataset/a8ba14b7-7f23-462a-bdbb-83b0ef629823,ON-MAIN-cb85213a
GHG-12459-2023-1,2023,Air,124-38-9,Emission,Stationary Fuel Combustion,tonnes,10563.96,,YT-MAIN-e05ed9fe,,CMP-661b40f2,https://www.canada.ca/en/environment-climate-change/services/environmental-indicators/greenhouse-gas-emissions/large-facilities.html; https://open.canada.ca/data/en/dataset/a8ba14b7-7f23-462a-bdbb-83b0ef629823,YT-MAIN-e05ed9fe
GHG-12459-2023-2,2023,Air,124-38-9,Emission,On-site Transportation,tonnes,42047.06,,YT-MAIN-e05ed9fe,,CMP-661b40f2,https://www.canada.ca/en/environment-climate-change/services/environmental-indicators/greenhouse-gas-emissions/large-facilities.html; https://open.canada.ca/data/en/dataset/a8ba14b7-7f23-462a-bdbb-83b0ef629823,YT-MAIN-e05ed9fe
GHG-12553-2023-1,2023,Air,124-38-9,Emission,Stationary Fuel Combustion,tonnes,4791.48,,BC-MAIN-8eb8be0d,,CMP-4a434d72,https://www.canada.ca/en/environment-climate-change/services/environmental-indicators/greenhouse-gas-emissions/large-facilities.html; https://open.canada.ca/data/en/dataset/a8ba14b7-7f23-462a-bdbb-83b0ef629823,BC-MAIN-8eb8be0d
GHG-12553-2023-2,2023,Air,124-38-9,Emission,On-site Transportation,tonnes,87224.67,,BC-MAIN-8eb8be0d,,CMP-4a434d72,https://www.canada.ca/en/environment-climate-change/services/environmental-indicators/greenhouse-gas-emissions/large-facilities.html; https://open.canada.ca/data/en/dataset/a8ba14b7-7f23-462a-bdbb-83b0ef629823,BC-MAIN-8eb8be0d
GHG-10011-2023-5,2023,Air,74-82-8,Emission,Flaring / Torchage,tonnes,1.2,,ON-MAIN-eab8c362,,CMP-0f9c0b53,https://www.canada.ca/en/environment-climate-change/services/environmental-indicators/greenhouse-gas-emissions/large-facilities.html; https://open.canada.ca/data/en/dataset/a8ba14b7-7f23-462a-bdbb-83b0ef629823,ON-MAIN-eab8c362
GHG-10011-2023-6,2023,Air,74-82-8,Emission,Stationary Fuel Combustion,tonnes,15.544,,ON-MAIN-eab8c362,,CMP-0f9c0b53,https://www.canada.ca/en/environment-climate-change/services/environmental-indicators/greenhouse-gas-emissions/large-facilities.html; https://open.canada.ca/data/en/dataset/a8ba14b7-7f23-462a-bdbb-83b0ef629823,ON-MAIN-eab8c362
GHG-10011-2023-7,2023,Air,74-82-8,Emission,Industrial Processes,tonnes,379.3,,ON-MAIN-eab8c362,,CMP-0f9c0b53,https://www.canada.ca/en/environment-climate-change/services/environmental-indicators/greenhouse-gas-emissions/large-facilities.html; https://open.canada.ca/data/en/dataset/a8ba14b7-7f23-462a-bdbb-83b0ef629823,ON-MAIN-eab8c362
GHG-10011-2023-8,2023,Air,74-82-8,Emission,On-site Transportation,tonnes,2.9,,ON-MAIN-eab8c362,,CMP-0f9c0b53,https://www.canada.ca/en/environment-climate-change/services/environmental-indicators/greenhouse-gas-emissions/large-facilities.html; https://open.canada.ca/data/en/dataset/a8ba14b7-7f23-462a-bdbb-83b0ef629823,ON-MAIN-eab8c362
GHG-10013-2023-4,2023,Air,74-82-8,Emission,Stationary Fuel Combustion,tonnes,0.118,,QC-MAIN-52c01ae4,,CMP-140e111b,https://www.canada.ca/en/environment-climate-change/services/environmental-indicators/greenhouse-gas-emissions/large-facilities.html; https://open.canada.ca/data/en/dataset/a8ba14b7-7f23-462a-bdbb-83b0ef629823,QC-MAIN-52c01ae4
GHG-10013-2023-5,2023,Air,74-82-8,Emission,Industrial Processes,tonnes,,,QC-MAIN-52c01ae4,,CMP-140e111b,https://www.canada.ca/en/environment-climate-change/services/environmental-indicators/greenhouse-gas-emissions/large-facilities.html; https://open.canada.ca/data/en/dataset/a8ba14b7-7f23-462a-bdbb-83b0ef629823,QC-MAIN-52c01ae4
GHG-10013-2023-6,2023,Air,74-82-8,Emission,On-site Transportation,tonnes,0.392,,QC-MAIN-52c01ae4,,CMP-140e111b,https://www.canada.ca/en/environment-climate-change/services/environmental-indicators/greenhouse-gas-emissions/large-facilities.html; https://open.canada.ca/data/en/dataset/a8ba14b7-7f23-462a-bdbb-83b0ef629823,QC-MAIN-52c01ae4
GHG-10014-2023-4,2023,Air,74-82-8,Emission,Stationary Fuel Combustion,tonnes,1.191,,QC-MAIN-c8966bdc,,CMP-dc21de8a,https://www.canada.ca/en/environment-climate-change/services/environmental-indicators/greenhouse-gas-emissions/large-facilities.html; https://open.canada.ca/data/en/dataset/a8ba14b7-7f23-462a-bdbb-83b0ef629823,QC-MAIN-c8966bdc
GHG-10014-2023-5,2023,Air,74-82-8,Emission,Industrial Processes,tonnes,,,QC-MAIN-c8966bdc,,CMP-dc21de8a,https://www.canada.ca/en/environment-climate-change/services/environmental-indicators/greenhouse-gas-emissions/large-facilities.html; https://open.canada.ca/data/en/dataset/a8ba14b7-7f23-462a-bdbb-83b0ef629823,QC-MAIN-c8966bdc
GHG-10014-2023-6,2023,Air,74-82-8,Emission,On-site Transportation,tonnes,0.4098,,QC-MAIN-c8966bdc,,CMP-dc21de8a,https://www.canada.ca/en/environment-climate-change/services/environmental-indicators/greenhouse-gas-emissions/large-facilities.html; https://open.canada.ca/data/en/dataset/a8ba14b7-7f23-462a-bdbb-83b0ef629823,QC-MAIN-c8966bdc
GHG-10052-2023-4,2023,Air,74-82-8,Emission,Stationary Fuel Combustion,tonnes,11.802626,,NL-MAIN-dd723db4,,CMP-2da4630a,https://www.canada.ca/en/environment-climate-change/services/environmental-indicators/greenhouse-gas-emissions/large-facilities.html; https://open.canada.ca/data/en/dataset/a8ba14b7-7f23-462a-bdbb-83b0ef629823,NL-MAIN-dd723db4
GHG-10052-2023-5,2023,Air,74-82-8,Emission,Industrial Processes,tonnes,,,NL-MAIN-dd723db4,,CMP-2da4630a,https://www.canada.ca/en/environment-climate-change/services/environmental-indicators/greenhouse-gas-emissions/large-facilities.html; https://open.canada.ca/data/en/dataset/a8ba14b7-7f23-462a-bdbb-83b0ef629823,NL-MAIN-dd723db4
GHG-10052-2023-6,2023,Air,74-82-8,Emission,On-site Transportation,tonnes,3.725748,,NL-MAIN-dd723db4,,CMP-2da4630a,https://www.canada.ca/en/environment-climate-change/services/environmental-indicators/greenhouse-gas-emissions/large-facilities.html; https://open.canada.ca/data/en/dataset/a8ba14b7-7f23-462a-bdbb-83b0ef629823,NL-MAIN-dd723db4
GHG-10091-2023-4,2023,Air,74-82-8,Emission,Stationary Fuel Combustion,tonnes,31.83895,,ON-MAIN-4c35e094,,CMP-3775c12e,https://www.canada.ca/en/environment-climate-change/services/environmental-indicators/greenhouse-gas-emissions/large-facilities.html; https://open.canada.ca/data/en/dataset/a8ba14b7-7f23-462a-bdbb-83b0ef629823,ON-MAIN-4c35e094
GHG-10091-2023-5,2023,Air,74-82-8,Emission,Industrial Processes,tonnes,,,ON-MAIN-4c35e094,,CMP-3775c12e,https://www.canada.ca/en/environment-climate-change/services/environmental-indicators/greenhouse-gas-emissions/large-facilities.html; https://open.canada.ca/data/en/dataset/a8ba14b7-7f23-462a-bdbb-83b0ef629823,ON-MAIN-4c35e094
GHG-10091-2023-6,2023,Air,74-82-8,Emission,On-site Transportation,tonnes,0.669488,,ON-MAIN-4c35e094,,CMP-3775c12e,https://www.canada.ca/en/environment-climate-change/services/environmental-indicators/greenhouse-gas-emissions/large-facilities.html; https://open.canada.ca/data/en/dataset/a8ba14b7-7f23-462a-bdbb-83b0ef629823,ON-MAIN-4c35e094
GHG-10103-2023-4,2023,Air,74-82-8,Emission,Stationary Fuel Combustion,tonnes,0.01521,,QC-MAIN-5398dfac,,CMP-89ae3b2b,https://www.canada.ca/en/environment-climate-change/services/environmental-indicators/greenhouse-gas-emissions/large-facilities.html; https://open.canada.ca/data/en/dataset/a8ba14b7-7f23-462a-bdbb-83b0ef629823,QC-MAIN-5398dfac
GHG-10103-2023-5,2023,Air,74-82-8,Emission,Industrial Processes,tonnes,68.76,,QC-MAIN-5398dfac,,CMP-89ae3b2b,https://www.canada.ca/en/environment-climate-change/services/environmental-indicators/greenhouse-gas-emissions/large-facilities.html; https://open.canada.ca/data/en/dataset/a8ba14b7-7f23-462a-bdbb-83b0ef629823,QC-MAIN-5398dfac
GHG-10103-2023-6,2023,Air,74-82-8,Emission,On-site Transportation,tonnes,0.0149,,QC-MAIN-5398dfac,,CMP-89ae3b2b,https://www.canada.ca/en/environment-climate-change/services/environmental-indicators/greenhouse-gas-emissions/large-facilities.html; https://open.canada.ca/data/en/dataset/a8ba14b7-7f23-462a-bdbb-83b0ef629823,QC-MAIN-5398dfac
GHG-10119-2023-6,2023,Air,74-82-8,Emission,Flaring / Torchage,tonnes,5.8442,,AB-MAIN-d3a4aba9,,CMP-2ef1f553,https://www.canada.ca/en/environment-climate-change/services/environmental-indicators/greenhouse-gas-emissions/large-facilities.html; https://open.canada.ca/data/en/dataset/a8ba14b7-7f23-462a-bdbb-83b0ef629823,AB-MAIN-d3a4aba9
GHG-10119-2023-7,2023,Air,74-82-8,Emission,Stationary Fuel Combustion,tonnes,4.2093,,AB-MAIN-d3a4aba9,,CMP-2ef1f553,https://www.canada.ca/en/environment-climate-change/services/environmental-indicators/greenhouse-gas-emissions/large-facilities.html; https://open.canada.ca/data/en/dataset/a8ba14b7-7f23-462a-bdbb-83b0ef629823,AB-MAIN-d3a4aba9
GHG-10119-2023-8,2023,Air,74-82-8,Emission,Industrial Processes,tonnes,,,AB-MAIN-d3a4aba9,,CMP-2ef1f553,https://www.canada.ca/en/environment-climate-change/services/environmental-indicators/greenhouse-gas-emissions/large-facilities.html; https://open.canada.ca/data/en/dataset/a8ba14b7-7f23-462a-bdbb-83b0ef629823,AB-MAIN-d3a4aba9
GHG-10119-2023-9,2023,Air,74-82-8,Emission,On-site Transportation,tonnes,0.3074,,AB-MAIN-d3a4aba9,,CMP-2ef1f553,https://www.canada.ca/en/environment-climate-change/services/environmental-indicators/greenhouse-gas-emissions/large-facilities.html; https://open.canada.ca/data/en/dataset/a8ba14b7-7f23-462a-bdbb-83b0ef629823,AB-MAIN-d3a4aba9
GHG-10119-2023-10,2023,Air,74-82-8,Emission,Venting / Évacuation,tonnes,232.35927,,AB-MAIN-d3a4aba9,,CMP-2ef1f553,https://www.canada.ca/en/environment-climate-change/services/environmental-indicators/greenhouse-gas-emissions/large-facilities.html; https://open.canada.ca/data/en/dataset/a8ba14b7-7f23-462a-bdbb-83b0ef629823,AB-MAIN-d3a4aba9
GHG-10128-2023-4,2023,Air,74-82-8,Emission,Stationary Fuel Combustion,tonnes,1.089164,,ON-MAIN-21b6ab35,,CMP-a70130b4,https://www.canada.ca/en/environment-climate-change/services/environmental-indicators/greenhouse-gas-emissions/large-facilities.html; https://open.canada.ca/data/en/dataset/a8ba14b7-7f23-462a-bdbb-83b0ef629823,ON-MAIN-21b6ab35
GHG-10128-2023-5,2023,Air,74-82-8,Emission,Industrial Processes,tonnes,,,ON-MAIN-21b6ab35,,CMP-a70130b4,https://www.canada.ca/en/environment-climate-change/services/environmental-indicators/greenhouse-gas-emissions/large-facilities.html; https://open.canada.ca/data/en/dataset/a8ba14b7-7f23-462a-bdbb-83b0ef629823,ON-MAIN-21b6ab35
GHG-10128-2023-6,2023,Air,74-82-8,Emission,On-site Transportation,tonnes,0.278552,,ON-MAIN-21b6ab35,,CMP-a70130b4,https://www.canada.ca/en/environment-climate-change/services/environmental-indicators/greenhouse-gas-emissions/large-facilities.html; https://open.canada.ca/data/en/dataset/a8ba14b7-7f23-462a-bdbb-83b0ef629823,ON-MAIN-21b6ab35
GHG-10150-2023-4,2023,Air,74-82-8,Emission,Stationary Fuel Combustion,tonnes,2.406601,,SK-MAIN-26b9aaf3,,CMP-28720916,https://www.canada.ca/en/environment-climate-change/services/environmental-indicators/greenhouse-gas-emissions/large-facilities.html; https://open.canada.ca/data/en/dataset/a8ba14b7-7f23-462a-bdbb-83b0ef629823,SK-MAIN-26b9aaf3
GHG-10150-2023-5,2023,Air,74-82-8,Emission,Industrial Processes,tonnes,0.0,,SK-MAIN-26b9aaf3,,CMP-28720916,https://www.canada.ca/en/environment-climate-change/services/environmental-indicators/greenhouse-gas-emissions/large-facilities.html; https://open.canada.ca/data/en/dataset/a8ba14b7-7f23-462a-bdbb-83b0ef629823,SK-MAIN-26b9aaf3
GHG-10150-2023-6,2023,Air,74-82-8,Emission,On-site Transportation,tonnes,0.530765,,SK-MAIN-26b9aaf3,,CMP-28720916,https://www.canada.ca/en/environment-climate-change/services/environmental-indicators/greenhouse-gas-emissions/large-facilities.html; https://open.canada.ca/data/en/dataset/a8ba14b7-7f23-462a-bdbb-83b0ef629823,SK-MAIN-26b9aaf3
GHG-10164-2023-3,2023,Air,74-82-8,Emission,Stationary Fuel Combustion,tonnes,0.4045,,ON-MAIN-f8313ebd,,CMP-d5f1c66b,https://www.canada.ca/en/environment-climate-change/services/environmental-indicators/greenhouse-gas-emissions/large-facilities.html; https://open.canada.ca/data/en/dataset/a8ba14b7-7f23-462a-bdbb-83b0ef629823,ON-MAIN-f8313ebd
GHG-10164-2023-4,2023,Air,74-82-8,Emission,On-site Transportation,tonnes,0.83601,,ON-MAIN-f8313ebd,,CMP-d5f1c66b,https://www.canada.ca/en/environment-climate-change/services/environmental-indicators/greenhouse-gas-emissions/large-facilities.html; https://open.canada.ca/data/en/dataset/a8ba14b7-7f23-462a-bdbb-83b0ef629823,ON-MAIN-f8313ebd
GHG-10240-2023-6,2023,Air,74-82-8,Emission,Stationary Fuel Combustion,tonnes,4.076889,,QC-MAIN-a97821c0,,CMP-d5f1c66b,https://www.canada.ca/en/environment-climate-change/services/environmental-indicators/greenhouse-gas-emissions/large-facilities.html; https://open.canada.ca/data/en/dataset/a8ba14b7-7f23-462a-bdbb-83b0ef629823,QC-MAIN-a97821c0
GHG-10240-2023-7,2023,Air,74-82-8,Emission,Industrial Processes,tonnes,0.000119,,QC-MAIN-a97821c0,,CMP-d5f1c66b,https://www.canada.ca/en/environment-climate-change/services/environmental-indicators/greenhouse-gas-emissions/large-facilities.html; https://open.canada.ca/data/en/dataset/a8ba14b7-7f23-462a-bdbb-83b0ef629823,QC-MAIN-a97821c0
GHG-10240-2023-8,2023,Air,74-82-8,Emission,On-site Transportation,tonnes,0.464529,,QC-MAIN-a97821c0,,CMP-d5f1c66b,https://www.canada.ca/en/environment-climate-change/services/environmental-indicators/greenhouse-gas-emissions/large-facilities.html; https://open.canada.ca/data/en/dataset/a8ba14b7-7f23-462a-bdbb-83b0ef629823,QC-MAIN-a97821c0
GHG-10240-2023-9,2023,Air,74-82-8,Emission,Waste,tonnes,24.860208,,QC-MAIN-a97821c0,,CMP-d5f1c66b,https://www.canada.ca/en/environment-climate-change/services/environmental-indicators/greenhouse-gas-emissions/large-facilities.html; https://open.canada.ca/data/en/dataset/a8ba14b7-7f23-462a-bdbb-83b0ef629823,QC-MAIN-a97821c0
GHG-10240-2023-10,2023,Air,74-82-8,Emission,Wastewater,tonnes,,,QC-MAIN-a97821c0,,CMP-d5f1c66b,https://www.canada.ca/en/environment-climate-change/services/environmental-indicators/greenhouse-gas-emissions/large-facilities.html; https://open.canada.ca/data/en/dataset/a8ba14b7-7f23-462a-bdbb-83b0ef629823,QC-MAIN-a97821c0
GHG-10275-2023-7,2023,Air,74-82-8,Emission,Flaring / Torchage,tonnes,26.607,,ON-MAIN-020a683c,,CMP-75ff8886,https://www.canada.ca/en/environment-climate-change/services/environmental-indicators/greenhouse-gas-emissions/large-facilities.html; https://open.canada.ca/data/en/dataset/a8ba14b7-7f23-462a-bdbb-83b0ef629823,ON-MAIN-020a683c
GHG-10275-2023-8,2023,Air,74-82-8,Emission,Leakage / Fuites,tonnes,782.414,,ON-MAIN-020a683c,,CMP-75ff8886,https://www.canada.ca/en/environment-climate-change/services/environmental-indicators/greenhouse-gas-emissions/large-facilities.html; https://open.canada.ca/data/en/dataset/a8ba14b7-7f23-462a-bdbb-83b0ef629823,ON-MAIN-020a683c
GHG-10275-2023-9,2023,Air,74-82-8,Emission,Stationary Fuel Combustion,tonnes,11.5797,,ON-MAIN-020a683c,,CMP-75ff8886,https://www.canada.ca/en/environment-climate-change/services/environmental-indicators/greenhouse-gas-emissions/large-facilities.html; https://open.canada.ca/data/en/dataset/a8ba14b7-7f23-462a-bdbb-83b0ef629823,ON-MAIN-020a683c
GHG-10275-2023-10,2023,Air,74-82-8,Emission,On-site Transportation,tonnes,0.1562,,ON-MAIN-020a683c,,CMP-75ff8886,https://www.canada.ca/en/environment-climate-change/services/environmental-indicators/greenhouse-gas-emissions/large-facilities.html; https://open.canada.ca/data/en/dataset/a8ba14b7-7f23-462a-bdbb-83b0ef629823,ON-MAIN-020a683c
GHG-10275-2023-11,2023,Air,74-82-8,Emission,Waste,tonnes,0.5027,,ON-MAIN-020a683c,,CMP-75ff8886,https://www.canada.ca/en/environment-climate-change/services/environmental-indicators/greenhouse-gas-emissions/large-facilities.html; https://open.canada.ca/data/en/dataset/a8ba14b7-7f23-462a-bdbb-83b0ef629823,ON-MAIN-020a683c
GHG-10275-2023-12,2023,Air,74-82-8,Emission,Wastewater,tonnes,0.3006,,ON-MAIN-020a683c,,CMP-75ff8886,https://www.canada.ca/en/environment-climate-change/services/environmental-indicators/greenhouse-gas-emissions/large-facilities.html; https://open.canada.ca/data/en/dataset/a8ba14b7-7f23-462a-bdbb-83b0ef629823,ON-MAIN-020a683c
GHG-10276-2023-5,2023,Air,74-82-8,Emission,Leakage / Fuites,tonnes,1011.938,,ON-MAIN-b2e5c9bb,,CMP-75ff8886,https://www.canada.ca/en/environment-climate-change/services/environmental-indicators/greenhouse-gas-emissions/large-facilities.html; https://open.canada.ca/data/en/dataset/a8ba14b7-7f23-462a-bdbb-83b0ef629823,ON-MAIN-b2e5c9bb
GHG-10276-2023-6,2023,Air,74-82-8,Emission,Stationary Fuel Combustion,tonnes,14.86505,,ON-MAIN-b2e5c9bb,,CMP-75ff8886,https://www.canada.ca/en/environment-climate-change/services/environmental-indicators/greenhouse-gas-emissions/large-facilities.html; https://open.canada.ca/data/en/dataset/a8ba14b7-7f23-462a-bdbb-83b0ef629823,ON-MAIN-b2e5c9bb
GHG-10276-2023-7,2023,Air,74-82-8,Emission,Industrial Processes,tonnes,,,ON-MAIN-b2e5c9bb,,CMP-75ff8886,https://www.canada.ca/en/environment-climate-change/services/environmental-indicators/greenhouse-gas-emissions/large-facilities.html; https://open.canada.ca/data/en/dataset/a8ba14b7-7f23-462a-bdbb-83b0ef629823,ON-MAIN-b2e5c9bb
GHG-10276-2023-8,2023,Air,74-82-8,Emission,On-site Transportation,tonnes,1.704,,ON-MAIN-b2e5c9bb,,CMP-75ff8886,https://www.canada.ca/en/environment-climate-change/services/environmental-indicators/greenhouse-gas-emissions/large-facilities.html; https://open.canada.ca/data/en/dataset/a8ba14b7-7f23-462a-bdbb-83b0ef629823,ON-MAIN-b2e5c9bb
GHG-10289-2023-5,2023,Air,74-82-8,Emission,Leakage / Fuites,tonnes,51.9602,,BC-MAIN-3bb6b7cd,,CMP-06e20c6e,https://www.canada.ca/en/environment-climate-change/services/environmental-indicators/greenhouse-gas-emissions/large-facilities.html; https://open.canada.ca/data/en/dataset/a8ba14b7-7f23-462a-bdbb-83b0ef629823,BC-MAIN-3bb6b7cd
GHG-10289-2023-6,2023,Air,74-82-8,Emission,Stationary Fuel Combustion,tonnes,4.216837,,BC-MAIN-3bb6b7cd,,CMP-06e20c6e,https://www.canada.ca/en/environment-climate-change/services/environmental-indicators/greenhouse-gas-emissions/large-facilities.html; https://open.canada.ca/data/en/dataset/a8ba14b7-7f23-462a-bdbb-83b0ef629823,BC-MAIN-3bb6b7cd
GHG-10289-2023-7,2023,Air,74-82-8,Emission,Industrial Processes,tonnes,,,BC-MAIN-3bb6b7cd,,CMP-06e20c6e,https://www.canada.ca/en/environment-climate-change/services/environmental-indicators/greenhouse-gas-emissions/large-facilities.html; https://open.canada.ca/data/en/dataset/a8ba14b7-7f23-462a-bdbb-83b0ef629823,BC-MAIN-3bb6b7cd
GHG-10289-2023-8,2023,Air,74-82-8,Emission,On-site Transportation,tonnes,1.04384,,BC-MAIN-3bb6b7cd,,CMP-06e20c6e,https://www.canada.ca/en/environment-climate-change/services/environmental-indicators/greenhouse-gas-emissions/large-facilities.html; https://open.canada.ca/data/en/dataset/a8ba14b7-7f23-462a-bdbb-83b0ef629823,BC-MAIN-3bb6b7cd
GHG-10300-2023-4,2023,Air,74-82-8,Emission,Stationary Fuel Combustion,tonnes,0.65,,QC-MAIN-eac5a52b,,CMP-140e111b,https://www.canada.ca/en/environment-climate-change/services/environmental-indicators/greenhouse-gas-emissions/large-facilities.html; https://open.canada.ca/data/en/dataset/a8ba14b7-7f23-462a-bdbb-83b0ef629823,QC-MAIN-eac5a52b
GHG-10300-2023-5,2023,Air,74-82-8,Emission,Industrial Processes,tonnes,,,QC-MAIN-eac5a52b,,CMP-140e111b,https://www.canada.ca/en/environment-climate-change/services/environmental-indicators/greenhouse-gas-emissions/large-facilities.html; https://open.canada.ca/data/en/dataset/a8ba14b7-7f23-462a-bdbb-83b0ef629823,QC-MAIN-eac5a52b
GHG-10300-2023-6,2023,Air,74-82-8,Emission,On-site Transportation,tonnes,0.13,,QC-MAIN-eac5a52b,,CMP-140e111b,https://www.canada.ca/en/environment-climate-change/services/environmental-indicators/greenhouse-gas-emissions/large-facilities.html; https://open.canada.ca/data/en/dataset/a8ba14b7-7f23-462a-bdbb-83b0ef629823,QC-MAIN-eac5a52b
GHG-10350-2023-4,2023,Air,74-82-8,Emission,Stationary Fuel Combustion,tonnes,2.9254,,NL-MAIN-b64bae7a,,CMP-8a99044e,https://www.canada.ca/en/environment-climate-change/services/environmental-indicators/greenhouse-gas-emissions/large-facilities.html; https://open.canada.ca/data/en/dataset/a8ba14b7-7f23-462a-bdbb-83b0ef629823,NL-MAIN-b64bae7a
GHG-10350-2023-5,2023,Air,74-82-8,Emission,Industrial Processes,tonnes,,,NL-MAIN-b64bae7a,,CMP-8a99044e,https://www.canada.ca/en/environment-climate-change/services/environmental-indicators/greenhouse-gas-emissions/large-facilities.html; https://open.canada.ca/data/en/dataset/a8ba14b7-7f23-462a-bdbb-83b0ef629823,NL-MAIN-b64bae7a
GHG-10350-2023-6,2023,Air,74-82-8,Emission,On-site Transportation,tonnes,1.5378,,NL-MAIN-b64bae7a,,CMP-8a99044e,https://www.canada.ca/en/environment-climate-change/services/environmental-indicators/greenhouse-gas-emissions/large-facilities.html; https://open.canada.ca/data/en/dataset/a8ba14b7-7f23-462a-bdbb-83b0ef629823,NL-MAIN-b64bae7a
GHG-10385-2023-3,2023,Air,74-82-8,Emission,Stationary Fuel Combustion,tonnes,0.2503,,BC-MAIN-bf503b6b,,CMP-06e20c6e,https://www.canada.ca/en/environment-climate-change/services/environmental-indicators/greenhouse-gas-emissions/large-facilities.html; https://open.canada.ca/data/en/dataset/a8ba14b7-7f23-462a-bdbb-83b0ef629823,BC-MAIN-bf503b6b
GHG-10385-2023-4,2023,Air,74-82-8,Emission,On-site Transportation,tonnes,8.0724,,BC-MAIN-bf503b6b,,CMP-06e20c6e,https://www.canada.ca/en/environment-climate-change/services/environmental-indicators/greenhouse-gas-emissions/large-facilities.html; https://open.canada.ca/data/en/dataset/a8ba14b7-7f23-462a-bdbb-83b0ef629823,BC-MAIN-bf503b6b
GHG-10420-2023-4,2023,Air,74-82-8,Emission,Stationary Fuel Combustion,tonnes,1.096879,,AB-MAIN-9fed34a8,,CMP-c6e8351c,https://www.canada.ca/en/environment-climate-change/services/environmental-indicators/greenhouse-gas-emissions/large-facilities.html; https://open.canada.ca/data/en/dataset/a8ba14b7-7f23-462a-bdbb-83b0ef629823,AB-MAIN-9fed34a8
GHG-10420-2023-5,2023,Air,74-82-8,Emission,Industrial Processes,tonnes,,,AB-MAIN-9fed34a8,,CMP-c6e8351c,https://www.canada.ca/en/environment-climate-change/services/environmental-indicators/greenhouse-gas-emissions/large-facilities.html; https://open.canada.ca/data/en/dataset/a8ba14b7-7f23-462a-bdbb-83b0ef629823,AB-MAIN-9fed34a8
GHG-10420-2023-6,2023,Air,74-82-8,Emission,On-site Transportation,tonnes,0.206085,,AB-MAIN-9fed34a8,,CMP-c6e8351c,https://www.canada.ca/en/environment-climate-change/services/environmental-indicators/greenhouse-gas-emissions/large-facilities.html; https://open.canada.ca/data/en/dataset/a8ba14b7-7f23-462a-bdbb-83b0ef629823,AB-MAIN-9fed34a8
GHG-10468-2023-5,2023,Air,74-82-8,Emission,Stationary Fuel Combustion,tonnes,0.4023,,ON-MAIN-fefeaee4,,CMP-4a434d72,https://www.canada.ca/en/environment-climate-change/services/environmental-indicators/greenhouse-gas-emissions/large-facilities.html; https://open.canada.ca/data/en/dataset/a8ba14b7-7f23-462a-bdbb-83b0ef629823,ON-MAIN-fefeaee4
GHG-10468-2023-6,2023,Air,74-82-8,Emission,Industrial Processes,tonnes,,,ON-MAIN-fefeaee4,,CMP-4a434d72,https://www.canada.ca/en/environment-climate-change/services/environmental-indicators/greenhouse-gas-emissions/large-facilities.html; https://open.canada.ca/data/en/dataset/a8ba14b7-7f23-462a-bdbb-83b0ef629823,ON-MAIN-fefeaee4
GHG-10468-2023-7,2023,Air,74-82-8,Emission,On-site Transportation,tonnes,1.22034,,ON-MAIN-fefeaee4,,CMP-4a434d72,https://www.canada.ca/en/environment-climate-change/services/environmental-indicators/greenhouse-gas-emissions/large-facilities.html; https://open.canada.ca/data/en/dataset/a8ba14b7-7f23-462a-bdbb-83b0ef629823,ON-MAIN-fefeaee4
GHG-10468-2023-8,2023,Air,74-82-8,Emission,Waste,tonnes,0.004825,,ON-MAIN-fefeaee4,,CMP-4a434d72,https://www.canada.ca/en/environment-climate-change/services/environmental-indicators/greenhouse-gas-emissions/large-facilities.html; https://open.canada.ca/data/en/dataset/a8ba14b7-7f23-462a-bdbb-83b0ef629823,ON-MAIN-fefeaee4
GHG-10569-2023-4,2023,Air,74-82-8,Emission,Stationary Fuel Combustion,tonnes,0.14742,,MB-MAIN-e0a6250e,,CMP-9617aef4,https://www.canada.ca/en/environment-climate-change/services/environmental-indicators/greenhouse-gas-emissions/large-facilities.html; https://open.canada.ca/data/en/dataset/a8ba14b7-7f23-462a-bdbb-83b0ef629823,MB-MAIN-e0a6250e
GHG-10569-2023-5,2023,Air,74-82-8,Emission,On-site Transportation,tonnes,0.4233,,MB-MAIN-e0a6250e,,CMP-9617aef4,https://www.canada.ca/en/environment-climate-change/services/environmental-indicators/greenhouse-gas-emissions/large-facilities.html; https://open.canada.ca/data/en/dataset/a8ba14b7-7f23-462a-bdbb-83b0ef629823,MB-MAIN-e0a6250e
GHG-10569-2023-6,2023,Air,74-82-8,Emission,Waste,tonnes,2.21687,,MB-MAIN-e0a6250e,,CMP-9617aef4,https://www.canada.ca/en/environment-climate-change/services/environmental-indicators/greenhouse-gas-emissions/large-facilities.html; https://open.canada.ca/data/en/dataset/a8ba14b7-7f23-462a-bdbb-83b0ef629823,MB-MAIN-e0a6250e
GHG-10570-2023-3,2023,Air,74-82-8,Emission,Stationary Fuel Combustion,tonnes,7.000135,,NL-MAIN-2d8801d6,,CMP-9617aef4,https://www.canada.ca/en/environment-climate-change/services/environmental-indicators/greenhouse-gas-emissions/large-facilities.html; https://open.canada.ca/data/en/dataset/a8ba14b7-7f23-462a-bdbb-83b0ef629823,NL-MAIN-2d8801d6
GHG-10570-2023-4,2023,Air,74-82-8,Emission,On-site Transportation,tonnes,2.003,,NL-MAIN-2d8801d6,,CMP-9617aef4,https://www.canada.ca/en/environment-climate-change/services/environmental-indicators/greenhouse-gas-emissions/large-facilities.html; https://open.canada.ca/data/en/dataset/a8ba14b7-7f23-462a-bdbb-83b0ef629823,NL-MAIN-2d8801d6
GHG-10613-2023-3,2023,Air,74-82-8,Emission,Stationary Fuel Combustion,tonnes,0.0146,,BC-MAIN-3f490561,,CMP-0dfcd91e,https://www.canada.ca/en/environment-climate-change/services/environmental-indicators/greenhouse-gas-emissions/large-facilities.html; https://open.canada.ca/data/en/dataset/a8ba14b7-7f23-462a-bdbb-83b0ef629823,BC-MAIN-3f490561
GHG-10613-2023-4,2023,Air,74-82-8,Emission,On-site Transportation,tonnes,3.5057,,BC-MAIN-3f490561,,CMP-0dfcd91e,https://www.canada.ca/en/environment-climate-change/services/environmental-indicators/greenhouse-gas-emissions/large-facilities.html; https://open.canada.ca/data/en/dataset/a8ba14b7-7f23-462a-bdbb-83b0ef629823,BC-MAIN-3f490561
GHG-10614-2023-4,2023,Air,74-82-8,Emission,Stationary Fuel Combustion,tonnes,1.179237,,ON-MAIN-fc6f1a44,,CMP-a27e87a3,https://www.canada.ca/en/environment-climate-change/services/environmental-indicators/greenhouse-gas-emissions/large-facilities.html; https://open.canada.ca/data/en/dataset/a8ba14b7-7f23-462a-bdbb-83b0ef629823,ON-MAIN-fc6f1a44
GHG-10614-2023-5,2023,Air,74-82-8,Emission,Industrial Processes,tonnes,,,ON-MAIN-fc6f1a44,,CMP-a27e87a3,https://www.canada.ca/en/environment-climate-change/services/environmental-indicators/greenhouse-gas-emissions/large-facilities.html; https://open.canada.ca/data/en/dataset/a8ba14b7-7f23-462a-bdbb-83b0ef629823,ON-MAIN-fc6f1a44
GHG-10614-2023-6,2023,Air,74-82-8,Emission,On-site Transportation,tonnes,0.83797,,ON-MAIN-fc6f1a44,,CMP-a27e87a3,https://www.canada.ca/en/environment-climate-change/services/environmental-indicators/greenhouse-gas-emissions/large-facilities.html; https://open.canada.ca/data/en/dataset/a8ba14b7-7f23-462a-bdbb-83b0ef629823,ON-MAIN-fc6f1a44
GHG-10617-2023-4,2023,Air,74-82-8,Emission,Stationary Fuel Combustion,tonnes,0.3813,,ON-MAIN-1f126a43,,CMP-6265c407,https://www.canada.ca/en/environment-climate-change/services/environmental-indicators/greenhouse-gas-emissions/large-facilities.html; https://open.canada.ca/data/en/dataset/a8ba14b7-7f23-462a-bdbb-83b0ef629823,ON-MAIN-1f126a43
GHG-10617-2023-5,2023,Air,74-82-8,Emission,On-site Transportation,tonnes,1.1007,,ON-MAIN-1f126a43,,CMP-6265c407,https://www.canada.ca/en/environment-climate-change/services/environmental-indicators/greenhouse-gas-emissions/large-facilities.html; https://open.canada.ca/data/en/dataset/a8ba14b7-7f23-462a-bdbb-83b0ef629823,ON-MAIN-1f126a43
GHG-10617-2023-6,2023,Air,74-82-8,Emission,Waste,tonnes,0.0341,,ON-MAIN-1f126a43,,CMP-6265c407,https://www.canada.ca/en/environment-climate-change/services/environmental-indicators/greenhouse-gas-emissions/large-facilities.html; https://open.canada.ca/data/en/dataset/a8ba14b7-7f23-462a-bdbb-83b0ef629823,ON-MAIN-1f126a43
GHG-10657-2023-6,2023,Air,74-82-8,Emission,Leakage / Fuites,tonnes,13.82,,QC-MAIN-c1cc9f7c,,CMP-ef8ffade,https://www.canada.ca/en/environment-climate-change/services/environmental-indicators/greenhouse-gas-emissions/large-facilities.html; https://open.canada.ca/data/en/dataset/a8ba14b7-7f23-462a-bdbb-83b0ef629823,QC-MAIN-c1cc9f7c
GHG-10657-2023-7,2023,Air,74-82-8,Emission,Stationary Fuel Combustion,tonnes,4.870096,,QC-MAIN-c1cc9f7c,,CMP-ef8ffade,https://www.canada.ca/en/environment-climate-change/services/environmental-indicators/greenhouse-gas-emissions/large-facilities.html; https://open.canada.ca/data/en/dataset/a8ba14b7-7f23-462a-bdbb-83b0ef629823,QC-MAIN-c1cc9f7c
GHG-10657-2023-8,2023,Air,74-82-8,Emission,Industrial Processes,tonnes,59.398,,QC-MAIN-c1cc9f7c,,CMP-ef8ffade,https://www.canada.ca/en/environment-climate-change/services/environmental-indicators/greenhouse-gas-emissions/large-facilities.html; https://open.canada.ca/data/en/dataset/a8ba14b7-7f23-462a-bdbb-83b0ef629823,QC-MAIN-c1cc9f7c
GHG-10657-2023-9,2023,Air,74-82-8,Emission,On-site Transportation,tonnes,0.038419,,QC-MAIN-c1cc9f7c,,CMP-ef8ffade,https://www.canada.ca/en/environment-climate-change/services/environmental-indicators/greenhouse-gas-emissions/large-facilities.html; https://open.canada.ca/data/en/dataset/a8ba14b7-7f23-462a-bdbb-83b0ef629823,QC-MAIN-c1cc9f7c
GHG-10657-2023-10,2023,Air,74-82-8,Emission,Wastewater,tonnes,0.3309,,QC-MAIN-c1cc9f7c,,CMP-ef8ffade,https://www.canada.ca/en/environment-climate-change/services/environmental-indicators/greenhouse-gas-emissions/large-facilities.html; https://open.canada.ca/data/en/dataset/a8ba14b7-7f23-462a-bdbb-83b0ef629823,QC-MAIN-c1cc9f7c
GHG-10669-2023-4,2023,Air,74-82-8,Emission,Stationary Fuel Combustion,tonnes,0.42515,,QC-MAIN-e7e6a960,,CMP-6265c407,https://www.canada.ca/en/environment-climate-change/services/environmental-indicators/greenhouse-gas-emissions/large-facilities.html; https://open.canada.ca/data/en/dataset/a8ba14b7-7f23-462a-bdbb-83b0ef629823,QC-MAIN-e7e6a960
GHG-10669-2023-5,2023,Air,74-82-8,Emission,Industrial Processes,tonnes,0.292,,QC-MAIN-e7e6a960,,CMP-6265c407,https://www.canada.ca/en/environment-climate-change/services/environmental-indicators/greenhouse-gas-emissions/large-facilities.html; https://open.canada.ca/data/en/dataset/a8ba14b7-7f23-462a-bdbb-83b0ef629823,QC-MAIN-e7e6a960
GHG-10669-2023-6,2023,Air,74-82-8,Emission,On-site Transportation,tonnes,4.9144,,QC-MAIN-e7e6a960,,CMP-6265c407,https://www.canada.ca/en/environment-climate-change/services/environmental-indicators/greenhouse-gas-emissions/large-facilities.html; https://open.canada.ca/data/en/dataset/a8ba14b7-7f23-462a-bdbb-83b0ef629823,QC-MAIN-e7e6a960
GHG-10678-2023-4,2023,Air,74-82-8,Emission,Stationary Fuel Combustion,tonnes,0.6936,,MB-MAIN-b4ca1426,,CMP-a70130b4,https://www.canada.ca/en/environment-climate-change/services/environmental-indicators/greenhouse-gas-emissions/large-facilities.html; https://open.canada.ca/data/en/dataset/a8ba14b7-7f23-462a-bdbb-83b0ef629823,MB-MAIN-b4ca1426
GHG-10678-2023-5,2023,Air,74-82-8,Emission,Industrial Processes,tonnes,0.0,,MB-MAIN-b4ca1426,,CMP-a70130b4,https://www.canada.ca/en/environment-climate-change/services/environmental-indicators/greenhouse-gas-emissions/large-facilities.html; https://open.canada.ca/data/en/dataset/a8ba14b7-7f23-462a-bdbb-83b0ef629823,MB-MAIN-b4ca1426
GHG-10678-2023-6,2023,Air,74-82-8,Emission,On-site Transportation,tonnes,0.692262,,MB-MAIN-b4ca1426,,CMP-a70130b4,https://www.canada.ca/en/environment-climate-change/services/environmental-indicators/greenhouse-gas-emissions/large-facilities.html; https://open.canada.ca/data/en/dataset/a8ba14b7-7f23-462a-bdbb-83b0ef629823,MB-MAIN-b4ca1426
GHG-10679-2023-3,2023,Air,74-82-8,Emission,Stationary Fuel Combustion,tonnes,0.187125,,BC-MAIN-6b4800fe,,CMP-e35f138c,https://www.canada.ca/en/environment-climate-change/services/environmental-indicators/greenhouse-gas-emissions/large-facilities.html; https://open.canada.ca/data/en/dataset/a8ba14b7-7f23-462a-bdbb-83b0ef629823,BC-MAIN-6b4800fe
GHG-10679-2023-4,2023,Air,74-82-8,Emission,On-site Transportation,tonnes,5.738607,,BC-MAIN-6b4800fe,,CMP-e35f138c,https://www.canada.ca/en/environment-climate-change/services/environmental-indicators/greenhouse-gas-emissions/large-facilities.html; https://open.canada.ca/data/en/dataset/a8ba14b7-7f23-462a-bdbb-83b0ef629823,BC-MAIN-6b4800fe
GHG-10722-2023-4,2023,Air,74-82-8,Emission,Stationary Fuel Combustion,tonnes,0.234,,QC-MAIN-089f3c60,,CMP-c08ac7d7,https://www.canada.ca/en/environment-climate-change/services/environmental-indicators/greenhouse-gas-emissions/large-facilities.html; https://open.canada.ca/data/en/dataset/a8ba14b7-7f23-462a-bdbb-83b0ef629823,QC-MAIN-089f3c60
GHG-10722-2023-5,2023,Air,74-82-8,Emission,Industrial Processes,tonnes,,,QC-MAIN-089f3c60,,CMP-c08ac7d7,https://www.canada.ca/en/environment-climate-change/services/environmental-indicators/greenhouse-gas-emissions/large-facilities.html; https://open.canada.ca/data/en/dataset/a8ba14b7-7f23-462a-bdbb-83b0ef629823,QC-MAIN-089f3c60
GHG-10722-2023-6,2023,Air,74-82-8,Emission,On-site Transportation,tonnes,2.8397,,QC-MAIN-089f3c60,,CMP-c08ac7d7,https://www.canada.ca/en/environment-climate-change/services/environmental-indicators/greenhouse-gas-emissions/large-facilities.html; https://open.canada.ca/data/en/dataset/a8ba14b7-7f23-462a-bdbb-83b0ef629823,QC-MAIN-089f3c60
GHG-10738-2023-3,2023,Air,74-82-8,Emission,Stationary Fuel Combustion,tonnes,0.592605,,ON-MAIN-bddeaef0,,CMP-a70130b4,https://www.canada.ca/en/environment-climate-change/services/environmental-indicators/greenhouse-gas-emissions/large-facilities.html; https://open.canada.ca/data/en/dataset/a8ba14b7-7f23-462a-bdbb-83b0ef629823,ON-MAIN-bddeaef0
GHG-10738-2023-4,2023,Air,74-82-8,Emission,On-site Transportation,tonnes,0.0069,,ON-MAIN-bddeaef0,,CMP-a70130b4,https://www.canada.ca/en/environment-climate-change/services/environmental-indicators/greenhouse-gas-emissions/large-facilities.html; https://open.canada.ca/data/en/dataset/a8ba14b7-7f23-462a-bdbb-83b0ef629823,ON-MAIN-bddeaef0
GHG-10765-2023-5,2023,Air,74-82-8,Emission,Stationary Fuel Combustion,tonnes,0.19718,,ON-MAIN-aeafbb59,,CMP-6265c407,https://www.canada.ca/en/environment-climate-change/services/environmental-indicators/greenhouse-gas-emissions/large-facilities.html; https://open.canada.ca/data/en/dataset/a8ba14b7-7f23-462a-bdbb-83b0ef629823,ON-MAIN-aeafbb59
GHG-10765-2023-6,2023,Air,74-82-8,Emission,On-site Transportation,tonnes,17.9708,,ON-MAIN-aeafbb59,,CMP-6265c407,https://www.canada.ca/en/environment-climate-change/services/environmental-indicators/greenhouse-gas-emissions/large-facilities.html; https://open.canada.ca/data/en/dataset/a8ba14b7-7f23-462a-bdbb-83b0ef629823,ON-MAIN-aeafbb59
GHG-10765-2023-7,2023,Air,74-82-8,Emission,Waste,tonnes,137.4867,,ON-MAIN-aeafbb59,,CMP-6265c407,https://www.canada.ca/en/environment-climate-change/services/environmental-indicators/greenhouse-gas-emissions/large-facilities.html; https://open.canada.ca/data/en/dataset/a8ba14b7-7f23-462a-bdbb-83b0ef629823,ON-MAIN-aeafbb59
GHG-10765-2023-8,2023,Air,74-82-8,Emission,Wastewater,tonnes,,,ON-MAIN-aeafbb59,,CMP-6265c407,https://www.canada.ca/en/environment-climate-change/services/environmental-indicators/greenhouse-gas-emissions/large-facilities.html; https://open.canada.ca/data/en/dataset/a8ba14b7-7f23-462a-bdbb-83b0ef629823,ON-MAIN-aeafbb59
GHG-10785-2023-2,2023,Air,74-82-8,Emission,Stationary Fuel Combustion,tonnes,2.1501,,BC-MAIN-23155c25,,CMP-05423572,https://www.canada.ca/en/environment-climate-change/services/environmental-indicators/greenhouse-gas-emissions/large-facilities.html; https://open.canada.ca/data/en/dataset/a8ba14b7-7f23-462a-bdbb-83b0ef629823,BC-MAIN-23155c25
GHG-10810-2023-4,2023,Air,74-82-8,Emission,Stationary Fuel Combustion,tonnes,1.0,,NL-MAIN-d9036091,,CMP-9617aef4,https://www.canada.ca/en/environment-climate-change/services/environmental-indicators/greenhouse-gas-emissions/large-facilities.html; https://open.canada.ca/data/en/dataset/a8ba14b7-7f23-462a-bdbb-83b0ef629823,NL-MAIN-d9036091
GHG-10810-2023-5,2023,Air,74-82-8,Emission,Industrial Processes,tonnes,,,NL-MAIN-d9036091,,CMP-9617aef4,https://www.canada.ca/en/environment-climate-change/services/environmental-indicators/greenhouse-gas-emissions/large-facilities.html; https://open.canada.ca/data/en/dataset/a8ba14b7-7f23-462a-bdbb-83b0ef629823,NL-MAIN-d9036091
GHG-10810-2023-6,2023,Air,74-82-8,Emission,On-site Transportation,tonnes,0.13,,NL-MAIN-d9036091,,CMP-9617aef4,https://www.canada.ca/en/environment-climate-change/services/environmental-indicators/greenhouse-gas-emissions/large-facilities.html; https://open.canada.ca/data/en/dataset/a8ba14b7-7f23-462a-bdbb-83b0ef629823,NL-MAIN-d9036091
GHG-10835-2023-5,2023,Air,74-82-8,Emission,Stationary Fuel Combustion,tonnes,0.68891,,NU-MAIN-5154702a,,CMP-336d5ebc,https://www.canada.ca/en/environment-climate-change/services/environmental-indicators/greenhouse-gas-emissions/large-facilities.html; https://open.canada.ca/data/en/dataset/a8ba14b7-7f23-462a-bdbb-83b0ef629823,NU-MAIN-5154702a
GHG-10835-2023-6,2023,Air,74-82-8,Emission,On-site Transportation,tonnes,1.71291,,NU-MAIN-5154702a,,CMP-336d5ebc,https://www.canada.ca/en/environment-climate-change/services/environmental-indicators/greenhouse-gas-emissions/large-facilities.html; https://open.canada.ca/data/en/dataset/a8ba14b7-7f23-462a-bdbb-83b0ef629823,NU-MAIN-5154702a
GHG-10835-2023-7,2023,Air,74-82-8,Emission,Waste,tonnes,,,NU-MAIN-5154702a,,CMP-336d5ebc,https://www.canada.ca/en/environment-climate-change/services/environmental-indicators/greenhouse-gas-emissions/large-facilities.html; https://open.canada.ca/data/en/dataset/a8ba14b7-7f23-462a-bdbb-83b0ef629823,NU-MAIN-5154702a
GHG-10835-2023-8,2023,Air,74-82-8,Emission,Wastewater,tonnes,0.01022,,NU-MAIN-5154702a,,CMP-336d5ebc,https://www.canada.ca/en/environment-climate-change/services/environmental-indicators/greenhouse-gas-emissions/large-facilities.html; https://open.canada.ca/data/en/dataset/a8ba14b7-7f23-462a-bdbb-83b0ef629823,NU-MAIN-5154702a
GHG-10857-2023-3,2023,Air,74-82-8,Emission,Stationary Fuel Combustion,tonnes,0.151,,ON-MAIN-6e9be24e,,CMP-84fc7d46,https://www.canada.ca/en/environment-climate-change/services/environmental-indicators/greenhouse-gas-emissions/large-facilities.html; https://open.canada.ca/data/en/dataset/a8ba14b7-7f23-462a-bdbb-83b0ef629823,ON-MAIN-6e9be24e
GHG-10857-2023-4,2023,Air,74-82-8,Emission,On-site Transportation,tonnes,1.1823,,ON-MAIN-6e9be24e,,CMP-84fc7d46,https://www.canada.ca/en/environment-climate-change/services/environmental-indicators/greenhouse-gas-emissions/large-facilities.html; https://open.canada.ca/data/en/dataset/a8ba14b7-7f23-462a-bdbb-83b0ef629823,ON-MAIN-6e9be24e
GHG-10863-2023-5,2023,Air,74-82-8,Emission,Stationary Fuel Combustion,tonnes,2.631517,,NU-MAIN-8b0264c9,,CMP-6265c407,https://www.canada.ca/en/environment-climate-change/services/environmental-indicators/greenhouse-gas-emissions/large-facilities.html; https://open.canada.ca/data/en/dataset/a8ba14b7-7f23-462a-bdbb-83b0ef629823,NU-MAIN-8b0264c9
GHG-10863-2023-6,2023,Air,74-82-8,Emission,Industrial Processes,tonnes,,,NU-MAIN-8b0264c9,,CMP-6265c407,https://www.canada.ca/en/environment-climate-change/services/environmental-indicators/greenhouse-gas-emissions/large-facilities.html; https://open.canada.ca/data/en/dataset/a8ba14b7-7f23-462a-bdbb-83b0ef629823,NU-MAIN-8b0264c9
GHG-10863-2023-7,2023,Air,74-82-8,Emission,On-site Transportation,tonnes,1.23136,,NU-MAIN-8b0264c9,,CMP-6265c407,https://www.canada.ca/en/environment-climate-change/services/environmental-indicators/greenhouse-gas-emissions/large-facilities.html; https://open.canada.ca/data/en/dataset/a8ba14b7-7f23-462a-bdbb-83b0ef629823,NU-MAIN-8b0264c9
GHG-10863-2023-8,2023,Air,74-82-8,Emission,Waste,tonnes,3.946029,,NU-MAIN-8b0264c9,,CMP-6265c407,https://www.canada.ca/en/environment-climate-change/services/environmental-indicators/greenhouse-gas-emissions/large-facilities.html; https://open.canada.ca/data/en/dataset/a8ba14b7-7f23-462a-bdbb-83b0ef629823,NU-MAIN-8b0264c9
GHG-10873-2023-4,2023,Air,74-82-8,Emission,Stationary Fuel Combustion,tonnes,0.233,,BC-MAIN-857b7b89,,CMP-4a434d72,https://www.canada.ca/en/environment-climate-change/services/environmental-indicators/greenhouse-gas-emissions/large-facilities.html; https://open.canada.ca/data/en/dataset/a8ba14b7-7f23-462a-bdbb-83b0ef629823,BC-MAIN-857b7b89
GHG-10873-2023-5,2023,Air,74-82-8,Emission,On-site Transportation,tonnes,2.421,,BC-MAIN-857b7b89,,CMP-4a434d72,https://www.canada.ca/en/environment-climate-change/services/environmental-indicators/greenhouse-gas-emissions/large-facilities.html; https://open.canada.ca/data/en/dataset/a8ba14b7-7f23-462a-bdbb-83b0ef629823,BC-MAIN-857b7b89
GHG-10873-2023-6,2023,Air,74-82-8,Emission,Wastewater,tonnes,,,BC-MAIN-857b7b89,,CMP-4a434d72,https://www.canada.ca/en/environment-climate-change/services/environmental-indicators/greenhouse-gas-emissions/large-facilities.html; https://open.canada.ca/data/en/dataset/a8ba14b7-7f23-462a-bdbb-83b0ef629823,BC-MAIN-857b7b89
GHG-10904-2023-3,2023,Air,74-82-8,Emission,Stationary Fuel Combustion,tonnes,0.059,,QC-MAIN-b86f7d07,,CMP-7e360a1f,https://www.canada.ca/en/environment-climate-change/services/environmental-indicators/greenhouse-gas-emissions/large-facilities.html; https://open.canada.ca/data/en/dataset/a8ba14b7-7f23-462a-bdbb-83b0ef629823,QC-MAIN-b86f7d07
GHG-10904-2023-4,2023,Air,74-82-8,Emission,On-site Transportation,tonnes,3.247,,QC-MAIN-b86f7d07,,CMP-7e360a1f,https://www.canada.ca/en/environment-climate-change/services/environmental-indicators/greenhouse-gas-emissions/large-facilities.html; https://open.canada.ca/data/en/dataset/a8ba14b7-7f23-462a-bdbb-83b0ef629823,QC-MAIN-b86f7d07
GHG-10907-2023-3,2023,Air,74-82-8,Emission,Stationary Fuel Combustion,tonnes,0.102,,QC-MAIN-a555d9b9,,CMP-f0009ac4,https://www.canada.ca/en/environment-climate-change/services/environmental-indicators/greenhouse-gas-emissions/large-facilities.html; https://open.canada.ca/data/en/dataset/a8ba14b7-7f23-462a-bdbb-83b0ef629823,QC-MAIN-a555d9b9
GHG-10907-2023-4,2023,Air,74-82-8,Emission,On-site Transportation,tonnes,0.3,,QC-MAIN-a555d9b9,,CMP-f0009ac4,https://www.canada.ca/en/environment-climate-change/services/environmental-indicators/greenhouse-gas-emissions/large-facilities.html; https://open.canada.ca/data/en/dataset/a8ba14b7-7f23-462a-bdbb-83b0ef629823,QC-MAIN-a555d9b9
GHG-10911-2023-3,2023,Air,74-82-8,Emission,Stationary Fuel Combustion,tonnes,0.061,,QC-MAIN-02884fb5,,CMP-3d0a95b7,https://www.canada.ca/en/environment-climate-change/services/environmental-indicators/greenhouse-gas-emissions/large-facilities.html; https://open.canada.ca/data/en/dataset/a8ba14b7-7f23-462a-bdbb-83b0ef629823,QC-MAIN-02884fb5
GHG-10911-2023-4,2023,Air,74-82-8,Emission,On-site Transportation,tonnes,0.674,,QC-MAIN-02884fb5,,CMP-3d0a95b7,https://www.canada.ca/en/environment-climate-change/services/environmental-indicators/greenhouse-gas-emissions/large-facilities.html; https://open.canada.ca/data/en/dataset/a8ba14b7-7f23-462a-bdbb-83b0ef629823,QC-MAIN-02884fb5
GHG-10917-2023-5,2023,Air,74-82-8,Emission,Stationary Fuel Combustion,tonnes,0.071,,ON-MAIN-687b8c8d,,CMP-3a4ccc7f,https://www.canada.ca/en/environment-climate-change/services/environmental-indicators/greenhouse-gas-emissions/large-facilities.html; https://open.canada.ca/data/en/dataset/a8ba14b7-7f23-462a-bdbb-83b0ef629823,ON-MAIN-687b8c8d
GHG-10917-2023-6,2023,Air,74-82-8,Emission,Industrial Processes,tonnes,,,ON-MAIN-687b8c8d,,CMP-3a4ccc7f,https://www.canada.ca/en/environment-climate-change/services/environmental-indicators/greenhouse-gas-emissions/large-facilities.html; https://open.canada.ca/data/en/dataset/a8ba14b7-7f23-462a-bdbb-83b0ef629823,ON-MAIN-687b8c8d
GHG-10917-2023-7,2023,Air,74-82-8,Emission,On-site Transportation,tonnes,2.528,,ON-MAIN-687b8c8d,,CMP-3a4ccc7f,https://www.canada.ca/en/environment-climate-change/services/environmental-indicators/greenhouse-gas-emissions/large-facilities.html; https://open.canada.ca/data/en/dataset/a8ba14b7-7f23-462a-bdbb-83b0ef629823,ON-MAIN-687b8c8d
GHG-10917-2023-8,2023,Air,74-82-8,Emission,Waste,tonnes,0.046,,ON-MAIN-687b8c8d,,CMP-3a4ccc7f,https://www.canada.ca/en/environment-climate-change/services/environmental-indicators/greenhouse-gas-emissions/large-facilities.html; https://open.canada.ca/data/en/dataset/a8ba14b7-7f23-462a-bdbb-83b0ef629823,ON-MAIN-687b8c8d
GHG-10924-2023-4,2023,Air,74-82-8,Emission,Stationary Fuel Combustion,tonnes,0.208,,ON-MAIN-3b3e5365,,CMP-4a434d72,https://www.canada.ca/en/environment-climate-change/services/environmental-indicators/greenhouse-gas-emissions/large-facilities.html; https://open.canada.ca/data/en/dataset/a8ba14b7-7f23-462a-bdbb-83b0ef629823,ON-MAIN-3b3e5365
GHG-10924-2023-5,2023,Air,74-82-8,Emission,Industrial Processes,tonnes,,,ON-MAIN-3b3e5365,,CMP-4a434d72,https://www.canada.ca/en/environment-climate-change/services/environmental-indicators/greenhouse-gas-emissions/large-facilities.html; https://open.canada.ca/data/en/dataset/a8ba14b7-7f23-462a-bdbb-83b0ef629823,ON-MAIN-3b3e5365
GHG-10924-2023-6,2023,Air,74-82-8,Emission,On-site Transportation,tonnes,3.905,,ON-MAIN-3b3e5365,,CMP-4a434d72,https://www.canada.ca/en/environment-climate-change/services/environmental-indicators/greenhouse-gas-emissions/large-facilities.html; https://open.canada.ca/data/en/dataset/a8ba14b7-7f23-462a-bdbb-83b0ef629823,ON-MAIN-3b3e5365
GHG-10926-2023-3,2023,Air,74-82-8,Emission,Stationary Fuel Combustion,tonnes,0.299,,ON-MAIN-a3c56a83,,CMP-967076a1,https://www.canada.ca/en/environment-climate-change/services/environmental-indicators/greenhouse-gas-emissions/large-facilities.html; https://open.canada.ca/data/en/dataset/a8ba14b7-7f23-462a-bdbb-83b0ef629823,ON-MAIN-a3c56a83
GHG-10926-2023-4,2023,Air,74-82-8,Emission,On-site Transportation,tonnes,2.885,,ON-MAIN-a3c56a83,,CMP-967076a1,https://www.canada.ca/en/environment-climate-change/services/environmental-indicators/greenhouse-gas-emissions/large-facilities.html; https://open.canada.ca/data/en/dataset/a8ba14b7-7f23-462a-bdbb-83b0ef629823,ON-MAIN-a3c56a83
GHG-11368-2023-4,2023,Air,74-82-8,Emission,Stationary Fuel Combustion,tonnes,0.2778,,ON-MAIN-387b06fe,,CMP-a72e0313,https://www.canada.ca/en/environment-climate-change/services/environmental-indicators/greenhouse-gas-emissions/large-facilities.html; https://open.canada.ca/data/en/dataset/a8ba14b7-7f23-462a-bdbb-83b0ef629823,ON-MAIN-387b06fe
GHG-11368-2023-5,2023,Air,74-82-8,Emission,Industrial Processes,tonnes,,,ON-MAIN-387b06fe,,CMP-a72e0313,https://www.canada.ca/en/environment-climate-change/services/environmental-indicators/greenhouse-gas-emissions/large-facilities.html; https://open.canada.ca/data/en/dataset/a8ba14b7-7f23-462a-bdbb-83b0ef629823,ON-MAIN-387b06fe
GHG-11368-2023-6,2023,Air,74-82-8,Emission,On-site Transportation,tonnes,0.0594,,ON-MAIN-387b06fe,,CMP-a72e0313,https://www.canada.ca/en/environment-climate-change/services/environmental-indicators/greenhouse-gas-emissions/large-facilities.html; https://open.canada.ca/data/en/dataset/a8ba14b7-7f23-462a-bdbb-83b0ef629823,ON-MAIN-387b06fe
GHG-11375-2023-3,2023,Air,74-82-8,Emission,Stationary Fuel Combustion,tonnes,0.227,,ON-MAIN-7607a50e,,CMP-3a4ccc7f,https://www.canada.ca/en/environment-climate-change/services/environmental-indicators/greenhouse-gas-emissions/large-facilities.html; https://open.canada.ca/data/en/dataset/a8ba14b7-7f23-462a-bdbb-83b0ef629823,ON-MAIN-7607a50e
GHG-11375-2023-4,2023,Air,74-82-8,Emission,On-site Transportation,tonnes,0.587,,ON-MAIN-7607a50e,,CMP-3a4ccc7f,https://www.canada.ca/en/environment-climate-change/services/environmental-indicators/greenhouse-gas-emissions/large-facilities.html; https://open.canada.ca/data/en/dataset/a8ba14b7-7f23-462a-bdbb-83b0ef629823,ON-MAIN-7607a50e
GHG-11382-2023-4,2023,Air,74-82-8,Emission,Stationary Fuel Combustion,tonnes,4.745063,,QC-MAIN-5ce331b8,,CMP-d87d1101,https://www.canada.ca/en/environment-climate-change/services/environmental-indicators/greenhouse-gas-emissions/large-facilities.html; https://open.canada.ca/data/en/dataset/a8ba14b7-7f23-462a-bdbb-83b0ef629823,QC-MAIN-5ce331b8
GHG-11382-2023-5,2023,Air,74-82-8,Emission,Industrial Processes,tonnes,,,QC-MAIN-5ce331b8,,CMP-d87d1101,https://www.canada.ca/en/environment-climate-change/services/environmental-indicators/greenhouse-gas-emissions/large-facilities.html; https://open.canada.ca/data/en/dataset/a8ba14b7-7f23-462a-bdbb-83b0ef629823,QC-MAIN-5ce331b8
GHG-11382-2023-6,2023,Air,74-82-8,Emission,On-site Transportation,tonnes,1.86,,QC-MAIN-5ce331b8,,CMP-d87d1101,https://www.canada.ca/en/environment-climate-change/services/environmental-indicators/greenhouse-gas-emissions/large-facilities.html; https://open.canada.ca/data/en/dataset/a8ba14b7-7f23-462a-bdbb-83b0ef629823,QC-MAIN-5ce331b8
GHG-11496-2023-4,2023,Air,74-82-8,Emission,Stationary Fuel Combustion,tonnes,0.221,,ON-MAIN-0aadf28f,,CMP-d94be190,https://www.canada.ca/en/environment-climate-change/services/environmental-indicators/greenhouse-gas-emissions/large-facilities.html; https://open.canada.ca/data/en/dataset/a8ba14b7-7f23-462a-bdbb-83b0ef629823,ON-MAIN-0aadf28f
GHG-11496-2023-5,2023,Air,74-82-8,Emission,Industrial Processes,tonnes,,,ON-MAIN-0aadf28f,,CMP-d94be190,https://www.canada.ca/en/environment-climate-change/services/environmental-indicators/greenhouse-gas-emissions/large-facilities.html; https://open.canada.ca/data/en/dataset/a8ba14b7-7f23-462a-bdbb-83b0ef629823,ON-MAIN-0aadf28f
GHG-11496-2023-6,2023,Air,74-82-8,Emission,On-site Transportation,tonnes,8.918,,ON-MAIN-0aadf28f,,CMP-d94be190,https://www.canada.ca/en/environment-climate-change/services/environmental-indicators/greenhouse-gas-emissions/large-facilities.html; https://open.canada.ca/data/en/dataset/a8ba14b7-7f23-462a-bdbb-83b0ef629823,ON-MAIN-0aadf28f
GHG-11723-2023-4,2023,Air,74-82-8,Emission,Stationary Fuel Combustion,tonnes,0.2055,,ON-MAIN-2e13aaa0,,CMP-9617aef4,https://www.canada.ca/en/environment-climate-change/services/environmental-indicators/greenhouse-gas-emissions/large-facilities.html; https://open.canada.ca/data/en/dataset/a8ba14b7-7f23-462a-bdbb-83b0ef629823,ON-MAIN-2e13aaa0
GHG-11723-2023-5,2023,Air,74-82-8,Emission,Industrial Processes,tonnes,,,ON-MAIN-2e13aaa0,,CMP-9617aef4,https://www.canada.ca/en/environment-climate-change/services/environmental-indicators/greenhouse-gas-emissions/large-facilities.html; https://open.canada.ca/data/en/dataset/a8ba14b7-7f23-462a-bdbb-83b0ef629823,ON-MAIN-2e13aaa0
GHG-11723-2023-6,2023,Air,74-82-8,Emission,On-site Transportation,tonnes,0.05844,,ON-MAIN-2e13aaa0,,CMP-9617aef4,https://www.canada.ca/en/environment-climate-change/services/environmental-indicators/greenhouse-gas-emissions/large-facilities.html; https://open.canada.ca/data/en/dataset/a8ba14b7-7f23-462a-bdbb-83b0ef629823,ON-MAIN-2e13aaa0
GHG-11736-2023-5,2023,Air,74-82-8,Emission,Stationary Fuel Combustion,tonnes,0.1123,,QC-MAIN-dc1a16f9,,CMP-9f967ad1,https://www.canada.ca/en/environment-climate-change/services/environmental-indicators/greenhouse-gas-emissions/large-facilities.html; https://open.canada.ca/data/en/dataset/a8ba14b7-7f23-462a-bdbb-83b0ef629823,QC-MAIN-dc1a16f9
GHG-11736-2023-6,2023,Air,74-82-8,Emission,On-site Transportation,tonnes,2.071,,QC-MAIN-dc1a16f9,,CMP-9f967ad1,https://www.canada.ca/en/environment-climate-change/services/environmental-indicators/greenhouse-gas-emissions/large-facilities.html; https://open.canada.ca/data/en/dataset/a8ba14b7-7f23-462a-bdbb-83b0ef629823,QC-MAIN-dc1a16f9
GHG-11736-2023-7,2023,Air,74-82-8,Emission,Waste,tonnes,0.09,,QC-MAIN-dc1a16f9,,CMP-9f967ad1,https://www.canada.ca/en/environment-climate-change/services/environmental-indicators/greenhouse-gas-emissions/large-facilities.html; https://open.canada.ca/data/en/dataset/a8ba14b7-7f23-462a-bdbb-83b0ef629823,QC-MAIN-dc1a16f9
GHG-11736-2023-8,2023,Air,74-82-8,Emission,Wastewater,tonnes,0.04,,QC-MAIN-dc1a16f9,,CMP-9f967ad1,https://www.canada.ca/en/environment-climate-change/services/environmental-indicators/greenhouse-gas-emissions/large-facilities.html; https://open.canada.ca/data/en/dataset/a8ba14b7-7f23-462a-bdbb-83b0ef629823,QC-MAIN-dc1a16f9
GHG-11765-2023-3,2023,Air,74-82-8,Emission,Stationary Fuel Combustion,tonnes,0.296442,,ON-MAIN-4c35e094,,CMP-3775c12e,https://www.canada.ca/en/environment-climate-change/services/environmental-indicators/greenhouse-gas-emissions/large-facilities.html; https://open.canada.ca/data/en/dataset/a8ba14b7-7f23-462a-bdbb-83b0ef629823,ON-MAIN-4c35e094
GHG-11765-2023-4,2023,Air,74-82-8,Emission,On-site Transportation,tonnes,0.103,,ON-MAIN-4c35e094,,CMP-3775c12e,https://www.canada.ca/en/environment-climate-change/services/environmental-indicators/greenhouse-gas-emissions/large-facilities.html; https://open.canada.ca/data/en/dataset/a8ba14b7-7f23-462a-bdbb-83b0ef629823,ON-MAIN-4c35e094
GHG-11770-2023-3,2023,Air,74-82-8,Emission,Stationary Fuel Combustion,tonnes,0.085,,QC-MAIN-c0660aec,,CMP-6265c407,https://www.canada.ca/en/environment-climate-change/services/environmental-indicators/greenhouse-gas-emissions/large-facilities.html; https://open.canada.ca/data/en/dataset/a8ba14b7-7f23-462a-bdbb-83b0ef629823,QC-MAIN-c0660aec
GHG-11770-2023-4,2023,Air,74-82-8,Emission,On-site Transportation,tonnes,0.502,,QC-MAIN-c0660aec,,CMP-6265c407,https://www.canada.ca/en/environment-climate-change/services/environmental-indicators/greenhouse-gas-emissions/large-facilities.html; https://open.canada.ca/data/en/dataset/a8ba14b7-7f23-462a-bdbb-83b0ef629823,QC-MAIN-c0660aec
GHG-11794-2023-4,2023,Air,74-82-8,Emission,Stationary Fuel Combustion,tonnes,0.294074,,QC-MAIN-e51eda66,,CMP-6265c407,https://www.canada.ca/en/environment-climate-change/services/environmental-indicators/greenhouse-gas-emissions/large-facilities.html; https://open.canada.ca/data/en/dataset/a8ba14b7-7f23-462a-bdbb-83b0ef629823,QC-MAIN-e51eda66
GHG-11794-2023-5,2023,Air,74-82-8,Emission,Industrial Processes,tonnes,0.001046,,QC-MAIN-e51eda66,,CMP-6265c407,https://www.canada.ca/en/environment-climate-change/services/environmental-indicators/greenhouse-gas-emissions/large-facilities.html; https://open.canada.ca/data/en/dataset/a8ba14b7-7f23-462a-bdbb-83b0ef629823,QC-MAIN-e51eda66
GHG-11794-2023-6,2023,Air,74-82-8,Emission,On-site Transportation,tonnes,1.514101,,QC-MAIN-e51eda66,,CMP-6265c407,https://www.canada.ca/en/environment-climate-change/services/environmental-indicators/greenhouse-gas-emissions/large-facilities.html; https://open.canada.ca/data/en/dataset/a8ba14b7-7f23-462a-bdbb-83b0ef629823,QC-MAIN-e51eda66
GHG-11804-2023-4,2023,Air,74-82-8,Emission,Stationary Fuel Combustion,tonnes,0.184,,QC-MAIN-6dc537e6,,CMP-4a434d72,https://www.canada.ca/en/environment-climate-change/services/environmental-indicators/greenhouse-gas-emissions/large-facilities.html; https://open.canada.ca/data/en/dataset/a8ba14b7-7f23-462a-bdbb-83b0ef629823,QC-MAIN-6dc537e6
GHG-11804-2023-5,2023,Air,74-82-8,Emission,Industrial Processes,tonnes,,,QC-MAIN-6dc537e6,,CMP-4a434d72,https://www.canada.ca/en/environment-climate-change/services/environmental-indicators/greenhouse-gas-emissions/large-facilities.html; https://open.canada.ca/data/en/dataset/a8ba14b7-7f23-462a-bdbb-83b0ef629823,QC-MAIN-6dc537e6
GHG-11804-2023-6,2023,Air,74-82-8,Emission,On-site Transportation,tonnes,1.354,,QC-MAIN-6dc537e6,,CMP-4a434d72,https://www.canada.ca/en/environment-climate-change/services/environmental-indicators/greenhouse-gas-emissions/large-facilities.html; https://open.canada.ca/data/en/dataset/a8ba14b7-7f23-462a-bdbb-83b0ef629823,QC-MAIN-6dc537e6
GHG-11894-2023-4,2023,Air,74-82-8,Emission,Stationary Fuel Combustion,tonnes,0.07623,,BC-MAIN-599152a0,,CMP-12afc634,https://www.canada.ca/en/environment-climate-change/services/environmental-indicators/greenhouse-gas-emissions/large-facilities.html; https://open.canada.ca/data/en/dataset/a8ba14b7-7f23-462a-bdbb-83b0ef629823,BC-MAIN-599152a0
GHG-11894-2023-5,2023,Air,74-82-8,Emission,On-site Transportation,tonnes,4.644,,BC-MAIN-599152a0,,CMP-12afc634,https://www.canada.ca/en/environment-climate-change/services/environmental-indicators/greenhouse-gas-emissions/large-facilities.html; https://open.canada.ca/data/en/dataset/a8ba14b7-7f23-462a-bdbb-83b0ef629823,BC-MAIN-599152a0
GHG-11894-2023-6,2023,Air,74-82-8,Emission,Waste,tonnes,2.962,,BC-MAIN-599152a0,,CMP-12afc634,https://www.canada.ca/en/environment-climate-change/services/environmental-indicators/greenhouse-gas-emissions/large-facilities.html; https://open.canada.ca/data/en/dataset/a8ba14b7-7f23-462a-bdbb-83b0ef629823,BC-MAIN-599152a0
GHG-11951-2023-5,2023,Air,74-82-8,Emission,Stationary Fuel Combustion,tonnes,0.3332,,ON-MAIN-7f050560,,CMP-ca642bce,https://www.canada.ca/en/environment-climate-change/services/environmental-indicators/greenhouse-gas-emissions/large-facilities.html; https://open.canada.ca/data/en/dataset/a8ba14b7-7f23-462a-bdbb-83b0ef629823,ON-MAIN-7f050560
GHG-11951-2023-6,2023,Air,74-82-8,Emission,Industrial Processes,tonnes,,,ON-MAIN-7f050560,,CMP-ca642bce,https://www.canada.ca/en/environment-climate-change/services/environmental-indicators/greenhouse-gas-emissions/large-facilities.html; https://open.canada.ca/data/en/dataset/a8ba14b7-7f23-462a-bdbb-83b0ef629823,ON-MAIN-7f050560
GHG-11951-2023-7,2023,Air,74-82-8,Emission,On-site Transportation,tonnes,1.0971,,ON-MAIN-7f050560,,CMP-ca642bce,https://www.canada.ca/en/environment-climate-change/services/environmental-indicators/greenhouse-gas-emissions/large-facilities.html; https://open.canada.ca/data/en/dataset/a8ba14b7-7f23-462a-bdbb-83b0ef629823,ON-MAIN-7f050560
GHG-11951-2023-8,2023,Air,74-82-8,Emission,Waste,tonnes,0.577721,,ON-MAIN-7f050560,,CMP-ca642bce,https://www.canada.ca/en/environment-climate-change/services/environmental-indicators/greenhouse-gas-emissions/large-facilities.html; https://open.canada.ca/data/en/dataset/a8ba14b7-7f23-462a-bdbb-83b0ef629823,ON-MAIN-7f050560
GHG-12304-2023-4,2023,Air,74-82-8,Emission,Stationary Fuel Combustion,tonnes,0.081,,ON-MAIN-cb85213a,,CMP-3d2c4955,https://www.canada.ca/en/environment-climate-change/services/environmental-indicators/greenhouse-gas-emissions/large-facilities.html; https://open.canada.ca/data/en/dataset/a8ba14b7-7f23-462a-bdbb-83b0ef629823,ON-MAIN-cb85213a
GHG-12304-2023-5,2023,Air,74-82-8,Emission,On-site Transportation,tonnes,1.887,,ON-MAIN-cb85213a,,CMP-3d2c4955,https://www.canada.ca/en/environment-climate-change/services/environmental-indicators/greenhouse-gas-emissions/large-facilities.html; https://open.canada.ca/data/en/dataset/a8ba14b7-7f23-462a-bdbb-83b0ef629823,ON-MAIN-cb85213a
GHG-12304-2023-6,2023,Air,74-82-8,Emission,Waste,tonnes,0.001,,ON-MAIN-cb85213a,,CMP-3d2c4955,https://www.canada.ca/en/environment-climate-change/services/environmental-indicators/greenhouse-gas-emissions/large-facilities.html; https://open.canada.ca/data/en/dataset/a8ba14b7-7f23-462a-bdbb-83b0ef629823,ON-MAIN-cb85213a
GHG-12459-2023-3,2023,Air,74-82-8,Emission,Stationary Fuel Combustion,tonnes,0.263,,YT-MAIN-e05ed9fe,,CMP-661b40f2,https://www.canada.ca/en/environment-climate-change/services/environmental-indicators/greenhouse-gas-emissions/large-facilities.html; https://open.canada.ca/data/en/dataset/a8ba14b7-7f23-462a-bdbb-83b0ef629823,YT-MAIN-e05ed9fe
GHG-12459-2023-4,2023,Air,74-82-8,Emission,On-site Transportation,tonnes,3.9937,,YT-MAIN-e05ed9fe,,CMP-661b40f2,https://www.canada.ca/en/environment-climate-change/services/environmental-indicators/greenhouse-gas-emissions/large-facilities.html; https://open.canada.ca/data/en/dataset/a8ba14b7-7f23-462a-bdbb-83b0ef629823,YT-MAIN-e05ed9fe
GHG-12553-2023-3,2023,Air,74-82-8,Emission,Stationary Fuel Combustion,tonnes,0.0763,,BC-MAIN-8eb8be0d,,CMP-4a434d72,https://www.canada.ca/en/environment-climate-change/services/environmental-indicators/greenhouse-gas-emissions/large-facilities.html; https://open.canada.ca/data/en/dataset/a8ba14b7-7f23-462a-bdbb-83b0ef629823,BC-MAIN-8eb8be0d
GHG-12553-2023-4,2023,Air,74-82-8,Emission,On-site Transportation,tonnes,6.9372,,BC-MAIN-8eb8be0d,,CMP-4a434d72,https://www.canada.ca/en/environment-climate-change/services/environmental-indicators/greenhouse-gas-emissions/large-facilities.html; https://open.canada.ca/data/en/dataset/a8ba14b7-7f23-462a-bdbb-83b0ef629823,BC-MAIN-8eb8be0d
GHG-10011-2023-9,2023,Air,10024-97-2,Emission,Flaring / Torchage,tonnes,0.00322,,ON-MAIN-eab8c362,,CMP-0f9c0b53,https://www.canada.ca/en/environment-climate-change/services/environmental-indicators/greenhouse-gas-emissions/large-facilities.html; https://open.canada.ca/data/en/dataset/a8ba14b7-7f23-462a-bdbb-83b0ef629823,ON-MAIN-eab8c362
GHG-10011-2023-10,2023,Air,10024-97-2,Emission,Stationary Fuel Combustion,tonnes,13.8237,,ON-MAIN-eab8c362,,CMP-0f9c0b53,https://www.canada.ca/en/environment-climate-change/services/environmental-indicators/greenhouse-gas-emissions/large-facilities.html; https://open.canada.ca/data/en/dataset/a8ba14b7-7f23-462a-bdbb-83b0ef629823,ON-MAIN-eab8c362
GHG-10011-2023-11,2023,Air,10024-97-2,Emission,Industrial Processes,tonnes,,,ON-MAIN-eab8c362,,CMP-0f9c0b53,https://www.canada.ca/en/environment-climate-change/services/environmental-indicators/greenhouse-gas-emissions/large-facilities.html; https://open.canada.ca/data/en/dataset/a8ba14b7-7f23-462a-bdbb-83b0ef629823,ON-MAIN-eab8c362
GHG-10011-2023-12,2023,Air,10024-97-2,Emission,On-site Transportation,tonnes,1.87,,ON-MAIN-eab8c362,,CMP-0f9c0b53,https://www.canada.ca/en/environment-climate-change/services/environmental-indicators/greenhouse-gas-emissions/large-facilities.html; https://open.canada.ca/data/en/dataset/a8ba14b7-7f23-462a-bdbb-83b0ef629823,ON-MAIN-eab8c362
GHG-10013-2023-7,2023,Air,10024-97-2,Emission,Stationary Fuel Combustion,tonnes,0.557,,QC-MAIN-52c01ae4,,CMP-140e111b,https://www.canada.ca/en/environment-climate-change/services/environmental-indicators/greenhouse-gas-emissions/large-facilities.html; https://open.canada.ca/data/en/dataset/a8ba14b7-7f23-462a-bdbb-83b0ef629823,QC-MAIN-52c01ae4
GHG-10013-2023-8,2023,Air,10024-97-2,Emission,Industrial Processes,tonnes,24.771,,QC-MAIN-52c01ae4,,CMP-140e111b,https://www.canada.ca/en/environment-climate-change/services/environmental-indicators/greenhouse-gas-emissions/large-facilities.html; https://open.canada.ca/data/en/dataset/a8ba14b7-7f23-462a-bdbb-83b0ef629823,QC-MAIN-52c01ae4
GHG-10013-2023-9,2023,Air,10024-97-2,Emission,On-site Transportation,tonnes,0.221,,QC-MAIN-52c01ae4,,CMP-140e111b,https://www.canada.ca/en/environment-climate-change/services/environmental-indicators/greenhouse-gas-emissions/large-facilities.html; https://open.canada.ca/data/en/dataset/a8ba14b7-7f23-462a-bdbb-83b0ef629823,QC-MAIN-52c01ae4
GHG-10014-2023-7,2023,Air,10024-97-2,Emission,Stationary Fuel Combustion,tonnes,1.062,,QC-MAIN-c8966bdc,,CMP-dc21de8a,https://www.canada.ca/en/environment-climate-change/services/environmental-indicators/greenhouse-gas-emissions/large-facilities.html; https://open.canada.ca/data/en/dataset/a8ba14b7-7f23-462a-bdbb-83b0ef629823,QC-MAIN-c8966bdc
GHG-10014-2023-8,2023,Air,10024-97-2,Emission,Industrial Processes,tonnes,,,QC-MAIN-c8966bdc,,CMP-dc21de8a,https://www.canada.ca/en/environment-climate-change/services/environmental-indicators/greenhouse-gas-emissions/large-facilities.html; https://open.canada.ca/data/en/dataset/a8ba14b7-7f23-462a-bdbb-83b0ef629823,QC-MAIN-c8966bdc
GHG-10014-2023-9,2023,Air,10024-97-2,Emission,On-site Transportation,tonnes,1.2353,,QC-MAIN-c8966bdc,,CMP-dc21de8a,https://www.canada.ca/en/environment-climate-change/services/environmental-indicators/greenhouse-gas-emissions/large-facilities.html; https://open.canada.ca/data/en/dataset/a8ba14b7-7f23-462a-bdbb-83b0ef629823,QC-MAIN-c8966bdc
GHG-10052-2023-7,2023,Air,10024-97-2,Emission,Stationary Fuel Combustion,tonnes,6.670616,,NL-MAIN-dd723db4,,CMP-2da4630a,https://www.canada.ca/en/environment-climate-change/services/environmental-indicators/greenhouse-gas-emissions/large-facilities.html; https://open.canada.ca/data/en/dataset/a8ba14b7-7f23-462a-bdbb-83b0ef629823,NL-MAIN-dd723db4
GHG-10052-2023-8,2023,Air,10024-97-2,Emission,Industrial Processes,tonnes,,,NL-MAIN-dd723db4,,CMP-2da4630a,https://www.canada.ca/en/environment-climate-change/services/environmental-indicators/greenhouse-gas-emissions/large-facilities.html; https://open.canada.ca/data/en/dataset/a8ba14b7-7f23-462a-bdbb-83b0ef629823,NL-MAIN-dd723db4
GHG-10052-2023-9,2023,Air,10024-97-2,Emission,On-site Transportation,tonnes,11.707492,,NL-MAIN-dd723db4,,CMP-2da4630a,https://www.canada.ca/en/environment-climate-change/services/environmental-indicators/greenhouse-gas-emissions/large-facilities.html; https://open.canada.ca/data/en/dataset/a8ba14b7-7f23-462a-bdbb-83b0ef629823,NL-MAIN-dd723db4
GHG-10091-2023-7,2023,Air,10024-97-2,Emission,Stationary Fuel Combustion,tonnes,24.076683,,ON-MAIN-4c35e094,,CMP-3775c12e,https://www.canada.ca/en/environment-climate-change/services/environmental-indicators/greenhouse-gas-emissions/large-facilities.html; https://open.canada.ca/data/en/dataset/a8ba14b7-7f23-462a-bdbb-83b0ef629823,ON-MAIN-4c35e094
GHG-10091-2023-8,2023,Air,10024-97-2,Emission,Industrial Processes,tonnes,,,ON-MAIN-4c35e094,,CMP-3775c12e,https://www.canada.ca/en/environment-climate-change/services/environmental-indicators/greenhouse-gas-emissions/large-facilities.html; https://open.canada.ca/data/en/dataset/a8ba14b7-7f23-462a-bdbb-83b0ef629823,ON-MAIN-4c35e094
GHG-10091-2023-9,2023,Air,10024-97-2,Emission,On-site Transportation,tonnes,0.226177,,ON-MAIN-4c35e094,,CMP-3775c12e,https://www.canada.ca/en/environment-climate-change/services/environmental-indicators/greenhouse-gas-emissions/large-facilities.html; https://open.canada.ca/data/en/dataset/a8ba14b7-7f23-462a-bdbb-83b0ef629823,ON-MAIN-4c35e094
GHG-10103-2023-7,2023,Air,10024-97-2,Emission,Stationary Fuel Combustion,tonnes,0.014,,QC-MAIN-5398dfac,,CMP-89ae3b2b,https://www.canada.ca/en/environment-climate-change/services/environmental-indicators/greenhouse-gas-emissions/large-facilities.html; https://open.canada.ca/data/en/dataset/a8ba14b7-7f23-462a-bdbb-83b0ef629823,QC-MAIN-5398dfac
GHG-10103-2023-8,2023,Air,10024-97-2,Emission,Industrial Processes,tonnes,1.498,,QC-MAIN-5398dfac,,CMP-89ae3b2b,https://www.canada.ca/en/environment-climate-change/services/environmental-indicators/greenhouse-gas-emissions/large-facilities.html; https://open.canada.ca/data/en/dataset/a8ba14b7-7f23-462a-bdbb-83b0ef629823,QC-MAIN-5398dfac
GHG-10103-2023-9,2023,Air,10024-97-2,Emission,On-site Transportation,tonnes,0.0447,,QC-MAIN-5398dfac,,CMP-89ae3b2b,https://www.canada.ca/en/environment-climate-change/services/environmental-indicators/greenhouse-gas-emissions/large-facilities.html; https://open.canada.ca/data/en/dataset/a8ba14b7-7f23-462a-bdbb-83b0ef629823,QC-MAIN-5398dfac
GHG-10119-2023-11,2023,Air,10024-97-2,Emission,Flaring / Torchage,tonnes,0.0353,,AB-MAIN-d3a4aba9,,CMP-2ef1f553,https://www.canada.ca/en/environment-climate-change/services/environmental-indicators/greenhouse-gas-emissions/large-facilities.html; https://open.canada.ca/data/en/dataset/a8ba14b7-7f23-462a-bdbb-83b0ef629823,AB-MAIN-d3a4aba9
GHG-10119-2023-12,2023,Air,10024-97-2,Emission,Stationary Fuel Combustion,tonnes,3.7305,,AB-MAIN-d3a4aba9,,CMP-2ef1f553,https://www.canada.ca/en/environment-climate-change/services/environmental-indicators/greenhouse-gas-emissions/large-facilities.html; https://open.canada.ca/data/en/dataset/a8ba14b7-7f23-462a-bdbb-83b0ef629823,AB-MAIN-d3a4aba9
GHG-10119-2023-13,2023,Air,10024-97-2,Emission,Industrial Processes,tonnes,,,AB-MAIN-d3a4aba9,,CMP-2ef1f553,https://www.canada.ca/en/environment-climate-change/services/environmental-indicators/greenhouse-gas-emissions/large-facilities.html; https://open.canada.ca/data/en/dataset/a8ba14b7-7f23-462a-bdbb-83b0ef629823,AB-MAIN-d3a4aba9
GHG-10119-2023-14,2023,Air,10024-97-2,Emission,On-site Transportation,tonnes,0.0665,,AB-MAIN-d3a4aba9,,CMP-2ef1f553,https://www.canada.ca/en/environment-climate-change/services/environmental-indicators/greenhouse-gas-emissions/large-facilities.html; https://open.canada.ca/data/en/dataset/a8ba14b7-7f23-462a-bdbb-83b0ef629823,AB-MAIN-d3a4aba9
GHG-10119-2023-15,2023,Air,10024-97-2,Emission,Venting / Évacuation,tonnes,,,AB-MAIN-d3a4aba9,,CMP-2ef1f553,https://www.canada.ca/en/environment-climate-change/services/environmental-indicators/greenhouse-gas-emissions/large-facilities.html; https://open.canada.ca/data/en/dataset/a8ba14b7-7f23-462a-bdbb-83b0ef629823,AB-MAIN-d3a4aba9
GHG-10128-2023-7,2023,Air,10024-97-2,Emission,Stationary Fuel Combustion,tonnes,0.967006,,ON-MAIN-21b6ab35,,CMP-a70130b4,https://www.canada.ca/en/environment-climate-change/services/environmental-indicators/greenhouse-gas-emissions/large-facilities.html; https://open.canada.ca/data/en/dataset/a8ba14b7-7f23-462a-bdbb-83b0ef629823,ON-MAIN-21b6ab35
GHG-10128-2023-8,2023,Air,10024-97-2,Emission,Industrial Processes,tonnes,,,ON-MAIN-21b6ab35,,CMP-a70130b4,https://www.canada.ca/en/environment-climate-change/services/environmental-indicators/greenhouse-gas-emissions/large-facilities.html; https://open.canada.ca/data/en/dataset/a8ba14b7-7f23-462a-bdbb-83b0ef629823,ON-MAIN-21b6ab35
GHG-10128-2023-9,2023,Air,10024-97-2,Emission,On-site Transportation,tonnes,0.208117,,ON-MAIN-21b6ab35,,CMP-a70130b4,https://www.canada.ca/en/environment-climate-change/services/environmental-indicators/greenhouse-gas-emissions/large-facilities.html; https://open.canada.ca/data/en/dataset/a8ba14b7-7f23-462a-bdbb-83b0ef629823,ON-MAIN-21b6ab35
GHG-10150-2023-7,2023,Air,10024-97-2,Emission,Stationary Fuel Combustion,tonnes,2.13433,,SK-MAIN-26b9aaf3,,CMP-28720916,https://www.canada.ca/en/environment-climate-change/services/environmental-indicators/greenhouse-gas-emissions/large-facilities.html; https://open.canada.ca/data/en/dataset/a8ba14b7-7f23-462a-bdbb-83b0ef629823,SK-MAIN-26b9aaf3
GHG-10150-2023-8,2023,Air,10024-97-2,Emission,Industrial Processes,tonnes,,,SK-MAIN-26b9aaf3,,CMP-28720916,https://www.canada.ca/en/environment-climate-change/services/environmental-indicators/greenhouse-gas-emissions/large-facilities.html; https://open.canada.ca/data/en/dataset/a8ba14b7-7f23-462a-bdbb-83b0ef629823,SK-MAIN-26b9aaf3
GHG-10150-2023-9,2023,Air,10024-97-2,Emission,On-site Transportation,tonnes,0.062418,,SK-MAIN-26b9aaf3,,CMP-28720916,https://www.canada.ca/en/environment-climate-change/services/environmental-indicators/greenhouse-gas-emissions/large-facilities.html; https://open.canada.ca/data/en/dataset/a8ba14b7-7f23-462a-bdbb-83b0ef629823,SK-MAIN-26b9aaf3
GHG-10164-2023-5,2023,Air,10024-97-2,Emission,Stationary Fuel Combustion,tonnes,0.3591,,ON-MAIN-f8313ebd,,CMP-d5f1c66b,https://www.canada.ca/en/environment-climate-change/services/environmental-indicators/greenhouse-gas-emissions/large-facilities.html; https://open.canada.ca/data/en/dataset/a8ba14b7-7f23-462a-bdbb-83b0ef629823,ON-MAIN-f8313ebd
GHG-10164-2023-6,2023,Air,10024-97-2,Emission,On-site Transportation,tonnes,0.69281,,ON-MAIN-f8313ebd,,CMP-d5f1c66b,https://www.canada.ca/en/environment-climate-change/services/environmental-indicators/greenhouse-gas-emissions/large-facilities.html; https://open.canada.ca/data/en/dataset/a8ba14b7-7f23-462a-bdbb-83b0ef629823,ON-MAIN-f8313ebd
GHG-10240-2023-11,2023,Air,10024-97-2,Emission,Stationary Fuel Combustion,tonnes,1.039991,,QC-MAIN-a97821c0,,CMP-d5f1c66b,https://www.canada.ca/en/environment-climate-change/services/environmental-indicators/greenhouse-gas-emissions/large-facilities.html; https://open.canada.ca/data/en/dataset/a8ba14b7-7f23-462a-bdbb-83b0ef629823,QC-MAIN-a97821c0
GHG-10240-2023-12,2023,Air,10024-97-2,Emission,Industrial Processes,tonnes,,,QC-MAIN-a97821c0,,CMP-d5f1c66b,https://www.canada.ca/en/environment-climate-change/services/environmental-indicators/greenhouse-gas-emissions/large-facilities.html; https://open.canada.ca/data/en/dataset/a8ba14b7-7f23-462a-bdbb-83b0ef629823,QC-MAIN-a97821c0
GHG-10240-2023-13,2023,Air,10024-97-2,Emission,On-site Transportation,tonnes,0.127268,,QC-MAIN-a97821c0,,CMP-d5f1c66b,https://www.canada.ca/en/environment-climate-change/services/environmental-indicators/greenhouse-gas-emissions/large-facilities.html; https://open.canada.ca/data/en/dataset/a8ba14b7-7f23-462a-bdbb-83b0ef629823,QC-MAIN-a97821c0
GHG-10240-2023-14,2023,Air,10024-97-2,Emission,Waste,tonnes,0.660689,,QC-MAIN-a97821c0,,CMP-d5f1c66b,https://www.canada.ca/en/environment-climate-change/services/environmental-indicators/greenhouse-gas-emissions/large-facilities.html; https://open.canada.ca/data/en/dataset/a8ba14b7-7f23-462a-bdbb-83b0ef629823,QC-MAIN-a97821c0
GHG-10240-2023-15,2023,Air,10024-97-2,Emission,Wastewater,tonnes,0.05525,,QC-MAIN-a97821c0,,CMP-d5f1c66b,https://www.canada.ca/en/environment-climate-change/services/environmental-indicators/greenhouse-gas-emissions/large-facilities.html; https://open.canada.ca/data/en/dataset/a8ba14b7-7f23-462a-bdbb-83b0ef629823,QC-MAIN-a97821c0
GHG-10275-2023-13,2023,Air,10024-97-2,Emission,Flaring / Torchage,tonnes,0.00015,,ON-MAIN-020a683c,,CMP-75ff8886,https://www.canada.ca/en/environment-climate-change/services/environmental-indicators/greenhouse-gas-emissions/large-facilities.html; https://open.canada.ca/data/en/dataset/a8ba14b7-7f23-462a-bdbb-83b0ef629823,ON-MAIN-020a683c
GHG-10275-2023-14,2023,Air,10024-97-2,Emission,Leakage / Fuites,tonnes,,,ON-MAIN-020a683c,,CMP-75ff8886,https://www.canada.ca/en/environment-climate-change/services/environmental-indicators/greenhouse-gas-emissions/large-facilities.html; https://open.canada.ca/data/en/dataset/a8ba14b7-7f23-462a-bdbb-83b0ef629823,ON-MAIN-020a683c
GHG-10275-2023-15,2023,Air,10024-97-2,Emission,Stationary Fuel Combustion,tonnes,10.8502,,ON-MAIN-020a683c,,CMP-75ff8886,https://www.canada.ca/en/environment-climate-change/services/environmental-indicators/greenhouse-gas-emissions/large-facilities.html; https://open.canada.ca/data/en/dataset/a8ba14b7-7f23-462a-bdbb-83b0ef629823,ON-MAIN-020a683c
GHG-10275-2023-16,2023,Air,10024-97-2,Emission,On-site Transportation,tonnes,0.0327,,ON-MAIN-020a683c,,CMP-75ff8886,https://www.canada.ca/en/environment-climate-change/services/environmental-indicators/greenhouse-gas-emissions/large-facilities.html; https://open.canada.ca/data/en/dataset/a8ba14b7-7f23-462a-bdbb-83b0ef629823,ON-MAIN-020a683c
GHG-10275-2023-17,2023,Air,10024-97-2,Emission,Waste,tonnes,0.3519,,ON-MAIN-020a683c,,CMP-75ff8886,https://www.canada.ca/en/environment-climate-change/services/environmental-indicators/greenhouse-gas-emissions/large-facilities.html; https://open.canada.ca/data/en/dataset/a8ba14b7-7f23-462a-bdbb-83b0ef629823,ON-MAIN-020a683c
GHG-10275-2023-18,2023,Air,10024-97-2,Emission,Wastewater,tonnes,0.0233,,ON-MAIN-020a683c,,CMP-75ff8886,https://www.canada.ca/en/environment-climate-change/services/environmental-indicators/greenhouse-gas-emissions/large-facilities.html; https://open.canada.ca/data/en/dataset/a8ba14b7-7f23-462a-bdbb-83b0ef629823,ON-MAIN-020a683c
GHG-10276-2023-9,2023,Air,10024-97-2,Emission,Leakage / Fuites,tonnes,,,ON-MAIN-b2e5c9bb,,CMP-75ff8886,https://www.canada.ca/en/environment-climate-change/services/environmental-indicators/greenhouse-gas-emissions/large-facilities.html; https://open.canada.ca/data/en/dataset/a8ba14b7-7f23-462a-bdbb-83b0ef629823,ON-MAIN-b2e5c9bb
GHG-10276-2023-10,2023,Air,10024-97-2,Emission,Stationary Fuel Combustion,tonnes,13.65956,,ON-MAIN-b2e5c9bb,,CMP-75ff8886,https://www.canada.ca/en/environment-climate-change/services/environmental-indicators/greenhouse-gas-emissions/large-facilities.html; https://open.canada.ca/data/en/dataset/a8ba14b7-7f23-462a-bdbb-83b0ef629823,ON-MAIN-b2e5c9bb
GHG-10276-2023-11,2023,Air,10024-97-2,Emission,Industrial Processes,tonnes,,,ON-MAIN-b2e5c9bb,,CMP-75ff8886,https://www.canada.ca/en/environment-climate-change/services/environmental-indicators/greenhouse-gas-emissions/large-facilities.html; https://open.canada.ca/data/en/dataset/a8ba14b7-7f23-462a-bdbb-83b0ef629823,ON-MAIN-b2e5c9bb
GHG-10276-2023-12,2023,Air,10024-97-2,Emission,On-site Transportation,tonnes,1.077,,ON-MAIN-b2e5c9bb,,CMP-75ff8886,https://www.canada.ca/en/environment-climate-change/services/environmental-indicators/greenhouse-gas-emissions/large-facilities.html; https://open.canada.ca/data/en/dataset/a8ba14b7-7f23-462a-bdbb-83b0ef629823,ON-MAIN-b2e5c9bb
GHG-10289-2023-9,2023,Air,10024-97-2,Emission,Leakage / Fuites,tonnes,,,BC-MAIN-3bb6b7cd,,CMP-06e20c6e,https://www.canada.ca/en/environment-climate-change/services/environmental-indicators/greenhouse-gas-emissions/large-facilities.html; https://open.canada.ca/data/en/dataset/a8ba14b7-7f23-462a-bdbb-83b0ef629823,BC-MAIN-3bb6b7cd
GHG-10289-2023-10,2023,Air,10024-97-2,Emission,Stationary Fuel Combustion,tonnes,3.129742,,BC-MAIN-3bb6b7cd,,CMP-06e20c6e,https://www.canada.ca/en/environment-climate-change/services/environmental-indicators/greenhouse-gas-emissions/large-facilities.html; https://open.canada.ca/data/en/dataset/a8ba14b7-7f23-462a-bdbb-83b0ef629823,BC-MAIN-3bb6b7cd
GHG-10289-2023-11,2023,Air,10024-97-2,Emission,Industrial Processes,tonnes,,,BC-MAIN-3bb6b7cd,,CMP-06e20c6e,https://www.canada.ca/en/environment-climate-change/services/environmental-indicators/greenhouse-gas-emissions/large-facilities.html; https://open.canada.ca/data/en/dataset/a8ba14b7-7f23-462a-bdbb-83b0ef629823,BC-MAIN-3bb6b7cd
GHG-10289-2023-12,2023,Air,10024-97-2,Emission,On-site Transportation,tonnes,0.3042,,BC-MAIN-3bb6b7cd,,CMP-06e20c6e,https://www.canada.ca/en/environment-climate-change/services/environmental-indicators/greenhouse-gas-emissions/large-facilities.html; https://open.canada.ca/data/en/dataset/a8ba14b7-7f23-462a-bdbb-83b0ef629823,BC-MAIN-3bb6b7cd
GHG-10300-2023-7,2023,Air,10024-97-2,Emission,Stationary Fuel Combustion,tonnes,0.58,,QC-MAIN-eac5a52b,,CMP-140e111b,https://www.canada.ca/en/environment-climate-change/services/environmental-indicators/greenhouse-gas-emissions/large-facilities.html; https://open.canada.ca/data/en/dataset/a8ba14b7-7f23-462a-bdbb-83b0ef629823,QC-MAIN-eac5a52b
GHG-10300-2023-8,2023,Air,10024-97-2,Emission,Industrial Processes,tonnes,6.108,,QC-MAIN-eac5a52b,,CMP-140e111b,https://www.canada.ca/en/environment-climate-change/services/environmental-indicators/greenhouse-gas-emissions/large-facilities.html; https://open.canada.ca/data/en/dataset/a8ba14b7-7f23-462a-bdbb-83b0ef629823,QC-MAIN-eac5a52b
GHG-10300-2023-9,2023,Air,10024-97-2,Emission,On-site Transportation,tonnes,0.127,,QC-MAIN-eac5a52b,,CMP-140e111b,https://www.canada.ca/en/environment-climate-change/services/environmental-indicators/greenhouse-gas-emissions/large-facilities.html; https://open.canada.ca/data/en/dataset/a8ba14b7-7f23-462a-bdbb-83b0ef629823,QC-MAIN-eac5a52b
GHG-10350-2023-7,2023,Air,10024-97-2,Emission,Stationary Fuel Combustion,tonnes,1.567,,NL-MAIN-b64bae7a,,CMP-8a99044e,https://www.canada.ca/en/environment-climate-change/services/environmental-indicators/greenhouse-gas-emissions/large-facilities.html; https://open.canada.ca/data/en/dataset/a8ba14b7-7f23-462a-bdbb-83b0ef629823,NL-MAIN-b64bae7a
GHG-10350-2023-8,2023,Air,10024-97-2,Emission,Industrial Processes,tonnes,,,NL-MAIN-b64bae7a,,CMP-8a99044e,https://www.canada.ca/en/environment-climate-change/services/environmental-indicators/greenhouse-gas-emissions/large-facilities.html; https://open.canada.ca/data/en/dataset/a8ba14b7-7f23-462a-bdbb-83b0ef629823,NL-MAIN-b64bae7a
GHG-10350-2023-9,2023,Air,10024-97-2,Emission,On-site Transportation,tonnes,4.6255,,NL-MAIN-b64bae7a,,CMP-8a99044e,https://www.canada.ca/en/environment-climate-change/services/environmental-indicators/greenhouse-gas-emissions/large-facilities.html; https://open.canada.ca/data/en/dataset/a8ba14b7-7f23-462a-bdbb-83b0ef629823,NL-MAIN-b64bae7a
GHG-10385-2023-5,2023,Air,10024-97-2,Emission,Stationary Fuel Combustion,tonnes,0.2343,,BC-MAIN-bf503b6b,,CMP-06e20c6e,https://www.canada.ca/en/environment-climate-change/services/environmental-indicators/greenhouse-gas-emissions/large-facilities.html; https://open.canada.ca/data/en/dataset/a8ba14b7-7f23-462a-bdbb-83b0ef629823,BC-MAIN-bf503b6b
GHG-10385-2023-6,2023,Air,10024-97-2,Emission,On-site Transportation,tonnes,24.0086,,BC-MAIN-bf503b6b,,CMP-06e20c6e,https://www.canada.ca/en/environment-climate-change/services/environmental-indicators/greenhouse-gas-emissions/large-facilities.html; https://open.canada.ca/data/en/dataset/a8ba14b7-7f23-462a-bdbb-83b0ef629823,BC-MAIN-bf503b6b
GHG-10420-2023-7,2023,Air,10024-97-2,Emission,Stationary Fuel Combustion,tonnes,0.974758,,AB-MAIN-9fed34a8,,CMP-c6e8351c,https://www.canada.ca/en/environment-climate-change/services/environmental-indicators/greenhouse-gas-emissions/large-facilities.html; https://open.canada.ca/data/en/dataset/a8ba14b7-7f23-462a-bdbb-83b0ef629823,AB-MAIN-9fed34a8
GHG-10420-2023-8,2023,Air,10024-97-2,Emission,Industrial Processes,tonnes,,,AB-MAIN-9fed34a8,,CMP-c6e8351c,https://www.canada.ca/en/environment-climate-change/services/environmental-indicators/greenhouse-gas-emissions/large-facilities.html; https://open.canada.ca/data/en/dataset/a8ba14b7-7f23-462a-bdbb-83b0ef629823,AB-MAIN-9fed34a8
GHG-10420-2023-9,2023,Air,10024-97-2,Emission,On-site Transportation,tonnes,0.163954,,AB-MAIN-9fed34a8,,CMP-c6e8351c,https://www.canada.ca/en/environment-climate-change/services/environmental-indicators/greenhouse-gas-emissions/large-facilities.html; https://open.canada.ca/data/en/dataset/a8ba14b7-7f23-462a-bdbb-83b0ef629823,AB-MAIN-9fed34a8
GHG-10468-2023-9,2023,Air,10024-97-2,Emission,Stationary Fuel Combustion,tonnes,1.0283,,ON-MAIN-fefeaee4,,CMP-4a434d72,https://www.canada.ca/en/environment-climate-change/services/environmental-indicators/greenhouse-gas-emissions/large-facilities.html; https://open.canada.ca/data/en/dataset/a8ba14b7-7f23-462a-bdbb-83b0ef629823,ON-MAIN-fefeaee4
GHG-10468-2023-10,2023,Air,10024-97-2,Emission,Industrial Processes,tonnes,,,ON-MAIN-fefeaee4,,CMP-4a434d72,https://www.canada.ca/en/environment-climate-change/services/environmental-indicators/greenhouse-gas-emissions/large-facilities.html; https://open.canada.ca/data/en/dataset/a8ba14b7-7f23-462a-bdbb-83b0ef629823,ON-MAIN-fefeaee4
GHG-10468-2023-11,2023,Air,10024-97-2,Emission,On-site Transportation,tonnes,0.127809,,ON-MAIN-fefeaee4,,CMP-4a434d72,https://www.canada.ca/en/environment-climate-change/services/environmental-indicators/greenhouse-gas-emissions/large-facilities.html; https://open.canada.ca/data/en/dataset/a8ba14b7-7f23-462a-bdbb-83b0ef629823,ON-MAIN-fefeaee4
GHG-10468-2023-12,2023,Air,10024-97-2,Emission,Waste,tonnes,0.003377,,ON-MAIN-fefeaee4,,CMP-4a434d72,https://www.canada.ca/en/environment-climate-change/services/environmental-indicators/greenhouse-gas-emissions/large-facilities.html; https://open.canada.ca/data/en/dataset/a8ba14b7-7f23-462a-bdbb-83b0ef629823,ON-MAIN-fefeaee4
GHG-10569-2023-7,2023,Air,10024-97-2,Emission,Stationary Fuel Combustion,tonnes,0.6634,,MB-MAIN-e0a6250e,,CMP-9617aef4,https://www.canada.ca/en/environment-climate-change/services/environmental-indicators/greenhouse-gas-emissions/large-facilities.html; https://open.canada.ca/data/en/dataset/a8ba14b7-7f23-462a-bdbb-83b0ef629823,MB-MAIN-e0a6250e
GHG-10569-2023-8,2023,Air,10024-97-2,Emission,On-site Transportation,tonnes,0.7728,,MB-MAIN-e0a6250e,,CMP-9617aef4,https://www.canada.ca/en/environment-climate-change/services/environmental-indicators/greenhouse-gas-emissions/large-facilities.html; https://open.canada.ca/data/en/dataset/a8ba14b7-7f23-462a-bdbb-83b0ef629823,MB-MAIN-e0a6250e
GHG-10569-2023-9,2023,Air,10024-97-2,Emission,Waste,tonnes,0.05116,,MB-MAIN-e0a6250e,,CMP-9617aef4,https://www.canada.ca/en/environment-climate-change/services/environmental-indicators/greenhouse-gas-emissions/large-facilities.html; https://open.canada.ca/data/en/dataset/a8ba14b7-7f23-462a-bdbb-83b0ef629823,MB-MAIN-e0a6250e
GHG-10570-2023-5,2023,Air,10024-97-2,Emission,Stationary Fuel Combustion,tonnes,19.000608,,NL-MAIN-2d8801d6,,CMP-9617aef4,https://www.canada.ca/en/environment-climate-change/services/environmental-indicators/greenhouse-gas-emissions/large-facilities.html; https://open.canada.ca/data/en/dataset/a8ba14b7-7f23-462a-bdbb-83b0ef629823,NL-MAIN-2d8801d6
GHG-10570-2023-6,2023,Air,10024-97-2,Emission,On-site Transportation,tonnes,6.000062,,NL-MAIN-2d8801d6,,CMP-9617aef4,https://www.canada.ca/en/environment-climate-change/services/environmental-indicators/greenhouse-gas-emissions/large-facilities.html; https://open.canada.ca/data/en/dataset/a8ba14b7-7f23-462a-bdbb-83b0ef629823,NL-MAIN-2d8801d6
GHG-10613-2023-5,2023,Air,10024-97-2,Emission,Stationary Fuel Combustion,tonnes,0.0656,,BC-MAIN-3f490561,,CMP-0dfcd91e,https://www.canada.ca/en/environment-climate-change/services/environmental-indicators/greenhouse-gas-emissions/large-facilities.html; https://open.canada.ca/data/en/dataset/a8ba14b7-7f23-462a-bdbb-83b0ef629823,BC-MAIN-3f490561
GHG-10613-2023-6,2023,Air,10024-97-2,Emission,On-site Transportation,tonnes,6.8682,,BC-MAIN-3f490561,,CMP-0dfcd91e,https://www.canada.ca/en/environment-climate-change/services/environmental-indicators/greenhouse-gas-emissions/large-facilities.html; https://open.canada.ca/data/en/dataset/a8ba14b7-7f23-462a-bdbb-83b0ef629823,BC-MAIN-3f490561
GHG-10614-2023-7,2023,Air,10024-97-2,Emission,Stationary Fuel Combustion,tonnes,1.037651,,ON-MAIN-fc6f1a44,,CMP-a27e87a3,https://www.canada.ca/en/environment-climate-change/services/environmental-indicators/greenhouse-gas-emissions/large-facilities.html; https://open.canada.ca/data/en/dataset/a8ba14b7-7f23-462a-bdbb-83b0ef629823,ON-MAIN-fc6f1a44
GHG-10614-2023-8,2023,Air,10024-97-2,Emission,Industrial Processes,tonnes,,,ON-MAIN-fc6f1a44,,CMP-a27e87a3,https://www.canada.ca/en/environment-climate-change/services/environmental-indicators/greenhouse-gas-emissions/large-facilities.html; https://open.canada.ca/data/en/dataset/a8ba14b7-7f23-462a-bdbb-83b0ef629823,ON-MAIN-fc6f1a44
GHG-10614-2023-9,2023,Air,10024-97-2,Emission,On-site Transportation,tonnes,0.020726,,ON-MAIN-fc6f1a44,,CMP-a27e87a3,https://www.canada.ca/en/environment-climate-change/services/environmental-indicators/greenhouse-gas-emissions/large-facilities.html; https://open.canada.ca/data/en/dataset/a8ba14b7-7f23-462a-bdbb-83b0ef629823,ON-MAIN-fc6f1a44
GHG-10617-2023-7,2023,Air,10024-97-2,Emission,Stationary Fuel Combustion,tonnes,0.3178,,ON-MAIN-1f126a43,,CMP-6265c407,https://www.canada.ca/en/environment-climate-change/services/environmental-indicators/greenhouse-gas-emissions/large-facilities.html; https://open.canada.ca/data/en/dataset/a8ba14b7-7f23-462a-bdbb-83b0ef629823,ON-MAIN-1f126a43
GHG-10617-2023-8,2023,Air,10024-97-2,Emission,On-site Transportation,tonnes,0.055,,ON-MAIN-1f126a43,,CMP-6265c407,https://www.canada.ca/en/environment-climate-change/services/environmental-indicators/greenhouse-gas-emissions/large-facilities.html; https://open.canada.ca/data/en/dataset/a8ba14b7-7f23-462a-bdbb-83b0ef629823,ON-MAIN-1f126a43
GHG-10617-2023-9,2023,Air,10024-97-2,Emission,Waste,tonnes,0.0239,,ON-MAIN-1f126a43,,CMP-6265c407,https://www.canada.ca/en/environment-climate-change/services/environmental-indicators/greenhouse-gas-emissions/large-facilities.html; https://open.canada.ca/data/en/dataset/a8ba14b7-7f23-462a-bdbb-83b0ef629823,ON-MAIN-1f126a43
GHG-10657-2023-11,2023,Air,10024-97-2,Emission,Leakage / Fuites,tonnes,,,QC-MAIN-c1cc9f7c,,CMP-ef8ffade,https://www.canada.ca/en/environment-climate-change/services/environmental-indicators/greenhouse-gas-emissions/large-facilities.html; https://open.canada.ca/data/en/dataset/a8ba14b7-7f23-462a-bdbb-83b0ef629823,QC-MAIN-c1cc9f7c
GHG-10657-2023-12,2023,Air,10024-97-2,Emission,Stationary Fuel Combustion,tonnes,3.417041,,QC-MAIN-c1cc9f7c,,CMP-ef8ffade,https://www.canada.ca/en/environment-climate-change/services/environmental-indicators/greenhouse-gas-emissions/large-facilities.html; https://open.canada.ca/data/en/dataset/a8ba14b7-7f23-462a-bdbb-83b0ef629823,QC-MAIN-c1cc9f7c
GHG-10657-2023-13,2023,Air,10024-97-2,Emission,Industrial Processes,tonnes,,,QC-MAIN-c1cc9f7c,,CMP-ef8ffade,https://www.canada.ca/en/environment-climate-change/services/environmental-indicators/greenhouse-gas-emissions/large-facilities.html; https://open.canada.ca/data/en/dataset/a8ba14b7-7f23-462a-bdbb-83b0ef629823,QC-MAIN-c1cc9f7c
GHG-10657-2023-14,2023,Air,10024-97-2,Emission,On-site Transportation,tonnes,0.005477,,QC-MAIN-c1cc9f7c,,CMP-ef8ffade,https://www.canada.ca/en/environment-climate-change/services/environmental-indicators/greenhouse-gas-emissions/large-facilities.html; https://open.canada.ca/data/en/dataset/a8ba14b7-7f23-462a-bdbb-83b0ef629823,QC-MAIN-c1cc9f7c
GHG-10657-2023-15,2023,Air,10024-97-2,Emission,Wastewater,tonnes,,,QC-MAIN-c1cc9f7c,,CMP-ef8ffade,https://www.canada.ca/en/environment-climate-change/services/environmental-indicators/greenhouse-gas-emissions/large-facilities.html; https://open.canada.ca/data/en/dataset/a8ba14b7-7f23-462a-bdbb-83b0ef629823,QC-MAIN-c1cc9f7c
GHG-10669-2023-7,2023,Air,10024-97-2,Emission,Stationary Fuel Combustion,tonnes,0.25153,,QC-MAIN-e7e6a960,,CMP-6265c407,https://www.canada.ca/en/environment-climate-change/services/environmental-indicators/greenhouse-gas-emissions/large-facilities.html; https://open.canada.ca/data/en/dataset/a8ba14b7-7f23-462a-bdbb-83b0ef629823,QC-MAIN-e7e6a960
GHG-10669-2023-8,2023,Air,10024-97-2,Emission,Industrial Processes,tonnes,,,QC-MAIN-e7e6a960,,CMP-6265c407,https://www.canada.ca/en/environment-climate-change/services/environmental-indicators/greenhouse-gas-emissions/large-facilities.html; https://open.canada.ca/data/en/dataset/a8ba14b7-7f23-462a-bdbb-83b0ef629823,QC-MAIN-e7e6a960
GHG-10669-2023-9,2023,Air,10024-97-2,Emission,On-site Transportation,tonnes,1.700019,,QC-MAIN-e7e6a960,,CMP-6265c407,https://www.canada.ca/en/environment-climate-change/services/environmental-indicators/greenhouse-gas-emissions/large-facilities.html; https://open.canada.ca/data/en/dataset/a8ba14b7-7f23-462a-bdbb-83b0ef629823,QC-MAIN-e7e6a960
GHG-10678-2023-7,2023,Air,10024-97-2,Emission,Stationary Fuel Combustion,tonnes,0.6157,,MB-MAIN-b4ca1426,,CMP-a70130b4,https://www.canada.ca/en/environment-climate-change/services/environmental-indicators/greenhouse-gas-emissions/large-facilities.html; https://open.canada.ca/data/en/dataset/a8ba14b7-7f23-462a-bdbb-83b0ef629823,MB-MAIN-b4ca1426
GHG-10678-2023-8,2023,Air,10024-97-2,Emission,Industrial Processes,tonnes,,,MB-MAIN-b4ca1426,,CMP-a70130b4,https://www.canada.ca/en/environment-climate-change/services/environmental-indicators/greenhouse-gas-emissions/large-facilities.html; https://open.canada.ca/data/en/dataset/a8ba14b7-7f23-462a-bdbb-83b0ef629823,MB-MAIN-b4ca1426
GHG-10678-2023-9,2023,Air,10024-97-2,Emission,On-site Transportation,tonnes,0.273975,,MB-MAIN-b4ca1426,,CMP-a70130b4,https://www.canada.ca/en/environment-climate-change/services/environmental-indicators/greenhouse-gas-emissions/large-facilities.html; https://open.canada.ca/data/en/dataset/a8ba14b7-7f23-462a-bdbb-83b0ef629823,MB-MAIN-b4ca1426
GHG-10679-2023-5,2023,Air,10024-97-2,Emission,Stationary Fuel Combustion,tonnes,0.866753,,BC-MAIN-6b4800fe,,CMP-e35f138c,https://www.canada.ca/en/environment-climate-change/services/environmental-indicators/greenhouse-gas-emissions/large-facilities.html; https://open.canada.ca/data/en/dataset/a8ba14b7-7f23-462a-bdbb-83b0ef629823,BC-MAIN-6b4800fe
GHG-10679-2023-6,2023,Air,10024-97-2,Emission,On-site Transportation,tonnes,17.259097,,BC-MAIN-6b4800fe,,CMP-e35f138c,https://www.canada.ca/en/environment-climate-change/services/environmental-indicators/greenhouse-gas-emissions/large-facilities.html; https://open.canada.ca/data/en/dataset/a8ba14b7-7f23-462a-bdbb-83b0ef629823,BC-MAIN-6b4800fe
GHG-10722-2023-7,2023,Air,10024-97-2,Emission,Stationary Fuel Combustion,tonnes,0.125,,QC-MAIN-089f3c60,,CMP-c08ac7d7,https://www.canada.ca/en/environment-climate-change/services/environmental-indicators/greenhouse-gas-emissions/large-facilities.html; https://open.canada.ca/data/en/dataset/a8ba14b7-7f23-462a-bdbb-83b0ef629823,QC-MAIN-089f3c60
GHG-10722-2023-8,2023,Air,10024-97-2,Emission,Industrial Processes,tonnes,,,QC-MAIN-089f3c60,,CMP-c08ac7d7,https://www.canada.ca/en/environment-climate-change/services/environmental-indicators/greenhouse-gas-emissions/large-facilities.html; https://open.canada.ca/data/en/dataset/a8ba14b7-7f23-462a-bdbb-83b0ef629823,QC-MAIN-089f3c60
GHG-10722-2023-9,2023,Air,10024-97-2,Emission,On-site Transportation,tonnes,1.1894,,QC-MAIN-089f3c60,,CMP-c08ac7d7,https://www.canada.ca/en/environment-climate-change/services/environmental-indicators/greenhouse-gas-emissions/large-facilities.html; https://open.canada.ca/data/en/dataset/a8ba14b7-7f23-462a-bdbb-83b0ef629823,QC-MAIN-089f3c60
GHG-10738-2023-5,2023,Air,10024-97-2,Emission,Stationary Fuel Combustion,tonnes,0.284101,,ON-MAIN-bddeaef0,,CMP-a70130b4,https://www.canada.ca/en/environment-climate-change/services/environmental-indicators/greenhouse-gas-emissions/large-facilities.html; https://open.canada.ca/data/en/dataset/a8ba14b7-7f23-462a-bdbb-83b0ef629823,ON-MAIN-bddeaef0
GHG-10738-2023-6,2023,Air,10024-97-2,Emission,On-site Transportation,tonnes,0.0012,,ON-MAIN-bddeaef0,,CMP-a70130b4,https://www.canada.ca/en/environment-climate-change/services/environmental-indicators/greenhouse-gas-emissions/large-facilities.html; https://open.canada.ca/data/en/dataset/a8ba14b7-7f23-462a-bdbb-83b0ef629823,ON-MAIN-bddeaef0
GHG-10765-2023-9,2023,Air,10024-97-2,Emission,Stationary Fuel Combustion,tonnes,0.778485,,ON-MAIN-aeafbb59,,CMP-6265c407,https://www.canada.ca/en/environment-climate-change/services/environmental-indicators/greenhouse-gas-emissions/large-facilities.html; https://open.canada.ca/data/en/dataset/a8ba14b7-7f23-462a-bdbb-83b0ef629823,ON-MAIN-aeafbb59
GHG-10765-2023-10,2023,Air,10024-97-2,Emission,On-site Transportation,tonnes,2.169,,ON-MAIN-aeafbb59,,CMP-6265c407,https://www.canada.ca/en/environment-climate-change/services/environmental-indicators/greenhouse-gas-emissions/large-facilities.html; https://open.canada.ca/data/en/dataset/a8ba14b7-7f23-462a-bdbb-83b0ef629823,ON-MAIN-aeafbb59
GHG-10765-2023-11,2023,Air,10024-97-2,Emission,Waste,tonnes,0.07349,,ON-MAIN-aeafbb59,,CMP-6265c407,https://www.canada.ca/en/environment-climate-change/services/environmental-indicators/greenhouse-gas-emissions/large-facilities.html; https://open.canada.ca/data/en/dataset/a8ba14b7-7f23-462a-bdbb-83b0ef629823,ON-MAIN-aeafbb59
GHG-10765-2023-12,2023,Air,10024-97-2,Emission,Wastewater,tonnes,0.0003,,ON-MAIN-aeafbb59,,CMP-6265c407,https://www.canada.ca/en/environment-climate-change/services/environmental-indicators/greenhouse-gas-emissions/large-facilities.html; https://open.canada.ca/data/en/dataset/a8ba14b7-7f23-462a-bdbb-83b0ef629823,ON-MAIN-aeafbb59
GHG-10785-2023-3,2023,Air,10024-97-2,Emission,Stationary Fuel Combustion,tonnes,4.7607,,BC-MAIN-23155c25,,CMP-05423572,https://www.canada.ca/en/environment-climate-change/services/environmental-indicators/greenhouse-gas-emissions/large-facilities.html; https://open.canada.ca/data/en/dataset/a8ba14b7-7f23-462a-bdbb-83b0ef629823,BC-MAIN-23155c25
GHG-10810-2023-7,2023,Air,10024-97-2,Emission,Stationary Fuel Combustion,tonnes,3.01,,NL-MAIN-d9036091,,CMP-9617aef4,https://www.canada.ca/en/environment-climate-change/services/environmental-indicators/greenhouse-gas-emissions/large-facilities.html; https://open.canada.ca/data/en/dataset/a8ba14b7-7f23-462a-bdbb-83b0ef629823,NL-MAIN-d9036091
GHG-10810-2023-8,2023,Air,10024-97-2,Emission,Industrial Processes,tonnes,,,NL-MAIN-d9036091,,CMP-9617aef4,https://www.canada.ca/en/environment-climate-change/services/environmental-indicators/greenhouse-gas-emissions/large-facilities.html; https://open.canada.ca/data/en/dataset/a8ba14b7-7f23-462a-bdbb-83b0ef629823,NL-MAIN-d9036091
GHG-10810-2023-9,2023,Air,10024-97-2,Emission,On-site Transportation,tonnes,0.4,,NL-MAIN-d9036091,,CMP-9617aef4,https://www.canada.ca/en/environment-climate-change/services/environmental-indicators/greenhouse-gas-emissions/large-facilities.html; https://open.canada.ca/data/en/dataset/a8ba14b7-7f23-462a-bdbb-83b0ef629823,NL-MAIN-d9036091
GHG-10835-2023-9,2023,Air,10024-97-2,Emission,Stationary Fuel Combustion,tonnes,0.17689,,NU-MAIN-5154702a,,CMP-336d5ebc,https://www.canada.ca/en/environment-climate-change/services/environmental-indicators/greenhouse-gas-emissions/large-facilities.html; https://open.canada.ca/data/en/dataset/a8ba14b7-7f23-462a-bdbb-83b0ef629823,NU-MAIN-5154702a
GHG-10835-2023-10,2023,Air,10024-97-2,Emission,On-site Transportation,tonnes,5.26807,,NU-MAIN-5154702a,,CMP-336d5ebc,https://www.canada.ca/en/environment-climate-change/services/environmental-indicators/greenhouse-gas-emissions/large-facilities.html; https://open.canada.ca/data/en/dataset/a8ba14b7-7f23-462a-bdbb-83b0ef629823,NU-MAIN-5154702a
GHG-10835-2023-11,2023,Air,10024-97-2,Emission,Waste,tonnes,0.00795,,NU-MAIN-5154702a,,CMP-336d5ebc,https://www.canada.ca/en/environment-climate-change/services/environmental-indicators/greenhouse-gas-emissions/large-facilities.html; https://open.canada.ca/data/en/dataset/a8ba14b7-7f23-462a-bdbb-83b0ef629823,NU-MAIN-5154702a
GHG-10835-2023-12,2023,Air,10024-97-2,Emission,Wastewater,tonnes,0.000109,,NU-MAIN-5154702a,,CMP-336d5ebc,https://www.canada.ca/en/environment-climate-change/services/environmental-indicators/greenhouse-gas-emissions/large-facilities.html; https://open.canada.ca/data/en/dataset/a8ba14b7-7f23-462a-bdbb-83b0ef629823,NU-MAIN-5154702a
GHG-10857-2023-5,2023,Air,10024-97-2,Emission,Stationary Fuel Combustion,tonnes,0.635,,ON-MAIN-6e9be24e,,CMP-84fc7d46,https://www.canada.ca/en/environment-climate-change/services/environmental-indicators/greenhouse-gas-emissions/large-facilities.html; https://open.canada.ca/data/en/dataset/a8ba14b7-7f23-462a-bdbb-83b0ef629823,ON-MAIN-6e9be24e
GHG-10857-2023-6,2023,Air,10024-97-2,Emission,On-site Transportation,tonnes,0.0822,,ON-MAIN-6e9be24e,,CMP-84fc7d46,https://www.canada.ca/en/environment-climate-change/services/environmental-indicators/greenhouse-gas-emissions/large-facilities.html; https://open.canada.ca/data/en/dataset/a8ba14b7-7f23-462a-bdbb-83b0ef629823,ON-MAIN-6e9be24e
GHG-10863-2023-9,2023,Air,10024-97-2,Emission,Stationary Fuel Combustion,tonnes,0.76321,,NU-MAIN-8b0264c9,,CMP-6265c407,https://www.canada.ca/en/environment-climate-change/services/environmental-indicators/greenhouse-gas-emissions/large-facilities.html; https://open.canada.ca/data/en/dataset/a8ba14b7-7f23-462a-bdbb-83b0ef629823,NU-MAIN-8b0264c9
GHG-10863-2023-10,2023,Air,10024-97-2,Emission,Industrial Processes,tonnes,,,NU-MAIN-8b0264c9,,CMP-6265c407,https://www.canada.ca/en/environment-climate-change/services/environmental-indicators/greenhouse-gas-emissions/large-facilities.html; https://open.canada.ca/data/en/dataset/a8ba14b7-7f23-462a-bdbb-83b0ef629823,NU-MAIN-8b0264c9
GHG-10863-2023-11,2023,Air,10024-97-2,Emission,On-site Transportation,tonnes,2.999509,,NU-MAIN-8b0264c9,,CMP-6265c407,https://www.canada.ca/en/environment-climate-change/services/environmental-indicators/greenhouse-gas-emissions/large-facilities.html; https://open.canada.ca/data/en/dataset/a8ba14b7-7f23-462a-bdbb-83b0ef629823,NU-MAIN-8b0264c9
GHG-10863-2023-12,2023,Air,10024-97-2,Emission,Waste,tonnes,5.65719,,NU-MAIN-8b0264c9,,CMP-6265c407,https://www.canada.ca/en/environment-climate-change/services/environmental-indicators/greenhouse-gas-emissions/large-facilities.html; https://open.canada.ca/data/en/dataset/a8ba14b7-7f23-462a-bdbb-83b0ef629823,NU-MAIN-8b0264c9
GHG-10873-2023-7,2023,Air,10024-97-2,Emission,Stationary Fuel Combustion,tonnes,0.245,,BC-MAIN-857b7b89,,CMP-4a434d72,https://www.canada.ca/en/environment-climate-change/services/environmental-indicators/greenhouse-gas-emissions/large-facilities.html; https://open.canada.ca/data/en/dataset/a8ba14b7-7f23-462a-bdbb-83b0ef629823,BC-MAIN-857b7b89
GHG-10873-2023-8,2023,Air,10024-97-2,Emission,On-site Transportation,tonnes,0.15,,BC-MAIN-857b7b89,,CMP-4a434d72,https://www.canada.ca/en/environment-climate-change/services/environmental-indicators/greenhouse-gas-emissions/large-facilities.html; https://open.canada.ca/data/en/dataset/a8ba14b7-7f23-462a-bdbb-83b0ef629823,BC-MAIN-857b7b89
GHG-10873-2023-9,2023,Air,10024-97-2,Emission,Wastewater,tonnes,0.01063,,BC-MAIN-857b7b89,,CMP-4a434d72,https://www.canada.ca/en/environment-climate-change/services/environmental-indicators/greenhouse-gas-emissions/large-facilities.html; https://open.canada.ca/data/en/dataset/a8ba14b7-7f23-462a-bdbb-83b0ef629823,BC-MAIN-857b7b89
GHG-10904-2023-5,2023,Air,10024-97-2,Emission,Stationary Fuel Combustion,tonnes,0.234,,QC-MAIN-b86f7d07,,CMP-7e360a1f,https://www.canada.ca/en/environment-climate-change/services/environmental-indicators/greenhouse-gas-emissions/large-facilities.html; https://open.canada.ca/data/en/dataset/a8ba14b7-7f23-462a-bdbb-83b0ef629823,QC-MAIN-b86f7d07
GHG-10904-2023-6,2023,Air,10024-97-2,Emission,On-site Transportation,tonnes,2.452,,QC-MAIN-b86f7d07,,CMP-7e360a1f,https://www.canada.ca/en/environment-climate-change/services/environmental-indicators/greenhouse-gas-emissions/large-facilities.html; https://open.canada.ca/data/en/dataset/a8ba14b7-7f23-462a-bdbb-83b0ef629823,QC-MAIN-b86f7d07
GHG-10907-2023-5,2023,Air,10024-97-2,Emission,Stationary Fuel Combustion,tonnes,0.46,,QC-MAIN-a555d9b9,,CMP-f0009ac4,https://www.canada.ca/en/environment-climate-change/services/environmental-indicators/greenhouse-gas-emissions/large-facilities.html; https://open.canada.ca/data/en/dataset/a8ba14b7-7f23-462a-bdbb-83b0ef629823,QC-MAIN-a555d9b9
GHG-10907-2023-6,2023,Air,10024-97-2,Emission,On-site Transportation,tonnes,2.203,,QC-MAIN-a555d9b9,,CMP-f0009ac4,https://www.canada.ca/en/environment-climate-change/services/environmental-indicators/greenhouse-gas-emissions/large-facilities.html; https://open.canada.ca/data/en/dataset/a8ba14b7-7f23-462a-bdbb-83b0ef629823,QC-MAIN-a555d9b9
GHG-10911-2023-5,2023,Air,10024-97-2,Emission,Stationary Fuel Combustion,tonnes,0.055,,QC-MAIN-02884fb5,,CMP-3d0a95b7,https://www.canada.ca/en/environment-climate-change/services/environmental-indicators/greenhouse-gas-emissions/large-facilities.html; https://open.canada.ca/data/en/dataset/a8ba14b7-7f23-462a-bdbb-83b0ef629823,QC-MAIN-02884fb5
GHG-10911-2023-6,2023,Air,10024-97-2,Emission,On-site Transportation,tonnes,4.942,,QC-MAIN-02884fb5,,CMP-3d0a95b7,https://www.canada.ca/en/environment-climate-change/services/environmental-indicators/greenhouse-gas-emissions/large-facilities.html; https://open.canada.ca/data/en/dataset/a8ba14b7-7f23-462a-bdbb-83b0ef629823,QC-MAIN-02884fb5
GHG-10917-2023-9,2023,Air,10024-97-2,Emission,Stationary Fuel Combustion,tonnes,0.306,,ON-MAIN-687b8c8d,,CMP-3a4ccc7f,https://www.canada.ca/en/environment-climate-change/services/environmental-indicators/greenhouse-gas-emissions/large-facilities.html; https://open.canada.ca/data/en/dataset/a8ba14b7-7f23-462a-bdbb-83b0ef629823,ON-MAIN-687b8c8d
GHG-10917-2023-10,2023,Air,10024-97-2,Emission,Industrial Processes,tonnes,,,ON-MAIN-687b8c8d,,CMP-3a4ccc7f,https://www.canada.ca/en/environment-climate-change/services/environmental-indicators/greenhouse-gas-emissions/large-facilities.html; https://open.canada.ca/data/en/dataset/a8ba14b7-7f23-462a-bdbb-83b0ef629823,ON-MAIN-687b8c8d
GHG-10917-2023-11,2023,Air,10024-97-2,Emission,On-site Transportation,tonnes,0.141,,ON-MAIN-687b8c8d,,CMP-3a4ccc7f,https://www.canada.ca/en/environment-climate-change/services/environmental-indicators/greenhouse-gas-emissions/large-facilities.html; https://open.canada.ca/data/en/dataset/a8ba14b7-7f23-462a-bdbb-83b0ef629823,ON-MAIN-687b8c8d
GHG-10917-2023-12,2023,Air,10024-97-2,Emission,Waste,tonnes,0.032,,ON-MAIN-687b8c8d,,CMP-3a4ccc7f,https://www.canada.ca/en/environment-climate-change/services/environmental-indicators/greenhouse-gas-emissions/large-facilities.html; https://open.canada.ca/data/en/dataset/a8ba14b7-7f23-462a-bdbb-83b0ef629823,ON-MAIN-687b8c8d
GHG-10924-2023-7,2023,Air,10024-97-2,Emission,Stationary Fuel Combustion,tonnes,0.192,,ON-MAIN-3b3e5365,,CMP-4a434d72,https://www.canada.ca/en/environment-climate-change/services/environmental-indicators/greenhouse-gas-emissions/large-facilities.html; https://open.canada.ca/data/en/dataset/a8ba14b7-7f23-462a-bdbb-83b0ef629823,ON-MAIN-3b3e5365
GHG-10924-2023-8,2023,Air,10024-97-2,Emission,Industrial Processes,tonnes,,,ON-MAIN-3b3e5365,,CMP-4a434d72,https://www.canada.ca/en/environment-climate-change/services/environmental-indicators/greenhouse-gas-emissions/large-facilities.html; https://open.canada.ca/data/en/dataset/a8ba14b7-7f23-462a-bdbb-83b0ef629823,ON-MAIN-3b3e5365
GHG-10924-2023-9,2023,Air,10024-97-2,Emission,On-site Transportation,tonnes,0.3459,,ON-MAIN-3b3e5365,,CMP-4a434d72,https://www.canada.ca/en/environment-climate-change/services/environmental-indicators/greenhouse-gas-emissions/large-facilities.html; https://open.canada.ca/data/en/dataset/a8ba14b7-7f23-462a-bdbb-83b0ef629823,ON-MAIN-3b3e5365
GHG-10926-2023-5,2023,Air,10024-97-2,Emission,Stationary Fuel Combustion,tonnes,1.316,,ON-MAIN-a3c56a83,,CMP-967076a1,https://www.canada.ca/en/environment-climate-change/services/environmental-indicators/greenhouse-gas-emissions/large-facilities.html; https://open.canada.ca/data/en/dataset/a8ba14b7-7f23-462a-bdbb-83b0ef629823,ON-MAIN-a3c56a83
GHG-10926-2023-6,2023,Air,10024-97-2,Emission,On-site Transportation,tonnes,3.053,,ON-MAIN-a3c56a83,,CMP-967076a1,https://www.canada.ca/en/environment-climate-change/services/environmental-indicators/greenhouse-gas-emissions/large-facilities.html; https://open.canada.ca/data/en/dataset/a8ba14b7-7f23-462a-bdbb-83b0ef629823,ON-MAIN-a3c56a83
GHG-11368-2023-7,2023,Air,10024-97-2,Emission,Stationary Fuel Combustion,tonnes,0.2466,,ON-MAIN-387b06fe,,CMP-a72e0313,https://www.canada.ca/en/environment-climate-change/services/environmental-indicators/greenhouse-gas-emissions/large-facilities.html; https://open.canada.ca/data/en/dataset/a8ba14b7-7f23-462a-bdbb-83b0ef629823,ON-MAIN-387b06fe
GHG-11368-2023-8,2023,Air,10024-97-2,Emission,Industrial Processes,tonnes,,,ON-MAIN-387b06fe,,CMP-a72e0313,https://www.canada.ca/en/environment-climate-change/services/environmental-indicators/greenhouse-gas-emissions/large-facilities.html; https://open.canada.ca/data/en/dataset/a8ba14b7-7f23-462a-bdbb-83b0ef629823,ON-MAIN-387b06fe
GHG-11368-2023-9,2023,Air,10024-97-2,Emission,On-site Transportation,tonnes,0.0421,,ON-MAIN-387b06fe,,CMP-a72e0313,https://www.canada.ca/en/environment-climate-change/services/environmental-indicators/greenhouse-gas-emissions/large-facilities.html; https://open.canada.ca/data/en/dataset/a8ba14b7-7f23-462a-bdbb-83b0ef629823,ON-MAIN-387b06fe
GHG-11375-2023-5,2023,Air,10024-97-2,Emission,Stationary Fuel Combustion,tonnes,0.198,,ON-MAIN-7607a50e,,CMP-3a4ccc7f,https://www.canada.ca/en/environment-climate-change/services/environmental-indicators/greenhouse-gas-emissions/large-facilities.html; https://open.canada.ca/data/en/dataset/a8ba14b7-7f23-462a-bdbb-83b0ef629823,ON-MAIN-7607a50e
GHG-11375-2023-6,2023,Air,10024-97-2,Emission,On-site Transportation,tonnes,0.08,,ON-MAIN-7607a50e,,CMP-3a4ccc7f,https://www.canada.ca/en/environment-climate-change/services/environmental-indicators/greenhouse-gas-emissions/large-facilities.html; https://open.canada.ca/data/en/dataset/a8ba14b7-7f23-462a-bdbb-83b0ef629823,ON-MAIN-7607a50e
GHG-11382-2023-7,2023,Air,10024-97-2,Emission,Stationary Fuel Combustion,tonnes,14.235333,,QC-MAIN-5ce331b8,,CMP-d87d1101,https://www.canada.ca/en/environment-climate-change/services/environmental-indicators/greenhouse-gas-emissions/large-facilities.html; https://open.canada.ca/data/en/dataset/a8ba14b7-7f23-462a-bdbb-83b0ef629823,QC-MAIN-5ce331b8
GHG-11382-2023-8,2023,Air,10024-97-2,Emission,Industrial Processes,tonnes,,,QC-MAIN-5ce331b8,,CMP-d87d1101,https://www.canada.ca/en/environment-climate-change/services/environmental-indicators/greenhouse-gas-emissions/large-facilities.html; https://open.canada.ca/data/en/dataset/a8ba14b7-7f23-462a-bdbb-83b0ef629823,QC-MAIN-5ce331b8
GHG-11382-2023-9,2023,Air,10024-97-2,Emission,On-site Transportation,tonnes,13.560123,,QC-MAIN-5ce331b8,,CMP-d87d1101,https://www.canada.ca/en/environment-climate-change/services/environmental-indicators/greenhouse-gas-emissions/large-facilities.html; https://open.canada.ca/data/en/dataset/a8ba14b7-7f23-462a-bdbb-83b0ef629823,QC-MAIN-5ce331b8
GHG-11496-2023-7,2023,Air,10024-97-2,Emission,Stationary Fuel Combustion,tonnes,0.49,,ON-MAIN-0aadf28f,,CMP-d94be190,https://www.canada.ca/en/environment-climate-change/services/environmental-indicators/greenhouse-gas-emissions/large-facilities.html; https://open.canada.ca/data/en/dataset/a8ba14b7-7f23-462a-bdbb-83b0ef629823,ON-MAIN-0aadf28f
GHG-11496-2023-8,2023,Air,10024-97-2,Emission,Industrial Processes,tonnes,,,ON-MAIN-0aadf28f,,CMP-d94be190,https://www.canada.ca/en/environment-climate-change/services/environmental-indicators/greenhouse-gas-emissions/large-facilities.html; https://open.canada.ca/data/en/dataset/a8ba14b7-7f23-462a-bdbb-83b0ef629823,ON-MAIN-0aadf28f
GHG-11496-2023-9,2023,Air,10024-97-2,Emission,On-site Transportation,tonnes,9.814,,ON-MAIN-0aadf28f,,CMP-d94be190,https://www.canada.ca/en/environment-climate-change/services/environmental-indicators/greenhouse-gas-emissions/large-facilities.html; https://open.canada.ca/data/en/dataset/a8ba14b7-7f23-462a-bdbb-83b0ef629823,ON-MAIN-0aadf28f
GHG-11723-2023-7,2023,Air,10024-97-2,Emission,Stationary Fuel Combustion,tonnes,0.1887,,ON-MAIN-2e13aaa0,,CMP-9617aef4,https://www.canada.ca/en/environment-climate-change/services/environmental-indicators/greenhouse-gas-emissions/large-facilities.html; https://open.canada.ca/data/en/dataset/a8ba14b7-7f23-462a-bdbb-83b0ef629823,ON-MAIN-2e13aaa0
GHG-11723-2023-8,2023,Air,10024-97-2,Emission,Industrial Processes,tonnes,,,ON-MAIN-2e13aaa0,,CMP-9617aef4,https://www.canada.ca/en/environment-climate-change/services/environmental-indicators/greenhouse-gas-emissions/large-facilities.html; https://open.canada.ca/data/en/dataset/a8ba14b7-7f23-462a-bdbb-83b0ef629823,ON-MAIN-2e13aaa0
GHG-11723-2023-9,2023,Air,10024-97-2,Emission,On-site Transportation,tonnes,0.00205,,ON-MAIN-2e13aaa0,,CMP-9617aef4,https://www.canada.ca/en/environment-climate-change/services/environmental-indicators/greenhouse-gas-emissions/large-facilities.html; https://open.canada.ca/data/en/dataset/a8ba14b7-7f23-462a-bdbb-83b0ef629823,ON-MAIN-2e13aaa0
GHG-11736-2023-9,2023,Air,10024-97-2,Emission,Stationary Fuel Combustion,tonnes,0.05886,,QC-MAIN-dc1a16f9,,CMP-9f967ad1,https://www.canada.ca/en/environment-climate-change/services/environmental-indicators/greenhouse-gas-emissions/large-facilities.html; https://open.canada.ca/data/en/dataset/a8ba14b7-7f23-462a-bdbb-83b0ef629823,QC-MAIN-dc1a16f9
GHG-11736-2023-10,2023,Air,10024-97-2,Emission,On-site Transportation,tonnes,1.899,,QC-MAIN-dc1a16f9,,CMP-9f967ad1,https://www.canada.ca/en/environment-climate-change/services/environmental-indicators/greenhouse-gas-emissions/large-facilities.html; https://open.canada.ca/data/en/dataset/a8ba14b7-7f23-462a-bdbb-83b0ef629823,QC-MAIN-dc1a16f9
GHG-11736-2023-11,2023,Air,10024-97-2,Emission,Waste,tonnes,0.004,,QC-MAIN-dc1a16f9,,CMP-9f967ad1,https://www.canada.ca/en/environment-climate-change/services/environmental-indicators/greenhouse-gas-emissions/large-facilities.html; https://open.canada.ca/data/en/dataset/a8ba14b7-7f23-462a-bdbb-83b0ef629823,QC-MAIN-dc1a16f9
GHG-11736-2023-12,2023,Air,10024-97-2,Emission,Wastewater,tonnes,0.0004,,QC-MAIN-dc1a16f9,,CMP-9f967ad1,https://www.canada.ca/en/environment-climate-change/services/environmental-indicators/greenhouse-gas-emissions/large-facilities.html; https://open.canada.ca/data/en/dataset/a8ba14b7-7f23-462a-bdbb-83b0ef629823,QC-MAIN-dc1a16f9
GHG-11765-2023-5,2023,Air,10024-97-2,Emission,Stationary Fuel Combustion,tonnes,0.263168,,ON-MAIN-4c35e094,,CMP-3775c12e,https://www.canada.ca/en/environment-climate-change/services/environmental-indicators/greenhouse-gas-emissions/large-facilities.html; https://open.canada.ca/data/en/dataset/a8ba14b7-7f23-462a-bdbb-83b0ef629823,ON-MAIN-4c35e094
GHG-11765-2023-6,2023,Air,10024-97-2,Emission,On-site Transportation,tonnes,0.01955,,ON-MAIN-4c35e094,,CMP-3775c12e,https://www.canada.ca/en/environment-climate-change/services/environmental-indicators/greenhouse-gas-emissions/large-facilities.html; https://open.canada.ca/data/en/dataset/a8ba14b7-7f23-462a-bdbb-83b0ef629823,ON-MAIN-4c35e094
GHG-11770-2023-5,2023,Air,10024-97-2,Emission,Stationary Fuel Combustion,tonnes,0.076,,QC-MAIN-c0660aec,,CMP-6265c407,https://www.canada.ca/en/environment-climate-change/services/environmental-indicators/greenhouse-gas-emissions/large-facilities.html; https://open.canada.ca/data/en/dataset/a8ba14b7-7f23-462a-bdbb-83b0ef629823,QC-MAIN-c0660aec
GHG-11770-2023-6,2023,Air,10024-97-2,Emission,On-site Transportation,tonnes,3.682,,QC-MAIN-c0660aec,,CMP-6265c407,https://www.canada.ca/en/environment-climate-change/services/environmental-indicators/greenhouse-gas-emissions/large-facilities.html; https://open.canada.ca/data/en/dataset/a8ba14b7-7f23-462a-bdbb-83b0ef629823,QC-MAIN-c0660aec
GHG-11794-2023-7,2023,Air,10024-97-2,Emission,Stationary Fuel Combustion,tonnes,0.267275,,QC-MAIN-e51eda66,,CMP-6265c407,https://www.canada.ca/en/environment-climate-change/services/environmental-indicators/greenhouse-gas-emissions/large-facilities.html; https://open.canada.ca/data/en/dataset/a8ba14b7-7f23-462a-bdbb-83b0ef629823,QC-MAIN-e51eda66
GHG-11794-2023-8,2023,Air,10024-97-2,Emission,Industrial Processes,tonnes,0.003143,,QC-MAIN-e51eda66,,CMP-6265c407,https://www.canada.ca/en/environment-climate-change/services/environmental-indicators/greenhouse-gas-emissions/large-facilities.html; https://open.canada.ca/data/en/dataset/a8ba14b7-7f23-462a-bdbb-83b0ef629823,QC-MAIN-e51eda66
GHG-11794-2023-9,2023,Air,10024-97-2,Emission,On-site Transportation,tonnes,11.1,,QC-MAIN-e51eda66,,CMP-6265c407,https://www.canada.ca/en/environment-climate-change/services/environmental-indicators/greenhouse-gas-emissions/large-facilities.html; https://open.canada.ca/data/en/dataset/a8ba14b7-7f23-462a-bdbb-83b0ef629823,QC-MAIN-e51eda66
GHG-11804-2023-7,2023,Air,10024-97-2,Emission,Stationary Fuel Combustion,tonnes,0.755,,QC-MAIN-6dc537e6,,CMP-4a434d72,https://www.canada.ca/en/environment-climate-change/services/environmental-indicators/greenhouse-gas-emissions/large-facilities.html; https://open.canada.ca/data/en/dataset/a8ba14b7-7f23-462a-bdbb-83b0ef629823,QC-MAIN-6dc537e6
GHG-11804-2023-8,2023,Air,10024-97-2,Emission,Industrial Processes,tonnes,,,QC-MAIN-6dc537e6,,CMP-4a434d72,https://www.canada.ca/en/environment-climate-change/services/environmental-indicators/greenhouse-gas-emissions/large-facilities.html; https://open.canada.ca/data/en/dataset/a8ba14b7-7f23-462a-bdbb-83b0ef629823,QC-MAIN-6dc537e6
GHG-11804-2023-9,2023,Air,10024-97-2,Emission,On-site Transportation,tonnes,9.927,,QC-MAIN-6dc537e6,,CMP-4a434d72,https://www.canada.ca/en/environment-climate-change/services/environmental-indicators/greenhouse-gas-emissions/large-facilities.html; https://open.canada.ca/data/en/dataset/a8ba14b7-7f23-462a-bdbb-83b0ef629823,QC-MAIN-6dc537e6
GHG-11894-2023-7,2023,Air,10024-97-2,Emission,Stationary Fuel Combustion,tonnes,0.13005,,BC-MAIN-599152a0,,CMP-12afc634,https://www.canada.ca/en/environment-climate-change/services/environmental-indicators/greenhouse-gas-emissions/large-facilities.html; https://open.canada.ca/data/en/dataset/a8ba14b7-7f23-462a-bdbb-83b0ef629823,BC-MAIN-599152a0
GHG-11894-2023-8,2023,Air,10024-97-2,Emission,On-site Transportation,tonnes,0.543,,BC-MAIN-599152a0,,CMP-12afc634,https://www.canada.ca/en/environment-climate-change/services/environmental-indicators/greenhouse-gas-emissions/large-facilities.html; https://open.canada.ca/data/en/dataset/a8ba14b7-7f23-462a-bdbb-83b0ef629823,BC-MAIN-599152a0
GHG-11894-2023-9,2023,Air,10024-97-2,Emission,Waste,tonnes,,,BC-MAIN-599152a0,,CMP-12afc634,https://www.canada.ca/en/environment-climate-change/services/environmental-indicators/greenhouse-gas-emissions/large-facilities.html; https://open.canada.ca/data/en/dataset/a8ba14b7-7f23-462a-bdbb-83b0ef629823,BC-MAIN-599152a0
GHG-11951-2023-9,2023,Air,10024-97-2,Emission,Stationary Fuel Combustion,tonnes,0.322358,,ON-MAIN-7f050560,,CMP-ca642bce,https://www.canada.ca/en/environment-climate-change/services/environmental-indicators/greenhouse-gas-emissions/large-facilities.html; https://open.canada.ca/data/en/dataset/a8ba14b7-7f23-462a-bdbb-83b0ef629823,ON-MAIN-7f050560
GHG-11951-2023-10,2023,Air,10024-97-2,Emission,Industrial Processes,tonnes,,,ON-MAIN-7f050560,,CMP-ca642bce,https://www.canada.ca/en/environment-climate-change/services/environmental-indicators/greenhouse-gas-emissions/large-facilities.html; https://open.canada.ca/data/en/dataset/a8ba14b7-7f23-462a-bdbb-83b0ef629823,ON-MAIN-7f050560
GHG-11951-2023-11,2023,Air,10024-97-2,Emission,On-site Transportation,tonnes,0.075287,,ON-MAIN-7f050560,,CMP-ca642bce,https://www.canada.ca/en/environment-climate-change/services/environmental-indicators/greenhouse-gas-emissions/large-facilities.html; https://open.canada.ca/data/en/dataset/a8ba14b7-7f23-462a-bdbb-83b0ef629823,ON-MAIN-7f050560
GHG-11951-2023-12,2023,Air,10024-97-2,Emission,Waste,tonnes,0.404047,,ON-MAIN-7f050560,,CMP-ca642bce,https://www.canada.ca/en/environment-climate-change/services/environmental-indicators/greenhouse-gas-emissions/large-facilities.html; https://open.canada.ca/data/en/dataset/a8ba14b7-7f23-462a-bdbb-83b0ef629823,ON-MAIN-7f050560
GHG-12304-2023-7,2023,Air,10024-97-2,Emission,Stationary Fuel Combustion,tonnes,0.278,,ON-MAIN-cb85213a,,CMP-3d2c4955,https://www.canada.ca/en/environment-climate-change/services/environmental-indicators/greenhouse-gas-emissions/large-facilities.html; https://open.canada.ca/data/en/dataset/a8ba14b7-7f23-462a-bdbb-83b0ef629823,ON-MAIN-cb85213a
GHG-12304-2023-8,2023,Air,10024-97-2,Emission,On-site Transportation,tonnes,0.073,,ON-MAIN-cb85213a,,CMP-3d2c4955,https://www.canada.ca/en/environment-climate-change/services/environmental-indicators/greenhouse-gas-emissions/large-facilities.html; https://open.canada.ca/data/en/dataset/a8ba14b7-7f23-462a-bdbb-83b0ef629823,ON-MAIN-cb85213a
GHG-12304-2023-9,2023,Air,10024-97-2,Emission,Waste,tonnes,0.001,,ON-MAIN-cb85213a,,CMP-3d2c4955,https://www.canada.ca/en/environment-climate-change/services/environmental-indicators/greenhouse-gas-emissions/large-facilities.html; https://open.canada.ca/data/en/dataset/a8ba14b7-7f23-462a-bdbb-83b0ef629823,ON-MAIN-cb85213a
GHG-12459-2023-5,2023,Air,10024-97-2,Emission,Stationary Fuel Combustion,tonnes,0.2924,,YT-MAIN-e05ed9fe,,CMP-661b40f2,https://www.canada.ca/en/environment-climate-change/services/environmental-indicators/greenhouse-gas-emissions/large-facilities.html; https://open.canada.ca/data/en/dataset/a8ba14b7-7f23-462a-bdbb-83b0ef629823,YT-MAIN-e05ed9fe
GHG-12459-2023-6,2023,Air,10024-97-2,Emission,On-site Transportation,tonnes,3.5311,,YT-MAIN-e05ed9fe,,CMP-661b40f2,https://www.canada.ca/en/environment-climate-change/services/environmental-indicators/greenhouse-gas-emissions/large-facilities.html; https://open.canada.ca/data/en/dataset/a8ba14b7-7f23-462a-bdbb-83b0ef629823,YT-MAIN-e05ed9fe
GHG-12553-2023-5,2023,Air,10024-97-2,Emission,Stationary Fuel Combustion,tonnes,0.3429,,BC-MAIN-8eb8be0d,,CMP-4a434d72,https://www.canada.ca/en/environment-climate-change/services/environmental-indicators/greenhouse-gas-emissions/large-facilities.html; https://open.canada.ca/data/en/dataset/a8ba14b7-7f23-462a-bdbb-83b0ef629823,BC-MAIN-8eb8be0d
GHG-12553-2023-6,2023,Air,10024-97-2,Emission,On-site Transportation,tonnes,12.8084,,BC-MAIN-8eb8be0d,,CMP-4a434d72,https://www.canada.ca/en/environment-climate-change/services/environmental-indicators/greenhouse-gas-emissions/large-facilities.html; https://open.canada.ca/data/en/dataset/a8ba14b7-7f23-462a-bdbb-83b0ef629823,BC-MAIN-8eb8be0d
GHG-10011-2023-13,2023,Air,NA - GHG,Emission,Flaring / Torchage,tonnes,436.6533,,ON-MAIN-eab8c362,,CMP-0f9c0b53,https://www.canada.ca/en/environment-climate-change/services/environmental-indicators/greenhouse-gas-emissions/large-facilities.html; https://open.canada.ca/data/en/dataset/a8ba14b7-7f23-462a-bdbb-83b0ef629823,ON-MAIN-eab8c362
GHG-10011-2023-14,2023,Air,NA - GHG,Emission,Stationary Fuel Combustion,tonnes,981262.4295,,ON-MAIN-eab8c362,,CMP-0f9c0b53,https://www.canada.ca/en/environment-climate-change/services/environmental-indicators/greenhouse-gas-emissions/large-facilities.html; https://open.canada.ca/data/en/dataset/a8ba14b7-7f23-462a-bdbb-83b0ef629823,ON-MAIN-eab8c362
GHG-10011-2023-15,2023,Air,NA - GHG,Emission,Industrial Processes,tonnes,3287418.803,,ON-MAIN-eab8c362,,CMP-0f9c0b53,https://www.canada.ca/en/environment-climate-change/services/environmental-indicators/greenhouse-gas-emissions/large-facilities.html; https://open.canada.ca/data/en/dataset/a8ba14b7-7f23-462a-bdbb-83b0ef629823,ON-MAIN-eab8c362
GHG-10011-2023-16,2023,Air,NA - GHG,Emission,On-site Transportation,tonnes,23048.33,,ON-MAIN-eab8c362,,CMP-0f9c0b53,https://www.canada.ca/en/environment-climate-change/services/environmental-indicators/greenhouse-gas-emissions/large-facilities.html; https://open.canada.ca/data/en/dataset/a8ba14b7-7f23-462a-bdbb-83b0ef629823,ON-MAIN-eab8c362
GHG-10013-2023-10,2023,Air,NA - GHG,Emission,Stationary Fuel Combustion,tonnes,27014.909,,QC-MAIN-52c01ae4,,CMP-140e111b,https://www.canada.ca/en/environment-climate-change/services/environmental-indicators/greenhouse-gas-emissions/large-facilities.html; https://open.canada.ca/data/en/dataset/a8ba14b7-7f23-462a-bdbb-83b0ef629823,QC-MAIN-52c01ae4
GHG-10013-2023-11,2023,Air,NA - GHG,Emission,Industrial Processes,tonnes,508182.622,,QC-MAIN-52c01ae4,,CMP-140e111b,https://www.canada.ca/en/environment-climate-change/services/environmental-indicators/greenhouse-gas-emissions/large-facilities.html; https://open.canada.ca/data/en/dataset/a8ba14b7-7f23-462a-bdbb-83b0ef629823,QC-MAIN-52c01ae4
GHG-10013-2023-12,2023,Air,NA - GHG,Emission,On-site Transportation,tonnes,2750.541,,QC-MAIN-52c01ae4,,CMP-140e111b,https://www.canada.ca/en/environment-climate-change/services/environmental-indicators/greenhouse-gas-emissions/large-facilities.html; https://open.canada.ca/data/en/dataset/a8ba14b7-7f23-462a-bdbb-83b0ef629823,QC-MAIN-52c01ae4
GHG-10014-2023-10,2023,Air,NA - GHG,Emission,Stationary Fuel Combustion,tonnes,60761.778,,QC-MAIN-c8966bdc,,CMP-dc21de8a,https://www.canada.ca/en/environment-climate-change/services/environmental-indicators/greenhouse-gas-emissions/large-facilities.html; https://open.canada.ca/data/en/dataset/a8ba14b7-7f23-462a-bdbb-83b0ef629823,QC-MAIN-c8966bdc
GHG-10014-2023-11,2023,Air,NA - GHG,Emission,Industrial Processes,tonnes,755527.407,,QC-MAIN-c8966bdc,,CMP-dc21de8a,https://www.canada.ca/en/environment-climate-change/services/environmental-indicators/greenhouse-gas-emissions/large-facilities.html; https://open.canada.ca/data/en/dataset/a8ba14b7-7f23-462a-bdbb-83b0ef629823,QC-MAIN-c8966bdc
GHG-10014-2023-12,2023,Air,NA - GHG,Emission,On-site Transportation,tonnes,3523.7332,,QC-MAIN-c8966bdc,,CMP-dc21de8a,https://www.canada.ca/en/environment-climate-change/services/environmental-indicators/greenhouse-gas-emissions/large-facilities.html; https://open.canada.ca/data/en/dataset/a8ba14b7-7f23-462a-bdbb-83b0ef629823,QC-MAIN-c8966bdc
GHG-10052-2023-10,2023,Air,NA - GHG,Emission,Stationary Fuel Combustion,tonnes,506521.0198,,NL-MAIN-dd723db4,,CMP-2da4630a,https://www.canada.ca/en/environment-climate-change/services/environmental-indicators/greenhouse-gas-emissions/large-facilities.html; https://open.canada.ca/data/en/dataset/a8ba14b7-7f23-462a-bdbb-83b0ef629823,NL-MAIN-dd723db4
GHG-10052-2023-11,2023,Air,NA - GHG,Emission,Industrial Processes,tonnes,129810.756,,NL-MAIN-dd723db4,,CMP-2da4630a,https://www.canada.ca/en/environment-climate-change/services/environmental-indicators/greenhouse-gas-emissions/large-facilities.html; https://open.canada.ca/data/en/dataset/a8ba14b7-7f23-462a-bdbb-83b0ef629823,NL-MAIN-dd723db4
GHG-10052-2023-12,2023,Air,NA - GHG,Emission,On-site Transportation,tonnes,144184.2093,,NL-MAIN-dd723db4,,CMP-2da4630a,https://www.canada.ca/en/environment-climate-change/services/environmental-indicators/greenhouse-gas-emissions/large-facilities.html; https://open.canada.ca/data/en/dataset/a8ba14b7-7f23-462a-bdbb-83b0ef629823,NL-MAIN-dd723db4
GHG-10091-2023-10,2023,Air,NA - GHG,Emission,Stationary Fuel Combustion,tonnes,856117.7168,,ON-MAIN-4c35e094,,CMP-3775c12e,https://www.canada.ca/en/environment-climate-change/services/environmental-indicators/greenhouse-gas-emissions/large-facilities.html; https://open.canada.ca/data/en/dataset/a8ba14b7-7f23-462a-bdbb-83b0ef629823,ON-MAIN-4c35e094
GHG-10091-2023-11,2023,Air,NA - GHG,Emission,Industrial Processes,tonnes,3288316.939,,ON-MAIN-4c35e094,,CMP-3775c12e,https://www.canada.ca/en/environment-climate-change/services/environmental-indicators/greenhouse-gas-emissions/large-facilities.html; https://open.canada.ca/data/en/dataset/a8ba14b7-7f23-462a-bdbb-83b0ef629823,ON-MAIN-4c35e094
GHG-10091-2023-12,2023,Air,NA - GHG,Emission,On-site Transportation,tonnes,23848.85237,,ON-MAIN-4c35e094,,CMP-3775c12e,https://www.canada.ca/en/environment-climate-change/services/environmental-indicators/greenhouse-gas-emissions/large-facilities.html; https://open.canada.ca/data/en/dataset/a8ba14b7-7f23-462a-bdbb-83b0ef629823,ON-MAIN-4c35e094
GHG-10103-2023-10,2023,Air,NA - GHG,Emission,Stationary Fuel Combustion,tonnes,775.13588,,QC-MAIN-5398dfac,,CMP-89ae3b2b,https://www.canada.ca/en/environment-climate-change/services/environmental-indicators/greenhouse-gas-emissions/large-facilities.html; https://open.canada.ca/data/en/dataset/a8ba14b7-7f23-462a-bdbb-83b0ef629823,QC-MAIN-5398dfac
GHG-10103-2023-11,2023,Air,NA - GHG,Emission,Industrial Processes,tonnes,114875.9429,,QC-MAIN-5398dfac,,CMP-89ae3b2b,https://www.canada.ca/en/environment-climate-change/services/environmental-indicators/greenhouse-gas-emissions/large-facilities.html; https://open.canada.ca/data/en/dataset/a8ba14b7-7f23-462a-bdbb-83b0ef629823,QC-MAIN-5398dfac
GHG-10103-2023-12,2023,Air,NA - GHG,Emission,On-site Transportation,tonnes,310.0627,,QC-MAIN-5398dfac,,CMP-89ae3b2b,https://www.canada.ca/en/environment-climate-change/services/environmental-indicators/greenhouse-gas-emissions/large-facilities.html; https://open.canada.ca/data/en/dataset/a8ba14b7-7f23-462a-bdbb-83b0ef629823,QC-MAIN-5398dfac
GHG-10119-2023-16,2023,Air,NA - GHG,Emission,Flaring / Torchage,tonnes,958.8267,,AB-MAIN-d3a4aba9,,CMP-2ef1f553,https://www.canada.ca/en/environment-climate-change/services/environmental-indicators/greenhouse-gas-emissions/large-facilities.html; https://open.canada.ca/data/en/dataset/a8ba14b7-7f23-462a-bdbb-83b0ef629823,AB-MAIN-d3a4aba9
GHG-10119-2023-17,2023,Air,NA - GHG,Emission,Stationary Fuel Combustion,tonnes,212108.9028,,AB-MAIN-d3a4aba9,,CMP-2ef1f553,https://www.canada.ca/en/environment-climate-change/services/environmental-indicators/greenhouse-gas-emissions/large-facilities.html; https://open.canada.ca/data/en/dataset/a8ba14b7-7f23-462a-bdbb-83b0ef629823,AB-MAIN-d3a4aba9
GHG-10119-2023-18,2023,Air,NA - GHG,Emission,Industrial Processes,tonnes,83198.1936,,AB-MAIN-d3a4aba9,,CMP-2ef1f553,https://www.canada.ca/en/environment-climate-change/services/environmental-indicators/greenhouse-gas-emissions/large-facilities.html; https://open.canada.ca/data/en/dataset/a8ba14b7-7f23-462a-bdbb-83b0ef629823,AB-MAIN-d3a4aba9
GHG-10119-2023-19,2023,Air,NA - GHG,Emission,On-site Transportation,tonnes,1799.1958,,AB-MAIN-d3a4aba9,,CMP-2ef1f553,https://www.canada.ca/en/environment-climate-change/services/environmental-indicators/greenhouse-gas-emissions/large-facilities.html; https://open.canada.ca/data/en/dataset/a8ba14b7-7f23-462a-bdbb-83b0ef629823,AB-MAIN-d3a4aba9
GHG-10119-2023-20,2023,Air,NA - GHG,Emission,Venting / Évacuation,tonnes,7107.23996,,AB-MAIN-d3a4aba9,,CMP-2ef1f553,https://www.canada.ca/en/environment-climate-change/services/environmental-indicators/greenhouse-gas-emissions/large-facilities.html; https://open.canada.ca/data/en/dataset/a8ba14b7-7f23-462a-bdbb-83b0ef629823,AB-MAIN-d3a4aba9
GHG-10128-2023-10,2023,Air,NA - GHG,Emission,Stationary Fuel Combustion,tonnes,56215.85195,,ON-MAIN-21b6ab35,,CMP-a70130b4,https://www.canada.ca/en/environment-climate-change/services/environmental-indicators/greenhouse-gas-emissions/large-facilities.html; https://open.canada.ca/data/en/dataset/a8ba14b7-7f23-462a-bdbb-83b0ef629823,ON-MAIN-21b6ab35
GHG-10128-2023-11,2023,Air,NA - GHG,Emission,Industrial Processes,tonnes,38373.6938,,ON-MAIN-21b6ab35,,CMP-a70130b4,https://www.canada.ca/en/environment-climate-change/services/environmental-indicators/greenhouse-gas-emissions/large-facilities.html; https://open.canada.ca/data/en/dataset/a8ba14b7-7f23-462a-bdbb-83b0ef629823,ON-MAIN-21b6ab35
GHG-10128-2023-12,2023,Air,NA - GHG,Emission,On-site Transportation,tonnes,2567.896262,,ON-MAIN-21b6ab35,,CMP-a70130b4,https://www.canada.ca/en/environment-climate-change/services/environmental-indicators/greenhouse-gas-emissions/large-facilities.html; https://open.canada.ca/data/en/dataset/a8ba14b7-7f23-462a-bdbb-83b0ef629823,ON-MAIN-21b6ab35
GHG-10150-2023-10,2023,Air,NA - GHG,Emission,Stationary Fuel Combustion,tonnes,128674.1375,,SK-MAIN-26b9aaf3,,CMP-28720916,https://www.canada.ca/en/environment-climate-change/services/environmental-indicators/greenhouse-gas-emissions/large-facilities.html; https://open.canada.ca/data/en/dataset/a8ba14b7-7f23-462a-bdbb-83b0ef629823,SK-MAIN-26b9aaf3
GHG-10150-2023-11,2023,Air,NA - GHG,Emission,Industrial Processes,tonnes,77456.3429,,SK-MAIN-26b9aaf3,,CMP-28720916,https://www.canada.ca/en/environment-climate-change/services/environmental-indicators/greenhouse-gas-emissions/large-facilities.html; https://open.canada.ca/data/en/dataset/a8ba14b7-7f23-462a-bdbb-83b0ef629823,SK-MAIN-26b9aaf3
GHG-10150-2023-12,2023,Air,NA - GHG,Emission,On-site Transportation,tonnes,7636.17889,,SK-MAIN-26b9aaf3,,CMP-28720916,https://www.canada.ca/en/environment-climate-change/services/environmental-indicators/greenhouse-gas-emissions/large-facilities.html; https://open.canada.ca/data/en/dataset/a8ba14b7-7f23-462a-bdbb-83b0ef629823,SK-MAIN-26b9aaf3
GHG-10164-2023-7,2023,Air,NA - GHG,Emission,Stationary Fuel Combustion,tonnes,20858.8135,,ON-MAIN-f8313ebd,,CMP-d5f1c66b,https://www.canada.ca/en/environment-climate-change/services/environmental-indicators/greenhouse-gas-emissions/large-facilities.html; https://open.canada.ca/data/en/dataset/a8ba14b7-7f23-462a-bdbb-83b0ef629823,ON-MAIN-f8313ebd
GHG-10164-2023-8,2023,Air,NA - GHG,Emission,On-site Transportation,tonnes,8473.73223,,ON-MAIN-f8313ebd,,CMP-d5f1c66b,https://www.canada.ca/en/environment-climate-change/services/environmental-indicators/greenhouse-gas-emissions/large-facilities.html; https://open.canada.ca/data/en/dataset/a8ba14b7-7f23-462a-bdbb-83b0ef629823,ON-MAIN-f8313ebd
GHG-10240-2023-16,2023,Air,NA - GHG,Emission,Stationary Fuel Combustion,tonnes,138426.863,,QC-MAIN-a97821c0,,CMP-d5f1c66b,https://www.canada.ca/en/environment-climate-change/services/environmental-indicators/greenhouse-gas-emissions/large-facilities.html; https://open.canada.ca/data/en/dataset/a8ba14b7-7f23-462a-bdbb-83b0ef629823,QC-MAIN-a97821c0
GHG-10240-2023-17,2023,Air,NA - GHG,Emission,Industrial Processes,tonnes,1567.749062,,QC-MAIN-a97821c0,,CMP-d5f1c66b,https://www.canada.ca/en/environment-climate-change/services/environmental-indicators/greenhouse-gas-emissions/large-facilities.html; https://open.canada.ca/data/en/dataset/a8ba14b7-7f23-462a-bdbb-83b0ef629823,QC-MAIN-a97821c0
GHG-10240-2023-18,2023,Air,NA - GHG,Emission,On-site Transportation,tonnes,17107.05425,,QC-MAIN-a97821c0,,CMP-d5f1c66b,https://www.canada.ca/en/environment-climate-change/services/environmental-indicators/greenhouse-gas-emissions/large-facilities.html; https://open.canada.ca/data/en/dataset/a8ba14b7-7f23-462a-bdbb-83b0ef629823,QC-MAIN-a97821c0
GHG-10240-2023-19,2023,Air,NA - GHG,Emission,Waste,tonnes,878.913366,,QC-MAIN-a97821c0,,CMP-d5f1c66b,https://www.canada.ca/en/environment-climate-change/services/environmental-indicators/greenhouse-gas-emissions/large-facilities.html; https://open.canada.ca/data/en/dataset/a8ba14b7-7f23-462a-bdbb-83b0ef629823,QC-MAIN-a97821c0
GHG-10240-2023-20,2023,Air,NA - GHG,Emission,Wastewater,tonnes,14.64125,,QC-MAIN-a97821c0,,CMP-d5f1c66b,https://www.canada.ca/en/environment-climate-change/services/environmental-indicators/greenhouse-gas-emissions/large-facilities.html; https://open.canada.ca/data/en/dataset/a8ba14b7-7f23-462a-bdbb-83b0ef629823,QC-MAIN-a97821c0
GHG-10275-2023-19,2023,Air,NA - GHG,Emission,Flaring / Torchage,tonnes,745.03575,,ON-MAIN-020a683c,,CMP-75ff8886,https://www.canada.ca/en/environment-climate-change/services/environmental-indicators/greenhouse-gas-emissions/large-facilities.html; https://open.canada.ca/data/en/dataset/a8ba14b7-7f23-462a-bdbb-83b0ef629823,ON-MAIN-020a683c
GHG-10275-2023-20,2023,Air,NA - GHG,Emission,Leakage / Fuites,tonnes,21907.592,,ON-MAIN-020a683c,,CMP-75ff8886,https://www.canada.ca/en/environment-climate-change/services/environmental-indicators/greenhouse-gas-emissions/large-facilities.html; https://open.canada.ca/data/en/dataset/a8ba14b7-7f23-462a-bdbb-83b0ef629823,ON-MAIN-020a683c
GHG-10275-2023-21,2023,Air,NA - GHG,Emission,Stationary Fuel Combustion,tonnes,228738.1646,,ON-MAIN-020a683c,,CMP-75ff8886,https://www.canada.ca/en/environment-climate-change/services/environmental-indicators/greenhouse-gas-emissions/large-facilities.html; https://open.canada.ca/data/en/dataset/a8ba14b7-7f23-462a-bdbb-83b0ef629823,ON-MAIN-020a683c
GHG-10275-2023-22,2023,Air,NA - GHG,Emission,On-site Transportation,tonnes,3241.0191,,ON-MAIN-020a683c,,CMP-75ff8886,https://www.canada.ca/en/environment-climate-change/services/environmental-indicators/greenhouse-gas-emissions/large-facilities.html; https://open.canada.ca/data/en/dataset/a8ba14b7-7f23-462a-bdbb-83b0ef629823,ON-MAIN-020a683c
GHG-10275-2023-23,2023,Air,NA - GHG,Emission,Waste,tonnes,107.3291,,ON-MAIN-020a683c,,CMP-75ff8886,https://www.canada.ca/en/environment-climate-change/services/environmental-indicators/greenhouse-gas-emissions/large-facilities.html; https://open.canada.ca/data/en/dataset/a8ba14b7-7f23-462a-bdbb-83b0ef629823,ON-MAIN-020a683c
GHG-10275-2023-24,2023,Air,NA - GHG,Emission,Wastewater,tonnes,14.5913,,ON-MAIN-020a683c,,CMP-75ff8886,https://www.canada.ca/en/environment-climate-change/services/environmental-indicators/greenhouse-gas-emissions/large-facilities.html; https://open.canada.ca/data/en/dataset/a8ba14b7-7f23-462a-bdbb-83b0ef629823,ON-MAIN-020a683c
GHG-10276-2023-13,2023,Air,NA - GHG,Emission,Leakage / Fuites,tonnes,28334.264,,ON-MAIN-b2e5c9bb,,CMP-75ff8886,https://www.canada.ca/en/environment-climate-change/services/environmental-indicators/greenhouse-gas-emissions/large-facilities.html; https://open.canada.ca/data/en/dataset/a8ba14b7-7f23-462a-bdbb-83b0ef629823,ON-MAIN-b2e5c9bb
GHG-10276-2023-14,2023,Air,NA - GHG,Emission,Stationary Fuel Combustion,tonnes,620225.5638,,ON-MAIN-b2e5c9bb,,CMP-75ff8886,https://www.canada.ca/en/environment-climate-change/services/environmental-indicators/greenhouse-gas-emissions/large-facilities.html; https://open.canada.ca/data/en/dataset/a8ba14b7-7f23-462a-bdbb-83b0ef629823,ON-MAIN-b2e5c9bb
GHG-10276-2023-15,2023,Air,NA - GHG,Emission,Industrial Processes,tonnes,3119850.0,,ON-MAIN-b2e5c9bb,,CMP-75ff8886,https://www.canada.ca/en/environment-climate-change/services/environmental-indicators/greenhouse-gas-emissions/large-facilities.html; https://open.canada.ca/data/en/dataset/a8ba14b7-7f23-462a-bdbb-83b0ef629823,ON-MAIN-b2e5c9bb
GHG-10276-2023-16,2023,Air,NA - GHG,Emission,On-site Transportation,tonnes,13311.203,,ON-MAIN-b2e5c9bb,,CMP-75ff8886,https://www.canada.ca/en/environment-climate-change/services/environmental-indicators/greenhouse-gas-emissions/large-facilities.html; https://open.canada.ca/data/en/dataset/a8ba14b7-7f23-462a-bdbb-83b0ef629823,ON-MAIN-b2e5c9bb
GHG-10289-2023-13,2023,Air,NA - GHG,Emission,Leakage / Fuites,tonnes,1454.8856,,BC-MAIN-3bb6b7cd,,CMP-06e20c6e,https://www.canada.ca/en/environment-climate-change/services/environmental-indicators/greenhouse-gas-emissions/large-facilities.html; https://open.canada.ca/data/en/dataset/a8ba14b7-7f23-462a-bdbb-83b0ef629823,BC-MAIN-3bb6b7cd
GHG-10289-2023-14,2023,Air,NA - GHG,Emission,Stationary Fuel Combustion,tonnes,295108.5896,,BC-MAIN-3bb6b7cd,,CMP-06e20c6e,https://www.canada.ca/en/environment-climate-change/services/environmental-indicators/greenhouse-gas-emissions/large-facilities.html; https://open.canada.ca/data/en/dataset/a8ba14b7-7f23-462a-bdbb-83b0ef629823,BC-MAIN-3bb6b7cd
GHG-10289-2023-15,2023,Air,NA - GHG,Emission,Industrial Processes,tonnes,73809.7326,,BC-MAIN-3bb6b7cd,,CMP-06e20c6e,https://www.canada.ca/en/environment-climate-change/services/environmental-indicators/greenhouse-gas-emissions/large-facilities.html; https://open.canada.ca/data/en/dataset/a8ba14b7-7f23-462a-bdbb-83b0ef629823,BC-MAIN-3bb6b7cd
GHG-10289-2023-16,2023,Air,NA - GHG,Emission,On-site Transportation,tonnes,2486.23632,,BC-MAIN-3bb6b7cd,,CMP-06e20c6e,https://www.canada.ca/en/environment-climate-change/services/environmental-indicators/greenhouse-gas-emissions/large-facilities.html; https://open.canada.ca/data/en/dataset/a8ba14b7-7f23-462a-bdbb-83b0ef629823,BC-MAIN-3bb6b7cd
GHG-10300-2023-10,2023,Air,NA - GHG,Emission,Stationary Fuel Combustion,tonnes,33537.9,,QC-MAIN-eac5a52b,,CMP-140e111b,https://www.canada.ca/en/environment-climate-change/services/environmental-indicators/greenhouse-gas-emissions/large-facilities.html; https://open.canada.ca/data/en/dataset/a8ba14b7-7f23-462a-bdbb-83b0ef629823,QC-MAIN-eac5a52b
GHG-10300-2023-11,2023,Air,NA - GHG,Emission,Industrial Processes,tonnes,482459.8888,,QC-MAIN-eac5a52b,,CMP-140e111b,https://www.canada.ca/en/environment-climate-change/services/environmental-indicators/greenhouse-gas-emissions/large-facilities.html; https://open.canada.ca/data/en/dataset/a8ba14b7-7f23-462a-bdbb-83b0ef629823,QC-MAIN-eac5a52b
GHG-10300-2023-12,2023,Air,NA - GHG,Emission,On-site Transportation,tonnes,1539.295,,QC-MAIN-eac5a52b,,CMP-140e111b,https://www.canada.ca/en/environment-climate-change/services/environmental-indicators/greenhouse-gas-emissions/large-facilities.html; https://open.canada.ca/data/en/dataset/a8ba14b7-7f23-462a-bdbb-83b0ef629823,QC-MAIN-eac5a52b
GHG-10350-2023-10,2023,Air,NA - GHG,Emission,Stationary Fuel Combustion,tonnes,76711.7527,,NL-MAIN-b64bae7a,,CMP-8a99044e,https://www.canada.ca/en/environment-climate-change/services/environmental-indicators/greenhouse-gas-emissions/large-facilities.html; https://open.canada.ca/data/en/dataset/a8ba14b7-7f23-462a-bdbb-83b0ef629823,NL-MAIN-b64bae7a
GHG-10350-2023-11,2023,Air,NA - GHG,Emission,Industrial Processes,tonnes,1718.3632,,NL-MAIN-b64bae7a,,CMP-8a99044e,https://www.canada.ca/en/environment-climate-change/services/environmental-indicators/greenhouse-gas-emissions/large-facilities.html; https://open.canada.ca/data/en/dataset/a8ba14b7-7f23-462a-bdbb-83b0ef629823,NL-MAIN-b64bae7a
GHG-10350-2023-12,2023,Air,NA - GHG,Emission,On-site Transportation,tonnes,32073.3338,,NL-MAIN-b64bae7a,,CMP-8a99044e,https://www.canada.ca/en/environment-climate-change/services/environmental-indicators/greenhouse-gas-emissions/large-facilities.html; https://open.canada.ca/data/en/dataset/a8ba14b7-7f23-462a-bdbb-83b0ef629823,NL-MAIN-b64bae7a
GHG-10385-2023-7,2023,Air,NA - GHG,Emission,Stationary Fuel Combustion,tonnes,16651.407,,BC-MAIN-bf503b6b,,CMP-06e20c6e,https://www.canada.ca/en/environment-climate-change/services/environmental-indicators/greenhouse-gas-emissions/large-facilities.html; https://open.canada.ca/data/en/dataset/a8ba14b7-7f23-462a-bdbb-83b0ef629823,BC-MAIN-bf503b6b
GHG-10385-2023-8,2023,Air,NA - GHG,Emission,On-site Transportation,tonnes,167532.0472,,BC-MAIN-bf503b6b,,CMP-06e20c6e,https://www.canada.ca/en/environment-climate-change/services/environmental-indicators/greenhouse-gas-emissions/large-facilities.html; https://open.canada.ca/data/en/dataset/a8ba14b7-7f23-462a-bdbb-83b0ef629823,BC-MAIN-bf503b6b
GHG-10420-2023-10,2023,Air,NA - GHG,Emission,Stationary Fuel Combustion,tonnes,56601.86128,,AB-MAIN-9fed34a8,,CMP-c6e8351c,https://www.canada.ca/en/environment-climate-change/services/environmental-indicators/greenhouse-gas-emissions/large-facilities.html; https://open.canada.ca/data/en/dataset/a8ba14b7-7f23-462a-bdbb-83b0ef629823,AB-MAIN-9fed34a8
GHG-10420-2023-11,2023,Air,NA - GHG,Emission,Industrial Processes,tonnes,22136.39353,,AB-MAIN-9fed34a8,,CMP-c6e8351c,https://www.canada.ca/en/environment-climate-change/services/environmental-indicators/greenhouse-gas-emissions/large-facilities.html; https://open.canada.ca/data/en/dataset/a8ba14b7-7f23-462a-bdbb-83b0ef629823,AB-MAIN-9fed34a8
GHG-10420-2023-12,2023,Air,NA - GHG,Emission,On-site Transportation,tonnes,2009.83844,,AB-MAIN-9fed34a8,,CMP-c6e8351c,https://www.canada.ca/en/environment-climate-change/services/environmental-indicators/greenhouse-gas-emissions/large-facilities.html; https://open.canada.ca/data/en/dataset/a8ba14b7-7f23-462a-bdbb-83b0ef629823,AB-MAIN-9fed34a8
GHG-10468-2023-13,2023,Air,NA - GHG,Emission,Stationary Fuel Combustion,tonnes,20378.9029,,ON-MAIN-fefeaee4,,CMP-4a434d72,https://www.canada.ca/en/environment-climate-change/services/environmental-indicators/greenhouse-gas-emissions/large-facilities.html; https://open.canada.ca/data/en/dataset/a8ba14b7-7f23-462a-bdbb-83b0ef629823,ON-MAIN-fefeaee4
GHG-10468-2023-14,2023,Air,NA - GHG,Emission,Industrial Processes,tonnes,285.722,,ON-MAIN-fefeaee4,,CMP-4a434d72,https://www.canada.ca/en/environment-climate-change/services/environmental-indicators/greenhouse-gas-emissions/large-facilities.html; https://open.canada.ca/data/en/dataset/a8ba14b7-7f23-462a-bdbb-83b0ef629823,ON-MAIN-fefeaee4
GHG-10468-2023-15,2023,Air,NA - GHG,Emission,On-site Transportation,tonnes,16209.11911,,ON-MAIN-fefeaee4,,CMP-4a434d72,https://www.canada.ca/en/environment-climate-change/services/environmental-indicators/greenhouse-gas-emissions/large-facilities.html; https://open.canada.ca/data/en/dataset/a8ba14b7-7f23-462a-bdbb-83b0ef629823,ON-MAIN-fefeaee4
GHG-10468-2023-16,2023,Air,NA - GHG,Emission,Waste,tonnes,1.030005,,ON-MAIN-fefeaee4,,CMP-4a434d72,https://www.canada.ca/en/environment-climate-change/services/environmental-indicators/greenhouse-gas-emissions/large-facilities.html; https://open.canada.ca/data/en/dataset/a8ba14b7-7f23-462a-bdbb-83b0ef629823,ON-MAIN-fefeaee4
GHG-10569-2023-10,2023,Air,NA - GHG,Emission,Stationary Fuel Combustion,tonnes,9485.89876,,MB-MAIN-e0a6250e,,CMP-9617aef4,https://www.canada.ca/en/environment-climate-change/services/environmental-indicators/greenhouse-gas-emissions/large-facilities.html; https://open.canada.ca/data/en/dataset/a8ba14b7-7f23-462a-bdbb-83b0ef629823,MB-MAIN-e0a6250e
GHG-10569-2023-11,2023,Air,NA - GHG,Emission,On-site Transportation,tonnes,9264.8444,,MB-MAIN-e0a6250e,,CMP-9617aef4,https://www.canada.ca/en/environment-climate-change/services/environmental-indicators/greenhouse-gas-emissions/large-facilities.html; https://open.canada.ca/data/en/dataset/a8ba14b7-7f23-462a-bdbb-83b0ef629823,MB-MAIN-e0a6250e
GHG-10569-2023-12,2023,Air,NA - GHG,Emission,Waste,tonnes,75.62976,,MB-MAIN-e0a6250e,,CMP-9617aef4,https://www.canada.ca/en/environment-climate-change/services/environmental-indicators/greenhouse-gas-emissions/large-facilities.html; https://open.canada.ca/data/en/dataset/a8ba14b7-7f23-462a-bdbb-83b0ef629823,MB-MAIN-e0a6250e
GHG-10570-2023-7,2023,Air,NA - GHG,Emission,Stationary Fuel Combustion,tonnes,132845.1649,,NL-MAIN-2d8801d6,,CMP-9617aef4,https://www.canada.ca/en/environment-climate-change/services/environmental-indicators/greenhouse-gas-emissions/large-facilities.html; https://open.canada.ca/data/en/dataset/a8ba14b7-7f23-462a-bdbb-83b0ef629823,NL-MAIN-2d8801d6
GHG-10570-2023-8,2023,Air,NA - GHG,Emission,On-site Transportation,tonnes,40943.10043,,NL-MAIN-2d8801d6,,CMP-9617aef4,https://www.canada.ca/en/environment-climate-change/services/environmental-indicators/greenhouse-gas-emissions/large-facilities.html; https://open.canada.ca/data/en/dataset/a8ba14b7-7f23-462a-bdbb-83b0ef629823,NL-MAIN-2d8801d6
GHG-10613-2023-7,2023,Air,NA - GHG,Emission,Stationary Fuel Combustion,tonnes,934.8328,,BC-MAIN-3f490561,,CMP-0dfcd91e,https://www.canada.ca/en/environment-climate-change/services/environmental-indicators/greenhouse-gas-emissions/large-facilities.html; https://open.canada.ca/data/en/dataset/a8ba14b7-7f23-462a-bdbb-83b0ef629823,BC-MAIN-3f490561
GHG-10613-2023-8,2023,Air,NA - GHG,Emission,On-site Transportation,tonnes,48533.8534,,BC-MAIN-3f490561,,CMP-0dfcd91e,https://www.canada.ca/en/environment-climate-change/services/environmental-indicators/greenhouse-gas-emissions/large-facilities.html; https://open.canada.ca/data/en/dataset/a8ba14b7-7f23-462a-bdbb-83b0ef629823,BC-MAIN-3f490561
GHG-10614-2023-10,2023,Air,NA - GHG,Emission,Stationary Fuel Combustion,tonnes,60629.32715,,ON-MAIN-fc6f1a44,,CMP-a27e87a3,https://www.canada.ca/en/environment-climate-change/services/environmental-indicators/greenhouse-gas-emissions/large-facilities.html; https://open.canada.ca/data/en/dataset/a8ba14b7-7f23-462a-bdbb-83b0ef629823,ON-MAIN-fc6f1a44
GHG-10614-2023-11,2023,Air,NA - GHG,Emission,Industrial Processes,tonnes,44296.556,,ON-MAIN-fc6f1a44,,CMP-a27e87a3,https://www.canada.ca/en/environment-climate-change/services/environmental-indicators/greenhouse-gas-emissions/large-facilities.html; https://open.canada.ca/data/en/dataset/a8ba14b7-7f23-462a-bdbb-83b0ef629823,ON-MAIN-fc6f1a44
GHG-10614-2023-12,2023,Air,NA - GHG,Emission,On-site Transportation,tonnes,1761.18955,,ON-MAIN-fc6f1a44,,CMP-a27e87a3,https://www.canada.ca/en/environment-climate-change/services/environmental-indicators/greenhouse-gas-emissions/large-facilities.html; https://open.canada.ca/data/en/dataset/a8ba14b7-7f23-462a-bdbb-83b0ef629823,ON-MAIN-fc6f1a44
GHG-10617-2023-10,2023,Air,NA - GHG,Emission,Stationary Fuel Combustion,tonnes,19078.0413,,ON-MAIN-1f126a43,,CMP-6265c407,https://www.canada.ca/en/environment-climate-change/services/environmental-indicators/greenhouse-gas-emissions/large-facilities.html; https://open.canada.ca/data/en/dataset/a8ba14b7-7f23-462a-bdbb-83b0ef629823,ON-MAIN-1f126a43
GHG-10617-2023-11,2023,Air,NA - GHG,Emission,On-site Transportation,tonnes,6230.5486,,ON-MAIN-1f126a43,,CMP-6265c407,https://www.canada.ca/en/environment-climate-change/services/environmental-indicators/greenhouse-gas-emissions/large-facilities.html; https://open.canada.ca/data/en/dataset/a8ba14b7-7f23-462a-bdbb-83b0ef629823,ON-MAIN-1f126a43
GHG-10617-2023-12,2023,Air,NA - GHG,Emission,Waste,tonnes,7.2883,,ON-MAIN-1f126a43,,CMP-6265c407,https://www.canada.ca/en/environment-climate-change/services/environmental-indicators/greenhouse-gas-emissions/large-facilities.html; https://open.canada.ca/data/en/dataset/a8ba14b7-7f23-462a-bdbb-83b0ef629823,ON-MAIN-1f126a43
GHG-10657-2023-16,2023,Air,NA - GHG,Emission,Leakage / Fuites,tonnes,386.96,,QC-MAIN-c1cc9f7c,,CMP-ef8ffade,https://www.canada.ca/en/environment-climate-change/services/environmental-indicators/greenhouse-gas-emissions/large-facilities.html; https://open.canada.ca/data/en/dataset/a8ba14b7-7f23-462a-bdbb-83b0ef629823,QC-MAIN-c1cc9f7c
GHG-10657-2023-17,2023,Air,NA - GHG,Emission,Stationary Fuel Combustion,tonnes,2122.904141,,QC-MAIN-c1cc9f7c,,CMP-ef8ffade,https://www.canada.ca/en/environment-climate-change/services/environmental-indicators/greenhouse-gas-emissions/large-facilities.html; https://open.canada.ca/data/en/dataset/a8ba14b7-7f23-462a-bdbb-83b0ef629823,QC-MAIN-c1cc9f7c
GHG-10657-2023-18,2023,Air,NA - GHG,Emission,Industrial Processes,tonnes,181320.4199,,QC-MAIN-c1cc9f7c,,CMP-ef8ffade,https://www.canada.ca/en/environment-climate-change/services/environmental-indicators/greenhouse-gas-emissions/large-facilities.html; https://open.canada.ca/data/en/dataset/a8ba14b7-7f23-462a-bdbb-83b0ef629823,QC-MAIN-c1cc9f7c
GHG-10657-2023-19,2023,Air,NA - GHG,Emission,On-site Transportation,tonnes,714.202674,,QC-MAIN-c1cc9f7c,,CMP-ef8ffade,https://www.canada.ca/en/environment-climate-change/services/environmental-indicators/greenhouse-gas-emissions/large-facilities.html; https://open.canada.ca/data/en/dataset/a8ba14b7-7f23-462a-bdbb-83b0ef629823,QC-MAIN-c1cc9f7c
GHG-10657-2023-20,2023,Air,NA - GHG,Emission,Wastewater,tonnes,9.2652,,QC-MAIN-c1cc9f7c,,CMP-ef8ffade,https://www.canada.ca/en/environment-climate-change/services/environmental-indicators/greenhouse-gas-emissions/large-facilities.html; https://open.canada.ca/data/en/dataset/a8ba14b7-7f23-462a-bdbb-83b0ef629823,QC-MAIN-c1cc9f7c
GHG-10669-2023-10,2023,Air,NA - GHG,Emission,Stationary Fuel Combustion,tonnes,18204.68965,,QC-MAIN-e7e6a960,,CMP-6265c407,https://www.canada.ca/en/environment-climate-change/services/environmental-indicators/greenhouse-gas-emissions/large-facilities.html; https://open.canada.ca/data/en/dataset/a8ba14b7-7f23-462a-bdbb-83b0ef629823,QC-MAIN-e7e6a960
GHG-10669-2023-11,2023,Air,NA - GHG,Emission,Industrial Processes,tonnes,3606.62852,,QC-MAIN-e7e6a960,,CMP-6265c407,https://www.canada.ca/en/environment-climate-change/services/environmental-indicators/greenhouse-gas-emissions/large-facilities.html; https://open.canada.ca/data/en/dataset/a8ba14b7-7f23-462a-bdbb-83b0ef629823,QC-MAIN-e7e6a960
GHG-10669-2023-12,2023,Air,NA - GHG,Emission,On-site Transportation,tonnes,174003.3622,,QC-MAIN-e7e6a960,,CMP-6265c407,https://www.canada.ca/en/environment-climate-change/services/environmental-indicators/greenhouse-gas-emissions/large-facilities.html; https://open.canada.ca/data/en/dataset/a8ba14b7-7f23-462a-bdbb-83b0ef629823,QC-MAIN-e7e6a960
GHG-10678-2023-10,2023,Air,NA - GHG,Emission,Stationary Fuel Combustion,tonnes,35658.7413,,MB-MAIN-b4ca1426,,CMP-a70130b4,https://www.canada.ca/en/environment-climate-change/services/environmental-indicators/greenhouse-gas-emissions/large-facilities.html; https://open.canada.ca/data/en/dataset/a8ba14b7-7f23-462a-bdbb-83b0ef629823,MB-MAIN-b4ca1426
GHG-10678-2023-11,2023,Air,NA - GHG,Emission,Industrial Processes,tonnes,6119.036009,,MB-MAIN-b4ca1426,,CMP-a70130b4,https://www.canada.ca/en/environment-climate-change/services/environmental-indicators/greenhouse-gas-emissions/large-facilities.html; https://open.canada.ca/data/en/dataset/a8ba14b7-7f23-462a-bdbb-83b0ef629823,MB-MAIN-b4ca1426
GHG-10678-2023-12,2023,Air,NA - GHG,Emission,On-site Transportation,tonnes,3479.969536,,MB-MAIN-b4ca1426,,CMP-a70130b4,https://www.canada.ca/en/environment-climate-change/services/environmental-indicators/greenhouse-gas-emissions/large-facilities.html; https://open.canada.ca/data/en/dataset/a8ba14b7-7f23-462a-bdbb-83b0ef629823,MB-MAIN-b4ca1426
GHG-10679-2023-7,2023,Air,NA - GHG,Emission,Stationary Fuel Combustion,tonnes,9873.214202,,BC-MAIN-6b4800fe,,CMP-e35f138c,https://www.canada.ca/en/environment-climate-change/services/environmental-indicators/greenhouse-gas-emissions/large-facilities.html; https://open.canada.ca/data/en/dataset/a8ba14b7-7f23-462a-bdbb-83b0ef629823,BC-MAIN-6b4800fe
GHG-10679-2023-8,2023,Air,NA - GHG,Emission,On-site Transportation,tonnes,119639.6699,,BC-MAIN-6b4800fe,,CMP-e35f138c,https://www.canada.ca/en/environment-climate-change/services/environmental-indicators/greenhouse-gas-emissions/large-facilities.html; https://open.canada.ca/data/en/dataset/a8ba14b7-7f23-462a-bdbb-83b0ef629823,BC-MAIN-6b4800fe
GHG-10722-2023-10,2023,Air,NA - GHG,Emission,Stationary Fuel Combustion,tonnes,12717.207,,QC-MAIN-089f3c60,,CMP-c08ac7d7,https://www.canada.ca/en/environment-climate-change/services/environmental-indicators/greenhouse-gas-emissions/large-facilities.html; https://open.canada.ca/data/en/dataset/a8ba14b7-7f23-462a-bdbb-83b0ef629823,QC-MAIN-089f3c60
GHG-10722-2023-11,2023,Air,NA - GHG,Emission,Industrial Processes,tonnes,6351.50483,,QC-MAIN-089f3c60,,CMP-c08ac7d7,https://www.canada.ca/en/environment-climate-change/services/environmental-indicators/greenhouse-gas-emissions/large-facilities.html; https://open.canada.ca/data/en/dataset/a8ba14b7-7f23-462a-bdbb-83b0ef629823,QC-MAIN-089f3c60
GHG-10722-2023-12,2023,Air,NA - GHG,Emission,On-site Transportation,tonnes,100086.4226,,QC-MAIN-089f3c60,,CMP-c08ac7d7,https://www.canada.ca/en/environment-climate-change/services/environmental-indicators/greenhouse-gas-emissions/large-facilities.html; https://open.canada.ca/data/en/dataset/a8ba14b7-7f23-462a-bdbb-83b0ef629823,QC-MAIN-089f3c60
GHG-10738-2023-7,2023,Air,NA - GHG,Emission,Stationary Fuel Combustion,tonnes,14701.06741,,ON-MAIN-bddeaef0,,CMP-a70130b4,https://www.canada.ca/en/environment-climate-change/services/environmental-indicators/greenhouse-gas-emissions/large-facilities.html; https://open.canada.ca/data/en/dataset/a8ba14b7-7f23-462a-bdbb-83b0ef629823,ON-MAIN-bddeaef0
GHG-10738-2023-8,2023,Air,NA - GHG,Emission,On-site Transportation,tonnes,82.1274,,ON-MAIN-bddeaef0,,CMP-a70130b4,https://www.canada.ca/en/environment-climate-change/services/environmental-indicators/greenhouse-gas-emissions/large-facilities.html; https://open.canada.ca/data/en/dataset/a8ba14b7-7f23-462a-bdbb-83b0ef629823,ON-MAIN-bddeaef0
GHG-10765-2023-13,2023,Air,NA - GHG,Emission,Stationary Fuel Combustion,tonnes,11922.52427,,ON-MAIN-aeafbb59,,CMP-6265c407,https://www.canada.ca/en/environment-climate-change/services/environmental-indicators/greenhouse-gas-emissions/large-facilities.html; https://open.canada.ca/data/en/dataset/a8ba14b7-7f23-462a-bdbb-83b0ef629823,ON-MAIN-aeafbb59
GHG-10765-2023-14,2023,Air,NA - GHG,Emission,On-site Transportation,tonnes,278816.6909,,ON-MAIN-aeafbb59,,CMP-6265c407,https://www.canada.ca/en/environment-climate-change/services/environmental-indicators/greenhouse-gas-emissions/large-facilities.html; https://open.canada.ca/data/en/dataset/a8ba14b7-7f23-462a-bdbb-83b0ef629823,ON-MAIN-aeafbb59
GHG-10765-2023-15,2023,Air,NA - GHG,Emission,Waste,tonnes,3869.10245,,ON-MAIN-aeafbb59,,CMP-6265c407,https://www.canada.ca/en/environment-climate-change/services/environmental-indicators/greenhouse-gas-emissions/large-facilities.html; https://open.canada.ca/data/en/dataset/a8ba14b7-7f23-462a-bdbb-83b0ef629823,ON-MAIN-aeafbb59
GHG-10765-2023-16,2023,Air,NA - GHG,Emission,Wastewater,tonnes,0.0795,,ON-MAIN-aeafbb59,,CMP-6265c407,https://www.canada.ca/en/environment-climate-change/services/environmental-indicators/greenhouse-gas-emissions/large-facilities.html; https://open.canada.ca/data/en/dataset/a8ba14b7-7f23-462a-bdbb-83b0ef629823,ON-MAIN-aeafbb59
GHG-10785-2023-4,2023,Air,NA - GHG,Emission,Stationary Fuel Combustion,tonnes,34048.0483,,BC-MAIN-23155c25,,CMP-05423572,https://www.canada.ca/en/environment-climate-change/services/environmental-indicators/greenhouse-gas-emissions/large-facilities.html; https://open.canada.ca/data/en/dataset/a8ba14b7-7f23-462a-bdbb-83b0ef629823,BC-MAIN-23155c25
GHG-10810-2023-10,2023,Air,NA - GHG,Emission,Stationary Fuel Combustion,tonnes,20858.95,,NL-MAIN-d9036091,,CMP-9617aef4,https://www.canada.ca/en/environment-climate-change/services/environmental-indicators/greenhouse-gas-emissions/large-facilities.html; https://open.canada.ca/data/en/dataset/a8ba14b7-7f23-462a-bdbb-83b0ef629823,NL-MAIN-d9036091
GHG-10810-2023-11,2023,Air,NA - GHG,Emission,Industrial Processes,tonnes,17394.0,,NL-MAIN-d9036091,,CMP-9617aef4,https://www.canada.ca/en/environment-climate-change/services/environmental-indicators/greenhouse-gas-emissions/large-facilities.html; https://open.canada.ca/data/en/dataset/a8ba14b7-7f23-462a-bdbb-83b0ef629823,NL-MAIN-d9036091
GHG-10810-2023-12,2023,Air,NA - GHG,Emission,On-site Transportation,tonnes,2784.71,,NL-MAIN-d9036091,,CMP-9617aef4,https://www.canada.ca/en/environment-climate-change/services/environmental-indicators/greenhouse-gas-emissions/large-facilities.html; https://open.canada.ca/data/en/dataset/a8ba14b7-7f23-462a-bdbb-83b0ef629823,NL-MAIN-d9036091
GHG-10835-2023-13,2023,Air,NA - GHG,Emission,Stationary Fuel Combustion,tonnes,23746.85678,,NU-MAIN-5154702a,,CMP-336d5ebc,https://www.canada.ca/en/environment-climate-change/services/environmental-indicators/greenhouse-gas-emissions/large-facilities.html; https://open.canada.ca/data/en/dataset/a8ba14b7-7f23-462a-bdbb-83b0ef629823,NU-MAIN-5154702a
GHG-10835-2023-14,2023,Air,NA - GHG,Emission,On-site Transportation,tonnes,66307.55487,,NU-MAIN-5154702a,,CMP-336d5ebc,https://www.canada.ca/en/environment-climate-change/services/environmental-indicators/greenhouse-gas-emissions/large-facilities.html; https://open.canada.ca/data/en/dataset/a8ba14b7-7f23-462a-bdbb-83b0ef629823,NU-MAIN-5154702a
GHG-10835-2023-15,2023,Air,NA - GHG,Emission,Waste,tonnes,54.29224,,NU-MAIN-5154702a,,CMP-336d5ebc,https://www.canada.ca/en/environment-climate-change/services/environmental-indicators/greenhouse-gas-emissions/large-facilities.html; https://open.canada.ca/data/en/dataset/a8ba14b7-7f23-462a-bdbb-83b0ef629823,NU-MAIN-5154702a
GHG-10835-2023-16,2023,Air,NA - GHG,Emission,Wastewater,tonnes,0.315045,,NU-MAIN-5154702a,,CMP-336d5ebc,https://www.canada.ca/en/environment-climate-change/services/environmental-indicators/greenhouse-gas-emissions/large-facilities.html; https://open.canada.ca/data/en/dataset/a8ba14b7-7f23-462a-bdbb-83b0ef629823,NU-MAIN-5154702a
GHG-10857-2023-7,2023,Air,NA - GHG,Emission,Stationary Fuel Combustion,tonnes,9309.383,,ON-MAIN-6e9be24e,,CMP-84fc7d46,https://www.canada.ca/en/environment-climate-change/services/environmental-indicators/greenhouse-gas-emissions/large-facilities.html; https://open.canada.ca/data/en/dataset/a8ba14b7-7f23-462a-bdbb-83b0ef629823,ON-MAIN-6e9be24e
GHG-10857-2023-8,2023,Air,NA - GHG,Emission,On-site Transportation,tonnes,9938.8874,,ON-MAIN-6e9be24e,,CMP-84fc7d46,https://www.canada.ca/en/environment-climate-change/services/environmental-indicators/greenhouse-gas-emissions/large-facilities.html; https://open.canada.ca/data/en/dataset/a8ba14b7-7f23-462a-bdbb-83b0ef629823,ON-MAIN-6e9be24e
GHG-10863-2023-13,2023,Air,NA - GHG,Emission,Stationary Fuel Combustion,tonnes,96422.14614,,NU-MAIN-8b0264c9,,CMP-6265c407,https://www.canada.ca/en/environment-climate-change/services/environmental-indicators/greenhouse-gas-emissions/large-facilities.html; https://open.canada.ca/data/en/dataset/a8ba14b7-7f23-462a-bdbb-83b0ef629823,NU-MAIN-8b0264c9
GHG-10863-2023-14,2023,Air,NA - GHG,Emission,Industrial Processes,tonnes,47.3213,,NU-MAIN-8b0264c9,,CMP-6265c407,https://www.canada.ca/en/environment-climate-change/services/environmental-indicators/greenhouse-gas-emissions/large-facilities.html; https://open.canada.ca/data/en/dataset/a8ba14b7-7f23-462a-bdbb-83b0ef629823,NU-MAIN-8b0264c9
GHG-10863-2023-15,2023,Air,NA - GHG,Emission,On-site Transportation,tonnes,38083.61465,,NU-MAIN-8b0264c9,,CMP-6265c407,https://www.canada.ca/en/environment-climate-change/services/environmental-indicators/greenhouse-gas-emissions/large-facilities.html; https://open.canada.ca/data/en/dataset/a8ba14b7-7f23-462a-bdbb-83b0ef629823,NU-MAIN-8b0264c9
GHG-10863-2023-16,2023,Air,NA - GHG,Emission,Waste,tonnes,3574.82699,,NU-MAIN-8b0264c9,,CMP-6265c407,https://www.canada.ca/en/environment-climate-change/services/environmental-indicators/greenhouse-gas-emissions/large-facilities.html; https://open.canada.ca/data/en/dataset/a8ba14b7-7f23-462a-bdbb-83b0ef629823,NU-MAIN-8b0264c9
GHG-10873-2023-10,2023,Air,NA - GHG,Emission,Stationary Fuel Combustion,tonnes,9516.069,,BC-MAIN-857b7b89,,CMP-4a434d72,https://www.canada.ca/en/environment-climate-change/services/environmental-indicators/greenhouse-gas-emissions/large-facilities.html; https://open.canada.ca/data/en/dataset/a8ba14b7-7f23-462a-bdbb-83b0ef629823,BC-MAIN-857b7b89
GHG-10873-2023-11,2023,Air,NA - GHG,Emission,On-site Transportation,tonnes,17816.738,,BC-MAIN-857b7b89,,CMP-4a434d72,https://www.canada.ca/en/environment-climate-change/services/environmental-indicators/greenhouse-gas-emissions/large-facilities.html; https://open.canada.ca/data/en/dataset/a8ba14b7-7f23-462a-bdbb-83b0ef629823,BC-MAIN-857b7b89
GHG-10873-2023-12,2023,Air,NA - GHG,Emission,Wastewater,tonnes,2.81695,,BC-MAIN-857b7b89,,CMP-4a434d72,https://www.canada.ca/en/environment-climate-change/services/environmental-indicators/greenhouse-gas-emissions/large-facilities.html; https://open.canada.ca/data/en/dataset/a8ba14b7-7f23-462a-bdbb-83b0ef629823,BC-MAIN-857b7b89
GHG-10904-2023-7,2023,Air,NA - GHG,Emission,Stationary Fuel Combustion,tonnes,3321.848,,QC-MAIN-b86f7d07,,CMP-7e360a1f,https://www.canada.ca/en/environment-climate-change/services/environmental-indicators/greenhouse-gas-emissions/large-facilities.html; https://open.canada.ca/data/en/dataset/a8ba14b7-7f23-462a-bdbb-83b0ef629823,QC-MAIN-b86f7d07
GHG-10904-2023-8,2023,Air,NA - GHG,Emission,On-site Transportation,tonnes,30085.81,,QC-MAIN-b86f7d07,,CMP-7e360a1f,https://www.canada.ca/en/environment-climate-change/services/environmental-indicators/greenhouse-gas-emissions/large-facilities.html; https://open.canada.ca/data/en/dataset/a8ba14b7-7f23-462a-bdbb-83b0ef629823,QC-MAIN-b86f7d07
GHG-10907-2023-7,2023,Air,NA - GHG,Emission,Stationary Fuel Combustion,tonnes,6551.266,,QC-MAIN-a555d9b9,,CMP-f0009ac4,https://www.canada.ca/en/environment-climate-change/services/environmental-indicators/greenhouse-gas-emissions/large-facilities.html; https://open.canada.ca/data/en/dataset/a8ba14b7-7f23-462a-bdbb-83b0ef629823,QC-MAIN-a555d9b9
GHG-10907-2023-8,2023,Air,NA - GHG,Emission,On-site Transportation,tonnes,5925.675,,QC-MAIN-a555d9b9,,CMP-f0009ac4,https://www.canada.ca/en/environment-climate-change/services/environmental-indicators/greenhouse-gas-emissions/large-facilities.html; https://open.canada.ca/data/en/dataset/a8ba14b7-7f23-462a-bdbb-83b0ef629823,QC-MAIN-a555d9b9
GHG-10911-2023-7,2023,Air,NA - GHG,Emission,Stationary Fuel Combustion,tonnes,3126.264,,QC-MAIN-02884fb5,,CMP-3d0a95b7,https://www.canada.ca/en/environment-climate-change/services/environmental-indicators/greenhouse-gas-emissions/large-facilities.html; https://open.canada.ca/data/en/dataset/a8ba14b7-7f23-462a-bdbb-83b0ef629823,QC-MAIN-02884fb5
GHG-10911-2023-8,2023,Air,NA - GHG,Emission,On-site Transportation,tonnes,13291.502,,QC-MAIN-02884fb5,,CMP-3d0a95b7,https://www.canada.ca/en/environment-climate-change/services/environmental-indicators/greenhouse-gas-emissions/large-facilities.html; https://open.canada.ca/data/en/dataset/a8ba14b7-7f23-462a-bdbb-83b0ef629823,QC-MAIN-02884fb5
GHG-10917-2023-13,2023,Air,NA - GHG,Emission,Stationary Fuel Combustion,tonnes,4486.835,,ON-MAIN-687b8c8d,,CMP-3a4ccc7f,https://www.canada.ca/en/environment-climate-change/services/environmental-indicators/greenhouse-gas-emissions/large-facilities.html; https://open.canada.ca/data/en/dataset/a8ba14b7-7f23-462a-bdbb-83b0ef629823,ON-MAIN-687b8c8d
GHG-10917-2023-14,2023,Air,NA - GHG,Emission,Industrial Processes,tonnes,28.6,,ON-MAIN-687b8c8d,,CMP-3a4ccc7f,https://www.canada.ca/en/environment-climate-change/services/environmental-indicators/greenhouse-gas-emissions/large-facilities.html; https://open.canada.ca/data/en/dataset/a8ba14b7-7f23-462a-bdbb-83b0ef629823,ON-MAIN-687b8c8d
GHG-10917-2023-15,2023,Air,NA - GHG,Emission,On-site Transportation,tonnes,15582.762,,ON-MAIN-687b8c8d,,CMP-3a4ccc7f,https://www.canada.ca/en/environment-climate-change/services/environmental-indicators/greenhouse-gas-emissions/large-facilities.html; https://open.canada.ca/data/en/dataset/a8ba14b7-7f23-462a-bdbb-83b0ef629823,ON-MAIN-687b8c8d
GHG-10917-2023-16,2023,Air,NA - GHG,Emission,Waste,tonnes,9.768,,ON-MAIN-687b8c8d,,CMP-3a4ccc7f,https://www.canada.ca/en/environment-climate-change/services/environmental-indicators/greenhouse-gas-emissions/large-facilities.html; https://open.canada.ca/data/en/dataset/a8ba14b7-7f23-462a-bdbb-83b0ef629823,ON-MAIN-687b8c8d
GHG-10924-2023-10,2023,Air,NA - GHG,Emission,Stationary Fuel Combustion,tonnes,10611.876,,ON-MAIN-3b3e5365,,CMP-4a434d72,https://www.canada.ca/en/environment-climate-change/services/environmental-indicators/greenhouse-gas-emissions/large-facilities.html; https://open.canada.ca/data/en/dataset/a8ba14b7-7f23-462a-bdbb-83b0ef629823,ON-MAIN-3b3e5365
GHG-10924-2023-11,2023,Air,NA - GHG,Emission,Industrial Processes,tonnes,17.485,,ON-MAIN-3b3e5365,,CMP-4a434d72,https://www.canada.ca/en/environment-climate-change/services/environmental-indicators/greenhouse-gas-emissions/large-facilities.html; https://open.canada.ca/data/en/dataset/a8ba14b7-7f23-462a-bdbb-83b0ef629823,ON-MAIN-3b3e5365
GHG-10924-2023-12,2023,Air,NA - GHG,Emission,On-site Transportation,tonnes,43153.4005,,ON-MAIN-3b3e5365,,CMP-4a434d72,https://www.canada.ca/en/environment-climate-change/services/environmental-indicators/greenhouse-gas-emissions/large-facilities.html; https://open.canada.ca/data/en/dataset/a8ba14b7-7f23-462a-bdbb-83b0ef629823,ON-MAIN-3b3e5365
GHG-10926-2023-7,2023,Air,NA - GHG,Emission,Stationary Fuel Combustion,tonnes,19038.309,,ON-MAIN-a3c56a83,,CMP-967076a1,https://www.canada.ca/en/environment-climate-change/services/environmental-indicators/greenhouse-gas-emissions/large-facilities.html; https://open.canada.ca/data/en/dataset/a8ba14b7-7f23-462a-bdbb-83b0ef629823,ON-MAIN-a3c56a83
GHG-10926-2023-8,2023,Air,NA - GHG,Emission,On-site Transportation,tonnes,37069.073,,ON-MAIN-a3c56a83,,CMP-967076a1,https://www.canada.ca/en/environment-climate-change/services/environmental-indicators/greenhouse-gas-emissions/large-facilities.html; https://open.canada.ca/data/en/dataset/a8ba14b7-7f23-462a-bdbb-83b0ef629823,ON-MAIN-a3c56a83
GHG-11368-2023-10,2023,Air,NA - GHG,Emission,Stationary Fuel Combustion,tonnes,14248.1696,,ON-MAIN-387b06fe,,CMP-a72e0313,https://www.canada.ca/en/environment-climate-change/services/environmental-indicators/greenhouse-gas-emissions/large-facilities.html; https://open.canada.ca/data/en/dataset/a8ba14b7-7f23-462a-bdbb-83b0ef629823,ON-MAIN-387b06fe
GHG-11368-2023-11,2023,Air,NA - GHG,Emission,Industrial Processes,tonnes,4137.5184,,ON-MAIN-387b06fe,,CMP-a72e0313,https://www.canada.ca/en/environment-climate-change/services/environmental-indicators/greenhouse-gas-emissions/large-facilities.html; https://open.canada.ca/data/en/dataset/a8ba14b7-7f23-462a-bdbb-83b0ef629823,ON-MAIN-387b06fe
GHG-11368-2023-12,2023,Air,NA - GHG,Emission,On-site Transportation,tonnes,517.6258,,ON-MAIN-387b06fe,,CMP-a72e0313,https://www.canada.ca/en/environment-climate-change/services/environmental-indicators/greenhouse-gas-emissions/large-facilities.html; https://open.canada.ca/data/en/dataset/a8ba14b7-7f23-462a-bdbb-83b0ef629823,ON-MAIN-387b06fe
GHG-11375-2023-7,2023,Air,NA - GHG,Emission,Stationary Fuel Combustion,tonnes,11997.681,,ON-MAIN-7607a50e,,CMP-3a4ccc7f,https://www.canada.ca/en/environment-climate-change/services/environmental-indicators/greenhouse-gas-emissions/large-facilities.html; https://open.canada.ca/data/en/dataset/a8ba14b7-7f23-462a-bdbb-83b0ef629823,ON-MAIN-7607a50e
GHG-11375-2023-8,2023,Air,NA - GHG,Emission,On-site Transportation,tonnes,9637.076,,ON-MAIN-7607a50e,,CMP-3a4ccc7f,https://www.canada.ca/en/environment-climate-change/services/environmental-indicators/greenhouse-gas-emissions/large-facilities.html; https://open.canada.ca/data/en/dataset/a8ba14b7-7f23-462a-bdbb-83b0ef629823,ON-MAIN-7607a50e
GHG-11382-2023-10,2023,Air,NA - GHG,Emission,Stationary Fuel Combustion,tonnes,97714.08501,,QC-MAIN-5ce331b8,,CMP-d87d1101,https://www.canada.ca/en/environment-climate-change/services/environmental-indicators/greenhouse-gas-emissions/large-facilities.html; https://open.canada.ca/data/en/dataset/a8ba14b7-7f23-462a-bdbb-83b0ef629823,QC-MAIN-5ce331b8
GHG-11382-2023-11,2023,Air,NA - GHG,Emission,Industrial Processes,tonnes,57.088425,,QC-MAIN-5ce331b8,,CMP-d87d1101,https://www.canada.ca/en/environment-climate-change/services/environmental-indicators/greenhouse-gas-emissions/large-facilities.html; https://open.canada.ca/data/en/dataset/a8ba14b7-7f23-462a-bdbb-83b0ef629823,QC-MAIN-5ce331b8
GHG-11382-2023-12,2023,Air,NA - GHG,Emission,On-site Transportation,tonnes,36488.9626,,QC-MAIN-5ce331b8,,CMP-d87d1101,https://www.canada.ca/en/environment-climate-change/services/environmental-indicators/greenhouse-gas-emissions/large-facilities.html; https://open.canada.ca/data/en/dataset/a8ba14b7-7f23-462a-bdbb-83b0ef629823,QC-MAIN-5ce331b8
GHG-11496-2023-10,2023,Air,NA - GHG,Emission,Stationary Fuel Combustion,tonnes,5799.445,,ON-MAIN-0aadf28f,,CMP-d94be190,https://www.canada.ca/en/environment-climate-change/services/environmental-indicators/greenhouse-gas-emissions/large-facilities.html; https://open.canada.ca/data/en/dataset/a8ba14b7-7f23-462a-bdbb-83b0ef629823,ON-MAIN-0aadf28f
GHG-11496-2023-11,2023,Air,NA - GHG,Emission,Industrial Processes,tonnes,2798.0,,ON-MAIN-0aadf28f,,CMP-d94be190,https://www.canada.ca/en/environment-climate-change/services/environmental-indicators/greenhouse-gas-emissions/large-facilities.html; https://open.canada.ca/data/en/dataset/a8ba14b7-7f23-462a-bdbb-83b0ef629823,ON-MAIN-0aadf28f
GHG-11496-2023-12,2023,Air,NA - GHG,Emission,On-site Transportation,tonnes,116396.414,,ON-MAIN-0aadf28f,,CMP-d94be190,https://www.canada.ca/en/environment-climate-change/services/environmental-indicators/greenhouse-gas-emissions/large-facilities.html; https://open.canada.ca/data/en/dataset/a8ba14b7-7f23-462a-bdbb-83b0ef629823,ON-MAIN-0aadf28f
GHG-11723-2023-10,2023,Air,NA - GHG,Emission,Stationary Fuel Combustion,tonnes,10822.8126,,ON-MAIN-2e13aaa0,,CMP-9617aef4,https://www.canada.ca/en/environment-climate-change/services/environmental-indicators/greenhouse-gas-emissions/large-facilities.html; https://open.canada.ca/data/en/dataset/a8ba14b7-7f23-462a-bdbb-83b0ef629823,ON-MAIN-2e13aaa0
GHG-11723-2023-11,2023,Air,NA - GHG,Emission,Industrial Processes,tonnes,2785.33,,ON-MAIN-2e13aaa0,,CMP-9617aef4,https://www.canada.ca/en/environment-climate-change/services/environmental-indicators/greenhouse-gas-emissions/large-facilities.html; https://open.canada.ca/data/en/dataset/a8ba14b7-7f23-462a-bdbb-83b0ef629823,ON-MAIN-2e13aaa0
GHG-11723-2023-12,2023,Air,NA - GHG,Emission,On-site Transportation,tonnes,51.66957,,ON-MAIN-2e13aaa0,,CMP-9617aef4,https://www.canada.ca/en/environment-climate-change/services/environmental-indicators/greenhouse-gas-emissions/large-facilities.html; https://open.canada.ca/data/en/dataset/a8ba14b7-7f23-462a-bdbb-83b0ef629823,ON-MAIN-2e13aaa0
GHG-11736-2023-13,2023,Air,NA - GHG,Emission,Stationary Fuel Combustion,tonnes,4082.6093,,QC-MAIN-dc1a16f9,,CMP-9f967ad1,https://www.canada.ca/en/environment-climate-change/services/environmental-indicators/greenhouse-gas-emissions/large-facilities.html; https://open.canada.ca/data/en/dataset/a8ba14b7-7f23-462a-bdbb-83b0ef629823,QC-MAIN-dc1a16f9
GHG-11736-2023-14,2023,Air,NA - GHG,Emission,On-site Transportation,tonnes,23160.239,,QC-MAIN-dc1a16f9,,CMP-9f967ad1,https://www.canada.ca/en/environment-climate-change/services/environmental-indicators/greenhouse-gas-emissions/large-facilities.html; https://open.canada.ca/data/en/dataset/a8ba14b7-7f23-462a-bdbb-83b0ef629823,QC-MAIN-dc1a16f9
GHG-11736-2023-15,2023,Air,NA - GHG,Emission,Waste,tonnes,3.58,,QC-MAIN-dc1a16f9,,CMP-9f967ad1,https://www.canada.ca/en/environment-climate-change/services/environmental-indicators/greenhouse-gas-emissions/large-facilities.html; https://open.canada.ca/data/en/dataset/a8ba14b7-7f23-462a-bdbb-83b0ef629823,QC-MAIN-dc1a16f9
GHG-11736-2023-16,2023,Air,NA - GHG,Emission,Wastewater,tonnes,1.226,,QC-MAIN-dc1a16f9,,CMP-9f967ad1,https://www.canada.ca/en/environment-climate-change/services/environmental-indicators/greenhouse-gas-emissions/large-facilities.html; https://open.canada.ca/data/en/dataset/a8ba14b7-7f23-462a-bdbb-83b0ef629823,QC-MAIN-dc1a16f9
GHG-11765-2023-7,2023,Air,NA - GHG,Emission,Stationary Fuel Combustion,tonnes,15280.7399,,ON-MAIN-4c35e094,,CMP-3775c12e,https://www.canada.ca/en/environment-climate-change/services/environmental-indicators/greenhouse-gas-emissions/large-facilities.html; https://open.canada.ca/data/en/dataset/a8ba14b7-7f23-462a-bdbb-83b0ef629823,ON-MAIN-4c35e094
GHG-11765-2023-8,2023,Air,NA - GHG,Emission,On-site Transportation,tonnes,315.28475,,ON-MAIN-4c35e094,,CMP-3775c12e,https://www.canada.ca/en/environment-climate-change/services/environmental-indicators/greenhouse-gas-emissions/large-facilities.html; https://open.canada.ca/data/en/dataset/a8ba14b7-7f23-462a-bdbb-83b0ef629823,ON-MAIN-4c35e094
GHG-11770-2023-7,2023,Air,NA - GHG,Emission,Stationary Fuel Combustion,tonnes,4312.32,,QC-MAIN-c0660aec,,CMP-6265c407,https://www.canada.ca/en/environment-climate-change/services/environmental-indicators/greenhouse-gas-emissions/large-facilities.html; https://open.canada.ca/data/en/dataset/a8ba14b7-7f23-462a-bdbb-83b0ef629823,QC-MAIN-c0660aec
GHG-11770-2023-8,2023,Air,NA - GHG,Emission,On-site Transportation,tonnes,9901.786,,QC-MAIN-c0660aec,,CMP-6265c407,https://www.canada.ca/en/environment-climate-change/services/environmental-indicators/greenhouse-gas-emissions/large-facilities.html; https://open.canada.ca/data/en/dataset/a8ba14b7-7f23-462a-bdbb-83b0ef629823,QC-MAIN-c0660aec
GHG-11794-2023-10,2023,Air,NA - GHG,Emission,Stationary Fuel Combustion,tonnes,14923.98884,,QC-MAIN-e51eda66,,CMP-6265c407,https://www.canada.ca/en/environment-climate-change/services/environmental-indicators/greenhouse-gas-emissions/large-facilities.html; https://open.canada.ca/data/en/dataset/a8ba14b7-7f23-462a-bdbb-83b0ef629823,QC-MAIN-e51eda66
GHG-11794-2023-11,2023,Air,NA - GHG,Emission,Industrial Processes,tonnes,678.959321,,QC-MAIN-e51eda66,,CMP-6265c407,https://www.canada.ca/en/environment-climate-change/services/environmental-indicators/greenhouse-gas-emissions/large-facilities.html; https://open.canada.ca/data/en/dataset/a8ba14b7-7f23-462a-bdbb-83b0ef629823,QC-MAIN-e51eda66
GHG-11794-2023-12,2023,Air,NA - GHG,Emission,On-site Transportation,tonnes,29864.24483,,QC-MAIN-e51eda66,,CMP-6265c407,https://www.canada.ca/en/environment-climate-change/services/environmental-indicators/greenhouse-gas-emissions/large-facilities.html; https://open.canada.ca/data/en/dataset/a8ba14b7-7f23-462a-bdbb-83b0ef629823,QC-MAIN-e51eda66
GHG-11804-2023-10,2023,Air,NA - GHG,Emission,Stationary Fuel Combustion,tonnes,10164.827,,QC-MAIN-6dc537e6,,CMP-4a434d72,https://www.canada.ca/en/environment-climate-change/services/environmental-indicators/greenhouse-gas-emissions/large-facilities.html; https://open.canada.ca/data/en/dataset/a8ba14b7-7f23-462a-bdbb-83b0ef629823,QC-MAIN-6dc537e6
GHG-11804-2023-11,2023,Air,NA - GHG,Emission,Industrial Processes,tonnes,381.168,,QC-MAIN-6dc537e6,,CMP-4a434d72,https://www.canada.ca/en/environment-climate-change/services/environmental-indicators/greenhouse-gas-emissions/large-facilities.html; https://open.canada.ca/data/en/dataset/a8ba14b7-7f23-462a-bdbb-83b0ef629823,QC-MAIN-6dc537e6
GHG-11804-2023-12,2023,Air,NA - GHG,Emission,On-site Transportation,tonnes,26699.567,,QC-MAIN-6dc537e6,,CMP-4a434d72,https://www.canada.ca/en/environment-climate-change/services/environmental-indicators/greenhouse-gas-emissions/large-facilities.html; https://open.canada.ca/data/en/dataset/a8ba14b7-7f23-462a-bdbb-83b0ef629823,QC-MAIN-6dc537e6
GHG-11894-2023-10,2023,Air,NA - GHG,Emission,Stationary Fuel Combustion,tonnes,3089.75569,,BC-MAIN-599152a0,,CMP-12afc634,https://www.canada.ca/en/environment-climate-change/services/environmental-indicators/greenhouse-gas-emissions/large-facilities.html; https://open.canada.ca/data/en/dataset/a8ba14b7-7f23-462a-bdbb-83b0ef629823,BC-MAIN-599152a0
GHG-11894-2023-11,2023,Air,NA - GHG,Emission,On-site Transportation,tonnes,67228.886,,BC-MAIN-599152a0,,CMP-12afc634,https://www.canada.ca/en/environment-climate-change/services/environmental-indicators/greenhouse-gas-emissions/large-facilities.html; https://open.canada.ca/data/en/dataset/a8ba14b7-7f23-462a-bdbb-83b0ef629823,BC-MAIN-599152a0
GHG-11894-2023-12,2023,Air,NA - GHG,Emission,Waste,tonnes,82.936,,BC-MAIN-599152a0,,CMP-12afc634,https://www.canada.ca/en/environment-climate-change/services/environmental-indicators/greenhouse-gas-emissions/large-facilities.html; https://open.canada.ca/data/en/dataset/a8ba14b7-7f23-462a-bdbb-83b0ef629823,BC-MAIN-599152a0
GHG-11951-2023-13,2023,Air,NA - GHG,Emission,Stationary Fuel Combustion,tonnes,17155.39047,,ON-MAIN-7f050560,,CMP-ca642bce,https://www.canada.ca/en/environment-climate-change/services/environmental-indicators/greenhouse-gas-emissions/large-facilities.html; https://open.canada.ca/data/en/dataset/a8ba14b7-7f23-462a-bdbb-83b0ef629823,ON-MAIN-7f050560
GHG-11951-2023-14,2023,Air,NA - GHG,Emission,Industrial Processes,tonnes,457.462,,ON-MAIN-7f050560,,CMP-ca642bce,https://www.canada.ca/en/environment-climate-change/services/environmental-indicators/greenhouse-gas-emissions/large-facilities.html; https://open.canada.ca/data/en/dataset/a8ba14b7-7f23-462a-bdbb-83b0ef629823,ON-MAIN-7f050560
GHG-11951-2023-15,2023,Air,NA - GHG,Emission,On-site Transportation,tonnes,9060.244855,,ON-MAIN-7f050560,,CMP-ca642bce,https://www.canada.ca/en/environment-climate-change/services/environmental-indicators/greenhouse-gas-emissions/large-facilities.html; https://open.canada.ca/data/en/dataset/a8ba14b7-7f23-462a-bdbb-83b0ef629823,ON-MAIN-7f050560
GHG-11951-2023-16,2023,Air,NA - GHG,Emission,Waste,tonnes,123.248643,,ON-MAIN-7f050560,,CMP-ca642bce,https://www.canada.ca/en/environment-climate-change/services/environmental-indicators/greenhouse-gas-emissions/large-facilities.html; https://open.canada.ca/data/en/dataset/a8ba14b7-7f23-462a-bdbb-83b0ef629823,ON-MAIN-7f050560
GHG-12304-2023-10,2023,Air,NA - GHG,Emission,Stationary Fuel Combustion,tonnes,4598.213,,ON-MAIN-cb85213a,,CMP-3d2c4955,https://www.canada.ca/en/environment-climate-change/services/environmental-indicators/greenhouse-gas-emissions/large-facilities.html; https://open.canada.ca/data/en/dataset/a8ba14b7-7f23-462a-bdbb-83b0ef629823,ON-MAIN-cb85213a
GHG-12304-2023-11,2023,Air,NA - GHG,Emission,On-site Transportation,tonnes,7805.132,,ON-MAIN-cb85213a,,CMP-3d2c4955,https://www.canada.ca/en/environment-climate-change/services/environmental-indicators/greenhouse-gas-emissions/large-facilities.html; https://open.canada.ca/data/en/dataset/a8ba14b7-7f23-462a-bdbb-83b0ef629823,ON-MAIN-cb85213a
GHG-12304-2023-12,2023,Air,NA - GHG,Emission,Waste,tonnes,0.293,,ON-MAIN-cb85213a,,CMP-3d2c4955,https://www.canada.ca/en/environment-climate-change/services/environmental-indicators/greenhouse-gas-emissions/large-facilities.html; https://open.canada.ca/data/en/dataset/a8ba14b7-7f23-462a-bdbb-83b0ef629823,ON-MAIN-cb85213a
GHG-12459-2023-7,2023,Air,NA - GHG,Emission,Stationary Fuel Combustion,tonnes,10648.81,,YT-MAIN-e05ed9fe,,CMP-661b40f2,https://www.canada.ca/en/environment-climate-change/services/environmental-indicators/greenhouse-gas-emissions/large-facilities.html; https://open.canada.ca/data/en/dataset/a8ba14b7-7f23-462a-bdbb-83b0ef629823,YT-MAIN-e05ed9fe
GHG-12459-2023-8,2023,Air,NA - GHG,Emission,On-site Transportation,tonnes,43094.6251,,YT-MAIN-e05ed9fe,,CMP-661b40f2,https://www.canada.ca/en/environment-climate-change/services/environmental-indicators/greenhouse-gas-emissions/large-facilities.html; https://open.canada.ca/data/en/dataset/a8ba14b7-7f23-462a-bdbb-83b0ef629823,YT-MAIN-e05ed9fe
GHG-12553-2023-7,2023,Air,NA - GHG,Emission,Stationary Fuel Combustion,tonnes,4884.4849,,BC-MAIN-8eb8be0d,,CMP-4a434d72,https://www.canada.ca/en/environment-climate-change/services/environmental-indicators/greenhouse-gas-emissions/large-facilities.html; https://open.canada.ca/data/en/dataset/a8ba14b7-7f23-462a-bdbb-83b0ef629823,BC-MAIN-8eb8be0d
GHG-12553-2023-8,2023,Air,NA - GHG,Emission,On-site Transportation,tonnes,90813.1376,,BC-MAIN-8eb8be0d,,CMP-4a434d72,https://www.canada.ca/en/environment-climate-change/services/environmental-indicators/greenhouse-gas-emissions/large-facilities.html; https://open.canada.ca/data/en/dataset/a8ba14b7-7f23-462a-bdbb-83b0ef629823,BC-MAIN-8eb8be0d
GHG-10011-2023-17,2023,Air,NA - GHG,Emission,Total,tonnes,4292166.215,,ON-MAIN-eab8c362,,CMP-0f9c0b53,https://www.canada.ca/en/environment-climate-change/services/environmental-indicators/greenhouse-gas-emissions/large-facilities.html; https://open.canada.ca/data/en/dataset/a8ba14b7-7f23-462a-bdbb-83b0ef629823,ON-MAIN-eab8c362
GHG-10013-2023-13,2023,Air,NA - GHG,Emission,Total,tonnes,537948.072,,QC-MAIN-52c01ae4,,CMP-140e111b,https://www.canada.ca/en/environment-climate-change/services/environmental-indicators/greenhouse-gas-emissions/large-facilities.html; https://open.canada.ca/data/en/dataset/a8ba14b7-7f23-462a-bdbb-83b0ef629823,QC-MAIN-52c01ae4
GHG-10014-2023-13,2023,Air,NA - GHG,Emission,Total,tonnes,819812.9182,,QC-MAIN-c8966bdc,,CMP-dc21de8a,https://www.canada.ca/en/environment-climate-change/services/environmental-indicators/greenhouse-gas-emissions/large-facilities.html; https://open.canada.ca/data/en/dataset/a8ba14b7-7f23-462a-bdbb-83b0ef629823,QC-MAIN-c8966bdc
GHG-10052-2023-13,2023,Air,NA - GHG,Emission,Total,tonnes,780515.9851,,NL-MAIN-dd723db4,,CMP-2da4630a,https://www.canada.ca/en/environment-climate-change/services/environmental-indicators/greenhouse-gas-emissions/large-facilities.html; https://open.canada.ca/data/en/dataset/a8ba14b7-7f23-462a-bdbb-83b0ef629823,NL-MAIN-dd723db4
GHG-10091-2023-13,2023,Air,NA - GHG,Emission,Total,tonnes,4168283.508,,ON-MAIN-4c35e094,,CMP-3775c12e,https://www.canada.ca/en/environment-climate-change/services/environmental-indicators/greenhouse-gas-emissions/large-facilities.html; https://open.canada.ca/data/en/dataset/a8ba14b7-7f23-462a-bdbb-83b0ef629823,ON-MAIN-4c35e094
GHG-10103-2023-13,2023,Air,NA - GHG,Emission,Total,tonnes,115961.1415,,QC-MAIN-5398dfac,,CMP-89ae3b2b,https://www.canada.ca/en/environment-climate-change/services/environmental-indicators/greenhouse-gas-emissions/large-facilities.html; https://open.canada.ca/data/en/dataset/a8ba14b7-7f23-462a-bdbb-83b0ef629823,QC-MAIN-5398dfac
GHG-10119-2023-21,2023,Air,NA - GHG,Emission,Total,tonnes,305172.3589,,AB-MAIN-d3a4aba9,,CMP-2ef1f553,https://www.canada.ca/en/environment-climate-change/services/environmental-indicators/greenhouse-gas-emissions/large-facilities.html; https://open.canada.ca/data/en/dataset/a8ba14b7-7f23-462a-bdbb-83b0ef629823,AB-MAIN-d3a4aba9
GHG-10128-2023-13,2023,Air,NA - GHG,Emission,Total,tonnes,97157.44202,,ON-MAIN-21b6ab35,,CMP-a70130b4,https://www.canada.ca/en/environment-climate-change/services/environmental-indicators/greenhouse-gas-emissions/large-facilities.html; https://open.canada.ca/data/en/dataset/a8ba14b7-7f23-462a-bdbb-83b0ef629823,ON-MAIN-21b6ab35
GHG-10150-2023-13,2023,Air,NA - GHG,Emission,Total,tonnes,213766.6593,,SK-MAIN-26b9aaf3,,CMP-28720916,https://www.canada.ca/en/environment-climate-change/services/environmental-indicators/greenhouse-gas-emissions/large-facilities.html; https://open.canada.ca/data/en/dataset/a8ba14b7-7f23-462a-bdbb-83b0ef629823,SK-MAIN-26b9aaf3
GHG-10164-2023-9,2023,Air,NA - GHG,Emission,Total,tonnes,29332.54573,,ON-MAIN-f8313ebd,,CMP-d5f1c66b,https://www.canada.ca/en/environment-climate-change/services/environmental-indicators/greenhouse-gas-emissions/large-facilities.html; https://open.canada.ca/data/en/dataset/a8ba14b7-7f23-462a-bdbb-83b0ef629823,ON-MAIN-f8313ebd
GHG-10240-2023-21,2023,Air,NA - GHG,Emission,Total,tonnes,157995.2209,,QC-MAIN-a97821c0,,CMP-d5f1c66b,https://www.canada.ca/en/environment-climate-change/services/environmental-indicators/greenhouse-gas-emissions/large-facilities.html; https://open.canada.ca/data/en/dataset/a8ba14b7-7f23-462a-bdbb-83b0ef629823,QC-MAIN-a97821c0
GHG-10275-2023-25,2023,Air,NA - GHG,Emission,Total,tonnes,254753.7319,,ON-MAIN-020a683c,,CMP-75ff8886,https://www.canada.ca/en/environment-climate-change/services/environmental-indicators/greenhouse-gas-emissions/large-facilities.html; https://open.canada.ca/data/en/dataset/a8ba14b7-7f23-462a-bdbb-83b0ef629823,ON-MAIN-020a683c
GHG-10276-2023-17,2023,Air,NA - GHG,Emission,Total,tonnes,3781721.031,,ON-MAIN-b2e5c9bb,,CMP-75ff8886,https://www.canada.ca/en/environment-climate-change/services/environmental-indicators/greenhouse-gas-emissions/large-facilities.html; https://open.canada.ca/data/en/dataset/a8ba14b7-7f23-462a-bdbb-83b0ef629823,ON-MAIN-b2e5c9bb
GHG-10289-2023-17,2023,Air,NA - GHG,Emission,Total,tonnes,372859.4441,,BC-MAIN-3bb6b7cd,,CMP-06e20c6e,https://www.canada.ca/en/environment-climate-change/services/environmental-indicators/greenhouse-gas-emissions/large-facilities.html; https://open.canada.ca/data/en/dataset/a8ba14b7-7f23-462a-bdbb-83b0ef629823,BC-MAIN-3bb6b7cd
GHG-10300-2023-13,2023,Air,NA - GHG,Emission,Total,tonnes,517537.0838,,QC-MAIN-eac5a52b,,CMP-140e111b,https://www.canada.ca/en/environment-climate-change/services/environmental-indicators/greenhouse-gas-emissions/large-facilities.html; https://open.canada.ca/data/en/dataset/a8ba14b7-7f23-462a-bdbb-83b0ef629823,QC-MAIN-eac5a52b
GHG-10350-2023-13,2023,Air,NA - GHG,Emission,Total,tonnes,110503.4497,,NL-MAIN-b64bae7a,,CMP-8a99044e,https://www.canada.ca/en/environment-climate-change/services/environmental-indicators/greenhouse-gas-emissions/large-facilities.html; https://open.canada.ca/data/en/dataset/a8ba14b7-7f23-462a-bdbb-83b0ef629823,NL-MAIN-b64bae7a
GHG-10385-2023-9,2023,Air,NA - GHG,Emission,Total,tonnes,184183.4542,,BC-MAIN-bf503b6b,,CMP-06e20c6e,https://www.canada.ca/en/environment-climate-change/services/environmental-indicators/greenhouse-gas-emissions/large-facilities.html; https://open.canada.ca/data/en/dataset/a8ba14b7-7f23-462a-bdbb-83b0ef629823,BC-MAIN-bf503b6b
GHG-10420-2023-13,2023,Air,NA - GHG,Emission,Total,tonnes,80748.09325,,AB-MAIN-9fed34a8,,CMP-c6e8351c,https://www.canada.ca/en/environment-climate-change/services/environmental-indicators/greenhouse-gas-emissions/large-facilities.html; https://open.canada.ca/data/en/dataset/a8ba14b7-7f23-462a-bdbb-83b0ef629823,AB-MAIN-9fed34a8
GHG-10468-2023-17,2023,Air,NA - GHG,Emission,Total,tonnes,36874.77401,,ON-MAIN-fefeaee4,,CMP-4a434d72,https://www.canada.ca/en/environment-climate-change/services/environmental-indicators/greenhouse-gas-emissions/large-facilities.html; https://open.canada.ca/data/en/dataset/a8ba14b7-7f23-462a-bdbb-83b0ef629823,ON-MAIN-fefeaee4
GHG-10569-2023-13,2023,Air,NA - GHG,Emission,Total,tonnes,18826.37292,,MB-MAIN-e0a6250e,,CMP-9617aef4,https://www.canada.ca/en/environment-climate-change/services/environmental-indicators/greenhouse-gas-emissions/large-facilities.html; https://open.canada.ca/data/en/dataset/a8ba14b7-7f23-462a-bdbb-83b0ef629823,MB-MAIN-e0a6250e
GHG-10570-2023-9,2023,Air,NA - GHG,Emission,Total,tonnes,173788.2653,,NL-MAIN-2d8801d6,,CMP-9617aef4,https://www.canada.ca/en/environment-climate-change/services/environmental-indicators/greenhouse-gas-emissions/large-facilities.html; https://open.canada.ca/data/en/dataset/a8ba14b7-7f23-462a-bdbb-83b0ef629823,NL-MAIN-2d8801d6
GHG-10613-2023-9,2023,Air,NA - GHG,Emission,Total,tonnes,49468.6862,,BC-MAIN-3f490561,,CMP-0dfcd91e,https://www.canada.ca/en/environment-climate-change/services/environmental-indicators/greenhouse-gas-emissions/large-facilities.html; https://open.canada.ca/data/en/dataset/a8ba14b7-7f23-462a-bdbb-83b0ef629823,BC-MAIN-3f490561
GHG-10614-2023-13,2023,Air,NA - GHG,Emission,Total,tonnes,106687.0727,,ON-MAIN-fc6f1a44,,CMP-a27e87a3,https://www.canada.ca/en/environment-climate-change/services/environmental-indicators/greenhouse-gas-emissions/large-facilities.html; https://open.canada.ca/data/en/dataset/a8ba14b7-7f23-462a-bdbb-83b0ef629823,ON-MAIN-fc6f1a44
GHG-10617-2023-13,2023,Air,NA - GHG,Emission,Total,tonnes,25315.8782,,ON-MAIN-1f126a43,,CMP-6265c407,https://www.canada.ca/en/environment-climate-change/services/environmental-indicators/greenhouse-gas-emissions/large-facilities.html; https://open.canada.ca/data/en/dataset/a8ba14b7-7f23-462a-bdbb-83b0ef629823,ON-MAIN-1f126a43
GHG-10657-2023-21,2023,Air,NA - GHG,Emission,Total,tonnes,184553.7519,,QC-MAIN-c1cc9f7c,,CMP-ef8ffade,https://www.canada.ca/en/environment-climate-change/services/environmental-indicators/greenhouse-gas-emissions/large-facilities.html; https://open.canada.ca/data/en/dataset/a8ba14b7-7f23-462a-bdbb-83b0ef629823,QC-MAIN-c1cc9f7c
GHG-10669-2023-13,2023,Air,NA - GHG,Emission,Total,tonnes,195814.6804,,QC-MAIN-e7e6a960,,CMP-6265c407,https://www.canada.ca/en/environment-climate-change/services/environmental-indicators/greenhouse-gas-emissions/large-facilities.html; https://open.canada.ca/data/en/dataset/a8ba14b7-7f23-462a-bdbb-83b0ef629823,QC-MAIN-e7e6a960
GHG-10678-2023-13,2023,Air,NA - GHG,Emission,Total,tonnes,45257.74685,,MB-MAIN-b4ca1426,,CMP-a70130b4,https://www.canada.ca/en/environment-climate-change/services/environmental-indicators/greenhouse-gas-emissions/large-facilities.html; https://open.canada.ca/data/en/dataset/a8ba14b7-7f23-462a-bdbb-83b0ef629823,MB-MAIN-b4ca1426
GHG-10679-2023-9,2023,Air,NA - GHG,Emission,Total,tonnes,129512.8841,,BC-MAIN-6b4800fe,,CMP-e35f138c,https://www.canada.ca/en/environment-climate-change/services/environmental-indicators/greenhouse-gas-emissions/large-facilities.html; https://open.canada.ca/data/en/dataset/a8ba14b7-7f23-462a-bdbb-83b0ef629823,BC-MAIN-6b4800fe
GHG-10722-2023-13,2023,Air,NA - GHG,Emission,Total,tonnes,119155.1344,,QC-MAIN-089f3c60,,CMP-c08ac7d7,https://www.canada.ca/en/environment-climate-change/services/environmental-indicators/greenhouse-gas-emissions/large-facilities.html; https://open.canada.ca/data/en/dataset/a8ba14b7-7f23-462a-bdbb-83b0ef629823,QC-MAIN-089f3c60
GHG-10738-2023-9,2023,Air,NA - GHG,Emission,Total,tonnes,14783.19481,,ON-MAIN-bddeaef0,,CMP-a70130b4,https://www.canada.ca/en/environment-climate-change/services/environmental-indicators/greenhouse-gas-emissions/large-facilities.html; https://open.canada.ca/data/en/dataset/a8ba14b7-7f23-462a-bdbb-83b0ef629823,ON-MAIN-bddeaef0
GHG-10765-2023-17,2023,Air,NA - GHG,Emission,Total,tonnes,294608.3971,,ON-MAIN-aeafbb59,,CMP-6265c407,https://www.canada.ca/en/environment-climate-change/services/environmental-indicators/greenhouse-gas-emissions/large-facilities.html; https://open.canada.ca/data/en/dataset/a8ba14b7-7f23-462a-bdbb-83b0ef629823,ON-MAIN-aeafbb59
GHG-10785-2023-5,2023,Air,NA - GHG,Emission,Total,tonnes,34048.0483,,BC-MAIN-23155c25,,CMP-05423572,https://www.canada.ca/en/environment-climate-change/services/environmental-indicators/greenhouse-gas-emissions/large-facilities.html; https://open.canada.ca/data/en/dataset/a8ba14b7-7f23-462a-bdbb-83b0ef629823,BC-MAIN-23155c25
GHG-10810-2023-13,2023,Air,NA - GHG,Emission,Total,tonnes,41037.66,,NL-MAIN-d9036091,,CMP-9617aef4,https://www.canada.ca/en/environment-climate-change/services/environmental-indicators/greenhouse-gas-emissions/large-facilities.html; https://open.canada.ca/data/en/dataset/a8ba14b7-7f23-462a-bdbb-83b0ef629823,NL-MAIN-d9036091
GHG-10835-2023-17,2023,Air,NA - GHG,Emission,Total,tonnes,90109.01894,,NU-MAIN-5154702a,,CMP-336d5ebc,https://www.canada.ca/en/environment-climate-change/services/environmental-indicators/greenhouse-gas-emissions/large-facilities.html; https://open.canada.ca/data/en/dataset/a8ba14b7-7f23-462a-bdbb-83b0ef629823,NU-MAIN-5154702a
GHG-10857-2023-9,2023,Air,NA - GHG,Emission,Total,tonnes,19248.2704,,ON-MAIN-6e9be24e,,CMP-84fc7d46,https://www.canada.ca/en/environment-climate-change/services/environmental-indicators/greenhouse-gas-emissions/large-facilities.html; https://open.canada.ca/data/en/dataset/a8ba14b7-7f23-462a-bdbb-83b0ef629823,ON-MAIN-6e9be24e
GHG-10863-2023-17,2023,Air,NA - GHG,Emission,Total,tonnes,138127.9091,,NU-MAIN-8b0264c9,,CMP-6265c407,https://www.canada.ca/en/environment-climate-change/services/environmental-indicators/greenhouse-gas-emissions/large-facilities.html; https://open.canada.ca/data/en/dataset/a8ba14b7-7f23-462a-bdbb-83b0ef629823,NU-MAIN-8b0264c9
GHG-10873-2023-13,2023,Air,NA - GHG,Emission,Total,tonnes,27335.62395,,BC-MAIN-857b7b89,,CMP-4a434d72,https://www.canada.ca/en/environment-climate-change/services/environmental-indicators/greenhouse-gas-emissions/large-facilities.html; https://open.canada.ca/data/en/dataset/a8ba14b7-7f23-462a-bdbb-83b0ef629823,BC-MAIN-857b7b89
GHG-10904-2023-9,2023,Air,NA - GHG,Emission,Total,tonnes,33407.658,,QC-MAIN-b86f7d07,,CMP-7e360a1f,https://www.canada.ca/en/environment-climate-change/services/environmental-indicators/greenhouse-gas-emissions/large-facilities.html; https://open.canada.ca/data/en/dataset/a8ba14b7-7f23-462a-bdbb-83b0ef629823,QC-MAIN-b86f7d07
GHG-10907-2023-9,2023,Air,NA - GHG,Emission,Total,tonnes,12476.941,,QC-MAIN-a555d9b9,,CMP-f0009ac4,https://www.canada.ca/en/environment-climate-change/services/environmental-indicators/greenhouse-gas-emissions/large-facilities.html; https://open.canada.ca/data/en/dataset/a8ba14b7-7f23-462a-bdbb-83b0ef629823,QC-MAIN-a555d9b9
GHG-10911-2023-9,2023,Air,NA - GHG,Emission,Total,tonnes,16417.766,,QC-MAIN-02884fb5,,CMP-3d0a95b7,https://www.canada.ca/en/environment-climate-change/services/environmental-indicators/greenhouse-gas-emissions/large-facilities.html; https://open.canada.ca/data/en/dataset/a8ba14b7-7f23-462a-bdbb-83b0ef629823,QC-MAIN-02884fb5
GHG-10917-2023-17,2023,Air,NA - GHG,Emission,Total,tonnes,20107.965,,ON-MAIN-687b8c8d,,CMP-3a4ccc7f,https://www.canada.ca/en/environment-climate-change/services/environmental-indicators/greenhouse-gas-emissions/large-facilities.html; https://open.canada.ca/data/en/dataset/a8ba14b7-7f23-462a-bdbb-83b0ef629823,ON-MAIN-687b8c8d
GHG-10924-2023-13,2023,Air,NA - GHG,Emission,Total,tonnes,53782.7615,,ON-MAIN-3b3e5365,,CMP-4a434d72,https://www.canada.ca/en/environment-climate-change/services/environmental-indicators/greenhouse-gas-emissions/large-facilities.html; https://open.canada.ca/data/en/dataset/a8ba14b7-7f23-462a-bdbb-83b0ef629823,ON-MAIN-3b3e5365
GHG-10926-2023-9,2023,Air,NA - GHG,Emission,Total,tonnes,56107.382,,ON-MAIN-a3c56a83,,CMP-967076a1,https://www.canada.ca/en/environment-climate-change/services/environmental-indicators/greenhouse-gas-emissions/large-facilities.html; https://open.canada.ca/data/en/dataset/a8ba14b7-7f23-462a-bdbb-83b0ef629823,ON-MAIN-a3c56a83
GHG-11368-2023-13,2023,Air,NA - GHG,Emission,Total,tonnes,18903.3138,,ON-MAIN-387b06fe,,CMP-a72e0313,https://www.canada.ca/en/environment-climate-change/services/environmental-indicators/greenhouse-gas-emissions/large-facilities.html; https://open.canada.ca/data/en/dataset/a8ba14b7-7f23-462a-bdbb-83b0ef629823,ON-MAIN-387b06fe
GHG-11375-2023-9,2023,Air,NA - GHG,Emission,Total,tonnes,21634.757,,ON-MAIN-7607a50e,,CMP-3a4ccc7f,https://www.canada.ca/en/environment-climate-change/services/environmental-indicators/greenhouse-gas-emissions/large-facilities.html; https://open.canada.ca/data/en/dataset/a8ba14b7-7f23-462a-bdbb-83b0ef629823,ON-MAIN-7607a50e
GHG-11382-2023-13,2023,Air,NA - GHG,Emission,Total,tonnes,134260.136,,QC-MAIN-5ce331b8,,CMP-d87d1101,https://www.canada.ca/en/environment-climate-change/services/environmental-indicators/greenhouse-gas-emissions/large-facilities.html; https://open.canada.ca/data/en/dataset/a8ba14b7-7f23-462a-bdbb-83b0ef629823,QC-MAIN-5ce331b8
GHG-11496-2023-13,2023,Air,NA - GHG,Emission,Total,tonnes,124993.859,,ON-MAIN-0aadf28f,,CMP-d94be190,https://www.canada.ca/en/environment-climate-change/services/environmental-indicators/greenhouse-gas-emissions/large-facilities.html; https://open.canada.ca/data/en/dataset/a8ba14b7-7f23-462a-bdbb-83b0ef629823,ON-MAIN-0aadf28f
GHG-11723-2023-13,2023,Air,NA - GHG,Emission,Total,tonnes,13659.81217,,ON-MAIN-2e13aaa0,,CMP-9617aef4,https://www.canada.ca/en/environment-climate-change/services/environmental-indicators/greenhouse-gas-emissions/large-facilities.html; https://open.canada.ca/data/en/dataset/a8ba14b7-7f23-462a-bdbb-83b0ef629823,ON-MAIN-2e13aaa0
GHG-11736-2023-17,2023,Air,NA - GHG,Emission,Total,tonnes,27247.6543,,QC-MAIN-dc1a16f9,,CMP-9f967ad1,https://www.canada.ca/en/environment-climate-change/services/environmental-indicators/greenhouse-gas-emissions/large-facilities.html; https://open.canada.ca/data/en/dataset/a8ba14b7-7f23-462a-bdbb-83b0ef629823,QC-MAIN-dc1a16f9
GHG-11765-2023-9,2023,Air,NA - GHG,Emission,Total,tonnes,15596.02465,,ON-MAIN-4c35e094,,CMP-3775c12e,https://www.canada.ca/en/environment-climate-change/services/environmental-indicators/greenhouse-gas-emissions/large-facilities.html; https://open.canada.ca/data/en/dataset/a8ba14b7-7f23-462a-bdbb-83b0ef629823,ON-MAIN-4c35e094
GHG-11770-2023-9,2023,Air,NA - GHG,Emission,Total,tonnes,14214.106,,QC-MAIN-c0660aec,,CMP-6265c407,https://www.canada.ca/en/environment-climate-change/services/environmental-indicators/greenhouse-gas-emissions/large-facilities.html; https://open.canada.ca/data/en/dataset/a8ba14b7-7f23-462a-bdbb-83b0ef629823,QC-MAIN-c0660aec
GHG-11794-2023-13,2023,Air,NA - GHG,Emission,Total,tonnes,45467.19299,,QC-MAIN-e51eda66,,CMP-6265c407,https://www.canada.ca/en/environment-climate-change/services/environmental-indicators/greenhouse-gas-emissions/large-facilities.html; https://open.canada.ca/data/en/dataset/a8ba14b7-7f23-462a-bdbb-83b0ef629823,QC-MAIN-e51eda66
GHG-11804-2023-13,2023,Air,NA - GHG,Emission,Total,tonnes,37245.562,,QC-MAIN-6dc537e6,,CMP-4a434d72,https://www.canada.ca/en/environment-climate-change/services/environmental-indicators/greenhouse-gas-emissions/large-facilities.html; https://open.canada.ca/data/en/dataset/a8ba14b7-7f23-462a-bdbb-83b0ef629823,QC-MAIN-6dc537e6
GHG-11894-2023-13,2023,Air,NA - GHG,Emission,Total,tonnes,70401.57769,,BC-MAIN-599152a0,,CMP-12afc634,https://www.canada.ca/en/environment-climate-change/services/environmental-indicators/greenhouse-gas-emissions/large-facilities.html; https://open.canada.ca/data/en/dataset/a8ba14b7-7f23-462a-bdbb-83b0ef629823,BC-MAIN-599152a0
GHG-11951-2023-17,2023,Air,NA - GHG,Emission,Total,tonnes,26796.34597,,ON-MAIN-7f050560,,CMP-ca642bce,https://www.canada.ca/en/environment-climate-change/services/environmental-indicators/greenhouse-gas-emissions/large-facilities.html; https://open.canada.ca/data/en/dataset/a8ba14b7-7f23-462a-bdbb-83b0ef629823,ON-MAIN-7f050560
GHG-12304-2023-13,2023,Air,NA - GHG,Emission,Total,tonnes,12403.638,,ON-MAIN-cb85213a,,CMP-3d2c4955,https://www.canada.ca/en/environment-climate-change/services/environmental-indicators/greenhouse-gas-emissions/large-facilities.html; https://open.canada.ca/data/en/dataset/a8ba14b7-7f23-462a-bdbb-83b0ef629823,ON-MAIN-cb85213a
GHG-12459-2023-9,2023,Air,NA - GHG,Emission,Total,tonnes,53743.4351,,YT-MAIN-e05ed9fe,,CMP-661b40f2,https://www.canada.ca/en/environment-climate-change/services/environmental-indicators/greenhouse-gas-emissions/large-facilities.html; https://open.canada.ca/data/en/dataset/a8ba14b7-7f23-462a-bdbb-83b0ef629823,YT-MAIN-e05ed9fe
GHG-12553-2023-9,2023,Air,NA - GHG,Emission,Total,tonnes,95697.6225,,BC-MAIN-8eb8be0d,,CMP-4a434d72,https://www.canada.ca/en/environment-climate-change/services/environmental-indicators/greenhouse-gas-emissions/large-facilities.html; https://open.canada.ca/data/en/dataset/a8ba14b7-7f23-462a-bdbb-83b0ef629823,BC-MAIN-8eb8be0d
ENV-44857446-2023-1,2023,Air,NA - GHG,Emission,,tonnes,7271.0,scope1,YT-MAIN-44857446,,CMP-7e360a1f,HeclaMiningCompany_SR_2023,YT-MAIN-44857446
ENV-9de9bb0d-2023-6,2023,Air,NA - GHG,Emission,,tonnes,4109.0,scope1,QC-MAIN-9de9bb0d,,CMP-3d2c4955,WesdomeGoldMinesLtd_2023-ESG-Data-Tables,QC-MAIN-9de9bb0d
ENV-f9e41c2a-2023-2,2023,Air,NA - GHG,Emission,,tonnes,18188.0,scope1,QC-MAIN-f9e41c2a,,CMP-64d60fd7,EldoradoGold_ESG_2023,QC-MAIN-f9e41c2a
ENV-ed23117f-2023-2,2023,Air,NA - GHG,Emission,,tonnes,72492.0,scope1,BC-MAIN-ed23117f,,CMP-fa032e20,CenterraGoldInc_Data,BC-MAIN-ed23117f
ENV-aa76f6f2-2023-1,2023,Air,NA - GHG,Emission,,tonnes,15908.3,scope1,BC-MAIN-aa76f6f2,,CMP-d94be190,NewGoldInc_2023-New-Gold-ESG-Data-Factbook,BC-MAIN-aa76f6f2
,2023,Air,10024-97-2,Emission,Industrial Processes,tonnes,0.0,Aggregated value from multiple facilities,,GRP-0a2c0d69,CMP-6265c407,https://www.canada.ca/en/environment-climate-change/services/environmental-indicators/greenhouse-gas-emissions/large-facilities.html; https://open.canada.ca/data/en/dataset/a8ba14b7-7f23-462a-bdbb-83b0ef629823,GRP-0a2c0d69
,2023,Air,10024-97-2,Emission,On-site Transportation,tonnes,10.508047,Aggregated value from multiple facilities,,GRP-0a2c0d69,CMP-6265c407,https://www.canada.ca/en/environment-climate-change/services/environmental-indicators/greenhouse-gas-emissions/large-facilities.html; https://open.canada.ca/data/en/dataset/a8ba14b7-7f23-462a-bdbb-83b0ef629823,GRP-0a2c0d69
,2023,Air,10024-97-2,Emission,Stationary Fuel Combustion,tonnes,0.952699,Aggregated value from multiple facilities,,GRP-0a2c0d69,CMP-6265c407,https://www.canada.ca/en/environment-climate-change/services/environmental-indicators/greenhouse-gas-emissions/large-facilities.html; https://open.canada.ca/data/en/dataset/a8ba14b7-7f23-462a-bdbb-83b0ef629823,GRP-0a2c0d69
,2023,Air,10024-97-2,Emission,Waste,tonnes,0.038796,Aggregated value from multiple facilities,,GRP-0a2c0d69,CMP-6265c407,https://www.canada.ca/en/environment-climate-change/services/environmental-indicators/greenhouse-gas-emissions/large-facilities.html; https://open.canada.ca/data/en/dataset/a8ba14b7-7f23-462a-bdbb-83b0ef629823,GRP-0a2c0d69
,2023,Air,124-38-9,Emission,Industrial Processes,tonnes,0.0,Aggregated value from multiple facilities,,GRP-0a2c0d69,CMP-6265c407,https://www.canada.ca/en/environment-climate-change/services/environmental-indicators/greenhouse-gas-emissions/large-facilities.html; https://open.canada.ca/data/en/dataset/a8ba14b7-7f23-462a-bdbb-83b0ef629823,GRP-0a2c0d69
,2023,Air,124-38-9,Emission,On-site Transportation,tonnes,130092.212,Aggregated value from multiple facilities,,GRP-0a2c0d69,CMP-6265c407,https://www.canada.ca/en/environment-climate-change/services/environmental-indicators/greenhouse-gas-emissions/large-facilities.html; https://open.canada.ca/data/en/dataset/a8ba14b7-7f23-462a-bdbb-83b0ef629823,GRP-0a2c0d69
,2023,Air,124-38-9,Emission,Stationary Fuel Combustion,tonnes,119625.2855,Aggregated value from multiple facilities,,GRP-0a2c0d69,CMP-6265c407,https://www.canada.ca/en/environment-climate-change/services/environmental-indicators/greenhouse-gas-emissions/large-facilities.html; https://open.canada.ca/data/en/dataset/a8ba14b7-7f23-462a-bdbb-83b0ef629823,GRP-0a2c0d69
,2023,Air,124-38-9,Emission,Waste,tonnes,0.0,Aggregated value from multiple facilities,,GRP-0a2c0d69,CMP-6265c407,https://www.canada.ca/en/environment-climate-change/services/environmental-indicators/greenhouse-gas-emissions/large-facilities.html; https://open.canada.ca/data/en/dataset/a8ba14b7-7f23-462a-bdbb-83b0ef629823,GRP-0a2c0d69
,2023,Air,74-82-8,Emission,Industrial Processes,tonnes,0.0,Aggregated value from multiple facilities,,GRP-0a2c0d69,CMP-6265c407,https://www.canada.ca/en/environment-climate-change/services/environmental-indicators/greenhouse-gas-emissions/large-facilities.html; https://open.canada.ca/data/en/dataset/a8ba14b7-7f23-462a-bdbb-83b0ef629823,GRP-0a2c0d69
,2023,Air,74-82-8,Emission,On-site Transportation,tonnes,3.649348,Aggregated value from multiple facilities,,GRP-0a2c0d69,CMP-6265c407,https://www.canada.ca/en/environment-climate-change/services/environmental-indicators/greenhouse-gas-emissions/large-facilities.html; https://open.canada.ca/data/en/dataset/a8ba14b7-7f23-462a-bdbb-83b0ef629823,GRP-0a2c0d69
,2023,Air,74-82-8,Emission,Stationary Fuel Combustion,tonnes,3.254608,Aggregated value from multiple facilities,,GRP-0a2c0d69,CMP-6265c407,https://www.canada.ca/en/environment-climate-change/services/environmental-indicators/greenhouse-gas-emissions/large-facilities.html; https://open.canada.ca/data/en/dataset/a8ba14b7-7f23-462a-bdbb-83b0ef629823,GRP-0a2c0d69
,2023,Air,74-82-8,Emission,Waste,tonnes,0.646606,Aggregated value from multiple facilities,,GRP-0a2c0d69,CMP-6265c407,https://www.canada.ca/en/environment-climate-change/services/environmental-indicators/greenhouse-gas-emissions/large-facilities.html; https://open.canada.ca/data/en/dataset/a8ba14b7-7f23-462a-bdbb-83b0ef629823,GRP-0a2c0d69
,2023,Air,NA - GHG,Emission,Industrial Processes,tonnes,831.4358,Aggregated value from multiple facilities,,GRP-0a2c0d69,CMP-6265c407,https://www.canada.ca/en/environment-climate-change/services/environmental-indicators/greenhouse-gas-emissions/large-facilities.html; https://open.canada.ca/data/en/dataset/a8ba14b7-7f23-462a-bdbb-83b0ef629823,GRP-0a2c0d69
,2023,Air,NA - GHG,Emission,On-site Transportation,tonnes,132979.0262,Aggregated value from multiple facilities,,GRP-0a2c0d69,CMP-6265c407,https://www.canada.ca/en/environment-climate-change/services/environmental-indicators/greenhouse-gas-emissions/large-facilities.html; https://open.canada.ca/data/en/dataset/a8ba14b7-7f23-462a-bdbb-83b0ef629823,GRP-0a2c0d69
,2023,Air,NA - GHG,Emission,Stationary Fuel Combustion,tonnes,119968.8798,Aggregated value from multiple facilities,,GRP-0a2c0d69,CMP-6265c407,https://www.canada.ca/en/environment-climate-change/services/environmental-indicators/greenhouse-gas-emissions/large-facilities.html; https://open.canada.ca/data/en/dataset/a8ba14b7-7f23-462a-bdbb-83b0ef629823,GRP-0a2c0d69
,2023,Air,NA - GHG,Emission,Total,tonnes,253807.7277,Aggregated value from multiple facilities,,GRP-0a2c0d69,CMP-6265c407,https://www.canada.ca/en/environment-climate-change/services/environmental-indicators/greenhouse-gas-emissions/large-facilities.html; https://open.canada.ca/data/en/dataset/a8ba14b7-7f23-462a-bdbb-83b0ef629823,GRP-0a2c0d69
,2023,Air,NA - GHG,Emission,Waste,tonnes,28.385908,Aggregated value from multiple facilities,,GRP-0a2c0d69,CMP-6265c407,https://www.canada.ca/en/environment-climate-change/services/environmental-indicators/greenhouse-gas-emissions/large-facilities.html; https://open.canada.ca/data/en/dataset/a8ba14b7-7f23-462a-bdbb-83b0ef629823,GRP-0a2c0d69
,2023,Air,NA - GHG,Emission,,tonnes,57797.1544138831,Aggregated value from multiple facilities,,GRP-0d911886,CMP-4a434d72,NewmontCorporation_Newmont-2023-Performance-Data-Tables-V4-locked,GRP-0d911886
,2023,Air,10024-97-2,Emission,Industrial Processes,tonnes,0.0,Aggregated value from multiple facilities,,GRP-1402249f,CMP-3775c12e,https://www.canada.ca/en/environment-climate-change/services/environmental-indicators/greenhouse-gas-emissions/large-facilities.html; https://open.canada.ca/data/en/dataset/a8ba14b7-7f23-462a-bdbb-83b0ef629823,GRP-1402249f
,2023,Air,10024-97-2,Emission,On-site Transportation,tonnes,107.3745,Aggregated value from multiple facilities,,GRP-1402249f,CMP-3775c12e,https://www.canada.ca/en/environment-climate-change/services/environmental-indicators/greenhouse-gas-emissions/large-facilities.html; https://open.canada.ca/data/en/dataset/a8ba14b7-7f23-462a-bdbb-83b0ef629823,GRP-1402249f
,2023,Air,10024-97-2,Emission,Stationary Fuel Combustion,tonnes,8.391300000000001,Aggregated value from multiple facilities,,GRP-1402249f,CMP-3775c12e,https://www.canada.ca/en/environment-climate-change/services/environmental-indicators/greenhouse-gas-emissions/large-facilities.html; https://open.canada.ca/data/en/dataset/a8ba14b7-7f23-462a-bdbb-83b0ef629823,GRP-1402249f
,2023,Air,124-38-9,Emission,Industrial Processes,tonnes,156627.502,Aggregated value from multiple facilities,,GRP-1402249f,CMP-3775c12e,https://www.canada.ca/en/environment-climate-change/services/environmental-indicators/greenhouse-gas-emissions/large-facilities.html; https://open.canada.ca/data/en/dataset/a8ba14b7-7f23-462a-bdbb-83b0ef629823,GRP-1402249f
,2023,Air,124-38-9,Emission,On-site Transportation,tonnes,259955.674,Aggregated value from multiple facilities,,GRP-1402249f,CMP-3775c12e,https://www.canada.ca/en/environment-climate-change/services/environmental-indicators/greenhouse-gas-emissions/large-facilities.html; https://open.canada.ca/data/en/dataset/a8ba14b7-7f23-462a-bdbb-83b0ef629823,GRP-1402249f
,2023,Air,124-38-9,Emission,Stationary Fuel Combustion,tonnes,680671.298,Aggregated value from multiple facilities,,GRP-1402249f,CMP-3775c12e,https://www.canada.ca/en/environment-climate-change/services/environmental-indicators/greenhouse-gas-emissions/large-facilities.html; https://open.canada.ca/data/en/dataset/a8ba14b7-7f23-462a-bdbb-83b0ef629823,GRP-1402249f
,2023,Air,74-82-8,Emission,Industrial Processes,tonnes,0.0,Aggregated value from multiple facilities,,GRP-1402249f,CMP-3775c12e,https://www.canada.ca/en/environment-climate-change/services/environmental-indicators/greenhouse-gas-emissions/large-facilities.html; https://open.canada.ca/data/en/dataset/a8ba14b7-7f23-462a-bdbb-83b0ef629823,GRP-1402249f
,2023,Air,74-82-8,Emission,On-site Transportation,tonnes,14.6472,Aggregated value from multiple facilities,,GRP-1402249f,CMP-3775c12e,https://www.canada.ca/en/environment-climate-change/services/environmental-indicators/greenhouse-gas-emissions/large-facilities.html; https://open.canada.ca/data/en/dataset/a8ba14b7-7f23-462a-bdbb-83b0ef629823,GRP-1402249f
,2023,Air,74-82-8,Emission,Stationary Fuel Combustion,tonnes,12.6839,Aggregated value from multiple facilities,,GRP-1402249f,CMP-3775c12e,https://www.canada.ca/en/environment-climate-change/services/environmental-indicators/greenhouse-gas-emissions/large-facilities.html; https://open.canada.ca/data/en/dataset/a8ba14b7-7f23-462a-bdbb-83b0ef629823,GRP-1402249f
,2023,Air,NA - GHG,Emission,Industrial Processes,tonnes,156627.502,Aggregated value from multiple facilities,,GRP-1402249f,CMP-3775c12e,https://www.canada.ca/en/environment-climate-change/services/environmental-indicators/greenhouse-gas-emissions/large-facilities.html; https://open.canada.ca/data/en/dataset/a8ba14b7-7f23-462a-bdbb-83b0ef629823,GRP-1402249f
,2023,Air,NA - GHG,Emission,On-site Transportation,tonnes,288820.0381,Aggregated value from multiple facilities,,GRP-1402249f,CMP-3775c12e,https://www.canada.ca/en/environment-climate-change/services/environmental-indicators/greenhouse-gas-emissions/large-facilities.html; https://open.canada.ca/data/en/dataset/a8ba14b7-7f23-462a-bdbb-83b0ef629823,GRP-1402249f
,2023,Air,NA - GHG,Emission,Stationary Fuel Combustion,tonnes,683250.1417,Aggregated value from multiple facilities,,GRP-1402249f,CMP-3775c12e,https://www.canada.ca/en/environment-climate-change/services/environmental-indicators/greenhouse-gas-emissions/large-facilities.html; https://open.canada.ca/data/en/dataset/a8ba14b7-7f23-462a-bdbb-83b0ef629823,GRP-1402249f
,2023,Air,NA - GHG,Emission,Total,tonnes,1128697.6818000001,Aggregated value from multiple facilities,,GRP-1402249f,CMP-3775c12e,https://www.canada.ca/en/environment-climate-change/services/environmental-indicators/greenhouse-gas-emissions/large-facilities.html; https://open.canada.ca/data/en/dataset/a8ba14b7-7f23-462a-bdbb-83b0ef629823,GRP-1402249f
,2023,Air,10024-97-2,Emission,On-site Transportation,tonnes,0.12192800000000001,Aggregated value from multiple facilities,,GRP-147b3123,CMP-48a36546,https://www.canada.ca/en/environment-climate-change/services/environmental-indicators/greenhouse-gas-emissions/large-facilities.html; https://open.canada.ca/data/en/dataset/a8ba14b7-7f23-462a-bdbb-83b0ef629823,GRP-147b3123
,2023,Air,10024-97-2,Emission,Stationary Fuel Combustion,tonnes,0.362554,Aggregated value from multiple facilities,,GRP-147b3123,CMP-48a36546,https://www.canada.ca/en/environment-climate-change/services/environmental-indicators/greenhouse-gas-emissions/large-facilities.html; https://open.canada.ca/data/en/dataset/a8ba14b7-7f23-462a-bdbb-83b0ef629823,GRP-147b3123
,2023,Air,124-38-9,Emission,On-site Transportation,tonnes,16372.569,Aggregated value from multiple facilities,,GRP-147b3123,CMP-48a36546,https://www.canada.ca/en/environment-climate-change/services/environmental-indicators/greenhouse-gas-emissions/large-facilities.html; https://open.canada.ca/data/en/dataset/a8ba14b7-7f23-462a-bdbb-83b0ef629823,GRP-147b3123
,2023,Air,124-38-9,Emission,Stationary Fuel Combustion,tonnes,21415.916,Aggregated value from multiple facilities,,GRP-147b3123,CMP-48a36546,https://www.canada.ca/en/environment-climate-change/services/environmental-indicators/greenhouse-gas-emissions/large-facilities.html; https://open.canada.ca/data/en/dataset/a8ba14b7-7f23-462a-bdbb-83b0ef629823,GRP-147b3123
,2023,Air,74-82-8,Emission,On-site Transportation,tonnes,0.446036,Aggregated value from multiple facilities,,GRP-147b3123,CMP-48a36546,https://www.canada.ca/en/environment-climate-change/services/environmental-indicators/greenhouse-gas-emissions/large-facilities.html; https://open.canada.ca/data/en/dataset/a8ba14b7-7f23-462a-bdbb-83b0ef629823,GRP-147b3123
,2023,Air,74-82-8,Emission,Stationary Fuel Combustion,tonnes,0.406705,Aggregated value from multiple facilities,,GRP-147b3123,CMP-48a36546,https://www.canada.ca/en/environment-climate-change/services/environmental-indicators/greenhouse-gas-emissions/large-facilities.html; https://open.canada.ca/data/en/dataset/a8ba14b7-7f23-462a-bdbb-83b0ef629823,GRP-147b3123
,2023,Air,NA - GHG,Emission,On-site Transportation,tonnes,16417.368928,Aggregated value from multiple facilities,,GRP-147b3123,CMP-48a36546,https://www.canada.ca/en/environment-climate-change/services/environmental-indicators/greenhouse-gas-emissions/large-facilities.html; https://open.canada.ca/data/en/dataset/a8ba14b7-7f23-462a-bdbb-83b0ef629823,GRP-147b3123
,2023,Air,NA - GHG,Emission,Stationary Fuel Combustion,tonnes,21523.38055,Aggregated value from multiple facilities,,GRP-147b3123,CMP-48a36546,https://www.canada.ca/en/environment-climate-change/services/environmental-indicators/greenhouse-gas-emissions/large-facilities.html; https://open.canada.ca/data/en/dataset/a8ba14b7-7f23-462a-bdbb-83b0ef629823,GRP-147b3123
,2023,Air,NA - GHG,Emission,Total,tonnes,37940.74948,Aggregated value from multiple facilities,,GRP-147b3123,CMP-48a36546,https://www.canada.ca/en/environment-climate-change/services/environmental-indicators/greenhouse-gas-emissions/large-facilities.html; https://open.canada.ca/data/en/dataset/a8ba14b7-7f23-462a-bdbb-83b0ef629823,GRP-147b3123
,2023,Air,NA - GHG,Emission,,tonnes,35617.369225595,Aggregated value from multiple facilities,,GRP-147b3123,CMP-48a36546,PanAmericanSilverCorp_PAS-2023-Sustainability-Performance-Data-Book,GRP-147b3123
,2023,Air,NA - GHG,Emission,,tonnes,14002.0,Aggregated value from multiple facilities,,GRP-14bfbb82,CMP-4a73c5f8,SSRMiningInc_ESG_2023,GRP-14bfbb82
,2023,Air,10024-97-2,Emission,Industrial Processes,tonnes,0.0,Aggregated value from multiple facilities,,GRP-21eee27d,CMP-cadb529a,https://www.canada.ca/en/environment-climate-change/services/environmental-indicators/greenhouse-gas-emissions/large-facilities.html; https://open.canada.ca/data/en/dataset/a8ba14b7-7f23-462a-bdbb-83b0ef629823,GRP-21eee27d
,2023,Air,10024-97-2,Emission,On-site Transportation,tonnes,0.0696,Aggregated value from multiple facilities,,GRP-21eee27d,CMP-cadb529a,https://www.canada.ca/en/environment-climate-change/services/environmental-indicators/greenhouse-gas-emissions/large-facilities.html; https://open.canada.ca/data/en/dataset/a8ba14b7-7f23-462a-bdbb-83b0ef629823,GRP-21eee27d
,2023,Air,10024-97-2,Emission,Stationary Fuel Combustion,tonnes,3.5105000000000004,Aggregated value from multiple facilities,,GRP-21eee27d,CMP-cadb529a,https://www.canada.ca/en/environment-climate-change/services/environmental-indicators/greenhouse-gas-emissions/large-facilities.html; https://open.canada.ca/data/en/dataset/a8ba14b7-7f23-462a-bdbb-83b0ef629823,GRP-21eee27d
,2023,Air,10024-97-2,Emission,Waste,tonnes,0.0,Aggregated value from multiple facilities,,GRP-21eee27d,CMP-cadb529a,https://www.canada.ca/en/environment-climate-change/services/environmental-indicators/greenhouse-gas-emissions/large-facilities.html; https://open.canada.ca/data/en/dataset/a8ba14b7-7f23-462a-bdbb-83b0ef629823,GRP-21eee27d
,2023,Air,10024-97-2,Emission,Wastewater,tonnes,0.0015,Aggregated value from multiple facilities,,GRP-21eee27d,CMP-cadb529a,https://www.canada.ca/en/environment-climate-change/services/environmental-indicators/greenhouse-gas-emissions/large-facilities.html; https://open.canada.ca/data/en/dataset/a8ba14b7-7f23-462a-bdbb-83b0ef629823,GRP-21eee27d
,2023,Air,124-38-9,Emission,Industrial Processes,tonnes,2296.2560000000003,Aggregated value from multiple facilities,,GRP-21eee27d,CMP-cadb529a,https://www.canada.ca/en/environment-climate-change/services/environmental-indicators/greenhouse-gas-emissions/large-facilities.html; https://open.canada.ca/data/en/dataset/a8ba14b7-7f23-462a-bdbb-83b0ef629823,GRP-21eee27d
,2023,Air,124-38-9,Emission,On-site Transportation,tonnes,6369.073,Aggregated value from multiple facilities,,GRP-21eee27d,CMP-cadb529a,https://www.canada.ca/en/environment-climate-change/services/environmental-indicators/greenhouse-gas-emissions/large-facilities.html; https://open.canada.ca/data/en/dataset/a8ba14b7-7f23-462a-bdbb-83b0ef629823,GRP-21eee27d
,2023,Air,124-38-9,Emission,Stationary Fuel Combustion,tonnes,50050.0873,Aggregated value from multiple facilities,,GRP-21eee27d,CMP-cadb529a,https://www.canada.ca/en/environment-climate-change/services/environmental-indicators/greenhouse-gas-emissions/large-facilities.html; https://open.canada.ca/data/en/dataset/a8ba14b7-7f23-462a-bdbb-83b0ef629823,GRP-21eee27d
,2023,Air,124-38-9,Emission,Waste,tonnes,116.3,Aggregated value from multiple facilities,,GRP-21eee27d,CMP-cadb529a,https://www.canada.ca/en/environment-climate-change/services/environmental-indicators/greenhouse-gas-emissions/large-facilities.html; https://open.canada.ca/data/en/dataset/a8ba14b7-7f23-462a-bdbb-83b0ef629823,GRP-21eee27d
,2023,Air,124-38-9,Emission,Wastewater,tonnes,0.0,Aggregated value from multiple facilities,,GRP-21eee27d,CMP-cadb529a,https://www.canada.ca/en/environment-climate-change/services/environmental-indicators/greenhouse-gas-emissions/large-facilities.html; https://open.canada.ca/data/en/dataset/a8ba14b7-7f23-462a-bdbb-83b0ef629823,GRP-21eee27d
,2023,Air,74-82-8,Emission,Industrial Processes,tonnes,0.0,Aggregated value from multiple facilities,,GRP-21eee27d,CMP-cadb529a,https://www.canada.ca/en/environment-climate-change/services/environmental-indicators/greenhouse-gas-emissions/large-facilities.html; https://open.canada.ca/data/en/dataset/a8ba14b7-7f23-462a-bdbb-83b0ef629823,GRP-21eee27d
,2023,Air,74-82-8,Emission,On-site Transportation,tonnes,2.5475,Aggregated value from multiple facilities,,GRP-21eee27d,CMP-cadb529a,https://www.canada.ca/en/environment-climate-change/services/environmental-indicators/greenhouse-gas-emissions/large-facilities.html; https://open.canada.ca/data/en/dataset/a8ba14b7-7f23-462a-bdbb-83b0ef629823,GRP-21eee27d
,2023,Air,74-82-8,Emission,Stationary Fuel Combustion,tonnes,0.8048,Aggregated value from multiple facilities,,GRP-21eee27d,CMP-cadb529a,https://www.canada.ca/en/environment-climate-change/services/environmental-indicators/greenhouse-gas-emissions/large-facilities.html; https://open.canada.ca/data/en/dataset/a8ba14b7-7f23-462a-bdbb-83b0ef629823,GRP-21eee27d
,2023,Air,74-82-8,Emission,Waste,tonnes,49.84,Aggregated value from multiple facilities,,GRP-21eee27d,CMP-cadb529a,https://www.canada.ca/en/environment-climate-change/services/environmental-indicators/greenhouse-gas-emissions/large-facilities.html; https://open.canada.ca/data/en/dataset/a8ba14b7-7f23-462a-bdbb-83b0ef629823,GRP-21eee27d
,2023,Air,74-82-8,Emission,Wastewater,tonnes,3.2272,Aggregated value from multiple facilities,,GRP-21eee27d,CMP-cadb529a,https://www.canada.ca/en/environment-climate-change/services/environmental-indicators/greenhouse-gas-emissions/large-facilities.html; https://open.canada.ca/data/en/dataset/a8ba14b7-7f23-462a-bdbb-83b0ef629823,GRP-21eee27d
,2023,Air,NA - GHG,Emission,Industrial Processes,tonnes,2296.2560000000003,Aggregated value from multiple facilities,,GRP-21eee27d,CMP-cadb529a,https://www.canada.ca/en/environment-climate-change/services/environmental-indicators/greenhouse-gas-emissions/large-facilities.html; https://open.canada.ca/data/en/dataset/a8ba14b7-7f23-462a-bdbb-83b0ef629823,GRP-21eee27d
,2023,Air,NA - GHG,Emission,On-site Transportation,tonnes,6458.847,Aggregated value from multiple facilities,,GRP-21eee27d,CMP-cadb529a,https://www.canada.ca/en/environment-climate-change/services/environmental-indicators/greenhouse-gas-emissions/large-facilities.html; https://open.canada.ca/data/en/dataset/a8ba14b7-7f23-462a-bdbb-83b0ef629823,GRP-21eee27d
,2023,Air,NA - GHG,Emission,Stationary Fuel Combustion,tonnes,51002.904200000004,Aggregated value from multiple facilities,,GRP-21eee27d,CMP-cadb529a,https://www.canada.ca/en/environment-climate-change/services/environmental-indicators/greenhouse-gas-emissions/large-facilities.html; https://open.canada.ca/data/en/dataset/a8ba14b7-7f23-462a-bdbb-83b0ef629823,GRP-21eee27d
,2023,Air,NA - GHG,Emission,Total,tonnes,61360.5863,Aggregated value from multiple facilities,,GRP-21eee27d,CMP-cadb529a,https://www.canada.ca/en/environment-climate-change/services/environmental-indicators/greenhouse-gas-emissions/large-facilities.html; https://open.canada.ca/data/en/dataset/a8ba14b7-7f23-462a-bdbb-83b0ef629823,GRP-21eee27d
,2023,Air,NA - GHG,Emission,Waste,tonnes,1511.8200000000002,Aggregated value from multiple facilities,,GRP-21eee27d,CMP-cadb529a,https://www.canada.ca/en/environment-climate-change/services/environmental-indicators/greenhouse-gas-emissions/large-facilities.html; https://open.canada.ca/data/en/dataset/a8ba14b7-7f23-462a-bdbb-83b0ef629823,GRP-21eee27d
,2023,Air,NA - GHG,Emission,Wastewater,tonnes,90.7591,Aggregated value from multiple facilities,,GRP-21eee27d,CMP-cadb529a,https://www.canada.ca/en/environment-climate-change/services/environmental-indicators/greenhouse-gas-emissions/large-facilities.html; https://open.canada.ca/data/en/dataset/a8ba14b7-7f23-462a-bdbb-83b0ef629823,GRP-21eee27d
,2023,Air,10024-97-2,Emission,Industrial Processes,tonnes,0.0,Aggregated value from multiple facilities,,GRP-25483238,CMP-7a096012,https://www.canada.ca/en/environment-climate-change/services/environmental-indicators/greenhouse-gas-emissions/large-facilities.html; https://open.canada.ca/data/en/dataset/a8ba14b7-7f23-462a-bdbb-83b0ef629823,GRP-25483238
,2023,Air,10024-97-2,Emission,On-site Transportation,tonnes,3.83,Aggregated value from multiple facilities,,GRP-25483238,CMP-7a096012,https://www.canada.ca/en/environment-climate-change/services/environmental-indicators/greenhouse-gas-emissions/large-facilities.html; https://open.canada.ca/data/en/dataset/a8ba14b7-7f23-462a-bdbb-83b0ef629823,GRP-25483238
,2023,Air,10024-97-2,Emission,Stationary Fuel Combustion,tonnes,3.19,Aggregated value from multiple facilities,,GRP-25483238,CMP-7a096012,https://www.canada.ca/en/environment-climate-change/services/environmental-indicators/greenhouse-gas-emissions/large-facilities.html; https://open.canada.ca/data/en/dataset/a8ba14b7-7f23-462a-bdbb-83b0ef629823,GRP-25483238
,2023,Air,124-38-9,Emission,Industrial Processes,tonnes,692886.0,Aggregated value from multiple facilities,,GRP-25483238,CMP-7a096012,https://www.canada.ca/en/environment-climate-change/services/environmental-indicators/greenhouse-gas-emissions/large-facilities.html; https://open.canada.ca/data/en/dataset/a8ba14b7-7f23-462a-bdbb-83b0ef629823,GRP-25483238
,2023,Air,124-38-9,Emission,On-site Transportation,tonnes,9688.0,Aggregated value from multiple facilities,,GRP-25483238,CMP-7a096012,https://www.canada.ca/en/environment-climate-change/services/environmental-indicators/greenhouse-gas-emissions/large-facilities.html; https://open.canada.ca/data/en/dataset/a8ba14b7-7f23-462a-bdbb-83b0ef629823,GRP-25483238
,2023,Air,124-38-9,Emission,Stationary Fuel Combustion,tonnes,180525.0,Aggregated value from multiple facilities,,GRP-25483238,CMP-7a096012,https://www.canada.ca/en/environment-climate-change/services/environmental-indicators/greenhouse-gas-emissions/large-facilities.html; https://open.canada.ca/data/en/dataset/a8ba14b7-7f23-462a-bdbb-83b0ef629823,GRP-25483238
,2023,Air,74-82-8,Emission,Industrial Processes,tonnes,0.56,Aggregated value from multiple facilities,,GRP-25483238,CMP-7a096012,https://www.canada.ca/en/environment-climate-change/services/environmental-indicators/greenhouse-gas-emissions/large-facilities.html; https://open.canada.ca/data/en/dataset/a8ba14b7-7f23-462a-bdbb-83b0ef629823,GRP-25483238
,2023,Air,74-82-8,Emission,On-site Transportation,tonnes,1.0,Aggregated value from multiple facilities,,GRP-25483238,CMP-7a096012,https://www.canada.ca/en/environment-climate-change/services/environmental-indicators/greenhouse-gas-emissions/large-facilities.html; https://open.canada.ca/data/en/dataset/a8ba14b7-7f23-462a-bdbb-83b0ef629823,GRP-25483238
,2023,Air,74-82-8,Emission,Stationary Fuel Combustion,tonnes,3.56,Aggregated value from multiple facilities,,GRP-25483238,CMP-7a096012,https://www.canada.ca/en/environment-climate-change/services/environmental-indicators/greenhouse-gas-emissions/large-facilities.html; https://open.canada.ca/data/en/dataset/a8ba14b7-7f23-462a-bdbb-83b0ef629823,GRP-25483238
,2023,Air,NA - GHG,Emission,Industrial Processes,tonnes,693429.848,Aggregated value from multiple facilities,,GRP-25483238,CMP-7a096012,https://www.canada.ca/en/environment-climate-change/services/environmental-indicators/greenhouse-gas-emissions/large-facilities.html; https://open.canada.ca/data/en/dataset/a8ba14b7-7f23-462a-bdbb-83b0ef629823,GRP-25483238
,2023,Air,NA - GHG,Emission,On-site Transportation,tonnes,10730.95,Aggregated value from multiple facilities,,GRP-25483238,CMP-7a096012,https://www.canada.ca/en/environment-climate-change/services/environmental-indicators/greenhouse-gas-emissions/large-facilities.html; https://open.canada.ca/data/en/dataset/a8ba14b7-7f23-462a-bdbb-83b0ef629823,GRP-25483238
,2023,Air,NA - GHG,Emission,Stationary Fuel Combustion,tonnes,181470.03,Aggregated value from multiple facilities,,GRP-25483238,CMP-7a096012,https://www.canada.ca/en/environment-climate-change/services/environmental-indicators/greenhouse-gas-emissions/large-facilities.html; https://open.canada.ca/data/en/dataset/a8ba14b7-7f23-462a-bdbb-83b0ef629823,GRP-25483238
,2023,Air,NA - GHG,Emission,Total,tonnes,885630.828,Aggregated value from multiple facilities,,GRP-25483238,CMP-7a096012,https://www.canada.ca/en/environment-climate-change/services/environmental-indicators/greenhouse-gas-emissions/large-facilities.html; https://open.canada.ca/data/en/dataset/a8ba14b7-7f23-462a-bdbb-83b0ef629823,GRP-25483238
,2023,Air,10024-97-2,Emission,On-site Transportation,tonnes,0.193,Aggregated value from multiple facilities,,GRP-2a663492,CMP-31bb0d19,https://www.canada.ca/en/environment-climate-change/services/environmental-indicators/greenhouse-gas-emissions/large-facilities.html; https://open.canada.ca/data/en/dataset/a8ba14b7-7f23-462a-bdbb-83b0ef629823,GRP-2a663492
,2023,Air,10024-97-2,Emission,Stationary Fuel Combustion,tonnes,0.224,Aggregated value from multiple facilities,,GRP-2a663492,CMP-31bb0d19,https://www.canada.ca/en/environment-climate-change/services/environmental-indicators/greenhouse-gas-emissions/large-facilities.html; https://open.canada.ca/data/en/dataset/a8ba14b7-7f23-462a-bdbb-83b0ef629823,GRP-2a663492
,2023,Air,124-38-9,Emission,On-site Transportation,tonnes,24120.525,Aggregated value from multiple facilities,,GRP-2a663492,CMP-31bb0d19,https://www.canada.ca/en/environment-climate-change/services/environmental-indicators/greenhouse-gas-emissions/large-facilities.html; https://open.canada.ca/data/en/dataset/a8ba14b7-7f23-462a-bdbb-83b0ef629823,GRP-2a663492
,2023,Air,124-38-9,Emission,Stationary Fuel Combustion,tonnes,27325.165,Aggregated value from multiple facilities,,GRP-2a663492,CMP-31bb0d19,https://www.canada.ca/en/environment-climate-change/services/environmental-indicators/greenhouse-gas-emissions/large-facilities.html; https://open.canada.ca/data/en/dataset/a8ba14b7-7f23-462a-bdbb-83b0ef629823,GRP-2a663492
,2023,Air,74-82-8,Emission,On-site Transportation,tonnes,0.641,Aggregated value from multiple facilities,,GRP-2a663492,CMP-31bb0d19,https://www.canada.ca/en/environment-climate-change/services/environmental-indicators/greenhouse-gas-emissions/large-facilities.html; https://open.canada.ca/data/en/dataset/a8ba14b7-7f23-462a-bdbb-83b0ef629823,GRP-2a663492
,2023,Air,74-82-8,Emission,Stationary Fuel Combustion,tonnes,0.795,Aggregated value from multiple facilities,,GRP-2a663492,CMP-31bb0d19,https://www.canada.ca/en/environment-climate-change/services/environmental-indicators/greenhouse-gas-emissions/large-facilities.html; https://open.canada.ca/data/en/dataset/a8ba14b7-7f23-462a-bdbb-83b0ef629823,GRP-2a663492
,2023,Air,NA - GHG,Emission,On-site Transportation,tonnes,24189.618,Aggregated value from multiple facilities,,GRP-2a663492,CMP-31bb0d19,https://www.canada.ca/en/environment-climate-change/services/environmental-indicators/greenhouse-gas-emissions/large-facilities.html; https://open.canada.ca/data/en/dataset/a8ba14b7-7f23-462a-bdbb-83b0ef629823,GRP-2a663492
,2023,Air,NA - GHG,Emission,Stationary Fuel Combustion,tonnes,27406.785,Aggregated value from multiple facilities,,GRP-2a663492,CMP-31bb0d19,https://www.canada.ca/en/environment-climate-change/services/environmental-indicators/greenhouse-gas-emissions/large-facilities.html; https://open.canada.ca/data/en/dataset/a8ba14b7-7f23-462a-bdbb-83b0ef629823,GRP-2a663492
,2023,Air,NA - GHG,Emission,Total,tonnes,51596.403,Aggregated value from multiple facilities,,GRP-2a663492,CMP-31bb0d19,https://www.canada.ca/en/environment-climate-change/services/environmental-indicators/greenhouse-gas-emissions/large-facilities.html; https://open.canada.ca/data/en/dataset/a8ba14b7-7f23-462a-bdbb-83b0ef629823,GRP-2a663492
,2023,Air,10024-97-2,Emission,Industrial Processes,tonnes,0.0,Aggregated value from multiple facilities,,GRP-677b5973,CMP-7a096012,https://www.canada.ca/en/environment-climate-change/services/environmental-indicators/greenhouse-gas-emissions/large-facilities.html; https://open.canada.ca/data/en/dataset/a8ba14b7-7f23-462a-bdbb-83b0ef629823,GRP-677b5973
,2023,Air,10024-97-2,Emission,On-site Transportation,tonnes,1.9854779999999999,Aggregated value from multiple facilities,,GRP-677b5973,CMP-7a096012,https://www.canada.ca/en/environment-climate-change/services/environmental-indicators/greenhouse-gas-emissions/large-facilities.html; https://open.canada.ca/data/en/dataset/a8ba14b7-7f23-462a-bdbb-83b0ef629823,GRP-677b5973
,2023,Air,10024-97-2,Emission,Stationary Fuel Combustion,tonnes,9.99494,Aggregated value from multiple facilities,,GRP-677b5973,CMP-7a096012,https://www.canada.ca/en/environment-climate-change/services/environmental-indicators/greenhouse-gas-emissions/large-facilities.html; https://open.canada.ca/data/en/dataset/a8ba14b7-7f23-462a-bdbb-83b0ef629823,GRP-677b5973
,2023,Air,124-38-9,Emission,Industrial Processes,tonnes,2640913.9,Aggregated value from multiple facilities,,GRP-677b5973,CMP-7a096012,https://www.canada.ca/en/environment-climate-change/services/environmental-indicators/greenhouse-gas-emissions/large-facilities.html; https://open.canada.ca/data/en/dataset/a8ba14b7-7f23-462a-bdbb-83b0ef629823,GRP-677b5973
,2023,Air,124-38-9,Emission,On-site Transportation,tonnes,11669.51,Aggregated value from multiple facilities,,GRP-677b5973,CMP-7a096012,https://www.canada.ca/en/environment-climate-change/services/environmental-indicators/greenhouse-gas-emissions/large-facilities.html; https://open.canada.ca/data/en/dataset/a8ba14b7-7f23-462a-bdbb-83b0ef629823,GRP-677b5973
,2023,Air,124-38-9,Emission,Stationary Fuel Combustion,tonnes,564994.965,Aggregated value from multiple facilities,,GRP-677b5973,CMP-7a096012,https://www.canada.ca/en/environment-climate-change/services/environmental-indicators/greenhouse-gas-emissions/large-facilities.html; https://open.canada.ca/data/en/dataset/a8ba14b7-7f23-462a-bdbb-83b0ef629823,GRP-677b5973
,2023,Air,74-82-8,Emission,Industrial Processes,tonnes,0.0,Aggregated value from multiple facilities,,GRP-677b5973,CMP-7a096012,https://www.canada.ca/en/environment-climate-change/services/environmental-indicators/greenhouse-gas-emissions/large-facilities.html; https://open.canada.ca/data/en/dataset/a8ba14b7-7f23-462a-bdbb-83b0ef629823,GRP-677b5973
,2023,Air,74-82-8,Emission,On-site Transportation,tonnes,1.94455,Aggregated value from multiple facilities,,GRP-677b5973,CMP-7a096012,https://www.canada.ca/en/environment-climate-change/services/environmental-indicators/greenhouse-gas-emissions/large-facilities.html; https://open.canada.ca/data/en/dataset/a8ba14b7-7f23-462a-bdbb-83b0ef629823,GRP-677b5973
,2023,Air,74-82-8,Emission,Stationary Fuel Combustion,tonnes,11.08303,Aggregated value from multiple facilities,,GRP-677b5973,CMP-7a096012,https://www.canada.ca/en/environment-climate-change/services/environmental-indicators/greenhouse-gas-emissions/large-facilities.html; https://open.canada.ca/data/en/dataset/a8ba14b7-7f23-462a-bdbb-83b0ef629823,GRP-677b5973
,2023,Air,NA - GHG,Emission,Industrial Processes,tonnes,3135983.9668,Aggregated value from multiple facilities,,GRP-677b5973,CMP-7a096012,https://www.canada.ca/en/environment-climate-change/services/environmental-indicators/greenhouse-gas-emissions/large-facilities.html; https://open.canada.ca/data/en/dataset/a8ba14b7-7f23-462a-bdbb-83b0ef629823,GRP-677b5973
,2023,Air,NA - GHG,Emission,On-site Transportation,tonnes,12250.10907,Aggregated value from multiple facilities,,GRP-677b5973,CMP-7a096012,https://www.canada.ca/en/environment-climate-change/services/environmental-indicators/greenhouse-gas-emissions/large-facilities.html; https://open.canada.ca/data/en/dataset/a8ba14b7-7f23-462a-bdbb-83b0ef629823,GRP-677b5973
,2023,Air,NA - GHG,Emission,Stationary Fuel Combustion,tonnes,567953.94894,Aggregated value from multiple facilities,,GRP-677b5973,CMP-7a096012,https://www.canada.ca/en/environment-climate-change/services/environmental-indicators/greenhouse-gas-emissions/large-facilities.html; https://open.canada.ca/data/en/dataset/a8ba14b7-7f23-462a-bdbb-83b0ef629823,GRP-677b5973
,2023,Air,NA - GHG,Emission,Total,tonnes,3716188.0245,Aggregated value from multiple facilities,,GRP-677b5973,CMP-7a096012,https://www.canada.ca/en/environment-climate-change/services/environmental-indicators/greenhouse-gas-emissions/large-facilities.html; https://open.canada.ca/data/en/dataset/a8ba14b7-7f23-462a-bdbb-83b0ef629823,GRP-677b5973
,2023,Air,10024-97-2,Emission,Industrial Processes,tonnes,0.0,Aggregated value from multiple facilities,,GRP-7a9ba115,CMP-3775c12e,https://www.canada.ca/en/environment-climate-change/services/environmental-indicators/greenhouse-gas-emissions/large-facilities.html; https://open.canada.ca/data/en/dataset/a8ba14b7-7f23-462a-bdbb-83b0ef629823,GRP-7a9ba115
,2023,Air,10024-97-2,Emission,On-site Transportation,tonnes,1.346751,Aggregated value from multiple facilities,,GRP-7a9ba115,CMP-3775c12e,https://www.canada.ca/en/environment-climate-change/services/environmental-indicators/greenhouse-gas-emissions/large-facilities.html; https://open.canada.ca/data/en/dataset/a8ba14b7-7f23-462a-bdbb-83b0ef629823,GRP-7a9ba115
,2023,Air,10024-97-2,Emission,Stationary Fuel Combustion,tonnes,2.4386609999999997,Aggregated value from multiple facilities,,GRP-7a9ba115,CMP-3775c12e,https://www.canada.ca/en/environment-climate-change/services/environmental-indicators/greenhouse-gas-emissions/large-facilities.html; https://open.canada.ca/data/en/dataset/a8ba14b7-7f23-462a-bdbb-83b0ef629823,GRP-7a9ba115
,2023,Air,124-38-9,Emission,Industrial Processes,tonnes,903570.439,Aggregated value from multiple facilities,,GRP-7a9ba115,CMP-3775c12e,https://www.canada.ca/en/environment-climate-change/services/environmental-indicators/greenhouse-gas-emissions/large-facilities.html; https://open.canada.ca/data/en/dataset/a8ba14b7-7f23-462a-bdbb-83b0ef629823,GRP-7a9ba115
,2023,Air,124-38-9,Emission,On-site Transportation,tonnes,3525.798,Aggregated value from multiple facilities,,GRP-7a9ba115,CMP-3775c12e,https://www.canada.ca/en/environment-climate-change/services/environmental-indicators/greenhouse-gas-emissions/large-facilities.html; https://open.canada.ca/data/en/dataset/a8ba14b7-7f23-462a-bdbb-83b0ef629823,GRP-7a9ba115
,2023,Air,124-38-9,Emission,Stationary Fuel Combustion,tonnes,138838.81,Aggregated value from multiple facilities,,GRP-7a9ba115,CMP-3775c12e,https://www.canada.ca/en/environment-climate-change/services/environmental-indicators/greenhouse-gas-emissions/large-facilities.html; https://open.canada.ca/data/en/dataset/a8ba14b7-7f23-462a-bdbb-83b0ef629823,GRP-7a9ba115
,2023,Air,74-82-8,Emission,Industrial Processes,tonnes,16.6908,Aggregated value from multiple facilities,,GRP-7a9ba115,CMP-3775c12e,https://www.canada.ca/en/environment-climate-change/services/environmental-indicators/greenhouse-gas-emissions/large-facilities.html; https://open.canada.ca/data/en/dataset/a8ba14b7-7f23-462a-bdbb-83b0ef629823,GRP-7a9ba115
,2023,Air,74-82-8,Emission,On-site Transportation,tonnes,0.50501,Aggregated value from multiple facilities,,GRP-7a9ba115,CMP-3775c12e,https://www.canada.ca/en/environment-climate-change/services/environmental-indicators/greenhouse-gas-emissions/large-facilities.html; https://open.canada.ca/data/en/dataset/a8ba14b7-7f23-462a-bdbb-83b0ef629823,GRP-7a9ba115
,2023,Air,74-82-8,Emission,Stationary Fuel Combustion,tonnes,2.735173,Aggregated value from multiple facilities,,GRP-7a9ba115,CMP-3775c12e,https://www.canada.ca/en/environment-climate-change/services/environmental-indicators/greenhouse-gas-emissions/large-facilities.html; https://open.canada.ca/data/en/dataset/a8ba14b7-7f23-462a-bdbb-83b0ef629823,GRP-7a9ba115
,2023,Air,NA - GHG,Emission,Industrial Processes,tonnes,904037.7814,Aggregated value from multiple facilities,,GRP-7a9ba115,CMP-3775c12e,https://www.canada.ca/en/environment-climate-change/services/environmental-indicators/greenhouse-gas-emissions/large-facilities.html; https://open.canada.ca/data/en/dataset/a8ba14b7-7f23-462a-bdbb-83b0ef629823,GRP-7a9ba115
,2023,Air,NA - GHG,Emission,On-site Transportation,tonnes,3896.827295,Aggregated value from multiple facilities,,GRP-7a9ba115,CMP-3775c12e,https://www.canada.ca/en/environment-climate-change/services/environmental-indicators/greenhouse-gas-emissions/large-facilities.html; https://open.canada.ca/data/en/dataset/a8ba14b7-7f23-462a-bdbb-83b0ef629823,GRP-7a9ba115
,2023,Air,NA - GHG,Emission,Stationary Fuel Combustion,tonnes,139561.64005,Aggregated value from multiple facilities,,GRP-7a9ba115,CMP-3775c12e,https://www.canada.ca/en/environment-climate-change/services/environmental-indicators/greenhouse-gas-emissions/large-facilities.html; https://open.canada.ca/data/en/dataset/a8ba14b7-7f23-462a-bdbb-83b0ef629823,GRP-7a9ba115
,2023,Air,NA - GHG,Emission,Total,tonnes,1047496.24869,Aggregated value from multiple facilities,,GRP-7a9ba115,CMP-3775c12e,https://www.canada.ca/en/environment-climate-change/services/environmental-indicators/greenhouse-gas-emissions/large-facilities.html; https://open.canada.ca/data/en/dataset/a8ba14b7-7f23-462a-bdbb-83b0ef629823,GRP-7a9ba115
,2023,Air,10024-97-2,Emission,Industrial Processes,tonnes,5.2063,Aggregated value from multiple facilities,,GRP-91aaa60b,CMP-43299e17,https://www.canada.ca/en/environment-climate-change/services/environmental-indicators/greenhouse-gas-emissions/large-facilities.html; https://open.canada.ca/data/en/dataset/a8ba14b7-7f23-462a-bdbb-83b0ef629823,GRP-91aaa60b
,2023,Air,10024-97-2,Emission,On-site Transportation,tonnes,0.07650000000000001,Aggregated value from multiple facilities,,GRP-91aaa60b,CMP-43299e17,https://www.canada.ca/en/environment-climate-change/services/environmental-indicators/greenhouse-gas-emissions/large-facilities.html; https://open.canada.ca/data/en/dataset/a8ba14b7-7f23-462a-bdbb-83b0ef629823,GRP-91aaa60b
,2023,Air,10024-97-2,Emission,Stationary Fuel Combustion,tonnes,2.229176,Aggregated value from multiple facilities,,GRP-91aaa60b,CMP-43299e17,https://www.canada.ca/en/environment-climate-change/services/environmental-indicators/greenhouse-gas-emissions/large-facilities.html; https://open.canada.ca/data/en/dataset/a8ba14b7-7f23-462a-bdbb-83b0ef629823,GRP-91aaa60b
,2023,Air,10024-97-2,Emission,Waste,tonnes,0.0088,Aggregated value from multiple facilities,,GRP-91aaa60b,CMP-43299e17,https://www.canada.ca/en/environment-climate-change/services/environmental-indicators/greenhouse-gas-emissions/large-facilities.html; https://open.canada.ca/data/en/dataset/a8ba14b7-7f23-462a-bdbb-83b0ef629823,GRP-91aaa60b
,2023,Air,10024-97-2,Emission,Wastewater,tonnes,0.07930000000000001,Aggregated value from multiple facilities,,GRP-91aaa60b,CMP-43299e17,https://www.canada.ca/en/environment-climate-change/services/environmental-indicators/greenhouse-gas-emissions/large-facilities.html; https://open.canada.ca/data/en/dataset/a8ba14b7-7f23-462a-bdbb-83b0ef629823,GRP-91aaa60b
,2023,Air,124-38-9,Emission,Industrial Processes,tonnes,360.7726,Aggregated value from multiple facilities,,GRP-91aaa60b,CMP-43299e17,https://www.canada.ca/en/environment-climate-change/services/environmental-indicators/greenhouse-gas-emissions/large-facilities.html; https://open.canada.ca/data/en/dataset/a8ba14b7-7f23-462a-bdbb-83b0ef629823,GRP-91aaa60b
,2023,Air,124-38-9,Emission,On-site Transportation,tonnes,8551.501199999999,Aggregated value from multiple facilities,,GRP-91aaa60b,CMP-43299e17,https://www.canada.ca/en/environment-climate-change/services/environmental-indicators/greenhouse-gas-emissions/large-facilities.html; https://open.canada.ca/data/en/dataset/a8ba14b7-7f23-462a-bdbb-83b0ef629823,GRP-91aaa60b
,2023,Air,124-38-9,Emission,Stationary Fuel Combustion,tonnes,31847.0172,Aggregated value from multiple facilities,,GRP-91aaa60b,CMP-43299e17,https://www.canada.ca/en/environment-climate-change/services/environmental-indicators/greenhouse-gas-emissions/large-facilities.html; https://open.canada.ca/data/en/dataset/a8ba14b7-7f23-462a-bdbb-83b0ef629823,GRP-91aaa60b
,2023,Air,124-38-9,Emission,Waste,tonnes,47.1596,Aggregated value from multiple facilities,,GRP-91aaa60b,CMP-43299e17,https://www.canada.ca/en/environment-climate-change/services/environmental-indicators/greenhouse-gas-emissions/large-facilities.html; https://open.canada.ca/data/en/dataset/a8ba14b7-7f23-462a-bdbb-83b0ef629823,GRP-91aaa60b
,2023,Air,124-38-9,Emission,Wastewater,tonnes,0.0,Aggregated value from multiple facilities,,GRP-91aaa60b,CMP-43299e17,https://www.canada.ca/en/environment-climate-change/services/environmental-indicators/greenhouse-gas-emissions/large-facilities.html; https://open.canada.ca/data/en/dataset/a8ba14b7-7f23-462a-bdbb-83b0ef629823,GRP-91aaa60b
,2023,Air,74-82-8,Emission,Industrial Processes,tonnes,0.0,Aggregated value from multiple facilities,,GRP-91aaa60b,CMP-43299e17,https://www.canada.ca/en/environment-climate-change/services/environmental-indicators/greenhouse-gas-emissions/large-facilities.html; https://open.canada.ca/data/en/dataset/a8ba14b7-7f23-462a-bdbb-83b0ef629823,GRP-91aaa60b
,2023,Air,74-82-8,Emission,On-site Transportation,tonnes,1.5946,Aggregated value from multiple facilities,,GRP-91aaa60b,CMP-43299e17,https://www.canada.ca/en/environment-climate-change/services/environmental-indicators/greenhouse-gas-emissions/large-facilities.html; https://open.canada.ca/data/en/dataset/a8ba14b7-7f23-462a-bdbb-83b0ef629823,GRP-91aaa60b
,2023,Air,74-82-8,Emission,Stationary Fuel Combustion,tonnes,0.512995,Aggregated value from multiple facilities,,GRP-91aaa60b,CMP-43299e17,https://www.canada.ca/en/environment-climate-change/services/environmental-indicators/greenhouse-gas-emissions/large-facilities.html; https://open.canada.ca/data/en/dataset/a8ba14b7-7f23-462a-bdbb-83b0ef629823,GRP-91aaa60b
,2023,Air,74-82-8,Emission,Waste,tonnes,22.582,Aggregated value from multiple facilities,,GRP-91aaa60b,CMP-43299e17,https://www.canada.ca/en/environment-climate-change/services/environmental-indicators/greenhouse-gas-emissions/large-facilities.html; https://open.canada.ca/data/en/dataset/a8ba14b7-7f23-462a-bdbb-83b0ef629823,GRP-91aaa60b
,2023,Air,74-82-8,Emission,Wastewater,tonnes,4.5952,Aggregated value from multiple facilities,,GRP-91aaa60b,CMP-43299e17,https://www.canada.ca/en/environment-climate-change/services/environmental-indicators/greenhouse-gas-emissions/large-facilities.html; https://open.canada.ca/data/en/dataset/a8ba14b7-7f23-462a-bdbb-83b0ef629823,GRP-91aaa60b
,2023,Air,NA - GHG,Emission,Industrial Processes,tonnes,1740.4421,Aggregated value from multiple facilities,,GRP-91aaa60b,CMP-43299e17,https://www.canada.ca/en/environment-climate-change/services/environmental-indicators/greenhouse-gas-emissions/large-facilities.html; https://open.canada.ca/data/en/dataset/a8ba14b7-7f23-462a-bdbb-83b0ef629823,GRP-91aaa60b
,2023,Air,NA - GHG,Emission,On-site Transportation,tonnes,8616.4225,Aggregated value from multiple facilities,,GRP-91aaa60b,CMP-43299e17,https://www.canada.ca/en/environment-climate-change/services/environmental-indicators/greenhouse-gas-emissions/large-facilities.html; https://open.canada.ca/data/en/dataset/a8ba14b7-7f23-462a-bdbb-83b0ef629823,GRP-91aaa60b
,2023,Air,NA - GHG,Emission,Stationary Fuel Combustion,tonnes,32452.112699999998,Aggregated value from multiple facilities,,GRP-91aaa60b,CMP-43299e17,https://www.canada.ca/en/environment-climate-change/services/environmental-indicators/greenhouse-gas-emissions/large-facilities.html; https://open.canada.ca/data/en/dataset/a8ba14b7-7f23-462a-bdbb-83b0ef629823,GRP-91aaa60b
,2023,Air,NA - GHG,Emission,Total,tonnes,43640.44500000001,Aggregated value from multiple facilities,,GRP-91aaa60b,CMP-43299e17,https://www.canada.ca/en/environment-climate-change/services/environmental-indicators/greenhouse-gas-emissions/large-facilities.html; https://open.canada.ca/data/en/dataset/a8ba14b7-7f23-462a-bdbb-83b0ef629823,GRP-91aaa60b
,2023,Air,NA - GHG,Emission,Waste,tonnes,681.7876,Aggregated value from multiple facilities,,GRP-91aaa60b,CMP-43299e17,https://www.canada.ca/en/environment-climate-change/services/environmental-indicators/greenhouse-gas-emissions/large-facilities.html; https://open.canada.ca/data/en/dataset/a8ba14b7-7f23-462a-bdbb-83b0ef629823,GRP-91aaa60b
,2023,Air,NA - GHG,Emission,Wastewater,tonnes,149.68009999999998,Aggregated value from multiple facilities,,GRP-91aaa60b,CMP-43299e17,https://www.canada.ca/en/environment-climate-change/services/environmental-indicators/greenhouse-gas-emissions/large-facilities.html; https://open.canada.ca/data/en/dataset/a8ba14b7-7f23-462a-bdbb-83b0ef629823,GRP-91aaa60b
,2023,Air,10024-97-2,Emission,On-site Transportation,tonnes,0.831,Aggregated value from multiple facilities,,GRP-a13779f8,CMP-12afc634,https://www.canada.ca/en/environment-climate-change/services/environmental-indicators/greenhouse-gas-emissions/large-facilities.html; https://open.canada.ca/data/en/dataset/a8ba14b7-7f23-462a-bdbb-83b0ef629823,GRP-a13779f8
,2023,Air,10024-97-2,Emission,Stationary Fuel Combustion,tonnes,0.922,Aggregated value from multiple facilities,,GRP-a13779f8,CMP-12afc634,https://www.canada.ca/en/environment-climate-change/services/environmental-indicators/greenhouse-gas-emissions/large-facilities.html; https://open.canada.ca/data/en/dataset/a8ba14b7-7f23-462a-bdbb-83b0ef629823,GRP-a13779f8
,2023,Air,124-38-9,Emission,On-site Transportation,tonnes,9876.01,Aggregated value from multiple facilities,,GRP-a13779f8,CMP-12afc634,https://www.canada.ca/en/environment-climate-change/services/environmental-indicators/greenhouse-gas-emissions/large-facilities.html; https://open.canada.ca/data/en/dataset/a8ba14b7-7f23-462a-bdbb-83b0ef629823,GRP-a13779f8
,2023,Air,124-38-9,Emission,Stationary Fuel Combustion,tonnes,12933.56,Aggregated value from multiple facilities,,GRP-a13779f8,CMP-12afc634,https://www.canada.ca/en/environment-climate-change/services/environmental-indicators/greenhouse-gas-emissions/large-facilities.html; https://open.canada.ca/data/en/dataset/a8ba14b7-7f23-462a-bdbb-83b0ef629823,GRP-a13779f8
,2023,Air,74-82-8,Emission,On-site Transportation,tonnes,0.891,Aggregated value from multiple facilities,,GRP-a13779f8,CMP-12afc634,https://www.canada.ca/en/environment-climate-change/services/environmental-indicators/greenhouse-gas-emissions/large-facilities.html; https://open.canada.ca/data/en/dataset/a8ba14b7-7f23-462a-bdbb-83b0ef629823,GRP-a13779f8
,2023,Air,74-82-8,Emission,Stationary Fuel Combustion,tonnes,0.2049,Aggregated value from multiple facilities,,GRP-a13779f8,CMP-12afc634,https://www.canada.ca/en/environment-climate-change/services/environmental-indicators/greenhouse-gas-emissions/large-facilities.html; https://open.canada.ca/data/en/dataset/a8ba14b7-7f23-462a-bdbb-83b0ef629823,GRP-a13779f8
,2023,Air,NA - GHG,Emission,On-site Transportation,tonnes,10121.173,Aggregated value from multiple facilities,,GRP-a13779f8,CMP-12afc634,https://www.canada.ca/en/environment-climate-change/services/environmental-indicators/greenhouse-gas-emissions/large-facilities.html; https://open.canada.ca/data/en/dataset/a8ba14b7-7f23-462a-bdbb-83b0ef629823,GRP-a13779f8
,2023,Air,NA - GHG,Emission,Stationary Fuel Combustion,tonnes,13183.6272,Aggregated value from multiple facilities,,GRP-a13779f8,CMP-12afc634,https://www.canada.ca/en/environment-climate-change/services/environmental-indicators/greenhouse-gas-emissions/large-facilities.html; https://open.canada.ca/data/en/dataset/a8ba14b7-7f23-462a-bdbb-83b0ef629823,GRP-a13779f8
,2023,Air,NA - GHG,Emission,Total,tonnes,23304.8002,Aggregated value from multiple facilities,,GRP-a13779f8,CMP-12afc634,https://www.canada.ca/en/environment-climate-change/services/environmental-indicators/greenhouse-gas-emissions/large-facilities.html; https://open.canada.ca/data/en/dataset/a8ba14b7-7f23-462a-bdbb-83b0ef629823,GRP-a13779f8
,2023,Air,NA - GHG,Emission,,tonnes,28.0,Aggregated value from multiple facilities,,GRP-a13779f8,CMP-12afc634,HudbayMineralsInc_Hudbay-2023-Integrated-Annual-Report-Performance-Data,GRP-a13779f8
,2023,Air,10024-97-2,Emission,Industrial Processes,tonnes,0.0,Aggregated value from multiple facilities,,GRP-b48ec279,CMP-d5f1c66b,https://www.canada.ca/en/environment-climate-change/services/environmental-indicators/greenhouse-gas-emissions/large-facilities.html; https://open.canada.ca/data/en/dataset/a8ba14b7-7f23-462a-bdbb-83b0ef629823,GRP-b48ec279
,2023,Air,10024-97-2,Emission,On-site Transportation,tonnes,1.918463,Aggregated value from multiple facilities,,GRP-b48ec279,CMP-d5f1c66b,https://www.canada.ca/en/environment-climate-change/services/environmental-indicators/greenhouse-gas-emissions/large-facilities.html; https://open.canada.ca/data/en/dataset/a8ba14b7-7f23-462a-bdbb-83b0ef629823,GRP-b48ec279
,2023,Air,10024-97-2,Emission,Stationary Fuel Combustion,tonnes,1.9018099999999998,Aggregated value from multiple facilities,,GRP-b48ec279,CMP-d5f1c66b,https://www.canada.ca/en/environment-climate-change/services/environmental-indicators/greenhouse-gas-emissions/large-facilities.html; https://open.canada.ca/data/en/dataset/a8ba14b7-7f23-462a-bdbb-83b0ef629823,GRP-b48ec279
,2023,Air,124-38-9,Emission,Industrial Processes,tonnes,65283.69074,Aggregated value from multiple facilities,,GRP-b48ec279,CMP-d5f1c66b,https://www.canada.ca/en/environment-climate-change/services/environmental-indicators/greenhouse-gas-emissions/large-facilities.html; https://open.canada.ca/data/en/dataset/a8ba14b7-7f23-462a-bdbb-83b0ef629823,GRP-b48ec279
,2023,Air,124-38-9,Emission,On-site Transportation,tonnes,5097.969783,Aggregated value from multiple facilities,,GRP-b48ec279,CMP-d5f1c66b,https://www.canada.ca/en/environment-climate-change/services/environmental-indicators/greenhouse-gas-emissions/large-facilities.html; https://open.canada.ca/data/en/dataset/a8ba14b7-7f23-462a-bdbb-83b0ef629823,GRP-b48ec279
,2023,Air,124-38-9,Emission,Stationary Fuel Combustion,tonnes,109191.83671,Aggregated value from multiple facilities,,GRP-b48ec279,CMP-d5f1c66b,https://www.canada.ca/en/environment-climate-change/services/environmental-indicators/greenhouse-gas-emissions/large-facilities.html; https://open.canada.ca/data/en/dataset/a8ba14b7-7f23-462a-bdbb-83b0ef629823,GRP-b48ec279
,2023,Air,74-82-8,Emission,Industrial Processes,tonnes,0.0,Aggregated value from multiple facilities,,GRP-b48ec279,CMP-d5f1c66b,https://www.canada.ca/en/environment-climate-change/services/environmental-indicators/greenhouse-gas-emissions/large-facilities.html; https://open.canada.ca/data/en/dataset/a8ba14b7-7f23-462a-bdbb-83b0ef629823,GRP-b48ec279
,2023,Air,74-82-8,Emission,On-site Transportation,tonnes,0.818117,Aggregated value from multiple facilities,,GRP-b48ec279,CMP-d5f1c66b,https://www.canada.ca/en/environment-climate-change/services/environmental-indicators/greenhouse-gas-emissions/large-facilities.html; https://open.canada.ca/data/en/dataset/a8ba14b7-7f23-462a-bdbb-83b0ef629823,GRP-b48ec279
,2023,Air,74-82-8,Emission,Stationary Fuel Combustion,tonnes,2.13531,Aggregated value from multiple facilities,,GRP-b48ec279,CMP-d5f1c66b,https://www.canada.ca/en/environment-climate-change/services/environmental-indicators/greenhouse-gas-emissions/large-facilities.html; https://open.canada.ca/data/en/dataset/a8ba14b7-7f23-462a-bdbb-83b0ef629823,GRP-b48ec279
,2023,Air,NA - GHG,Emission,Industrial Processes,tonnes,65313.174606,Aggregated value from multiple facilities,,GRP-b48ec279,CMP-d5f1c66b,https://www.canada.ca/en/environment-climate-change/services/environmental-indicators/greenhouse-gas-emissions/large-facilities.html; https://open.canada.ca/data/en/dataset/a8ba14b7-7f23-462a-bdbb-83b0ef629823,GRP-b48ec279
,2023,Air,NA - GHG,Emission,On-site Transportation,tonnes,5629.269754,Aggregated value from multiple facilities,,GRP-b48ec279,CMP-d5f1c66b,https://www.canada.ca/en/environment-climate-change/services/environmental-indicators/greenhouse-gas-emissions/large-facilities.html; https://open.canada.ca/data/en/dataset/a8ba14b7-7f23-462a-bdbb-83b0ef629823,GRP-b48ec279
,2023,Air,NA - GHG,Emission,Stationary Fuel Combustion,tonnes,109755.60504,Aggregated value from multiple facilities,,GRP-b48ec279,CMP-d5f1c66b,https://www.canada.ca/en/environment-climate-change/services/environmental-indicators/greenhouse-gas-emissions/large-facilities.html; https://open.canada.ca/data/en/dataset/a8ba14b7-7f23-462a-bdbb-83b0ef629823,GRP-b48ec279
,2023,Air,NA - GHG,Emission,Total,tonnes,180698.04937,Aggregated value from multiple facilities,,GRP-b48ec279,CMP-d5f1c66b,https://www.canada.ca/en/environment-climate-change/services/environmental-indicators/greenhouse-gas-emissions/large-facilities.html; https://open.canada.ca/data/en/dataset/a8ba14b7-7f23-462a-bdbb-83b0ef629823,GRP-b48ec279
,2023,Air,10024-97-2,Emission,Industrial Processes,tonnes,0.0,Aggregated value from multiple facilities,,GRP-dc07540b,CMP-9617aef4,https://www.canada.ca/en/environment-climate-change/services/environmental-indicators/greenhouse-gas-emissions/large-facilities.html; https://open.canada.ca/data/en/dataset/a8ba14b7-7f23-462a-bdbb-83b0ef629823,GRP-dc07540b
,2023,Air,10024-97-2,Emission,On-site Transportation,tonnes,0.259407,Aggregated value from multiple facilities,,GRP-dc07540b,CMP-9617aef4,https://www.canada.ca/en/environment-climate-change/services/environmental-indicators/greenhouse-gas-emissions/large-facilities.html; https://open.canada.ca/data/en/dataset/a8ba14b7-7f23-462a-bdbb-83b0ef629823,GRP-dc07540b
,2023,Air,10024-97-2,Emission,Stationary Fuel Combustion,tonnes,3.84114,Aggregated value from multiple facilities,,GRP-dc07540b,CMP-9617aef4,https://www.canada.ca/en/environment-climate-change/services/environmental-indicators/greenhouse-gas-emissions/large-facilities.html; https://open.canada.ca/data/en/dataset/a8ba14b7-7f23-462a-bdbb-83b0ef629823,GRP-dc07540b
,2023,Air,124-38-9,Emission,Industrial Processes,tonnes,66982.15,Aggregated value from multiple facilities,,GRP-dc07540b,CMP-9617aef4,https://www.canada.ca/en/environment-climate-change/services/environmental-indicators/greenhouse-gas-emissions/large-facilities.html; https://open.canada.ca/data/en/dataset/a8ba14b7-7f23-462a-bdbb-83b0ef629823,GRP-dc07540b
,2023,Air,124-38-9,Emission,On-site Transportation,tonnes,31047.86042,Aggregated value from multiple facilities,,GRP-dc07540b,CMP-9617aef4,https://www.canada.ca/en/environment-climate-change/services/environmental-indicators/greenhouse-gas-emissions/large-facilities.html; https://open.canada.ca/data/en/dataset/a8ba14b7-7f23-462a-bdbb-83b0ef629823,GRP-dc07540b
,2023,Air,124-38-9,Emission,Stationary Fuel Combustion,tonnes,226065.9313,Aggregated value from multiple facilities,,GRP-dc07540b,CMP-9617aef4,https://www.canada.ca/en/environment-climate-change/services/environmental-indicators/greenhouse-gas-emissions/large-facilities.html; https://open.canada.ca/data/en/dataset/a8ba14b7-7f23-462a-bdbb-83b0ef629823,GRP-dc07540b
,2023,Air,74-82-8,Emission,Industrial Processes,tonnes,0.0,Aggregated value from multiple facilities,,GRP-dc07540b,CMP-9617aef4,https://www.canada.ca/en/environment-climate-change/services/environmental-indicators/greenhouse-gas-emissions/large-facilities.html; https://open.canada.ca/data/en/dataset/a8ba14b7-7f23-462a-bdbb-83b0ef629823,GRP-dc07540b
,2023,Air,74-82-8,Emission,On-site Transportation,tonnes,3.770054,Aggregated value from multiple facilities,,GRP-dc07540b,CMP-9617aef4,https://www.canada.ca/en/environment-climate-change/services/environmental-indicators/greenhouse-gas-emissions/large-facilities.html; https://open.canada.ca/data/en/dataset/a8ba14b7-7f23-462a-bdbb-83b0ef629823,GRP-dc07540b
,2023,Air,74-82-8,Emission,Stationary Fuel Combustion,tonnes,4.21316,Aggregated value from multiple facilities,,GRP-dc07540b,CMP-9617aef4,https://www.canada.ca/en/environment-climate-change/services/environmental-indicators/greenhouse-gas-emissions/large-facilities.html; https://open.canada.ca/data/en/dataset/a8ba14b7-7f23-462a-bdbb-83b0ef629823,GRP-dc07540b
,2023,Air,NA - GHG,Emission,Industrial Processes,tonnes,67005.603,Aggregated value from multiple facilities,,GRP-dc07540b,CMP-9617aef4,https://www.canada.ca/en/environment-climate-change/services/environmental-indicators/greenhouse-gas-emissions/large-facilities.html; https://open.canada.ca/data/en/dataset/a8ba14b7-7f23-462a-bdbb-83b0ef629823,GRP-dc07540b
,2023,Air,NA - GHG,Emission,On-site Transportation,tonnes,31222.16479,Aggregated value from multiple facilities,,GRP-dc07540b,CMP-9617aef4,https://www.canada.ca/en/environment-climate-change/services/environmental-indicators/greenhouse-gas-emissions/large-facilities.html; https://open.canada.ca/data/en/dataset/a8ba14b7-7f23-462a-bdbb-83b0ef629823,GRP-dc07540b
,2023,Air,NA - GHG,Emission,Stationary Fuel Combustion,tonnes,227201.8019,Aggregated value from multiple facilities,,GRP-dc07540b,CMP-9617aef4,https://www.canada.ca/en/environment-climate-change/services/environmental-indicators/greenhouse-gas-emissions/large-facilities.html; https://open.canada.ca/data/en/dataset/a8ba14b7-7f23-462a-bdbb-83b0ef629823,GRP-dc07540b
,2023,Air,NA - GHG,Emission,Total,tonnes,325429.5697,Aggregated value from multiple facilities,,GRP-dc07540b,CMP-9617aef4,https://www.canada.ca/en/environment-climate-change/services/environmental-indicators/greenhouse-gas-emissions/large-facilities.html; https://open.canada.ca/data/en/dataset/a8ba14b7-7f23-462a-bdbb-83b0ef629823,GRP-dc07540b
,2023,Air,10024-97-2,Emission,Industrial Processes,tonnes,0.0,Aggregated value from multiple facilities,,GRP-de097f20,CMP-d5f1c66b,https://www.canada.ca/en/environment-climate-change/services/environmental-indicators/greenhouse-gas-emissions/large-facilities.html; https://open.canada.ca/data/en/dataset/a8ba14b7-7f23-462a-bdbb-83b0ef629823,GRP-de097f20
,2023,Air,10024-97-2,Emission,Leakage / Fuites,tonnes,0.0,Aggregated value from multiple facilities,,GRP-de097f20,CMP-d5f1c66b,https://www.canada.ca/en/environment-climate-change/services/environmental-indicators/greenhouse-gas-emissions/large-facilities.html; https://open.canada.ca/data/en/dataset/a8ba14b7-7f23-462a-bdbb-83b0ef629823,GRP-de097f20
,2023,Air,10024-97-2,Emission,On-site Transportation,tonnes,0.0881,Aggregated value from multiple facilities,,GRP-de097f20,CMP-d5f1c66b,https://www.canada.ca/en/environment-climate-change/services/environmental-indicators/greenhouse-gas-emissions/large-facilities.html; https://open.canada.ca/data/en/dataset/a8ba14b7-7f23-462a-bdbb-83b0ef629823,GRP-de097f20
,2023,Air,10024-97-2,Emission,Stationary Fuel Combustion,tonnes,0.661565,Aggregated value from multiple facilities,,GRP-de097f20,CMP-d5f1c66b,https://www.canada.ca/en/environment-climate-change/services/environmental-indicators/greenhouse-gas-emissions/large-facilities.html; https://open.canada.ca/data/en/dataset/a8ba14b7-7f23-462a-bdbb-83b0ef629823,GRP-de097f20
,2023,Air,10024-97-2,Emission,Waste,tonnes,0.0,Aggregated value from multiple facilities,,GRP-de097f20,CMP-d5f1c66b,https://www.canada.ca/en/environment-climate-change/services/environmental-indicators/greenhouse-gas-emissions/large-facilities.html; https://open.canada.ca/data/en/dataset/a8ba14b7-7f23-462a-bdbb-83b0ef629823,GRP-de097f20
,2023,Air,124-38-9,Emission,Industrial Processes,tonnes,83887.0988,Aggregated value from multiple facilities,,GRP-de097f20,CMP-d5f1c66b,https://www.canada.ca/en/environment-climate-change/services/environmental-indicators/greenhouse-gas-emissions/large-facilities.html; https://open.canada.ca/data/en/dataset/a8ba14b7-7f23-462a-bdbb-83b0ef629823,GRP-de097f20
,2023,Air,124-38-9,Emission,Leakage / Fuites,tonnes,0.0,Aggregated value from multiple facilities,,GRP-de097f20,CMP-d5f1c66b,https://www.canada.ca/en/environment-climate-change/services/environmental-indicators/greenhouse-gas-emissions/large-facilities.html; https://open.canada.ca/data/en/dataset/a8ba14b7-7f23-462a-bdbb-83b0ef629823,GRP-de097f20
,2023,Air,124-38-9,Emission,On-site Transportation,tonnes,10834.8805,Aggregated value from multiple facilities,,GRP-de097f20,CMP-d5f1c66b,https://www.canada.ca/en/environment-climate-change/services/environmental-indicators/greenhouse-gas-emissions/large-facilities.html; https://open.canada.ca/data/en/dataset/a8ba14b7-7f23-462a-bdbb-83b0ef629823,GRP-de097f20
,2023,Air,124-38-9,Emission,Stationary Fuel Combustion,tonnes,39340.9122,Aggregated value from multiple facilities,,GRP-de097f20,CMP-d5f1c66b,https://www.canada.ca/en/environment-climate-change/services/environmental-indicators/greenhouse-gas-emissions/large-facilities.html; https://open.canada.ca/data/en/dataset/a8ba14b7-7f23-462a-bdbb-83b0ef629823,GRP-de097f20
,2023,Air,124-38-9,Emission,Waste,tonnes,0.0,Aggregated value from multiple facilities,,GRP-de097f20,CMP-d5f1c66b,https://www.canada.ca/en/environment-climate-change/services/environmental-indicators/greenhouse-gas-emissions/large-facilities.html; https://open.canada.ca/data/en/dataset/a8ba14b7-7f23-462a-bdbb-83b0ef629823,GRP-de097f20
,2023,Air,74-82-8,Emission,Industrial Processes,tonnes,0.0,Aggregated value from multiple facilities,,GRP-de097f20,CMP-d5f1c66b,https://www.canada.ca/en/environment-climate-change/services/environmental-indicators/greenhouse-gas-emissions/large-facilities.html; https://open.canada.ca/data/en/dataset/a8ba14b7-7f23-462a-bdbb-83b0ef629823,GRP-de097f20
,2023,Air,74-82-8,Emission,Leakage / Fuites,tonnes,0.054,Aggregated value from multiple facilities,,GRP-de097f20,CMP-d5f1c66b,https://www.canada.ca/en/environment-climate-change/services/environmental-indicators/greenhouse-gas-emissions/large-facilities.html; https://open.canada.ca/data/en/dataset/a8ba14b7-7f23-462a-bdbb-83b0ef629823,GRP-de097f20
,2023,Air,74-82-8,Emission,On-site Transportation,tonnes,0.9899,Aggregated value from multiple facilities,,GRP-de097f20,CMP-d5f1c66b,https://www.canada.ca/en/environment-climate-change/services/environmental-indicators/greenhouse-gas-emissions/large-facilities.html; https://open.canada.ca/data/en/dataset/a8ba14b7-7f23-462a-bdbb-83b0ef629823,GRP-de097f20
,2023,Air,74-82-8,Emission,Stationary Fuel Combustion,tonnes,0.752,Aggregated value from multiple facilities,,GRP-de097f20,CMP-d5f1c66b,https://www.canada.ca/en/environment-climate-change/services/environmental-indicators/greenhouse-gas-emissions/large-facilities.html; https://open.canada.ca/data/en/dataset/a8ba14b7-7f23-462a-bdbb-83b0ef629823,GRP-de097f20
,2023,Air,74-82-8,Emission,Waste,tonnes,32.829,Aggregated value from multiple facilities,,GRP-de097f20,CMP-d5f1c66b,https://www.canada.ca/en/environment-climate-change/services/environmental-indicators/greenhouse-gas-emissions/large-facilities.html; https://open.canada.ca/data/en/dataset/a8ba14b7-7f23-462a-bdbb-83b0ef629823,GRP-de097f20
,2023,Air,NA - GHG,Emission,Industrial Processes,tonnes,83980.6988,Aggregated value from multiple facilities,,GRP-de097f20,CMP-d5f1c66b,https://www.canada.ca/en/environment-climate-change/services/environmental-indicators/greenhouse-gas-emissions/large-facilities.html; https://open.canada.ca/data/en/dataset/a8ba14b7-7f23-462a-bdbb-83b0ef629823,GRP-de097f20
,2023,Air,NA - GHG,Emission,Leakage / Fuites,tonnes,1.512,Aggregated value from multiple facilities,,GRP-de097f20,CMP-d5f1c66b,https://www.canada.ca/en/environment-climate-change/services/environmental-indicators/greenhouse-gas-emissions/large-facilities.html; https://open.canada.ca/data/en/dataset/a8ba14b7-7f23-462a-bdbb-83b0ef629823,GRP-de097f20
,2023,Air,NA - GHG,Emission,On-site Transportation,tonnes,10885.9442,Aggregated value from multiple facilities,,GRP-de097f20,CMP-d5f1c66b,https://www.canada.ca/en/environment-climate-change/services/environmental-indicators/greenhouse-gas-emissions/large-facilities.html; https://open.canada.ca/data/en/dataset/a8ba14b7-7f23-462a-bdbb-83b0ef629823,GRP-de097f20
,2023,Air,NA - GHG,Emission,Stationary Fuel Combustion,tonnes,39537.28293,Aggregated value from multiple facilities,,GRP-de097f20,CMP-d5f1c66b,https://www.canada.ca/en/environment-climate-change/services/environmental-indicators/greenhouse-gas-emissions/large-facilities.html; https://open.canada.ca/data/en/dataset/a8ba14b7-7f23-462a-bdbb-83b0ef629823,GRP-de097f20
,2023,Air,NA - GHG,Emission,Total,tonnes,135324.64990000002,Aggregated value from multiple facilities,,GRP-de097f20,CMP-d5f1c66b,https://www.canada.ca/en/environment-climate-change/services/environmental-indicators/greenhouse-gas-emissions/large-facilities.html; https://open.canada.ca/data/en/dataset/a8ba14b7-7f23-462a-bdbb-83b0ef629823,GRP-de097f20
,2023,Air,NA - GHG,Emission,Waste,tonnes,919.212,Aggregated value from multiple facilities,,GRP-de097f20,CMP-d5f1c66b,https://www.canada.ca/en/environment-climate-change/services/environmental-indicators/greenhouse-gas-emissions/large-facilities.html; https://open.canada.ca/data/en/dataset/a8ba14b7-7f23-462a-bdbb-83b0ef629823,GRP-de097f20
