main_id,facility_group_id,compartment_name,substance_name,flow_direction,release_pathway,unit,value,site_id,activity_name,concentrate,mass_conc,allocation_factor,facility_type,value_normalized,functional_unit,normalization_key
ON-MAIN-1f126a43,,Air,Ammonia (total),Emission,Stack Emissions,tonnes,0.636,ON-MAIN-1f126a43,"Au, Underground mining and beneficiation at Macassa",Au,7.253304461734694,1.0,mining,0.08768417255269811,Au concentrate,concentrate_economic
ON-MAIN-1f126a43,,Air,Arsenic (and its compounds),Emission,Stack Emissions,kg,0.116,ON-MAIN-1f126a43,"Au, Underground mining and beneficiation at Macassa",Au,7.253304461734694,1.0,mining,0.015992710717158777,Au concentrate,concentrate_economic
ON-MAIN-1f126a43,,Air,Carbon monoxide,Emission,Stack Emissions,tonnes,76.208,ON-MAIN-1f126a43,"Au, Underground mining and beneficiation at Macassa",Au,7.253304461734694,1.0,mining,10.506659468389964,Au concentrate,concentrate_economic
ON-MAIN-1f126a43,,Air,Chromium (and its compounds),Emission,Stack Emissions,tonnes,0.00105,ON-MAIN-1f126a43,"Au, Underground mining and beneficiation at Macassa",Au,7.253304461734694,1.0,mining,0.00014476160562945442,Au concentrate,concentrate_economic
ON-MAIN-1f126a43,,Air,Cobalt (and its compounds),Emission,Stack Emissions,kg,0.18,ON-MAIN-1f126a43,"Au, Underground mining and beneficiation at Macassa",Au,7.253304461734694,1.0,mining,0.024816275250763617,Au concentrate,concentrate_economic
ON-MAIN-1f126a43,,Air,Copper (and its compounds),Emission,Stack Emissions,tonnes,0.00105,ON-MAIN-1f126a43,"Au, Underground mining and beneficiation at Macassa",Au,7.253304461734694,1.0,mining,0.00014476160562945442,Au concentrate,concentrate_economic
ON-MAIN-1f126a43,,Air,Cyanides (ionic),Emission,Stack Emissions,tonnes,0.098,ON-MAIN-1f126a43,"Au, Underground mining and beneficiation at Macassa",Au,7.253304461734694,1.0,mining,0.013511083192082414,Au concentrate,concentrate_economic
ON-MAIN-1f126a43,,Air,Lead (and its compounds),Emission,Stack Emissions,kg,0.29,ON-MAIN-1f126a43,"Au, Underground mining and beneficiation at Macassa",Au,7.253304461734694,1.0,mining,0.03998177679289693,Au concentrate,concentrate_economic
ON-MAIN-1f126a43,,Air,Manganese (and its compounds),Emission,Stack Emissions,tonnes,0.012,ON-MAIN-1f126a43,"Au, Underground mining and beneficiation at Macassa",Au,7.253304461734694,1.0,mining,0.0016544183500509077,Au concentrate,concentrate_economic
ON-MAIN-1f126a43,,Air,Nitric acid,Emission,Stack Emissions,tonnes,0.105,ON-MAIN-1f126a43,"Au, Underground mining and beneficiation at Macassa",Au,7.253304461734694,1.0,mining,0.014476160562945442,Au concentrate,concentrate_economic
ON-MAIN-1f126a43,,Air,Nitrogen oxides (expressed as nitrogen dioxide),Emission,Stack Emissions,tonnes,140.902,ON-MAIN-1f126a43,"Au, Underground mining and beneficiation at Macassa",Au,7.253304461734694,1.0,mining,19.42590452990608,Au concentrate,concentrate_economic
ON-MAIN-1f126a43,,Air,Phosphorus (total),Emission,Stack Emissions,tonnes,0.001,ON-MAIN-1f126a43,"Au, Underground mining and beneficiation at Macassa",Au,7.253304461734694,1.0,mining,0.00013786819583757565,Au concentrate,concentrate_economic
ON-MAIN-1f126a43,,Air,PM10 - Particulate Matter <= 10 Micrometers,Emission,Stack Emissions,tonnes,21.207,ON-MAIN-1f126a43,"Au, Underground mining and beneficiation at Macassa",Au,7.253304461734694,1.0,mining,2.923770829127467,Au concentrate,concentrate_economic
ON-MAIN-1f126a43,,Air,PM2.5 - Particulate Matter <= 2.5 Micrometers,Emission,Stack Emissions,tonnes,21.207,ON-MAIN-1f126a43,"Au, Underground mining and beneficiation at Macassa",Au,7.253304461734694,1.0,mining,2.923770829127467,Au concentrate,concentrate_economic
ON-MAIN-1f126a43,,Air,Thallium (and its compounds),Emission,Stack Emissions,kg,0.008,ON-MAIN-1f126a43,"Au, Underground mining and beneficiation at Macassa",Au,7.253304461734694,1.0,mining,0.0011029455667006052,Au concentrate,concentrate_economic
ON-MAIN-1f126a43,,Air,Total particulate matter,Emission,Stack Emissions,tonnes,21.207,ON-MAIN-1f126a43,"Au, Underground mining and beneficiation at Macassa",Au,7.253304461734694,1.0,mining,2.923770829127467,Au concentrate,concentrate_economic
ON-MAIN-1f126a43,,Air,Vanadium (and its compounds),Emission,Stack Emissions,tonnes,0.00158,ON-MAIN-1f126a43,"Au, Underground mining and beneficiation at Macassa",Au,7.253304461734694,1.0,mining,0.00021783174942336953,Au concentrate,concentrate_economic
ON-MAIN-1f126a43,,Air,Zinc (and its compounds),Emission,Stack Emissions,tonnes,0.0008,ON-MAIN-1f126a43,"Au, Underground mining and beneficiation at Macassa",Au,7.253304461734694,1.0,mining,0.00011029455667006052,Au concentrate,concentrate_economic
QC-MAIN-e7e6a960,,Air,Carbon monoxide,Emission,Stack Emissions,tonnes,3.03,QC-MAIN-e7e6a960,"Au and Ag, Open-pit mining and beneficiation at Canadian Malartic",Au,29.039084533163262,1.0,mining,0.10434213229207258,Au concentrate,concentrate_economic
QC-MAIN-e7e6a960,,Air,Nitrogen oxides (expressed as nitrogen dioxide),Emission,Stack Emissions,tonnes,9.03,QC-MAIN-e7e6a960,"Au and Ag, Open-pit mining and beneficiation at Canadian Malartic",Au,29.039084533163262,1.0,mining,0.31096021603875096,Au concentrate,concentrate_economic
QC-MAIN-e7e6a960,,Air,PM10 - Particulate Matter <= 10 Micrometers,Emission,Stack Emissions,tonnes,1.73,QC-MAIN-e7e6a960,"Au and Ag, Open-pit mining and beneficiation at Canadian Malartic",Au,29.039084533163262,1.0,mining,0.0595748808136256,Au concentrate,concentrate_economic
QC-MAIN-e7e6a960,,Air,PM2.5 - Particulate Matter <= 2.5 Micrometers,Emission,Stack Emissions,tonnes,0.61,QC-MAIN-e7e6a960,"Au and Ag, Open-pit mining and beneficiation at Canadian Malartic",Au,29.039084533163262,1.0,mining,0.02100617184757897,Au concentrate,concentrate_economic
QC-MAIN-e7e6a960,,Air,Total particulate matter,Emission,Stack Emissions,tonnes,7.86,QC-MAIN-e7e6a960,"Au and Ag, Open-pit mining and beneficiation at Canadian Malartic",Au,29.039084533163262,1.0,mining,0.2706696897081487,Au concentrate,concentrate_economic
QC-MAIN-e7e6a960,,Air,Volatile Organic Compounds (Total),Emission,Stack Emissions,tonnes,0.5,QC-MAIN-e7e6a960,"Au and Ag, Open-pit mining and beneficiation at Canadian Malartic",Au,29.039084533163262,1.0,mining,0.01721817364555653,Au concentrate,concentrate_economic
NU-MAIN-8b0264c9,,Air,Arsenic (and its compounds),Emission,Stack Emissions,kg,0.950969,NU-MAIN-8b0264c9,"Au and Ag, Open-pit and underground mining and beneficiation at Meliadine",Au,12.41413683010194,1.0,mining,0.0766037150238331,Au concentrate,concentrate_economic
NU-MAIN-8b0264c9,,Air,Cadmium (and its compounds),Emission,Stack Emissions,kg,0.203747,NU-MAIN-8b0264c9,"Au and Ag, Open-pit and underground mining and beneficiation at Meliadine",Au,12.41413683010194,1.0,mining,0.016412498330609017,Au concentrate,concentrate_economic
NU-MAIN-8b0264c9,,Air,Carbon monoxide,Emission,Stack Emissions,tonnes,434.002636,NU-MAIN-8b0264c9,"Au and Ag, Open-pit and underground mining and beneficiation at Meliadine",Au,12.41413683010194,1.0,mining,34.96035543507346,Au concentrate,concentrate_economic
NU-MAIN-8b0264c9,,Air,Chromium (and its compounds),Emission,Stack Emissions,tonnes,0.000219,NU-MAIN-8b0264c9,"Au and Ag, Open-pit and underground mining and beneficiation at Meliadine",Au,12.41413683010194,1.0,mining,1.7641178198468564e-05,Au concentrate,concentrate_economic
NU-MAIN-8b0264c9,,Air,Cobalt (and its compounds),Emission,Stack Emissions,kg,0.002818,NU-MAIN-8b0264c9,"Au and Ag, Open-pit and underground mining and beneficiation at Meliadine",Au,12.41413683010194,1.0,mining,0.00022699927015198366,Au concentrate,concentrate_economic
NU-MAIN-8b0264c9,,Air,Copper (and its compounds),Emission,Stack Emissions,tonnes,0.000968,NU-MAIN-8b0264c9,"Au and Ag, Open-pit and underground mining and beneficiation at Meliadine",Au,12.41413683010194,1.0,mining,7.79756187037332e-05,Au concentrate,concentrate_economic
NU-MAIN-8b0264c9,,Air,Dioxins and furans - total,Emission,Stack Emissions,g TEQ,0.001444,NU-MAIN-8b0264c9,"Au and Ag, Open-pit and underground mining and beneficiation at Meliadine",Au,12.41413683010194,1.0,mining,0.00011631900145474249,Au concentrate,concentrate_economic
NU-MAIN-8b0264c9,,Air,Hydrochloric acid,Emission,Stack Emissions,tonnes,2.18248,NU-MAIN-8b0264c9,"Au and Ag, Open-pit and underground mining and beneficiation at Meliadine",Au,12.41413683010194,1.0,mining,0.17580602097987977,Au concentrate,concentrate_economic
NU-MAIN-8b0264c9,,Air,Lead (and its compounds),Emission,Stack Emissions,kg,1.624417,NU-MAIN-8b0264c9,"Au and Ag, Open-pit and underground mining and beneficiation at Meliadine",Au,12.41413683010194,1.0,mining,0.13085219071060142,Au concentrate,concentrate_economic
NU-MAIN-8b0264c9,,Air,Manganese (and its compounds),Emission,Stack Emissions,tonnes,0.000408,NU-MAIN-8b0264c9,"Au and Ag, Open-pit and underground mining and beneficiation at Meliadine",Au,12.41413683010194,1.0,mining,3.286575664372226e-05,Au concentrate,concentrate_economic
NU-MAIN-8b0264c9,,Air,Nickel (and its compounds),Emission,Stack Emissions,tonnes,0.000184,NU-MAIN-8b0264c9,"Au and Ag, Open-pit and underground mining and beneficiation at Meliadine",Au,12.41413683010194,1.0,mining,1.482181181971788e-05,Au concentrate,concentrate_economic
NU-MAIN-8b0264c9,,Air,Nitrogen oxides (expressed as nitrogen dioxide),Emission,Stack Emissions,tonnes,1636.562586,NU-MAIN-8b0264c9,"Au and Ag, Open-pit and underground mining and beneficiation at Meliadine",Au,12.41413683010194,1.0,mining,131.83055804827643,Au concentrate,concentrate_economic
NU-MAIN-8b0264c9,,Air,PM10 - Particulate Matter <= 10 Micrometers,Emission,Stack Emissions,tonnes,26.086918,NU-MAIN-8b0264c9,"Au and Ag, Open-pit and underground mining and beneficiation at Meliadine",Au,12.41413683010194,1.0,mining,2.101387986697887,Au concentrate,concentrate_economic
NU-MAIN-8b0264c9,,Air,PM2.5 - Particulate Matter <= 2.5 Micrometers,Emission,Stack Emissions,tonnes,24.895701,NU-MAIN-8b0264c9,"Au and Ag, Open-pit and underground mining and beneficiation at Meliadine",Au,12.41413683010194,1.0,mining,2.0054314964237077,Au concentrate,concentrate_economic
NU-MAIN-8b0264c9,,Air,Selenium (and its compounds),Emission,Stack Emissions,kg,0.884657,NU-MAIN-8b0264c9,"Au and Ag, Open-pit and underground mining and beneficiation at Meliadine",Au,12.41413683010194,1.0,mining,0.07126206292932696,Au concentrate,concentrate_economic
NU-MAIN-8b0264c9,,Air,Thallium (and its compounds),Emission,Stack Emissions,kg,0.002537,NU-MAIN-8b0264c9,"Au and Ag, Open-pit and underground mining and beneficiation at Meliadine",Au,12.41413683010194,1.0,mining,0.000204363785796871,Au concentrate,concentrate_economic
NU-MAIN-8b0264c9,,Air,Total particulate matter,Emission,Stack Emissions,tonnes,32.814761,NU-MAIN-8b0264c9,"Au and Ag, Open-pit and underground mining and beneficiation at Meliadine",Au,12.41413683010194,1.0,mining,2.643338111146833,Au concentrate,concentrate_economic
NU-MAIN-8b0264c9,,Air,Vanadium (and its compounds),Emission,Stack Emissions,tonnes,5e-06,NU-MAIN-8b0264c9,"Au and Ag, Open-pit and underground mining and beneficiation at Meliadine",Au,12.41413683010194,1.0,mining,4.02766625535812e-07,Au concentrate,concentrate_economic
NU-MAIN-8b0264c9,,Air,Volatile Organic Compounds (Total),Emission,Stack Emissions,tonnes,41.799029,NU-MAIN-8b0264c9,"Au and Ag, Open-pit and underground mining and beneficiation at Meliadine",Au,12.41413683010194,1.0,mining,3.367050772200709,Au concentrate,concentrate_economic
NU-MAIN-8b0264c9,,Air,Zinc (and its compounds),Emission,Stack Emissions,tonnes,0.00608,NU-MAIN-8b0264c9,"Au and Ag, Open-pit and underground mining and beneficiation at Meliadine",Au,12.41413683010194,1.0,mining,0.0004897642166515474,Au concentrate,concentrate_economic
QC-MAIN-c0660aec,,Air,Arsenic (and its compounds),Emission,Stack Emissions,kg,0.37,QC-MAIN-c0660aec,"Au and Cu, Underground mining and beneficiation at Goldex",Cu,130.12252666666666,0.003859237362487364,mining,1.0973640465637476e-05,Cu concentrate,concentrate_economic
QC-MAIN-c0660aec,,Air,Arsenic (and its compounds),Emission,Stack Emissions,kg,0.37,QC-MAIN-c0660aec,"Au and Cu, Underground mining and beneficiation at Goldex",Au,4.474542118316694,0.9961407626375127,mining,0.08237090464901806,Au concentrate,concentrate_economic
QC-MAIN-c0660aec,,Air,Chromium (and its compounds),Emission,Stack Emissions,tonnes,1e-06,QC-MAIN-c0660aec,"Au and Cu, Underground mining and beneficiation at Goldex",Cu,130.12252666666666,0.003859237362487364,mining,2.9658487744966146e-11,Cu concentrate,concentrate_economic
QC-MAIN-c0660aec,,Air,Chromium (and its compounds),Emission,Stack Emissions,tonnes,1e-06,QC-MAIN-c0660aec,"Au and Cu, Underground mining and beneficiation at Goldex",Au,4.474542118316694,0.9961407626375127,mining,2.2262406661896776e-07,Au concentrate,concentrate_economic
QC-MAIN-c0660aec,,Air,Cobalt (and its compounds),Emission,Stack Emissions,kg,0.00012,QC-MAIN-c0660aec,"Au and Cu, Underground mining and beneficiation at Goldex",Cu,130.12252666666666,0.003859237362487364,mining,3.559018529395938e-09,Cu concentrate,concentrate_economic
QC-MAIN-c0660aec,,Air,Cobalt (and its compounds),Emission,Stack Emissions,kg,0.00012,QC-MAIN-c0660aec,"Au and Cu, Underground mining and beneficiation at Goldex",Au,4.474542118316694,0.9961407626375127,mining,2.6714887994276132e-05,Au concentrate,concentrate_economic
QC-MAIN-c0660aec,,Air,Copper (and its compounds),Emission,Stack Emissions,tonnes,3e-06,QC-MAIN-c0660aec,"Au and Cu, Underground mining and beneficiation at Goldex",Cu,130.12252666666666,0.003859237362487364,mining,8.897546323489844e-11,Cu concentrate,concentrate_economic
QC-MAIN-c0660aec,,Air,Copper (and its compounds),Emission,Stack Emissions,tonnes,3e-06,QC-MAIN-c0660aec,"Au and Cu, Underground mining and beneficiation at Goldex",Au,4.474542118316694,0.9961407626375127,mining,6.678721998569033e-07,Au concentrate,concentrate_economic
QC-MAIN-c0660aec,,Air,Lead (and its compounds),Emission,Stack Emissions,kg,9.36,QC-MAIN-c0660aec,"Au and Cu, Underground mining and beneficiation at Goldex",Cu,130.12252666666666,0.003859237362487364,mining,0.00027760344529288315,Cu concentrate,concentrate_economic
QC-MAIN-c0660aec,,Air,Lead (and its compounds),Emission,Stack Emissions,kg,9.36,QC-MAIN-c0660aec,"Au and Cu, Underground mining and beneficiation at Goldex",Au,4.474542118316694,0.9961407626375127,mining,2.083761263553538,Au concentrate,concentrate_economic
QC-MAIN-c0660aec,,Air,Manganese (and its compounds),Emission,Stack Emissions,tonnes,3e-06,QC-MAIN-c0660aec,"Au and Cu, Underground mining and beneficiation at Goldex",Cu,130.12252666666666,0.003859237362487364,mining,8.897546323489844e-11,Cu concentrate,concentrate_economic
QC-MAIN-c0660aec,,Air,Manganese (and its compounds),Emission,Stack Emissions,tonnes,3e-06,QC-MAIN-c0660aec,"Au and Cu, Underground mining and beneficiation at Goldex",Au,4.474542118316694,0.9961407626375127,mining,6.678721998569033e-07,Au concentrate,concentrate_economic
QC-MAIN-c0660aec,,Air,Nickel (and its compounds),Emission,Stack Emissions,tonnes,1e-06,QC-MAIN-c0660aec,"Au and Cu, Underground mining and beneficiation at Goldex",Cu,130.12252666666666,0.003859237362487364,mining,2.9658487744966146e-11,Cu concentrate,concentrate_economic
QC-MAIN-c0660aec,,Air,Nickel (and its compounds),Emission,Stack Emissions,tonnes,1e-06,QC-MAIN-c0660aec,"Au and Cu, Underground mining and beneficiation at Goldex",Au,4.474542118316694,0.9961407626375127,mining,2.2262406661896776e-07,Au concentrate,concentrate_economic
QC-MAIN-c0660aec,,Air,Total particulate matter,Emission,Stack Emissions,tonnes,0.019,QC-MAIN-c0660aec,"Au and Cu, Underground mining and beneficiation at Goldex",Cu,130.12252666666666,0.003859237362487364,mining,5.635112671543568e-07,Cu concentrate,concentrate_economic
QC-MAIN-c0660aec,,Air,Total particulate matter,Emission,Stack Emissions,tonnes,0.019,QC-MAIN-c0660aec,"Au and Cu, Underground mining and beneficiation at Goldex",Au,4.474542118316694,0.9961407626375127,mining,0.004229857265760387,Au concentrate,concentrate_economic
QC-MAIN-c0660aec,,Air,Vanadium (and its compounds),Emission,Stack Emissions,tonnes,1e-06,QC-MAIN-c0660aec,"Au and Cu, Underground mining and beneficiation at Goldex",Cu,130.12252666666666,0.003859237362487364,mining,2.9658487744966146e-11,Cu concentrate,concentrate_economic
QC-MAIN-c0660aec,,Air,Vanadium (and its compounds),Emission,Stack Emissions,tonnes,1e-06,QC-MAIN-c0660aec,"Au and Cu, Underground mining and beneficiation at Goldex",Au,4.474542118316694,0.9961407626375127,mining,2.2262406661896776e-07,Au concentrate,concentrate_economic
QC-MAIN-c0660aec,,Air,Zinc (and its compounds),Emission,Stack Emissions,tonnes,6e-06,QC-MAIN-c0660aec,"Au and Cu, Underground mining and beneficiation at Goldex",Cu,130.12252666666666,0.003859237362487364,mining,1.779509264697969e-10,Cu concentrate,concentrate_economic
QC-MAIN-c0660aec,,Air,Zinc (and its compounds),Emission,Stack Emissions,tonnes,6e-06,QC-MAIN-c0660aec,"Au and Cu, Underground mining and beneficiation at Goldex",Au,4.474542118316694,0.9961407626375127,mining,1.3357443997138065e-06,Au concentrate,concentrate_economic
ON-MAIN-687b8c8d,,Air,Ammonia (total),Emission,Stack Emissions,tonnes,0.483,ON-MAIN-687b8c8d,"Au, Underground mining and beneficiation at Island",Au,4.1704080612244905,1.0,mining,0.11581600479119168,Au concentrate,concentrate_economic
ON-MAIN-7607a50e,,Air,Antimony (and its compounds),Emission,Stack Emissions,tonnes,7e-06,ON-MAIN-7607a50e,"Au, Underground mining and beneficiation at Young-Davidson",Au,5.874752908163255,1.0,mining,1.1915394756898047e-06,Au concentrate,concentrate_economic
ON-MAIN-687b8c8d,,Air,Arsenic (and its compounds),Emission,Stack Emissions,kg,1.8225,ON-MAIN-687b8c8d,"Au, Underground mining and beneficiation at Island",Au,4.1704080612244905,1.0,mining,0.43700759571831643,Au concentrate,concentrate_economic
ON-MAIN-7607a50e,,Air,Arsenic (and its compounds),Emission,Stack Emissions,kg,0.032638,ON-MAIN-7607a50e,"Au, Underground mining and beneficiation at Young-Davidson",Au,5.874752908163255,1.0,mining,0.005555637915366264,Au concentrate,concentrate_economic
ON-MAIN-687b8c8d,,Air,Cadmium (and its compounds),Emission,Stack Emissions,kg,0.0138,ON-MAIN-687b8c8d,"Au, Underground mining and beneficiation at Island",Au,4.1704080612244905,1.0,mining,0.003309028708319762,Au concentrate,concentrate_economic
ON-MAIN-7607a50e,,Air,Cadmium (and its compounds),Emission,Stack Emissions,kg,0.106318,ON-MAIN-7607a50e,"Au, Underground mining and beneficiation at Young-Davidson",Au,5.874752908163255,1.0,mining,0.01809744199662695,Au concentrate,concentrate_economic
ON-MAIN-7607a50e,,Air,Carbon disulphide,Emission,Stack Emissions,tonnes,30.228766,ON-MAIN-7607a50e,"Au, Underground mining and beneficiation at Young-Davidson",Au,5.874752908163255,1.0,mining,5.1455382843413995,Au concentrate,concentrate_economic
ON-MAIN-687b8c8d,,Air,Carbon monoxide,Emission,Stack Emissions,tonnes,96.4102,ON-MAIN-687b8c8d,"Au, Underground mining and beneficiation at Island",Au,4.1704080612244905,1.0,mining,23.117689824264488,Au concentrate,concentrate_economic
ON-MAIN-7607a50e,,Air,Carbon monoxide,Emission,Stack Emissions,tonnes,214.673254,ON-MAIN-7607a50e,"Au, Underground mining and beneficiation at Young-Davidson",Au,5.874752908163255,1.0,mining,36.54166521654061,Au concentrate,concentrate_economic
ON-MAIN-687b8c8d,,Air,Chromium (and its compounds),Emission,Stack Emissions,tonnes,0.002,ON-MAIN-687b8c8d,"Au, Underground mining and beneficiation at Island",Au,4.1704080612244905,1.0,mining,0.0004795693780173569,Au concentrate,concentrate_economic
ON-MAIN-7607a50e,,Air,Chromium (and its compounds),Emission,Stack Emissions,tonnes,0.000909,ON-MAIN-7607a50e,"Au, Underground mining and beneficiation at Young-Davidson",Au,5.874752908163255,1.0,mining,0.00015472991191457607,Au concentrate,concentrate_economic
ON-MAIN-687b8c8d,,Air,Cobalt (and its compounds),Emission,Stack Emissions,kg,0.3701,ON-MAIN-687b8c8d,"Au, Underground mining and beneficiation at Island",Au,4.1704080612244905,1.0,mining,0.08874431340211188,Au concentrate,concentrate_economic
ON-MAIN-7607a50e,,Air,Cobalt (and its compounds),Emission,Stack Emissions,kg,0.096206,ON-MAIN-7607a50e,"Au, Underground mining and beneficiation at Young-Davidson",Au,5.874752908163255,1.0,mining,0.016376178114030478,Au concentrate,concentrate_economic
ON-MAIN-687b8c8d,,Air,Copper (and its compounds),Emission,Stack Emissions,tonnes,0.0013,ON-MAIN-687b8c8d,"Au, Underground mining and beneficiation at Island",Au,4.1704080612244905,1.0,mining,0.0003117200957112819,Au concentrate,concentrate_economic
ON-MAIN-7607a50e,,Air,Copper (and its compounds),Emission,Stack Emissions,tonnes,0.001595,ON-MAIN-7607a50e,"Au, Underground mining and beneficiation at Young-Davidson",Au,5.874752908163255,1.0,mining,0.00027150078053217696,Au concentrate,concentrate_economic
ON-MAIN-687b8c8d,,Air,Lead (and its compounds),Emission,Stack Emissions,kg,0.3765,ON-MAIN-687b8c8d,"Au, Underground mining and beneficiation at Island",Au,4.1704080612244905,1.0,mining,0.09027893541176743,Au concentrate,concentrate_economic
ON-MAIN-7607a50e,,Air,Lead (and its compounds),Emission,Stack Emissions,kg,0.327258,ON-MAIN-7607a50e,"Au, Underground mining and beneficiation at Young-Davidson",Au,5.874752908163255,1.0,mining,0.055705832247899156,Au concentrate,concentrate_economic
ON-MAIN-687b8c8d,,Air,Manganese (and its compounds),Emission,Stack Emissions,tonnes,0.0169,ON-MAIN-687b8c8d,"Au, Underground mining and beneficiation at Island",Au,4.1704080612244905,1.0,mining,0.004052361244246665,Au concentrate,concentrate_economic
ON-MAIN-7607a50e,,Air,Manganese (and its compounds),Emission,Stack Emissions,tonnes,0.009174,ON-MAIN-7607a50e,"Au, Underground mining and beneficiation at Young-Davidson",Au,5.874752908163255,1.0,mining,0.0015615975928540383,Au concentrate,concentrate_economic
ON-MAIN-687b8c8d,,Air,Mercury (and its compounds),Emission,Stack Emissions,tonnes,1.55e-05,ON-MAIN-687b8c8d,"Au, Underground mining and beneficiation at Island",Au,4.1704080612244905,1.0,mining,3.716662679634516e-06,Au concentrate,concentrate_economic
ON-MAIN-687b8c8d,,Air,Nickel (and its compounds),Emission,Stack Emissions,tonnes,0.0017,ON-MAIN-687b8c8d,"Au, Underground mining and beneficiation at Island",Au,4.1704080612244905,1.0,mining,0.0004076339713147533,Au concentrate,concentrate_economic
ON-MAIN-7607a50e,,Air,Nickel (and its compounds),Emission,Stack Emissions,tonnes,0.000378,ON-MAIN-7607a50e,"Au, Underground mining and beneficiation at Young-Davidson",Au,5.874752908163255,1.0,mining,6.434313168724946e-05,Au concentrate,concentrate_economic
ON-MAIN-7607a50e,,Air,Nitrate ion in solution at pH >= 6.0,Emission,Stack Emissions,tonnes,0.0002,ON-MAIN-7607a50e,"Au, Underground mining and beneficiation at Young-Davidson",Au,5.874752908163255,1.0,mining,3.404398501970871e-05,Au concentrate,concentrate_economic
ON-MAIN-687b8c8d,,Air,Nitrogen oxides (expressed as nitrogen dioxide),Emission,Stack Emissions,tonnes,440.1722,ON-MAIN-687b8c8d,"Au, Underground mining and beneficiation at Island",Au,4.1704080612244905,1.0,mining,105.5465540872658,Au concentrate,concentrate_economic
ON-MAIN-7607a50e,,Air,Nitrogen oxides (expressed as nitrogen dioxide),Emission,Stack Emissions,tonnes,33.825137,ON-MAIN-7607a50e,"Au, Underground mining and beneficiation at Young-Davidson",Au,5.874752908163255,1.0,mining,5.757712286587973,Au concentrate,concentrate_economic
ON-MAIN-7607a50e,,Air,Phosphorus (total),Emission,Stack Emissions,tonnes,0.008252,ON-MAIN-7607a50e,"Au, Underground mining and beneficiation at Young-Davidson",Au,5.874752908163255,1.0,mining,0.0014046548219131814,Au concentrate,concentrate_economic
ON-MAIN-687b8c8d,,Air,PM10 - Particulate Matter <= 10 Micrometers,Emission,Stack Emissions,tonnes,43.1072,ON-MAIN-687b8c8d,"Au, Underground mining and beneficiation at Island",Au,4.1704080612244905,1.0,mining,10.336446546034903,Au concentrate,concentrate_economic
ON-MAIN-7607a50e,,Air,PM10 - Particulate Matter <= 10 Micrometers,Emission,Stack Emissions,tonnes,4.766211,ON-MAIN-7607a50e,"Au, Underground mining and beneficiation at Young-Davidson",Au,5.874752908163255,1.0,mining,0.8113040794238543,Au concentrate,concentrate_economic
ON-MAIN-687b8c8d,,Air,PM2.5 - Particulate Matter <= 2.5 Micrometers,Emission,Stack Emissions,tonnes,36.8965,ON-MAIN-687b8c8d,"Au, Underground mining and beneficiation at Island",Au,4.1704080612244905,1.0,mining,8.847215778008705,Au concentrate,concentrate_economic
ON-MAIN-7607a50e,,Air,PM2.5 - Particulate Matter <= 2.5 Micrometers,Emission,Stack Emissions,tonnes,2.941035,ON-MAIN-7607a50e,"Au, Underground mining and beneficiation at Young-Davidson",Au,5.874752908163255,1.0,mining,0.500622757412195,Au concentrate,concentrate_economic
ON-MAIN-687b8c8d,,Air,Selenium (and its compounds),Emission,Stack Emissions,kg,1.8958,ON-MAIN-687b8c8d,"Au, Underground mining and beneficiation at Island",Au,4.1704080612244905,1.0,mining,0.4545838134226525,Au concentrate,concentrate_economic
ON-MAIN-7607a50e,,Air,Selenium (and its compounds),Emission,Stack Emissions,kg,0.006421,ON-MAIN-7607a50e,"Au, Underground mining and beneficiation at Young-Davidson",Au,5.874752908163255,1.0,mining,0.001092982139057748,Au concentrate,concentrate_economic
ON-MAIN-7607a50e,,Air,Silver (and its compounds),Emission,Stack Emissions,tonnes,5e-06,ON-MAIN-7607a50e,"Au, Underground mining and beneficiation at Young-Davidson",Au,5.874752908163255,1.0,mining,8.510996254927177e-07,Au concentrate,concentrate_economic
ON-MAIN-7607a50e,,Air,Thallium (and its compounds),Emission,Stack Emissions,kg,0.005316,ON-MAIN-7607a50e,"Au, Underground mining and beneficiation at Young-Davidson",Au,5.874752908163255,1.0,mining,0.0009048891218238575,Au concentrate,concentrate_economic
ON-MAIN-687b8c8d,,Air,Total particulate matter,Emission,Stack Emissions,tonnes,56.1228,ON-MAIN-687b8c8d,"Au, Underground mining and beneficiation at Island",Au,4.1704080612244905,1.0,mining,13.457388144296257,Au concentrate,concentrate_economic
ON-MAIN-7607a50e,,Air,Total particulate matter,Emission,Stack Emissions,tonnes,8.412956,ON-MAIN-7607a50e,"Au, Underground mining and beneficiation at Young-Davidson",Au,5.874752908163255,1.0,mining,1.4320527401773422,Au concentrate,concentrate_economic
ON-MAIN-7607a50e,,Air,Total reduced sulphur (expressed as hydrogen sulphide),Emission,Stack Emissions,tonnes,27.054746,ON-MAIN-7607a50e,"Au, Underground mining and beneficiation at Young-Davidson",Au,5.874752908163255,1.0,mining,4.605256837680121,Au concentrate,concentrate_economic
ON-MAIN-7607a50e,,Air,Vanadium (and its compounds),Emission,Stack Emissions,tonnes,0.000756,ON-MAIN-7607a50e,"Au, Underground mining and beneficiation at Young-Davidson",Au,5.874752908163255,1.0,mining,0.00012868626337449892,Au concentrate,concentrate_economic
ON-MAIN-7607a50e,,Air,Volatile Organic Compounds (Total),Emission,Stack Emissions,tonnes,30.752677,ON-MAIN-7607a50e,"Au, Underground mining and beneficiation at Young-Davidson",Au,5.874752908163255,1.0,mining,5.234718375519702,Au concentrate,concentrate_economic
ON-MAIN-687b8c8d,,Air,Zinc (and its compounds),Emission,Stack Emissions,tonnes,0.0015,ON-MAIN-687b8c8d,"Au, Underground mining and beneficiation at Island",Au,4.1704080612244905,1.0,mining,0.00035967703351301764,Au concentrate,concentrate_economic
ON-MAIN-7607a50e,,Air,Zinc (and its compounds),Emission,Stack Emissions,tonnes,0.0032,ON-MAIN-7607a50e,"Au, Underground mining and beneficiation at Young-Davidson",Au,5.874752908163255,1.0,mining,0.0005447037603153393,Au concentrate,concentrate_economic
BC-MAIN-599152a0,,Air,Carbon monoxide,Emission,Stack Emissions,tonnes,10.5047,BC-MAIN-599152a0,"Au and Ag and Cu, Open-pit mining and beneficiation at Copper Mountain",Cu,63500.0,1.0,mining,0.0001654283464566929,Cu concentrate,concentrate_economic
BC-MAIN-599152a0,,Air,Nitrogen oxides (expressed as nitrogen dioxide),Emission,Stack Emissions,tonnes,46.0267,BC-MAIN-599152a0,"Au and Ag and Cu, Open-pit mining and beneficiation at Copper Mountain",Cu,63500.0,1.0,mining,0.0007248299212598425,Cu concentrate,concentrate_economic
BC-MAIN-599152a0,,Air,PM10 - Particulate Matter <= 10 Micrometers,Emission,Stack Emissions,tonnes,13.1382,BC-MAIN-599152a0,"Au and Ag and Cu, Open-pit mining and beneficiation at Copper Mountain",Cu,63500.0,1.0,mining,0.00020690078740157478,Cu concentrate,concentrate_economic
BC-MAIN-599152a0,,Air,PM2.5 - Particulate Matter <= 2.5 Micrometers,Emission,Stack Emissions,tonnes,13.1382,BC-MAIN-599152a0,"Au and Ag and Cu, Open-pit mining and beneficiation at Copper Mountain",Cu,63500.0,1.0,mining,0.00020690078740157478,Cu concentrate,concentrate_economic
BC-MAIN-599152a0,,Air,Total particulate matter,Emission,Stack Emissions,tonnes,13.1382,BC-MAIN-599152a0,"Au and Ag and Cu, Open-pit mining and beneficiation at Copper Mountain",Cu,63500.0,1.0,mining,0.00020690078740157478,Cu concentrate,concentrate_economic
ON-MAIN-7f050560,,Air,Arsenic (and its compounds),Emission,Stack Emissions,kg,19.1064,ON-MAIN-7f050560,"Au, Underground mining and beneficiation at Red Lake",Au,3.5769025,1.0,mining,5.341604922135843,Au concentrate,concentrate_economic
ON-MAIN-7f050560,,Air,Cadmium (and its compounds),Emission,Stack Emissions,kg,0.1762,ON-MAIN-7f050560,"Au, Underground mining and beneficiation at Red Lake",Au,3.5769025,1.0,mining,0.04926049843405013,Au concentrate,concentrate_economic
ON-MAIN-7f050560,,Air,Carbon monoxide,Emission,Stack Emissions,tonnes,170.6614,ON-MAIN-7f050560,"Au, Underground mining and beneficiation at Red Lake",Au,3.5769025,1.0,mining,47.712063719936445,Au concentrate,concentrate_economic
ON-MAIN-7f050560,,Air,Cobalt (and its compounds),Emission,Stack Emissions,kg,2.0602,ON-MAIN-7f050560,"Au, Underground mining and beneficiation at Red Lake",Au,3.5769025,1.0,mining,0.5759732058673671,Au concentrate,concentrate_economic
ON-MAIN-7f050560,,Air,Lead (and its compounds),Emission,Stack Emissions,kg,0.5794,ON-MAIN-7f050560,"Au, Underground mining and beneficiation at Red Lake",Au,3.5769025,1.0,mining,0.16198372754079823,Au concentrate,concentrate_economic
ON-MAIN-7f050560,,Air,Mercury (and its compounds),Emission,Stack Emissions,tonnes,0.0135632,ON-MAIN-7f050560,"Au, Underground mining and beneficiation at Red Lake",Au,3.5769025,1.0,mining,0.0037918841791186645,Au concentrate,concentrate_economic
ON-MAIN-7f050560,,Air,PM10 - Particulate Matter <= 10 Micrometers,Emission,Stack Emissions,tonnes,22.7451,ON-MAIN-7f050560,"Au, Underground mining and beneficiation at Red Lake",Au,3.5769025,1.0,mining,6.358881741954107,Au concentrate,concentrate_economic
ON-MAIN-7f050560,,Air,PM2.5 - Particulate Matter <= 2.5 Micrometers,Emission,Stack Emissions,tonnes,17.3179,ON-MAIN-7f050560,"Au, Underground mining and beneficiation at Red Lake",Au,3.5769025,1.0,mining,4.84159129302518,Au concentrate,concentrate_economic
ON-MAIN-7f050560,,Air,Selenium (and its compounds),Emission,Stack Emissions,kg,0.1394,ON-MAIN-7f050560,"Au, Underground mining and beneficiation at Red Lake",Au,3.5769025,1.0,mining,0.03897226720605328,Au concentrate,concentrate_economic
ON-MAIN-7f050560,,Air,Thallium (and its compounds),Emission,Stack Emissions,kg,0.0103,ON-MAIN-7f050560,"Au, Underground mining and beneficiation at Red Lake",Au,3.5769025,1.0,mining,0.0028795864578360746,Au concentrate,concentrate_economic
ON-MAIN-7f050560,,Air,Total particulate matter,Emission,Stack Emissions,tonnes,37.877,ON-MAIN-7f050560,"Au, Underground mining and beneficiation at Red Lake",Au,3.5769025,1.0,mining,10.589329734316214,Au concentrate,concentrate_economic
BC-MAIN-6b4800fe,,Air,Carbon monoxide,Emission,Stack Emissions,tonnes,7.369848,BC-MAIN-6b4800fe,"Cu and Mo, Open-pit mining and beneficiation at Gibraltar",Cu,185367.93066666668,0.9997556641309961,mining,3.9748230749977475e-05,Cu concentrate,concentrate_economic
BC-MAIN-6b4800fe,,Air,Carbon monoxide,Emission,Stack Emissions,tonnes,7.369848,BC-MAIN-6b4800fe,"Cu and Mo, Open-pit mining and beneficiation at Gibraltar",Mo,10.690540862745097,0.0002443358690038284,mining,0.00016844032856946976,Mo concentrate,concentrate_economic
BC-MAIN-6b4800fe,,Air,Chromium (and its compounds),Emission,Stack Emissions,tonnes,0.004725,BC-MAIN-6b4800fe,"Cu and Mo, Open-pit mining and beneficiation at Gibraltar",Cu,185367.93066666668,0.9997556641309961,mining,2.548361788379402e-08,Cu concentrate,concentrate_economic
BC-MAIN-6b4800fe,,Air,Chromium (and its compounds),Emission,Stack Emissions,tonnes,0.004725,BC-MAIN-6b4800fe,"Cu and Mo, Open-pit mining and beneficiation at Gibraltar",Mo,10.690540862745097,0.0002443358690038284,mining,1.0799144738001985e-07,Mo concentrate,concentrate_economic
BC-MAIN-6b4800fe,,Air,Cobalt (and its compounds),Emission,Stack Emissions,kg,0.008567,BC-MAIN-6b4800fe,"Cu and Mo, Open-pit mining and beneficiation at Gibraltar",Cu,185367.93066666668,0.9997556641309961,mining,4.620490040433087e-08,Cu concentrate,concentrate_economic
BC-MAIN-6b4800fe,,Air,Cobalt (and its compounds),Emission,Stack Emissions,kg,0.008567,BC-MAIN-6b4800fe,"Cu and Mo, Open-pit mining and beneficiation at Gibraltar",Mo,10.690540862745097,0.0002443358690038284,mining,1.9580163591632384e-07,Mo concentrate,concentrate_economic
BC-MAIN-6b4800fe,,Air,Lead (and its compounds),Emission,Stack Emissions,kg,0.002895,BC-MAIN-6b4800fe,"Cu and Mo, Open-pit mining and beneficiation at Gibraltar",Cu,185367.93066666668,0.9997556641309961,mining,1.5613772227213478e-08,Cu concentrate,concentrate_economic
BC-MAIN-6b4800fe,,Air,Lead (and its compounds),Emission,Stack Emissions,kg,0.002895,BC-MAIN-6b4800fe,"Cu and Mo, Open-pit mining and beneficiation at Gibraltar",Mo,10.690540862745097,0.0002443358690038284,mining,6.616618839474233e-08,Mo concentrate,concentrate_economic
BC-MAIN-6b4800fe,,Air,Manganese (and its compounds),Emission,Stack Emissions,tonnes,0.008388,BC-MAIN-6b4800fe,"Cu and Mo, Open-pit mining and beneficiation at Gibraltar",Cu,185367.93066666668,0.9997556641309961,mining,4.5239489271801953e-08,Cu concentrate,concentrate_economic
BC-MAIN-6b4800fe,,Air,Manganese (and its compounds),Emission,Stack Emissions,tonnes,0.008388,BC-MAIN-6b4800fe,"Cu and Mo, Open-pit mining and beneficiation at Gibraltar",Mo,10.690540862745097,0.0002443358690038284,mining,1.9171053134891143e-07,Mo concentrate,concentrate_economic
BC-MAIN-6b4800fe,,Air,Mercury (and its compounds),Emission,Stack Emissions,tonnes,2.29e-07,BC-MAIN-6b4800fe,"Cu and Mo, Open-pit mining and beneficiation at Gibraltar",Cu,185367.93066666668,0.9997556641309961,mining,1.2350790466431386e-12,Cu concentrate,concentrate_economic
BC-MAIN-6b4800fe,,Air,Mercury (and its compounds),Emission,Stack Emissions,tonnes,2.29e-07,BC-MAIN-6b4800fe,"Cu and Mo, Open-pit mining and beneficiation at Gibraltar",Mo,10.690540862745097,0.0002443358690038284,mining,5.233871206354402e-12,Mo concentrate,concentrate_economic
BC-MAIN-6b4800fe,,Air,Nickel (and its compounds),Emission,Stack Emissions,tonnes,0.000609,BC-MAIN-6b4800fe,"Cu and Mo, Open-pit mining and beneficiation at Gibraltar",Cu,185367.93066666668,0.9997556641309961,mining,3.2845551939112288e-09,Cu concentrate,concentrate_economic
BC-MAIN-6b4800fe,,Air,Nickel (and its compounds),Emission,Stack Emissions,tonnes,0.000609,BC-MAIN-6b4800fe,"Cu and Mo, Open-pit mining and beneficiation at Gibraltar",Mo,10.690540862745097,0.0002443358690038284,mining,1.3918897662313669e-08,Mo concentrate,concentrate_economic
BC-MAIN-6b4800fe,,Air,Nitrogen oxides (expressed as nitrogen dioxide),Emission,Stack Emissions,tonnes,11.275428,BC-MAIN-6b4800fe,"Cu and Mo, Open-pit mining and beneficiation at Gibraltar",Cu,185367.93066666668,0.9997556641309961,mining,6.081242299010197e-05,Cu concentrate,concentrate_economic
BC-MAIN-6b4800fe,,Air,Nitrogen oxides (expressed as nitrogen dioxide),Emission,Stack Emissions,tonnes,11.275428,BC-MAIN-6b4800fe,"Cu and Mo, Open-pit mining and beneficiation at Gibraltar",Mo,10.690540862745097,0.0002443358690038284,mining,0.0002577036591638524,Mo concentrate,concentrate_economic
BC-MAIN-6b4800fe,,Air,PM10 - Particulate Matter <= 10 Micrometers,Emission,Stack Emissions,tonnes,0.440843,BC-MAIN-6b4800fe,"Cu and Mo, Open-pit mining and beneficiation at Gibraltar",Cu,185367.93066666668,0.9997556641309961,mining,2.377624245237123e-06,Cu concentrate,concentrate_economic
BC-MAIN-6b4800fe,,Air,PM10 - Particulate Matter <= 10 Micrometers,Emission,Stack Emissions,tonnes,0.440843,BC-MAIN-6b4800fe,"Cu and Mo, Open-pit mining and beneficiation at Gibraltar",Mo,10.690540862745097,0.0002443358690038284,mining,1.0075613468222242e-05,Mo concentrate,concentrate_economic
BC-MAIN-6b4800fe,,Air,PM2.5 - Particulate Matter <= 2.5 Micrometers,Emission,Stack Emissions,tonnes,0.394358,BC-MAIN-6b4800fe,"Cu and Mo, Open-pit mining and beneficiation at Gibraltar",Cu,185367.93066666668,0.9997556641309961,mining,2.1269139854851306e-06,Cu concentrate,concentrate_economic
BC-MAIN-6b4800fe,,Air,PM2.5 - Particulate Matter <= 2.5 Micrometers,Emission,Stack Emissions,tonnes,0.394358,BC-MAIN-6b4800fe,"Cu and Mo, Open-pit mining and beneficiation at Gibraltar",Mo,10.690540862745097,0.0002443358690038284,mining,9.013183323997857e-06,Mo concentrate,concentrate_economic
BC-MAIN-6b4800fe,,Air,Sulphur dioxide,Emission,Stack Emissions,tonnes,0.268033,BC-MAIN-6b4800fe,"Cu and Mo, Open-pit mining and beneficiation at Gibraltar",Cu,185367.93066666668,0.9997556641309961,mining,1.4455980004755477e-06,Cu concentrate,concentrate_economic
BC-MAIN-6b4800fe,,Air,Sulphur dioxide,Emission,Stack Emissions,tonnes,0.268033,BC-MAIN-6b4800fe,"Cu and Mo, Open-pit mining and beneficiation at Gibraltar",Mo,10.690540862745097,0.0002443358690038284,mining,6.125983410710871e-06,Mo concentrate,concentrate_economic
BC-MAIN-6b4800fe,,Air,Total particulate matter,Emission,Stack Emissions,tonnes,72.973643,BC-MAIN-6b4800fe,"Cu and Mo, Open-pit mining and beneficiation at Gibraltar",Cu,185367.93066666668,0.9997556641309961,mining,0.0003935730018625186,Cu concentrate,concentrate_economic
BC-MAIN-6b4800fe,,Air,Total particulate matter,Emission,Stack Emissions,tonnes,72.973643,BC-MAIN-6b4800fe,"Cu and Mo, Open-pit mining and beneficiation at Gibraltar",Mo,10.690540862745097,0.0002443358690038284,mining,0.0016678368948492813,Mo concentrate,concentrate_economic
BC-MAIN-6b4800fe,,Air,Zinc (and its compounds),Emission,Stack Emissions,tonnes,0.002712,BC-MAIN-6b4800fe,"Cu and Mo, Open-pit mining and beneficiation at Gibraltar",Cu,185367.93066666668,0.9997556641309961,mining,1.4626787661555424e-08,Cu concentrate,concentrate_economic
BC-MAIN-6b4800fe,,Air,Zinc (and its compounds),Emission,Stack Emissions,tonnes,0.002712,BC-MAIN-6b4800fe,"Cu and Mo, Open-pit mining and beneficiation at Gibraltar",Mo,10.690540862745097,0.0002443358690038284,mining,6.198366249621457e-08,Mo concentrate,concentrate_economic
QC-MAIN-a97821c0,,Air,Acenaphthylene,Emission,Stack Emissions,kg,7.191,QC-MAIN-a97821c0,"Cu and Ni and Co and Pt, Underground mining and beneficiation at Raglan",Ni,151450.0,1.0,mining,4.748101683724001e-05,Ni concentrate,concentrate_economic
QC-MAIN-a97821c0,,Air,Arsenic (and its compounds),Emission,Stack Emissions,kg,0.30637,QC-MAIN-a97821c0,"Cu and Ni and Co and Pt, Underground mining and beneficiation at Raglan",Ni,151450.0,1.0,mining,2.022911852096401e-06,Ni concentrate,concentrate_economic
QC-MAIN-a97821c0,,Air,Cadmium (and its compounds),Emission,Stack Emissions,kg,0.92009,QC-MAIN-a97821c0,"Cu and Ni and Co and Pt, Underground mining and beneficiation at Raglan",Ni,151450.0,1.0,mining,6.075206338725652e-06,Ni concentrate,concentrate_economic
QC-MAIN-a97821c0,,Air,Carbon monoxide,Emission,Stack Emissions,tonnes,668.19247,QC-MAIN-a97821c0,"Cu and Ni and Co and Pt, Underground mining and beneficiation at Raglan",Ni,151450.0,1.0,mining,0.004411967448002641,Ni concentrate,concentrate_economic
QC-MAIN-a97821c0,,Air,Chromium (and its compounds),Emission,Stack Emissions,tonnes,0.1103,QC-MAIN-a97821c0,"Cu and Ni and Co and Pt, Underground mining and beneficiation at Raglan",Ni,151450.0,1.0,mining,7.282931660614064e-07,Ni concentrate,concentrate_economic
QC-MAIN-a97821c0,,Air,Cobalt (and its compounds),Emission,Stack Emissions,kg,5.97454,QC-MAIN-a97821c0,"Cu and Ni and Co and Pt, Underground mining and beneficiation at Raglan",Ni,151450.0,1.0,mining,3.944892703862661e-05,Ni concentrate,concentrate_economic
QC-MAIN-a97821c0,,Air,Copper (and its compounds),Emission,Stack Emissions,tonnes,0.0953,QC-MAIN-a97821c0,"Cu and Ni and Co and Pt, Underground mining and beneficiation at Raglan",Ni,151450.0,1.0,mining,6.292505777484318e-07,Ni concentrate,concentrate_economic
QC-MAIN-a97821c0,,Air,Fluorene,Emission,Stack Emissions,kg,10.137,QC-MAIN-a97821c0,"Cu and Ni and Co and Pt, Underground mining and beneficiation at Raglan",Ni,151450.0,1.0,mining,6.693298118190823e-05,Ni concentrate,concentrate_economic
QC-MAIN-a97821c0,,Air,i-Butyl alcohol,Emission,Stack Emissions,tonnes,0.0252,QC-MAIN-a97821c0,"Cu and Ni and Co and Pt, Underground mining and beneficiation at Raglan",Ni,151450.0,1.0,mining,1.663915483657973e-07,Ni concentrate,concentrate_economic
QC-MAIN-a97821c0,,Air,Lead (and its compounds),Emission,Stack Emissions,kg,77.832271,QC-MAIN-a97821c0,"Cu and Ni and Co and Pt, Underground mining and beneficiation at Raglan",Ni,151450.0,1.0,mining,0.0005139139716077914,Ni concentrate,concentrate_economic
QC-MAIN-a97821c0,,Air,Manganese (and its compounds),Emission,Stack Emissions,tonnes,0.0049,QC-MAIN-a97821c0,"Cu and Ni and Co and Pt, Underground mining and beneficiation at Raglan",Ni,151450.0,1.0,mining,3.235391218223836e-08,Ni concentrate,concentrate_economic
QC-MAIN-a97821c0,,Air,Mercury (and its compounds),Emission,Stack Emissions,tonnes,2.6276e-05,QC-MAIN-a97821c0,"Cu and Ni and Co and Pt, Underground mining and beneficiation at Raglan",Ni,151450.0,1.0,mining,1.73496203367448e-10,Ni concentrate,concentrate_economic
QC-MAIN-a97821c0,,Air,Nickel (and its compounds),Emission,Stack Emissions,tonnes,0.3119,QC-MAIN-a97821c0,"Cu and Ni and Co and Pt, Underground mining and beneficiation at Raglan",Ni,151450.0,1.0,mining,2.059425552987785e-06,Ni concentrate,concentrate_economic
QC-MAIN-a97821c0,,Air,Nitrogen oxides (expressed as nitrogen dioxide),Emission,Stack Emissions,tonnes,2521.211404,QC-MAIN-a97821c0,"Cu and Ni and Co and Pt, Underground mining and beneficiation at Raglan",Ni,151450.0,1.0,mining,0.016647153542423243,Ni concentrate,concentrate_economic
QC-MAIN-a97821c0,,Air,"PAHs, total unspeciated",Emission,Stack Emissions,kg,61.3369,QC-MAIN-a97821c0,"Cu and Ni and Co and Pt, Underground mining and beneficiation at Raglan",Ni,151450.0,1.0,mining,0.0004049976890062727,Ni concentrate,concentrate_economic
QC-MAIN-a97821c0,,Air,Phenanthrene,Emission,Stack Emissions,kg,31.905,QC-MAIN-a97821c0,"Cu and Ni and Co and Pt, Underground mining and beneficiation at Raglan",Ni,151450.0,1.0,mining,0.00021066358534169695,Ni concentrate,concentrate_economic
QC-MAIN-a97821c0,,Air,Phosphorus (total),Emission,Stack Emissions,tonnes,0.02043,QC-MAIN-a97821c0,"Cu and Ni and Co and Pt, Underground mining and beneficiation at Raglan",Ni,151450.0,1.0,mining,1.3489600528227138e-07,Ni concentrate,concentrate_economic
QC-MAIN-a97821c0,,Air,PM10 - Particulate Matter <= 10 Micrometers,Emission,Stack Emissions,tonnes,46.5534,QC-MAIN-a97821c0,"Cu and Ni and Co and Pt, Underground mining and beneficiation at Raglan",Ni,151450.0,1.0,mining,0.0003073846153846154,Ni concentrate,concentrate_economic
QC-MAIN-a97821c0,,Air,PM2.5 - Particulate Matter <= 2.5 Micrometers,Emission,Stack Emissions,tonnes,40.9198,QC-MAIN-a97821c0,"Cu and Ni and Co and Pt, Underground mining and beneficiation at Raglan",Ni,151450.0,1.0,mining,0.00027018686034995047,Ni concentrate,concentrate_economic
QC-MAIN-a97821c0,,Air,Selenium (and its compounds),Emission,Stack Emissions,kg,0.1513,QC-MAIN-a97821c0,"Cu and Ni and Co and Pt, Underground mining and beneficiation at Raglan",Ni,151450.0,1.0,mining,9.9900957411687e-07,Ni concentrate,concentrate_economic
QC-MAIN-a97821c0,,Air,Thallium (and its compounds),Emission,Stack Emissions,kg,0.2046,QC-MAIN-a97821c0,"Cu and Ni and Co and Pt, Underground mining and beneficiation at Raglan",Ni,151450.0,1.0,mining,1.3509409045889733e-06,Ni concentrate,concentrate_economic
QC-MAIN-a97821c0,,Air,Total particulate matter,Emission,Stack Emissions,tonnes,57.5641,QC-MAIN-a97821c0,"Cu and Ni and Co and Pt, Underground mining and beneficiation at Raglan",Ni,151450.0,1.0,mining,0.00038008649719379337,Ni concentrate,concentrate_economic
QC-MAIN-a97821c0,,Air,Vanadium (and its compounds),Emission,Stack Emissions,tonnes,0.00016,QC-MAIN-a97821c0,"Cu and Ni and Co and Pt, Underground mining and beneficiation at Raglan",Ni,151450.0,1.0,mining,1.0564542753383956e-09,Ni concentrate,concentrate_economic
QC-MAIN-a97821c0,,Air,Volatile Organic Compounds (Total),Emission,Stack Emissions,tonnes,66.0286,QC-MAIN-a97821c0,"Cu and Ni and Co and Pt, Underground mining and beneficiation at Raglan",Ni,151450.0,1.0,mining,0.00043597622977880484,Ni concentrate,concentrate_economic
QC-MAIN-a97821c0,,Air,Zinc (and its compounds),Emission,Stack Emissions,tonnes,0.0286,QC-MAIN-a97821c0,"Cu and Ni and Co and Pt, Underground mining and beneficiation at Raglan",Ni,151450.0,1.0,mining,1.888412017167382e-07,Ni concentrate,concentrate_economic
ON-MAIN-f8313ebd,,Air,Arsenic (and its compounds),Emission,Stack Emissions,kg,2.324,ON-MAIN-f8313ebd,"Ag and Cu and Zn, Underground mining and beneficiation at Kidd Creek",Cu,75333.33333333334,0.7230258878971872,mining,2.2305028718668977e-05,Cu concentrate,concentrate_economic
ON-MAIN-f8313ebd,,Air,Arsenic (and its compounds),Emission,Stack Emissions,kg,2.324,ON-MAIN-f8313ebd,"Ag and Cu and Zn, Underground mining and beneficiation at Kidd Creek",Zn,77200.0,0.2769741121028128,mining,8.337925343613173e-06,Zn concentrate,concentrate_economic
ON-MAIN-f8313ebd,,Air,Cadmium (and its compounds),Emission,Stack Emissions,kg,0.283,ON-MAIN-f8313ebd,"Ag and Cu and Zn, Underground mining and beneficiation at Kidd Creek",Cu,75333.33333333334,0.7230258878971872,mining,2.7161459240031496e-06,Cu concentrate,concentrate_economic
ON-MAIN-f8313ebd,,Air,Cadmium (and its compounds),Emission,Stack Emissions,kg,0.283,ON-MAIN-f8313ebd,"Ag and Cu and Zn, Underground mining and beneficiation at Kidd Creek",Zn,77200.0,0.2769741121028128,mining,1.0153325612059068e-06,Zn concentrate,concentrate_economic
ON-MAIN-f8313ebd,,Air,Carbon monoxide,Emission,Stack Emissions,tonnes,69.526,ON-MAIN-f8313ebd,"Ag and Cu and Zn, Underground mining and beneficiation at Kidd Creek",Cu,75333.33333333334,0.7230258878971872,mining,0.0006672889099372544,Cu concentrate,concentrate_economic
ON-MAIN-f8313ebd,,Air,Carbon monoxide,Emission,Stack Emissions,tonnes,69.526,ON-MAIN-f8313ebd,"Ag and Cu and Zn, Underground mining and beneficiation at Kidd Creek",Zn,77200.0,0.2769741121028128,mining,0.00024944173728057203,Zn concentrate,concentrate_economic
ON-MAIN-f8313ebd,,Air,Copper (and its compounds),Emission,Stack Emissions,tonnes,0.917,ON-MAIN-f8313ebd,"Ag and Cu and Zn, Underground mining and beneficiation at Kidd Creek",Cu,75333.33333333334,0.7230258878971872,mining,8.801080608872398e-06,Cu concentrate,concentrate_economic
ON-MAIN-f8313ebd,,Air,Copper (and its compounds),Emission,Stack Emissions,tonnes,0.917,ON-MAIN-f8313ebd,"Ag and Cu and Zn, Underground mining and beneficiation at Kidd Creek",Zn,77200.0,0.2769741121028128,mining,3.2899645181124268e-06,Zn concentrate,concentrate_economic
ON-MAIN-f8313ebd,,Air,Lead (and its compounds),Emission,Stack Emissions,kg,56.777,ON-MAIN-f8313ebd,"Ag and Cu and Zn, Underground mining and beneficiation at Kidd Creek",Cu,75333.33333333334,0.7230258878971872,mining,0.0005449279757142292,Cu concentrate,concentrate_economic
ON-MAIN-f8313ebd,,Air,Lead (and its compounds),Emission,Stack Emissions,kg,56.777,ON-MAIN-f8313ebd,"Ag and Cu and Zn, Underground mining and beneficiation at Kidd Creek",Zn,77200.0,0.2769741121028128,mining,0.00020370154356038085,Zn concentrate,concentrate_economic
ON-MAIN-f8313ebd,,Air,Nitrogen oxides (expressed as nitrogen dioxide),Emission,Stack Emissions,tonnes,175.679,ON-MAIN-f8313ebd,"Ag and Cu and Zn, Underground mining and beneficiation at Kidd Creek",Cu,75333.33333333334,0.7230258878971872,mining,0.0016861123667242027,Cu concentrate,concentrate_economic
ON-MAIN-f8313ebd,,Air,Nitrogen oxides (expressed as nitrogen dioxide),Emission,Stack Emissions,tonnes,175.679,ON-MAIN-f8313ebd,"Ag and Cu and Zn, Underground mining and beneficiation at Kidd Creek",Zn,77200.0,0.2769741121028128,mining,0.000630291904664638,Zn concentrate,concentrate_economic
ON-MAIN-f8313ebd,,Air,PM10 - Particulate Matter <= 10 Micrometers,Emission,Stack Emissions,tonnes,72.822,ON-MAIN-f8313ebd,"Ag and Cu and Zn, Underground mining and beneficiation at Kidd Creek",Cu,75333.33333333334,0.7230258878971872,mining,0.0006989228921475526,Cu concentrate,concentrate_economic
ON-MAIN-f8313ebd,,Air,PM10 - Particulate Matter <= 10 Micrometers,Emission,Stack Emissions,tonnes,72.822,ON-MAIN-f8313ebd,"Ag and Cu and Zn, Underground mining and beneficiation at Kidd Creek",Zn,77200.0,0.2769741121028128,mining,0.0002612669532584331,Zn concentrate,concentrate_economic
ON-MAIN-f8313ebd,,Air,PM2.5 - Particulate Matter <= 2.5 Micrometers,Emission,Stack Emissions,tonnes,20.535,ON-MAIN-f8313ebd,"Ag and Cu and Zn, Underground mining and beneficiation at Kidd Creek",Cu,75333.33333333334,0.7230258878971872,mining,0.0001970885390438328,Cu concentrate,concentrate_economic
ON-MAIN-f8313ebd,,Air,PM2.5 - Particulate Matter <= 2.5 Micrometers,Emission,Stack Emissions,tonnes,20.535,ON-MAIN-f8313ebd,"Ag and Cu and Zn, Underground mining and beneficiation at Kidd Creek",Zn,77200.0,0.2769741121028128,mining,7.367439626983499e-05,Zn concentrate,concentrate_economic
ON-MAIN-f8313ebd,,Air,Selenium (and its compounds),Emission,Stack Emissions,kg,0.40597,ON-MAIN-f8313ebd,"Ag and Cu and Zn, Underground mining and beneficiation at Kidd Creek",Cu,75333.33333333334,0.7230258878971872,mining,3.8963737129595715e-06,Cu concentrate,concentrate_economic
ON-MAIN-f8313ebd,,Air,Selenium (and its compounds),Emission,Stack Emissions,kg,0.40597,ON-MAIN-f8313ebd,"Ag and Cu and Zn, Underground mining and beneficiation at Kidd Creek",Zn,77200.0,0.2769741121028128,mining,1.4565178794090533e-06,Zn concentrate,concentrate_economic
ON-MAIN-f8313ebd,,Air,Total particulate matter,Emission,Stack Emissions,tonnes,89.663,ON-MAIN-f8313ebd,"Ag and Cu and Zn, Underground mining and beneficiation at Kidd Creek",Cu,75333.33333333334,0.7230258878971872,mining,0.0008605575688476836,Cu concentrate,concentrate_economic
ON-MAIN-f8313ebd,,Air,Total particulate matter,Emission,Stack Emissions,tonnes,89.663,ON-MAIN-f8313ebd,"Ag and Cu and Zn, Underground mining and beneficiation at Kidd Creek",Zn,77200.0,0.2769741121028128,mining,0.00032168821001909975,Zn concentrate,concentrate_economic
ON-MAIN-f8313ebd,,Air,Zinc (and its compounds),Emission,Stack Emissions,tonnes,1.675,ON-MAIN-f8313ebd,"Ag and Cu and Zn, Underground mining and beneficiation at Kidd Creek",Cu,75333.33333333334,0.7230258878971872,mining,1.6076128702138783e-05,Cu concentrate,concentrate_economic
ON-MAIN-f8313ebd,,Air,Zinc (and its compounds),Emission,Stack Emissions,tonnes,1.675,ON-MAIN-f8313ebd,"Ag and Cu and Zn, Underground mining and beneficiation at Kidd Creek",Zn,77200.0,0.2769741121028128,mining,6.009477173215174e-06,Zn concentrate,concentrate_economic
ON-MAIN-fefeaee4,,Air,Arsenic (and its compounds),Emission,Stack Emissions,kg,1.76,ON-MAIN-fefeaee4,"Au, Underground mining and beneficiation at Musselwhite",Au,5.712887755102041,1.0,mining,0.3080753684383501,Au concentrate,concentrate_economic
ON-MAIN-fefeaee4,,Air,Cadmium (and its compounds),Emission,Stack Emissions,kg,0.4035,ON-MAIN-fefeaee4,"Au, Underground mining and beneficiation at Musselwhite",Au,5.712887755102041,1.0,mining,0.07062977907095129,Au concentrate,concentrate_economic
ON-MAIN-fefeaee4,,Air,Carbon monoxide,Emission,Stack Emissions,tonnes,192.691139,ON-MAIN-fefeaee4,"Au, Underground mining and beneficiation at Musselwhite",Au,5.712887755102041,1.0,mining,33.729200933085416,Au concentrate,concentrate_economic
ON-MAIN-fefeaee4,,Air,Cobalt (and its compounds),Emission,Stack Emissions,kg,9.5e-05,ON-MAIN-fefeaee4,"Au, Underground mining and beneficiation at Musselwhite",Au,5.712887755102041,1.0,mining,1.6629068182751853e-05,Au concentrate,concentrate_economic
ON-MAIN-fefeaee4,,Air,Lead (and its compounds),Emission,Stack Emissions,kg,76.863328,ON-MAIN-fefeaee4,"Au, Underground mining and beneficiation at Musselwhite",Au,5.712887755102041,1.0,mining,13.454373916475994,Au concentrate,concentrate_economic
ON-MAIN-fefeaee4,,Air,Mercury (and its compounds),Emission,Stack Emissions,tonnes,0.000271307,ON-MAIN-fefeaee4,"Au, Underground mining and beneficiation at Musselwhite",Au,5.712887755102041,1.0,mining,4.749034317324059e-05,Au concentrate,concentrate_economic
ON-MAIN-fefeaee4,,Air,Nitrogen oxides (expressed as nitrogen dioxide),Emission,Stack Emissions,tonnes,298.175639,ON-MAIN-fefeaee4,"Au, Underground mining and beneficiation at Musselwhite",Au,5.712887755102041,1.0,mining,52.19350559333265,Au concentrate,concentrate_economic
ON-MAIN-fefeaee4,,Air,PM10 - Particulate Matter <= 10 Micrometers,Emission,Stack Emissions,tonnes,28.311683,ON-MAIN-fefeaee4,"Au, Underground mining and beneficiation at Musselwhite",Au,5.712887755102041,1.0,mining,4.955756915531121,Au concentrate,concentrate_economic
ON-MAIN-fefeaee4,,Air,PM2.5 - Particulate Matter <= 2.5 Micrometers,Emission,Stack Emissions,tonnes,26.902601,ON-MAIN-fefeaee4,"Au, Underground mining and beneficiation at Musselwhite",Au,5.712887755102041,1.0,mining,4.70910722444598,Au concentrate,concentrate_economic
ON-MAIN-fefeaee4,,Air,Selenium (and its compounds),Emission,Stack Emissions,kg,0.43284,ON-MAIN-fefeaee4,"Au, Underground mining and beneficiation at Musselwhite",Au,5.712887755102041,1.0,mining,0.07576553549707697,Au concentrate,concentrate_economic
ON-MAIN-fefeaee4,,Air,Thallium (and its compounds),Emission,Stack Emissions,kg,0.0316,ON-MAIN-fefeaee4,"Au, Underground mining and beneficiation at Musselwhite",Au,5.712887755102041,1.0,mining,0.005531353206052195,Au concentrate,concentrate_economic
ON-MAIN-fefeaee4,,Air,Total particulate matter,Emission,Stack Emissions,tonnes,30.948952,ON-MAIN-fefeaee4,"Au, Underground mining and beneficiation at Musselwhite",Au,5.712887755102041,1.0,mining,5.417391926239097,Au concentrate,concentrate_economic
QC-MAIN-b86f7d07,,Air,Carbon monoxide,Emission,Stack Emissions,tonnes,51.75,QC-MAIN-b86f7d07,"Au and Ag, Open-pit and underground mining and beneficiation at Casa Berardi",Au,3.5165997959183577,1.0,mining,14.715919639210899,Au concentrate,concentrate_economic
BC-MAIN-3f490561,,Air,Chromium (and its compounds),Emission,Stack Emissions,tonnes,1.186,BC-MAIN-3f490561,"Au and Cu, Open-pit mining and beneficiation at Mount Polley",Cu,45578.436133333336,1.0,mining,2.602107708413959e-05,Cu concentrate,concentrate_economic
BC-MAIN-3f490561,,Air,Lead (and its compounds),Emission,Stack Emissions,kg,0.1601,BC-MAIN-3f490561,"Au and Cu, Open-pit mining and beneficiation at Mount Polley",Cu,45578.436133333336,1.0,mining,3.5126260043598216e-06,Cu concentrate,concentrate_economic
BC-MAIN-3f490561,,Air,Manganese (and its compounds),Emission,Stack Emissions,tonnes,2.718,BC-MAIN-3f490561,"Au and Cu, Open-pit mining and beneficiation at Mount Polley",Cu,45578.436133333336,1.0,mining,5.963346333447842e-05,Cu concentrate,concentrate_economic
BC-MAIN-3f490561,,Air,Nickel (and its compounds),Emission,Stack Emissions,tonnes,1.9e-05,BC-MAIN-3f490561,"Au and Cu, Open-pit mining and beneficiation at Mount Polley",Cu,45578.436133333336,1.0,mining,4.168637981438889e-10,Cu concentrate,concentrate_economic
ON-MAIN-aeafbb59,,Air,Antimony (and its compounds),Emission,Stack Emissions,tonnes,0.00053,ON-MAIN-aeafbb59,"Au and Ag, Open-pit mining and beneficiation at Detour Lake",Au,24.0082838377551,1.0,mining,2.2075713682063738e-05,Au concentrate,concentrate_economic
ON-MAIN-aeafbb59,,Air,Arsenic (and its compounds),Emission,Stack Emissions,kg,0.981,ON-MAIN-aeafbb59,"Au and Ag, Open-pit mining and beneficiation at Detour Lake",Au,24.0082838377551,1.0,mining,0.040860896456800994,Au concentrate,concentrate_economic
ON-MAIN-aeafbb59,,Air,Cadmium (and its compounds),Emission,Stack Emissions,kg,0.106,ON-MAIN-aeafbb59,"Au and Ag, Open-pit mining and beneficiation at Detour Lake",Au,24.0082838377551,1.0,mining,0.004415142736412747,Au concentrate,concentrate_economic
ON-MAIN-aeafbb59,,Air,Carbon monoxide,Emission,Stack Emissions,tonnes,40.977,ON-MAIN-aeafbb59,"Au and Ag, Open-pit mining and beneficiation at Detour Lake",Au,24.0082838377551,1.0,mining,1.706785885943256,Au concentrate,concentrate_economic
ON-MAIN-aeafbb59,,Air,Chromium (and its compounds),Emission,Stack Emissions,tonnes,0.024,ON-MAIN-aeafbb59,"Au and Ag, Open-pit mining and beneficiation at Detour Lake",Au,24.0082838377551,1.0,mining,0.000999654959187792,Au concentrate,concentrate_economic
ON-MAIN-aeafbb59,,Air,Cobalt (and its compounds),Emission,Stack Emissions,kg,7.76,ON-MAIN-aeafbb59,"Au and Ag, Open-pit mining and beneficiation at Detour Lake",Au,24.0082838377551,1.0,mining,0.32322177013738607,Au concentrate,concentrate_economic
ON-MAIN-aeafbb59,,Air,Copper (and its compounds),Emission,Stack Emissions,tonnes,0.031,ON-MAIN-aeafbb59,"Au and Ag, Open-pit mining and beneficiation at Detour Lake",Au,24.0082838377551,1.0,mining,0.0012912209889508978,Au concentrate,concentrate_economic
ON-MAIN-aeafbb59,,Air,Lead (and its compounds),Emission,Stack Emissions,kg,11.204,ON-MAIN-aeafbb59,"Au and Ag, Open-pit mining and beneficiation at Detour Lake",Au,24.0082838377551,1.0,mining,0.46667225678083424,Au concentrate,concentrate_economic
ON-MAIN-aeafbb59,,Air,Manganese (and its compounds),Emission,Stack Emissions,tonnes,0.255,ON-MAIN-aeafbb59,"Au and Ag, Open-pit mining and beneficiation at Detour Lake",Au,24.0082838377551,1.0,mining,0.01062133394137029,Au concentrate,concentrate_economic
ON-MAIN-aeafbb59,,Air,Mercury (and its compounds),Emission,Stack Emissions,tonnes,1e-06,ON-MAIN-aeafbb59,"Au and Ag, Open-pit mining and beneficiation at Detour Lake",Au,24.0082838377551,1.0,mining,4.1652289966158e-08,Au concentrate,concentrate_economic
ON-MAIN-aeafbb59,,Air,Nickel (and its compounds),Emission,Stack Emissions,tonnes,0.013,ON-MAIN-aeafbb59,"Au and Ag, Open-pit mining and beneficiation at Detour Lake",Au,24.0082838377551,1.0,mining,0.0005414797695600539,Au concentrate,concentrate_economic
ON-MAIN-aeafbb59,,Air,Nitrogen oxides (expressed as nitrogen dioxide),Emission,Stack Emissions,tonnes,180.177,ON-MAIN-aeafbb59,"Au and Ag, Open-pit mining and beneficiation at Detour Lake",Au,24.0082838377551,1.0,mining,7.504784649232449,Au concentrate,concentrate_economic
ON-MAIN-aeafbb59,,Air,Phosphorus (total),Emission,Stack Emissions,tonnes,0.104,ON-MAIN-aeafbb59,"Au and Ag, Open-pit mining and beneficiation at Detour Lake",Au,24.0082838377551,1.0,mining,0.004331838156480431,Au concentrate,concentrate_economic
ON-MAIN-aeafbb59,,Air,PM10 - Particulate Matter <= 10 Micrometers,Emission,Stack Emissions,tonnes,45.27,ON-MAIN-aeafbb59,"Au and Ag, Open-pit mining and beneficiation at Detour Lake",Au,24.0082838377551,1.0,mining,1.8855991667679726,Au concentrate,concentrate_economic
ON-MAIN-aeafbb59,,Air,PM2.5 - Particulate Matter <= 2.5 Micrometers,Emission,Stack Emissions,tonnes,33.68,ON-MAIN-aeafbb59,"Au and Ag, Open-pit mining and beneficiation at Detour Lake",Au,24.0082838377551,1.0,mining,1.4028491260602014,Au concentrate,concentrate_economic
ON-MAIN-aeafbb59,,Air,Selenium (and its compounds),Emission,Stack Emissions,kg,1.012,ON-MAIN-aeafbb59,"Au and Ag, Open-pit mining and beneficiation at Detour Lake",Au,24.0082838377551,1.0,mining,0.04215211744575189,Au concentrate,concentrate_economic
ON-MAIN-aeafbb59,,Air,Sulphur dioxide,Emission,Stack Emissions,tonnes,7.025,ON-MAIN-aeafbb59,"Au and Ag, Open-pit mining and beneficiation at Detour Lake",Au,24.0082838377551,1.0,mining,0.29260733701225994,Au concentrate,concentrate_economic
ON-MAIN-aeafbb59,,Air,Thallium (and its compounds),Emission,Stack Emissions,kg,0.583,ON-MAIN-aeafbb59,"Au and Ag, Open-pit mining and beneficiation at Detour Lake",Au,24.0082838377551,1.0,mining,0.02428328505027011,Au concentrate,concentrate_economic
ON-MAIN-aeafbb59,,Air,Total particulate matter,Emission,Stack Emissions,tonnes,222.149,ON-MAIN-aeafbb59,"Au and Ag, Open-pit mining and beneficiation at Detour Lake",Au,24.0082838377551,1.0,mining,9.253014563692032,Au concentrate,concentrate_economic
ON-MAIN-aeafbb59,,Air,Vanadium (and its compounds),Emission,Stack Emissions,tonnes,0.042,ON-MAIN-aeafbb59,"Au and Ag, Open-pit mining and beneficiation at Detour Lake",Au,24.0082838377551,1.0,mining,0.0017493961785786359,Au concentrate,concentrate_economic
ON-MAIN-aeafbb59,,Air,Volatile Organic Compounds (Total),Emission,Stack Emissions,tonnes,12.212,ON-MAIN-aeafbb59,"Au and Ag, Open-pit mining and beneficiation at Detour Lake",Au,24.0082838377551,1.0,mining,0.5086577650667214,Au concentrate,concentrate_economic
ON-MAIN-aeafbb59,,Air,Zinc (and its compounds),Emission,Stack Emissions,tonnes,0.016,ON-MAIN-aeafbb59,"Au and Ag, Open-pit mining and beneficiation at Detour Lake",Au,24.0082838377551,1.0,mining,0.000666436639458528,Au concentrate,concentrate_economic
QC-MAIN-e51eda66,,Air,Arsenic (and its compounds),Emission,Stack Emissions,kg,0.764,QC-MAIN-e51eda66,"Au and Ag and Cu and Zn, Underground mining and beneficiation at LaRonde",Cu,8593.20125,0.09772240804218515,mining,8.68825453660002e-06,Cu concentrate,concentrate_economic
QC-MAIN-e51eda66,,Air,Arsenic (and its compounds),Emission,Stack Emissions,kg,0.764,QC-MAIN-e51eda66,"Au and Ag and Cu and Zn, Underground mining and beneficiation at LaRonde",Zn,15404.877034,0.06548662801881933,mining,3.247788586429684e-06,Zn concentrate,concentrate_economic
QC-MAIN-e51eda66,,Air,Arsenic (and its compounds),Emission,Stack Emissions,kg,0.764,QC-MAIN-e51eda66,"Au and Ag and Cu and Zn, Underground mining and beneficiation at LaRonde",Au,9.802902790306113,0.8367909639389955,mining,0.06521622320702714,Au concentrate,concentrate_economic
QC-MAIN-e51eda66,,Air,Cadmium (and its compounds),Emission,Stack Emissions,kg,2.38,QC-MAIN-e51eda66,"Au and Ag and Cu and Zn, Underground mining and beneficiation at LaRonde",Cu,8593.20125,0.09772240804218515,mining,2.7065504970036708e-05,Cu concentrate,concentrate_economic
QC-MAIN-e51eda66,,Air,Cadmium (and its compounds),Emission,Stack Emissions,kg,2.38,QC-MAIN-e51eda66,"Au and Ag and Cu and Zn, Underground mining and beneficiation at LaRonde",Zn,15404.877034,0.06548662801881933,mining,1.0117456591233833e-05,Zn concentrate,concentrate_economic
QC-MAIN-e51eda66,,Air,Cadmium (and its compounds),Emission,Stack Emissions,kg,2.38,QC-MAIN-e51eda66,"Au and Ag and Cu and Zn, Underground mining and beneficiation at LaRonde",Au,9.802902790306113,0.8367909639389955,mining,0.20316048590670754,Au concentrate,concentrate_economic
QC-MAIN-e51eda66,,Air,Chromium (and its compounds),Emission,Stack Emissions,tonnes,0.01,QC-MAIN-e51eda66,"Au and Ag and Cu and Zn, Underground mining and beneficiation at LaRonde",Cu,8593.20125,0.09772240804218515,mining,1.1372060911780129e-07,Cu concentrate,concentrate_economic
QC-MAIN-e51eda66,,Air,Chromium (and its compounds),Emission,Stack Emissions,tonnes,0.01,QC-MAIN-e51eda66,"Au and Ag and Cu and Zn, Underground mining and beneficiation at LaRonde",Zn,15404.877034,0.06548662801881933,mining,4.251032181190686e-08,Zn concentrate,concentrate_economic
QC-MAIN-e51eda66,,Air,Chromium (and its compounds),Emission,Stack Emissions,tonnes,0.01,QC-MAIN-e51eda66,"Au and Ag and Cu and Zn, Underground mining and beneficiation at LaRonde",Au,9.802902790306113,0.8367909639389955,mining,0.0008536154870029728,Au concentrate,concentrate_economic
QC-MAIN-e51eda66,,Air,Cobalt (and its compounds),Emission,Stack Emissions,kg,0.51,QC-MAIN-e51eda66,"Au and Ag and Cu and Zn, Underground mining and beneficiation at LaRonde",Cu,8593.20125,0.09772240804218515,mining,5.799751065007866e-06,Cu concentrate,concentrate_economic
QC-MAIN-e51eda66,,Air,Cobalt (and its compounds),Emission,Stack Emissions,kg,0.51,QC-MAIN-e51eda66,"Au and Ag and Cu and Zn, Underground mining and beneficiation at LaRonde",Zn,15404.877034,0.06548662801881933,mining,2.16802641240725e-06,Zn concentrate,concentrate_economic
QC-MAIN-e51eda66,,Air,Cobalt (and its compounds),Emission,Stack Emissions,kg,0.51,QC-MAIN-e51eda66,"Au and Ag and Cu and Zn, Underground mining and beneficiation at LaRonde",Au,9.802902790306113,0.8367909639389955,mining,0.04353438983715162,Au concentrate,concentrate_economic
QC-MAIN-e51eda66,,Air,Copper (and its compounds),Emission,Stack Emissions,tonnes,0.01,QC-MAIN-e51eda66,"Au and Ag and Cu and Zn, Underground mining and beneficiation at LaRonde",Cu,8593.20125,0.09772240804218515,mining,1.1372060911780129e-07,Cu concentrate,concentrate_economic
QC-MAIN-e51eda66,,Air,Copper (and its compounds),Emission,Stack Emissions,tonnes,0.01,QC-MAIN-e51eda66,"Au and Ag and Cu and Zn, Underground mining and beneficiation at LaRonde",Zn,15404.877034,0.06548662801881933,mining,4.251032181190686e-08,Zn concentrate,concentrate_economic
QC-MAIN-e51eda66,,Air,Copper (and its compounds),Emission,Stack Emissions,tonnes,0.01,QC-MAIN-e51eda66,"Au and Ag and Cu and Zn, Underground mining and beneficiation at LaRonde",Au,9.802902790306113,0.8367909639389955,mining,0.0008536154870029728,Au concentrate,concentrate_economic
QC-MAIN-e51eda66,,Air,Hydrochloric acid,Emission,Stack Emissions,tonnes,1.89,QC-MAIN-e51eda66,"Au and Ag and Cu and Zn, Underground mining and beneficiation at LaRonde",Cu,8593.20125,0.09772240804218515,mining,2.1493195123264445e-05,Cu concentrate,concentrate_economic
QC-MAIN-e51eda66,,Air,Hydrochloric acid,Emission,Stack Emissions,tonnes,1.89,QC-MAIN-e51eda66,"Au and Ag and Cu and Zn, Underground mining and beneficiation at LaRonde",Zn,15404.877034,0.06548662801881933,mining,8.034450822450397e-06,Zn concentrate,concentrate_economic
QC-MAIN-e51eda66,,Air,Hydrochloric acid,Emission,Stack Emissions,tonnes,1.89,QC-MAIN-e51eda66,"Au and Ag and Cu and Zn, Underground mining and beneficiation at LaRonde",Au,9.802902790306113,0.8367909639389955,mining,0.16133332704356187,Au concentrate,concentrate_economic
QC-MAIN-e51eda66,,Air,Lead (and its compounds),Emission,Stack Emissions,kg,10.69,QC-MAIN-e51eda66,"Au and Ag and Cu and Zn, Underground mining and beneficiation at LaRonde",Cu,8593.20125,0.09772240804218515,mining,0.00012156733114692958,Cu concentrate,concentrate_economic
QC-MAIN-e51eda66,,Air,Lead (and its compounds),Emission,Stack Emissions,kg,10.69,QC-MAIN-e51eda66,"Au and Ag and Cu and Zn, Underground mining and beneficiation at LaRonde",Zn,15404.877034,0.06548662801881933,mining,4.544353401692844e-05,Zn concentrate,concentrate_economic
QC-MAIN-e51eda66,,Air,Lead (and its compounds),Emission,Stack Emissions,kg,10.69,QC-MAIN-e51eda66,"Au and Ag and Cu and Zn, Underground mining and beneficiation at LaRonde",Au,9.802902790306113,0.8367909639389955,mining,0.912514955606178,Au concentrate,concentrate_economic
QC-MAIN-e51eda66,,Air,Manganese (and its compounds),Emission,Stack Emissions,tonnes,0.00265,QC-MAIN-e51eda66,"Au and Ag and Cu and Zn, Underground mining and beneficiation at LaRonde",Cu,8593.20125,0.09772240804218515,mining,3.013596141621734e-08,Cu concentrate,concentrate_economic
QC-MAIN-e51eda66,,Air,Manganese (and its compounds),Emission,Stack Emissions,tonnes,0.00265,QC-MAIN-e51eda66,"Au and Ag and Cu and Zn, Underground mining and beneficiation at LaRonde",Zn,15404.877034,0.06548662801881933,mining,1.126523528015532e-08,Zn concentrate,concentrate_economic
QC-MAIN-e51eda66,,Air,Manganese (and its compounds),Emission,Stack Emissions,tonnes,0.00265,QC-MAIN-e51eda66,"Au and Ag and Cu and Zn, Underground mining and beneficiation at LaRonde",Au,9.802902790306113,0.8367909639389955,mining,0.00022620810405578784,Au concentrate,concentrate_economic
QC-MAIN-e51eda66,,Air,Nickel (and its compounds),Emission,Stack Emissions,tonnes,0.0193,QC-MAIN-e51eda66,"Au and Ag and Cu and Zn, Underground mining and beneficiation at LaRonde",Cu,8593.20125,0.09772240804218515,mining,2.1948077559735652e-07,Cu concentrate,concentrate_economic
QC-MAIN-e51eda66,,Air,Nickel (and its compounds),Emission,Stack Emissions,tonnes,0.0193,QC-MAIN-e51eda66,"Au and Ag and Cu and Zn, Underground mining and beneficiation at LaRonde",Zn,15404.877034,0.06548662801881933,mining,8.204492109698025e-08,Zn concentrate,concentrate_economic
QC-MAIN-e51eda66,,Air,Nickel (and its compounds),Emission,Stack Emissions,tonnes,0.0193,QC-MAIN-e51eda66,"Au and Ag and Cu and Zn, Underground mining and beneficiation at LaRonde",Au,9.802902790306113,0.8367909639389955,mining,0.0016474778899157377,Au concentrate,concentrate_economic
QC-MAIN-e51eda66,,Air,PM10 - Particulate Matter <= 10 Micrometers,Emission,Stack Emissions,tonnes,0.044,QC-MAIN-e51eda66,"Au and Ag and Cu and Zn, Underground mining and beneficiation at LaRonde",Cu,8593.20125,0.09772240804218515,mining,5.003706801183257e-07,Cu concentrate,concentrate_economic
QC-MAIN-e51eda66,,Air,PM10 - Particulate Matter <= 10 Micrometers,Emission,Stack Emissions,tonnes,0.044,QC-MAIN-e51eda66,"Au and Ag and Cu and Zn, Underground mining and beneficiation at LaRonde",Zn,15404.877034,0.06548662801881933,mining,1.8704541597239019e-07,Zn concentrate,concentrate_economic
QC-MAIN-e51eda66,,Air,PM10 - Particulate Matter <= 10 Micrometers,Emission,Stack Emissions,tonnes,0.044,QC-MAIN-e51eda66,"Au and Ag and Cu and Zn, Underground mining and beneficiation at LaRonde",Au,9.802902790306113,0.8367909639389955,mining,0.003755908142813081,Au concentrate,concentrate_economic
QC-MAIN-e51eda66,,Air,PM2.5 - Particulate Matter <= 2.5 Micrometers,Emission,Stack Emissions,tonnes,0.044,QC-MAIN-e51eda66,"Au and Ag and Cu and Zn, Underground mining and beneficiation at LaRonde",Cu,8593.20125,0.09772240804218515,mining,5.003706801183257e-07,Cu concentrate,concentrate_economic
QC-MAIN-e51eda66,,Air,PM2.5 - Particulate Matter <= 2.5 Micrometers,Emission,Stack Emissions,tonnes,0.044,QC-MAIN-e51eda66,"Au and Ag and Cu and Zn, Underground mining and beneficiation at LaRonde",Zn,15404.877034,0.06548662801881933,mining,1.8704541597239019e-07,Zn concentrate,concentrate_economic
QC-MAIN-e51eda66,,Air,PM2.5 - Particulate Matter <= 2.5 Micrometers,Emission,Stack Emissions,tonnes,0.044,QC-MAIN-e51eda66,"Au and Ag and Cu and Zn, Underground mining and beneficiation at LaRonde",Au,9.802902790306113,0.8367909639389955,mining,0.003755908142813081,Au concentrate,concentrate_economic
QC-MAIN-e51eda66,,Air,Selenium (and its compounds),Emission,Stack Emissions,kg,2.07,QC-MAIN-e51eda66,"Au and Ag and Cu and Zn, Underground mining and beneficiation at LaRonde",Cu,8593.20125,0.09772240804218515,mining,2.3540166087384868e-05,Cu concentrate,concentrate_economic
QC-MAIN-e51eda66,,Air,Selenium (and its compounds),Emission,Stack Emissions,kg,2.07,QC-MAIN-e51eda66,"Au and Ag and Cu and Zn, Underground mining and beneficiation at LaRonde",Zn,15404.877034,0.06548662801881933,mining,8.79963661506472e-06,Zn concentrate,concentrate_economic
QC-MAIN-e51eda66,,Air,Selenium (and its compounds),Emission,Stack Emissions,kg,2.07,QC-MAIN-e51eda66,"Au and Ag and Cu and Zn, Underground mining and beneficiation at LaRonde",Au,9.802902790306113,0.8367909639389955,mining,0.17669840580961538,Au concentrate,concentrate_economic
QC-MAIN-e51eda66,,Air,Total particulate matter,Emission,Stack Emissions,tonnes,0.044,QC-MAIN-e51eda66,"Au and Ag and Cu and Zn, Underground mining and beneficiation at LaRonde",Cu,8593.20125,0.09772240804218515,mining,5.003706801183257e-07,Cu concentrate,concentrate_economic
QC-MAIN-e51eda66,,Air,Total particulate matter,Emission,Stack Emissions,tonnes,0.044,QC-MAIN-e51eda66,"Au and Ag and Cu and Zn, Underground mining and beneficiation at LaRonde",Zn,15404.877034,0.06548662801881933,mining,1.8704541597239019e-07,Zn concentrate,concentrate_economic
QC-MAIN-e51eda66,,Air,Total particulate matter,Emission,Stack Emissions,tonnes,0.044,QC-MAIN-e51eda66,"Au and Ag and Cu and Zn, Underground mining and beneficiation at LaRonde",Au,9.802902790306113,0.8367909639389955,mining,0.003755908142813081,Au concentrate,concentrate_economic
QC-MAIN-e51eda66,,Air,Vanadium (and its compounds),Emission,Stack Emissions,tonnes,0.0001,QC-MAIN-e51eda66,"Au and Ag and Cu and Zn, Underground mining and beneficiation at LaRonde",Cu,8593.20125,0.09772240804218515,mining,1.1372060911780131e-09,Cu concentrate,concentrate_economic
QC-MAIN-e51eda66,,Air,Vanadium (and its compounds),Emission,Stack Emissions,tonnes,0.0001,QC-MAIN-e51eda66,"Au and Ag and Cu and Zn, Underground mining and beneficiation at LaRonde",Zn,15404.877034,0.06548662801881933,mining,4.2510321811906866e-10,Zn concentrate,concentrate_economic
QC-MAIN-e51eda66,,Air,Vanadium (and its compounds),Emission,Stack Emissions,tonnes,0.0001,QC-MAIN-e51eda66,"Au and Ag and Cu and Zn, Underground mining and beneficiation at LaRonde",Au,9.802902790306113,0.8367909639389955,mining,8.53615487002973e-06,Au concentrate,concentrate_economic
QC-MAIN-e51eda66,,Air,Zinc (and its compounds),Emission,Stack Emissions,tonnes,0.0357,QC-MAIN-e51eda66,"Au and Ag and Cu and Zn, Underground mining and beneficiation at LaRonde",Cu,8593.20125,0.09772240804218515,mining,4.0598257455055067e-07,Cu concentrate,concentrate_economic
QC-MAIN-e51eda66,,Air,Zinc (and its compounds),Emission,Stack Emissions,tonnes,0.0357,QC-MAIN-e51eda66,"Au and Ag and Cu and Zn, Underground mining and beneficiation at LaRonde",Zn,15404.877034,0.06548662801881933,mining,1.517618488685075e-07,Zn concentrate,concentrate_economic
QC-MAIN-e51eda66,,Air,Zinc (and its compounds),Emission,Stack Emissions,tonnes,0.0357,QC-MAIN-e51eda66,"Au and Ag and Cu and Zn, Underground mining and beneficiation at LaRonde",Au,9.802902790306113,0.8367909639389955,mining,0.0030474072886006137,Au concentrate,concentrate_economic
ON-MAIN-4e0734b5,,Air,Arsenic (and its compounds),Emission,Stack Emissions,kg,0.000872,ON-MAIN-4e0734b5,"Au and Ag, Open-pit and underground mining and beneficiation at Fox Complex",Au,1.453612551020408,1.0,mining,0.0005998847487852749,Au concentrate,concentrate_economic
ON-MAIN-4e0734b5,,Air,Cadmium (and its compounds),Emission,Stack Emissions,kg,1e-06,ON-MAIN-4e0734b5,"Au and Ag, Open-pit and underground mining and beneficiation at Fox Complex",Au,1.453612551020408,1.0,mining,6.879412256711867e-07,Au concentrate,concentrate_economic
ON-MAIN-4e0734b5,,Air,Chromium (and its compounds),Emission,Stack Emissions,tonnes,0.000257,ON-MAIN-4e0734b5,"Au and Ag, Open-pit and underground mining and beneficiation at Fox Complex",Au,1.453612551020408,1.0,mining,0.000176800894997495,Au concentrate,concentrate_economic
ON-MAIN-4e0734b5,,Air,Cobalt (and its compounds),Emission,Stack Emissions,kg,0.000382,ON-MAIN-4e0734b5,"Au and Ag, Open-pit and underground mining and beneficiation at Fox Complex",Au,1.453612551020408,1.0,mining,0.00026279354820639336,Au concentrate,concentrate_economic
ON-MAIN-4e0734b5,,Air,Copper (and its compounds),Emission,Stack Emissions,tonnes,1e-06,ON-MAIN-4e0734b5,"Au and Ag, Open-pit and underground mining and beneficiation at Fox Complex",Au,1.453612551020408,1.0,mining,6.879412256711867e-07,Au concentrate,concentrate_economic
ON-MAIN-4e0734b5,,Air,Lead (and its compounds),Emission,Stack Emissions,kg,0.016274,ON-MAIN-4e0734b5,"Au and Ag, Open-pit and underground mining and beneficiation at Fox Complex",Au,1.453612551020408,1.0,mining,0.011195555506572892,Au concentrate,concentrate_economic
ON-MAIN-4e0734b5,,Air,Manganese (and its compounds),Emission,Stack Emissions,tonnes,0.002326,ON-MAIN-4e0734b5,"Au and Ag, Open-pit and underground mining and beneficiation at Fox Complex",Au,1.453612551020408,1.0,mining,0.0016001512909111803,Au concentrate,concentrate_economic
ON-MAIN-4e0734b5,,Air,Nickel (and its compounds),Emission,Stack Emissions,tonnes,0.000175,ON-MAIN-4e0734b5,"Au and Ag, Open-pit and underground mining and beneficiation at Fox Complex",Au,1.453612551020408,1.0,mining,0.00012038971449245767,Au concentrate,concentrate_economic
ON-MAIN-4e0734b5,,Air,Nitrogen oxides (expressed as nitrogen dioxide),Emission,Stack Emissions,tonnes,26.721286,ON-MAIN-4e0734b5,"Au and Ag, Open-pit and underground mining and beneficiation at Fox Complex",Au,1.453612551020408,1.0,mining,18.382674242350323,Au concentrate,concentrate_economic
ON-MAIN-4e0734b5,,Air,PM10 - Particulate Matter <= 10 Micrometers,Emission,Stack Emissions,tonnes,1.815138,ON-MAIN-4e0734b5,"Au and Ag, Open-pit and underground mining and beneficiation at Fox Complex",Au,1.453612551020408,1.0,mining,1.2487082604823465,Au concentrate,concentrate_economic
ON-MAIN-4e0734b5,,Air,PM2.5 - Particulate Matter <= 2.5 Micrometers,Emission,Stack Emissions,tonnes,1.80369,ON-MAIN-4e0734b5,"Au and Ag, Open-pit and underground mining and beneficiation at Fox Complex",Au,1.453612551020408,1.0,mining,1.2408327093308629,Au concentrate,concentrate_economic
ON-MAIN-4e0734b5,,Air,Total particulate matter,Emission,Stack Emissions,tonnes,1.818359,ON-MAIN-4e0734b5,"Au and Ag, Open-pit and underground mining and beneficiation at Fox Complex",Au,1.453612551020408,1.0,mining,1.2509241191702334,Au concentrate,concentrate_economic
ON-MAIN-4e0734b5,,Air,Vanadium (and its compounds),Emission,Stack Emissions,tonnes,1e-06,ON-MAIN-4e0734b5,"Au and Ag, Open-pit and underground mining and beneficiation at Fox Complex",Au,1.453612551020408,1.0,mining,6.879412256711867e-07,Au concentrate,concentrate_economic
ON-MAIN-0aadf28f,,Air,Ammonia (total),Emission,Stack Emissions,tonnes,0.77,ON-MAIN-0aadf28f,"Au, Open-pit and underground mining and beneficiation at Rainy River",Au,8.05342613010203,1.0,mining,0.09561148107162742,Au concentrate,concentrate_economic
BC-MAIN-aa76f6f2,,Air,Arsenic (and its compounds),Emission,Stack Emissions,kg,2.368354,BC-MAIN-aa76f6f2,"Au and Cu, Underground mining and beneficiation at New Afton",Cu,71667.53600000001,1.0,mining,3.304639913949323e-05,Cu concentrate,concentrate_economic
BC-MAIN-aa76f6f2,,Air,Cadmium (and its compounds),Emission,Stack Emissions,kg,1.127727,BC-MAIN-aa76f6f2,"Au and Cu, Underground mining and beneficiation at New Afton",Cu,71667.53600000001,1.0,mining,1.573553470569994e-05,Cu concentrate,concentrate_economic
ON-MAIN-0aadf28f,,Air,Carbon monoxide,Emission,Stack Emissions,tonnes,7.331,ON-MAIN-0aadf28f,"Au, Open-pit and underground mining and beneficiation at Rainy River",Au,8.05342613010203,1.0,mining,0.9102958022546762,Au concentrate,concentrate_economic
BC-MAIN-aa76f6f2,,Air,Chromium (and its compounds),Emission,Stack Emissions,tonnes,0.001968,BC-MAIN-aa76f6f2,"Au and Cu, Underground mining and beneficiation at New Afton",Cu,71667.53600000001,1.0,mining,2.7460132018491607e-08,Cu concentrate,concentrate_economic
BC-MAIN-aa76f6f2,,Air,Cobalt (and its compounds),Emission,Stack Emissions,kg,0.851472,BC-MAIN-aa76f6f2,"Au and Cu, Underground mining and beneficiation at New Afton",Cu,71667.53600000001,1.0,mining,1.1880860533561526e-05,Cu concentrate,concentrate_economic
BC-MAIN-aa76f6f2,,Air,Copper (and its compounds),Emission,Stack Emissions,tonnes,0.009007,BC-MAIN-aa76f6f2,"Au and Cu, Underground mining and beneficiation at New Afton",Cu,71667.53600000001,1.0,mining,1.2567754526959038e-07,Cu concentrate,concentrate_economic
ON-MAIN-0aadf28f,,Air,Copper (and its compounds),Emission,Stack Emissions,tonnes,0.445,ON-MAIN-0aadf28f,"Au, Open-pit and underground mining and beneficiation at Rainy River",Au,8.05342613010203,1.0,mining,0.055255985814122346,Au concentrate,concentrate_economic
BC-MAIN-aa76f6f2,,Air,Lead (and its compounds),Emission,Stack Emissions,kg,1.179446,BC-MAIN-aa76f6f2,"Au and Cu, Underground mining and beneficiation at New Afton",Cu,71667.53600000001,1.0,mining,1.6457186417013135e-05,Cu concentrate,concentrate_economic
BC-MAIN-aa76f6f2,,Air,Manganese (and its compounds),Emission,Stack Emissions,tonnes,0.008389,BC-MAIN-aa76f6f2,"Au and Cu, Underground mining and beneficiation at New Afton",Cu,71667.53600000001,1.0,mining,1.1705439405646651e-07,Cu concentrate,concentrate_economic
BC-MAIN-aa76f6f2,,Air,Mercury (and its compounds),Emission,Stack Emissions,tonnes,7.821e-06,BC-MAIN-aa76f6f2,"Au and Cu, Underground mining and beneficiation at New Afton",Cu,71667.53600000001,1.0,mining,1.0912890879909698e-10,Cu concentrate,concentrate_economic
BC-MAIN-aa76f6f2,,Air,Nickel (and its compounds),Emission,Stack Emissions,tonnes,0.005538,BC-MAIN-aa76f6f2,"Au and Cu, Underground mining and beneficiation at New Afton",Cu,71667.53600000001,1.0,mining,7.72734812593529e-08,Cu concentrate,concentrate_economic
ON-MAIN-0aadf28f,,Air,Nitrogen oxides (expressed as nitrogen dioxide),Emission,Stack Emissions,tonnes,62.412,ON-MAIN-0aadf28f,"Au, Open-pit and underground mining and beneficiation at Rainy River",Au,8.05342613010203,1.0,mining,7.749745138496637,Au concentrate,concentrate_economic
BC-MAIN-aa76f6f2,,Air,Phosphorus (total),Emission,Stack Emissions,tonnes,0.009827,BC-MAIN-aa76f6f2,"Au and Cu, Underground mining and beneficiation at New Afton",Cu,71667.53600000001,1.0,mining,1.371192669439619e-07,Cu concentrate,concentrate_economic
BC-MAIN-aa76f6f2,,Air,PM10 - Particulate Matter <= 10 Micrometers,Emission,Stack Emissions,tonnes,6.844,BC-MAIN-aa76f6f2,"Au and Cu, Underground mining and beneficiation at New Afton",Cu,71667.53600000001,1.0,mining,9.549651602365678e-05,Cu concentrate,concentrate_economic
ON-MAIN-0aadf28f,,Air,PM10 - Particulate Matter <= 10 Micrometers,Emission,Stack Emissions,tonnes,1.533,ON-MAIN-0aadf28f,"Au, Open-pit and underground mining and beneficiation at Rainy River",Au,8.05342613010203,1.0,mining,0.1903537668607855,Au concentrate,concentrate_economic
BC-MAIN-aa76f6f2,,Air,PM2.5 - Particulate Matter <= 2.5 Micrometers,Emission,Stack Emissions,tonnes,3.794,BC-MAIN-aa76f6f2,"Au and Cu, Underground mining and beneficiation at New Afton",Cu,71667.53600000001,1.0,mining,5.2938892722640826e-05,Cu concentrate,concentrate_economic
ON-MAIN-0aadf28f,,Air,PM2.5 - Particulate Matter <= 2.5 Micrometers,Emission,Stack Emissions,tonnes,1.533,ON-MAIN-0aadf28f,"Au, Open-pit and underground mining and beneficiation at Rainy River",Au,8.05342613010203,1.0,mining,0.1903537668607855,Au concentrate,concentrate_economic
BC-MAIN-aa76f6f2,,Air,Selenium (and its compounds),Emission,Stack Emissions,kg,9.934,BC-MAIN-aa76f6f2,"Au and Cu, Underground mining and beneficiation at New Afton",Cu,71667.53600000001,1.0,mining,0.00013861227208927622,Cu concentrate,concentrate_economic
ON-MAIN-0aadf28f,,Air,Sulphur dioxide,Emission,Stack Emissions,tonnes,1.484,ON-MAIN-0aadf28f,"Au, Open-pit and underground mining and beneficiation at Rainy River",Au,8.05342613010203,1.0,mining,0.18426939988350013,Au concentrate,concentrate_economic
BC-MAIN-aa76f6f2,,Air,Total particulate matter,Emission,Stack Emissions,tonnes,7.749,BC-MAIN-aa76f6f2,"Au and Cu, Underground mining and beneficiation at New Afton",Cu,71667.53600000001,1.0,mining,0.0001081242698228107,Cu concentrate,concentrate_economic
ON-MAIN-0aadf28f,,Air,Total particulate matter,Emission,Stack Emissions,tonnes,1.533,ON-MAIN-0aadf28f,"Au, Open-pit and underground mining and beneficiation at Rainy River",Au,8.05342613010203,1.0,mining,0.1903537668607855,Au concentrate,concentrate_economic
BC-MAIN-aa76f6f2,,Air,Vanadium (and its compounds),Emission,Stack Emissions,tonnes,0.003992,BC-MAIN-aa76f6f2,"Au and Cu, Underground mining and beneficiation at New Afton",Cu,71667.53600000001,1.0,mining,5.570164990742809e-08,Cu concentrate,concentrate_economic
BC-MAIN-aa76f6f2,,Air,Zinc (and its compounds),Emission,Stack Emissions,tonnes,0.010066,BC-MAIN-aa76f6f2,"Au and Cu, Underground mining and beneficiation at New Afton",Cu,71667.53600000001,1.0,mining,1.4045411021246773e-07,Cu concentrate,concentrate_economic
BC-MAIN-8eb8be0d,,Air,Arsenic (and its compounds),Emission,Stack Emissions,kg,0.6542,BC-MAIN-8eb8be0d,"Au and Cu, Open-pit mining and beneficiation at Red Chris",Cu,12095.786666666667,1.0,mining,5.408494858815852e-05,Cu concentrate,concentrate_economic
BC-MAIN-8eb8be0d,,Air,Cadmium (and its compounds),Emission,Stack Emissions,kg,1.6661,BC-MAIN-8eb8be0d,"Au and Cu, Open-pit mining and beneficiation at Red Chris",Cu,12095.786666666667,1.0,mining,0.00013774217799255719,Cu concentrate,concentrate_economic
BC-MAIN-8eb8be0d,,Air,Carbon monoxide,Emission,Stack Emissions,tonnes,51.5033,BC-MAIN-8eb8be0d,"Au and Cu, Open-pit mining and beneficiation at Red Chris",Cu,12095.786666666667,1.0,mining,0.004257953733751918,Cu concentrate,concentrate_economic
BC-MAIN-8eb8be0d,,Air,Dioxins and furans - total,Emission,Stack Emissions,g TEQ,1.07,BC-MAIN-8eb8be0d,"Au and Cu, Open-pit mining and beneficiation at Red Chris",Cu,12095.786666666667,1.0,mining,8.846055485987407e-05,Cu concentrate,concentrate_economic
BC-MAIN-8eb8be0d,,Air,Hexachlorobenzene,Emission,Stack Emissions,grams,0.3057,BC-MAIN-8eb8be0d,"Au and Cu, Open-pit mining and beneficiation at Red Chris",Cu,12095.786666666667,1.0,mining,2.527326319688178e-05,Cu concentrate,concentrate_economic
BC-MAIN-8eb8be0d,,Air,Lead (and its compounds),Emission,Stack Emissions,kg,32.7099,BC-MAIN-8eb8be0d,"Au and Cu, Open-pit mining and beneficiation at Red Chris",Cu,12095.786666666667,1.0,mining,0.00270423916206635,Cu concentrate,concentrate_economic
BC-MAIN-8eb8be0d,,Air,Mercury (and its compounds),Emission,Stack Emissions,tonnes,0.000856,BC-MAIN-8eb8be0d,"Au and Cu, Open-pit mining and beneficiation at Red Chris",Cu,12095.786666666667,1.0,mining,7.076844388789925e-08,Cu concentrate,concentrate_economic
BC-MAIN-8eb8be0d,,Air,Nitrogen oxides (expressed as nitrogen dioxide),Emission,Stack Emissions,tonnes,236.8105,BC-MAIN-8eb8be0d,"Au and Cu, Open-pit mining and beneficiation at Red Chris",Cu,12095.786666666667,1.0,mining,0.01957793292209739,Cu concentrate,concentrate_economic
BC-MAIN-8eb8be0d,,Air,PM10 - Particulate Matter <= 10 Micrometers,Emission,Stack Emissions,tonnes,20.4465,BC-MAIN-8eb8be0d,"Au and Cu, Open-pit mining and beneficiation at Red Chris",Cu,12095.786666666667,1.0,mining,0.0016903819952732851,Cu concentrate,concentrate_economic
BC-MAIN-8eb8be0d,,Air,PM2.5 - Particulate Matter <= 2.5 Micrometers,Emission,Stack Emissions,tonnes,20.4465,BC-MAIN-8eb8be0d,"Au and Cu, Open-pit mining and beneficiation at Red Chris",Cu,12095.786666666667,1.0,mining,0.0016903819952732851,Cu concentrate,concentrate_economic
BC-MAIN-8eb8be0d,,Air,Total particulate matter,Emission,Stack Emissions,tonnes,20.4656,BC-MAIN-8eb8be0d,"Au and Cu, Open-pit mining and beneficiation at Red Chris",Cu,12095.786666666667,1.0,mining,0.0016919610575142417,Cu concentrate,concentrate_economic
BC-MAIN-857b7b89,,Air,Carbon monoxide,Emission,Stack Emissions,tonnes,24.693,BC-MAIN-857b7b89,"Au, Underground mining and beneficiation at Brucejack",Au,0.920409693877551,1.0,mining,26.828270241235742,Au concentrate,concentrate_economic
BC-MAIN-857b7b89,,Air,Dioxins and furans - total,Emission,Stack Emissions,g TEQ,2.2e-05,BC-MAIN-857b7b89,"Au, Underground mining and beneficiation at Brucejack",Au,0.920409693877551,1.0,mining,2.3902399275389233e-05,Au concentrate,concentrate_economic
BC-MAIN-857b7b89,,Air,Hexachlorobenzene,Emission,Stack Emissions,grams,0.0023,BC-MAIN-857b7b89,"Au, Underground mining and beneficiation at Brucejack",Au,0.920409693877551,1.0,mining,0.0024988871969725108,Au concentrate,concentrate_economic
BC-MAIN-857b7b89,,Air,Nitrogen oxides (expressed as nitrogen dioxide),Emission,Stack Emissions,tonnes,90.104,BC-MAIN-857b7b89,"Au, Underground mining and beneficiation at Brucejack",Au,0.920409693877551,1.0,mining,97.89553565043961,Au concentrate,concentrate_economic
BC-MAIN-857b7b89,,Air,PM10 - Particulate Matter <= 10 Micrometers,Emission,Stack Emissions,tonnes,1.427,BC-MAIN-857b7b89,"Au, Underground mining and beneficiation at Brucejack",Au,0.920409693877551,1.0,mining,1.5503965348172926,Au concentrate,concentrate_economic
BC-MAIN-857b7b89,,Air,PM2.5 - Particulate Matter <= 2.5 Micrometers,Emission,Stack Emissions,tonnes,1.381,BC-MAIN-857b7b89,"Au, Underground mining and beneficiation at Brucejack",Au,0.920409693877551,1.0,mining,1.5004187908778424,Au concentrate,concentrate_economic
BC-MAIN-857b7b89,,Air,Total particulate matter,Emission,Stack Emissions,tonnes,1.77,BC-MAIN-857b7b89,"Au, Underground mining and beneficiation at Brucejack",Au,0.920409693877551,1.0,mining,1.9230566689744972,Au concentrate,concentrate_economic
ON-MAIN-8825d90d,,Air,Arsenic (and its compounds),Emission,Stack Emissions,kg,0.093668,ON-MAIN-8825d90d,"Au, Open-pit mining and beneficiation at Magino",Au,1.0473627551020408,1.0,mining,0.08943224259571295,Au concentrate,concentrate_economic
ON-MAIN-8825d90d,,Air,Carbon monoxide,Emission,Stack Emissions,tonnes,20.78366,ON-MAIN-8825d90d,"Au, Open-pit mining and beneficiation at Magino",Au,1.0473627551020408,1.0,mining,19.84380282643822,Au concentrate,concentrate_economic
ON-MAIN-8825d90d,,Air,Chromium (and its compounds),Emission,Stack Emissions,tonnes,0.000486,ON-MAIN-8825d90d,"Au, Open-pit mining and beneficiation at Magino",Au,1.0473627551020408,1.0,mining,0.0004640226107263579,Au concentrate,concentrate_economic
ON-MAIN-8825d90d,,Air,Cobalt (and its compounds),Emission,Stack Emissions,kg,0.232258,ON-MAIN-8825d90d,"Au, Open-pit mining and beneficiation at Magino",Au,1.0473627551020408,1.0,mining,0.22175506897547825,Au concentrate,concentrate_economic
ON-MAIN-8825d90d,,Air,Copper (and its compounds),Emission,Stack Emissions,tonnes,0.000928,ON-MAIN-8825d90d,"Au, Open-pit mining and beneficiation at Magino",Au,1.0473627551020408,1.0,mining,0.0008860349439383954,Au concentrate,concentrate_economic
ON-MAIN-8825d90d,,Air,Hydrogen cyanide,Emission,Stack Emissions,tonnes,2.357473,ON-MAIN-8825d90d,"Au, Open-pit mining and beneficiation at Magino",Au,1.0473627551020408,1.0,mining,2.250865794602673,Au concentrate,concentrate_economic
ON-MAIN-8825d90d,,Air,Lead (and its compounds),Emission,Stack Emissions,kg,0.024373,ON-MAIN-8825d90d,"Au, Open-pit mining and beneficiation at Magino",Au,1.0473627551020408,1.0,mining,0.02327082940583029,Au concentrate,concentrate_economic
ON-MAIN-8825d90d,,Air,Manganese (and its compounds),Emission,Stack Emissions,tonnes,0.014069,ON-MAIN-8825d90d,"Au, Open-pit mining and beneficiation at Magino",Au,1.0473627551020408,1.0,mining,0.01343278623520397,Au concentrate,concentrate_economic
ON-MAIN-8825d90d,,Air,Nickel (and its compounds),Emission,Stack Emissions,tonnes,0.00347,ON-MAIN-8825d90d,"Au, Open-pit mining and beneficiation at Magino",Au,1.0473627551020408,1.0,mining,0.0033130832494248186,Au concentrate,concentrate_economic
ON-MAIN-8825d90d,,Air,Nitrogen oxides (expressed as nitrogen dioxide),Emission,Stack Emissions,tonnes,200.592948,ON-MAIN-8825d90d,"Au, Open-pit mining and beneficiation at Magino",Au,1.0473627551020408,1.0,mining,191.521941202174,Au concentrate,concentrate_economic
ON-MAIN-8825d90d,,Air,PM10 - Particulate Matter <= 10 Micrometers,Emission,Stack Emissions,tonnes,2.808925,ON-MAIN-8825d90d,"Au, Open-pit mining and beneficiation at Magino",Au,1.0473627551020408,1.0,mining,2.681902699248014,Au concentrate,concentrate_economic
ON-MAIN-8825d90d,,Air,PM2.5 - Particulate Matter <= 2.5 Micrometers,Emission,Stack Emissions,tonnes,2.40327,ON-MAIN-8825d90d,"Au, Open-pit mining and beneficiation at Magino",Au,1.0473627551020408,1.0,mining,2.29459181004184,Au concentrate,concentrate_economic
ON-MAIN-8825d90d,,Air,Selenium (and its compounds),Emission,Stack Emissions,kg,0.023895,ON-MAIN-8825d90d,"Au, Open-pit mining and beneficiation at Magino",Au,1.0473627551020408,1.0,mining,0.022814445027379265,Au concentrate,concentrate_economic
ON-MAIN-8825d90d,,Air,Thallium (and its compounds),Emission,Stack Emissions,kg,0.001959,ON-MAIN-8825d90d,"Au, Open-pit mining and beneficiation at Magino",Au,1.0473627551020408,1.0,mining,0.001870412128421677,Au concentrate,concentrate_economic
ON-MAIN-8825d90d,,Air,Total particulate matter,Emission,Stack Emissions,tonnes,6.816918,ON-MAIN-8825d90d,"Au, Open-pit mining and beneficiation at Magino",Au,1.0473627551020408,1.0,mining,6.508650385735602,Au concentrate,concentrate_economic
ON-MAIN-8825d90d,,Air,Vanadium (and its compounds),Emission,Stack Emissions,tonnes,0.000174,ON-MAIN-8825d90d,"Au, Open-pit mining and beneficiation at Magino",Au,1.0473627551020408,1.0,mining,0.00016613155198844912,Au concentrate,concentrate_economic
ON-MAIN-7f050560,,Air,Arsenic (and its compounds),Emission,Stack Emissions,kg,1.119783,ON-MAIN-7f050560,"Au, Underground mining and beneficiation at Red Lake",Au,3.5769025,1.0,mining,0.3130594138364129,Au concentrate,concentrate_economic
ON-MAIN-7f050560,,Air,Cobalt (and its compounds),Emission,Stack Emissions,kg,0.142689,ON-MAIN-7f050560,"Au, Underground mining and beneficiation at Red Lake",Au,3.5769025,1.0,mining,0.0398917778720555,Au concentrate,concentrate_economic
ON-MAIN-7f050560,,Air,PM10 - Particulate Matter <= 10 Micrometers,Emission,Stack Emissions,tonnes,2.094518,ON-MAIN-7f050560,"Au, Underground mining and beneficiation at Red Lake",Au,3.5769025,1.0,mining,0.5855675406304757,Au concentrate,concentrate_economic
ON-MAIN-7f050560,,Air,PM2.5 - Particulate Matter <= 2.5 Micrometers,Emission,Stack Emissions,tonnes,1.070544,ON-MAIN-7f050560,"Au, Underground mining and beneficiation at Red Lake",Au,3.5769025,1.0,mining,0.29929359271045264,Au concentrate,concentrate_economic
BC-MAIN-bf503b6b,,Air,Arsenic (and its compounds),Emission,Stack Emissions,kg,2e-06,BC-MAIN-bf503b6b,"Cu and Mo, Open-pit mining and beneficiation at Highland Valley",Cu,341333.3333333334,0.9997809583158581,mining,5.85809155263198e-12,Cu concentrate,concentrate_economic
BC-MAIN-bf503b6b,,Air,Arsenic (and its compounds),Emission,Stack Emissions,kg,2e-06,BC-MAIN-bf503b6b,"Cu and Mo, Open-pit mining and beneficiation at Highland Valley",Mo,17.647058823529413,0.00021904168414189142,mining,2.4824724202747692e-11,Mo concentrate,concentrate_economic
BC-MAIN-bf503b6b,,Air,Cadmium (and its compounds),Emission,Stack Emissions,kg,1e-06,BC-MAIN-bf503b6b,"Cu and Mo, Open-pit mining and beneficiation at Highland Valley",Cu,341333.3333333334,0.9997809583158581,mining,2.92904577631599e-12,Cu concentrate,concentrate_economic
BC-MAIN-bf503b6b,,Air,Cadmium (and its compounds),Emission,Stack Emissions,kg,1e-06,BC-MAIN-bf503b6b,"Cu and Mo, Open-pit mining and beneficiation at Highland Valley",Mo,17.647058823529413,0.00021904168414189142,mining,1.2412362101373846e-11,Mo concentrate,concentrate_economic
BC-MAIN-bf503b6b,,Air,Carbon monoxide,Emission,Stack Emissions,tonnes,10.031,BC-MAIN-bf503b6b,"Cu and Mo, Open-pit mining and beneficiation at Highland Valley",Cu,341333.3333333334,0.9997809583158581,mining,2.93812581822257e-05,Cu concentrate,concentrate_economic
BC-MAIN-bf503b6b,,Air,Carbon monoxide,Emission,Stack Emissions,tonnes,10.031,BC-MAIN-bf503b6b,"Cu and Mo, Open-pit mining and beneficiation at Highland Valley",Mo,17.647058823529413,0.00021904168414189142,mining,0.00012450840423888104,Mo concentrate,concentrate_economic
BC-MAIN-bf503b6b,,Air,Cobalt (and its compounds),Emission,Stack Emissions,kg,1.021,BC-MAIN-bf503b6b,"Cu and Mo, Open-pit mining and beneficiation at Highland Valley",Cu,341333.3333333334,0.9997809583158581,mining,2.990555737618626e-06,Cu concentrate,concentrate_economic
BC-MAIN-bf503b6b,,Air,Cobalt (and its compounds),Emission,Stack Emissions,kg,1.021,BC-MAIN-bf503b6b,"Cu and Mo, Open-pit mining and beneficiation at Highland Valley",Mo,17.647058823529413,0.00021904168414189142,mining,1.2673021705502696e-05,Mo concentrate,concentrate_economic
BC-MAIN-bf503b6b,,Air,Lead (and its compounds),Emission,Stack Emissions,kg,1.021,BC-MAIN-bf503b6b,"Cu and Mo, Open-pit mining and beneficiation at Highland Valley",Cu,341333.3333333334,0.9997809583158581,mining,2.990555737618626e-06,Cu concentrate,concentrate_economic
BC-MAIN-bf503b6b,,Air,Lead (and its compounds),Emission,Stack Emissions,kg,1.021,BC-MAIN-bf503b6b,"Cu and Mo, Open-pit mining and beneficiation at Highland Valley",Mo,17.647058823529413,0.00021904168414189142,mining,1.2673021705502696e-05,Mo concentrate,concentrate_economic
BC-MAIN-bf503b6b,,Air,Nitrogen oxides (expressed as nitrogen dioxide),Emission,Stack Emissions,tonnes,11.432,BC-MAIN-bf503b6b,"Cu and Mo, Open-pit mining and beneficiation at Highland Valley",Cu,341333.3333333334,0.9997809583158581,mining,3.3484851314844404e-05,Cu concentrate,concentrate_economic
BC-MAIN-bf503b6b,,Air,Nitrogen oxides (expressed as nitrogen dioxide),Emission,Stack Emissions,tonnes,11.432,BC-MAIN-bf503b6b,"Cu and Mo, Open-pit mining and beneficiation at Highland Valley",Mo,17.647058823529413,0.00021904168414189142,mining,0.00014189812354290583,Mo concentrate,concentrate_economic
BC-MAIN-bf503b6b,,Air,PM10 - Particulate Matter <= 10 Micrometers,Emission,Stack Emissions,tonnes,1.368,BC-MAIN-bf503b6b,"Cu and Mo, Open-pit mining and beneficiation at Highland Valley",Cu,341333.3333333334,0.9997809583158581,mining,4.0069346220002754e-06,Cu concentrate,concentrate_economic
BC-MAIN-bf503b6b,,Air,PM10 - Particulate Matter <= 10 Micrometers,Emission,Stack Emissions,tonnes,1.368,BC-MAIN-bf503b6b,"Cu and Mo, Open-pit mining and beneficiation at Highland Valley",Mo,17.647058823529413,0.00021904168414189142,mining,1.6980111354679424e-05,Mo concentrate,concentrate_economic
BC-MAIN-bf503b6b,,Air,PM2.5 - Particulate Matter <= 2.5 Micrometers,Emission,Stack Emissions,tonnes,0.937,BC-MAIN-bf503b6b,"Cu and Mo, Open-pit mining and beneficiation at Highland Valley",Cu,341333.3333333334,0.9997809583158581,mining,2.744515892408083e-06,Cu concentrate,concentrate_economic
BC-MAIN-bf503b6b,,Air,PM2.5 - Particulate Matter <= 2.5 Micrometers,Emission,Stack Emissions,tonnes,0.937,BC-MAIN-bf503b6b,"Cu and Mo, Open-pit mining and beneficiation at Highland Valley",Mo,17.647058823529413,0.00021904168414189142,mining,1.1630383288987294e-05,Mo concentrate,concentrate_economic
BC-MAIN-bf503b6b,,Air,Total particulate matter,Emission,Stack Emissions,tonnes,7.743,BC-MAIN-bf503b6b,"Cu and Mo, Open-pit mining and beneficiation at Highland Valley",Cu,341333.3333333334,0.9997809583158581,mining,2.2679601446014714e-05,Cu concentrate,concentrate_economic
BC-MAIN-bf503b6b,,Air,Total particulate matter,Emission,Stack Emissions,tonnes,7.743,BC-MAIN-bf503b6b,"Cu and Mo, Open-pit mining and beneficiation at Highland Valley",Mo,17.647058823529413,0.00021904168414189142,mining,9.610891975093769e-05,Mo concentrate,concentrate_economic
BC-MAIN-bf503b6b,,Air,Volatile Organic Compounds (Total),Emission,Stack Emissions,tonnes,6.071,BC-MAIN-bf503b6b,"Cu and Mo, Open-pit mining and beneficiation at Highland Valley",Cu,341333.3333333334,0.9997809583158581,mining,1.7782236908014375e-05,Cu concentrate,concentrate_economic
BC-MAIN-bf503b6b,,Air,Volatile Organic Compounds (Total),Emission,Stack Emissions,tonnes,6.071,BC-MAIN-bf503b6b,"Cu and Mo, Open-pit mining and beneficiation at Highland Valley",Mo,17.647058823529413,0.00021904168414189142,mining,7.535545031744062e-05,Mo concentrate,concentrate_economic
NL-MAIN-2d8801d6,,Air,Ammonia (total),Emission,Stack Emissions,tonnes,6.6,NL-MAIN-2d8801d6,"Cu and Ni, Open-pit and underground mining and beneficiation at Voisey’s Bay",Ni,84375.0,1.0,mining,7.822222222222222e-05,Ni concentrate,concentrate_economic
NL-MAIN-2d8801d6,,Air,Arsenic (and its compounds),Emission,Stack Emissions,kg,0.832,NL-MAIN-2d8801d6,"Cu and Ni, Open-pit and underground mining and beneficiation at Voisey’s Bay",Ni,84375.0,1.0,mining,9.86074074074074e-06,Ni concentrate,concentrate_economic
NL-MAIN-2d8801d6,,Air,Cadmium (and its compounds),Emission,Stack Emissions,kg,0.604,NL-MAIN-2d8801d6,"Cu and Ni, Open-pit and underground mining and beneficiation at Voisey’s Bay",Ni,84375.0,1.0,mining,7.158518518518519e-06,Ni concentrate,concentrate_economic
NL-MAIN-2d8801d6,,Air,Carbon monoxide,Emission,Stack Emissions,tonnes,262.886,NL-MAIN-2d8801d6,"Cu and Ni, Open-pit and underground mining and beneficiation at Voisey’s Bay",Ni,84375.0,1.0,mining,0.003115685925925926,Ni concentrate,concentrate_economic
NL-MAIN-2d8801d6,,Air,Chromium (and its compounds),Emission,Stack Emissions,tonnes,0.002,NL-MAIN-2d8801d6,"Cu and Ni, Open-pit and underground mining and beneficiation at Voisey’s Bay",Ni,84375.0,1.0,mining,2.3703703703703703e-08,Ni concentrate,concentrate_economic
NL-MAIN-2d8801d6,,Air,Cobalt (and its compounds),Emission,Stack Emissions,kg,0.01,NL-MAIN-2d8801d6,"Cu and Ni, Open-pit and underground mining and beneficiation at Voisey’s Bay",Ni,84375.0,1.0,mining,1.1851851851851853e-07,Ni concentrate,concentrate_economic
NL-MAIN-2d8801d6,,Air,Copper (and its compounds),Emission,Stack Emissions,tonnes,0.002,NL-MAIN-2d8801d6,"Cu and Ni, Open-pit and underground mining and beneficiation at Voisey’s Bay",Ni,84375.0,1.0,mining,2.3703703703703703e-08,Ni concentrate,concentrate_economic
NL-MAIN-2d8801d6,,Air,Hexachlorobenzene,Emission,Stack Emissions,grams,4.808,NL-MAIN-2d8801d6,"Cu and Ni, Open-pit and underground mining and beneficiation at Voisey’s Bay",Ni,84375.0,1.0,mining,5.69837037037037e-05,Ni concentrate,concentrate_economic
NL-MAIN-2d8801d6,,Air,Lead (and its compounds),Emission,Stack Emissions,kg,2.302,NL-MAIN-2d8801d6,"Cu and Ni, Open-pit and underground mining and beneficiation at Voisey’s Bay",Ni,84375.0,1.0,mining,2.7282962962962964e-05,Ni concentrate,concentrate_economic
NL-MAIN-2d8801d6,,Air,Manganese (and its compounds),Emission,Stack Emissions,tonnes,0.001,NL-MAIN-2d8801d6,"Cu and Ni, Open-pit and underground mining and beneficiation at Voisey’s Bay",Ni,84375.0,1.0,mining,1.1851851851851851e-08,Ni concentrate,concentrate_economic
NL-MAIN-2d8801d6,,Air,Mercury (and its compounds),Emission,Stack Emissions,tonnes,0.0007800000000000001,NL-MAIN-2d8801d6,"Cu and Ni, Open-pit and underground mining and beneficiation at Voisey’s Bay",Ni,84375.0,1.0,mining,9.244444444444445e-09,Ni concentrate,concentrate_economic
NL-MAIN-2d8801d6,,Air,Nickel (and its compounds),Emission,Stack Emissions,tonnes,0.001,NL-MAIN-2d8801d6,"Cu and Ni, Open-pit and underground mining and beneficiation at Voisey’s Bay",Ni,84375.0,1.0,mining,1.1851851851851851e-08,Ni concentrate,concentrate_economic
NL-MAIN-2d8801d6,,Air,Nitrogen oxides (expressed as nitrogen dioxide),Emission,Stack Emissions,tonnes,3224.385,NL-MAIN-2d8801d6,"Cu and Ni, Open-pit and underground mining and beneficiation at Voisey’s Bay",Ni,84375.0,1.0,mining,0.03821493333333333,Ni concentrate,concentrate_economic
NL-MAIN-2d8801d6,,Air,"PAHs, total unspeciated",Emission,Stack Emissions,kg,136.966,NL-MAIN-2d8801d6,"Cu and Ni, Open-pit and underground mining and beneficiation at Voisey’s Bay",Ni,84375.0,1.0,mining,0.001623300740740741,Ni concentrate,concentrate_economic
NL-MAIN-2d8801d6,,Air,Phenanthrene,Emission,Stack Emissions,kg,25.626,NL-MAIN-2d8801d6,"Cu and Ni, Open-pit and underground mining and beneficiation at Voisey’s Bay",Ni,84375.0,1.0,mining,0.0003037155555555556,Ni concentrate,concentrate_economic
NL-MAIN-2d8801d6,,Air,Phosphorus (total),Emission,Stack Emissions,tonnes,0.00015,NL-MAIN-2d8801d6,"Cu and Ni, Open-pit and underground mining and beneficiation at Voisey’s Bay",Ni,84375.0,1.0,mining,1.7777777777777777e-09,Ni concentrate,concentrate_economic
NL-MAIN-2d8801d6,,Air,PM10 - Particulate Matter <= 10 Micrometers,Emission,Stack Emissions,tonnes,19.039,NL-MAIN-2d8801d6,"Cu and Ni, Open-pit and underground mining and beneficiation at Voisey’s Bay",Ni,84375.0,1.0,mining,0.00022564740740740741,Ni concentrate,concentrate_economic
NL-MAIN-2d8801d6,,Air,PM2.5 - Particulate Matter <= 2.5 Micrometers,Emission,Stack Emissions,tonnes,17.998,NL-MAIN-2d8801d6,"Cu and Ni, Open-pit and underground mining and beneficiation at Voisey’s Bay",Ni,84375.0,1.0,mining,0.00021330962962962964,Ni concentrate,concentrate_economic
NL-MAIN-2d8801d6,,Air,Selenium (and its compounds),Emission,Stack Emissions,kg,0.076,NL-MAIN-2d8801d6,"Cu and Ni, Open-pit and underground mining and beneficiation at Voisey’s Bay",Ni,84375.0,1.0,mining,9.007407407407407e-07,Ni concentrate,concentrate_economic
NL-MAIN-2d8801d6,,Air,Silver (and its compounds),Emission,Stack Emissions,tonnes,1.9e-05,NL-MAIN-2d8801d6,"Cu and Ni, Open-pit and underground mining and beneficiation at Voisey’s Bay",Ni,84375.0,1.0,mining,2.251851851851852e-10,Ni concentrate,concentrate_economic
NL-MAIN-2d8801d6,,Air,Total particulate matter,Emission,Stack Emissions,tonnes,30.207,NL-MAIN-2d8801d6,"Cu and Ni, Open-pit and underground mining and beneficiation at Voisey’s Bay",Ni,84375.0,1.0,mining,0.0003580088888888889,Ni concentrate,concentrate_economic
NL-MAIN-2d8801d6,,Air,Vanadium (and its compounds),Emission,Stack Emissions,tonnes,1.1e-05,NL-MAIN-2d8801d6,"Cu and Ni, Open-pit and underground mining and beneficiation at Voisey’s Bay",Ni,84375.0,1.0,mining,1.3037037037037036e-10,Ni concentrate,concentrate_economic
NL-MAIN-2d8801d6,,Air,Volatile Organic Compounds (Total),Emission,Stack Emissions,tonnes,52.087,NL-MAIN-2d8801d6,"Cu and Ni, Open-pit and underground mining and beneficiation at Voisey’s Bay",Ni,84375.0,1.0,mining,0.0006173274074074075,Ni concentrate,concentrate_economic
NL-MAIN-2d8801d6,,Air,Zinc (and its compounds),Emission,Stack Emissions,tonnes,0.002,NL-MAIN-2d8801d6,"Cu and Ni, Open-pit and underground mining and beneficiation at Voisey’s Bay",Ni,84375.0,1.0,mining,2.3703703703703703e-08,Ni concentrate,concentrate_economic
ON-MAIN-cb85213a,,Air,Carbon monoxide,Emission,Stack Emissions,tonnes,49.312857,ON-MAIN-cb85213a,"Au, Underground mining and beneficiation at Eagle River",Au,2.7760508515306124,1.0,mining,17.76367207856106,Au concentrate,concentrate_economic
ON-MAIN-cb85213a,,Air,Chromium (and its compounds),Emission,Stack Emissions,tonnes,0.002063,ON-MAIN-cb85213a,"Au, Underground mining and beneficiation at Eagle River",Au,2.7760508515306124,1.0,mining,0.0007431420065171133,Au concentrate,concentrate_economic
ON-MAIN-cb85213a,,Air,Cobalt (and its compounds),Emission,Stack Emissions,kg,0.00091,ON-MAIN-cb85213a,"Au, Underground mining and beneficiation at Eagle River",Au,2.7760508515306124,1.0,mining,0.00032780379347095153,Au concentrate,concentrate_economic
ON-MAIN-cb85213a,,Air,Lead (and its compounds),Emission,Stack Emissions,kg,0.13203,ON-MAIN-cb85213a,"Au, Underground mining and beneficiation at Eagle River",Au,2.7760508515306124,1.0,mining,0.04756036796919751,Au concentrate,concentrate_economic
ON-MAIN-cb85213a,,Air,Manganese (and its compounds),Emission,Stack Emissions,tonnes,0.019006,ON-MAIN-cb85213a,"Au, Underground mining and beneficiation at Eagle River",Au,2.7760508515306124,1.0,mining,0.006846416372207587,Au concentrate,concentrate_economic
ON-MAIN-cb85213a,,Air,Nickel (and its compounds),Emission,Stack Emissions,tonnes,0.001394,ON-MAIN-cb85213a,"Au, Underground mining and beneficiation at Eagle River",Au,2.7760508515306124,1.0,mining,0.0005021521847236335,Au concentrate,concentrate_economic
ON-MAIN-cb85213a,,Air,Nitrogen oxides (expressed as nitrogen dioxide),Emission,Stack Emissions,tonnes,164.458578,ON-MAIN-cb85213a,"Au, Underground mining and beneficiation at Eagle River",Au,2.7760508515306124,1.0,mining,59.24191839256964,Au concentrate,concentrate_economic
ON-MAIN-cb85213a,,Air,PM10 - Particulate Matter <= 10 Micrometers,Emission,Stack Emissions,tonnes,1.202337,ON-MAIN-cb85213a,"Au, Underground mining and beneficiation at Eagle River",Au,2.7760508515306124,1.0,mining,0.43311058201152025,Au concentrate,concentrate_economic
ON-MAIN-cb85213a,,Air,PM10 - Particulate Matter <= 10 Micrometers,Emission,Stack Emissions,tonnes,11.165898,ON-MAIN-cb85213a,"Au, Underground mining and beneficiation at Eagle River",Au,2.7760508515306124,1.0,mining,4.022223870230452,Au concentrate,concentrate_economic
ON-MAIN-cb85213a,,Air,PM2.5 - Particulate Matter <= 2.5 Micrometers,Emission,Stack Emissions,tonnes,1.134085,ON-MAIN-cb85213a,"Au, Underground mining and beneficiation at Eagle River",Au,2.7760508515306124,1.0,mining,0.4085245770533012,Au concentrate,concentrate_economic
ON-MAIN-cb85213a,,Air,PM2.5 - Particulate Matter <= 2.5 Micrometers,Emission,Stack Emissions,tonnes,11.165898,ON-MAIN-cb85213a,"Au, Underground mining and beneficiation at Eagle River",Au,2.7760508515306124,1.0,mining,4.022223870230452,Au concentrate,concentrate_economic
ON-MAIN-cb85213a,,Air,Total particulate matter,Emission,Stack Emissions,tonnes,11.165898,ON-MAIN-cb85213a,"Au, Underground mining and beneficiation at Eagle River",Au,2.7760508515306124,1.0,mining,4.022223870230452,Au concentrate,concentrate_economic
ON-MAIN-6e9be24e,,Air,Ammonia (total),Emission,Stack Emissions,tonnes,3.567718,ON-MAIN-6e9be24e,"Au, Open-pit and underground mining and beneficiation at Hemlo (Williams)",Au,4.476523630102041,1.0,mining,0.7969840650475188,Au concentrate,concentrate_economic
ON-MAIN-6e9be24e,,Air,Antimony (and its compounds),Emission,Stack Emissions,tonnes,0.001028,ON-MAIN-6e9be24e,"Au, Open-pit and underground mining and beneficiation at Hemlo (Williams)",Au,4.476523630102041,1.0,mining,0.0002296424826370384,Au concentrate,concentrate_economic
ON-MAIN-6e9be24e,,Air,Arsenic (and its compounds),Emission,Stack Emissions,kg,1.812416,ON-MAIN-6e9be24e,"Au, Open-pit and underground mining and beneficiation at Hemlo (Williams)",Au,4.476523630102041,1.0,mining,0.4048713130458079,Au concentrate,concentrate_economic
ON-MAIN-6e9be24e,,Air,Cadmium (and its compounds),Emission,Stack Emissions,kg,0.530323,ON-MAIN-6e9be24e,"Au, Open-pit and underground mining and beneficiation at Hemlo (Williams)",Au,4.476523630102041,1.0,mining,0.11846759758708376,Au concentrate,concentrate_economic
ON-MAIN-6e9be24e,,Air,Carbon monoxide,Emission,Stack Emissions,tonnes,732.672002,ON-MAIN-6e9be24e,"Au, Open-pit and underground mining and beneficiation at Hemlo (Williams)",Au,4.476523630102041,1.0,mining,163.66986137930851,Au concentrate,concentrate_economic
ON-MAIN-6e9be24e,,Air,Chromium (and its compounds),Emission,Stack Emissions,tonnes,0.002507,ON-MAIN-6e9be24e,"Au, Open-pit and underground mining and beneficiation at Hemlo (Williams)",Au,4.476523630102041,1.0,mining,0.0005600327859640615,Au concentrate,concentrate_economic
ON-MAIN-6e9be24e,,Air,Cobalt (and its compounds),Emission,Stack Emissions,kg,0.449416,ON-MAIN-6e9be24e,"Au, Open-pit and underground mining and beneficiation at Hemlo (Williams)",Au,4.476523630102041,1.0,mining,0.10039397468561015,Au concentrate,concentrate_economic
ON-MAIN-6e9be24e,,Air,Copper (and its compounds),Emission,Stack Emissions,tonnes,0.005832,ON-MAIN-6e9be24e,"Au, Open-pit and underground mining and beneficiation at Hemlo (Williams)",Au,4.476523630102041,1.0,mining,0.0013027966524700467,Au concentrate,concentrate_economic
ON-MAIN-6e9be24e,,Air,Lead (and its compounds),Emission,Stack Emissions,kg,51.50023,ON-MAIN-6e9be24e,"Au, Open-pit and underground mining and beneficiation at Hemlo (Williams)",Au,4.476523630102041,1.0,mining,11.504514273909031,Au concentrate,concentrate_economic
ON-MAIN-6e9be24e,,Air,Manganese (and its compounds),Emission,Stack Emissions,tonnes,0.005372,ON-MAIN-6e9be24e,"Au, Open-pit and underground mining and beneficiation at Hemlo (Williams)",Au,4.476523630102041,1.0,mining,0.0012000383431188426,Au concentrate,concentrate_economic
ON-MAIN-6e9be24e,,Air,Mercury (and its compounds),Emission,Stack Emissions,tonnes,0.000207519,ON-MAIN-6e9be24e,"Au, Open-pit and underground mining and beneficiation at Hemlo (Williams)",Au,4.476523630102041,1.0,mining,4.635717738750542e-05,Au concentrate,concentrate_economic
ON-MAIN-6e9be24e,,Air,Nickel (and its compounds),Emission,Stack Emissions,tonnes,0.00651,ON-MAIN-6e9be24e,"Au, Open-pit and underground mining and beneficiation at Hemlo (Williams)",Au,4.476523630102041,1.0,mining,0.0014542534649485603,Au concentrate,concentrate_economic
ON-MAIN-6e9be24e,,Air,Nitrogen oxides (expressed as nitrogen dioxide),Emission,Stack Emissions,tonnes,104.591182,ON-MAIN-6e9be24e,"Au, Open-pit and underground mining and beneficiation at Hemlo (Williams)",Au,4.476523630102041,1.0,mining,23.364376163834944,Au concentrate,concentrate_economic
ON-MAIN-6e9be24e,,Air,Phosphorus (total),Emission,Stack Emissions,tonnes,0.034131,ON-MAIN-6e9be24e,"Au, Open-pit and underground mining and beneficiation at Hemlo (Williams)",Au,4.476523630102041,1.0,mining,0.007624443166230309,Au concentrate,concentrate_economic
ON-MAIN-6e9be24e,,Air,PM10 - Particulate Matter <= 10 Micrometers,Emission,Stack Emissions,tonnes,0.148665,ON-MAIN-6e9be24e,"Au, Open-pit and underground mining and beneficiation at Hemlo (Williams)",Au,4.476523630102041,1.0,mining,0.033209921868905944,Au concentrate,concentrate_economic
ON-MAIN-6e9be24e,,Air,PM2.5 - Particulate Matter <= 2.5 Micrometers,Emission,Stack Emissions,tonnes,0.139925,ON-MAIN-6e9be24e,"Au, Open-pit and underground mining and beneficiation at Hemlo (Williams)",Au,4.476523630102041,1.0,mining,0.03125751399123307,Au concentrate,concentrate_economic
ON-MAIN-6e9be24e,,Air,Selenium (and its compounds),Emission,Stack Emissions,kg,1.908177,ON-MAIN-6e9be24e,"Au, Open-pit and underground mining and beneficiation at Hemlo (Williams)",Au,4.476523630102041,1.0,mining,0.4262631357888093,Au concentrate,concentrate_economic
ON-MAIN-6e9be24e,,Air,Thallium (and its compounds),Emission,Stack Emissions,kg,0.756757,ON-MAIN-6e9be24e,"Au, Open-pit and underground mining and beneficiation at Hemlo (Williams)",Au,4.476523630102041,1.0,mining,0.16905015197758488,Au concentrate,concentrate_economic
ON-MAIN-6e9be24e,,Air,Total particulate matter,Emission,Stack Emissions,tonnes,29.653988,ON-MAIN-6e9be24e,"Au, Open-pit and underground mining and beneficiation at Hemlo (Williams)",Au,4.476523630102041,1.0,mining,6.624334070436716,Au concentrate,concentrate_economic
ON-MAIN-6e9be24e,,Air,Vanadium (and its compounds),Emission,Stack Emissions,tonnes,0.000585,ON-MAIN-6e9be24e,"Au, Open-pit and underground mining and beneficiation at Hemlo (Williams)",Au,4.476523630102041,1.0,mining,0.0001306817629792485,Au concentrate,concentrate_economic
ON-MAIN-6e9be24e,,Air,Zinc (and its compounds),Emission,Stack Emissions,tonnes,0.00817,ON-MAIN-6e9be24e,"Au, Open-pit and underground mining and beneficiation at Hemlo (Williams)",Au,4.476523630102041,1.0,mining,0.001825076929128992,Au concentrate,concentrate_economic
QC-MAIN-e7e6a960,,Air,PM10 - Particulate Matter <= 10 Micrometers,Emission,Storage / Handling,tonnes,20.97,QC-MAIN-e7e6a960,"Au and Ag, Open-pit mining and beneficiation at Canadian Malartic",Au,29.039084533163262,1.0,mining,0.7221302026946409,Au concentrate,concentrate_economic
QC-MAIN-e7e6a960,,Air,PM2.5 - Particulate Matter <= 2.5 Micrometers,Emission,Storage / Handling,tonnes,3.18,QC-MAIN-e7e6a960,"Au and Ag, Open-pit mining and beneficiation at Canadian Malartic",Au,29.039084533163262,1.0,mining,0.10950758438573956,Au concentrate,concentrate_economic
QC-MAIN-e7e6a960,,Air,Total particulate matter,Emission,Storage / Handling,tonnes,44.34,QC-MAIN-e7e6a960,"Au and Ag, Open-pit mining and beneficiation at Canadian Malartic",Au,29.039084533163262,1.0,mining,1.5269076388879534,Au concentrate,concentrate_economic
QC-MAIN-a97821c0,,Air,PM10 - Particulate Matter <= 10 Micrometers,Emission,Storage / Handling,tonnes,44.3785,QC-MAIN-a97821c0,"Cu and Ni and Co and Pt, Underground mining and beneficiation at Raglan",Ni,151450.0,1.0,mining,0.00029302410036315617,Ni concentrate,concentrate_economic
QC-MAIN-a97821c0,,Air,PM2.5 - Particulate Matter <= 2.5 Micrometers,Emission,Storage / Handling,tonnes,15.5816,QC-MAIN-a97821c0,"Cu and Ni and Co and Pt, Underground mining and beneficiation at Raglan",Ni,151450.0,1.0,mining,0.00010288279960382965,Ni concentrate,concentrate_economic
QC-MAIN-a97821c0,,Air,Total particulate matter,Emission,Storage / Handling,tonnes,89.756,QC-MAIN-a97821c0,"Cu and Ni and Co and Pt, Underground mining and beneficiation at Raglan",Ni,151450.0,1.0,mining,0.0005926444371079564,Ni concentrate,concentrate_economic
BC-MAIN-3f490561,,Air,Volatile Organic Compounds (Total),Emission,Storage / Handling,tonnes,16.78,BC-MAIN-3f490561,"Au and Cu, Open-pit mining and beneficiation at Mount Polley",Cu,45578.436133333336,1.0,mining,0.00036815655436076087,Cu concentrate,concentrate_economic
QC-MAIN-e51eda66,,Air,PM10 - Particulate Matter <= 10 Micrometers,Emission,Storage / Handling,tonnes,15.342,QC-MAIN-e51eda66,"Au and Ag and Cu and Zn, Underground mining and beneficiation at LaRonde",Cu,8593.20125,0.09772240804218515,mining,0.00017447015850853077,Cu concentrate,concentrate_economic
QC-MAIN-e51eda66,,Air,PM10 - Particulate Matter <= 10 Micrometers,Emission,Storage / Handling,tonnes,15.342,QC-MAIN-e51eda66,"Au and Ag and Cu and Zn, Underground mining and beneficiation at LaRonde",Zn,15404.877034,0.06548662801881933,mining,6.521933572382751e-05,Zn concentrate,concentrate_economic
QC-MAIN-e51eda66,,Air,PM10 - Particulate Matter <= 10 Micrometers,Emission,Storage / Handling,tonnes,15.342,QC-MAIN-e51eda66,"Au and Ag and Cu and Zn, Underground mining and beneficiation at LaRonde",Au,9.802902790306113,0.8367909639389955,mining,1.3096168801599612,Au concentrate,concentrate_economic
QC-MAIN-e51eda66,,Air,PM2.5 - Particulate Matter <= 2.5 Micrometers,Emission,Storage / Handling,tonnes,6.137,QC-MAIN-e51eda66,"Au and Ag and Cu and Zn, Underground mining and beneficiation at LaRonde",Cu,8593.20125,0.09772240804218515,mining,6.979033781559465e-05,Cu concentrate,concentrate_economic
QC-MAIN-e51eda66,,Air,PM2.5 - Particulate Matter <= 2.5 Micrometers,Emission,Storage / Handling,tonnes,6.137,QC-MAIN-e51eda66,"Au and Ag and Cu and Zn, Underground mining and beneficiation at LaRonde",Zn,15404.877034,0.06548662801881933,mining,2.608858449596724e-05,Zn concentrate,concentrate_economic
QC-MAIN-e51eda66,,Air,PM2.5 - Particulate Matter <= 2.5 Micrometers,Emission,Storage / Handling,tonnes,6.137,QC-MAIN-e51eda66,"Au and Ag and Cu and Zn, Underground mining and beneficiation at LaRonde",Au,9.802902790306113,0.8367909639389955,mining,0.5238638243737245,Au concentrate,concentrate_economic
QC-MAIN-e51eda66,,Air,Total particulate matter,Emission,Storage / Handling,tonnes,30.683,QC-MAIN-e51eda66,"Au and Ag and Cu and Zn, Underground mining and beneficiation at LaRonde",Cu,8593.20125,0.09772240804218515,mining,0.00034892894495614976,Cu concentrate,concentrate_economic
QC-MAIN-e51eda66,,Air,Total particulate matter,Emission,Storage / Handling,tonnes,30.683,QC-MAIN-e51eda66,"Au and Ag and Cu and Zn, Underground mining and beneficiation at LaRonde",Zn,15404.877034,0.06548662801881933,mining,0.00013043442041547383,Zn concentrate,concentrate_economic
QC-MAIN-e51eda66,,Air,Total particulate matter,Emission,Storage / Handling,tonnes,30.683,QC-MAIN-e51eda66,"Au and Ag and Cu and Zn, Underground mining and beneficiation at LaRonde",Au,9.802902790306113,0.8367909639389955,mining,2.6191483987712223,Au concentrate,concentrate_economic
ON-MAIN-0aadf28f,,Air,PM10 - Particulate Matter <= 10 Micrometers,Emission,Storage / Handling,tonnes,16.22,ON-MAIN-0aadf28f,"Au, Open-pit and underground mining and beneficiation at Rainy River",Au,8.05342613010203,1.0,mining,2.0140496402360997,Au concentrate,concentrate_economic
ON-MAIN-0aadf28f,,Air,PM2.5 - Particulate Matter <= 2.5 Micrometers,Emission,Storage / Handling,tonnes,4.584,ON-MAIN-0aadf28f,"Au, Open-pit and underground mining and beneficiation at Rainy River",Au,8.05342613010203,1.0,mining,0.5691987392627793,Au concentrate,concentrate_economic
ON-MAIN-0aadf28f,,Air,Total particulate matter,Emission,Storage / Handling,tonnes,40.55,ON-MAIN-0aadf28f,"Au, Open-pit and underground mining and beneficiation at Rainy River",Au,8.05342613010203,1.0,mining,5.03512410059025,Au concentrate,concentrate_economic
ON-MAIN-1f126a43,,Air,Arsenic (and its compounds),Emission,Fugitive Emissions,kg,0.31,ON-MAIN-1f126a43,"Au, Underground mining and beneficiation at Macassa",Au,7.253304461734694,1.0,mining,0.04273914070964845,Au concentrate,concentrate_economic
ON-MAIN-1f126a43,,Air,Chromium (and its compounds),Emission,Fugitive Emissions,tonnes,0.00234,ON-MAIN-1f126a43,"Au, Underground mining and beneficiation at Macassa",Au,7.253304461734694,1.0,mining,0.000322611578259927,Au concentrate,concentrate_economic
ON-MAIN-1f126a43,,Air,Cobalt (and its compounds),Emission,Fugitive Emissions,kg,0.55,ON-MAIN-1f126a43,"Au, Underground mining and beneficiation at Macassa",Au,7.253304461734694,1.0,mining,0.07582750771066661,Au concentrate,concentrate_economic
ON-MAIN-1f126a43,,Air,Copper (and its compounds),Emission,Fugitive Emissions,tonnes,0.00157,ON-MAIN-1f126a43,"Au, Underground mining and beneficiation at Macassa",Au,7.253304461734694,1.0,mining,0.00021645306746499377,Au concentrate,concentrate_economic
ON-MAIN-1f126a43,,Air,Lead (and its compounds),Emission,Fugitive Emissions,kg,1.31,ON-MAIN-1f126a43,"Au, Underground mining and beneficiation at Macassa",Au,7.253304461734694,1.0,mining,0.1806073365472241,Au concentrate,concentrate_economic
ON-MAIN-1f126a43,,Air,Manganese (and its compounds),Emission,Fugitive Emissions,tonnes,0.03,ON-MAIN-1f126a43,"Au, Underground mining and beneficiation at Macassa",Au,7.253304461734694,1.0,mining,0.004136045875127269,Au concentrate,concentrate_economic
ON-MAIN-1f126a43,,Air,Nickel (and its compounds),Emission,Fugitive Emissions,tonnes,0.00133,ON-MAIN-1f126a43,"Au, Underground mining and beneficiation at Macassa",Au,7.253304461734694,1.0,mining,0.0001833647004639756,Au concentrate,concentrate_economic
ON-MAIN-1f126a43,,Air,Phosphorus (total),Emission,Fugitive Emissions,tonnes,0.047,ON-MAIN-1f126a43,"Au, Underground mining and beneficiation at Macassa",Au,7.253304461734694,1.0,mining,0.006479805204366055,Au concentrate,concentrate_economic
ON-MAIN-1f126a43,,Air,PM10 - Particulate Matter <= 10 Micrometers,Emission,Fugitive Emissions,tonnes,16.363,ON-MAIN-1f126a43,"Au, Underground mining and beneficiation at Macassa",Au,7.253304461734694,1.0,mining,2.25593728849025,Au concentrate,concentrate_economic
ON-MAIN-1f126a43,,Air,PM2.5 - Particulate Matter <= 2.5 Micrometers,Emission,Fugitive Emissions,tonnes,2.306,ON-MAIN-1f126a43,"Au, Underground mining and beneficiation at Macassa",Au,7.253304461734694,1.0,mining,0.3179240596014494,Au concentrate,concentrate_economic
ON-MAIN-1f126a43,,Air,Selenium (and its compounds),Emission,Fugitive Emissions,kg,0.01689,ON-MAIN-1f126a43,"Au, Underground mining and beneficiation at Macassa",Au,7.253304461734694,1.0,mining,0.0023285938276966524,Au concentrate,concentrate_economic
ON-MAIN-1f126a43,,Air,Thallium (and its compounds),Emission,Fugitive Emissions,kg,0.029,ON-MAIN-1f126a43,"Au, Underground mining and beneficiation at Macassa",Au,7.253304461734694,1.0,mining,0.003998177679289694,Au concentrate,concentrate_economic
ON-MAIN-1f126a43,,Air,Total particulate matter,Emission,Fugitive Emissions,tonnes,34.147,ON-MAIN-1f126a43,"Au, Underground mining and beneficiation at Macassa",Au,7.253304461734694,1.0,mining,4.707785283265696,Au concentrate,concentrate_economic
ON-MAIN-1f126a43,,Air,Vanadium (and its compounds),Emission,Fugitive Emissions,tonnes,0.00436,ON-MAIN-1f126a43,"Au, Underground mining and beneficiation at Macassa",Au,7.253304461734694,1.0,mining,0.0006011053338518299,Au concentrate,concentrate_economic
ON-MAIN-1f126a43,,Air,Zinc (and its compounds),Emission,Fugitive Emissions,tonnes,0.00225,ON-MAIN-1f126a43,"Au, Underground mining and beneficiation at Macassa",Au,7.253304461734694,1.0,mining,0.0003102034406345452,Au concentrate,concentrate_economic
QC-MAIN-e7e6a960,,Air,Arsenic (and its compounds),Emission,Fugitive Emissions,kg,4.54,QC-MAIN-e7e6a960,"Au and Ag, Open-pit mining and beneficiation at Canadian Malartic",Au,29.039084533163262,1.0,mining,0.15634101670165332,Au concentrate,concentrate_economic
QC-MAIN-e7e6a960,,Air,Cadmium (and its compounds),Emission,Fugitive Emissions,kg,0.156,QC-MAIN-e7e6a960,"Au and Ag, Open-pit mining and beneficiation at Canadian Malartic",Au,29.039084533163262,1.0,mining,0.005372070177413638,Au concentrate,concentrate_economic
QC-MAIN-e7e6a960,,Air,Carbon monoxide,Emission,Fugitive Emissions,tonnes,619.2,QC-MAIN-e7e6a960,"Au and Ag, Open-pit mining and beneficiation at Canadian Malartic",Au,29.039084533163262,1.0,mining,21.322986242657212,Au concentrate,concentrate_economic
QC-MAIN-e7e6a960,,Air,Chromium (and its compounds),Emission,Fugitive Emissions,tonnes,1.1211,QC-MAIN-e7e6a960,"Au and Ag, Open-pit mining and beneficiation at Canadian Malartic",Au,29.039084533163262,1.0,mining,0.03860658894806686,Au concentrate,concentrate_economic
QC-MAIN-e7e6a960,,Air,Cobalt (and its compounds),Emission,Fugitive Emissions,kg,63.845,QC-MAIN-e7e6a960,"Au and Ag, Open-pit mining and beneficiation at Canadian Malartic",Au,29.039084533163262,1.0,mining,2.1985885928011135,Au concentrate,concentrate_economic
QC-MAIN-e7e6a960,,Air,Copper (and its compounds),Emission,Fugitive Emissions,tonnes,0.146,QC-MAIN-e7e6a960,"Au and Ag, Open-pit mining and beneficiation at Canadian Malartic",Au,29.039084533163262,1.0,mining,0.005027706704502507,Au concentrate,concentrate_economic
QC-MAIN-e7e6a960,,Air,Ethylene glycol,Emission,Fugitive Emissions,tonnes,19.05,QC-MAIN-e7e6a960,"Au and Ag, Open-pit mining and beneficiation at Canadian Malartic",Au,29.039084533163262,1.0,mining,0.6560124158957039,Au concentrate,concentrate_economic
QC-MAIN-e7e6a960,,Air,Lead (and its compounds),Emission,Fugitive Emissions,kg,11.949,QC-MAIN-e7e6a960,"Au and Ag, Open-pit mining and beneficiation at Canadian Malartic",Au,29.039084533163262,1.0,mining,0.41147991378151,Au concentrate,concentrate_economic
QC-MAIN-e7e6a960,,Air,Manganese (and its compounds),Emission,Fugitive Emissions,tonnes,1.138,QC-MAIN-e7e6a960,"Au and Ag, Open-pit mining and beneficiation at Canadian Malartic",Au,29.039084533163262,1.0,mining,0.039188563217286664,Au concentrate,concentrate_economic
QC-MAIN-e7e6a960,,Air,Mercury (and its compounds),Emission,Fugitive Emissions,tonnes,2.9e-05,QC-MAIN-e7e6a960,"Au and Ag, Open-pit mining and beneficiation at Canadian Malartic",Au,29.039084533163262,1.0,mining,9.98654071442279e-07,Au concentrate,concentrate_economic
QC-MAIN-e7e6a960,,Air,Nickel (and its compounds),Emission,Fugitive Emissions,tonnes,0.487,QC-MAIN-e7e6a960,"Au and Ag, Open-pit mining and beneficiation at Canadian Malartic",Au,29.039084533163262,1.0,mining,0.016770501130772063,Au concentrate,concentrate_economic
QC-MAIN-e7e6a960,,Air,Nitrogen oxides (expressed as nitrogen dioxide),Emission,Fugitive Emissions,tonnes,145.93,QC-MAIN-e7e6a960,"Au and Ag, Open-pit mining and beneficiation at Canadian Malartic",Au,29.039084533163262,1.0,mining,5.02529616019213,Au concentrate,concentrate_economic
QC-MAIN-e7e6a960,,Air,PM10 - Particulate Matter <= 10 Micrometers,Emission,Fugitive Emissions,tonnes,182.17,QC-MAIN-e7e6a960,"Au and Ag, Open-pit mining and beneficiation at Canadian Malartic",Au,29.039084533163262,1.0,mining,6.273269386022067,Au concentrate,concentrate_economic
QC-MAIN-e7e6a960,,Air,PM2.5 - Particulate Matter <= 2.5 Micrometers,Emission,Fugitive Emissions,tonnes,111.11,QC-MAIN-e7e6a960,"Au and Ag, Open-pit mining and beneficiation at Canadian Malartic",Au,29.039084533163262,1.0,mining,3.8262225475155724,Au concentrate,concentrate_economic
QC-MAIN-e7e6a960,,Air,Selenium (and its compounds),Emission,Fugitive Emissions,kg,0.613,QC-MAIN-e7e6a960,"Au and Ag, Open-pit mining and beneficiation at Canadian Malartic",Au,29.039084533163262,1.0,mining,0.021109480889452307,Au concentrate,concentrate_economic
QC-MAIN-e7e6a960,,Air,Thallium (and its compounds),Emission,Fugitive Emissions,kg,9.538,QC-MAIN-e7e6a960,"Au and Ag, Open-pit mining and beneficiation at Canadian Malartic",Au,29.039084533163262,1.0,mining,0.3284538804626364,Au concentrate,concentrate_economic
QC-MAIN-e7e6a960,,Air,Total particulate matter,Emission,Fugitive Emissions,tonnes,354.76,QC-MAIN-e7e6a960,"Au and Ag, Open-pit mining and beneficiation at Canadian Malartic",Au,29.039084533163262,1.0,mining,12.21663856499527,Au concentrate,concentrate_economic
QC-MAIN-e7e6a960,,Air,Vanadium (and its compounds),Emission,Fugitive Emissions,tonnes,0.173,QC-MAIN-e7e6a960,"Au and Ag, Open-pit mining and beneficiation at Canadian Malartic",Au,29.039084533163262,1.0,mining,0.005957488081362559,Au concentrate,concentrate_economic
QC-MAIN-e7e6a960,,Air,Volatile Organic Compounds (Total),Emission,Fugitive Emissions,tonnes,27.5,QC-MAIN-e7e6a960,"Au and Ag, Open-pit mining and beneficiation at Canadian Malartic",Au,29.039084533163262,1.0,mining,0.9469995505056092,Au concentrate,concentrate_economic
QC-MAIN-e7e6a960,,Air,Zinc (and its compounds),Emission,Fugitive Emissions,tonnes,0.126,QC-MAIN-e7e6a960,"Au and Ag, Open-pit mining and beneficiation at Canadian Malartic",Au,29.039084533163262,1.0,mining,0.004338979758680246,Au concentrate,concentrate_economic
NU-MAIN-8b0264c9,,Air,Arsenic (and its compounds),Emission,Fugitive Emissions,kg,10.450041,NU-MAIN-8b0264c9,"Au and Ag, Open-pit and underground mining and beneficiation at Meliadine",Au,12.41413683010194,1.0,mining,0.8417855500561765,Au concentrate,concentrate_economic
NU-MAIN-8b0264c9,,Air,Cadmium (and its compounds),Emission,Fugitive Emissions,kg,0.004496,NU-MAIN-8b0264c9,"Au and Ag, Open-pit and underground mining and beneficiation at Meliadine",Au,12.41413683010194,1.0,mining,0.00036216774968180214,Au concentrate,concentrate_economic
NU-MAIN-8b0264c9,,Air,Carbon monoxide,Emission,Fugitive Emissions,tonnes,139.139712,NU-MAIN-8b0264c9,"Au and Ag, Open-pit and underground mining and beneficiation at Meliadine",Au,12.41413683010194,1.0,mining,11.208166456052945,Au concentrate,concentrate_economic
NU-MAIN-8b0264c9,,Air,Cobalt (and its compounds),Emission,Fugitive Emissions,kg,1.081616,NU-MAIN-8b0264c9,"Au and Ag, Open-pit and underground mining and beneficiation at Meliadine",Au,12.41413683010194,1.0,mining,0.08712776528910855,Au concentrate,concentrate_economic
NU-MAIN-8b0264c9,,Air,Copper (and its compounds),Emission,Fugitive Emissions,tonnes,0.002539,NU-MAIN-8b0264c9,"Au and Ag, Open-pit and underground mining and beneficiation at Meliadine",Au,12.41413683010194,1.0,mining,0.00020452489244708532,Au concentrate,concentrate_economic
NU-MAIN-8b0264c9,,Air,Cyanides (ionic),Emission,Fugitive Emissions,tonnes,3.518127,NU-MAIN-8b0264c9,"Au and Ag, Open-pit and underground mining and beneficiation at Meliadine",Au,12.41413683010194,1.0,mining,0.2833968279992859,Au concentrate,concentrate_economic
NU-MAIN-8b0264c9,,Air,Hydrogen sulphide,Emission,Fugitive Emissions,tonnes,69.569856,NU-MAIN-8b0264c9,"Au and Ag, Open-pit and underground mining and beneficiation at Meliadine",Au,12.41413683010194,1.0,mining,5.6040832280264725,Au concentrate,concentrate_economic
NU-MAIN-8b0264c9,,Air,Lead (and its compounds),Emission,Fugitive Emissions,kg,0.57485,NU-MAIN-8b0264c9,"Au and Ag, Open-pit and underground mining and beneficiation at Meliadine",Au,12.41413683010194,1.0,mining,0.0463060789378523,Au concentrate,concentrate_economic
NU-MAIN-8b0264c9,,Air,Manganese (and its compounds),Emission,Fugitive Emissions,tonnes,0.036073,NU-MAIN-8b0264c9,"Au and Ag, Open-pit and underground mining and beneficiation at Meliadine",Au,12.41413683010194,1.0,mining,0.002905800096590669,Au concentrate,concentrate_economic
NU-MAIN-8b0264c9,,Air,Nickel (and its compounds),Emission,Fugitive Emissions,tonnes,0.002941,NU-MAIN-8b0264c9,"Au and Ag, Open-pit and underground mining and beneficiation at Meliadine",Au,12.41413683010194,1.0,mining,0.0002369073291401646,Au concentrate,concentrate_economic
NU-MAIN-8b0264c9,,Air,Phosphorus (total),Emission,Fugitive Emissions,tonnes,0.014506,NU-MAIN-8b0264c9,"Au and Ag, Open-pit and underground mining and beneficiation at Meliadine",Au,12.41413683010194,1.0,mining,0.0011685065340044977,Au concentrate,concentrate_economic
NU-MAIN-8b0264c9,,Air,PM10 - Particulate Matter <= 10 Micrometers,Emission,Fugitive Emissions,tonnes,77.010091,NU-MAIN-8b0264c9,"Au and Ag, Open-pit and underground mining and beneficiation at Meliadine",Au,12.41413683010194,1.0,mining,6.203418896855161,Au concentrate,concentrate_economic
NU-MAIN-8b0264c9,,Air,PM2.5 - Particulate Matter <= 2.5 Micrometers,Emission,Fugitive Emissions,tonnes,19.829679,NU-MAIN-8b0264c9,"Au and Ag, Open-pit and underground mining and beneficiation at Meliadine",Au,12.41413683010194,1.0,mining,1.5973465792576709,Au concentrate,concentrate_economic
NU-MAIN-8b0264c9,,Air,Selenium (and its compounds),Emission,Fugitive Emissions,kg,0.011622,NU-MAIN-8b0264c9,"Au and Ag, Open-pit and underground mining and beneficiation at Meliadine",Au,12.41413683010194,1.0,mining,0.0009361907443954414,Au concentrate,concentrate_economic
NU-MAIN-8b0264c9,,Air,Thallium (and its compounds),Emission,Fugitive Emissions,kg,0.010684,NU-MAIN-8b0264c9,"Au and Ag, Open-pit and underground mining and beneficiation at Meliadine",Au,12.41413683010194,1.0,mining,0.000860631725444923,Au concentrate,concentrate_economic
NU-MAIN-8b0264c9,,Air,Total particulate matter,Emission,Fugitive Emissions,tonnes,211.275012,NU-MAIN-8b0264c9,"Au and Ag, Open-pit and underground mining and beneficiation at Meliadine",Au,12.41413683010194,1.0,mining,17.018904728655638,Au concentrate,concentrate_economic
NU-MAIN-8b0264c9,,Air,Total reduced sulphur (expressed as hydrogen sulphide),Emission,Fugitive Emissions,tonnes,69.569856,NU-MAIN-8b0264c9,"Au and Ag, Open-pit and underground mining and beneficiation at Meliadine",Au,12.41413683010194,1.0,mining,5.6040832280264725,Au concentrate,concentrate_economic
NU-MAIN-8b0264c9,,Air,Vanadium (and its compounds),Emission,Fugitive Emissions,tonnes,0.004866,NU-MAIN-8b0264c9,"Au and Ag, Open-pit and underground mining and beneficiation at Meliadine",Au,12.41413683010194,1.0,mining,0.0003919724799714522,Au concentrate,concentrate_economic
NU-MAIN-8b0264c9,,Air,Zinc (and its compounds),Emission,Fugitive Emissions,tonnes,0.002843,NU-MAIN-8b0264c9,"Au and Ag, Open-pit and underground mining and beneficiation at Meliadine",Au,12.41413683010194,1.0,mining,0.00022901310327966268,Au concentrate,concentrate_economic
ON-MAIN-7607a50e,,Air,Antimony (and its compounds),Emission,Fugitive Emissions,tonnes,0.000162,ON-MAIN-7607a50e,"Au, Underground mining and beneficiation at Young-Davidson",Au,5.874752908163255,1.0,mining,2.7575627865964054e-05,Au concentrate,concentrate_economic
ON-MAIN-687b8c8d,,Air,Arsenic (and its compounds),Emission,Fugitive Emissions,kg,0.1979,ON-MAIN-687b8c8d,"Au, Underground mining and beneficiation at Island",Au,4.1704080612244905,1.0,mining,0.04745338995481746,Au concentrate,concentrate_economic
ON-MAIN-7607a50e,,Air,Arsenic (and its compounds),Emission,Fugitive Emissions,kg,0.429262,ON-MAIN-7607a50e,"Au, Underground mining and beneficiation at Young-Davidson",Au,5.874752908163255,1.0,mining,0.07306894548765099,Au concentrate,concentrate_economic
ON-MAIN-687b8c8d,,Air,Cadmium (and its compounds),Emission,Fugitive Emissions,kg,0.0003,ON-MAIN-687b8c8d,"Au, Underground mining and beneficiation at Island",Au,4.1704080612244905,1.0,mining,7.193540670260353e-05,Au concentrate,concentrate_economic
ON-MAIN-7607a50e,,Air,Cadmium (and its compounds),Emission,Fugitive Emissions,kg,0.039515,ON-MAIN-7607a50e,"Au, Underground mining and beneficiation at Young-Davidson",Au,5.874752908163255,1.0,mining,0.006726240340268948,Au concentrate,concentrate_economic
ON-MAIN-687b8c8d,,Air,Carbon monoxide,Emission,Fugitive Emissions,tonnes,225.7542,ON-MAIN-687b8c8d,"Au, Underground mining and beneficiation at Island",Au,4.1704080612244905,1.0,mining,54.13240063940299,Au concentrate,concentrate_economic
ON-MAIN-687b8c8d,,Air,Chromium (and its compounds),Emission,Fugitive Emissions,tonnes,0.0004,ON-MAIN-687b8c8d,"Au, Underground mining and beneficiation at Island",Au,4.1704080612244905,1.0,mining,9.591387560347138e-05,Au concentrate,concentrate_economic
ON-MAIN-7607a50e,,Air,Chromium (and its compounds),Emission,Fugitive Emissions,tonnes,0.014797,ON-MAIN-7607a50e,"Au, Underground mining and beneficiation at Young-Davidson",Au,5.874752908163255,1.0,mining,0.0025187442316831486,Au concentrate,concentrate_economic
ON-MAIN-687b8c8d,,Air,Cobalt (and its compounds),Emission,Fugitive Emissions,kg,0.0866,ON-MAIN-687b8c8d,"Au, Underground mining and beneficiation at Island",Au,4.1704080612244905,1.0,mining,0.02076535406815155,Au concentrate,concentrate_economic
ON-MAIN-7607a50e,,Air,Cobalt (and its compounds),Emission,Fugitive Emissions,kg,2.149523,ON-MAIN-7607a50e,"Au, Underground mining and beneficiation at Young-Davidson",Au,5.874752908163255,1.0,mining,0.36589164405759655,Au concentrate,concentrate_economic
ON-MAIN-687b8c8d,,Air,Copper (and its compounds),Emission,Fugitive Emissions,tonnes,0.0003,ON-MAIN-687b8c8d,"Au, Underground mining and beneficiation at Island",Au,4.1704080612244905,1.0,mining,7.193540670260353e-05,Au concentrate,concentrate_economic
ON-MAIN-7607a50e,,Air,Copper (and its compounds),Emission,Fugitive Emissions,tonnes,0.03209,ON-MAIN-7607a50e,"Au, Underground mining and beneficiation at Young-Davidson",Au,5.874752908163255,1.0,mining,0.005462357396412262,Au concentrate,concentrate_economic
ON-MAIN-687b8c8d,,Air,Lead (and its compounds),Emission,Fugitive Emissions,kg,0.0216,ON-MAIN-687b8c8d,"Au, Underground mining and beneficiation at Island",Au,4.1704080612244905,1.0,mining,0.005179349282587454,Au concentrate,concentrate_economic
ON-MAIN-7607a50e,,Air,Lead (and its compounds),Emission,Fugitive Emissions,kg,6.876554,ON-MAIN-7607a50e,"Au, Underground mining and beneficiation at Young-Davidson",Au,5.874752908163255,1.0,mining,1.17052650681609,Au concentrate,concentrate_economic
ON-MAIN-687b8c8d,,Air,Manganese (and its compounds),Emission,Fugitive Emissions,tonnes,0.0033,ON-MAIN-687b8c8d,"Au, Underground mining and beneficiation at Island",Au,4.1704080612244905,1.0,mining,0.0007912894737286388,Au concentrate,concentrate_economic
ON-MAIN-7607a50e,,Air,Manganese (and its compounds),Emission,Fugitive Emissions,tonnes,0.157311,ON-MAIN-7607a50e,"Au, Underground mining and beneficiation at Young-Davidson",Au,5.874752908163255,1.0,mining,0.02677746663717698,Au concentrate,concentrate_economic
ON-MAIN-687b8c8d,,Air,Mercury (and its compounds),Emission,Fugitive Emissions,tonnes,4.9e-06,ON-MAIN-687b8c8d,"Au, Underground mining and beneficiation at Island",Au,4.1704080612244905,1.0,mining,1.1749449761425242e-06,Au concentrate,concentrate_economic
ON-MAIN-7607a50e,,Air,Mercury (and its compounds),Emission,Fugitive Emissions,tonnes,1.18e-07,ON-MAIN-7607a50e,"Au, Underground mining and beneficiation at Young-Davidson",Au,5.874752908163255,1.0,mining,2.0085951161628137e-08,Au concentrate,concentrate_economic
ON-MAIN-687b8c8d,,Air,Nickel (and its compounds),Emission,Fugitive Emissions,tonnes,0.0002,ON-MAIN-687b8c8d,"Au, Underground mining and beneficiation at Island",Au,4.1704080612244905,1.0,mining,4.795693780173569e-05,Au concentrate,concentrate_economic
ON-MAIN-7607a50e,,Air,Nickel (and its compounds),Emission,Fugitive Emissions,tonnes,0.005837,ON-MAIN-7607a50e,"Au, Underground mining and beneficiation at Young-Davidson",Au,5.874752908163255,1.0,mining,0.0009935737028001987,Au concentrate,concentrate_economic
ON-MAIN-7607a50e,,Air,Phosphorus (total),Emission,Fugitive Emissions,tonnes,0.203862,ON-MAIN-7607a50e,"Au, Underground mining and beneficiation at Young-Davidson",Au,5.874752908163255,1.0,mining,0.03470137437043928,Au concentrate,concentrate_economic
ON-MAIN-687b8c8d,,Air,PM10 - Particulate Matter <= 10 Micrometers,Emission,Fugitive Emissions,tonnes,25.8298,ON-MAIN-687b8c8d,"Au, Underground mining and beneficiation at Island",Au,4.1704080612244905,1.0,mining,6.193590560156362,Au concentrate,concentrate_economic
ON-MAIN-7607a50e,,Air,PM10 - Particulate Matter <= 10 Micrometers,Emission,Fugitive Emissions,tonnes,17.132195,ON-MAIN-7607a50e,"Au, Underground mining and beneficiation at Young-Davidson",Au,5.874752908163255,1.0,mining,2.9162409496736417,Au concentrate,concentrate_economic
ON-MAIN-687b8c8d,,Air,PM2.5 - Particulate Matter <= 2.5 Micrometers,Emission,Fugitive Emissions,tonnes,23.2921,ON-MAIN-687b8c8d,"Au, Underground mining and beneficiation at Island",Au,4.1704080612244905,1.0,mining,5.585088954859039,Au concentrate,concentrate_economic
ON-MAIN-7607a50e,,Air,PM2.5 - Particulate Matter <= 2.5 Micrometers,Emission,Fugitive Emissions,tonnes,1.370978,ON-MAIN-7607a50e,"Au, Underground mining and beneficiation at Young-Davidson",Au,5.874752908163255,1.0,mining,0.23336777247175103,Au concentrate,concentrate_economic
ON-MAIN-687b8c8d,,Air,Selenium (and its compounds),Emission,Fugitive Emissions,kg,0.0026,ON-MAIN-687b8c8d,"Au, Underground mining and beneficiation at Island",Au,4.1704080612244905,1.0,mining,0.0006234401914225638,Au concentrate,concentrate_economic
ON-MAIN-7607a50e,,Air,Selenium (and its compounds),Emission,Fugitive Emissions,kg,0.107657,ON-MAIN-7607a50e,"Au, Underground mining and beneficiation at Young-Davidson",Au,5.874752908163255,1.0,mining,0.018325366476333902,Au concentrate,concentrate_economic
ON-MAIN-7607a50e,,Air,Silver (and its compounds),Emission,Fugitive Emissions,tonnes,0.000133,ON-MAIN-7607a50e,"Au, Underground mining and beneficiation at Young-Davidson",Au,5.874752908163255,1.0,mining,2.263925003810629e-05,Au concentrate,concentrate_economic
ON-MAIN-7607a50e,,Air,Thallium (and its compounds),Emission,Fugitive Emissions,kg,0.134719,ON-MAIN-7607a50e,"Au, Underground mining and beneficiation at Young-Davidson",Au,5.874752908163255,1.0,mining,0.022931858089350686,Au concentrate,concentrate_economic
ON-MAIN-687b8c8d,,Air,Total particulate matter,Emission,Fugitive Emissions,tonnes,42.1782,ON-MAIN-687b8c8d,"Au, Underground mining and beneficiation at Island",Au,4.1704080612244905,1.0,mining,10.11368656994584,Au concentrate,concentrate_economic
ON-MAIN-7607a50e,,Air,Total particulate matter,Emission,Fugitive Emissions,tonnes,153.795999,ON-MAIN-7607a50e,"Au, Underground mining and beneficiation at Young-Davidson",Au,5.874752908163255,1.0,mining,26.179143430235676,Au concentrate,concentrate_economic
ON-MAIN-7607a50e,,Air,Vanadium (and its compounds),Emission,Fugitive Emissions,tonnes,0.013265,ON-MAIN-7607a50e,"Au, Underground mining and beneficiation at Young-Davidson",Au,5.874752908163255,1.0,mining,0.00225796730643218,Au concentrate,concentrate_economic
ON-MAIN-7607a50e,,Air,Volatile Organic Compounds (Total),Emission,Fugitive Emissions,tonnes,0.446133,ON-MAIN-7607a50e,"Au, Underground mining and beneficiation at Young-Davidson",Au,5.874752908163255,1.0,mining,0.07594072584398852,Au concentrate,concentrate_economic
ON-MAIN-687b8c8d,,Air,Zinc (and its compounds),Emission,Fugitive Emissions,tonnes,0.0003,ON-MAIN-687b8c8d,"Au, Underground mining and beneficiation at Island",Au,4.1704080612244905,1.0,mining,7.193540670260353e-05,Au concentrate,concentrate_economic
ON-MAIN-7607a50e,,Air,Zinc (and its compounds),Emission,Fugitive Emissions,tonnes,0.009048,ON-MAIN-7607a50e,"Au, Underground mining and beneficiation at Young-Davidson",Au,5.874752908163255,1.0,mining,0.001540149882291622,Au concentrate,concentrate_economic
BC-MAIN-ed23117f,,Air,Antimony (and its compounds),Emission,Fugitive Emissions,tonnes,0.019,BC-MAIN-ed23117f,"Au and Cu, Open-pit mining and beneficiation at Mount Milligan",Cu,93533.69434666667,1.0,mining,2.0313535280216498e-07,Cu concentrate,concentrate_economic
BC-MAIN-ed23117f,,Air,Arsenic (and its compounds),Emission,Fugitive Emissions,kg,70.251,BC-MAIN-ed23117f,"Au and Cu, Open-pit mining and beneficiation at Mount Milligan",Cu,93533.69434666667,1.0,mining,0.0007510769299844682,Cu concentrate,concentrate_economic
BC-MAIN-ed23117f,,Air,Cadmium (and its compounds),Emission,Fugitive Emissions,kg,1.972,BC-MAIN-ed23117f,"Au and Cu, Open-pit mining and beneficiation at Mount Milligan",Cu,93533.69434666667,1.0,mining,2.1083311353993126e-05,Cu concentrate,concentrate_economic
BC-MAIN-ed23117f,,Air,Carbon monoxide,Emission,Fugitive Emissions,tonnes,150.427,BC-MAIN-ed23117f,"Au and Cu, Open-pit mining and beneficiation at Mount Milligan",Cu,93533.69434666667,1.0,mining,0.0016082653534721723,Cu concentrate,concentrate_economic
BC-MAIN-ed23117f,,Air,Chromium (and its compounds),Emission,Fugitive Emissions,tonnes,1.272,BC-MAIN-ed23117f,"Au and Cu, Open-pit mining and beneficiation at Mount Milligan",Cu,93533.69434666667,1.0,mining,1.3599377303387047e-05,Cu concentrate,concentrate_economic
BC-MAIN-ed23117f,,Air,Cobalt (and its compounds),Emission,Fugitive Emissions,kg,153.855,BC-MAIN-ed23117f,"Au and Cu, Open-pit mining and beneficiation at Mount Milligan",Cu,93533.69434666667,1.0,mining,0.0016449152476514259,Cu concentrate,concentrate_economic
BC-MAIN-ed23117f,,Air,Copper (and its compounds),Emission,Fugitive Emissions,tonnes,13.701,BC-MAIN-ed23117f,"Au and Cu, Open-pit mining and beneficiation at Mount Milligan",Cu,93533.69434666667,1.0,mining,0.00014648197203907698,Cu concentrate,concentrate_economic
BC-MAIN-ed23117f,,Air,Lead (and its compounds),Emission,Fugitive Emissions,kg,49.872,BC-MAIN-ed23117f,"Au and Cu, Open-pit mining and beneficiation at Mount Milligan",Cu,93533.69434666667,1.0,mining,0.0005331982271026091,Cu concentrate,concentrate_economic
BC-MAIN-ed23117f,,Air,Manganese (and its compounds),Emission,Fugitive Emissions,tonnes,4.883,BC-MAIN-ed23117f,"Au and Cu, Open-pit mining and beneficiation at Mount Milligan",Cu,93533.69434666667,1.0,mining,5.220578567015641e-05,Cu concentrate,concentrate_economic
BC-MAIN-ed23117f,,Air,Mercury (and its compounds),Emission,Fugitive Emissions,tonnes,0.002637,BC-MAIN-ed23117f,"Au and Cu, Open-pit mining and beneficiation at Mount Milligan",Cu,93533.69434666667,1.0,mining,2.81930487020689e-08,Cu concentrate,concentrate_economic
BC-MAIN-ed23117f,,Air,Nickel (and its compounds),Emission,Fugitive Emissions,tonnes,0.231,BC-MAIN-ed23117f,"Au and Cu, Open-pit mining and beneficiation at Mount Milligan",Cu,93533.69434666667,1.0,mining,2.469698236700006e-06,Cu concentrate,concentrate_economic
BC-MAIN-ed23117f,,Air,Nitrogen oxides (expressed as nitrogen dioxide),Emission,Fugitive Emissions,tonnes,60.999,BC-MAIN-ed23117f,"Au and Cu, Open-pit mining and beneficiation at Mount Milligan",Cu,93533.69434666667,1.0,mining,0.0006521607045041717,Cu concentrate,concentrate_economic
BC-MAIN-ed23117f,,Air,Phosphorus (total),Emission,Fugitive Emissions,tonnes,11.186,BC-MAIN-ed23117f,"Au and Cu, Open-pit mining and beneficiation at Mount Milligan",Cu,93533.69434666667,1.0,mining,0.00011959326612868513,Cu concentrate,concentrate_economic
BC-MAIN-ed23117f,,Air,PM10 - Particulate Matter <= 10 Micrometers,Emission,Fugitive Emissions,tonnes,1964.406,BC-MAIN-ed23117f,"Au and Cu, Open-pit mining and beneficiation at Mount Milligan",Cu,93533.69434666667,1.0,mining,0.021002121360878406,Cu concentrate,concentrate_economic
BC-MAIN-ed23117f,,Air,PM2.5 - Particulate Matter <= 2.5 Micrometers,Emission,Fugitive Emissions,tonnes,0.743,BC-MAIN-ed23117f,"Au and Cu, Open-pit mining and beneficiation at Mount Milligan",Cu,93533.69434666667,1.0,mining,7.943661428000452e-06,Cu concentrate,concentrate_economic
BC-MAIN-ed23117f,,Air,Selenium (and its compounds),Emission,Fugitive Emissions,kg,31.646,BC-MAIN-ed23117f,"Au and Cu, Open-pit mining and beneficiation at Mount Milligan",Cu,93533.69434666667,1.0,mining,0.0003383379670935428,Cu concentrate,concentrate_economic
BC-MAIN-ed23117f,,Air,Thallium (and its compounds),Emission,Fugitive Emissions,kg,7.243,BC-MAIN-ed23117f,"Au and Cu, Open-pit mining and beneficiation at Mount Milligan",Cu,93533.69434666667,1.0,mining,7.74373347550569e-05,Cu concentrate,concentrate_economic
BC-MAIN-ed23117f,,Air,Total particulate matter,Emission,Fugitive Emissions,tonnes,9451.033,BC-MAIN-ed23117f,"Au and Cu, Open-pit mining and beneficiation at Mount Milligan",Cu,93533.69434666667,1.0,mining,0.10104415383157388,Cu concentrate,concentrate_economic
BC-MAIN-ed23117f,,Air,Vanadium (and its compounds),Emission,Fugitive Emissions,tonnes,0.938,BC-MAIN-ed23117f,"Au and Cu, Open-pit mining and beneficiation at Mount Milligan",Cu,93533.69434666667,1.0,mining,1.0028471627812145e-05,Cu concentrate,concentrate_economic
BC-MAIN-ed23117f,,Air,Zinc (and its compounds),Emission,Fugitive Emissions,tonnes,0.372,BC-MAIN-ed23117f,"Au and Cu, Open-pit mining and beneficiation at Mount Milligan",Cu,93533.69434666667,1.0,mining,3.977176381179231e-06,Cu concentrate,concentrate_economic
BC-MAIN-599152a0,,Air,Arsenic (and its compounds),Emission,Fugitive Emissions,kg,24.0936,BC-MAIN-599152a0,"Au and Ag and Cu, Open-pit mining and beneficiation at Copper Mountain",Cu,63500.0,1.0,mining,0.0003794267716535433,Cu concentrate,concentrate_economic
BC-MAIN-599152a0,,Air,Cadmium (and its compounds),Emission,Fugitive Emissions,kg,0.4708,BC-MAIN-599152a0,"Au and Ag and Cu, Open-pit mining and beneficiation at Copper Mountain",Cu,63500.0,1.0,mining,7.414173228346457e-06,Cu concentrate,concentrate_economic
BC-MAIN-599152a0,,Air,Carbon monoxide,Emission,Fugitive Emissions,tonnes,225.2297,BC-MAIN-599152a0,"Au and Ag and Cu, Open-pit mining and beneficiation at Copper Mountain",Cu,63500.0,1.0,mining,0.003546924409448819,Cu concentrate,concentrate_economic
BC-MAIN-599152a0,,Air,Cobalt (and its compounds),Emission,Fugitive Emissions,kg,67.8099,BC-MAIN-599152a0,"Au and Ag and Cu, Open-pit mining and beneficiation at Copper Mountain",Cu,63500.0,1.0,mining,0.0010678724409448818,Cu concentrate,concentrate_economic
BC-MAIN-599152a0,,Air,Copper (and its compounds),Emission,Fugitive Emissions,tonnes,3.5793,BC-MAIN-599152a0,"Au and Ag and Cu, Open-pit mining and beneficiation at Copper Mountain",Cu,63500.0,1.0,mining,5.636692913385827e-05,Cu concentrate,concentrate_economic
BC-MAIN-599152a0,,Air,Lead (and its compounds),Emission,Fugitive Emissions,kg,18.4635,BC-MAIN-599152a0,"Au and Ag and Cu, Open-pit mining and beneficiation at Copper Mountain",Cu,63500.0,1.0,mining,0.0002907637795275591,Cu concentrate,concentrate_economic
BC-MAIN-599152a0,,Air,Manganese (and its compounds),Emission,Fugitive Emissions,tonnes,2.0803,BC-MAIN-599152a0,"Au and Ag and Cu, Open-pit mining and beneficiation at Copper Mountain",Cu,63500.0,1.0,mining,3.276062992125984e-05,Cu concentrate,concentrate_economic
BC-MAIN-599152a0,,Air,Mercury (and its compounds),Emission,Fugitive Emissions,tonnes,0.0001652,BC-MAIN-599152a0,"Au and Ag and Cu, Open-pit mining and beneficiation at Copper Mountain",Cu,63500.0,1.0,mining,2.6015748031496064e-09,Cu concentrate,concentrate_economic
BC-MAIN-599152a0,,Air,Nitrogen oxides (expressed as nitrogen dioxide),Emission,Fugitive Emissions,tonnes,47.6999,BC-MAIN-599152a0,"Au and Ag and Cu, Open-pit mining and beneficiation at Copper Mountain",Cu,63500.0,1.0,mining,0.0007511795275590551,Cu concentrate,concentrate_economic
BC-MAIN-599152a0,,Air,Phosphorus (total),Emission,Fugitive Emissions,tonnes,5.2515,BC-MAIN-599152a0,"Au and Ag and Cu, Open-pit mining and beneficiation at Copper Mountain",Cu,63500.0,1.0,mining,8.27007874015748e-05,Cu concentrate,concentrate_economic
BC-MAIN-599152a0,,Air,PM10 - Particulate Matter <= 10 Micrometers,Emission,Fugitive Emissions,tonnes,1118.9568,BC-MAIN-599152a0,"Au and Ag and Cu, Open-pit mining and beneficiation at Copper Mountain",Cu,63500.0,1.0,mining,0.017621366929133856,Cu concentrate,concentrate_economic
BC-MAIN-599152a0,,Air,PM2.5 - Particulate Matter <= 2.5 Micrometers,Emission,Fugitive Emissions,tonnes,390.4457,BC-MAIN-599152a0,"Au and Ag and Cu, Open-pit mining and beneficiation at Copper Mountain",Cu,63500.0,1.0,mining,0.006148751181102362,Cu concentrate,concentrate_economic
BC-MAIN-599152a0,,Air,Selenium (and its compounds),Emission,Fugitive Emissions,kg,4.1532,BC-MAIN-599152a0,"Au and Ag and Cu, Open-pit mining and beneficiation at Copper Mountain",Cu,63500.0,1.0,mining,6.540472440944882e-05,Cu concentrate,concentrate_economic
BC-MAIN-599152a0,,Air,Thallium (and its compounds),Emission,Fugitive Emissions,kg,0.217,BC-MAIN-599152a0,"Au and Ag and Cu, Open-pit mining and beneficiation at Copper Mountain",Cu,63500.0,1.0,mining,3.4173228346456694e-06,Cu concentrate,concentrate_economic
BC-MAIN-599152a0,,Air,Total particulate matter,Emission,Fugitive Emissions,tonnes,3955.7019,BC-MAIN-599152a0,"Au and Ag and Cu, Open-pit mining and beneficiation at Copper Mountain",Cu,63500.0,1.0,mining,0.06229451811023622,Cu concentrate,concentrate_economic
ON-MAIN-7f050560,,Air,Arsenic (and its compounds),Emission,Fugitive Emissions,kg,3.4905,ON-MAIN-7f050560,"Au, Underground mining and beneficiation at Red Lake",Au,3.5769025,1.0,mining,0.9758443234055163,Au concentrate,concentrate_economic
ON-MAIN-7f050560,,Air,Cadmium (and its compounds),Emission,Fugitive Emissions,kg,0.0008,ON-MAIN-7f050560,"Au, Underground mining and beneficiation at Red Lake",Au,3.5769025,1.0,mining,0.00022365720060862717,Au concentrate,concentrate_economic
ON-MAIN-7f050560,,Air,Carbon monoxide,Emission,Fugitive Emissions,tonnes,909.1068,ON-MAIN-7f050560,"Au, Underground mining and beneficiation at Red Lake",Au,3.5769025,1.0,mining,254.16035242783386,Au concentrate,concentrate_economic
ON-MAIN-7f050560,,Air,Cobalt (and its compounds),Emission,Fugitive Emissions,kg,0.2693,ON-MAIN-7f050560,"Au, Underground mining and beneficiation at Red Lake",Au,3.5769025,1.0,mining,0.0752886051548791,Au concentrate,concentrate_economic
ON-MAIN-7f050560,,Air,Lead (and its compounds),Emission,Fugitive Emissions,kg,20.4196,ON-MAIN-7f050560,"Au, Underground mining and beneficiation at Red Lake",Au,3.5769025,1.0,mining,5.708738216934903,Au concentrate,concentrate_economic
ON-MAIN-7f050560,,Air,Mercury (and its compounds),Emission,Fugitive Emissions,tonnes,1.4e-06,ON-MAIN-7f050560,"Au, Underground mining and beneficiation at Red Lake",Au,3.5769025,1.0,mining,3.914001010650975e-07,Au concentrate,concentrate_economic
ON-MAIN-7f050560,,Air,PM10 - Particulate Matter <= 10 Micrometers,Emission,Fugitive Emissions,tonnes,97.1451,ON-MAIN-7f050560,"Au, Underground mining and beneficiation at Red Lake",Au,3.5769025,1.0,mining,27.15900139855643,Au concentrate,concentrate_economic
ON-MAIN-7f050560,,Air,PM2.5 - Particulate Matter <= 2.5 Micrometers,Emission,Fugitive Emissions,tonnes,94.9892,ON-MAIN-7f050560,"Au, Underground mining and beneficiation at Red Lake",Au,3.5769025,1.0,mining,26.556273200066258,Au concentrate,concentrate_economic
ON-MAIN-7f050560,,Air,Selenium (and its compounds),Emission,Fugitive Emissions,kg,0.0016,ON-MAIN-7f050560,"Au, Underground mining and beneficiation at Red Lake",Au,3.5769025,1.0,mining,0.00044731440121725433,Au concentrate,concentrate_economic
ON-MAIN-7f050560,,Air,Thallium (and its compounds),Emission,Fugitive Emissions,kg,0.0018,ON-MAIN-7f050560,"Au, Underground mining and beneficiation at Red Lake",Au,3.5769025,1.0,mining,0.0005032287013694111,Au concentrate,concentrate_economic
ON-MAIN-7f050560,,Air,Total particulate matter,Emission,Fugitive Emissions,tonnes,150.6113,ON-MAIN-7f050560,"Au, Underground mining and beneficiation at Red Lake",Au,3.5769025,1.0,mining,42.10662717253266,Au concentrate,concentrate_economic
BC-MAIN-6b4800fe,,Air,Arsenic (and its compounds),Emission,Fugitive Emissions,kg,0.012317,BC-MAIN-6b4800fe,"Cu and Mo, Open-pit mining and beneficiation at Gibraltar",Cu,185367.93066666668,0.9997556641309961,mining,6.642999396289756e-08,Cu concentrate,concentrate_economic
BC-MAIN-6b4800fe,,Air,Arsenic (and its compounds),Emission,Fugitive Emissions,kg,0.012317,BC-MAIN-6b4800fe,"Cu and Mo, Open-pit mining and beneficiation at Gibraltar",Mo,10.690540862745097,0.0002443358690038284,mining,2.815091338369745e-07,Mo concentrate,concentrate_economic
BC-MAIN-6b4800fe,,Air,Cadmium (and its compounds),Emission,Fugitive Emissions,kg,0.003332,BC-MAIN-6b4800fe,"Cu and Mo, Open-pit mining and beneficiation at Gibraltar",Cu,185367.93066666668,0.9997556641309961,mining,1.797066979657178e-08,Cu concentrate,concentrate_economic
BC-MAIN-6b4800fe,,Air,Cadmium (and its compounds),Emission,Fugitive Emissions,kg,0.003332,BC-MAIN-6b4800fe,"Cu and Mo, Open-pit mining and beneficiation at Gibraltar",Mo,10.690540862745097,0.0002443358690038284,mining,7.615396881909548e-08,Mo concentrate,concentrate_economic
BC-MAIN-6b4800fe,,Air,Chromium (and its compounds),Emission,Fugitive Emissions,tonnes,6.2e-05,BC-MAIN-6b4800fe,"Cu and Mo, Open-pit mining and beneficiation at Gibraltar",Cu,185367.93066666668,0.9997556641309961,mining,3.343882135016358e-10,Cu concentrate,concentrate_economic
BC-MAIN-6b4800fe,,Air,Chromium (and its compounds),Emission,Fugitive Emissions,tonnes,6.2e-05,BC-MAIN-6b4800fe,"Cu and Mo, Open-pit mining and beneficiation at Gibraltar",Mo,10.690540862745097,0.0002443358690038284,mining,1.4170306322880911e-09,Mo concentrate,concentrate_economic
BC-MAIN-6b4800fe,,Air,Cobalt (and its compounds),Emission,Fugitive Emissions,kg,0.048699,BC-MAIN-6b4800fe,"Cu and Mo, Open-pit mining and beneficiation at Gibraltar",Cu,185367.93066666668,0.9997556641309961,mining,2.626511549889703e-07,Cu concentrate,concentrate_economic
BC-MAIN-6b4800fe,,Air,Cobalt (and its compounds),Emission,Fugitive Emissions,kg,0.048699,BC-MAIN-6b4800fe,"Cu and Mo, Open-pit mining and beneficiation at Gibraltar",Mo,10.690540862745097,0.0002443358690038284,mining,1.113031850996738e-06,Mo concentrate,concentrate_economic
BC-MAIN-6b4800fe,,Air,Copper (and its compounds),Emission,Fugitive Emissions,tonnes,0.002529,BC-MAIN-6b4800fe,"Cu and Mo, Open-pit mining and beneficiation at Gibraltar",Cu,185367.93066666668,0.9997556641309961,mining,1.363980309589737e-08,Cu concentrate,concentrate_economic
BC-MAIN-6b4800fe,,Air,Copper (and its compounds),Emission,Fugitive Emissions,tonnes,0.002529,BC-MAIN-6b4800fe,"Cu and Mo, Open-pit mining and beneficiation at Gibraltar",Mo,10.690540862745097,0.0002443358690038284,mining,5.780113659768682e-08,Mo concentrate,concentrate_economic
BC-MAIN-6b4800fe,,Air,Lead (and its compounds),Emission,Fugitive Emissions,kg,0.008769,BC-MAIN-6b4800fe,"Cu and Mo, Open-pit mining and beneficiation at Gibraltar",Cu,185367.93066666668,0.9997556641309961,mining,4.729435877735233e-08,Cu concentrate,concentrate_economic
BC-MAIN-6b4800fe,,Air,Lead (and its compounds),Emission,Fugitive Emissions,kg,0.008769,BC-MAIN-6b4800fe,"Cu and Mo, Open-pit mining and beneficiation at Gibraltar",Mo,10.690540862745097,0.0002443358690038284,mining,2.0041841313764956e-07,Mo concentrate,concentrate_economic
BC-MAIN-6b4800fe,,Air,Manganese (and its compounds),Emission,Fugitive Emissions,tonnes,0.00488,BC-MAIN-6b4800fe,"Cu and Mo, Open-pit mining and beneficiation at Gibraltar",Cu,185367.93066666668,0.9997556641309961,mining,2.631958841754811e-08,Cu concentrate,concentrate_economic
BC-MAIN-6b4800fe,,Air,Manganese (and its compounds),Emission,Fugitive Emissions,tonnes,0.00488,BC-MAIN-6b4800fe,"Cu and Mo, Open-pit mining and beneficiation at Gibraltar",Mo,10.690540862745097,0.0002443358690038284,mining,1.1153402396074008e-07,Mo concentrate,concentrate_economic
BC-MAIN-6b4800fe,,Air,Nickel (and its compounds),Emission,Fugitive Emissions,tonnes,4.2e-05,BC-MAIN-6b4800fe,"Cu and Mo, Open-pit mining and beneficiation at Gibraltar",Cu,185367.93066666668,0.9997556641309961,mining,2.2652104785594683e-10,Cu concentrate,concentrate_economic
BC-MAIN-6b4800fe,,Air,Nickel (and its compounds),Emission,Fugitive Emissions,tonnes,4.2e-05,BC-MAIN-6b4800fe,"Cu and Mo, Open-pit mining and beneficiation at Gibraltar",Mo,10.690540862745097,0.0002443358690038284,mining,9.599239767112875e-10,Mo concentrate,concentrate_economic
BC-MAIN-6b4800fe,,Air,PM10 - Particulate Matter <= 10 Micrometers,Emission,Fugitive Emissions,tonnes,218.777483,BC-MAIN-6b4800fe,"Cu and Mo, Open-pit mining and beneficiation at Gibraltar",Cu,185367.93066666668,0.9997556641309961,mining,0.001179945349915395,Cu concentrate,concentrate_economic
BC-MAIN-6b4800fe,,Air,PM10 - Particulate Matter <= 10 Micrometers,Emission,Fugitive Emissions,tonnes,218.777483,BC-MAIN-6b4800fe,"Cu and Mo, Open-pit mining and beneficiation at Gibraltar",Mo,10.690540862745097,0.0002443358690038284,mining,0.00500023217848205,Mo concentrate,concentrate_economic
BC-MAIN-6b4800fe,,Air,PM2.5 - Particulate Matter <= 2.5 Micrometers,Emission,Fugitive Emissions,tonnes,78.879409,BC-MAIN-6b4800fe,"Cu and Mo, Open-pit mining and beneficiation at Gibraltar",Cu,185367.93066666668,0.9997556641309961,mining,0.00042542491383185246,Cu concentrate,concentrate_economic
BC-MAIN-6b4800fe,,Air,PM2.5 - Particulate Matter <= 2.5 Micrometers,Emission,Fugitive Emissions,tonnes,78.879409,BC-MAIN-6b4800fe,"Cu and Mo, Open-pit mining and beneficiation at Gibraltar",Mo,10.690540862745097,0.0002443358690038284,mining,0.0018028151420932412,Mo concentrate,concentrate_economic
BC-MAIN-6b4800fe,,Air,Selenium (and its compounds),Emission,Fugitive Emissions,kg,0.055155,BC-MAIN-6b4800fe,"Cu and Mo, Open-pit mining and beneficiation at Gibraltar",Cu,185367.93066666668,0.9997556641309961,mining,2.9747067605939876e-07,Cu concentrate,concentrate_economic
BC-MAIN-6b4800fe,,Air,Selenium (and its compounds),Emission,Fugitive Emissions,kg,0.055155,BC-MAIN-6b4800fe,"Cu and Mo, Open-pit mining and beneficiation at Gibraltar",Mo,10.690540862745097,0.0002443358690038284,mining,1.2605858794169303e-06,Mo concentrate,concentrate_economic
BC-MAIN-6b4800fe,,Air,Total particulate matter,Emission,Fugitive Emissions,tonnes,457.620478,BC-MAIN-6b4800fe,"Cu and Mo, Open-pit mining and beneficiation at Gibraltar",Cu,185367.93066666668,0.9997556641309961,mining,0.0024681111951642683,Cu concentrate,concentrate_economic
BC-MAIN-6b4800fe,,Air,Total particulate matter,Emission,Fugitive Emissions,tonnes,457.620478,BC-MAIN-6b4800fe,"Cu and Mo, Open-pit mining and beneficiation at Gibraltar",Mo,10.690540862745097,0.0002443358690038284,mining,0.010459068311101912,Mo concentrate,concentrate_economic
BC-MAIN-6b4800fe,,Air,Zinc (and its compounds),Emission,Fugitive Emissions,tonnes,0.000774,BC-MAIN-6b4800fe,"Cu and Mo, Open-pit mining and beneficiation at Gibraltar",Cu,185367.93066666668,0.9997556641309961,mining,4.174459310488163e-09,Cu concentrate,concentrate_economic
BC-MAIN-6b4800fe,,Air,Zinc (and its compounds),Emission,Fugitive Emissions,tonnes,0.000774,BC-MAIN-6b4800fe,"Cu and Mo, Open-pit mining and beneficiation at Gibraltar",Mo,10.690540862745097,0.0002443358690038284,mining,1.76900275708223e-08,Mo concentrate,concentrate_economic
QC-MAIN-a97821c0,,Air,Carbon monoxide,Emission,Fugitive Emissions,tonnes,67.13164,QC-MAIN-a97821c0,"Cu and Ni and Co and Pt, Underground mining and beneficiation at Raglan",Ni,151450.0,1.0,mining,0.0004432594255529878,Ni concentrate,concentrate_economic
QC-MAIN-a97821c0,,Air,Chromium (and its compounds),Emission,Fugitive Emissions,tonnes,6e-05,QC-MAIN-a97821c0,"Cu and Ni and Co and Pt, Underground mining and beneficiation at Raglan",Ni,151450.0,1.0,mining,3.9617035325189834e-10,Ni concentrate,concentrate_economic
QC-MAIN-a97821c0,,Air,Cobalt (and its compounds),Emission,Fugitive Emissions,kg,0.0014,QC-MAIN-a97821c0,"Cu and Ni and Co and Pt, Underground mining and beneficiation at Raglan",Ni,151450.0,1.0,mining,9.24397490921096e-09,Ni concentrate,concentrate_economic
QC-MAIN-a97821c0,,Air,i-Butyl alcohol,Emission,Fugitive Emissions,tonnes,15.4625,QC-MAIN-a97821c0,"Cu and Ni and Co and Pt, Underground mining and beneficiation at Raglan",Ni,151450.0,1.0,mining,0.00010209640145262464,Ni concentrate,concentrate_economic
QC-MAIN-a97821c0,,Air,Manganese (and its compounds),Emission,Fugitive Emissions,tonnes,0.0026,QC-MAIN-a97821c0,"Cu and Ni and Co and Pt, Underground mining and beneficiation at Raglan",Ni,151450.0,1.0,mining,1.7167381974248925e-08,Ni concentrate,concentrate_economic
QC-MAIN-a97821c0,,Air,Nickel (and its compounds),Emission,Fugitive Emissions,tonnes,0.000141,QC-MAIN-a97821c0,"Cu and Ni and Co and Pt, Underground mining and beneficiation at Raglan",Ni,151450.0,1.0,mining,9.310003301419612e-10,Ni concentrate,concentrate_economic
QC-MAIN-a97821c0,,Air,Nitrogen oxides (expressed as nitrogen dioxide),Emission,Fugitive Emissions,tonnes,12.969392,QC-MAIN-a97821c0,"Cu and Ni and Co and Pt, Underground mining and beneficiation at Raglan",Ni,151450.0,1.0,mining,8.56348101683724e-05,Ni concentrate,concentrate_economic
QC-MAIN-a97821c0,,Air,PM10 - Particulate Matter <= 10 Micrometers,Emission,Fugitive Emissions,tonnes,0.8816,QC-MAIN-a97821c0,"Cu and Ni and Co and Pt, Underground mining and beneficiation at Raglan",Ni,151450.0,1.0,mining,5.82106305711456e-06,Ni concentrate,concentrate_economic
QC-MAIN-a97821c0,,Air,PM2.5 - Particulate Matter <= 2.5 Micrometers,Emission,Fugitive Emissions,tonnes,0.5593,QC-MAIN-a97821c0,"Cu and Ni and Co and Pt, Underground mining and beneficiation at Raglan",Ni,151450.0,1.0,mining,3.6929679762297788e-06,Ni concentrate,concentrate_economic
QC-MAIN-a97821c0,,Air,Total particulate matter,Emission,Fugitive Emissions,tonnes,1.8213,QC-MAIN-a97821c0,"Cu and Ni and Co and Pt, Underground mining and beneficiation at Raglan",Ni,151450.0,1.0,mining,1.2025751072961374e-05,Ni concentrate,concentrate_economic
QC-MAIN-a97821c0,,Air,Volatile Organic Compounds (Total),Emission,Fugitive Emissions,tonnes,0.2459,QC-MAIN-a97821c0,"Cu and Ni and Co and Pt, Underground mining and beneficiation at Raglan",Ni,151450.0,1.0,mining,1.6236381644106966e-06,Ni concentrate,concentrate_economic
ON-MAIN-f8313ebd,,Air,Carbon monoxide,Emission,Fugitive Emissions,tonnes,0.027,ON-MAIN-f8313ebd,"Ag and Cu and Zn, Underground mining and beneficiation at Kidd Creek",Cu,75333.33333333334,0.7230258878971872,mining,2.591375969896998e-07,Cu concentrate,concentrate_economic
ON-MAIN-f8313ebd,,Air,Carbon monoxide,Emission,Fugitive Emissions,tonnes,0.027,ON-MAIN-f8313ebd,"Ag and Cu and Zn, Underground mining and beneficiation at Kidd Creek",Zn,77200.0,0.2769741121028128,mining,9.68691842846625e-08,Zn concentrate,concentrate_economic
ON-MAIN-f8313ebd,,Air,Copper (and its compounds),Emission,Fugitive Emissions,tonnes,0.035,ON-MAIN-f8313ebd,"Ag and Cu and Zn, Underground mining and beneficiation at Kidd Creek",Cu,75333.33333333334,0.7230258878971872,mining,3.3591910720887017e-07,Cu concentrate,concentrate_economic
ON-MAIN-f8313ebd,,Air,Copper (and its compounds),Emission,Fugitive Emissions,tonnes,0.035,ON-MAIN-f8313ebd,"Ag and Cu and Zn, Underground mining and beneficiation at Kidd Creek",Zn,77200.0,0.2769741121028128,mining,1.2557116481345142e-07,Zn concentrate,concentrate_economic
ON-MAIN-f8313ebd,,Air,Lead (and its compounds),Emission,Fugitive Emissions,kg,1.594,ON-MAIN-f8313ebd,"Ag and Cu and Zn, Underground mining and beneficiation at Kidd Creek",Cu,75333.33333333334,0.7230258878971872,mining,1.5298715911169686e-05,Cu concentrate,concentrate_economic
ON-MAIN-f8313ebd,,Air,Lead (and its compounds),Emission,Fugitive Emissions,kg,1.594,ON-MAIN-f8313ebd,"Ag and Cu and Zn, Underground mining and beneficiation at Kidd Creek",Zn,77200.0,0.2769741121028128,mining,5.718869620361187e-06,Zn concentrate,concentrate_economic
ON-MAIN-f8313ebd,,Air,PM10 - Particulate Matter <= 10 Micrometers,Emission,Fugitive Emissions,tonnes,0.652,ON-MAIN-f8313ebd,"Ag and Cu and Zn, Underground mining and beneficiation at Kidd Creek",Cu,75333.33333333334,0.7230258878971872,mining,6.257693082862381e-06,Cu concentrate,concentrate_economic
ON-MAIN-f8313ebd,,Air,PM10 - Particulate Matter <= 10 Micrometers,Emission,Fugitive Emissions,tonnes,0.652,ON-MAIN-f8313ebd,"Ag and Cu and Zn, Underground mining and beneficiation at Kidd Creek",Zn,77200.0,0.2769741121028128,mining,2.3392114130962947e-06,Zn concentrate,concentrate_economic
ON-MAIN-f8313ebd,,Air,PM2.5 - Particulate Matter <= 2.5 Micrometers,Emission,Fugitive Emissions,tonnes,0.034,ON-MAIN-f8313ebd,"Ag and Cu and Zn, Underground mining and beneficiation at Kidd Creek",Cu,75333.33333333334,0.7230258878971872,mining,3.2632141843147385e-07,Cu concentrate,concentrate_economic
ON-MAIN-f8313ebd,,Air,PM2.5 - Particulate Matter <= 2.5 Micrometers,Emission,Fugitive Emissions,tonnes,0.034,ON-MAIN-f8313ebd,"Ag and Cu and Zn, Underground mining and beneficiation at Kidd Creek",Zn,77200.0,0.2769741121028128,mining,1.219834172473528e-07,Zn concentrate,concentrate_economic
ON-MAIN-f8313ebd,,Air,Total particulate matter,Emission,Fugitive Emissions,tonnes,1.518,ON-MAIN-f8313ebd,"Ag and Cu and Zn, Underground mining and beneficiation at Kidd Creek",Cu,75333.33333333334,0.7230258878971872,mining,1.4569291564087568e-05,Cu concentrate,concentrate_economic
ON-MAIN-f8313ebd,,Air,Total particulate matter,Emission,Fugitive Emissions,tonnes,1.518,ON-MAIN-f8313ebd,"Ag and Cu and Zn, Underground mining and beneficiation at Kidd Creek",Zn,77200.0,0.2769741121028128,mining,5.446200805337692e-06,Zn concentrate,concentrate_economic
ON-MAIN-f8313ebd,,Air,Zinc (and its compounds),Emission,Fugitive Emissions,tonnes,0.08,ON-MAIN-f8313ebd,"Ag and Cu and Zn, Underground mining and beneficiation at Kidd Creek",Cu,75333.33333333334,0.7230258878971872,mining,7.678151021917032e-07,Cu concentrate,concentrate_economic
ON-MAIN-f8313ebd,,Air,Zinc (and its compounds),Emission,Fugitive Emissions,tonnes,0.08,ON-MAIN-f8313ebd,"Ag and Cu and Zn, Underground mining and beneficiation at Kidd Creek",Zn,77200.0,0.2769741121028128,mining,2.870198052878889e-07,Zn concentrate,concentrate_economic
ON-MAIN-fefeaee4,,Air,Arsenic (and its compounds),Emission,Fugitive Emissions,kg,3.918,ON-MAIN-fefeaee4,"Au, Underground mining and beneficiation at Musselwhite",Au,5.712887755102041,1.0,mining,0.6858177804212817,Au concentrate,concentrate_economic
ON-MAIN-fefeaee4,,Air,Carbon monoxide,Emission,Fugitive Emissions,tonnes,33.53805,ON-MAIN-fefeaee4,"Au, Underground mining and beneficiation at Musselwhite",Au,5.712887755102041,1.0,mining,5.8705949491214815,Au concentrate,concentrate_economic
QC-MAIN-6dc537e6,,Air,Carbon monoxide,Emission,Fugitive Emissions,tonnes,159.04,QC-MAIN-6dc537e6,"Au and Ag, Underground mining and beneficiation at Éléonore",Au,7.738899920918366,1.0,mining,20.55072447314022,Au concentrate,concentrate_economic
QC-MAIN-6dc537e6,,Air,Chromium (and its compounds),Emission,Fugitive Emissions,tonnes,3e-05,QC-MAIN-6dc537e6,"Au and Ag, Underground mining and beneficiation at Éléonore",Au,7.738899920918366,1.0,mining,3.876519958464579e-06,Au concentrate,concentrate_economic
ON-MAIN-fefeaee4,,Air,Cobalt (and its compounds),Emission,Fugitive Emissions,kg,0.000979,ON-MAIN-fefeaee4,"Au, Underground mining and beneficiation at Musselwhite",Au,5.712887755102041,1.0,mining,0.00017136692369383225,Au concentrate,concentrate_economic
QC-MAIN-6dc537e6,,Air,Cobalt (and its compounds),Emission,Fugitive Emissions,kg,0.00022,QC-MAIN-6dc537e6,"Au and Ag, Underground mining and beneficiation at Éléonore",Au,7.738899920918366,1.0,mining,2.8427813028740246e-05,Au concentrate,concentrate_economic
ON-MAIN-fefeaee4,,Air,Lead (and its compounds),Emission,Fugitive Emissions,kg,13.055331,ON-MAIN-fefeaee4,"Au, Underground mining and beneficiation at Musselwhite",Au,5.712887755102041,1.0,mining,2.2852419931304624,Au concentrate,concentrate_economic
QC-MAIN-6dc537e6,,Air,Lead (and its compounds),Emission,Fugitive Emissions,kg,0.381,QC-MAIN-6dc537e6,"Au and Ag, Underground mining and beneficiation at Éléonore",Au,7.738899920918366,1.0,mining,0.049231803472500155,Au concentrate,concentrate_economic
QC-MAIN-6dc537e6,,Air,Manganese (and its compounds),Emission,Fugitive Emissions,tonnes,0.00027,QC-MAIN-6dc537e6,"Au and Ag, Underground mining and beneficiation at Éléonore",Au,7.738899920918366,1.0,mining,3.4888679626181215e-05,Au concentrate,concentrate_economic
ON-MAIN-fefeaee4,,Air,Mercury (and its compounds),Emission,Fugitive Emissions,tonnes,7.12e-07,ON-MAIN-fefeaee4,"Au, Underground mining and beneficiation at Musselwhite",Au,5.712887755102041,1.0,mining,1.2463048995915073e-07,Au concentrate,concentrate_economic
QC-MAIN-6dc537e6,,Air,Mercury (and its compounds),Emission,Fugitive Emissions,tonnes,2e-06,QC-MAIN-6dc537e6,"Au and Ag, Underground mining and beneficiation at Éléonore",Au,7.738899920918366,1.0,mining,2.584346638976386e-07,Au concentrate,concentrate_economic
QC-MAIN-6dc537e6,,Air,Nickel (and its compounds),Emission,Fugitive Emissions,tonnes,3e-05,QC-MAIN-6dc537e6,"Au and Ag, Underground mining and beneficiation at Éléonore",Au,7.738899920918366,1.0,mining,3.876519958464579e-06,Au concentrate,concentrate_economic
QC-MAIN-6dc537e6,,Air,Nitrogen oxides (expressed as nitrogen dioxide),Emission,Fugitive Emissions,tonnes,110.9,QC-MAIN-6dc537e6,"Au and Ag, Underground mining and beneficiation at Éléonore",Au,7.738899920918366,1.0,mining,14.330202113124061,Au concentrate,concentrate_economic
ON-MAIN-fefeaee4,,Air,PM10 - Particulate Matter <= 10 Micrometers,Emission,Fugitive Emissions,tonnes,39.579759,ON-MAIN-fefeaee4,"Au, Underground mining and beneficiation at Musselwhite",Au,5.712887755102041,1.0,mining,6.928152748083014,Au concentrate,concentrate_economic
QC-MAIN-6dc537e6,,Air,PM10 - Particulate Matter <= 10 Micrometers,Emission,Fugitive Emissions,tonnes,765.0,QC-MAIN-6dc537e6,"Au and Ag, Underground mining and beneficiation at Éléonore",Au,7.738899920918366,1.0,mining,98.85125894084676,Au concentrate,concentrate_economic
ON-MAIN-fefeaee4,,Air,PM2.5 - Particulate Matter <= 2.5 Micrometers,Emission,Fugitive Emissions,tonnes,8.878198,ON-MAIN-fefeaee4,"Au, Underground mining and beneficiation at Musselwhite",Au,5.712887755102041,1.0,mining,1.554064840862854,Au concentrate,concentrate_economic
QC-MAIN-6dc537e6,,Air,PM2.5 - Particulate Matter <= 2.5 Micrometers,Emission,Fugitive Emissions,tonnes,308.16,QC-MAIN-6dc537e6,"Au and Ag, Underground mining and beneficiation at Éléonore",Au,7.738899920918366,1.0,mining,39.81961301334816,Au concentrate,concentrate_economic
ON-MAIN-fefeaee4,,Air,Selenium (and its compounds),Emission,Fugitive Emissions,kg,0.28135,ON-MAIN-fefeaee4,"Au, Underground mining and beneficiation at Musselwhite",Au,5.712887755102041,1.0,mining,0.04924829824439193,Au concentrate,concentrate_economic
ON-MAIN-fefeaee4,,Air,Thallium (and its compounds),Emission,Fugitive Emissions,kg,0.0099,ON-MAIN-fefeaee4,"Au, Underground mining and beneficiation at Musselwhite",Au,5.712887755102041,1.0,mining,0.0017329239474657195,Au concentrate,concentrate_economic
ON-MAIN-fefeaee4,,Air,Total particulate matter,Emission,Fugitive Emissions,tonnes,77.562468,ON-MAIN-fefeaee4,"Au, Underground mining and beneficiation at Musselwhite",Au,5.712887755102041,1.0,mining,13.57675335573167,Au concentrate,concentrate_economic
QC-MAIN-6dc537e6,,Air,Total particulate matter,Emission,Fugitive Emissions,tonnes,1528.15,QC-MAIN-6dc537e6,"Au and Ag, Underground mining and beneficiation at Éléonore",Au,7.738899920918366,1.0,mining,197.46346581758823,Au concentrate,concentrate_economic
QC-MAIN-6dc537e6,,Air,Zinc (and its compounds),Emission,Fugitive Emissions,tonnes,0.00038,QC-MAIN-6dc537e6,"Au and Ag, Underground mining and beneficiation at Éléonore",Au,7.738899920918366,1.0,mining,4.9102586140551336e-05,Au concentrate,concentrate_economic
QC-MAIN-b86f7d07,,Air,PM10 - Particulate Matter <= 10 Micrometers,Emission,Fugitive Emissions,tonnes,3.332,QC-MAIN-b86f7d07,"Au and Ag, Open-pit and underground mining and beneficiation at Casa Berardi",Au,3.5165997959183577,1.0,mining,0.9475061688473568,Au concentrate,concentrate_economic
QC-MAIN-b86f7d07,,Air,PM2.5 - Particulate Matter <= 2.5 Micrometers,Emission,Fugitive Emissions,tonnes,0.541,QC-MAIN-b86f7d07,"Au and Ag, Open-pit and underground mining and beneficiation at Casa Berardi",Au,3.5165997959183577,1.0,mining,0.15384178791909367,Au concentrate,concentrate_economic
QC-MAIN-b86f7d07,,Air,Total particulate matter,Emission,Fugitive Emissions,tonnes,6.996,QC-MAIN-b86f7d07,"Au and Ag, Open-pit and underground mining and beneficiation at Casa Berardi",Au,3.5165997959183577,1.0,mining,1.989421715863178,Au concentrate,concentrate_economic
BC-MAIN-3f490561,,Air,Carbon monoxide,Emission,Fugitive Emissions,tonnes,154.85,BC-MAIN-3f490561,"Au and Cu, Open-pit mining and beneficiation at Mount Polley",Cu,45578.436133333336,1.0,mining,0.0033974399548726943,Cu concentrate,concentrate_economic
BC-MAIN-3f490561,,Air,Nitrogen oxides (expressed as nitrogen dioxide),Emission,Fugitive Emissions,tonnes,36.44,BC-MAIN-3f490561,"Au and Cu, Open-pit mining and beneficiation at Mount Polley",Cu,45578.436133333336,1.0,mining,0.0007995008844401743,Cu concentrate,concentrate_economic
BC-MAIN-3f490561,,Air,PM10 - Particulate Matter <= 10 Micrometers,Emission,Fugitive Emissions,tonnes,27.27,BC-MAIN-3f490561,"Au and Cu, Open-pit mining and beneficiation at Mount Polley",Cu,45578.436133333336,1.0,mining,0.0005983092513359922,Cu concentrate,concentrate_economic
BC-MAIN-3f490561,,Air,PM2.5 - Particulate Matter <= 2.5 Micrometers,Emission,Fugitive Emissions,tonnes,1.645,BC-MAIN-3f490561,"Au and Cu, Open-pit mining and beneficiation at Mount Polley",Cu,45578.436133333336,1.0,mining,3.609162883929986e-05,Cu concentrate,concentrate_economic
BC-MAIN-3f490561,,Air,Sulphur dioxide,Emission,Fugitive Emissions,tonnes,4.55,BC-MAIN-3f490561,"Au and Cu, Open-pit mining and beneficiation at Mount Polley",Cu,45578.436133333336,1.0,mining,9.982790955551023e-05,Cu concentrate,concentrate_economic
BC-MAIN-3f490561,,Air,Total particulate matter,Emission,Fugitive Emissions,tonnes,68.15,BC-MAIN-3f490561,"Au and Cu, Open-pit mining and beneficiation at Mount Polley",Cu,45578.436133333336,1.0,mining,0.0014952246233424227,Cu concentrate,concentrate_economic
ON-MAIN-aeafbb59,,Air,Antimony (and its compounds),Emission,Fugitive Emissions,tonnes,0.000955,ON-MAIN-aeafbb59,"Au and Ag, Open-pit mining and beneficiation at Detour Lake",Au,24.0082838377551,1.0,mining,3.9777936917680885e-05,Au concentrate,concentrate_economic
ON-MAIN-aeafbb59,,Air,Arsenic (and its compounds),Emission,Fugitive Emissions,kg,2.529,ON-MAIN-aeafbb59,"Au and Ag, Open-pit mining and beneficiation at Detour Lake",Au,24.0082838377551,1.0,mining,0.10533864132441358,Au concentrate,concentrate_economic
ON-MAIN-aeafbb59,,Air,Cadmium (and its compounds),Emission,Fugitive Emissions,kg,0.274,ON-MAIN-aeafbb59,"Au and Ag, Open-pit mining and beneficiation at Detour Lake",Au,24.0082838377551,1.0,mining,0.011412727450727292,Au concentrate,concentrate_economic
ON-MAIN-aeafbb59,,Air,Carbon monoxide,Emission,Fugitive Emissions,tonnes,1138.731,ON-MAIN-aeafbb59,"Au and Ag, Open-pit mining and beneficiation at Detour Lake",Au,24.0082838377551,1.0,mining,47.43075380545306,Au concentrate,concentrate_economic
ON-MAIN-aeafbb59,,Air,Chromium (and its compounds),Emission,Fugitive Emissions,tonnes,0.078,ON-MAIN-aeafbb59,"Au and Ag, Open-pit mining and beneficiation at Detour Lake",Au,24.0082838377551,1.0,mining,0.0032488786173603236,Au concentrate,concentrate_economic
ON-MAIN-aeafbb59,,Air,Cobalt (and its compounds),Emission,Fugitive Emissions,kg,22.965,ON-MAIN-aeafbb59,"Au and Ag, Open-pit mining and beneficiation at Detour Lake",Au,24.0082838377551,1.0,mining,0.9565448390728184,Au concentrate,concentrate_economic
ON-MAIN-aeafbb59,,Air,Copper (and its compounds),Emission,Fugitive Emissions,tonnes,0.116,ON-MAIN-aeafbb59,"Au and Ag, Open-pit mining and beneficiation at Detour Lake",Au,24.0082838377551,1.0,mining,0.0048316656360743275,Au concentrate,concentrate_economic
ON-MAIN-aeafbb59,,Air,Hydrogen cyanide,Emission,Fugitive Emissions,tonnes,37.063,ON-MAIN-aeafbb59,"Au and Ag, Open-pit mining and beneficiation at Detour Lake",Au,24.0082838377551,1.0,mining,1.543758823015714,Au concentrate,concentrate_economic
ON-MAIN-aeafbb59,,Air,Lead (and its compounds),Emission,Fugitive Emissions,kg,2.109,ON-MAIN-aeafbb59,"Au and Ag, Open-pit mining and beneficiation at Detour Lake",Au,24.0082838377551,1.0,mining,0.08784467953862721,Au concentrate,concentrate_economic
ON-MAIN-aeafbb59,,Air,Manganese (and its compounds),Emission,Fugitive Emissions,tonnes,0.614,ON-MAIN-aeafbb59,"Au and Ag, Open-pit mining and beneficiation at Detour Lake",Au,24.0082838377551,1.0,mining,0.02557450603922101,Au concentrate,concentrate_economic
ON-MAIN-aeafbb59,,Air,Mercury (and its compounds),Emission,Fugitive Emissions,tonnes,5.7e-05,ON-MAIN-aeafbb59,"Au and Ag, Open-pit mining and beneficiation at Detour Lake",Au,24.0082838377551,1.0,mining,2.374180528071006e-06,Au concentrate,concentrate_economic
ON-MAIN-aeafbb59,,Air,Nickel (and its compounds),Emission,Fugitive Emissions,tonnes,0.041,ON-MAIN-aeafbb59,"Au and Ag, Open-pit mining and beneficiation at Detour Lake",Au,24.0082838377551,1.0,mining,0.001707743888612478,Au concentrate,concentrate_economic
ON-MAIN-aeafbb59,,Air,Nitrogen oxides (expressed as nitrogen dioxide),Emission,Fugitive Emissions,tonnes,267.937,ON-MAIN-aeafbb59,"Au and Ag, Open-pit mining and beneficiation at Detour Lake",Au,24.0082838377551,1.0,mining,11.160189616662475,Au concentrate,concentrate_economic
ON-MAIN-aeafbb59,,Air,Phosphorus (total),Emission,Fugitive Emissions,tonnes,0.408,ON-MAIN-aeafbb59,"Au and Ag, Open-pit mining and beneficiation at Detour Lake",Au,24.0082838377551,1.0,mining,0.01699413430619246,Au concentrate,concentrate_economic
ON-MAIN-aeafbb59,,Air,PM10 - Particulate Matter <= 10 Micrometers,Emission,Fugitive Emissions,tonnes,239.617,ON-MAIN-aeafbb59,"Au and Ag, Open-pit mining and beneficiation at Detour Lake",Au,24.0082838377551,1.0,mining,9.98059676482088,Au concentrate,concentrate_economic
ON-MAIN-aeafbb59,,Air,PM2.5 - Particulate Matter <= 2.5 Micrometers,Emission,Fugitive Emissions,tonnes,66.402,ON-MAIN-aeafbb59,"Au and Ag, Open-pit mining and beneficiation at Detour Lake",Au,24.0082838377551,1.0,mining,2.765795358332823,Au concentrate,concentrate_economic
ON-MAIN-aeafbb59,,Air,Selenium (and its compounds),Emission,Fugitive Emissions,kg,1.75,ON-MAIN-aeafbb59,"Au and Ag, Open-pit mining and beneficiation at Detour Lake",Au,24.0082838377551,1.0,mining,0.07289150744077649,Au concentrate,concentrate_economic
ON-MAIN-aeafbb59,,Air,Sulphur dioxide,Emission,Fugitive Emissions,tonnes,33.492,ON-MAIN-aeafbb59,"Au and Ag, Open-pit mining and beneficiation at Detour Lake",Au,24.0082838377551,1.0,mining,1.3950184955465634,Au concentrate,concentrate_economic
ON-MAIN-aeafbb59,,Air,Thallium (and its compounds),Emission,Fugitive Emissions,kg,0.994,ON-MAIN-aeafbb59,"Au and Ag, Open-pit mining and beneficiation at Detour Lake",Au,24.0082838377551,1.0,mining,0.041402376226361046,Au concentrate,concentrate_economic
ON-MAIN-aeafbb59,,Air,Total particulate matter,Emission,Fugitive Emissions,tonnes,614.438,ON-MAIN-aeafbb59,"Au and Ag, Open-pit mining and beneficiation at Detour Lake",Au,24.0082838377551,1.0,mining,25.592749742226186,Au concentrate,concentrate_economic
ON-MAIN-aeafbb59,,Air,Vanadium (and its compounds),Emission,Fugitive Emissions,tonnes,0.0968,ON-MAIN-aeafbb59,"Au and Ag, Open-pit mining and beneficiation at Detour Lake",Au,24.0082838377551,1.0,mining,0.004031941668724094,Au concentrate,concentrate_economic
ON-MAIN-aeafbb59,,Air,Zinc (and its compounds),Emission,Fugitive Emissions,tonnes,0.044,ON-MAIN-aeafbb59,"Au and Ag, Open-pit mining and beneficiation at Detour Lake",Au,24.0082838377551,1.0,mining,0.0018327007585109518,Au concentrate,concentrate_economic
ON-MAIN-4e0734b5,,Air,Arsenic (and its compounds),Emission,Fugitive Emissions,kg,1.510735,ON-MAIN-4e0734b5,"Au and Ag, Open-pit and underground mining and beneficiation at Fox Complex",Au,1.453612551020408,1.0,mining,1.0392968875643602,Au concentrate,concentrate_economic
ON-MAIN-4e0734b5,,Air,Cadmium (and its compounds),Emission,Fugitive Emissions,kg,0.002833,ON-MAIN-4e0734b5,"Au and Ag, Open-pit and underground mining and beneficiation at Fox Complex",Au,1.453612551020408,1.0,mining,0.001948937492326472,Au concentrate,concentrate_economic
ON-MAIN-4e0734b5,,Air,Chromium (and its compounds),Emission,Fugitive Emissions,tonnes,0.016629,ON-MAIN-4e0734b5,"Au and Ag, Open-pit and underground mining and beneficiation at Fox Complex",Au,1.453612551020408,1.0,mining,0.011439774641686166,Au concentrate,concentrate_economic
ON-MAIN-4e0734b5,,Air,Cobalt (and its compounds),Emission,Fugitive Emissions,kg,1.52752,ON-MAIN-4e0734b5,"Au and Ag, Open-pit and underground mining and beneficiation at Fox Complex",Au,1.453612551020408,1.0,mining,1.0508439810372512,Au concentrate,concentrate_economic
ON-MAIN-4e0734b5,,Air,Copper (and its compounds),Emission,Fugitive Emissions,tonnes,0.002043,ON-MAIN-4e0734b5,"Au and Ag, Open-pit and underground mining and beneficiation at Fox Complex",Au,1.453612551020408,1.0,mining,0.0014054639240462345,Au concentrate,concentrate_economic
ON-MAIN-4e0734b5,,Air,Lead (and its compounds),Emission,Fugitive Emissions,kg,0.163021,ON-MAIN-4e0734b5,"Au and Ag, Open-pit and underground mining and beneficiation at Fox Complex",Au,1.453612551020408,1.0,mining,0.11214886655014253,Au concentrate,concentrate_economic
ON-MAIN-4e0734b5,,Air,Manganese (and its compounds),Emission,Fugitive Emissions,tonnes,0.033985,ON-MAIN-4e0734b5,"Au and Ag, Open-pit and underground mining and beneficiation at Fox Complex",Au,1.453612551020408,1.0,mining,0.02337968255443528,Au concentrate,concentrate_economic
ON-MAIN-4e0734b5,,Air,Nickel (and its compounds),Emission,Fugitive Emissions,tonnes,0.003211,ON-MAIN-4e0734b5,"Au and Ag, Open-pit and underground mining and beneficiation at Fox Complex",Au,1.453612551020408,1.0,mining,0.0022089792756301804,Au concentrate,concentrate_economic
ON-MAIN-4e0734b5,,Air,PM10 - Particulate Matter <= 10 Micrometers,Emission,Fugitive Emissions,tonnes,17.490508,ON-MAIN-4e0734b5,"Au and Ag, Open-pit and underground mining and beneficiation at Fox Complex",Au,1.453612551020408,1.0,mining,12.032441511131696,Au concentrate,concentrate_economic
ON-MAIN-4e0734b5,,Air,PM2.5 - Particulate Matter <= 2.5 Micrometers,Emission,Fugitive Emissions,tonnes,7.551442,ON-MAIN-4e0734b5,"Au and Ag, Open-pit and underground mining and beneficiation at Fox Complex",Au,1.453612551020408,1.0,mining,5.194948265064878,Au concentrate,concentrate_economic
ON-MAIN-4e0734b5,,Air,Total particulate matter,Emission,Fugitive Emissions,tonnes,36.174828,ON-MAIN-4e0734b5,"Au and Ag, Open-pit and underground mining and beneficiation at Fox Complex",Au,1.453612551020408,1.0,mining,24.886155512764365,Au concentrate,concentrate_economic
ON-MAIN-4e0734b5,,Air,Vanadium (and its compounds),Emission,Fugitive Emissions,tonnes,0.003713,ON-MAIN-4e0734b5,"Au and Ag, Open-pit and underground mining and beneficiation at Fox Complex",Au,1.453612551020408,1.0,mining,0.0025543257709171163,Au concentrate,concentrate_economic
ON-MAIN-4e0734b5,,Air,Zinc (and its compounds),Emission,Fugitive Emissions,tonnes,0.001408,ON-MAIN-4e0734b5,"Au and Ag, Open-pit and underground mining and beneficiation at Fox Complex",Au,1.453612551020408,1.0,mining,0.0009686212457450309,Au concentrate,concentrate_economic
BC-MAIN-aa76f6f2,,Air,Arsenic (and its compounds),Emission,Fugitive Emissions,kg,0.127926,BC-MAIN-aa76f6f2,"Au and Cu, Underground mining and beneficiation at New Afton",Cu,71667.53600000001,1.0,mining,1.784992301116645e-06,Cu concentrate,concentrate_economic
BC-MAIN-aa76f6f2,,Air,Cadmium (and its compounds),Emission,Fugitive Emissions,kg,0.027141,BC-MAIN-aa76f6f2,"Au and Cu, Underground mining and beneficiation at New Afton",Cu,71667.53600000001,1.0,mining,3.7870703410258164e-07,Cu concentrate,concentrate_economic
BC-MAIN-aa76f6f2,,Air,Chromium (and its compounds),Emission,Fugitive Emissions,tonnes,0.000464,BC-MAIN-aa76f6f2,"Au and Cu, Underground mining and beneficiation at New Afton",Cu,71667.53600000001,1.0,mining,6.47434006940046e-09,Cu concentrate,concentrate_economic
BC-MAIN-aa76f6f2,,Air,Cobalt (and its compounds),Emission,Fugitive Emissions,kg,0.085675,BC-MAIN-aa76f6f2,"Au and Cu, Underground mining and beneficiation at New Afton",Cu,71667.53600000001,1.0,mining,1.1954506151850957e-06,Cu concentrate,concentrate_economic
BC-MAIN-aa76f6f2,,Air,Copper (and its compounds),Emission,Fugitive Emissions,tonnes,0.006843,BC-MAIN-aa76f6f2,"Au and Cu, Underground mining and beneficiation at New Afton",Cu,71667.53600000001,1.0,mining,9.54825627045417e-08,Cu concentrate,concentrate_economic
BC-MAIN-aa76f6f2,,Air,Lead (and its compounds),Emission,Fugitive Emissions,kg,0.204369,BC-MAIN-aa76f6f2,"Au and Cu, Underground mining and beneficiation at New Afton",Cu,71667.53600000001,1.0,mining,2.8516258742312557e-06,Cu concentrate,concentrate_economic
BC-MAIN-aa76f6f2,,Air,Manganese (and its compounds),Emission,Fugitive Emissions,tonnes,0.01212,BC-MAIN-aa76f6f2,"Au and Cu, Underground mining and beneficiation at New Afton",Cu,71667.53600000001,1.0,mining,1.6911422767485684e-07,Cu concentrate,concentrate_economic
BC-MAIN-aa76f6f2,,Air,Nickel (and its compounds),Emission,Fugitive Emissions,tonnes,0.000392,BC-MAIN-aa76f6f2,"Au and Cu, Underground mining and beneficiation at New Afton",Cu,71667.53600000001,1.0,mining,5.4697010931141815e-09,Cu concentrate,concentrate_economic
BC-MAIN-aa76f6f2,,Air,Phosphorus (total),Emission,Fugitive Emissions,tonnes,0.12203,BC-MAIN-aa76f6f2,"Au and Cu, Underground mining and beneficiation at New Afton",Cu,71667.53600000001,1.0,mining,1.7027235316140908e-06,Cu concentrate,concentrate_economic
BC-MAIN-aa76f6f2,,Air,PM10 - Particulate Matter <= 10 Micrometers,Emission,Fugitive Emissions,tonnes,10.652,BC-MAIN-aa76f6f2,"Au and Cu, Underground mining and beneficiation at New Afton",Cu,71667.53600000001,1.0,mining,0.00014863075521390882,Cu concentrate,concentrate_economic
ON-MAIN-0aadf28f,,Air,PM10 - Particulate Matter <= 10 Micrometers,Emission,Fugitive Emissions,tonnes,137.144,ON-MAIN-0aadf28f,"Au, Open-pit and underground mining and beneficiation at Rainy River",Au,8.05342613010203,1.0,mining,17.029273974139315,Au concentrate,concentrate_economic
BC-MAIN-aa76f6f2,,Air,PM2.5 - Particulate Matter <= 2.5 Micrometers,Emission,Fugitive Emissions,tonnes,1.602,BC-MAIN-aa76f6f2,"Au and Cu, Underground mining and beneficiation at New Afton",Cu,71667.53600000001,1.0,mining,2.235321722236969e-05,Cu concentrate,concentrate_economic
ON-MAIN-0aadf28f,,Air,PM2.5 - Particulate Matter <= 2.5 Micrometers,Emission,Fugitive Emissions,tonnes,28.949,ON-MAIN-0aadf28f,"Au, Open-pit and underground mining and beneficiation at Rainy River",Au,8.05342613010203,1.0,mining,3.594619176029276,Au concentrate,concentrate_economic
BC-MAIN-aa76f6f2,,Air,Total particulate matter,Emission,Fugitive Emissions,tonnes,21.518,BC-MAIN-aa76f6f2,"Au and Cu, Underground mining and beneficiation at New Afton",Cu,71667.53600000001,1.0,mining,0.00030024752071844635,Cu concentrate,concentrate_economic
ON-MAIN-0aadf28f,,Air,Total particulate matter,Emission,Fugitive Emissions,tonnes,378.465,ON-MAIN-0aadf28f,"Au, Open-pit and underground mining and beneficiation at Rainy River",Au,8.05342613010203,1.0,mining,46.99428465425126,Au concentrate,concentrate_economic
BC-MAIN-aa76f6f2,,Air,Vanadium (and its compounds),Emission,Fugitive Emissions,tonnes,0.000681,BC-MAIN-aa76f6f2,"Au and Cu, Underground mining and beneficiation at New Afton",Cu,71667.53600000001,1.0,mining,9.502210317374382e-09,Cu concentrate,concentrate_economic
BC-MAIN-aa76f6f2,,Air,Zinc (and its compounds),Emission,Fugitive Emissions,tonnes,0.004827,BC-MAIN-aa76f6f2,"Au and Cu, Underground mining and beneficiation at New Afton",Cu,71667.53600000001,1.0,mining,6.73526713685259e-08,Cu concentrate,concentrate_economic
BC-MAIN-8eb8be0d,,Air,Arsenic (and its compounds),Emission,Fugitive Emissions,kg,10.7679,BC-MAIN-8eb8be0d,"Au and Cu, Open-pit mining and beneficiation at Red Chris",Cu,12095.786666666667,1.0,mining,0.0008902190735286336,Cu concentrate,concentrate_economic
BC-MAIN-8eb8be0d,,Air,Cadmium (and its compounds),Emission,Fugitive Emissions,kg,0.4786,BC-MAIN-8eb8be0d,"Au and Cu, Open-pit mining and beneficiation at Red Chris",Cu,12095.786666666667,1.0,mining,3.956749678124835e-05,Cu concentrate,concentrate_economic
BC-MAIN-8eb8be0d,,Air,Carbon monoxide,Emission,Fugitive Emissions,tonnes,123.6578,BC-MAIN-8eb8be0d,"Au and Cu, Open-pit mining and beneficiation at Red Chris",Cu,12095.786666666667,1.0,mining,0.010223212710982556,Cu concentrate,concentrate_economic
BC-MAIN-8eb8be0d,,Air,Cobalt (and its compounds),Emission,Fugitive Emissions,kg,8.2876,BC-MAIN-8eb8be0d,"Au and Cu, Open-pit mining and beneficiation at Red Chris",Cu,12095.786666666667,1.0,mining,0.0006851642004268153,Cu concentrate,concentrate_economic
BC-MAIN-8eb8be0d,,Air,Lead (and its compounds),Emission,Fugitive Emissions,kg,16.2536,BC-MAIN-8eb8be0d,"Au and Cu, Open-pit mining and beneficiation at Red Chris",Cu,12095.786666666667,1.0,mining,0.0013437406303462142,Cu concentrate,concentrate_economic
BC-MAIN-8eb8be0d,,Air,Mercury (and its compounds),Emission,Fugitive Emissions,tonnes,0.0005022,BC-MAIN-8eb8be0d,"Au and Cu, Open-pit mining and beneficiation at Red Chris",Cu,12095.786666666667,1.0,mining,4.151858939311098e-08,Cu concentrate,concentrate_economic
BC-MAIN-8eb8be0d,,Air,Nitrogen oxides (expressed as nitrogen dioxide),Emission,Fugitive Emissions,tonnes,24.5924,BC-MAIN-8eb8be0d,"Au and Cu, Open-pit mining and beneficiation at Red Chris",Cu,12095.786666666667,1.0,mining,0.0020331377096597823,Cu concentrate,concentrate_economic
BC-MAIN-8eb8be0d,,Air,PM10 - Particulate Matter <= 10 Micrometers,Emission,Fugitive Emissions,tonnes,138.2087,BC-MAIN-8eb8be0d,"Au and Cu, Open-pit mining and beneficiation at Red Chris",Cu,12095.786666666667,1.0,mining,0.01142618531631951,Cu concentrate,concentrate_economic
BC-MAIN-8eb8be0d,,Air,PM2.5 - Particulate Matter <= 2.5 Micrometers,Emission,Fugitive Emissions,tonnes,34.0673,BC-MAIN-8eb8be0d,"Au and Cu, Open-pit mining and beneficiation at Red Chris",Cu,12095.786666666667,1.0,mining,0.002816460056614755,Cu concentrate,concentrate_economic
BC-MAIN-8eb8be0d,,Air,Selenium (and its compounds),Emission,Fugitive Emissions,kg,6.3966,BC-MAIN-8eb8be0d,"Au and Cu, Open-pit mining and beneficiation at Red Chris",Cu,12095.786666666667,1.0,mining,0.0005288287712305332,Cu concentrate,concentrate_economic
BC-MAIN-8eb8be0d,,Air,Thallium (and its compounds),Emission,Fugitive Emissions,kg,0.1081,BC-MAIN-8eb8be0d,"Au and Cu, Open-pit mining and beneficiation at Red Chris",Cu,12095.786666666667,1.0,mining,8.936996243319987e-06,Cu concentrate,concentrate_economic
BC-MAIN-8eb8be0d,,Air,Total particulate matter,Emission,Fugitive Emissions,tonnes,585.8049,BC-MAIN-8eb8be0d,"Au and Cu, Open-pit mining and beneficiation at Red Chris",Cu,12095.786666666667,1.0,mining,0.04843049205012434,Cu concentrate,concentrate_economic
BC-MAIN-857b7b89,,Air,Carbon monoxide,Emission,Fugitive Emissions,tonnes,46.65,BC-MAIN-857b7b89,"Au, Underground mining and beneficiation at Brucejack",Au,0.920409693877551,1.0,mining,50.68395119076853,Au concentrate,concentrate_economic
BC-MAIN-857b7b89,,Air,Nitrogen oxides (expressed as nitrogen dioxide),Emission,Fugitive Emissions,tonnes,10.962,BC-MAIN-857b7b89,"Au, Underground mining and beneficiation at Brucejack",Au,0.920409693877551,1.0,mining,11.909913675309852,Au concentrate,concentrate_economic
BC-MAIN-857b7b89,,Air,PM10 - Particulate Matter <= 10 Micrometers,Emission,Fugitive Emissions,tonnes,1.185,BC-MAIN-857b7b89,"Au, Underground mining and beneficiation at Brucejack",Au,0.920409693877551,1.0,mining,1.2874701427880109,Au concentrate,concentrate_economic
BC-MAIN-857b7b89,,Air,PM2.5 - Particulate Matter <= 2.5 Micrometers,Emission,Fugitive Emissions,tonnes,0.265,BC-MAIN-857b7b89,"Au, Underground mining and beneficiation at Brucejack",Au,0.920409693877551,1.0,mining,0.2879152639990067,Au concentrate,concentrate_economic
BC-MAIN-857b7b89,,Air,Total particulate matter,Emission,Fugitive Emissions,tonnes,2.573,BC-MAIN-857b7b89,"Au, Underground mining and beneficiation at Brucejack",Au,0.920409693877551,1.0,mining,2.795494242526204,Au concentrate,concentrate_economic
ON-MAIN-8825d90d,,Air,Arsenic (and its compounds),Emission,Fugitive Emissions,kg,1.066256,ON-MAIN-8825d90d,"Au, Open-pit mining and beneficiation at Magino",Au,1.0473627551020408,1.0,mining,1.0180388741206656,Au concentrate,concentrate_economic
ON-MAIN-8825d90d,,Air,Carbon monoxide,Emission,Fugitive Emissions,tonnes,70.737,ON-MAIN-8825d90d,"Au, Open-pit mining and beneficiation at Magino",Au,1.0473627551020408,1.0,mining,67.53820455751107,Au concentrate,concentrate_economic
ON-MAIN-8825d90d,,Air,Chromium (and its compounds),Emission,Fugitive Emissions,tonnes,0.005527,ON-MAIN-8825d90d,"Au, Open-pit mining and beneficiation at Magino",Au,1.0473627551020408,1.0,mining,0.005277063723219301,Au concentrate,concentrate_economic
ON-MAIN-8825d90d,,Air,Cobalt (and its compounds),Emission,Fugitive Emissions,kg,2.643879,ON-MAIN-8825d90d,"Au, Open-pit mining and beneficiation at Magino",Au,1.0473627551020408,1.0,mining,2.524320238733729,Au concentrate,concentrate_economic
ON-MAIN-8825d90d,,Air,Copper (and its compounds),Emission,Fugitive Emissions,tonnes,0.010559,ON-MAIN-8825d90d,"Au, Open-pit mining and beneficiation at Magino",Au,1.0473627551020408,1.0,mining,0.010081511824402497,Au concentrate,concentrate_economic
ON-MAIN-8825d90d,,Air,Lead (and its compounds),Emission,Fugitive Emissions,kg,0.277444,ON-MAIN-8825d90d,"Au, Open-pit mining and beneficiation at Magino",Au,1.0473627551020408,1.0,mining,0.26489771442461657,Au concentrate,concentrate_economic
ON-MAIN-8825d90d,,Air,Manganese (and its compounds),Emission,Fugitive Emissions,tonnes,0.160156,ON-MAIN-8825d90d,"Au, Open-pit mining and beneficiation at Magino",Au,1.0473627551020408,1.0,mining,0.15291359103598884,Au concentrate,concentrate_economic
ON-MAIN-8825d90d,,Air,Nickel (and its compounds),Emission,Fugitive Emissions,tonnes,0.003949,ON-MAIN-8825d90d,"Au, Open-pit mining and beneficiation at Magino",Au,1.0473627551020408,1.0,mining,0.0037704224069102623,Au concentrate,concentrate_economic
ON-MAIN-8825d90d,,Air,Nitrogen oxides (expressed as nitrogen dioxide),Emission,Fugitive Emissions,tonnes,0.8322,ON-MAIN-8825d90d,"Au, Open-pit mining and beneficiation at Magino",Au,1.0473627551020408,1.0,mining,0.7945671124413067,Au concentrate,concentrate_economic
ON-MAIN-8825d90d,,Air,PM10 - Particulate Matter <= 10 Micrometers,Emission,Fugitive Emissions,tonnes,53.345354,ON-MAIN-8825d90d,"Au, Open-pit mining and beneficiation at Magino",Au,1.0473627551020408,1.0,mining,50.93302558271967,Au concentrate,concentrate_economic
ON-MAIN-8825d90d,,Air,PM2.5 - Particulate Matter <= 2.5 Micrometers,Emission,Fugitive Emissions,tonnes,9.153672,ON-MAIN-8825d90d,"Au, Open-pit mining and beneficiation at Magino",Au,1.0473627551020408,1.0,mining,8.739734113524202,Au concentrate,concentrate_economic
ON-MAIN-8825d90d,,Air,Selenium (and its compounds),Emission,Fugitive Emissions,kg,0.272004,ON-MAIN-8825d90d,"Au, Open-pit mining and beneficiation at Magino",Au,1.0473627551020408,1.0,mining,0.2597037164773915,Au concentrate,concentrate_economic
ON-MAIN-8825d90d,,Air,Thallium (and its compounds),Emission,Fugitive Emissions,kg,0.022304,ON-MAIN-8825d90d,"Au, Open-pit mining and beneficiation at Magino",Au,1.0473627551020408,1.0,mining,0.021295391583622814,Au concentrate,concentrate_economic
ON-MAIN-8825d90d,,Air,Total particulate matter,Emission,Fugitive Emissions,tonnes,136.932537,ON-MAIN-8825d90d,"Au, Open-pit mining and beneficiation at Magino",Au,1.0473627551020408,1.0,mining,130.74031545704443,Au concentrate,concentrate_economic
ON-MAIN-8825d90d,,Air,Vanadium (and its compounds),Emission,Fugitive Emissions,tonnes,0.001986,ON-MAIN-8825d90d,"Au, Open-pit mining and beneficiation at Magino",Au,1.0473627551020408,1.0,mining,0.0018961911623509191,Au concentrate,concentrate_economic
ON-MAIN-7f050560,,Air,Arsenic (and its compounds),Emission,Fugitive Emissions,kg,0.052195,ON-MAIN-7f050560,"Au, Underground mining and beneficiation at Red Lake",Au,3.5769025,1.0,mining,0.014592234482209117,Au concentrate,concentrate_economic
ON-MAIN-7f050560,,Air,Cobalt (and its compounds),Emission,Fugitive Emissions,kg,0.00665,ON-MAIN-7f050560,"Au, Underground mining and beneficiation at Red Lake",Au,3.5769025,1.0,mining,0.001859150480059213,Au concentrate,concentrate_economic
ON-MAIN-7f050560,,Air,PM10 - Particulate Matter <= 10 Micrometers,Emission,Fugitive Emissions,tonnes,0.083759,ON-MAIN-7f050560,"Au, Underground mining and beneficiation at Red Lake",Au,3.5769025,1.0,mining,0.0234166293322225,Au concentrate,concentrate_economic
ON-MAIN-7f050560,,Air,PM2.5 - Particulate Matter <= 2.5 Micrometers,Emission,Fugitive Emissions,tonnes,0.012683,ON-MAIN-7f050560,"Au, Underground mining and beneficiation at Red Lake",Au,3.5769025,1.0,mining,0.0035458053441490226,Au concentrate,concentrate_economic
BC-MAIN-bf503b6b,,Air,Carbon monoxide,Emission,Fugitive Emissions,tonnes,697.767,BC-MAIN-bf503b6b,"Cu and Mo, Open-pit mining and beneficiation at Highland Valley",Cu,341333.3333333334,0.9997809583158581,mining,0.00204379148420268,Cu concentrate,concentrate_economic
BC-MAIN-bf503b6b,,Air,Carbon monoxide,Emission,Fugitive Emissions,tonnes,697.767,BC-MAIN-bf503b6b,"Cu and Mo, Open-pit mining and beneficiation at Highland Valley",Mo,17.647058823529413,0.00021904168414189142,mining,0.008660936666389325,Mo concentrate,concentrate_economic
BC-MAIN-bf503b6b,,Air,Nitrogen oxides (expressed as nitrogen dioxide),Emission,Fugitive Emissions,tonnes,164.18,BC-MAIN-bf503b6b,"Cu and Mo, Open-pit mining and beneficiation at Highland Valley",Cu,341333.3333333334,0.9997809583158581,mining,0.0004808907355555593,Cu concentrate,concentrate_economic
BC-MAIN-bf503b6b,,Air,Nitrogen oxides (expressed as nitrogen dioxide),Emission,Fugitive Emissions,tonnes,164.18,BC-MAIN-bf503b6b,"Cu and Mo, Open-pit mining and beneficiation at Highland Valley",Mo,17.647058823529413,0.00021904168414189142,mining,0.002037861609803558,Mo concentrate,concentrate_economic
BC-MAIN-bf503b6b,,Air,PM10 - Particulate Matter <= 10 Micrometers,Emission,Fugitive Emissions,tonnes,2903.201,BC-MAIN-bf503b6b,"Cu and Mo, Open-pit mining and beneficiation at Highland Valley",Cu,341333.3333333334,0.9997809583158581,mining,0.008503608626846359,Cu concentrate,concentrate_economic
BC-MAIN-bf503b6b,,Air,PM10 - Particulate Matter <= 10 Micrometers,Emission,Fugitive Emissions,tonnes,2903.201,BC-MAIN-bf503b6b,"Cu and Mo, Open-pit mining and beneficiation at Highland Valley",Mo,17.647058823529413,0.00021904168414189142,mining,0.036035582065070654,Mo concentrate,concentrate_economic
BC-MAIN-bf503b6b,,Air,PM2.5 - Particulate Matter <= 2.5 Micrometers,Emission,Fugitive Emissions,tonnes,1323.423,BC-MAIN-bf503b6b,"Cu and Mo, Open-pit mining and beneficiation at Highland Valley",Cu,341333.3333333334,0.9997809583158581,mining,0.003876366548429437,Cu concentrate,concentrate_economic
BC-MAIN-bf503b6b,,Air,PM2.5 - Particulate Matter <= 2.5 Micrometers,Emission,Fugitive Emissions,tonnes,1323.423,BC-MAIN-bf503b6b,"Cu and Mo, Open-pit mining and beneficiation at Highland Valley",Mo,17.647058823529413,0.00021904168414189142,mining,0.01642680548928648,Mo concentrate,concentrate_economic
BC-MAIN-bf503b6b,,Air,Total particulate matter,Emission,Fugitive Emissions,tonnes,5660.244,BC-MAIN-bf503b6b,"Cu and Mo, Open-pit mining and beneficiation at Highland Valley",Cu,341333.3333333334,0.9997809583158581,mining,0.016579113781117923,Cu concentrate,concentrate_economic
BC-MAIN-bf503b6b,,Air,Total particulate matter,Emission,Fugitive Emissions,tonnes,5660.244,BC-MAIN-bf503b6b,"Cu and Mo, Open-pit mining and beneficiation at Highland Valley",Mo,17.647058823529413,0.00021904168414189142,mining,0.0702569981101287,Mo concentrate,concentrate_economic
BC-MAIN-bf503b6b,,Air,Volatile Organic Compounds (Total),Emission,Fugitive Emissions,tonnes,39.775,BC-MAIN-bf503b6b,"Cu and Mo, Open-pit mining and beneficiation at Highland Valley",Cu,341333.3333333334,0.9997809583158581,mining,0.00011650279575296851,Cu concentrate,concentrate_economic
BC-MAIN-bf503b6b,,Air,Volatile Organic Compounds (Total),Emission,Fugitive Emissions,tonnes,39.775,BC-MAIN-bf503b6b,"Cu and Mo, Open-pit mining and beneficiation at Highland Valley",Mo,17.647058823529413,0.00021904168414189142,mining,0.0004937017025821447,Mo concentrate,concentrate_economic
NL-MAIN-2d8801d6,,Air,Arsenic (and its compounds),Emission,Fugitive Emissions,kg,0.887,NL-MAIN-2d8801d6,"Cu and Ni, Open-pit and underground mining and beneficiation at Voisey’s Bay",Ni,84375.0,1.0,mining,1.0512592592592593e-05,Ni concentrate,concentrate_economic
NL-MAIN-2d8801d6,,Air,Cadmium (and its compounds),Emission,Fugitive Emissions,kg,0.828,NL-MAIN-2d8801d6,"Cu and Ni, Open-pit and underground mining and beneficiation at Voisey’s Bay",Ni,84375.0,1.0,mining,9.813333333333333e-06,Ni concentrate,concentrate_economic
NL-MAIN-2d8801d6,,Air,Carbon monoxide,Emission,Fugitive Emissions,tonnes,72.238,NL-MAIN-2d8801d6,"Cu and Ni, Open-pit and underground mining and beneficiation at Voisey’s Bay",Ni,84375.0,1.0,mining,0.000856154074074074,Ni concentrate,concentrate_economic
NL-MAIN-2d8801d6,,Air,Chromium (and its compounds),Emission,Fugitive Emissions,tonnes,0.014,NL-MAIN-2d8801d6,"Cu and Ni, Open-pit and underground mining and beneficiation at Voisey’s Bay",Ni,84375.0,1.0,mining,1.6592592592592593e-07,Ni concentrate,concentrate_economic
NL-MAIN-2d8801d6,,Air,Cobalt (and its compounds),Emission,Fugitive Emissions,kg,14.388,NL-MAIN-2d8801d6,"Cu and Ni, Open-pit and underground mining and beneficiation at Voisey’s Bay",Ni,84375.0,1.0,mining,0.00017052444444444443,Ni concentrate,concentrate_economic
NL-MAIN-2d8801d6,,Air,Copper (and its compounds),Emission,Fugitive Emissions,tonnes,0.176,NL-MAIN-2d8801d6,"Cu and Ni, Open-pit and underground mining and beneficiation at Voisey’s Bay",Ni,84375.0,1.0,mining,2.0859259259259257e-06,Ni concentrate,concentrate_economic
NL-MAIN-2d8801d6,,Air,Lead (and its compounds),Emission,Fugitive Emissions,kg,6.258,NL-MAIN-2d8801d6,"Cu and Ni, Open-pit and underground mining and beneficiation at Voisey’s Bay",Ni,84375.0,1.0,mining,7.416888888888889e-05,Ni concentrate,concentrate_economic
NL-MAIN-2d8801d6,,Air,Manganese (and its compounds),Emission,Fugitive Emissions,tonnes,0.029,NL-MAIN-2d8801d6,"Cu and Ni, Open-pit and underground mining and beneficiation at Voisey’s Bay",Ni,84375.0,1.0,mining,3.437037037037037e-07,Ni concentrate,concentrate_economic
NL-MAIN-2d8801d6,,Air,Mercury (and its compounds),Emission,Fugitive Emissions,tonnes,8.2e-05,NL-MAIN-2d8801d6,"Cu and Ni, Open-pit and underground mining and beneficiation at Voisey’s Bay",Ni,84375.0,1.0,mining,9.71851851851852e-10,Ni concentrate,concentrate_economic
NL-MAIN-2d8801d6,,Air,Nickel (and its compounds),Emission,Fugitive Emissions,tonnes,0.282,NL-MAIN-2d8801d6,"Cu and Ni, Open-pit and underground mining and beneficiation at Voisey’s Bay",Ni,84375.0,1.0,mining,3.342222222222222e-06,Ni concentrate,concentrate_economic
NL-MAIN-2d8801d6,,Air,Nitrogen oxides (expressed as nitrogen dioxide),Emission,Fugitive Emissions,tonnes,16.997,NL-MAIN-2d8801d6,"Cu and Ni, Open-pit and underground mining and beneficiation at Voisey’s Bay",Ni,84375.0,1.0,mining,0.00020144592592592593,Ni concentrate,concentrate_economic
NL-MAIN-2d8801d6,,Air,Phosphorus (total),Emission,Fugitive Emissions,tonnes,0.054,NL-MAIN-2d8801d6,"Cu and Ni, Open-pit and underground mining and beneficiation at Voisey’s Bay",Ni,84375.0,1.0,mining,6.4e-07,Ni concentrate,concentrate_economic
NL-MAIN-2d8801d6,,Air,PM10 - Particulate Matter <= 10 Micrometers,Emission,Fugitive Emissions,tonnes,27.106,NL-MAIN-2d8801d6,"Cu and Ni, Open-pit and underground mining and beneficiation at Voisey’s Bay",Ni,84375.0,1.0,mining,0.0003212562962962963,Ni concentrate,concentrate_economic
NL-MAIN-2d8801d6,,Air,PM2.5 - Particulate Matter <= 2.5 Micrometers,Emission,Fugitive Emissions,tonnes,19.687,NL-MAIN-2d8801d6,"Cu and Ni, Open-pit and underground mining and beneficiation at Voisey’s Bay",Ni,84375.0,1.0,mining,0.00023332740740740742,Ni concentrate,concentrate_economic
NL-MAIN-2d8801d6,,Air,Selenium (and its compounds),Emission,Fugitive Emissions,kg,1.564,NL-MAIN-2d8801d6,"Cu and Ni, Open-pit and underground mining and beneficiation at Voisey’s Bay",Ni,84375.0,1.0,mining,1.8536296296296296e-05,Ni concentrate,concentrate_economic
NL-MAIN-2d8801d6,,Air,Silver (and its compounds),Emission,Fugitive Emissions,tonnes,0.000258,NL-MAIN-2d8801d6,"Cu and Ni, Open-pit and underground mining and beneficiation at Voisey’s Bay",Ni,84375.0,1.0,mining,3.0577777777777774e-09,Ni concentrate,concentrate_economic
NL-MAIN-2d8801d6,,Air,Total particulate matter,Emission,Fugitive Emissions,tonnes,64.36,NL-MAIN-2d8801d6,"Cu and Ni, Open-pit and underground mining and beneficiation at Voisey’s Bay",Ni,84375.0,1.0,mining,0.0007627851851851852,Ni concentrate,concentrate_economic
NL-MAIN-2d8801d6,,Air,Vanadium (and its compounds),Emission,Fugitive Emissions,tonnes,0.002283,NL-MAIN-2d8801d6,"Cu and Ni, Open-pit and underground mining and beneficiation at Voisey’s Bay",Ni,84375.0,1.0,mining,2.7057777777777775e-08,Ni concentrate,concentrate_economic
NL-MAIN-2d8801d6,,Air,Volatile Organic Compounds (Total),Emission,Fugitive Emissions,tonnes,0.609,NL-MAIN-2d8801d6,"Cu and Ni, Open-pit and underground mining and beneficiation at Voisey’s Bay",Ni,84375.0,1.0,mining,7.217777777777778e-06,Ni concentrate,concentrate_economic
NL-MAIN-2d8801d6,,Air,Zinc (and its compounds),Emission,Fugitive Emissions,tonnes,0.017,NL-MAIN-2d8801d6,"Cu and Ni, Open-pit and underground mining and beneficiation at Voisey’s Bay",Ni,84375.0,1.0,mining,2.014814814814815e-07,Ni concentrate,concentrate_economic
ON-MAIN-cb85213a,,Air,Arsenic (and its compounds),Emission,Fugitive Emissions,kg,0.005382,ON-MAIN-cb85213a,"Au, Underground mining and beneficiation at Eagle River",Au,2.7760508515306124,1.0,mining,0.0019387252928139132,Au concentrate,concentrate_economic
ON-MAIN-cb85213a,,Air,Arsenic (and its compounds),Emission,Fugitive Emissions,kg,0.004928,ON-MAIN-cb85213a,"Au, Underground mining and beneficiation at Eagle River",Au,2.7760508515306124,1.0,mining,0.001775183620027307,Au concentrate,concentrate_economic
ON-MAIN-cb85213a,,Air,Cadmium (and its compounds),Emission,Fugitive Emissions,kg,0.000223,ON-MAIN-cb85213a,"Au, Underground mining and beneficiation at Eagle River",Au,2.7760508515306124,1.0,mining,8.032994059782658e-05,Au concentrate,concentrate_economic
ON-MAIN-cb85213a,,Air,Cadmium (and its compounds),Emission,Fugitive Emissions,kg,0.000464,ON-MAIN-cb85213a,"Au, Underground mining and beneficiation at Eagle River",Au,2.7760508515306124,1.0,mining,0.00016714391227529838,Au concentrate,concentrate_economic
ON-MAIN-cb85213a,,Air,Chromium (and its compounds),Emission,Fugitive Emissions,tonnes,0.000318,ON-MAIN-cb85213a,"Au, Underground mining and beneficiation at Eagle River",Au,2.7760508515306124,1.0,mining,0.00011455121574039844,Au concentrate,concentrate_economic
ON-MAIN-cb85213a,,Air,Chromium (and its compounds),Emission,Fugitive Emissions,tonnes,0.000667,ON-MAIN-cb85213a,"Au, Underground mining and beneficiation at Eagle River",Au,2.7760508515306124,1.0,mining,0.0002402693738957414,Au concentrate,concentrate_economic
ON-MAIN-cb85213a,,Air,Cobalt (and its compounds),Emission,Fugitive Emissions,kg,0.026576,ON-MAIN-cb85213a,"Au, Underground mining and beneficiation at Eagle River",Au,2.7760508515306124,1.0,mining,0.009573311665147261,Au concentrate,concentrate_economic
ON-MAIN-cb85213a,,Air,Cobalt (and its compounds),Emission,Fugitive Emissions,kg,0.055078,ON-MAIN-cb85213a,"Au, Underground mining and beneficiation at Eagle River",Au,2.7760508515306124,1.0,mining,0.019840414655816558,Au concentrate,concentrate_economic
ON-MAIN-cb85213a,,Air,Copper (and its compounds),Emission,Fugitive Emissions,tonnes,6.8e-05,ON-MAIN-cb85213a,"Au, Underground mining and beneficiation at Eagle River",Au,2.7760508515306124,1.0,mining,2.449522852310407e-05,Au concentrate,concentrate_economic
ON-MAIN-cb85213a,,Air,Copper (and its compounds),Emission,Fugitive Emissions,tonnes,0.142043,ON-MAIN-cb85213a,"Au, Underground mining and beneficiation at Eagle River",Au,2.7760508515306124,1.0,mining,0.05116729036922458,Au concentrate,concentrate_economic
ON-MAIN-cb85213a,,Air,Lead (and its compounds),Emission,Fugitive Emissions,kg,0.016819,ON-MAIN-cb85213a,"Au, Underground mining and beneficiation at Eagle River",Au,2.7760508515306124,1.0,mining,0.006058606596030696,Au concentrate,concentrate_economic
ON-MAIN-cb85213a,,Air,Lead (and its compounds),Emission,Fugitive Emissions,kg,0.034786,ON-MAIN-cb85213a,"Au, Underground mining and beneficiation at Eagle River",Au,2.7760508515306124,1.0,mining,0.012530750285363207,Au concentrate,concentrate_economic
ON-MAIN-cb85213a,,Air,Manganese (and its compounds),Emission,Fugitive Emissions,tonnes,0.00076,ON-MAIN-cb85213a,"Au, Underground mining and beneficiation at Eagle River",Au,2.7760508515306124,1.0,mining,0.0002737702011405749,Au concentrate,concentrate_economic
ON-MAIN-cb85213a,,Air,Manganese (and its compounds),Emission,Fugitive Emissions,tonnes,0.001565,ON-MAIN-cb85213a,"Au, Underground mining and beneficiation at Eagle River",Au,2.7760508515306124,1.0,mining,0.0005637504799802628,Au concentrate,concentrate_economic
ON-MAIN-cb85213a,,Air,Nickel (and its compounds),Emission,Fugitive Emissions,tonnes,0.000101,ON-MAIN-cb85213a,"Au, Underground mining and beneficiation at Eagle River",Au,2.7760508515306124,1.0,mining,3.638261883578693e-05,Au concentrate,concentrate_economic
ON-MAIN-cb85213a,,Air,Nickel (and its compounds),Emission,Fugitive Emissions,tonnes,0.000212,ON-MAIN-cb85213a,"Au, Underground mining and beneficiation at Eagle River",Au,2.7760508515306124,1.0,mining,7.636747716026563e-05,Au concentrate,concentrate_economic
ON-MAIN-cb85213a,,Air,Phosphorus (total),Emission,Fugitive Emissions,tonnes,0.000634,ON-MAIN-cb85213a,"Au, Underground mining and beneficiation at Eagle River",Au,2.7760508515306124,1.0,mining,0.00022838198358305855,Au concentrate,concentrate_economic
ON-MAIN-cb85213a,,Air,Phosphorus (total),Emission,Fugitive Emissions,tonnes,0.001304,ON-MAIN-cb85213a,"Au, Underground mining and beneficiation at Eagle River",Au,2.7760508515306124,1.0,mining,0.0004697320293254075,Au concentrate,concentrate_economic
ON-MAIN-cb85213a,,Air,PM10 - Particulate Matter <= 10 Micrometers,Emission,Fugitive Emissions,tonnes,0.597862,ON-MAIN-cb85213a,"Au, Underground mining and beneficiation at Eagle River",Au,2.7760508515306124,1.0,mining,0.2153642105188242,Au concentrate,concentrate_economic
ON-MAIN-cb85213a,,Air,PM10 - Particulate Matter <= 10 Micrometers,Emission,Fugitive Emissions,tonnes,1.142314,ON-MAIN-cb85213a,"Au, Underground mining and beneficiation at Eagle River",Au,2.7760508515306124,1.0,mining,0.41148885992854567,Au concentrate,concentrate_economic
ON-MAIN-cb85213a,,Air,PM2.5 - Particulate Matter <= 2.5 Micrometers,Emission,Fugitive Emissions,tonnes,0.057719,ON-MAIN-cb85213a,"Au, Underground mining and beneficiation at Eagle River",Au,2.7760508515306124,1.0,mining,0.020791766104780056,Au concentrate,concentrate_economic
ON-MAIN-cb85213a,,Air,PM2.5 - Particulate Matter <= 2.5 Micrometers,Emission,Fugitive Emissions,tonnes,0.193732,ON-MAIN-cb85213a,"Au, Underground mining and beneficiation at Eagle River",Au,2.7760508515306124,1.0,mining,0.06978690606232349,Au concentrate,concentrate_economic
ON-MAIN-cb85213a,,Air,Selenium (and its compounds),Emission,Fugitive Emissions,kg,0.001015,ON-MAIN-cb85213a,"Au, Underground mining and beneficiation at Eagle River",Au,2.7760508515306124,1.0,mining,0.00036562730810221517,Au concentrate,concentrate_economic
ON-MAIN-cb85213a,,Air,Total particulate matter,Emission,Fugitive Emissions,tonnes,2.900959,ON-MAIN-cb85213a,"Au, Underground mining and beneficiation at Eagle River",Au,2.7760508515306124,1.0,mining,1.0449949064875803,Au concentrate,concentrate_economic
ON-MAIN-cb85213a,,Air,Vanadium (and its compounds),Emission,Fugitive Emissions,tonnes,0.000132,ON-MAIN-cb85213a,"Au, Underground mining and beneficiation at Eagle River",Au,2.7760508515306124,1.0,mining,4.754956125073143e-05,Au concentrate,concentrate_economic
ON-MAIN-cb85213a,,Air,Vanadium (and its compounds),Emission,Fugitive Emissions,tonnes,0.000272,ON-MAIN-cb85213a,"Au, Underground mining and beneficiation at Eagle River",Au,2.7760508515306124,1.0,mining,9.798091409241628e-05,Au concentrate,concentrate_economic
ON-MAIN-cb85213a,,Air,Zinc (and its compounds),Emission,Fugitive Emissions,tonnes,8.4e-05,ON-MAIN-cb85213a,"Au, Underground mining and beneficiation at Eagle River",Au,2.7760508515306124,1.0,mining,3.025881170501091e-05,Au concentrate,concentrate_economic
ON-MAIN-cb85213a,,Air,Zinc (and its compounds),Emission,Fugitive Emissions,tonnes,0.000174,ON-MAIN-cb85213a,"Au, Underground mining and beneficiation at Eagle River",Au,2.7760508515306124,1.0,mining,6.267896710323689e-05,Au concentrate,concentrate_economic
ON-MAIN-6e9be24e,,Air,Antimony (and its compounds),Emission,Fugitive Emissions,tonnes,2.2e-05,ON-MAIN-6e9be24e,"Au, Open-pit and underground mining and beneficiation at Hemlo (Williams)",Au,4.476523630102041,1.0,mining,4.914527838535841e-06,Au concentrate,concentrate_economic
ON-MAIN-6e9be24e,,Air,Arsenic (and its compounds),Emission,Fugitive Emissions,kg,0.059503,ON-MAIN-6e9be24e,"Au, Open-pit and underground mining and beneficiation at Hemlo (Williams)",Au,4.476523630102041,1.0,mining,0.013292234089836279,Au concentrate,concentrate_economic
ON-MAIN-6e9be24e,,Air,Cadmium (and its compounds),Emission,Fugitive Emissions,kg,0.001637,ON-MAIN-6e9be24e,"Au, Open-pit and underground mining and beneficiation at Hemlo (Williams)",Au,4.476523630102041,1.0,mining,0.00036568554871287145,Au concentrate,concentrate_economic
ON-MAIN-6e9be24e,,Air,Chromium (and its compounds),Emission,Fugitive Emissions,tonnes,0.001611,ON-MAIN-6e9be24e,"Au, Open-pit and underground mining and beneficiation at Hemlo (Williams)",Au,4.476523630102041,1.0,mining,0.0003598774703582382,Au concentrate,concentrate_economic
ON-MAIN-6e9be24e,,Air,Cobalt (and its compounds),Emission,Fugitive Emissions,kg,0.064536,ON-MAIN-6e9be24e,"Au, Open-pit and underground mining and beneficiation at Hemlo (Williams)",Au,4.476523630102041,1.0,mining,0.014416544026715864,Au concentrate,concentrate_economic
ON-MAIN-6e9be24e,,Air,Copper (and its compounds),Emission,Fugitive Emissions,tonnes,0.000236,ON-MAIN-6e9be24e,"Au, Open-pit and underground mining and beneficiation at Hemlo (Williams)",Au,4.476523630102041,1.0,mining,5.271948044974811e-05,Au concentrate,concentrate_economic
ON-MAIN-6e9be24e,,Air,Lead (and its compounds),Emission,Fugitive Emissions,kg,0.102256,ON-MAIN-6e9be24e,"Au, Open-pit and underground mining and beneficiation at Hemlo (Williams)",Au,4.476523630102041,1.0,mining,0.02284272539351459,Au concentrate,concentrate_economic
ON-MAIN-6e9be24e,,Air,Manganese (and its compounds),Emission,Fugitive Emissions,tonnes,0.003979,ON-MAIN-6e9be24e,"Au, Open-pit and underground mining and beneficiation at Hemlo (Williams)",Au,4.476523630102041,1.0,mining,0.0008888593758879141,Au concentrate,concentrate_economic
ON-MAIN-6e9be24e,,Air,Mercury (and its compounds),Emission,Fugitive Emissions,tonnes,1.532e-06,ON-MAIN-6e9be24e,"Au, Open-pit and underground mining and beneficiation at Hemlo (Williams)",Au,4.476523630102041,1.0,mining,3.42229847665314e-07,Au concentrate,concentrate_economic
ON-MAIN-6e9be24e,,Air,Nickel (and its compounds),Emission,Fugitive Emissions,tonnes,0.00024,ON-MAIN-6e9be24e,"Au, Open-pit and underground mining and beneficiation at Hemlo (Williams)",Au,4.476523630102041,1.0,mining,5.361303096584554e-05,Au concentrate,concentrate_economic
ON-MAIN-6e9be24e,,Air,Phosphorus (total),Emission,Fugitive Emissions,tonnes,0.003099,ON-MAIN-6e9be24e,"Au, Open-pit and underground mining and beneficiation at Hemlo (Williams)",Au,4.476523630102041,1.0,mining,0.0006922782623464805,Au concentrate,concentrate_economic
ON-MAIN-6e9be24e,,Air,PM10 - Particulate Matter <= 10 Micrometers,Emission,Fugitive Emissions,tonnes,5.802672,ON-MAIN-6e9be24e,"Au, Open-pit and underground mining and beneficiation at Hemlo (Williams)",Au,4.476523630102041,1.0,mining,1.2962451400860202,Au concentrate,concentrate_economic
ON-MAIN-6e9be24e,,Air,PM2.5 - Particulate Matter <= 2.5 Micrometers,Emission,Fugitive Emissions,tonnes,2.246988,ON-MAIN-6e9be24e,"Au, Open-pit and underground mining and beneficiation at Hemlo (Williams)",Au,4.476523630102041,1.0,mining,0.5019493217661806,Au concentrate,concentrate_economic
ON-MAIN-6e9be24e,,Air,Selenium (and its compounds),Emission,Fugitive Emissions,kg,0.005317,ON-MAIN-6e9be24e,"Au, Open-pit and underground mining and beneficiation at Hemlo (Williams)",Au,4.476523630102041,1.0,mining,0.001187752023522503,Au concentrate,concentrate_economic
ON-MAIN-6e9be24e,,Air,Thallium (and its compounds),Emission,Fugitive Emissions,kg,0.0063,ON-MAIN-6e9be24e,"Au, Open-pit and underground mining and beneficiation at Hemlo (Williams)",Au,4.476523630102041,1.0,mining,0.0014073420628534453,Au concentrate,concentrate_economic
ON-MAIN-6e9be24e,,Air,Total particulate matter,Emission,Fugitive Emissions,tonnes,11.347774,ON-MAIN-6e9be24e,"Au, Open-pit and underground mining and beneficiation at Hemlo (Williams)",Au,4.476523630102041,1.0,mining,2.534952328564237,Au concentrate,concentrate_economic
ON-MAIN-6e9be24e,,Air,Vanadium (and its compounds),Emission,Fugitive Emissions,tonnes,0.000634,ON-MAIN-6e9be24e,"Au, Open-pit and underground mining and beneficiation at Hemlo (Williams)",Au,4.476523630102041,1.0,mining,0.00014162775680144195,Au concentrate,concentrate_economic
ON-MAIN-6e9be24e,,Air,Zinc (and its compounds),Emission,Fugitive Emissions,tonnes,0.000429,ON-MAIN-6e9be24e,"Au, Open-pit and underground mining and beneficiation at Hemlo (Williams)",Au,4.476523630102041,1.0,mining,9.58332928514489e-05,Au concentrate,concentrate_economic
QC-MAIN-e7e6a960,,Air,Carbon monoxide,Emission,Other,tonnes,24.26,QC-MAIN-e7e6a960,"Au and Ag, Open-pit mining and beneficiation at Canadian Malartic",Au,29.039084533163262,1.0,mining,0.835425785282403,Au concentrate,concentrate_economic
QC-MAIN-e7e6a960,,Air,Nitrogen oxides (expressed as nitrogen dioxide),Emission,Other,tonnes,112.49,QC-MAIN-e7e6a960,"Au and Ag, Open-pit mining and beneficiation at Canadian Malartic",Au,29.039084533163262,1.0,mining,3.8737447067773085,Au concentrate,concentrate_economic
QC-MAIN-e7e6a960,,Air,PM10 - Particulate Matter <= 10 Micrometers,Emission,Other,tonnes,7.98,QC-MAIN-e7e6a960,"Au and Ag, Open-pit mining and beneficiation at Canadian Malartic",Au,29.039084533163262,1.0,mining,0.2748020513830823,Au concentrate,concentrate_economic
QC-MAIN-e7e6a960,,Air,PM2.5 - Particulate Matter <= 2.5 Micrometers,Emission,Other,tonnes,7.97,QC-MAIN-e7e6a960,"Au and Ag, Open-pit mining and beneficiation at Canadian Malartic",Au,29.039084533163262,1.0,mining,0.2744576879101711,Au concentrate,concentrate_economic
QC-MAIN-e7e6a960,,Air,Total particulate matter,Emission,Other,tonnes,7.99,QC-MAIN-e7e6a960,"Au and Ag, Open-pit mining and beneficiation at Canadian Malartic",Au,29.039084533163262,1.0,mining,0.2751464148559934,Au concentrate,concentrate_economic
QC-MAIN-e7e6a960,,Air,Volatile Organic Compounds (Total),Emission,Other,tonnes,8.95,QC-MAIN-e7e6a960,"Au and Ag, Open-pit mining and beneficiation at Canadian Malartic",Au,29.039084533163262,1.0,mining,0.3082053082554619,Au concentrate,concentrate_economic
NU-MAIN-8b0264c9,,Air,Chromium (and its compounds),Emission,Other,tonnes,0.0004,NU-MAIN-8b0264c9,"Au and Ag, Open-pit and underground mining and beneficiation at Meliadine",Au,12.41413683010194,1.0,mining,3.222133004286496e-05,Au concentrate,concentrate_economic
NU-MAIN-8b0264c9,,Air,Cobalt (and its compounds),Emission,Other,kg,1e-06,NU-MAIN-8b0264c9,"Au and Ag, Open-pit and underground mining and beneficiation at Meliadine",Au,12.41413683010194,1.0,mining,8.05533251071624e-08,Au concentrate,concentrate_economic
NU-MAIN-8b0264c9,,Air,Lead (and its compounds),Emission,Other,kg,1.3e-05,NU-MAIN-8b0264c9,"Au and Ag, Open-pit and underground mining and beneficiation at Meliadine",Au,12.41413683010194,1.0,mining,1.047193226393111e-06,Au concentrate,concentrate_economic
NU-MAIN-8b0264c9,,Air,Manganese (and its compounds),Emission,Other,tonnes,0.00309,NU-MAIN-8b0264c9,"Au and Ag, Open-pit and underground mining and beneficiation at Meliadine",Au,12.41413683010194,1.0,mining,0.0002489097745811318,Au concentrate,concentrate_economic
NU-MAIN-8b0264c9,,Air,Nickel (and its compounds),Emission,Other,tonnes,0.000275,NU-MAIN-8b0264c9,"Au and Ag, Open-pit and underground mining and beneficiation at Meliadine",Au,12.41413683010194,1.0,mining,2.215216440446966e-05,Au concentrate,concentrate_economic
NU-MAIN-8b0264c9,,Air,PM10 - Particulate Matter <= 10 Micrometers,Emission,Other,tonnes,0.045926,NU-MAIN-8b0264c9,"Au and Ag, Open-pit and underground mining and beneficiation at Meliadine",Au,12.41413683010194,1.0,mining,0.00369949200887154,Au concentrate,concentrate_economic
NU-MAIN-8b0264c9,,Air,PM2.5 - Particulate Matter <= 2.5 Micrometers,Emission,Other,tonnes,0.034445,NU-MAIN-8b0264c9,"Au and Ag, Open-pit and underground mining and beneficiation at Meliadine",Au,12.41413683010194,1.0,mining,0.002774659283316209,Au concentrate,concentrate_economic
NU-MAIN-8b0264c9,,Air,Total particulate matter,Emission,Other,tonnes,0.045926,NU-MAIN-8b0264c9,"Au and Ag, Open-pit and underground mining and beneficiation at Meliadine",Au,12.41413683010194,1.0,mining,0.00369949200887154,Au concentrate,concentrate_economic
NU-MAIN-8b0264c9,,Air,Zinc (and its compounds),Emission,Other,tonnes,0.002336,NU-MAIN-8b0264c9,"Au and Ag, Open-pit and underground mining and beneficiation at Meliadine",Au,12.41413683010194,1.0,mining,0.00018817256745033134,Au concentrate,concentrate_economic
BC-MAIN-ed23117f,,Air,PM10 - Particulate Matter <= 10 Micrometers,Emission,Other,tonnes,2.022,BC-MAIN-ed23117f,"Au and Cu, Open-pit mining and beneficiation at Mount Milligan",Cu,93533.69434666667,1.0,mining,2.1617878071893556e-05,Cu concentrate,concentrate_economic
BC-MAIN-ed23117f,,Air,PM2.5 - Particulate Matter <= 2.5 Micrometers,Emission,Other,tonnes,2.022,BC-MAIN-ed23117f,"Au and Cu, Open-pit mining and beneficiation at Mount Milligan",Cu,93533.69434666667,1.0,mining,2.1617878071893556e-05,Cu concentrate,concentrate_economic
BC-MAIN-ed23117f,,Air,Total particulate matter,Emission,Other,tonnes,2.022,BC-MAIN-ed23117f,"Au and Cu, Open-pit mining and beneficiation at Mount Milligan",Cu,93533.69434666667,1.0,mining,2.1617878071893556e-05,Cu concentrate,concentrate_economic
BC-MAIN-6b4800fe,,Air,Carbon monoxide,Emission,Other,tonnes,1074.357024,BC-MAIN-6b4800fe,"Cu and Mo, Open-pit mining and beneficiation at Gibraltar",Cu,185367.93066666668,0.9997556641309961,mining,0.005794392353520871,Cu concentrate,concentrate_economic
BC-MAIN-6b4800fe,,Air,Carbon monoxide,Emission,Other,tonnes,1074.357024,BC-MAIN-6b4800fe,"Cu and Mo, Open-pit mining and beneficiation at Gibraltar",Mo,10.690540862745097,0.0002443358690038284,mining,0.024554787306804386,Mo concentrate,concentrate_economic
BC-MAIN-6b4800fe,,Air,Nitrogen oxides (expressed as nitrogen dioxide),Emission,Other,tonnes,252.789888,BC-MAIN-6b4800fe,"Cu and Mo, Open-pit mining and beneficiation at Gibraltar",Cu,185367.93066666668,0.9997556641309961,mining,0.001363386436122558,Cu concentrate,concentrate_economic
BC-MAIN-6b4800fe,,Air,Nitrogen oxides (expressed as nitrogen dioxide),Emission,Other,tonnes,252.789888,BC-MAIN-6b4800fe,"Cu and Mo, Open-pit mining and beneficiation at Gibraltar",Mo,10.690540862745097,0.0002443358690038284,mining,0.005777597013365738,Mo concentrate,concentrate_economic
BC-MAIN-6b4800fe,,Air,PM10 - Particulate Matter <= 10 Micrometers,Emission,Other,tonnes,117.764132,BC-MAIN-6b4800fe,"Cu and Mo, Open-pit mining and beneficiation at Gibraltar",Cu,185367.93066666668,0.9997556641309961,mining,0.0006351441566782391,Cu concentrate,concentrate_economic
BC-MAIN-6b4800fe,,Air,PM10 - Particulate Matter <= 10 Micrometers,Emission,Other,tonnes,117.764132,BC-MAIN-6b4800fe,"Cu and Mo, Open-pit mining and beneficiation at Gibraltar",Mo,10.690540862745097,0.0002443358690038284,mining,0.002691538426271262,Mo concentrate,concentrate_economic
BC-MAIN-6b4800fe,,Air,PM2.5 - Particulate Matter <= 2.5 Micrometers,Emission,Other,tonnes,16.308575,BC-MAIN-6b4800fe,"Cu and Mo, Open-pit mining and beneficiation at Gibraltar",Cu,185367.93066666668,0.9997556641309961,mining,8.79579880485071e-05,Cu concentrate,concentrate_economic
BC-MAIN-6b4800fe,,Air,PM2.5 - Particulate Matter <= 2.5 Micrometers,Emission,Other,tonnes,16.308575,BC-MAIN-6b4800fe,"Cu and Mo, Open-pit mining and beneficiation at Gibraltar",Mo,10.690540862745097,0.0002443358690038284,mining,0.00037273790877367355,Mo concentrate,concentrate_economic
BC-MAIN-6b4800fe,,Air,Sulphur dioxide,Emission,Other,tonnes,31.598736,BC-MAIN-6b4800fe,"Cu and Mo, Open-pit mining and beneficiation at Gibraltar",Cu,185367.93066666668,0.9997556641309961,mining,0.00017042330451531976,Cu concentrate,concentrate_economic
BC-MAIN-6b4800fe,,Air,Sulphur dioxide,Emission,Other,tonnes,31.598736,BC-MAIN-6b4800fe,"Cu and Mo, Open-pit mining and beneficiation at Gibraltar",Mo,10.690540862745097,0.0002443358690038284,mining,0.0007221996266707172,Mo concentrate,concentrate_economic
BC-MAIN-6b4800fe,,Air,Total particulate matter,Emission,Other,tonnes,226.269047,BC-MAIN-6b4800fe,"Cu and Mo, Open-pit mining and beneficiation at Gibraltar",Cu,185367.93066666668,0.9997556641309961,mining,0.001220350038662059,Cu concentrate,concentrate_economic
BC-MAIN-6b4800fe,,Air,Total particulate matter,Emission,Other,tonnes,226.269047,BC-MAIN-6b4800fe,"Cu and Mo, Open-pit mining and beneficiation at Gibraltar",Mo,10.690540862745097,0.0002443358690038284,mining,0.00517145436673603,Mo concentrate,concentrate_economic
BC-MAIN-3f490561,,Air,Carbon monoxide,Emission,Other,tonnes,274.25,BC-MAIN-3f490561,"Au and Cu, Open-pit mining and beneficiation at Mount Polley",Cu,45578.436133333336,1.0,mining,0.006017099823208502,Cu concentrate,concentrate_economic
BC-MAIN-3f490561,,Air,Mercury (and its compounds),Emission,Other,tonnes,7.9e-05,BC-MAIN-3f490561,"Au and Cu, Open-pit mining and beneficiation at Mount Polley",Cu,45578.436133333336,1.0,mining,1.7332757922824853e-09,Cu concentrate,concentrate_economic
BC-MAIN-3f490561,,Air,Nitrogen oxides (expressed as nitrogen dioxide),Emission,Other,tonnes,1251.09,BC-MAIN-3f490561,"Au and Cu, Open-pit mining and beneficiation at Mount Polley",Cu,45578.436133333336,1.0,mining,0.027449164695780945,Cu concentrate,concentrate_economic
BC-MAIN-3f490561,,Air,PM10 - Particulate Matter <= 10 Micrometers,Emission,Other,tonnes,87.79,BC-MAIN-3f490561,"Au and Cu, Open-pit mining and beneficiation at Mount Polley",Cu,45578.436133333336,1.0,mining,0.00192613014942379,Cu concentrate,concentrate_economic
BC-MAIN-3f490561,,Air,PM2.5 - Particulate Matter <= 2.5 Micrometers,Emission,Other,tonnes,87.8,BC-MAIN-3f490561,"Au and Cu, Open-pit mining and beneficiation at Mount Polley",Cu,45578.436133333336,1.0,mining,0.001926349551422813,Cu concentrate,concentrate_economic
BC-MAIN-3f490561,,Air,Sulphur dioxide,Emission,Other,tonnes,82.05,BC-MAIN-3f490561,"Au and Cu, Open-pit mining and beneficiation at Mount Polley",Cu,45578.436133333336,1.0,mining,0.0018001934019845306,Cu concentrate,concentrate_economic
BC-MAIN-3f490561,,Air,Total particulate matter,Emission,Other,tonnes,87.81,BC-MAIN-3f490561,"Au and Cu, Open-pit mining and beneficiation at Mount Polley",Cu,45578.436133333336,1.0,mining,0.001926568953421836,Cu concentrate,concentrate_economic
BC-MAIN-3f490561,,Air,Volatile Organic Compounds (Total),Emission,Other,tonnes,101.14,BC-MAIN-3f490561,"Au and Cu, Open-pit mining and beneficiation at Mount Polley",Cu,45578.436133333336,1.0,mining,0.0022190318181196274,Cu concentrate,concentrate_economic
QC-MAIN-e51eda66,,Air,Carbon monoxide,Emission,Other,tonnes,63.19,QC-MAIN-e51eda66,"Au and Ag and Cu and Zn, Underground mining and beneficiation at LaRonde",Cu,8593.20125,0.09772240804218515,mining,0.0007186005290153864,Cu concentrate,concentrate_economic
QC-MAIN-e51eda66,,Air,Carbon monoxide,Emission,Other,tonnes,63.19,QC-MAIN-e51eda66,"Au and Ag and Cu and Zn, Underground mining and beneficiation at LaRonde",Zn,15404.877034,0.06548662801881933,mining,0.0002686227235294395,Zn concentrate,concentrate_economic
QC-MAIN-e51eda66,,Air,Carbon monoxide,Emission,Other,tonnes,63.19,QC-MAIN-e51eda66,"Au and Ag and Cu and Zn, Underground mining and beneficiation at LaRonde",Au,9.802902790306113,0.8367909639389955,mining,5.393996262371785,Au concentrate,concentrate_economic
QC-MAIN-e51eda66,,Air,Nitrogen oxides (expressed as nitrogen dioxide),Emission,Other,tonnes,38.42,QC-MAIN-e51eda66,"Au and Ag and Cu and Zn, Underground mining and beneficiation at LaRonde",Cu,8593.20125,0.09772240804218515,mining,0.00043691458023059263,Cu concentrate,concentrate_economic
QC-MAIN-e51eda66,,Air,Nitrogen oxides (expressed as nitrogen dioxide),Emission,Other,tonnes,38.42,QC-MAIN-e51eda66,"Au and Ag and Cu and Zn, Underground mining and beneficiation at LaRonde",Zn,15404.877034,0.06548662801881933,mining,0.00016332465640134618,Zn concentrate,concentrate_economic
QC-MAIN-e51eda66,,Air,Nitrogen oxides (expressed as nitrogen dioxide),Emission,Other,tonnes,38.42,QC-MAIN-e51eda66,"Au and Ag and Cu and Zn, Underground mining and beneficiation at LaRonde",Au,9.802902790306113,0.8367909639389955,mining,3.2795907010654224,Au concentrate,concentrate_economic
ON-MAIN-0aadf28f,,Air,Carbon monoxide,Emission,Other,tonnes,243.284,ON-MAIN-0aadf28f,"Au, Open-pit and underground mining and beneficiation at Rainy River",Au,8.05342613010203,1.0,mining,30.20875787146728,Au concentrate,concentrate_economic
ON-MAIN-0aadf28f,,Air,PM10 - Particulate Matter <= 10 Micrometers,Emission,Other,tonnes,12.102,ON-MAIN-0aadf28f,"Au, Open-pit and underground mining and beneficiation at Rainy River",Au,8.05342613010203,1.0,mining,1.502714472634851,Au concentrate,concentrate_economic
ON-MAIN-0aadf28f,,Air,PM2.5 - Particulate Matter <= 2.5 Micrometers,Emission,Other,tonnes,12.102,ON-MAIN-0aadf28f,"Au, Open-pit and underground mining and beneficiation at Rainy River",Au,8.05342613010203,1.0,mining,1.502714472634851,Au concentrate,concentrate_economic
ON-MAIN-0aadf28f,,Air,Sulphur dioxide,Emission,Other,tonnes,14.966,ON-MAIN-0aadf28f,"Au, Open-pit and underground mining and beneficiation at Rainy River",Au,8.05342613010203,1.0,mining,1.8583395139194494,Au concentrate,concentrate_economic
ON-MAIN-0aadf28f,,Air,Total particulate matter,Emission,Other,tonnes,23.032,ON-MAIN-0aadf28f,"Au, Open-pit and underground mining and beneficiation at Rainy River",Au,8.05342613010203,1.0,mining,2.8599008208334062,Au concentrate,concentrate_economic
ON-MAIN-1f126a43,,Water,Ammonia (total),Emission,Direct Discharge,tonnes,20.754,ON-MAIN-1f126a43,"Au, Underground mining and beneficiation at Macassa",Au,7.253304461734694,1.0,mining,2.861316536413045,Au concentrate,concentrate_economic
ON-MAIN-1f126a43,,Water,Arsenic (and its compounds),Emission,Direct Discharge,kg,9.608,ON-MAIN-1f126a43,"Au, Underground mining and beneficiation at Macassa",Au,7.253304461734694,1.0,mining,1.3246376256074268,Au concentrate,concentrate_economic
ON-MAIN-1f126a43,,Water,Cadmium (and its compounds),Emission,Direct Discharge,kg,0.934,ON-MAIN-1f126a43,"Au, Underground mining and beneficiation at Macassa",Au,7.253304461734694,1.0,mining,0.12876889491229565,Au concentrate,concentrate_economic
ON-MAIN-1f126a43,,Water,Chromium (and its compounds),Emission,Direct Discharge,tonnes,0.00522,ON-MAIN-1f126a43,"Au, Underground mining and beneficiation at Macassa",Au,7.253304461734694,1.0,mining,0.0007196719822721449,Au concentrate,concentrate_economic
ON-MAIN-1f126a43,,Water,Cobalt (and its compounds),Emission,Direct Discharge,kg,89.59,ON-MAIN-1f126a43,"Au, Underground mining and beneficiation at Macassa",Au,7.253304461734694,1.0,mining,12.351611665088402,Au concentrate,concentrate_economic
ON-MAIN-1f126a43,,Water,Copper (and its compounds),Emission,Direct Discharge,tonnes,0.114,ON-MAIN-1f126a43,"Au, Underground mining and beneficiation at Macassa",Au,7.253304461734694,1.0,mining,0.015716974325483624,Au concentrate,concentrate_economic
ON-MAIN-1f126a43,,Water,Cyanides (ionic),Emission,Direct Discharge,tonnes,0.0897,ON-MAIN-1f126a43,"Au, Underground mining and beneficiation at Macassa",Au,7.253304461734694,1.0,mining,0.012366777166630536,Au concentrate,concentrate_economic
ON-MAIN-1f126a43,,Water,Lead (and its compounds),Emission,Direct Discharge,kg,0.93,ON-MAIN-1f126a43,"Au, Underground mining and beneficiation at Macassa",Au,7.253304461734694,1.0,mining,0.12821742212894535,Au concentrate,concentrate_economic
ON-MAIN-1f126a43,,Water,Manganese (and its compounds),Emission,Direct Discharge,tonnes,0.759,ON-MAIN-1f126a43,"Au, Underground mining and beneficiation at Macassa",Au,7.253304461734694,1.0,mining,0.10464196064071991,Au concentrate,concentrate_economic
ON-MAIN-1f126a43,,Water,Mercury (and its compounds),Emission,Direct Discharge,tonnes,0.00018,ON-MAIN-1f126a43,"Au, Underground mining and beneficiation at Macassa",Au,7.253304461734694,1.0,mining,2.481627525076362e-05,Au concentrate,concentrate_economic
ON-MAIN-1f126a43,,Water,Nickel (and its compounds),Emission,Direct Discharge,tonnes,0.033,ON-MAIN-1f126a43,"Au, Underground mining and beneficiation at Macassa",Au,7.253304461734694,1.0,mining,0.004549650462639996,Au concentrate,concentrate_economic
ON-MAIN-1f126a43,,Water,Nitrate ion in solution at pH >= 6.0,Emission,Direct Discharge,tonnes,47.43,ON-MAIN-1f126a43,"Au, Underground mining and beneficiation at Macassa",Au,7.253304461734694,1.0,mining,6.539088528576213,Au concentrate,concentrate_economic
ON-MAIN-1f126a43,,Water,Phosphorus (total),Emission,Direct Discharge,tonnes,0.044,ON-MAIN-1f126a43,"Au, Underground mining and beneficiation at Macassa",Au,7.253304461734694,1.0,mining,0.006066200616853328,Au concentrate,concentrate_economic
ON-MAIN-1f126a43,,Water,Selenium (and its compounds),Emission,Direct Discharge,kg,21.0,ON-MAIN-1f126a43,"Au, Underground mining and beneficiation at Macassa",Au,7.253304461734694,1.0,mining,2.8952321125890887,Au concentrate,concentrate_economic
ON-MAIN-1f126a43,,Water,Thallium (and its compounds),Emission,Direct Discharge,kg,0.3032,ON-MAIN-1f126a43,"Au, Underground mining and beneficiation at Macassa",Au,7.253304461734694,1.0,mining,0.04180163697795294,Au concentrate,concentrate_economic
ON-MAIN-1f126a43,,Water,Vanadium (and its compounds),Emission,Direct Discharge,tonnes,0.037,ON-MAIN-1f126a43,"Au, Underground mining and beneficiation at Macassa",Au,7.253304461734694,1.0,mining,0.005101123245990298,Au concentrate,concentrate_economic
ON-MAIN-1f126a43,,Water,Zinc (and its compounds),Emission,Direct Discharge,tonnes,0.056,ON-MAIN-1f126a43,"Au, Underground mining and beneficiation at Macassa",Au,7.253304461734694,1.0,mining,0.007720618966904237,Au concentrate,concentrate_economic
QC-MAIN-e7e6a960,,Water,Arsenic (and its compounds),Emission,Direct Discharge,kg,2.2264,QC-MAIN-e7e6a960,"Au and Ag, Open-pit mining and beneficiation at Canadian Malartic",Au,29.039084533163262,1.0,mining,0.07666908360893412,Au concentrate,concentrate_economic
QC-MAIN-e7e6a960,,Water,Cadmium (and its compounds),Emission,Direct Discharge,kg,0.6735,QC-MAIN-e7e6a960,"Au and Ag, Open-pit mining and beneficiation at Canadian Malartic",Au,29.039084533163262,1.0,mining,0.02319287990056465,Au concentrate,concentrate_economic
QC-MAIN-e7e6a960,,Water,Chromium (and its compounds),Emission,Direct Discharge,tonnes,0.0037,QC-MAIN-e7e6a960,"Au and Ag, Open-pit mining and beneficiation at Canadian Malartic",Au,29.039084533163262,1.0,mining,0.00012741448497711834,Au concentrate,concentrate_economic
QC-MAIN-e7e6a960,,Water,Cobalt (and its compounds),Emission,Direct Discharge,kg,112.7972,QC-MAIN-e7e6a960,"Au and Ag, Open-pit mining and beneficiation at Canadian Malartic",Au,29.039084533163262,1.0,mining,3.8843235526651387,Au concentrate,concentrate_economic
QC-MAIN-e7e6a960,,Water,Copper (and its compounds),Emission,Direct Discharge,tonnes,0.0844,QC-MAIN-e7e6a960,"Au and Ag, Open-pit mining and beneficiation at Canadian Malartic",Au,29.039084533163262,1.0,mining,0.0029064277113699426,Au concentrate,concentrate_economic
QC-MAIN-e7e6a960,,Water,Cyanides (ionic),Emission,Direct Discharge,tonnes,0.0986,QC-MAIN-e7e6a960,"Au and Ag, Open-pit mining and beneficiation at Canadian Malartic",Au,29.039084533163262,1.0,mining,0.003395423842903748,Au concentrate,concentrate_economic
QC-MAIN-e7e6a960,,Water,Lead (and its compounds),Emission,Direct Discharge,kg,0.887,QC-MAIN-e7e6a960,"Au and Ag, Open-pit mining and beneficiation at Canadian Malartic",Au,29.039084533163262,1.0,mining,0.030545040047217288,Au concentrate,concentrate_economic
QC-MAIN-e7e6a960,,Water,Manganese (and its compounds),Emission,Direct Discharge,tonnes,2.3686,QC-MAIN-e7e6a960,"Au and Ag, Open-pit mining and beneficiation at Canadian Malartic",Au,29.039084533163262,1.0,mining,0.0815659321937304,Au concentrate,concentrate_economic
QC-MAIN-e7e6a960,,Water,Mercury (and its compounds),Emission,Direct Discharge,tonnes,4.510000000000001e-05,QC-MAIN-e7e6a960,"Au and Ag, Open-pit mining and beneficiation at Canadian Malartic",Au,29.039084533163262,1.0,mining,1.5530792628291997e-06,Au concentrate,concentrate_economic
QC-MAIN-e7e6a960,,Water,Nickel (and its compounds),Emission,Direct Discharge,tonnes,0.3669,QC-MAIN-e7e6a960,"Au and Ag, Open-pit mining and beneficiation at Canadian Malartic",Au,29.039084533163262,1.0,mining,0.012634695821109383,Au concentrate,concentrate_economic
QC-MAIN-e7e6a960,,Water,Selenium (and its compounds),Emission,Direct Discharge,kg,6.107,QC-MAIN-e7e6a960,"Au and Ag, Open-pit mining and beneficiation at Canadian Malartic",Au,29.039084533163262,1.0,mining,0.2103027729068275,Au concentrate,concentrate_economic
QC-MAIN-e7e6a960,,Water,Thallium (and its compounds),Emission,Direct Discharge,kg,0.7468,QC-MAIN-e7e6a960,"Au and Ag, Open-pit mining and beneficiation at Canadian Malartic",Au,29.039084533163262,1.0,mining,0.025717064157003238,Au concentrate,concentrate_economic
QC-MAIN-e7e6a960,,Water,Vanadium (and its compounds),Emission,Direct Discharge,tonnes,0.0039,QC-MAIN-e7e6a960,"Au and Ag, Open-pit mining and beneficiation at Canadian Malartic",Au,29.039084533163262,1.0,mining,0.00013430175443534094,Au concentrate,concentrate_economic
QC-MAIN-e7e6a960,,Water,Zinc (and its compounds),Emission,Direct Discharge,tonnes,0.0516,QC-MAIN-e7e6a960,"Au and Ag, Open-pit mining and beneficiation at Canadian Malartic",Au,29.039084533163262,1.0,mining,0.001776915520221434,Au concentrate,concentrate_economic
NU-MAIN-8b0264c9,,Water,Arsenic (and its compounds),Emission,Direct Discharge,kg,2.552407,NU-MAIN-8b0264c9,"Au and Ag, Open-pit and underground mining and beneficiation at Meliadine",Au,12.41413683010194,1.0,mining,0.20560487087679705,Au concentrate,concentrate_economic
NU-MAIN-8b0264c9,,Water,Cadmium (and its compounds),Emission,Direct Discharge,kg,0.006672,NU-MAIN-8b0264c9,"Au and Ag, Open-pit and underground mining and beneficiation at Meliadine",Au,12.41413683010194,1.0,mining,0.0005374517851149876,Au concentrate,concentrate_economic
NU-MAIN-8b0264c9,,Water,Cobalt (and its compounds),Emission,Direct Discharge,kg,0.545431,NU-MAIN-8b0264c9,"Au and Ag, Open-pit and underground mining and beneficiation at Meliadine",Au,12.41413683010194,1.0,mining,0.04393628066652469,Au concentrate,concentrate_economic
NU-MAIN-8b0264c9,,Water,Copper (and its compounds),Emission,Direct Discharge,tonnes,0.00126,NU-MAIN-8b0264c9,"Au and Ag, Open-pit and underground mining and beneficiation at Meliadine",Au,12.41413683010194,1.0,mining,0.00010149718963502462,Au concentrate,concentrate_economic
NU-MAIN-8b0264c9,,Water,Cyanides (ionic),Emission,Direct Discharge,tonnes,0.000593,NU-MAIN-8b0264c9,"Au and Ag, Open-pit and underground mining and beneficiation at Meliadine",Au,12.41413683010194,1.0,mining,4.77681217885473e-05,Au concentrate,concentrate_economic
NU-MAIN-8b0264c9,,Water,Lead (and its compounds),Emission,Direct Discharge,kg,0.063545,NU-MAIN-8b0264c9,"Au and Ag, Open-pit and underground mining and beneficiation at Meliadine",Au,12.41413683010194,1.0,mining,0.005118761043934635,Au concentrate,concentrate_economic
NU-MAIN-8b0264c9,,Water,Manganese (and its compounds),Emission,Direct Discharge,tonnes,0.025815,NU-MAIN-8b0264c9,"Au and Ag, Open-pit and underground mining and beneficiation at Meliadine",Au,12.41413683010194,1.0,mining,0.002079484087641397,Au concentrate,concentrate_economic
NU-MAIN-8b0264c9,,Water,Nickel (and its compounds),Emission,Direct Discharge,tonnes,0.002478,NU-MAIN-8b0264c9,"Au and Ag, Open-pit and underground mining and beneficiation at Meliadine",Au,12.41413683010194,1.0,mining,0.00019961113961554844,Au concentrate,concentrate_economic
NU-MAIN-8b0264c9,,Water,Phosphorus (total),Emission,Direct Discharge,tonnes,0.017517,NU-MAIN-8b0264c9,"Au and Ag, Open-pit and underground mining and beneficiation at Meliadine",Au,12.41413683010194,1.0,mining,0.0014110525959021639,Au concentrate,concentrate_economic
NU-MAIN-8b0264c9,,Water,Selenium (and its compounds),Emission,Direct Discharge,kg,0.381272,NU-MAIN-8b0264c9,"Au and Ag, Open-pit and underground mining and beneficiation at Meliadine",Au,12.41413683010194,1.0,mining,0.03071272737025802,Au concentrate,concentrate_economic
NU-MAIN-8b0264c9,,Water,Thallium (and its compounds),Emission,Direct Discharge,kg,0.009532,NU-MAIN-8b0264c9,"Au and Ag, Open-pit and underground mining and beneficiation at Meliadine",Au,12.41413683010194,1.0,mining,0.000767834294921472,Au concentrate,concentrate_economic
NU-MAIN-8b0264c9,,Water,Zinc (and its compounds),Emission,Direct Discharge,tonnes,0.001631,NU-MAIN-8b0264c9,"Au and Ag, Open-pit and underground mining and beneficiation at Meliadine",Au,12.41413683010194,1.0,mining,0.00013138247324978188,Au concentrate,concentrate_economic
QC-MAIN-c0660aec,,Water,Arsenic (and its compounds),Emission,Direct Discharge,kg,0.5256,QC-MAIN-c0660aec,"Au and Cu, Underground mining and beneficiation at Goldex",Cu,130.12252666666666,0.003859237362487364,mining,1.558850115875421e-05,Cu concentrate,concentrate_economic
QC-MAIN-c0660aec,,Water,Arsenic (and its compounds),Emission,Direct Discharge,kg,0.5256,QC-MAIN-c0660aec,"Au and Cu, Underground mining and beneficiation at Goldex",Au,4.474542118316694,0.9961407626375127,mining,0.11701120941492944,Au concentrate,concentrate_economic
QC-MAIN-c0660aec,,Water,Cadmium (and its compounds),Emission,Direct Discharge,kg,0.0131,QC-MAIN-c0660aec,"Au and Cu, Underground mining and beneficiation at Goldex",Cu,130.12252666666666,0.003859237362487364,mining,3.885261894590566e-07,Cu concentrate,concentrate_economic
QC-MAIN-c0660aec,,Water,Cadmium (and its compounds),Emission,Direct Discharge,kg,0.0131,QC-MAIN-c0660aec,"Au and Cu, Underground mining and beneficiation at Goldex",Au,4.474542118316694,0.9961407626375127,mining,0.002916375272708478,Au concentrate,concentrate_economic
QC-MAIN-c0660aec,,Water,Chromium (and its compounds),Emission,Direct Discharge,tonnes,0.0023,QC-MAIN-c0660aec,"Au and Cu, Underground mining and beneficiation at Goldex",Cu,130.12252666666666,0.003859237362487364,mining,6.821452181342214e-08,Cu concentrate,concentrate_economic
QC-MAIN-c0660aec,,Water,Chromium (and its compounds),Emission,Direct Discharge,tonnes,0.0023,QC-MAIN-c0660aec,"Au and Cu, Underground mining and beneficiation at Goldex",Au,4.474542118316694,0.9961407626375127,mining,0.0005120353532236258,Au concentrate,concentrate_economic
QC-MAIN-c0660aec,,Water,Cobalt (and its compounds),Emission,Direct Discharge,kg,0.3285,QC-MAIN-c0660aec,"Au and Cu, Underground mining and beneficiation at Goldex",Cu,130.12252666666666,0.003859237362487364,mining,9.74281322422138e-06,Cu concentrate,concentrate_economic
QC-MAIN-c0660aec,,Water,Cobalt (and its compounds),Emission,Direct Discharge,kg,0.3285,QC-MAIN-c0660aec,"Au and Cu, Underground mining and beneficiation at Goldex",Au,4.474542118316694,0.9961407626375127,mining,0.0731320058843309,Au concentrate,concentrate_economic
QC-MAIN-c0660aec,,Water,Copper (and its compounds),Emission,Direct Discharge,tonnes,0.0022,QC-MAIN-c0660aec,"Au and Cu, Underground mining and beneficiation at Goldex",Cu,130.12252666666666,0.003859237362487364,mining,6.524867303892553e-08,Cu concentrate,concentrate_economic
QC-MAIN-c0660aec,,Water,Copper (and its compounds),Emission,Direct Discharge,tonnes,0.0022,QC-MAIN-c0660aec,"Au and Cu, Underground mining and beneficiation at Goldex",Au,4.474542118316694,0.9961407626375127,mining,0.000489772946561729,Au concentrate,concentrate_economic
QC-MAIN-c0660aec,,Water,Lead (and its compounds),Emission,Direct Discharge,kg,0.1117,QC-MAIN-c0660aec,"Au and Cu, Underground mining and beneficiation at Goldex",Cu,130.12252666666666,0.003859237362487364,mining,3.312853081112719e-06,Cu concentrate,concentrate_economic
QC-MAIN-c0660aec,,Water,Lead (and its compounds),Emission,Direct Discharge,kg,0.1117,QC-MAIN-c0660aec,"Au and Cu, Underground mining and beneficiation at Goldex",Au,4.474542118316694,0.9961407626375127,mining,0.024867108241338698,Au concentrate,concentrate_economic
QC-MAIN-c0660aec,,Water,Manganese (and its compounds),Emission,Direct Discharge,tonnes,0.087,QC-MAIN-c0660aec,"Au and Cu, Underground mining and beneficiation at Goldex",Cu,130.12252666666666,0.003859237362487364,mining,2.5802884338120547e-06,Cu concentrate,concentrate_economic
QC-MAIN-c0660aec,,Water,Manganese (and its compounds),Emission,Direct Discharge,tonnes,0.087,QC-MAIN-c0660aec,"Au and Cu, Underground mining and beneficiation at Goldex",Au,4.474542118316694,0.9961407626375127,mining,0.019368293795850193,Au concentrate,concentrate_economic
QC-MAIN-c0660aec,,Water,Nickel (and its compounds),Emission,Direct Discharge,tonnes,0.0016,QC-MAIN-c0660aec,"Au and Cu, Underground mining and beneficiation at Goldex",Cu,130.12252666666666,0.003859237362487364,mining,4.745358039194584e-08,Cu concentrate,concentrate_economic
QC-MAIN-c0660aec,,Water,Nickel (and its compounds),Emission,Direct Discharge,tonnes,0.0016,QC-MAIN-c0660aec,"Au and Cu, Underground mining and beneficiation at Goldex",Au,4.474542118316694,0.9961407626375127,mining,0.0003561985065903484,Au concentrate,concentrate_economic
QC-MAIN-c0660aec,,Water,Zinc (and its compounds),Emission,Direct Discharge,tonnes,0.0034,QC-MAIN-c0660aec,"Au and Cu, Underground mining and beneficiation at Goldex",Cu,130.12252666666666,0.003859237362487364,mining,1.008388583328849e-07,Cu concentrate,concentrate_economic
QC-MAIN-c0660aec,,Water,Zinc (and its compounds),Emission,Direct Discharge,tonnes,0.0034,QC-MAIN-c0660aec,"Au and Cu, Underground mining and beneficiation at Goldex",Au,4.474542118316694,0.9961407626375127,mining,0.0007569218265044903,Au concentrate,concentrate_economic
ON-MAIN-687b8c8d,,Water,Ammonia (total),Emission,Direct Discharge,tonnes,10.24,ON-MAIN-687b8c8d,"Au, Underground mining and beneficiation at Island",Au,4.1704080612244905,1.0,mining,2.455395215448867,Au concentrate,concentrate_economic
ON-MAIN-7607a50e,,Water,Ammonia (total),Emission,Direct Discharge,tonnes,1.829343,ON-MAIN-7607a50e,"Au, Underground mining and beneficiation at Young-Davidson",Au,5.874752908163255,1.0,mining,0.3113906284395449,Au concentrate,concentrate_economic
ON-MAIN-7607a50e,,Water,Antimony (and its compounds),Emission,Direct Discharge,tonnes,0.0017,ON-MAIN-7607a50e,"Au, Underground mining and beneficiation at Young-Davidson",Au,5.874752908163255,1.0,mining,0.00028937387266752396,Au concentrate,concentrate_economic
ON-MAIN-687b8c8d,,Water,Arsenic (and its compounds),Emission,Direct Discharge,kg,4.9773,ON-MAIN-687b8c8d,"Au, Underground mining and beneficiation at Island",Au,4.1704080612244905,1.0,mining,1.193480332602895,Au concentrate,concentrate_economic
ON-MAIN-7607a50e,,Water,Arsenic (and its compounds),Emission,Direct Discharge,kg,6.456504,ON-MAIN-7607a50e,"Au, Underground mining and beneficiation at Young-Davidson",Au,5.874752908163255,1.0,mining,1.0990256272784467,Au concentrate,concentrate_economic
ON-MAIN-687b8c8d,,Water,Cadmium (and its compounds),Emission,Direct Discharge,kg,0.0282,ON-MAIN-687b8c8d,"Au, Underground mining and beneficiation at Island",Au,4.1704080612244905,1.0,mining,0.006761928230044732,Au concentrate,concentrate_economic
ON-MAIN-7607a50e,,Water,Cadmium (and its compounds),Emission,Direct Discharge,kg,0.106532,ON-MAIN-7607a50e,"Au, Underground mining and beneficiation at Young-Davidson",Au,5.874752908163255,1.0,mining,0.01813386906059804,Au concentrate,concentrate_economic
ON-MAIN-687b8c8d,,Water,Chromium (and its compounds),Emission,Direct Discharge,tonnes,0.0016,ON-MAIN-687b8c8d,"Au, Underground mining and beneficiation at Island",Au,4.1704080612244905,1.0,mining,0.0003836555024138855,Au concentrate,concentrate_economic
ON-MAIN-7607a50e,,Water,Chromium (and its compounds),Emission,Direct Discharge,tonnes,0.00226,ON-MAIN-7607a50e,"Au, Underground mining and beneficiation at Young-Davidson",Au,5.874752908163255,1.0,mining,0.0003846970307227084,Au concentrate,concentrate_economic
ON-MAIN-687b8c8d,,Water,Cobalt (and its compounds),Emission,Direct Discharge,kg,14.5471,ON-MAIN-687b8c8d,"Au, Underground mining and beneficiation at Island",Au,4.1704080612244905,1.0,mining,3.488171849478146,Au concentrate,concentrate_economic
ON-MAIN-7607a50e,,Water,Cobalt (and its compounds),Emission,Direct Discharge,kg,10.222798,ON-MAIN-7607a50e,"Au, Underground mining and beneficiation at Young-Davidson",Au,5.874752908163255,1.0,mining,1.7401239098575405,Au concentrate,concentrate_economic
ON-MAIN-687b8c8d,,Water,Copper (and its compounds),Emission,Direct Discharge,tonnes,0.0212,ON-MAIN-687b8c8d,"Au, Underground mining and beneficiation at Island",Au,4.1704080612244905,1.0,mining,0.005083435406983983,Au concentrate,concentrate_economic
ON-MAIN-7607a50e,,Water,Copper (and its compounds),Emission,Direct Discharge,tonnes,0.027978,ON-MAIN-7607a50e,"Au, Underground mining and beneficiation at Young-Davidson",Au,5.874752908163255,1.0,mining,0.004762413064407051,Au concentrate,concentrate_economic
ON-MAIN-687b8c8d,,Water,Cyanides (ionic),Emission,Direct Discharge,tonnes,0.0118,ON-MAIN-687b8c8d,"Au, Underground mining and beneficiation at Island",Au,4.1704080612244905,1.0,mining,0.0028294593303024055,Au concentrate,concentrate_economic
ON-MAIN-687b8c8d,,Water,Lead (and its compounds),Emission,Direct Discharge,kg,0.173,ON-MAIN-687b8c8d,"Au, Underground mining and beneficiation at Island",Au,4.1704080612244905,1.0,mining,0.041482751198501366,Au concentrate,concentrate_economic
ON-MAIN-7607a50e,,Water,Lead (and its compounds),Emission,Direct Discharge,kg,0.333586,ON-MAIN-7607a50e,"Au, Underground mining and beneficiation at Young-Davidson",Au,5.874752908163255,1.0,mining,0.05678298393392274,Au concentrate,concentrate_economic
ON-MAIN-687b8c8d,,Water,Manganese (and its compounds),Emission,Direct Discharge,tonnes,0.1223,ON-MAIN-687b8c8d,"Au, Underground mining and beneficiation at Island",Au,4.1704080612244905,1.0,mining,0.029325667465761374,Au concentrate,concentrate_economic
ON-MAIN-687b8c8d,,Water,Mercury (and its compounds),Emission,Direct Discharge,tonnes,0.000173,ON-MAIN-687b8c8d,"Au, Underground mining and beneficiation at Island",Au,4.1704080612244905,1.0,mining,4.1482751198501366e-05,Au concentrate,concentrate_economic
ON-MAIN-7607a50e,,Water,Mercury (and its compounds),Emission,Direct Discharge,tonnes,0.000172173,ON-MAIN-7607a50e,"Au, Underground mining and beneficiation at Young-Davidson",Au,5.874752908163255,1.0,mining,2.9307275163991533e-05,Au concentrate,concentrate_economic
ON-MAIN-687b8c8d,,Water,Nickel (and its compounds),Emission,Direct Discharge,tonnes,0.0155,ON-MAIN-687b8c8d,"Au, Underground mining and beneficiation at Island",Au,4.1704080612244905,1.0,mining,0.0037166626796345157,Au concentrate,concentrate_economic
ON-MAIN-7607a50e,,Water,Nickel (and its compounds),Emission,Direct Discharge,tonnes,0.010761,ON-MAIN-7607a50e,"Au, Underground mining and beneficiation at Young-Davidson",Au,5.874752908163255,1.0,mining,0.0018317366139854268,Au concentrate,concentrate_economic
ON-MAIN-687b8c8d,,Water,Nitrate ion in solution at pH >= 6.0,Emission,Direct Discharge,tonnes,19.6176,ON-MAIN-687b8c8d,"Au, Underground mining and beneficiation at Island",Au,4.1704080612244905,1.0,mining,4.70400011509665,Au concentrate,concentrate_economic
ON-MAIN-7607a50e,,Water,Nitrate ion in solution at pH >= 6.0,Emission,Direct Discharge,tonnes,95.663868,ON-MAIN-7607a50e,"Au, Underground mining and beneficiation at Young-Davidson",Au,5.874752908163255,1.0,mining,16.283896445596955,Au concentrate,concentrate_economic
ON-MAIN-7607a50e,,Water,Phosphorus (total),Emission,Direct Discharge,tonnes,0.215217,ON-MAIN-7607a50e,"Au, Underground mining and beneficiation at Young-Davidson",Au,5.874752908163255,1.0,mining,0.03663422161993324,Au concentrate,concentrate_economic
ON-MAIN-687b8c8d,,Water,Selenium (and its compounds),Emission,Direct Discharge,kg,1.4547,ON-MAIN-687b8c8d,"Au, Underground mining and beneficiation at Island",Au,4.1704080612244905,1.0,mining,0.34881478710092456,Au concentrate,concentrate_economic
ON-MAIN-7607a50e,,Water,Selenium (and its compounds),Emission,Direct Discharge,kg,8.71628,ON-MAIN-7607a50e,"Au, Underground mining and beneficiation at Young-Davidson",Au,5.874752908163255,1.0,mining,1.4836845287379328,Au concentrate,concentrate_economic
ON-MAIN-7607a50e,,Water,Silver (and its compounds),Emission,Direct Discharge,tonnes,0.000204,ON-MAIN-7607a50e,"Au, Underground mining and beneficiation at Young-Davidson",Au,5.874752908163255,1.0,mining,3.4724864720102877e-05,Au concentrate,concentrate_economic
ON-MAIN-7607a50e,,Water,Thallium (and its compounds),Emission,Direct Discharge,kg,0.161413,ON-MAIN-7607a50e,"Au, Underground mining and beneficiation at Young-Davidson",Au,5.874752908163255,1.0,mining,0.027475708769931207,Au concentrate,concentrate_economic
ON-MAIN-7607a50e,,Water,Vanadium (and its compounds),Emission,Direct Discharge,tonnes,0.001722,ON-MAIN-7607a50e,"Au, Underground mining and beneficiation at Young-Davidson",Au,5.874752908163255,1.0,mining,0.00029311871101969194,Au concentrate,concentrate_economic
ON-MAIN-687b8c8d,,Water,Zinc (and its compounds),Emission,Direct Discharge,tonnes,0.0036,ON-MAIN-687b8c8d,"Au, Underground mining and beneficiation at Island",Au,4.1704080612244905,1.0,mining,0.0008632248804312423,Au concentrate,concentrate_economic
ON-MAIN-7607a50e,,Water,Zinc (and its compounds),Emission,Direct Discharge,tonnes,0.01937,ON-MAIN-7607a50e,"Au, Underground mining and beneficiation at Young-Davidson",Au,5.874752908163255,1.0,mining,0.003297159949158788,Au concentrate,concentrate_economic
BC-MAIN-599152a0,,Water,Arsenic (and its compounds),Emission,Direct Discharge,kg,0.0253,BC-MAIN-599152a0,"Au and Ag and Cu, Open-pit mining and beneficiation at Copper Mountain",Cu,63500.0,1.0,mining,3.984251968503937e-07,Cu concentrate,concentrate_economic
BC-MAIN-599152a0,,Water,Cadmium (and its compounds),Emission,Direct Discharge,kg,0.0003,BC-MAIN-599152a0,"Au and Ag and Cu, Open-pit mining and beneficiation at Copper Mountain",Cu,63500.0,1.0,mining,4.724409448818897e-09,Cu concentrate,concentrate_economic
BC-MAIN-599152a0,,Water,Cobalt (and its compounds),Emission,Direct Discharge,kg,0.0024,BC-MAIN-599152a0,"Au and Ag and Cu, Open-pit mining and beneficiation at Copper Mountain",Cu,63500.0,1.0,mining,3.779527559055118e-08,Cu concentrate,concentrate_economic
BC-MAIN-599152a0,,Water,Copper (and its compounds),Emission,Direct Discharge,tonnes,0.0001,BC-MAIN-599152a0,"Au and Ag and Cu, Open-pit mining and beneficiation at Copper Mountain",Cu,63500.0,1.0,mining,1.5748031496062992e-09,Cu concentrate,concentrate_economic
BC-MAIN-599152a0,,Water,Lead (and its compounds),Emission,Direct Discharge,kg,0.0019,BC-MAIN-599152a0,"Au and Ag and Cu, Open-pit mining and beneficiation at Copper Mountain",Cu,63500.0,1.0,mining,2.9921259842519685e-08,Cu concentrate,concentrate_economic
BC-MAIN-599152a0,,Water,Manganese (and its compounds),Emission,Direct Discharge,tonnes,0.0001,BC-MAIN-599152a0,"Au and Ag and Cu, Open-pit mining and beneficiation at Copper Mountain",Cu,63500.0,1.0,mining,1.5748031496062992e-09,Cu concentrate,concentrate_economic
BC-MAIN-599152a0,,Water,Mercury (and its compounds),Emission,Direct Discharge,tonnes,1e-07,BC-MAIN-599152a0,"Au and Ag and Cu, Open-pit mining and beneficiation at Copper Mountain",Cu,63500.0,1.0,mining,1.5748031496062991e-12,Cu concentrate,concentrate_economic
BC-MAIN-599152a0,,Water,Phosphorus (total),Emission,Direct Discharge,tonnes,0.0021,BC-MAIN-599152a0,"Au and Ag and Cu, Open-pit mining and beneficiation at Copper Mountain",Cu,63500.0,1.0,mining,3.307086614173228e-08,Cu concentrate,concentrate_economic
BC-MAIN-599152a0,,Water,Selenium (and its compounds),Emission,Direct Discharge,kg,0.5255,BC-MAIN-599152a0,"Au and Ag and Cu, Open-pit mining and beneficiation at Copper Mountain",Cu,63500.0,1.0,mining,8.275590551181102e-06,Cu concentrate,concentrate_economic
BC-MAIN-599152a0,,Water,Thallium (and its compounds),Emission,Direct Discharge,kg,0.0002,BC-MAIN-599152a0,"Au and Ag and Cu, Open-pit mining and beneficiation at Copper Mountain",Cu,63500.0,1.0,mining,3.1496062992125984e-09,Cu concentrate,concentrate_economic
ON-MAIN-7f050560,,Water,Arsenic (and its compounds),Emission,Direct Discharge,kg,53.7593,ON-MAIN-7f050560,"Au, Underground mining and beneficiation at Red Lake",Au,3.5769025,1.0,mining,15.029568180849212,Au concentrate,concentrate_economic
ON-MAIN-7f050560,,Water,Cadmium (and its compounds),Emission,Direct Discharge,kg,0.028,ON-MAIN-7f050560,"Au, Underground mining and beneficiation at Red Lake",Au,3.5769025,1.0,mining,0.00782800202130195,Au concentrate,concentrate_economic
ON-MAIN-7f050560,,Water,Cobalt (and its compounds),Emission,Direct Discharge,kg,14.5311,ON-MAIN-7f050560,"Au, Underground mining and beneficiation at Red Lake",Au,3.5769025,1.0,mining,4.0624814347050275,Au concentrate,concentrate_economic
ON-MAIN-7f050560,,Water,Lead (and its compounds),Emission,Direct Discharge,kg,0.1588,ON-MAIN-7f050560,"Au, Underground mining and beneficiation at Red Lake",Au,3.5769025,1.0,mining,0.04439595432081249,Au concentrate,concentrate_economic
ON-MAIN-7f050560,,Water,Mercury (and its compounds),Emission,Direct Discharge,tonnes,3.8e-06,ON-MAIN-7f050560,"Au, Underground mining and beneficiation at Red Lake",Au,3.5769025,1.0,mining,1.062371702890979e-06,Au concentrate,concentrate_economic
ON-MAIN-7f050560,,Water,Nitrate ion in solution at pH >= 6.0,Emission,Direct Discharge,tonnes,114.69277,ON-MAIN-7f050560,"Au, Underground mining and beneficiation at Red Lake",Au,3.5769025,1.0,mining,32.064829835311414,Au concentrate,concentrate_economic
BC-MAIN-6b4800fe,,Water,Arsenic (and its compounds),Emission,Direct Discharge,kg,0.593561,BC-MAIN-6b4800fe,"Cu and Mo, Open-pit mining and beneficiation at Gibraltar",Cu,185367.93066666668,0.9997556641309961,mining,3.2012871353910397e-06,Cu concentrate,concentrate_economic
BC-MAIN-6b4800fe,,Water,Arsenic (and its compounds),Emission,Direct Discharge,kg,0.593561,BC-MAIN-6b4800fe,"Cu and Mo, Open-pit mining and beneficiation at Gibraltar",Mo,10.690540862745097,0.0002443358690038284,mining,1.3566034179541157e-05,Mo concentrate,concentrate_economic
BC-MAIN-6b4800fe,,Water,Cadmium (and its compounds),Emission,Direct Discharge,kg,0.007399,BC-MAIN-6b4800fe,"Cu and Mo, Open-pit mining and beneficiation at Gibraltar",Cu,185367.93066666668,0.9997556641309961,mining,3.9905457930622634e-08,Cu concentrate,concentrate_economic
BC-MAIN-6b4800fe,,Water,Cadmium (and its compounds),Emission,Direct Discharge,kg,0.007399,BC-MAIN-6b4800fe,"Cu and Mo, Open-pit mining and beneficiation at Gibraltar",Mo,10.690540862745097,0.0002443358690038284,mining,1.691066072306385e-07,Mo concentrate,concentrate_economic
BC-MAIN-6b4800fe,,Water,Chromium (and its compounds),Emission,Direct Discharge,tonnes,0.00036,BC-MAIN-6b4800fe,"Cu and Mo, Open-pit mining and beneficiation at Gibraltar",Cu,185367.93066666668,0.9997556641309961,mining,1.9416089816224013e-09,Cu concentrate,concentrate_economic
BC-MAIN-6b4800fe,,Water,Chromium (and its compounds),Emission,Direct Discharge,tonnes,0.00036,BC-MAIN-6b4800fe,"Cu and Mo, Open-pit mining and beneficiation at Gibraltar",Mo,10.690540862745097,0.0002443358690038284,mining,8.227919800382465e-09,Mo concentrate,concentrate_economic
BC-MAIN-6b4800fe,,Water,Cobalt (and its compounds),Emission,Direct Discharge,kg,0.468545,BC-MAIN-6b4800fe,"Cu and Mo, Open-pit mining and beneficiation at Gibraltar",Cu,185367.93066666668,0.9997556641309961,mining,2.527031056372967e-06,Cu concentrate,concentrate_economic
BC-MAIN-6b4800fe,,Water,Cobalt (and its compounds),Emission,Direct Discharge,kg,0.468545,BC-MAIN-6b4800fe,"Cu and Mo, Open-pit mining and beneficiation at Gibraltar",Mo,10.690540862745097,0.0002443358690038284,mining,1.0708751896861672e-05,Mo concentrate,concentrate_economic
BC-MAIN-6b4800fe,,Water,Copper (and its compounds),Emission,Direct Discharge,tonnes,0.00516,BC-MAIN-6b4800fe,"Cu and Mo, Open-pit mining and beneficiation at Gibraltar",Cu,185367.93066666668,0.9997556641309961,mining,2.7829728736587753e-08,Cu concentrate,concentrate_economic
BC-MAIN-6b4800fe,,Water,Copper (and its compounds),Emission,Direct Discharge,tonnes,0.00516,BC-MAIN-6b4800fe,"Cu and Mo, Open-pit mining and beneficiation at Gibraltar",Mo,10.690540862745097,0.0002443358690038284,mining,1.1793351713881532e-07,Mo concentrate,concentrate_economic
BC-MAIN-6b4800fe,,Water,Lead (and its compounds),Emission,Direct Discharge,kg,0.060865,BC-MAIN-6b4800fe,"Cu and Mo, Open-pit mining and beneficiation at Gibraltar",Cu,185367.93066666668,0.9997556641309961,mining,3.28266751851243e-07,Cu concentrate,concentrate_economic
BC-MAIN-6b4800fe,,Water,Lead (and its compounds),Emission,Direct Discharge,kg,0.060865,BC-MAIN-6b4800fe,"Cu and Mo, Open-pit mining and beneficiation at Gibraltar",Mo,10.690540862745097,0.0002443358690038284,mining,1.3910898295841077e-06,Mo concentrate,concentrate_economic
BC-MAIN-6b4800fe,,Water,Manganese (and its compounds),Emission,Direct Discharge,tonnes,0.284101,BC-MAIN-6b4800fe,"Cu and Mo, Open-pit mining and beneficiation at Gibraltar",Cu,185367.93066666668,0.9997556641309961,mining,1.532258481355294e-06,Cu concentrate,concentrate_economic
BC-MAIN-6b4800fe,,Water,Manganese (and its compounds),Emission,Direct Discharge,tonnes,0.284101,BC-MAIN-6b4800fe,"Cu and Mo, Open-pit mining and beneficiation at Gibraltar",Mo,10.690540862745097,0.0002443358690038284,mining,6.493222897801274e-06,Mo concentrate,concentrate_economic
BC-MAIN-6b4800fe,,Water,Mercury (and its compounds),Emission,Direct Discharge,tonnes,2.047e-06,BC-MAIN-6b4800fe,"Cu and Mo, Open-pit mining and beneficiation at Gibraltar",Cu,185367.93066666668,0.9997556641309961,mining,1.1040204403836266e-11,Cu concentrate,concentrate_economic
BC-MAIN-6b4800fe,,Water,Mercury (and its compounds),Emission,Direct Discharge,tonnes,2.047e-06,BC-MAIN-6b4800fe,"Cu and Mo, Open-pit mining and beneficiation at Gibraltar",Mo,10.690540862745097,0.0002443358690038284,mining,4.678486619828585e-11,Mo concentrate,concentrate_economic
BC-MAIN-6b4800fe,,Water,Nickel (and its compounds),Emission,Direct Discharge,tonnes,0.000671,BC-MAIN-6b4800fe,"Cu and Mo, Open-pit mining and beneficiation at Gibraltar",Cu,185367.93066666668,0.9997556641309961,mining,3.618943407412865e-09,Cu concentrate,concentrate_economic
BC-MAIN-6b4800fe,,Water,Nickel (and its compounds),Emission,Direct Discharge,tonnes,0.000671,BC-MAIN-6b4800fe,"Cu and Mo, Open-pit mining and beneficiation at Gibraltar",Mo,10.690540862745097,0.0002443358690038284,mining,1.5335928294601764e-08,Mo concentrate,concentrate_economic
BC-MAIN-6b4800fe,,Water,Selenium (and its compounds),Emission,Direct Discharge,kg,0.224809,BC-MAIN-6b4800fe,"Cu and Mo, Open-pit mining and beneficiation at Gibraltar",Cu,185367.93066666668,0.9997556641309961,mining,1.2124754820820845e-06,Cu concentrate,concentrate_economic
BC-MAIN-6b4800fe,,Water,Selenium (and its compounds),Emission,Direct Discharge,kg,0.224809,BC-MAIN-6b4800fe,"Cu and Mo, Open-pit mining and beneficiation at Gibraltar",Mo,10.690540862745097,0.0002443358690038284,mining,5.138084506678282e-06,Mo concentrate,concentrate_economic
BC-MAIN-6b4800fe,,Water,Zinc (and its compounds),Emission,Direct Discharge,tonnes,0.003147,BC-MAIN-6b4800fe,"Cu and Mo, Open-pit mining and beneficiation at Gibraltar",Cu,185367.93066666668,0.9997556641309961,mining,1.697289851434916e-08,Cu concentrate,concentrate_economic
BC-MAIN-6b4800fe,,Water,Zinc (and its compounds),Emission,Direct Discharge,tonnes,0.003147,BC-MAIN-6b4800fe,"Cu and Mo, Open-pit mining and beneficiation at Gibraltar",Mo,10.690540862745097,0.0002443358690038284,mining,7.192573225501004e-08,Mo concentrate,concentrate_economic
QC-MAIN-a97821c0,,Water,Arsenic (and its compounds),Emission,Direct Discharge,kg,0.01546,QC-MAIN-a97821c0,"Cu and Ni and Co and Pt, Underground mining and beneficiation at Raglan",Ni,151450.0,1.0,mining,1.0207989435457246e-07,Ni concentrate,concentrate_economic
QC-MAIN-a97821c0,,Water,Cadmium (and its compounds),Emission,Direct Discharge,kg,0.089,QC-MAIN-a97821c0,"Cu and Ni and Co and Pt, Underground mining and beneficiation at Raglan",Ni,151450.0,1.0,mining,5.876526906569825e-07,Ni concentrate,concentrate_economic
QC-MAIN-a97821c0,,Water,Chromium (and its compounds),Emission,Direct Discharge,tonnes,0.0005,QC-MAIN-a97821c0,"Cu and Ni and Co and Pt, Underground mining and beneficiation at Raglan",Ni,151450.0,1.0,mining,3.301419610432486e-09,Ni concentrate,concentrate_economic
QC-MAIN-a97821c0,,Water,Cobalt (and its compounds),Emission,Direct Discharge,kg,6.82333,QC-MAIN-a97821c0,"Cu and Ni and Co and Pt, Underground mining and beneficiation at Raglan",Ni,151450.0,1.0,mining,4.505335094090459e-05,Ni concentrate,concentrate_economic
QC-MAIN-a97821c0,,Water,Copper (and its compounds),Emission,Direct Discharge,tonnes,0.0074,QC-MAIN-a97821c0,"Cu and Ni and Co and Pt, Underground mining and beneficiation at Raglan",Ni,151450.0,1.0,mining,4.88610102344008e-08,Ni concentrate,concentrate_economic
QC-MAIN-a97821c0,,Water,Lead (and its compounds),Emission,Direct Discharge,kg,0.318529,QC-MAIN-a97821c0,"Cu and Ni and Co and Pt, Underground mining and beneficiation at Raglan",Ni,151450.0,1.0,mining,2.1031957741828987e-06,Ni concentrate,concentrate_economic
QC-MAIN-a97821c0,,Water,Manganese (and its compounds),Emission,Direct Discharge,tonnes,0.0914,QC-MAIN-a97821c0,"Cu and Ni and Co and Pt, Underground mining and beneficiation at Raglan",Ni,151450.0,1.0,mining,6.034995047870584e-07,Ni concentrate,concentrate_economic
QC-MAIN-a97821c0,,Water,Mercury (and its compounds),Emission,Direct Discharge,tonnes,9.76e-07,QC-MAIN-a97821c0,"Cu and Ni and Co and Pt, Underground mining and beneficiation at Raglan",Ni,151450.0,1.0,mining,6.444371079564213e-12,Ni concentrate,concentrate_economic
QC-MAIN-a97821c0,,Water,Nickel (and its compounds),Emission,Direct Discharge,tonnes,0.5614,QC-MAIN-a97821c0,"Cu and Ni and Co and Pt, Underground mining and beneficiation at Raglan",Ni,151450.0,1.0,mining,3.7068339385935955e-06,Ni concentrate,concentrate_economic
QC-MAIN-a97821c0,,Water,Nitrate ion in solution at pH >= 6.0,Emission,Direct Discharge,tonnes,22.4626,QC-MAIN-a97821c0,"Cu and Ni and Co and Pt, Underground mining and beneficiation at Raglan",Ni,151450.0,1.0,mining,0.0001483169362826015,Ni concentrate,concentrate_economic
QC-MAIN-a97821c0,,Water,Phosphorus (total),Emission,Direct Discharge,tonnes,0.1161,QC-MAIN-a97821c0,"Cu and Ni and Co and Pt, Underground mining and beneficiation at Raglan",Ni,151450.0,1.0,mining,7.665896335424233e-07,Ni concentrate,concentrate_economic
QC-MAIN-a97821c0,,Water,Selenium (and its compounds),Emission,Direct Discharge,kg,5.594,QC-MAIN-a97821c0,"Cu and Ni and Co and Pt, Underground mining and beneficiation at Raglan",Ni,151450.0,1.0,mining,3.693628260151866e-05,Ni concentrate,concentrate_economic
QC-MAIN-a97821c0,,Water,Thallium (and its compounds),Emission,Direct Discharge,kg,0.1889,QC-MAIN-a97821c0,"Cu and Ni and Co and Pt, Underground mining and beneficiation at Raglan",Ni,151450.0,1.0,mining,1.2472763288213933e-06,Ni concentrate,concentrate_economic
QC-MAIN-a97821c0,,Water,Zinc (and its compounds),Emission,Direct Discharge,tonnes,0.0098,QC-MAIN-a97821c0,"Cu and Ni and Co and Pt, Underground mining and beneficiation at Raglan",Ni,151450.0,1.0,mining,6.470782436447673e-08,Ni concentrate,concentrate_economic
ON-MAIN-f8313ebd,,Water,Arsenic (and its compounds),Emission,Direct Discharge,kg,2.396,ON-MAIN-f8313ebd,"Ag and Cu and Zn, Underground mining and beneficiation at Kidd Creek",Cu,75333.33333333334,0.7230258878971872,mining,2.299606231064151e-05,Cu concentrate,concentrate_economic
ON-MAIN-f8313ebd,,Water,Arsenic (and its compounds),Emission,Direct Discharge,kg,2.396,ON-MAIN-f8313ebd,"Ag and Cu and Zn, Underground mining and beneficiation at Kidd Creek",Zn,77200.0,0.2769741121028128,mining,8.596243168372274e-06,Zn concentrate,concentrate_economic
ON-MAIN-f8313ebd,,Water,Cadmium (and its compounds),Emission,Direct Discharge,kg,3.041,ON-MAIN-f8313ebd,"Ag and Cu and Zn, Underground mining and beneficiation at Kidd Creek",Cu,75333.33333333334,0.7230258878971872,mining,2.9186571572062115e-05,Cu concentrate,concentrate_economic
ON-MAIN-f8313ebd,,Water,Cadmium (and its compounds),Emission,Direct Discharge,kg,3.041,ON-MAIN-f8313ebd,"Ag and Cu and Zn, Underground mining and beneficiation at Kidd Creek",Zn,77200.0,0.2769741121028128,mining,1.0910340348505876e-05,Zn concentrate,concentrate_economic
ON-MAIN-f8313ebd,,Water,Copper (and its compounds),Emission,Direct Discharge,tonnes,0.043,ON-MAIN-f8313ebd,"Ag and Cu and Zn, Underground mining and beneficiation at Kidd Creek",Cu,75333.33333333334,0.7230258878971872,mining,4.127006174280404e-07,Cu concentrate,concentrate_economic
ON-MAIN-f8313ebd,,Water,Copper (and its compounds),Emission,Direct Discharge,tonnes,0.043,ON-MAIN-f8313ebd,"Ag and Cu and Zn, Underground mining and beneficiation at Kidd Creek",Zn,77200.0,0.2769741121028128,mining,1.5427314534224027e-07,Zn concentrate,concentrate_economic
ON-MAIN-f8313ebd,,Water,Lead (and its compounds),Emission,Direct Discharge,kg,0.623,ON-MAIN-f8313ebd,"Ag and Cu and Zn, Underground mining and beneficiation at Kidd Creek",Cu,75333.33333333334,0.7230258878971872,mining,5.9793601083178885e-06,Cu concentrate,concentrate_economic
ON-MAIN-f8313ebd,,Water,Lead (and its compounds),Emission,Direct Discharge,kg,0.623,ON-MAIN-f8313ebd,"Ag and Cu and Zn, Underground mining and beneficiation at Kidd Creek",Zn,77200.0,0.2769741121028128,mining,2.235166733679435e-06,Zn concentrate,concentrate_economic
ON-MAIN-f8313ebd,,Water,Nitrate ion in solution at pH >= 6.0,Emission,Direct Discharge,tonnes,29.685,ON-MAIN-f8313ebd,"Ag and Cu and Zn, Underground mining and beneficiation at Kidd Creek",Cu,75333.33333333334,0.7230258878971872,mining,0.00028490739135700885,Cu concentrate,concentrate_economic
ON-MAIN-f8313ebd,,Water,Nitrate ion in solution at pH >= 6.0,Emission,Direct Discharge,tonnes,29.685,ON-MAIN-f8313ebd,"Ag and Cu and Zn, Underground mining and beneficiation at Kidd Creek",Zn,77200.0,0.2769741121028128,mining,0.00010650228649963728,Zn concentrate,concentrate_economic
ON-MAIN-f8313ebd,,Water,Selenium (and its compounds),Emission,Direct Discharge,kg,23.623,ON-MAIN-f8313ebd,"Ag and Cu and Zn, Underground mining and beneficiation at Kidd Creek",Cu,75333.33333333334,0.7230258878971872,mining,0.00022672620198843258,Cu concentrate,concentrate_economic
ON-MAIN-f8313ebd,,Water,Selenium (and its compounds),Emission,Direct Discharge,kg,23.623,ON-MAIN-f8313ebd,"Ag and Cu and Zn, Underground mining and beneficiation at Kidd Creek",Zn,77200.0,0.2769741121028128,mining,8.47533607539475e-05,Zn concentrate,concentrate_economic
ON-MAIN-f8313ebd,,Water,Zinc (and its compounds),Emission,Direct Discharge,tonnes,0.66,ON-MAIN-f8313ebd,"Ag and Cu and Zn, Underground mining and beneficiation at Kidd Creek",Cu,75333.33333333334,0.7230258878971872,mining,6.334474593081552e-06,Cu concentrate,concentrate_economic
ON-MAIN-f8313ebd,,Water,Zinc (and its compounds),Emission,Direct Discharge,tonnes,0.66,ON-MAIN-f8313ebd,"Ag and Cu and Zn, Underground mining and beneficiation at Kidd Creek",Zn,77200.0,0.2769741121028128,mining,2.3679133936250836e-06,Zn concentrate,concentrate_economic
ON-MAIN-fefeaee4,,Water,Ammonia (total),Emission,Direct Discharge,tonnes,1.29,ON-MAIN-fefeaee4,"Au, Underground mining and beneficiation at Musselwhite",Au,5.712887755102041,1.0,mining,0.22580524163947252,Au concentrate,concentrate_economic
QC-MAIN-6dc537e6,,Water,Antimony (and its compounds),Emission,Direct Discharge,tonnes,0.803,QC-MAIN-6dc537e6,"Au and Ag, Underground mining and beneficiation at Éléonore",Au,7.738899920918366,1.0,mining,0.1037615175549019,Au concentrate,concentrate_economic
ON-MAIN-fefeaee4,,Water,Arsenic (and its compounds),Emission,Direct Discharge,kg,2.61631,ON-MAIN-fefeaee4,"Au, Underground mining and beneficiation at Musselwhite",Au,5.712887755102041,1.0,mining,0.45796628818121576,Au concentrate,concentrate_economic
QC-MAIN-6dc537e6,,Water,Arsenic (and its compounds),Emission,Direct Discharge,kg,13.59,QC-MAIN-6dc537e6,"Au and Ag, Underground mining and beneficiation at Éléonore",Au,7.738899920918366,1.0,mining,1.7560635411844543,Au concentrate,concentrate_economic
ON-MAIN-fefeaee4,,Water,Cadmium (and its compounds),Emission,Direct Discharge,kg,0.015999,ON-MAIN-fefeaee4,"Au, Underground mining and beneficiation at Musselwhite",Au,5.712887755102041,1.0,mining,0.002800510124798388,Au concentrate,concentrate_economic
QC-MAIN-6dc537e6,,Water,Cadmium (and its compounds),Emission,Direct Discharge,kg,0.032,QC-MAIN-6dc537e6,"Au and Ag, Underground mining and beneficiation at Éléonore",Au,7.738899920918366,1.0,mining,0.004134954622362218,Au concentrate,concentrate_economic
QC-MAIN-6dc537e6,,Water,Chromium (and its compounds),Emission,Direct Discharge,tonnes,0.0025,QC-MAIN-6dc537e6,"Au and Ag, Underground mining and beneficiation at Éléonore",Au,7.738899920918366,1.0,mining,0.00032304332987204826,Au concentrate,concentrate_economic
ON-MAIN-fefeaee4,,Water,Cobalt (and its compounds),Emission,Direct Discharge,kg,0.030874,ON-MAIN-fefeaee4,"Au, Underground mining and beneficiation at Musselwhite",Au,5.712887755102041,1.0,mining,0.005404272116571376,Au concentrate,concentrate_economic
QC-MAIN-6dc537e6,,Water,Cobalt (and its compounds),Emission,Direct Discharge,kg,365.1,QC-MAIN-6dc537e6,"Au and Ag, Underground mining and beneficiation at Éléonore",Au,7.738899920918366,1.0,mining,47.17724789451393,Au concentrate,concentrate_economic
QC-MAIN-6dc537e6,,Water,Copper (and its compounds),Emission,Direct Discharge,tonnes,0.0122,QC-MAIN-6dc537e6,"Au and Ag, Underground mining and beneficiation at Éléonore",Au,7.738899920918366,1.0,mining,0.0015764514497755957,Au concentrate,concentrate_economic
QC-MAIN-6dc537e6,,Water,Cyanides (ionic),Emission,Direct Discharge,tonnes,0.034,QC-MAIN-6dc537e6,"Au and Ag, Underground mining and beneficiation at Éléonore",Au,7.738899920918366,1.0,mining,0.004393389286259856,Au concentrate,concentrate_economic
ON-MAIN-fefeaee4,,Water,Lead (and its compounds),Emission,Direct Discharge,kg,0.133797,ON-MAIN-fefeaee4,"Au, Underground mining and beneficiation at Musselwhite",Au,5.712887755102041,1.0,mining,0.023420204585764732,Au concentrate,concentrate_economic
QC-MAIN-6dc537e6,,Water,Lead (and its compounds),Emission,Direct Discharge,kg,0.239,QC-MAIN-6dc537e6,"Au and Ag, Underground mining and beneficiation at Éléonore",Au,7.738899920918366,1.0,mining,0.030882942335767813,Au concentrate,concentrate_economic
QC-MAIN-6dc537e6,,Water,Manganese (and its compounds),Emission,Direct Discharge,tonnes,0.044,QC-MAIN-6dc537e6,"Au and Ag, Underground mining and beneficiation at Éléonore",Au,7.738899920918366,1.0,mining,0.005685562605748049,Au concentrate,concentrate_economic
ON-MAIN-fefeaee4,,Water,Mercury (and its compounds),Emission,Direct Discharge,tonnes,2.97e-06,ON-MAIN-fefeaee4,"Au, Underground mining and beneficiation at Musselwhite",Au,5.712887755102041,1.0,mining,5.198771842397157e-07,Au concentrate,concentrate_economic
QC-MAIN-6dc537e6,,Water,Mercury (and its compounds),Emission,Direct Discharge,tonnes,3.7e-05,QC-MAIN-6dc537e6,"Au and Ag, Underground mining and beneficiation at Éléonore",Au,7.738899920918366,1.0,mining,4.781041282106314e-06,Au concentrate,concentrate_economic
QC-MAIN-6dc537e6,,Water,Nickel (and its compounds),Emission,Direct Discharge,tonnes,0.0976,QC-MAIN-6dc537e6,"Au and Ag, Underground mining and beneficiation at Éléonore",Au,7.738899920918366,1.0,mining,0.012611611598204765,Au concentrate,concentrate_economic
ON-MAIN-fefeaee4,,Water,Nitrate ion in solution at pH >= 6.0,Emission,Direct Discharge,tonnes,106.087,ON-MAIN-fefeaee4,"Au, Underground mining and beneficiation at Musselwhite",Au,5.712887755102041,1.0,mining,18.56976796109048,Au concentrate,concentrate_economic
QC-MAIN-6dc537e6,,Water,Nitrate ion in solution at pH >= 6.0,Emission,Direct Discharge,tonnes,136.96,QC-MAIN-6dc537e6,"Au and Ag, Underground mining and beneficiation at Éléonore",Au,7.738899920918366,1.0,mining,17.697605783710294,Au concentrate,concentrate_economic
ON-MAIN-fefeaee4,,Water,Selenium (and its compounds),Emission,Direct Discharge,kg,1.640923,ON-MAIN-fefeaee4,"Au, Underground mining and beneficiation at Musselwhite",Au,5.712887755102041,1.0,mining,0.287231794206797,Au concentrate,concentrate_economic
QC-MAIN-6dc537e6,,Water,Selenium (and its compounds),Emission,Direct Discharge,kg,1.152,QC-MAIN-6dc537e6,"Au and Ag, Underground mining and beneficiation at Éléonore",Au,7.738899920918366,1.0,mining,0.14885836640503983,Au concentrate,concentrate_economic
ON-MAIN-fefeaee4,,Water,Thallium (and its compounds),Emission,Direct Discharge,kg,0.01542,ON-MAIN-fefeaee4,"Au, Underground mining and beneficiation at Musselwhite",Au,5.712887755102041,1.0,mining,0.0026991603302950903,Au concentrate,concentrate_economic
QC-MAIN-6dc537e6,,Water,Thallium (and its compounds),Emission,Direct Discharge,kg,0.362,QC-MAIN-6dc537e6,"Au and Ag, Underground mining and beneficiation at Éléonore",Au,7.738899920918366,1.0,mining,0.046776674165472584,Au concentrate,concentrate_economic
QC-MAIN-6dc537e6,,Water,Vanadium (and its compounds),Emission,Direct Discharge,tonnes,0.0024,QC-MAIN-6dc537e6,"Au and Ag, Underground mining and beneficiation at Éléonore",Au,7.738899920918366,1.0,mining,0.0003101215966771663,Au concentrate,concentrate_economic
QC-MAIN-6dc537e6,,Water,Zinc (and its compounds),Emission,Direct Discharge,tonnes,0.0063,QC-MAIN-6dc537e6,"Au and Ag, Underground mining and beneficiation at Éléonore",Au,7.738899920918366,1.0,mining,0.0008140691912775617,Au concentrate,concentrate_economic
QC-MAIN-b86f7d07,,Water,Ammonia (total),Emission,Direct Discharge,tonnes,43.13,QC-MAIN-b86f7d07,"Au and Ag, Open-pit and underground mining and beneficiation at Casa Berardi",Au,3.5165997959183577,1.0,mining,12.264688193993548,Au concentrate,concentrate_economic
QC-MAIN-b86f7d07,,Water,Arsenic (and its compounds),Emission,Direct Discharge,kg,64.07,QC-MAIN-b86f7d07,"Au and Ag, Open-pit and underground mining and beneficiation at Casa Berardi",Au,3.5165997959183577,1.0,mining,18.219303792932216,Au concentrate,concentrate_economic
QC-MAIN-b86f7d07,,Water,Cadmium (and its compounds),Emission,Direct Discharge,kg,0.31,QC-MAIN-b86f7d07,"Au and Ag, Open-pit and underground mining and beneficiation at Casa Berardi",Au,3.5165997959183577,1.0,mining,0.08815333503681891,Au concentrate,concentrate_economic
QC-MAIN-b86f7d07,,Water,Chromium (and its compounds),Emission,Direct Discharge,tonnes,0.001,QC-MAIN-b86f7d07,"Au and Ag, Open-pit and underground mining and beneficiation at Casa Berardi",Au,3.5165997959183577,1.0,mining,0.0002843655968929642,Au concentrate,concentrate_economic
QC-MAIN-b86f7d07,,Water,Cobalt (and its compounds),Emission,Direct Discharge,kg,97.47,QC-MAIN-b86f7d07,"Au and Ag, Open-pit and underground mining and beneficiation at Casa Berardi",Au,3.5165997959183577,1.0,mining,27.717114729157224,Au concentrate,concentrate_economic
QC-MAIN-b86f7d07,,Water,Copper (and its compounds),Emission,Direct Discharge,tonnes,0.27,QC-MAIN-b86f7d07,"Au and Ag, Open-pit and underground mining and beneficiation at Casa Berardi",Au,3.5165997959183577,1.0,mining,0.07677871116110035,Au concentrate,concentrate_economic
QC-MAIN-b86f7d07,,Water,Lead (and its compounds),Emission,Direct Discharge,kg,0.855,QC-MAIN-b86f7d07,"Au and Ag, Open-pit and underground mining and beneficiation at Casa Berardi",Au,3.5165997959183577,1.0,mining,0.24313258534348442,Au concentrate,concentrate_economic
QC-MAIN-b86f7d07,,Water,Manganese (and its compounds),Emission,Direct Discharge,tonnes,1.12,QC-MAIN-b86f7d07,"Au and Ag, Open-pit and underground mining and beneficiation at Casa Berardi",Au,3.5165997959183577,1.0,mining,0.31848946852012,Au concentrate,concentrate_economic
QC-MAIN-b86f7d07,,Water,Mercury (and its compounds),Emission,Direct Discharge,tonnes,3e-05,QC-MAIN-b86f7d07,"Au and Ag, Open-pit and underground mining and beneficiation at Casa Berardi",Au,3.5165997959183577,1.0,mining,8.530967906788928e-06,Au concentrate,concentrate_economic
QC-MAIN-b86f7d07,,Water,Nickel (and its compounds),Emission,Direct Discharge,tonnes,0.24,QC-MAIN-b86f7d07,"Au and Ag, Open-pit and underground mining and beneficiation at Casa Berardi",Au,3.5165997959183577,1.0,mining,0.06824774325431142,Au concentrate,concentrate_economic
QC-MAIN-b86f7d07,,Water,Nitrate ion in solution at pH >= 6.0,Emission,Direct Discharge,tonnes,33.5,QC-MAIN-b86f7d07,"Au and Ag, Open-pit and underground mining and beneficiation at Casa Berardi",Au,3.5165997959183577,1.0,mining,9.526247495914301,Au concentrate,concentrate_economic
QC-MAIN-b86f7d07,,Water,Selenium (and its compounds),Emission,Direct Discharge,kg,10.25,QC-MAIN-b86f7d07,"Au and Ag, Open-pit and underground mining and beneficiation at Casa Berardi",Au,3.5165997959183577,1.0,mining,2.9147473681528835,Au concentrate,concentrate_economic
QC-MAIN-b86f7d07,,Water,Zinc (and its compounds),Emission,Direct Discharge,tonnes,0.02,QC-MAIN-b86f7d07,"Au and Ag, Open-pit and underground mining and beneficiation at Casa Berardi",Au,3.5165997959183577,1.0,mining,0.005687311937859285,Au concentrate,concentrate_economic
BC-MAIN-3f490561,,Water,Antimony (and its compounds),Emission,Direct Discharge,tonnes,0.0056,BC-MAIN-3f490561,"Au and Cu, Open-pit mining and beneficiation at Mount Polley",Cu,45578.436133333336,1.0,mining,1.2286511945293567e-07,Cu concentrate,concentrate_economic
BC-MAIN-3f490561,,Water,Arsenic (and its compounds),Emission,Direct Discharge,kg,7.9454,BC-MAIN-3f490561,"Au and Cu, Open-pit mining and beneficiation at Mount Polley",Cu,45578.436133333336,1.0,mining,0.00017432366430381342,Cu concentrate,concentrate_economic
BC-MAIN-3f490561,,Water,Cadmium (and its compounds),Emission,Direct Discharge,kg,0.27948,BC-MAIN-3f490561,"Au and Cu, Open-pit mining and beneficiation at Mount Polley",Cu,45578.436133333336,1.0,mining,6.131847068697583e-06,Cu concentrate,concentrate_economic
BC-MAIN-3f490561,,Water,Cobalt (and its compounds),Emission,Direct Discharge,kg,1.4555,BC-MAIN-3f490561,"Au and Cu, Open-pit mining and beneficiation at Mount Polley",Cu,45578.436133333336,1.0,mining,3.1933960957812124e-05,Cu concentrate,concentrate_economic
BC-MAIN-3f490561,,Water,Copper (and its compounds),Emission,Direct Discharge,tonnes,0.064,BC-MAIN-3f490561,"Au and Cu, Open-pit mining and beneficiation at Mount Polley",Cu,45578.436133333336,1.0,mining,1.4041727937478364e-06,Cu concentrate,concentrate_economic
BC-MAIN-3f490561,,Water,Lead (and its compounds),Emission,Direct Discharge,kg,0.447,BC-MAIN-3f490561,"Au and Cu, Open-pit mining and beneficiation at Mount Polley",Cu,45578.436133333336,1.0,mining,9.807269356332545e-06,Cu concentrate,concentrate_economic
BC-MAIN-3f490561,,Water,Manganese (and its compounds),Emission,Direct Discharge,tonnes,0.601,BC-MAIN-3f490561,"Au and Cu, Open-pit mining and beneficiation at Mount Polley",Cu,45578.436133333336,1.0,mining,1.3186060141288275e-05,Cu concentrate,concentrate_economic
BC-MAIN-3f490561,,Water,Nickel (and its compounds),Emission,Direct Discharge,tonnes,0.0049,BC-MAIN-3f490561,"Au and Cu, Open-pit mining and beneficiation at Mount Polley",Cu,45578.436133333336,1.0,mining,1.0750697952131871e-07,Cu concentrate,concentrate_economic
BC-MAIN-3f490561,,Water,Nitrate ion in solution at pH >= 6.0,Emission,Direct Discharge,tonnes,25.407,BC-MAIN-3f490561,"Au and Cu, Open-pit mining and beneficiation at Mount Polley",Cu,45578.436133333336,1.0,mining,0.0005574346589179887,Cu concentrate,concentrate_economic
BC-MAIN-3f490561,,Water,Phosphorus (total),Emission,Direct Discharge,tonnes,0.067,BC-MAIN-3f490561,"Au and Cu, Open-pit mining and beneficiation at Mount Polley",Cu,45578.436133333336,1.0,mining,1.4699933934547662e-06,Cu concentrate,concentrate_economic
BC-MAIN-3f490561,,Water,Selenium (and its compounds),Emission,Direct Discharge,kg,268.969,BC-MAIN-3f490561,"Au and Cu, Open-pit mining and beneficiation at Mount Polley",Cu,45578.436133333336,1.0,mining,0.005901233627524403,Cu concentrate,concentrate_economic
BC-MAIN-3f490561,,Water,Vanadium (and its compounds),Emission,Direct Discharge,tonnes,0.0093,BC-MAIN-3f490561,"Au and Cu, Open-pit mining and beneficiation at Mount Polley",Cu,45578.436133333336,1.0,mining,2.0404385909148243e-07,Cu concentrate,concentrate_economic
BC-MAIN-3f490561,,Water,Zinc (and its compounds),Emission,Direct Discharge,tonnes,0.0434,BC-MAIN-3f490561,"Au and Cu, Open-pit mining and beneficiation at Mount Polley",Cu,45578.436133333336,1.0,mining,9.522046757602515e-07,Cu concentrate,concentrate_economic
ON-MAIN-aeafbb59,,Water,Arsenic (and its compounds),Emission,Direct Discharge,kg,2.300132,ON-MAIN-aeafbb59,"Au and Ag, Open-pit mining and beneficiation at Detour Lake",Au,24.0082838377551,1.0,mining,0.09580576502443892,Au concentrate,concentrate_economic
ON-MAIN-aeafbb59,,Water,Copper (and its compounds),Emission,Direct Discharge,tonnes,0.0085,ON-MAIN-aeafbb59,"Au and Ag, Open-pit mining and beneficiation at Detour Lake",Au,24.0082838377551,1.0,mining,0.000354044464712343,Au concentrate,concentrate_economic
ON-MAIN-aeafbb59,,Water,Lead (and its compounds),Emission,Direct Discharge,kg,0.52703,ON-MAIN-aeafbb59,"Au and Ag, Open-pit mining and beneficiation at Detour Lake",Au,24.0082838377551,1.0,mining,0.02195200638086425,Au concentrate,concentrate_economic
ON-MAIN-aeafbb59,,Water,Nickel (and its compounds),Emission,Direct Discharge,tonnes,0.039067,ON-MAIN-aeafbb59,"Au and Ag, Open-pit mining and beneficiation at Detour Lake",Au,24.0082838377551,1.0,mining,0.0016272300121078942,Au concentrate,concentrate_economic
ON-MAIN-aeafbb59,,Water,Zinc (and its compounds),Emission,Direct Discharge,tonnes,0.0263,ON-MAIN-aeafbb59,"Au and Ag, Open-pit mining and beneficiation at Detour Lake",Au,24.0082838377551,1.0,mining,0.0010954552261099554,Au concentrate,concentrate_economic
QC-MAIN-e51eda66,,Water,Ammonia (total),Emission,Direct Discharge,tonnes,23.3435,QC-MAIN-e51eda66,"Au and Ag and Cu and Zn, Underground mining and beneficiation at LaRonde",Cu,8593.20125,0.09772240804218515,mining,0.00026546370389413944,Cu concentrate,concentrate_economic
QC-MAIN-e51eda66,,Water,Ammonia (total),Emission,Direct Discharge,tonnes,23.3435,QC-MAIN-e51eda66,"Au and Ag and Cu and Zn, Underground mining and beneficiation at LaRonde",Zn,15404.877034,0.06548662801881933,mining,9.923396972162478e-05,Zn concentrate,concentrate_economic
QC-MAIN-e51eda66,,Water,Ammonia (total),Emission,Direct Discharge,tonnes,23.3435,QC-MAIN-e51eda66,"Au and Ag and Cu and Zn, Underground mining and beneficiation at LaRonde",Au,9.802902790306113,0.8367909639389955,mining,1.9926373120853897,Au concentrate,concentrate_economic
QC-MAIN-e51eda66,,Water,Arsenic (and its compounds),Emission,Direct Discharge,kg,3.5633,QC-MAIN-e51eda66,"Au and Ag and Cu and Zn, Underground mining and beneficiation at LaRonde",Cu,8593.20125,0.09772240804218515,mining,4.052206464694614e-05,Cu concentrate,concentrate_economic
QC-MAIN-e51eda66,,Water,Arsenic (and its compounds),Emission,Direct Discharge,kg,3.5633,QC-MAIN-e51eda66,"Au and Ag and Cu and Zn, Underground mining and beneficiation at LaRonde",Zn,15404.877034,0.06548662801881933,mining,1.5147702971236773e-05,Zn concentrate,concentrate_economic
QC-MAIN-e51eda66,,Water,Arsenic (and its compounds),Emission,Direct Discharge,kg,3.5633,QC-MAIN-e51eda66,"Au and Ag and Cu and Zn, Underground mining and beneficiation at LaRonde",Au,9.802902790306113,0.8367909639389955,mining,0.3041688064837693,Au concentrate,concentrate_economic
QC-MAIN-e51eda66,,Water,Cadmium (and its compounds),Emission,Direct Discharge,kg,6.132,QC-MAIN-e51eda66,"Au and Ag and Cu and Zn, Underground mining and beneficiation at LaRonde",Cu,8593.20125,0.09772240804218515,mining,6.973347751103576e-05,Cu concentrate,concentrate_economic
QC-MAIN-e51eda66,,Water,Cadmium (and its compounds),Emission,Direct Discharge,kg,6.132,QC-MAIN-e51eda66,"Au and Ag and Cu and Zn, Underground mining and beneficiation at LaRonde",Zn,15404.877034,0.06548662801881933,mining,2.6067329335061287e-05,Zn concentrate,concentrate_economic
QC-MAIN-e51eda66,,Water,Cadmium (and its compounds),Emission,Direct Discharge,kg,6.132,QC-MAIN-e51eda66,"Au and Ag and Cu and Zn, Underground mining and beneficiation at LaRonde",Au,9.802902790306113,0.8367909639389955,mining,0.523437016630223,Au concentrate,concentrate_economic
QC-MAIN-e51eda66,,Water,Chromium (and its compounds),Emission,Direct Discharge,tonnes,0.0043,QC-MAIN-e51eda66,"Au and Ag and Cu and Zn, Underground mining and beneficiation at LaRonde",Cu,8593.20125,0.09772240804218515,mining,4.8899861920654556e-08,Cu concentrate,concentrate_economic
QC-MAIN-e51eda66,,Water,Chromium (and its compounds),Emission,Direct Discharge,tonnes,0.0043,QC-MAIN-e51eda66,"Au and Ag and Cu and Zn, Underground mining and beneficiation at LaRonde",Zn,15404.877034,0.06548662801881933,mining,1.827943837911995e-08,Zn concentrate,concentrate_economic
QC-MAIN-e51eda66,,Water,Chromium (and its compounds),Emission,Direct Discharge,tonnes,0.0043,QC-MAIN-e51eda66,"Au and Ag and Cu and Zn, Underground mining and beneficiation at LaRonde",Au,9.802902790306113,0.8367909639389955,mining,0.00036705465941127836,Au concentrate,concentrate_economic
QC-MAIN-e51eda66,,Water,Cobalt (and its compounds),Emission,Direct Discharge,kg,63.1622,QC-MAIN-e51eda66,"Au and Ag and Cu and Zn, Underground mining and beneficiation at LaRonde",Cu,8593.20125,0.09772240804218515,mining,0.000718284385722039,Cu concentrate,concentrate_economic
QC-MAIN-e51eda66,,Water,Cobalt (and its compounds),Emission,Direct Discharge,kg,63.1622,QC-MAIN-e51eda66,"Au and Ag and Cu and Zn, Underground mining and beneficiation at LaRonde",Zn,15404.877034,0.06548662801881933,mining,0.00026850454483480236,Zn concentrate,concentrate_economic
QC-MAIN-e51eda66,,Water,Cobalt (and its compounds),Emission,Direct Discharge,kg,63.1622,QC-MAIN-e51eda66,"Au and Ag and Cu and Zn, Underground mining and beneficiation at LaRonde",Au,9.802902790306113,0.8367909639389955,mining,5.391623211317918,Au concentrate,concentrate_economic
QC-MAIN-e51eda66,,Water,Copper (and its compounds),Emission,Direct Discharge,tonnes,0.0811,QC-MAIN-e51eda66,"Au and Ag and Cu and Zn, Underground mining and beneficiation at LaRonde",Cu,8593.20125,0.09772240804218515,mining,9.222741399453685e-07,Cu concentrate,concentrate_economic
QC-MAIN-e51eda66,,Water,Copper (and its compounds),Emission,Direct Discharge,tonnes,0.0811,QC-MAIN-e51eda66,"Au and Ag and Cu and Zn, Underground mining and beneficiation at LaRonde",Zn,15404.877034,0.06548662801881933,mining,3.447587098945647e-07,Zn concentrate,concentrate_economic
QC-MAIN-e51eda66,,Water,Copper (and its compounds),Emission,Direct Discharge,tonnes,0.0811,QC-MAIN-e51eda66,"Au and Ag and Cu and Zn, Underground mining and beneficiation at LaRonde",Au,9.802902790306113,0.8367909639389955,mining,0.0069228215995941105,Au concentrate,concentrate_economic
QC-MAIN-e51eda66,,Water,Cyanides (ionic),Emission,Direct Discharge,tonnes,0.037,QC-MAIN-e51eda66,"Au and Ag and Cu and Zn, Underground mining and beneficiation at LaRonde",Cu,8593.20125,0.09772240804218515,mining,4.207662537358648e-07,Cu concentrate,concentrate_economic
QC-MAIN-e51eda66,,Water,Cyanides (ionic),Emission,Direct Discharge,tonnes,0.037,QC-MAIN-e51eda66,"Au and Ag and Cu and Zn, Underground mining and beneficiation at LaRonde",Zn,15404.877034,0.06548662801881933,mining,1.572881907040554e-07,Zn concentrate,concentrate_economic
QC-MAIN-e51eda66,,Water,Cyanides (ionic),Emission,Direct Discharge,tonnes,0.037,QC-MAIN-e51eda66,"Au and Ag and Cu and Zn, Underground mining and beneficiation at LaRonde",Au,9.802902790306113,0.8367909639389955,mining,0.0031583773019109996,Au concentrate,concentrate_economic
QC-MAIN-e51eda66,,Water,Lead (and its compounds),Emission,Direct Discharge,kg,0.3744,QC-MAIN-e51eda66,"Au and Ag and Cu and Zn, Underground mining and beneficiation at LaRonde",Cu,8593.20125,0.09772240804218515,mining,4.257699605370481e-06,Cu concentrate,concentrate_economic
QC-MAIN-e51eda66,,Water,Lead (and its compounds),Emission,Direct Discharge,kg,0.3744,QC-MAIN-e51eda66,"Au and Ag and Cu and Zn, Underground mining and beneficiation at LaRonde",Zn,15404.877034,0.06548662801881933,mining,1.591586448637793e-06,Zn concentrate,concentrate_economic
QC-MAIN-e51eda66,,Water,Lead (and its compounds),Emission,Direct Discharge,kg,0.3744,QC-MAIN-e51eda66,"Au and Ag and Cu and Zn, Underground mining and beneficiation at LaRonde",Au,9.802902790306113,0.8367909639389955,mining,0.03195936383339131,Au concentrate,concentrate_economic
QC-MAIN-e51eda66,,Water,Manganese (and its compounds),Emission,Direct Discharge,tonnes,5.7431,QC-MAIN-e51eda66,"Au and Ag and Cu and Zn, Underground mining and beneficiation at LaRonde",Cu,8593.20125,0.09772240804218515,mining,6.531088302244447e-05,Cu concentrate,concentrate_economic
QC-MAIN-e51eda66,,Water,Manganese (and its compounds),Emission,Direct Discharge,tonnes,5.7431,QC-MAIN-e51eda66,"Au and Ag and Cu and Zn, Underground mining and beneficiation at LaRonde",Zn,15404.877034,0.06548662801881933,mining,2.441410291979623e-05,Zn concentrate,concentrate_economic
QC-MAIN-e51eda66,,Water,Manganese (and its compounds),Emission,Direct Discharge,tonnes,5.7431,QC-MAIN-e51eda66,"Au and Ag and Cu and Zn, Underground mining and beneficiation at LaRonde",Au,9.802902790306113,0.8367909639389955,mining,0.49023991034067743,Au concentrate,concentrate_economic
QC-MAIN-e51eda66,,Water,Mercury (and its compounds),Emission,Direct Discharge,tonnes,2.05e-05,QC-MAIN-e51eda66,"Au and Ag and Cu and Zn, Underground mining and beneficiation at LaRonde",Cu,8593.20125,0.09772240804218515,mining,2.3312724869149266e-10,Cu concentrate,concentrate_economic
QC-MAIN-e51eda66,,Water,Mercury (and its compounds),Emission,Direct Discharge,tonnes,2.05e-05,QC-MAIN-e51eda66,"Au and Ag and Cu and Zn, Underground mining and beneficiation at LaRonde",Zn,15404.877034,0.06548662801881933,mining,8.714615971440908e-11,Zn concentrate,concentrate_economic
QC-MAIN-e51eda66,,Water,Mercury (and its compounds),Emission,Direct Discharge,tonnes,2.05e-05,QC-MAIN-e51eda66,"Au and Ag and Cu and Zn, Underground mining and beneficiation at LaRonde",Au,9.802902790306113,0.8367909639389955,mining,1.7499117483560946e-06,Au concentrate,concentrate_economic
QC-MAIN-e51eda66,,Water,Nickel (and its compounds),Emission,Direct Discharge,tonnes,0.0313,QC-MAIN-e51eda66,"Au and Ag and Cu and Zn, Underground mining and beneficiation at LaRonde",Cu,8593.20125,0.09772240804218515,mining,3.5594550653871805e-07,Cu concentrate,concentrate_economic
QC-MAIN-e51eda66,,Water,Nickel (and its compounds),Emission,Direct Discharge,tonnes,0.0313,QC-MAIN-e51eda66,"Au and Ag and Cu and Zn, Underground mining and beneficiation at LaRonde",Zn,15404.877034,0.06548662801881933,mining,1.3305730727126847e-07,Zn concentrate,concentrate_economic
QC-MAIN-e51eda66,,Water,Nickel (and its compounds),Emission,Direct Discharge,tonnes,0.0313,QC-MAIN-e51eda66,"Au and Ag and Cu and Zn, Underground mining and beneficiation at LaRonde",Au,9.802902790306113,0.8367909639389955,mining,0.0026718164743193052,Au concentrate,concentrate_economic
QC-MAIN-e51eda66,,Water,Nitrate ion in solution at pH >= 6.0,Emission,Direct Discharge,tonnes,305.6764,QC-MAIN-e51eda66,"Au and Ag and Cu and Zn, Underground mining and beneficiation at LaRonde",Cu,8593.20125,0.09772240804218515,mining,0.003476170640093668,Cu concentrate,concentrate_economic
QC-MAIN-e51eda66,,Water,Nitrate ion in solution at pH >= 6.0,Emission,Direct Discharge,tonnes,305.6764,QC-MAIN-e51eda66,"Au and Ag and Cu and Zn, Underground mining and beneficiation at LaRonde",Zn,15404.877034,0.06548662801881933,mining,0.0012994402134305168,Zn concentrate,concentrate_economic
QC-MAIN-e51eda66,,Water,Nitrate ion in solution at pH >= 6.0,Emission,Direct Discharge,tonnes,305.6764,QC-MAIN-e51eda66,"Au and Ag and Cu and Zn, Underground mining and beneficiation at LaRonde",Au,9.802902790306113,0.8367909639389955,mining,26.093010905131557,Au concentrate,concentrate_economic
QC-MAIN-e51eda66,,Water,Selenium (and its compounds),Emission,Direct Discharge,kg,282.9503,QC-MAIN-e51eda66,"Au and Ag and Cu and Zn, Underground mining and beneficiation at LaRonde",Cu,8593.20125,0.09772240804218515,mining,0.0032177280466064617,Cu concentrate,concentrate_economic
QC-MAIN-e51eda66,,Water,Selenium (and its compounds),Emission,Direct Discharge,kg,282.9503,QC-MAIN-e51eda66,"Au and Ag and Cu and Zn, Underground mining and beneficiation at LaRonde",Zn,15404.877034,0.06548662801881933,mining,0.0012028308309775591,Zn concentrate,concentrate_economic
QC-MAIN-e51eda66,,Water,Selenium (and its compounds),Emission,Direct Discharge,kg,282.9503,QC-MAIN-e51eda66,"Au and Ag and Cu and Zn, Underground mining and beneficiation at LaRonde",Au,9.802902790306113,0.8367909639389955,mining,24.153075813213732,Au concentrate,concentrate_economic
QC-MAIN-e51eda66,,Water,Zinc (and its compounds),Emission,Direct Discharge,tonnes,0.258,QC-MAIN-e51eda66,"Au and Ag and Cu and Zn, Underground mining and beneficiation at LaRonde",Cu,8593.20125,0.09772240804218515,mining,2.9339917152392736e-06,Cu concentrate,concentrate_economic
QC-MAIN-e51eda66,,Water,Zinc (and its compounds),Emission,Direct Discharge,tonnes,0.258,QC-MAIN-e51eda66,"Au and Ag and Cu and Zn, Underground mining and beneficiation at LaRonde",Zn,15404.877034,0.06548662801881933,mining,1.0967663027471972e-06,Zn concentrate,concentrate_economic
QC-MAIN-e51eda66,,Water,Zinc (and its compounds),Emission,Direct Discharge,tonnes,0.258,QC-MAIN-e51eda66,"Au and Ag and Cu and Zn, Underground mining and beneficiation at LaRonde",Au,9.802902790306113,0.8367909639389955,mining,0.0220232795646767,Au concentrate,concentrate_economic
QC-MAIN-a555d9b9,,Water,Ammonia (total),Emission,Direct Discharge,tonnes,8.724,QC-MAIN-a555d9b9,"Nb, Underground mining and beneficiation at Niobec",Nb,113.25775862068966,,mining,,Nb concentrate,concentrate_economic
QC-MAIN-a555d9b9,,Water,Arsenic (and its compounds),Emission,Direct Discharge,kg,13.109,QC-MAIN-a555d9b9,"Nb, Underground mining and beneficiation at Niobec",Nb,113.25775862068966,,mining,,Nb concentrate,concentrate_economic
QC-MAIN-a555d9b9,,Water,Cadmium (and its compounds),Emission,Direct Discharge,kg,3.933,QC-MAIN-a555d9b9,"Nb, Underground mining and beneficiation at Niobec",Nb,113.25775862068966,,mining,,Nb concentrate,concentrate_economic
QC-MAIN-a555d9b9,,Water,Chromium (and its compounds),Emission,Direct Discharge,tonnes,0.033,QC-MAIN-a555d9b9,"Nb, Underground mining and beneficiation at Niobec",Nb,113.25775862068966,,mining,,Nb concentrate,concentrate_economic
QC-MAIN-a555d9b9,,Water,Cobalt (and its compounds),Emission,Direct Discharge,kg,32.773,QC-MAIN-a555d9b9,"Nb, Underground mining and beneficiation at Niobec",Nb,113.25775862068966,,mining,,Nb concentrate,concentrate_economic
QC-MAIN-a555d9b9,,Water,Copper (and its compounds),Emission,Direct Discharge,tonnes,0.002,QC-MAIN-a555d9b9,"Nb, Underground mining and beneficiation at Niobec",Nb,113.25775862068966,,mining,,Nb concentrate,concentrate_economic
QC-MAIN-a555d9b9,,Water,Fluorine,Emission,Direct Discharge,tonnes,87.963,QC-MAIN-a555d9b9,"Nb, Underground mining and beneficiation at Niobec",Nb,113.25775862068966,,mining,,Nb concentrate,concentrate_economic
QC-MAIN-a555d9b9,,Water,Lead (and its compounds),Emission,Direct Discharge,kg,1.966,QC-MAIN-a555d9b9,"Nb, Underground mining and beneficiation at Niobec",Nb,113.25775862068966,,mining,,Nb concentrate,concentrate_economic
QC-MAIN-a555d9b9,,Water,Manganese (and its compounds),Emission,Direct Discharge,tonnes,12.087,QC-MAIN-a555d9b9,"Nb, Underground mining and beneficiation at Niobec",Nb,113.25775862068966,,mining,,Nb concentrate,concentrate_economic
QC-MAIN-a555d9b9,,Water,Nitrate ion in solution at pH >= 6.0,Emission,Direct Discharge,tonnes,6.968,QC-MAIN-a555d9b9,"Nb, Underground mining and beneficiation at Niobec",Nb,113.25775862068966,,mining,,Nb concentrate,concentrate_economic
QC-MAIN-a555d9b9,,Water,Phosphorus (total),Emission,Direct Discharge,tonnes,2.091,QC-MAIN-a555d9b9,"Nb, Underground mining and beneficiation at Niobec",Nb,113.25775862068966,,mining,,Nb concentrate,concentrate_economic
QC-MAIN-a555d9b9,,Water,Selenium (and its compounds),Emission,Direct Discharge,kg,13.109,QC-MAIN-a555d9b9,"Nb, Underground mining and beneficiation at Niobec",Nb,113.25775862068966,,mining,,Nb concentrate,concentrate_economic
QC-MAIN-a555d9b9,,Water,Zinc (and its compounds),Emission,Direct Discharge,tonnes,0.111,QC-MAIN-a555d9b9,"Nb, Underground mining and beneficiation at Niobec",Nb,113.25775862068966,,mining,,Nb concentrate,concentrate_economic
ON-MAIN-4e0734b5,,Water,Arsenic (and its compounds),Emission,Direct Discharge,kg,56.865302,ON-MAIN-4e0734b5,"Au and Ag, Open-pit and underground mining and beneficiation at Fox Complex",Au,1.453612551020408,1.0,mining,39.11998555604219,Au concentrate,concentrate_economic
ON-MAIN-4e0734b5,,Water,Cadmium (and its compounds),Emission,Direct Discharge,kg,0.026649,ON-MAIN-4e0734b5,"Au and Ag, Open-pit and underground mining and beneficiation at Fox Complex",Au,1.453612551020408,1.0,mining,0.018332945722911456,Au concentrate,concentrate_economic
ON-MAIN-4e0734b5,,Water,Chromium (and its compounds),Emission,Direct Discharge,tonnes,0.001739,ON-MAIN-4e0734b5,"Au and Ag, Open-pit and underground mining and beneficiation at Fox Complex",Au,1.453612551020408,1.0,mining,0.0011963297914421938,Au concentrate,concentrate_economic
ON-MAIN-4e0734b5,,Water,Cobalt (and its compounds),Emission,Direct Discharge,kg,1.881207,ON-MAIN-4e0734b5,"Au and Ag, Open-pit and underground mining and beneficiation at Fox Complex",Au,1.453612551020408,1.0,mining,1.2941598493212163,Au concentrate,concentrate_economic
ON-MAIN-4e0734b5,,Water,Copper (and its compounds),Emission,Direct Discharge,tonnes,0.002191,ON-MAIN-4e0734b5,"Au and Ag, Open-pit and underground mining and beneficiation at Fox Complex",Au,1.453612551020408,1.0,mining,0.00150727922544557,Au concentrate,concentrate_economic
ON-MAIN-4e0734b5,,Water,Lead (and its compounds),Emission,Direct Discharge,kg,0.117434,ON-MAIN-4e0734b5,"Au and Ag, Open-pit and underground mining and beneficiation at Fox Complex",Au,1.453612551020408,1.0,mining,0.08078768989547014,Au concentrate,concentrate_economic
ON-MAIN-4e0734b5,,Water,Nickel (and its compounds),Emission,Direct Discharge,tonnes,0.017954,ON-MAIN-4e0734b5,"Au and Ag, Open-pit and underground mining and beneficiation at Fox Complex",Au,1.453612551020408,1.0,mining,0.012351296765700487,Au concentrate,concentrate_economic
ON-MAIN-4e0734b5,,Water,Nitrate ion in solution at pH >= 6.0,Emission,Direct Discharge,tonnes,11.398956,ON-MAIN-4e0734b5,"Au and Ag, Open-pit and underground mining and beneficiation at Fox Complex",Au,1.453612551020408,1.0,mining,7.841811762011928,Au concentrate,concentrate_economic
ON-MAIN-4e0734b5,,Water,Vanadium (and its compounds),Emission,Direct Discharge,tonnes,0.001874,ON-MAIN-4e0734b5,"Au and Ag, Open-pit and underground mining and beneficiation at Fox Complex",Au,1.453612551020408,1.0,mining,0.0012892018569078038,Au concentrate,concentrate_economic
ON-MAIN-4e0734b5,,Water,Zinc (and its compounds),Emission,Direct Discharge,tonnes,0.018677,ON-MAIN-4e0734b5,"Au and Ag, Open-pit and underground mining and beneficiation at Fox Complex",Au,1.453612551020408,1.0,mining,0.012848678271860753,Au concentrate,concentrate_economic
ON-MAIN-8825d90d,,Water,Arsenic (and its compounds),Emission,Direct Discharge,kg,2.454149,ON-MAIN-8825d90d,"Au, Open-pit mining and beneficiation at Magino",Au,1.0473627551020408,1.0,mining,2.3431700125339106,Au concentrate,concentrate_economic
ON-MAIN-8825d90d,,Water,Chromium (and its compounds),Emission,Direct Discharge,tonnes,0.000546,ON-MAIN-8825d90d,"Au, Open-pit mining and beneficiation at Magino",Au,1.0473627551020408,1.0,mining,0.0005213093527913404,Au concentrate,concentrate_economic
ON-MAIN-8825d90d,,Water,Cobalt (and its compounds),Emission,Direct Discharge,kg,1.550734,ON-MAIN-8825d90d,"Au, Open-pit mining and beneficiation at Magino",Au,1.0473627551020408,1.0,mining,1.4806083111566417,Au concentrate,concentrate_economic
ON-MAIN-8825d90d,,Water,Copper (and its compounds),Emission,Direct Discharge,tonnes,0.006804,ON-MAIN-8825d90d,"Au, Open-pit mining and beneficiation at Magino",Au,1.0473627551020408,1.0,mining,0.00649631655016901,Au concentrate,concentrate_economic
ON-MAIN-8825d90d,,Water,Cyanides (ionic),Emission,Direct Discharge,tonnes,0.008132,ON-MAIN-8825d90d,"Au, Open-pit mining and beneficiation at Magino",Au,1.0473627551020408,1.0,mining,0.007764263107873956,Au concentrate,concentrate_economic
ON-MAIN-8825d90d,,Water,Lead (and its compounds),Emission,Direct Discharge,kg,0.059006,ON-MAIN-8825d90d,"Au, Open-pit mining and beneficiation at Magino",Au,1.0473627551020408,1.0,mining,0.05633769170477258,Au concentrate,concentrate_economic
ON-MAIN-8825d90d,,Water,Manganese (and its compounds),Emission,Direct Discharge,tonnes,0.460652,ON-MAIN-8825d90d,"Au, Open-pit mining and beneficiation at Magino",Au,1.0473627551020408,1.0,mining,0.43982087176197165,Au concentrate,concentrate_economic
ON-MAIN-8825d90d,,Water,Mercury (and its compounds),Emission,Direct Discharge,tonnes,4.032e-06,ON-MAIN-8825d90d,"Au, Open-pit mining and beneficiation at Magino",Au,1.0473627551020408,1.0,mining,3.849669066766821e-06,Au concentrate,concentrate_economic
ON-MAIN-8825d90d,,Water,Nickel (and its compounds),Emission,Direct Discharge,tonnes,0.001713,ON-MAIN-8825d90d,"Au, Open-pit mining and beneficiation at Magino",Au,1.0473627551020408,1.0,mining,0.001635536485955249,Au concentrate,concentrate_economic
ON-MAIN-8825d90d,,Water,Phosphorus (total),Emission,Direct Discharge,tonnes,0.048319,ON-MAIN-8825d90d,"Au, Open-pit mining and beneficiation at Magino",Au,1.0473627551020408,1.0,mining,0.04613396816396479,Au concentrate,concentrate_economic
ON-MAIN-8825d90d,,Water,Selenium (and its compounds),Emission,Direct Discharge,kg,0.281555,ON-MAIN-8825d90d,"Au, Open-pit mining and beneficiation at Magino",Au,1.0473627551020408,1.0,mining,0.26882281103510225,Au concentrate,concentrate_economic
ON-MAIN-8825d90d,,Water,Thallium (and its compounds),Emission,Direct Discharge,kg,0.01997,ON-MAIN-8825d90d,"Au, Open-pit mining and beneficiation at Magino",Au,1.0473627551020408,1.0,mining,0.019066937317294995,Au concentrate,concentrate_economic
ON-MAIN-8825d90d,,Water,Vanadium (and its compounds),Emission,Direct Discharge,tonnes,0.00054,ON-MAIN-8825d90d,"Au, Open-pit mining and beneficiation at Magino",Au,1.0473627551020408,1.0,mining,0.0005155806785848421,Au concentrate,concentrate_economic
ON-MAIN-8825d90d,,Water,Zinc (and its compounds),Emission,Direct Discharge,tonnes,0.003863,ON-MAIN-8825d90d,"Au, Open-pit mining and beneficiation at Magino",Au,1.0473627551020408,1.0,mining,0.003688311409950454,Au concentrate,concentrate_economic
ON-MAIN-7f050560,,Water,Arsenic (and its compounds),Emission,Direct Discharge,kg,1.6565,ON-MAIN-7f050560,"Au, Underground mining and beneficiation at Red Lake",Au,3.5769025,1.0,mining,0.4631101910102386,Au concentrate,concentrate_economic
ON-MAIN-7f050560,,Water,Cobalt (and its compounds),Emission,Direct Discharge,kg,20.374976,ON-MAIN-7f050560,"Au, Underground mining and beneficiation at Red Lake",Au,3.5769025,1.0,mining,5.696262618284955,Au concentrate,concentrate_economic
ON-MAIN-7f050560,,Water,Nitrate ion in solution at pH >= 6.0,Emission,Direct Discharge,tonnes,19.945238,ON-MAIN-7f050560,"Au, Underground mining and beneficiation at Red Lake",Au,3.5769025,1.0,mining,5.576120120691017,Au concentrate,concentrate_economic
BC-MAIN-bf503b6b,,Water,Arsenic (and its compounds),Emission,Direct Discharge,kg,2.661,BC-MAIN-bf503b6b,"Cu and Mo, Open-pit mining and beneficiation at Highland Valley",Cu,341333.3333333334,0.9997809583158581,mining,7.79419081077685e-06,Cu concentrate,concentrate_economic
BC-MAIN-bf503b6b,,Water,Arsenic (and its compounds),Emission,Direct Discharge,kg,2.661,BC-MAIN-bf503b6b,"Cu and Mo, Open-pit mining and beneficiation at Highland Valley",Mo,17.647058823529413,0.00021904168414189142,mining,3.3029295551755804e-05,Mo concentrate,concentrate_economic
BC-MAIN-bf503b6b,,Water,Cadmium (and its compounds),Emission,Direct Discharge,kg,0.14,BC-MAIN-bf503b6b,"Cu and Mo, Open-pit mining and beneficiation at Highland Valley",Cu,341333.3333333334,0.9997809583158581,mining,4.100664086842387e-07,Cu concentrate,concentrate_economic
BC-MAIN-bf503b6b,,Water,Cadmium (and its compounds),Emission,Direct Discharge,kg,0.14,BC-MAIN-bf503b6b,"Cu and Mo, Open-pit mining and beneficiation at Highland Valley",Mo,17.647058823529413,0.00021904168414189142,mining,1.7377306941923388e-06,Mo concentrate,concentrate_economic
BC-MAIN-bf503b6b,,Water,Cobalt (and its compounds),Emission,Direct Discharge,kg,0.129,BC-MAIN-bf503b6b,"Cu and Mo, Open-pit mining and beneficiation at Highland Valley",Cu,341333.3333333334,0.9997809583158581,mining,3.7784690514476276e-07,Cu concentrate,concentrate_economic
BC-MAIN-bf503b6b,,Water,Cobalt (and its compounds),Emission,Direct Discharge,kg,0.129,BC-MAIN-bf503b6b,"Cu and Mo, Open-pit mining and beneficiation at Highland Valley",Mo,17.647058823529413,0.00021904168414189142,mining,1.6011947110772261e-06,Mo concentrate,concentrate_economic
BC-MAIN-bf503b6b,,Water,Lead (and its compounds),Emission,Direct Discharge,kg,0.048,BC-MAIN-bf503b6b,"Cu and Mo, Open-pit mining and beneficiation at Highland Valley",Cu,341333.3333333334,0.9997809583158581,mining,1.4059419726316752e-07,Cu concentrate,concentrate_economic
BC-MAIN-bf503b6b,,Water,Lead (and its compounds),Emission,Direct Discharge,kg,0.048,BC-MAIN-bf503b6b,"Cu and Mo, Open-pit mining and beneficiation at Highland Valley",Mo,17.647058823529413,0.00021904168414189142,mining,5.957933808659446e-07,Mo concentrate,concentrate_economic
BC-MAIN-bf503b6b,,Water,Selenium (and its compounds),Emission,Direct Discharge,kg,0.264,BC-MAIN-bf503b6b,"Cu and Mo, Open-pit mining and beneficiation at Highland Valley",Cu,341333.3333333334,0.9997809583158581,mining,7.732680849474214e-07,Cu concentrate,concentrate_economic
BC-MAIN-bf503b6b,,Water,Selenium (and its compounds),Emission,Direct Discharge,kg,0.264,BC-MAIN-bf503b6b,"Cu and Mo, Open-pit mining and beneficiation at Highland Valley",Mo,17.647058823529413,0.00021904168414189142,mining,3.2768635947626953e-06,Mo concentrate,concentrate_economic
NL-MAIN-2d8801d6,,Water,Ammonia (total),Emission,Direct Discharge,tonnes,6.652,NL-MAIN-2d8801d6,"Cu and Ni, Open-pit and underground mining and beneficiation at Voisey’s Bay",Ni,84375.0,1.0,mining,7.883851851851852e-05,Ni concentrate,concentrate_economic
NL-MAIN-2d8801d6,,Water,Arsenic (and its compounds),Emission,Direct Discharge,kg,4.285,NL-MAIN-2d8801d6,"Cu and Ni, Open-pit and underground mining and beneficiation at Voisey’s Bay",Ni,84375.0,1.0,mining,5.078518518518519e-05,Ni concentrate,concentrate_economic
NL-MAIN-2d8801d6,,Water,Cadmium (and its compounds),Emission,Direct Discharge,kg,0.277,NL-MAIN-2d8801d6,"Cu and Ni, Open-pit and underground mining and beneficiation at Voisey’s Bay",Ni,84375.0,1.0,mining,3.2829629629629632e-06,Ni concentrate,concentrate_economic
NL-MAIN-2d8801d6,,Water,Chromium (and its compounds),Emission,Direct Discharge,tonnes,0.004,NL-MAIN-2d8801d6,"Cu and Ni, Open-pit and underground mining and beneficiation at Voisey’s Bay",Ni,84375.0,1.0,mining,4.7407407407407405e-08,Ni concentrate,concentrate_economic
NL-MAIN-2d8801d6,,Water,Cobalt (and its compounds),Emission,Direct Discharge,kg,3.286,NL-MAIN-2d8801d6,"Cu and Ni, Open-pit and underground mining and beneficiation at Voisey’s Bay",Ni,84375.0,1.0,mining,3.894518518518519e-05,Ni concentrate,concentrate_economic
NL-MAIN-2d8801d6,,Water,Copper (and its compounds),Emission,Direct Discharge,tonnes,0.006,NL-MAIN-2d8801d6,"Cu and Ni, Open-pit and underground mining and beneficiation at Voisey’s Bay",Ni,84375.0,1.0,mining,7.111111111111111e-08,Ni concentrate,concentrate_economic
NL-MAIN-2d8801d6,,Water,Lead (and its compounds),Emission,Direct Discharge,kg,5.226,NL-MAIN-2d8801d6,"Cu and Ni, Open-pit and underground mining and beneficiation at Voisey’s Bay",Ni,84375.0,1.0,mining,6.193777777777778e-05,Ni concentrate,concentrate_economic
NL-MAIN-2d8801d6,,Water,Manganese (and its compounds),Emission,Direct Discharge,tonnes,0.05,NL-MAIN-2d8801d6,"Cu and Ni, Open-pit and underground mining and beneficiation at Voisey’s Bay",Ni,84375.0,1.0,mining,5.925925925925926e-07,Ni concentrate,concentrate_economic
NL-MAIN-2d8801d6,,Water,Mercury (and its compounds),Emission,Direct Discharge,tonnes,4.4e-05,NL-MAIN-2d8801d6,"Cu and Ni, Open-pit and underground mining and beneficiation at Voisey’s Bay",Ni,84375.0,1.0,mining,5.214814814814814e-10,Ni concentrate,concentrate_economic
NL-MAIN-2d8801d6,,Water,Nickel (and its compounds),Emission,Direct Discharge,tonnes,0.199,NL-MAIN-2d8801d6,"Cu and Ni, Open-pit and underground mining and beneficiation at Voisey’s Bay",Ni,84375.0,1.0,mining,2.358518518518519e-06,Ni concentrate,concentrate_economic
NL-MAIN-2d8801d6,,Water,Phosphorus (total),Emission,Direct Discharge,tonnes,0.052,NL-MAIN-2d8801d6,"Cu and Ni, Open-pit and underground mining and beneficiation at Voisey’s Bay",Ni,84375.0,1.0,mining,6.162962962962963e-07,Ni concentrate,concentrate_economic
NL-MAIN-2d8801d6,,Water,Selenium (and its compounds),Emission,Direct Discharge,kg,6.108,NL-MAIN-2d8801d6,"Cu and Ni, Open-pit and underground mining and beneficiation at Voisey’s Bay",Ni,84375.0,1.0,mining,7.239111111111111e-05,Ni concentrate,concentrate_economic
NL-MAIN-2d8801d6,,Water,Silver (and its compounds),Emission,Direct Discharge,tonnes,0.00046,NL-MAIN-2d8801d6,"Cu and Ni, Open-pit and underground mining and beneficiation at Voisey’s Bay",Ni,84375.0,1.0,mining,5.451851851851852e-09,Ni concentrate,concentrate_economic
NL-MAIN-2d8801d6,,Water,Vanadium (and its compounds),Emission,Direct Discharge,tonnes,0.004,NL-MAIN-2d8801d6,"Cu and Ni, Open-pit and underground mining and beneficiation at Voisey’s Bay",Ni,84375.0,1.0,mining,4.7407407407407405e-08,Ni concentrate,concentrate_economic
NL-MAIN-2d8801d6,,Water,Zinc (and its compounds),Emission,Direct Discharge,tonnes,0.019,NL-MAIN-2d8801d6,"Cu and Ni, Open-pit and underground mining and beneficiation at Voisey’s Bay",Ni,84375.0,1.0,mining,2.2518518518518517e-07,Ni concentrate,concentrate_economic
ON-MAIN-cb85213a,,Water,Arsenic (and its compounds),Emission,Direct Discharge,kg,0.5452,ON-MAIN-cb85213a,"Au, Underground mining and beneficiation at Eagle River",Au,2.7760508515306124,1.0,mining,0.1963940969234756,Au concentrate,concentrate_economic
ON-MAIN-cb85213a,,Water,Copper (and its compounds),Emission,Direct Discharge,tonnes,0.007002,ON-MAIN-cb85213a,"Au, Underground mining and beneficiation at Eagle River",Au,2.7760508515306124,1.0,mining,0.002522288089981981,Au concentrate,concentrate_economic
ON-MAIN-cb85213a,,Water,Cyanides (ionic),Emission,Direct Discharge,tonnes,0.006789,ON-MAIN-cb85213a,"Au, Underground mining and beneficiation at Eagle River",Au,2.7760508515306124,1.0,mining,0.002445560388872846,Au concentrate,concentrate_economic
ON-MAIN-cb85213a,,Water,Lead (and its compounds),Emission,Direct Discharge,kg,0.14374,ON-MAIN-cb85213a,"Au, Underground mining and beneficiation at Eagle River",Au,2.7760508515306124,1.0,mining,0.05177859041045558,Au concentrate,concentrate_economic
ON-MAIN-cb85213a,,Water,Nickel (and its compounds),Emission,Direct Discharge,tonnes,0.001633,ON-MAIN-cb85213a,"Au, Underground mining and beneficiation at Eagle River",Au,2.7760508515306124,1.0,mining,0.0005882457085033668,Au concentrate,concentrate_economic
ON-MAIN-cb85213a,,Water,Zinc (and its compounds),Emission,Direct Discharge,tonnes,0.003055,ON-MAIN-cb85213a,"Au, Underground mining and beneficiation at Eagle River",Au,2.7760508515306124,1.0,mining,0.0011004841637953372,Au concentrate,concentrate_economic
ON-MAIN-6e9be24e,,Water,Ammonia (total),Emission,Direct Discharge,tonnes,24.352935,ON-MAIN-6e9be24e,"Au, Open-pit and underground mining and beneficiation at Hemlo (Williams)",Au,4.476523630102041,1.0,mining,5.440144409434264,Au concentrate,concentrate_economic
ON-MAIN-6e9be24e,,Water,Antimony (and its compounds),Emission,Direct Discharge,tonnes,0.179879,ON-MAIN-6e9be24e,"Au, Open-pit and underground mining and beneficiation at Hemlo (Williams)",Au,4.476523630102041,1.0,mining,0.04018274332127221,Au concentrate,concentrate_economic
ON-MAIN-6e9be24e,,Water,Arsenic (and its compounds),Emission,Direct Discharge,kg,5.426793,ON-MAIN-6e9be24e,"Au, Open-pit and underground mining and beneficiation at Hemlo (Williams)",Au,4.476523630102041,1.0,mining,1.212278421475974,Au concentrate,concentrate_economic
ON-MAIN-6e9be24e,,Water,Cadmium (and its compounds),Emission,Direct Discharge,kg,0.489454,ON-MAIN-6e9be24e,"Au, Open-pit and underground mining and beneficiation at Hemlo (Williams)",Au,4.476523630102041,1.0,mining,0.10933796857648734,Au concentrate,concentrate_economic
ON-MAIN-6e9be24e,,Water,Chromium (and its compounds),Emission,Direct Discharge,tonnes,0.005093,ON-MAIN-6e9be24e,"Au, Open-pit and underground mining and beneficiation at Hemlo (Williams)",Au,4.476523630102041,1.0,mining,0.0011377131946210472,Au concentrate,concentrate_economic
ON-MAIN-6e9be24e,,Water,Cobalt (and its compounds),Emission,Direct Discharge,kg,25.902142,ON-MAIN-6e9be24e,"Au, Open-pit and underground mining and beneficiation at Hemlo (Williams)",Au,4.476523630102041,1.0,mining,5.786218088032202,Au concentrate,concentrate_economic
ON-MAIN-6e9be24e,,Water,Copper (and its compounds),Emission,Direct Discharge,tonnes,0.027463,ON-MAIN-6e9be24e,"Au, Open-pit and underground mining and beneficiation at Hemlo (Williams)",Au,4.476523630102041,1.0,mining,0.0061348944558959,Au concentrate,concentrate_economic
ON-MAIN-6e9be24e,,Water,Cyanides (ionic),Emission,Direct Discharge,tonnes,0.02389,ON-MAIN-6e9be24e,"Au, Open-pit and underground mining and beneficiation at Hemlo (Williams)",Au,4.476523630102041,1.0,mining,0.005336730457391875,Au concentrate,concentrate_economic
ON-MAIN-6e9be24e,,Water,Lead (and its compounds),Emission,Direct Discharge,kg,0.708965,ON-MAIN-6e9be24e,"Au, Open-pit and underground mining and beneficiation at Hemlo (Williams)",Au,4.476523630102041,1.0,mining,0.15837401041125282,Au concentrate,concentrate_economic
ON-MAIN-6e9be24e,,Water,Manganese (and its compounds),Emission,Direct Discharge,tonnes,0.316644,ON-MAIN-6e9be24e,"Au, Open-pit and underground mining and beneficiation at Hemlo (Williams)",Au,4.476523630102041,1.0,mining,0.0707343524047883,Au concentrate,concentrate_economic
ON-MAIN-6e9be24e,,Water,Mercury (and its compounds),Emission,Direct Discharge,tonnes,1.4473e-05,ON-MAIN-6e9be24e,"Au, Open-pit and underground mining and beneficiation at Hemlo (Williams)",Au,4.476523630102041,1.0,mining,3.2330891548695105e-06,Au concentrate,concentrate_economic
ON-MAIN-6e9be24e,,Water,Nickel (and its compounds),Emission,Direct Discharge,tonnes,0.028024,ON-MAIN-6e9be24e,"Au, Open-pit and underground mining and beneficiation at Hemlo (Williams)",Au,4.476523630102041,1.0,mining,0.006260214915778564,Au concentrate,concentrate_economic
ON-MAIN-6e9be24e,,Water,Nitrate ion in solution at pH >= 6.0,Emission,Direct Discharge,tonnes,224.781388,ON-MAIN-6e9be24e,"Au, Open-pit and underground mining and beneficiation at Hemlo (Williams)",Au,4.476523630102041,1.0,mining,50.213381314123914,Au concentrate,concentrate_economic
ON-MAIN-6e9be24e,,Water,Selenium (and its compounds),Emission,Direct Discharge,kg,2.073336,ON-MAIN-6e9be24e,"Au, Open-pit and underground mining and beneficiation at Hemlo (Williams)",Au,4.476523630102041,1.0,mining,0.463157613210843,Au concentrate,concentrate_economic
ON-MAIN-6e9be24e,,Water,Vanadium (and its compounds),Emission,Direct Discharge,tonnes,0.005403,ON-MAIN-6e9be24e,"Au, Open-pit and underground mining and beneficiation at Hemlo (Williams)",Au,4.476523630102041,1.0,mining,0.0012069633596185976,Au concentrate,concentrate_economic
ON-MAIN-6e9be24e,,Water,Zinc (and its compounds),Emission,Direct Discharge,tonnes,0.036415,ON-MAIN-6e9be24e,"Au, Open-pit and underground mining and beneficiation at Hemlo (Williams)",Au,4.476523630102041,1.0,mining,0.008134660510921939,Au concentrate,concentrate_economic
ON-MAIN-1f126a43,,Water,Ammonia (total),Emission,Waterbody,tonnes,,ON-MAIN-1f126a43,"Au, Underground mining and beneficiation at Macassa",Au,7.253304461734694,1.0,mining,,Au concentrate,concentrate_economic
ON-MAIN-1f126a43,,Water,Arsenic (and its compounds),Emission,Waterbody,kg,,ON-MAIN-1f126a43,"Au, Underground mining and beneficiation at Macassa",Au,7.253304461734694,1.0,mining,,Au concentrate,concentrate_economic
ON-MAIN-1f126a43,,Water,Cadmium (and its compounds),Emission,Waterbody,kg,,ON-MAIN-1f126a43,"Au, Underground mining and beneficiation at Macassa",Au,7.253304461734694,1.0,mining,,Au concentrate,concentrate_economic
ON-MAIN-1f126a43,,Water,Chromium (and its compounds),Emission,Waterbody,tonnes,,ON-MAIN-1f126a43,"Au, Underground mining and beneficiation at Macassa",Au,7.253304461734694,1.0,mining,,Au concentrate,concentrate_economic
ON-MAIN-1f126a43,,Water,Cobalt (and its compounds),Emission,Waterbody,kg,,ON-MAIN-1f126a43,"Au, Underground mining and beneficiation at Macassa",Au,7.253304461734694,1.0,mining,,Au concentrate,concentrate_economic
ON-MAIN-1f126a43,,Water,Copper (and its compounds),Emission,Waterbody,tonnes,,ON-MAIN-1f126a43,"Au, Underground mining and beneficiation at Macassa",Au,7.253304461734694,1.0,mining,,Au concentrate,concentrate_economic
ON-MAIN-1f126a43,,Water,Cyanides (ionic),Emission,Waterbody,tonnes,,ON-MAIN-1f126a43,"Au, Underground mining and beneficiation at Macassa",Au,7.253304461734694,1.0,mining,,Au concentrate,concentrate_economic
ON-MAIN-1f126a43,,Water,Lead (and its compounds),Emission,Waterbody,kg,,ON-MAIN-1f126a43,"Au, Underground mining and beneficiation at Macassa",Au,7.253304461734694,1.0,mining,,Au concentrate,concentrate_economic
ON-MAIN-1f126a43,,Water,Manganese (and its compounds),Emission,Waterbody,tonnes,,ON-MAIN-1f126a43,"Au, Underground mining and beneficiation at Macassa",Au,7.253304461734694,1.0,mining,,Au concentrate,concentrate_economic
ON-MAIN-1f126a43,,Water,Mercury (and its compounds),Emission,Waterbody,tonnes,,ON-MAIN-1f126a43,"Au, Underground mining and beneficiation at Macassa",Au,7.253304461734694,1.0,mining,,Au concentrate,concentrate_economic
ON-MAIN-1f126a43,,Water,Nickel (and its compounds),Emission,Waterbody,tonnes,,ON-MAIN-1f126a43,"Au, Underground mining and beneficiation at Macassa",Au,7.253304461734694,1.0,mining,,Au concentrate,concentrate_economic
ON-MAIN-1f126a43,,Water,Nitrate ion in solution at pH >= 6.0,Emission,Waterbody,tonnes,,ON-MAIN-1f126a43,"Au, Underground mining and beneficiation at Macassa",Au,7.253304461734694,1.0,mining,,Au concentrate,concentrate_economic
ON-MAIN-1f126a43,,Water,Phosphorus (total),Emission,Waterbody,tonnes,,ON-MAIN-1f126a43,"Au, Underground mining and beneficiation at Macassa",Au,7.253304461734694,1.0,mining,,Au concentrate,concentrate_economic
ON-MAIN-1f126a43,,Water,Selenium (and its compounds),Emission,Waterbody,kg,,ON-MAIN-1f126a43,"Au, Underground mining and beneficiation at Macassa",Au,7.253304461734694,1.0,mining,,Au concentrate,concentrate_economic
ON-MAIN-1f126a43,,Water,Thallium (and its compounds),Emission,Waterbody,kg,,ON-MAIN-1f126a43,"Au, Underground mining and beneficiation at Macassa",Au,7.253304461734694,1.0,mining,,Au concentrate,concentrate_economic
ON-MAIN-1f126a43,,Water,Vanadium (and its compounds),Emission,Waterbody,tonnes,,ON-MAIN-1f126a43,"Au, Underground mining and beneficiation at Macassa",Au,7.253304461734694,1.0,mining,,Au concentrate,concentrate_economic
ON-MAIN-1f126a43,,Water,Zinc (and its compounds),Emission,Waterbody,tonnes,,ON-MAIN-1f126a43,"Au, Underground mining and beneficiation at Macassa",Au,7.253304461734694,1.0,mining,,Au concentrate,concentrate_economic
QC-MAIN-e7e6a960,,Water,Arsenic (and its compounds),Emission,Waterbody,kg,,QC-MAIN-e7e6a960,"Au and Ag, Open-pit mining and beneficiation at Canadian Malartic",Au,29.039084533163262,1.0,mining,,Au concentrate,concentrate_economic
QC-MAIN-e7e6a960,,Water,Cadmium (and its compounds),Emission,Waterbody,kg,,QC-MAIN-e7e6a960,"Au and Ag, Open-pit mining and beneficiation at Canadian Malartic",Au,29.039084533163262,1.0,mining,,Au concentrate,concentrate_economic
QC-MAIN-e7e6a960,,Water,Chromium (and its compounds),Emission,Waterbody,tonnes,,QC-MAIN-e7e6a960,"Au and Ag, Open-pit mining and beneficiation at Canadian Malartic",Au,29.039084533163262,1.0,mining,,Au concentrate,concentrate_economic
QC-MAIN-e7e6a960,,Water,Cobalt (and its compounds),Emission,Waterbody,kg,,QC-MAIN-e7e6a960,"Au and Ag, Open-pit mining and beneficiation at Canadian Malartic",Au,29.039084533163262,1.0,mining,,Au concentrate,concentrate_economic
QC-MAIN-e7e6a960,,Water,Copper (and its compounds),Emission,Waterbody,tonnes,,QC-MAIN-e7e6a960,"Au and Ag, Open-pit mining and beneficiation at Canadian Malartic",Au,29.039084533163262,1.0,mining,,Au concentrate,concentrate_economic
QC-MAIN-e7e6a960,,Water,Cyanides (ionic),Emission,Waterbody,tonnes,,QC-MAIN-e7e6a960,"Au and Ag, Open-pit mining and beneficiation at Canadian Malartic",Au,29.039084533163262,1.0,mining,,Au concentrate,concentrate_economic
QC-MAIN-e7e6a960,,Water,Lead (and its compounds),Emission,Waterbody,kg,,QC-MAIN-e7e6a960,"Au and Ag, Open-pit mining and beneficiation at Canadian Malartic",Au,29.039084533163262,1.0,mining,,Au concentrate,concentrate_economic
QC-MAIN-e7e6a960,,Water,Manganese (and its compounds),Emission,Waterbody,tonnes,,QC-MAIN-e7e6a960,"Au and Ag, Open-pit mining and beneficiation at Canadian Malartic",Au,29.039084533163262,1.0,mining,,Au concentrate,concentrate_economic
QC-MAIN-e7e6a960,,Water,Mercury (and its compounds),Emission,Waterbody,tonnes,,QC-MAIN-e7e6a960,"Au and Ag, Open-pit mining and beneficiation at Canadian Malartic",Au,29.039084533163262,1.0,mining,,Au concentrate,concentrate_economic
QC-MAIN-e7e6a960,,Water,Nickel (and its compounds),Emission,Waterbody,tonnes,,QC-MAIN-e7e6a960,"Au and Ag, Open-pit mining and beneficiation at Canadian Malartic",Au,29.039084533163262,1.0,mining,,Au concentrate,concentrate_economic
QC-MAIN-e7e6a960,,Water,Selenium (and its compounds),Emission,Waterbody,kg,,QC-MAIN-e7e6a960,"Au and Ag, Open-pit mining and beneficiation at Canadian Malartic",Au,29.039084533163262,1.0,mining,,Au concentrate,concentrate_economic
QC-MAIN-e7e6a960,,Water,Thallium (and its compounds),Emission,Waterbody,kg,,QC-MAIN-e7e6a960,"Au and Ag, Open-pit mining and beneficiation at Canadian Malartic",Au,29.039084533163262,1.0,mining,,Au concentrate,concentrate_economic
QC-MAIN-e7e6a960,,Water,Vanadium (and its compounds),Emission,Waterbody,tonnes,,QC-MAIN-e7e6a960,"Au and Ag, Open-pit mining and beneficiation at Canadian Malartic",Au,29.039084533163262,1.0,mining,,Au concentrate,concentrate_economic
QC-MAIN-e7e6a960,,Water,Zinc (and its compounds),Emission,Waterbody,tonnes,,QC-MAIN-e7e6a960,"Au and Ag, Open-pit mining and beneficiation at Canadian Malartic",Au,29.039084533163262,1.0,mining,,Au concentrate,concentrate_economic
NU-MAIN-8b0264c9,,Water,Arsenic (and its compounds),Emission,Waterbody,kg,,NU-MAIN-8b0264c9,"Au and Ag, Open-pit and underground mining and beneficiation at Meliadine",Au,12.41413683010194,1.0,mining,,Au concentrate,concentrate_economic
NU-MAIN-8b0264c9,,Water,Cadmium (and its compounds),Emission,Waterbody,kg,,NU-MAIN-8b0264c9,"Au and Ag, Open-pit and underground mining and beneficiation at Meliadine",Au,12.41413683010194,1.0,mining,,Au concentrate,concentrate_economic
NU-MAIN-8b0264c9,,Water,Cobalt (and its compounds),Emission,Waterbody,kg,,NU-MAIN-8b0264c9,"Au and Ag, Open-pit and underground mining and beneficiation at Meliadine",Au,12.41413683010194,1.0,mining,,Au concentrate,concentrate_economic
NU-MAIN-8b0264c9,,Water,Copper (and its compounds),Emission,Waterbody,tonnes,,NU-MAIN-8b0264c9,"Au and Ag, Open-pit and underground mining and beneficiation at Meliadine",Au,12.41413683010194,1.0,mining,,Au concentrate,concentrate_economic
NU-MAIN-8b0264c9,,Water,Cyanides (ionic),Emission,Waterbody,tonnes,,NU-MAIN-8b0264c9,"Au and Ag, Open-pit and underground mining and beneficiation at Meliadine",Au,12.41413683010194,1.0,mining,,Au concentrate,concentrate_economic
NU-MAIN-8b0264c9,,Water,Lead (and its compounds),Emission,Waterbody,kg,,NU-MAIN-8b0264c9,"Au and Ag, Open-pit and underground mining and beneficiation at Meliadine",Au,12.41413683010194,1.0,mining,,Au concentrate,concentrate_economic
NU-MAIN-8b0264c9,,Water,Manganese (and its compounds),Emission,Waterbody,tonnes,,NU-MAIN-8b0264c9,"Au and Ag, Open-pit and underground mining and beneficiation at Meliadine",Au,12.41413683010194,1.0,mining,,Au concentrate,concentrate_economic
NU-MAIN-8b0264c9,,Water,Nickel (and its compounds),Emission,Waterbody,tonnes,,NU-MAIN-8b0264c9,"Au and Ag, Open-pit and underground mining and beneficiation at Meliadine",Au,12.41413683010194,1.0,mining,,Au concentrate,concentrate_economic
NU-MAIN-8b0264c9,,Water,Phosphorus (total),Emission,Waterbody,tonnes,,NU-MAIN-8b0264c9,"Au and Ag, Open-pit and underground mining and beneficiation at Meliadine",Au,12.41413683010194,1.0,mining,,Au concentrate,concentrate_economic
NU-MAIN-8b0264c9,,Water,Selenium (and its compounds),Emission,Waterbody,kg,,NU-MAIN-8b0264c9,"Au and Ag, Open-pit and underground mining and beneficiation at Meliadine",Au,12.41413683010194,1.0,mining,,Au concentrate,concentrate_economic
NU-MAIN-8b0264c9,,Water,Thallium (and its compounds),Emission,Waterbody,kg,,NU-MAIN-8b0264c9,"Au and Ag, Open-pit and underground mining and beneficiation at Meliadine",Au,12.41413683010194,1.0,mining,,Au concentrate,concentrate_economic
NU-MAIN-8b0264c9,,Water,Zinc (and its compounds),Emission,Waterbody,tonnes,,NU-MAIN-8b0264c9,"Au and Ag, Open-pit and underground mining and beneficiation at Meliadine",Au,12.41413683010194,1.0,mining,,Au concentrate,concentrate_economic
QC-MAIN-c0660aec,,Water,Arsenic (and its compounds),Emission,Waterbody,kg,,QC-MAIN-c0660aec,"Au and Cu, Underground mining and beneficiation at Goldex",Cu,130.12252666666666,0.003859237362487364,mining,,Cu concentrate,concentrate_economic
QC-MAIN-c0660aec,,Water,Arsenic (and its compounds),Emission,Waterbody,kg,,QC-MAIN-c0660aec,"Au and Cu, Underground mining and beneficiation at Goldex",Au,4.474542118316694,0.9961407626375127,mining,,Au concentrate,concentrate_economic
QC-MAIN-c0660aec,,Water,Cadmium (and its compounds),Emission,Waterbody,kg,,QC-MAIN-c0660aec,"Au and Cu, Underground mining and beneficiation at Goldex",Cu,130.12252666666666,0.003859237362487364,mining,,Cu concentrate,concentrate_economic
QC-MAIN-c0660aec,,Water,Cadmium (and its compounds),Emission,Waterbody,kg,,QC-MAIN-c0660aec,"Au and Cu, Underground mining and beneficiation at Goldex",Au,4.474542118316694,0.9961407626375127,mining,,Au concentrate,concentrate_economic
QC-MAIN-c0660aec,,Water,Chromium (and its compounds),Emission,Waterbody,tonnes,,QC-MAIN-c0660aec,"Au and Cu, Underground mining and beneficiation at Goldex",Cu,130.12252666666666,0.003859237362487364,mining,,Cu concentrate,concentrate_economic
QC-MAIN-c0660aec,,Water,Chromium (and its compounds),Emission,Waterbody,tonnes,,QC-MAIN-c0660aec,"Au and Cu, Underground mining and beneficiation at Goldex",Au,4.474542118316694,0.9961407626375127,mining,,Au concentrate,concentrate_economic
QC-MAIN-c0660aec,,Water,Cobalt (and its compounds),Emission,Waterbody,kg,,QC-MAIN-c0660aec,"Au and Cu, Underground mining and beneficiation at Goldex",Cu,130.12252666666666,0.003859237362487364,mining,,Cu concentrate,concentrate_economic
QC-MAIN-c0660aec,,Water,Cobalt (and its compounds),Emission,Waterbody,kg,,QC-MAIN-c0660aec,"Au and Cu, Underground mining and beneficiation at Goldex",Au,4.474542118316694,0.9961407626375127,mining,,Au concentrate,concentrate_economic
QC-MAIN-c0660aec,,Water,Copper (and its compounds),Emission,Waterbody,tonnes,,QC-MAIN-c0660aec,"Au and Cu, Underground mining and beneficiation at Goldex",Cu,130.12252666666666,0.003859237362487364,mining,,Cu concentrate,concentrate_economic
QC-MAIN-c0660aec,,Water,Copper (and its compounds),Emission,Waterbody,tonnes,,QC-MAIN-c0660aec,"Au and Cu, Underground mining and beneficiation at Goldex",Au,4.474542118316694,0.9961407626375127,mining,,Au concentrate,concentrate_economic
QC-MAIN-c0660aec,,Water,Lead (and its compounds),Emission,Waterbody,kg,,QC-MAIN-c0660aec,"Au and Cu, Underground mining and beneficiation at Goldex",Cu,130.12252666666666,0.003859237362487364,mining,,Cu concentrate,concentrate_economic
QC-MAIN-c0660aec,,Water,Lead (and its compounds),Emission,Waterbody,kg,,QC-MAIN-c0660aec,"Au and Cu, Underground mining and beneficiation at Goldex",Au,4.474542118316694,0.9961407626375127,mining,,Au concentrate,concentrate_economic
QC-MAIN-c0660aec,,Water,Manganese (and its compounds),Emission,Waterbody,tonnes,,QC-MAIN-c0660aec,"Au and Cu, Underground mining and beneficiation at Goldex",Cu,130.12252666666666,0.003859237362487364,mining,,Cu concentrate,concentrate_economic
QC-MAIN-c0660aec,,Water,Manganese (and its compounds),Emission,Waterbody,tonnes,,QC-MAIN-c0660aec,"Au and Cu, Underground mining and beneficiation at Goldex",Au,4.474542118316694,0.9961407626375127,mining,,Au concentrate,concentrate_economic
QC-MAIN-c0660aec,,Water,Nickel (and its compounds),Emission,Waterbody,tonnes,,QC-MAIN-c0660aec,"Au and Cu, Underground mining and beneficiation at Goldex",Cu,130.12252666666666,0.003859237362487364,mining,,Cu concentrate,concentrate_economic
QC-MAIN-c0660aec,,Water,Nickel (and its compounds),Emission,Waterbody,tonnes,,QC-MAIN-c0660aec,"Au and Cu, Underground mining and beneficiation at Goldex",Au,4.474542118316694,0.9961407626375127,mining,,Au concentrate,concentrate_economic
QC-MAIN-c0660aec,,Water,Zinc (and its compounds),Emission,Waterbody,tonnes,,QC-MAIN-c0660aec,"Au and Cu, Underground mining and beneficiation at Goldex",Cu,130.12252666666666,0.003859237362487364,mining,,Cu concentrate,concentrate_economic
QC-MAIN-c0660aec,,Water,Zinc (and its compounds),Emission,Waterbody,tonnes,,QC-MAIN-c0660aec,"Au and Cu, Underground mining and beneficiation at Goldex",Au,4.474542118316694,0.9961407626375127,mining,,Au concentrate,concentrate_economic
ON-MAIN-687b8c8d,,Water,Ammonia (total),Emission,Waterbody,tonnes,,ON-MAIN-687b8c8d,"Au, Underground mining and beneficiation at Island",Au,4.1704080612244905,1.0,mining,,Au concentrate,concentrate_economic
ON-MAIN-7607a50e,,Water,Ammonia (total),Emission,Waterbody,tonnes,,ON-MAIN-7607a50e,"Au, Underground mining and beneficiation at Young-Davidson",Au,5.874752908163255,1.0,mining,,Au concentrate,concentrate_economic
ON-MAIN-7607a50e,,Water,Antimony (and its compounds),Emission,Waterbody,tonnes,,ON-MAIN-7607a50e,"Au, Underground mining and beneficiation at Young-Davidson",Au,5.874752908163255,1.0,mining,,Au concentrate,concentrate_economic
ON-MAIN-687b8c8d,,Water,Arsenic (and its compounds),Emission,Waterbody,kg,,ON-MAIN-687b8c8d,"Au, Underground mining and beneficiation at Island",Au,4.1704080612244905,1.0,mining,,Au concentrate,concentrate_economic
ON-MAIN-7607a50e,,Water,Arsenic (and its compounds),Emission,Waterbody,kg,,ON-MAIN-7607a50e,"Au, Underground mining and beneficiation at Young-Davidson",Au,5.874752908163255,1.0,mining,,Au concentrate,concentrate_economic
ON-MAIN-687b8c8d,,Water,Cadmium (and its compounds),Emission,Waterbody,kg,,ON-MAIN-687b8c8d,"Au, Underground mining and beneficiation at Island",Au,4.1704080612244905,1.0,mining,,Au concentrate,concentrate_economic
ON-MAIN-7607a50e,,Water,Cadmium (and its compounds),Emission,Waterbody,kg,,ON-MAIN-7607a50e,"Au, Underground mining and beneficiation at Young-Davidson",Au,5.874752908163255,1.0,mining,,Au concentrate,concentrate_economic
ON-MAIN-687b8c8d,,Water,Chromium (and its compounds),Emission,Waterbody,tonnes,,ON-MAIN-687b8c8d,"Au, Underground mining and beneficiation at Island",Au,4.1704080612244905,1.0,mining,,Au concentrate,concentrate_economic
ON-MAIN-7607a50e,,Water,Chromium (and its compounds),Emission,Waterbody,tonnes,,ON-MAIN-7607a50e,"Au, Underground mining and beneficiation at Young-Davidson",Au,5.874752908163255,1.0,mining,,Au concentrate,concentrate_economic
ON-MAIN-687b8c8d,,Water,Cobalt (and its compounds),Emission,Waterbody,kg,,ON-MAIN-687b8c8d,"Au, Underground mining and beneficiation at Island",Au,4.1704080612244905,1.0,mining,,Au concentrate,concentrate_economic
ON-MAIN-7607a50e,,Water,Cobalt (and its compounds),Emission,Waterbody,kg,,ON-MAIN-7607a50e,"Au, Underground mining and beneficiation at Young-Davidson",Au,5.874752908163255,1.0,mining,,Au concentrate,concentrate_economic
ON-MAIN-687b8c8d,,Water,Copper (and its compounds),Emission,Waterbody,tonnes,,ON-MAIN-687b8c8d,"Au, Underground mining and beneficiation at Island",Au,4.1704080612244905,1.0,mining,,Au concentrate,concentrate_economic
ON-MAIN-7607a50e,,Water,Copper (and its compounds),Emission,Waterbody,tonnes,,ON-MAIN-7607a50e,"Au, Underground mining and beneficiation at Young-Davidson",Au,5.874752908163255,1.0,mining,,Au concentrate,concentrate_economic
ON-MAIN-687b8c8d,,Water,Cyanides (ionic),Emission,Waterbody,tonnes,,ON-MAIN-687b8c8d,"Au, Underground mining and beneficiation at Island",Au,4.1704080612244905,1.0,mining,,Au concentrate,concentrate_economic
ON-MAIN-687b8c8d,,Water,Lead (and its compounds),Emission,Waterbody,kg,,ON-MAIN-687b8c8d,"Au, Underground mining and beneficiation at Island",Au,4.1704080612244905,1.0,mining,,Au concentrate,concentrate_economic
ON-MAIN-7607a50e,,Water,Lead (and its compounds),Emission,Waterbody,kg,,ON-MAIN-7607a50e,"Au, Underground mining and beneficiation at Young-Davidson",Au,5.874752908163255,1.0,mining,,Au concentrate,concentrate_economic
ON-MAIN-687b8c8d,,Water,Manganese (and its compounds),Emission,Waterbody,tonnes,,ON-MAIN-687b8c8d,"Au, Underground mining and beneficiation at Island",Au,4.1704080612244905,1.0,mining,,Au concentrate,concentrate_economic
ON-MAIN-687b8c8d,,Water,Mercury (and its compounds),Emission,Waterbody,tonnes,,ON-MAIN-687b8c8d,"Au, Underground mining and beneficiation at Island",Au,4.1704080612244905,1.0,mining,,Au concentrate,concentrate_economic
ON-MAIN-7607a50e,,Water,Mercury (and its compounds),Emission,Waterbody,tonnes,,ON-MAIN-7607a50e,"Au, Underground mining and beneficiation at Young-Davidson",Au,5.874752908163255,1.0,mining,,Au concentrate,concentrate_economic
ON-MAIN-687b8c8d,,Water,Nickel (and its compounds),Emission,Waterbody,tonnes,,ON-MAIN-687b8c8d,"Au, Underground mining and beneficiation at Island",Au,4.1704080612244905,1.0,mining,,Au concentrate,concentrate_economic
ON-MAIN-7607a50e,,Water,Nickel (and its compounds),Emission,Waterbody,tonnes,,ON-MAIN-7607a50e,"Au, Underground mining and beneficiation at Young-Davidson",Au,5.874752908163255,1.0,mining,,Au concentrate,concentrate_economic
ON-MAIN-687b8c8d,,Water,Nitrate ion in solution at pH >= 6.0,Emission,Waterbody,tonnes,,ON-MAIN-687b8c8d,"Au, Underground mining and beneficiation at Island",Au,4.1704080612244905,1.0,mining,,Au concentrate,concentrate_economic
ON-MAIN-7607a50e,,Water,Nitrate ion in solution at pH >= 6.0,Emission,Waterbody,tonnes,,ON-MAIN-7607a50e,"Au, Underground mining and beneficiation at Young-Davidson",Au,5.874752908163255,1.0,mining,,Au concentrate,concentrate_economic
ON-MAIN-7607a50e,,Water,Phosphorus (total),Emission,Waterbody,tonnes,,ON-MAIN-7607a50e,"Au, Underground mining and beneficiation at Young-Davidson",Au,5.874752908163255,1.0,mining,,Au concentrate,concentrate_economic
ON-MAIN-687b8c8d,,Water,Selenium (and its compounds),Emission,Waterbody,kg,,ON-MAIN-687b8c8d,"Au, Underground mining and beneficiation at Island",Au,4.1704080612244905,1.0,mining,,Au concentrate,concentrate_economic
ON-MAIN-7607a50e,,Water,Selenium (and its compounds),Emission,Waterbody,kg,,ON-MAIN-7607a50e,"Au, Underground mining and beneficiation at Young-Davidson",Au,5.874752908163255,1.0,mining,,Au concentrate,concentrate_economic
ON-MAIN-7607a50e,,Water,Silver (and its compounds),Emission,Waterbody,tonnes,,ON-MAIN-7607a50e,"Au, Underground mining and beneficiation at Young-Davidson",Au,5.874752908163255,1.0,mining,,Au concentrate,concentrate_economic
ON-MAIN-7607a50e,,Water,Thallium (and its compounds),Emission,Waterbody,kg,,ON-MAIN-7607a50e,"Au, Underground mining and beneficiation at Young-Davidson",Au,5.874752908163255,1.0,mining,,Au concentrate,concentrate_economic
ON-MAIN-7607a50e,,Water,Vanadium (and its compounds),Emission,Waterbody,tonnes,,ON-MAIN-7607a50e,"Au, Underground mining and beneficiation at Young-Davidson",Au,5.874752908163255,1.0,mining,,Au concentrate,concentrate_economic
ON-MAIN-687b8c8d,,Water,Zinc (and its compounds),Emission,Waterbody,tonnes,,ON-MAIN-687b8c8d,"Au, Underground mining and beneficiation at Island",Au,4.1704080612244905,1.0,mining,,Au concentrate,concentrate_economic
ON-MAIN-7607a50e,,Water,Zinc (and its compounds),Emission,Waterbody,tonnes,,ON-MAIN-7607a50e,"Au, Underground mining and beneficiation at Young-Davidson",Au,5.874752908163255,1.0,mining,,Au concentrate,concentrate_economic
BC-MAIN-599152a0,,Water,Arsenic (and its compounds),Emission,Waterbody,kg,,BC-MAIN-599152a0,"Au and Ag and Cu, Open-pit mining and beneficiation at Copper Mountain",Cu,63500.0,1.0,mining,,Cu concentrate,concentrate_economic
BC-MAIN-599152a0,,Water,Cadmium (and its compounds),Emission,Waterbody,kg,,BC-MAIN-599152a0,"Au and Ag and Cu, Open-pit mining and beneficiation at Copper Mountain",Cu,63500.0,1.0,mining,,Cu concentrate,concentrate_economic
BC-MAIN-599152a0,,Water,Cobalt (and its compounds),Emission,Waterbody,kg,,BC-MAIN-599152a0,"Au and Ag and Cu, Open-pit mining and beneficiation at Copper Mountain",Cu,63500.0,1.0,mining,,Cu concentrate,concentrate_economic
BC-MAIN-599152a0,,Water,Copper (and its compounds),Emission,Waterbody,tonnes,,BC-MAIN-599152a0,"Au and Ag and Cu, Open-pit mining and beneficiation at Copper Mountain",Cu,63500.0,1.0,mining,,Cu concentrate,concentrate_economic
BC-MAIN-599152a0,,Water,Lead (and its compounds),Emission,Waterbody,kg,,BC-MAIN-599152a0,"Au and Ag and Cu, Open-pit mining and beneficiation at Copper Mountain",Cu,63500.0,1.0,mining,,Cu concentrate,concentrate_economic
BC-MAIN-599152a0,,Water,Manganese (and its compounds),Emission,Waterbody,tonnes,,BC-MAIN-599152a0,"Au and Ag and Cu, Open-pit mining and beneficiation at Copper Mountain",Cu,63500.0,1.0,mining,,Cu concentrate,concentrate_economic
BC-MAIN-599152a0,,Water,Mercury (and its compounds),Emission,Waterbody,tonnes,,BC-MAIN-599152a0,"Au and Ag and Cu, Open-pit mining and beneficiation at Copper Mountain",Cu,63500.0,1.0,mining,,Cu concentrate,concentrate_economic
BC-MAIN-599152a0,,Water,Phosphorus (total),Emission,Waterbody,tonnes,,BC-MAIN-599152a0,"Au and Ag and Cu, Open-pit mining and beneficiation at Copper Mountain",Cu,63500.0,1.0,mining,,Cu concentrate,concentrate_economic
BC-MAIN-599152a0,,Water,Selenium (and its compounds),Emission,Waterbody,kg,,BC-MAIN-599152a0,"Au and Ag and Cu, Open-pit mining and beneficiation at Copper Mountain",Cu,63500.0,1.0,mining,,Cu concentrate,concentrate_economic
BC-MAIN-599152a0,,Water,Thallium (and its compounds),Emission,Waterbody,kg,,BC-MAIN-599152a0,"Au and Ag and Cu, Open-pit mining and beneficiation at Copper Mountain",Cu,63500.0,1.0,mining,,Cu concentrate,concentrate_economic
ON-MAIN-7f050560,,Water,Arsenic (and its compounds),Emission,Waterbody,kg,,ON-MAIN-7f050560,"Au, Underground mining and beneficiation at Red Lake",Au,3.5769025,1.0,mining,,Au concentrate,concentrate_economic
ON-MAIN-7f050560,,Water,Cadmium (and its compounds),Emission,Waterbody,kg,,ON-MAIN-7f050560,"Au, Underground mining and beneficiation at Red Lake",Au,3.5769025,1.0,mining,,Au concentrate,concentrate_economic
ON-MAIN-7f050560,,Water,Cobalt (and its compounds),Emission,Waterbody,kg,,ON-MAIN-7f050560,"Au, Underground mining and beneficiation at Red Lake",Au,3.5769025,1.0,mining,,Au concentrate,concentrate_economic
ON-MAIN-7f050560,,Water,Lead (and its compounds),Emission,Waterbody,kg,,ON-MAIN-7f050560,"Au, Underground mining and beneficiation at Red Lake",Au,3.5769025,1.0,mining,,Au concentrate,concentrate_economic
ON-MAIN-7f050560,,Water,Mercury (and its compounds),Emission,Waterbody,tonnes,,ON-MAIN-7f050560,"Au, Underground mining and beneficiation at Red Lake",Au,3.5769025,1.0,mining,,Au concentrate,concentrate_economic
ON-MAIN-7f050560,,Water,Nitrate ion in solution at pH >= 6.0,Emission,Waterbody,tonnes,,ON-MAIN-7f050560,"Au, Underground mining and beneficiation at Red Lake",Au,3.5769025,1.0,mining,,Au concentrate,concentrate_economic
BC-MAIN-6b4800fe,,Water,Arsenic (and its compounds),Emission,Waterbody,kg,,BC-MAIN-6b4800fe,"Cu and Mo, Open-pit mining and beneficiation at Gibraltar",Cu,185367.93066666668,0.9997556641309961,mining,,Cu concentrate,concentrate_economic
BC-MAIN-6b4800fe,,Water,Arsenic (and its compounds),Emission,Waterbody,kg,,BC-MAIN-6b4800fe,"Cu and Mo, Open-pit mining and beneficiation at Gibraltar",Mo,10.690540862745097,0.0002443358690038284,mining,,Mo concentrate,concentrate_economic
BC-MAIN-6b4800fe,,Water,Cadmium (and its compounds),Emission,Waterbody,kg,,BC-MAIN-6b4800fe,"Cu and Mo, Open-pit mining and beneficiation at Gibraltar",Cu,185367.93066666668,0.9997556641309961,mining,,Cu concentrate,concentrate_economic
BC-MAIN-6b4800fe,,Water,Cadmium (and its compounds),Emission,Waterbody,kg,,BC-MAIN-6b4800fe,"Cu and Mo, Open-pit mining and beneficiation at Gibraltar",Mo,10.690540862745097,0.0002443358690038284,mining,,Mo concentrate,concentrate_economic
BC-MAIN-6b4800fe,,Water,Chromium (and its compounds),Emission,Waterbody,tonnes,,BC-MAIN-6b4800fe,"Cu and Mo, Open-pit mining and beneficiation at Gibraltar",Cu,185367.93066666668,0.9997556641309961,mining,,Cu concentrate,concentrate_economic
BC-MAIN-6b4800fe,,Water,Chromium (and its compounds),Emission,Waterbody,tonnes,,BC-MAIN-6b4800fe,"Cu and Mo, Open-pit mining and beneficiation at Gibraltar",Mo,10.690540862745097,0.0002443358690038284,mining,,Mo concentrate,concentrate_economic
BC-MAIN-6b4800fe,,Water,Cobalt (and its compounds),Emission,Waterbody,kg,,BC-MAIN-6b4800fe,"Cu and Mo, Open-pit mining and beneficiation at Gibraltar",Cu,185367.93066666668,0.9997556641309961,mining,,Cu concentrate,concentrate_economic
BC-MAIN-6b4800fe,,Water,Cobalt (and its compounds),Emission,Waterbody,kg,,BC-MAIN-6b4800fe,"Cu and Mo, Open-pit mining and beneficiation at Gibraltar",Mo,10.690540862745097,0.0002443358690038284,mining,,Mo concentrate,concentrate_economic
BC-MAIN-6b4800fe,,Water,Copper (and its compounds),Emission,Waterbody,tonnes,,BC-MAIN-6b4800fe,"Cu and Mo, Open-pit mining and beneficiation at Gibraltar",Cu,185367.93066666668,0.9997556641309961,mining,,Cu concentrate,concentrate_economic
BC-MAIN-6b4800fe,,Water,Copper (and its compounds),Emission,Waterbody,tonnes,,BC-MAIN-6b4800fe,"Cu and Mo, Open-pit mining and beneficiation at Gibraltar",Mo,10.690540862745097,0.0002443358690038284,mining,,Mo concentrate,concentrate_economic
BC-MAIN-6b4800fe,,Water,Lead (and its compounds),Emission,Waterbody,kg,,BC-MAIN-6b4800fe,"Cu and Mo, Open-pit mining and beneficiation at Gibraltar",Cu,185367.93066666668,0.9997556641309961,mining,,Cu concentrate,concentrate_economic
BC-MAIN-6b4800fe,,Water,Lead (and its compounds),Emission,Waterbody,kg,,BC-MAIN-6b4800fe,"Cu and Mo, Open-pit mining and beneficiation at Gibraltar",Mo,10.690540862745097,0.0002443358690038284,mining,,Mo concentrate,concentrate_economic
BC-MAIN-6b4800fe,,Water,Manganese (and its compounds),Emission,Waterbody,tonnes,,BC-MAIN-6b4800fe,"Cu and Mo, Open-pit mining and beneficiation at Gibraltar",Cu,185367.93066666668,0.9997556641309961,mining,,Cu concentrate,concentrate_economic
BC-MAIN-6b4800fe,,Water,Manganese (and its compounds),Emission,Waterbody,tonnes,,BC-MAIN-6b4800fe,"Cu and Mo, Open-pit mining and beneficiation at Gibraltar",Mo,10.690540862745097,0.0002443358690038284,mining,,Mo concentrate,concentrate_economic
BC-MAIN-6b4800fe,,Water,Mercury (and its compounds),Emission,Waterbody,tonnes,,BC-MAIN-6b4800fe,"Cu and Mo, Open-pit mining and beneficiation at Gibraltar",Cu,185367.93066666668,0.9997556641309961,mining,,Cu concentrate,concentrate_economic
BC-MAIN-6b4800fe,,Water,Mercury (and its compounds),Emission,Waterbody,tonnes,,BC-MAIN-6b4800fe,"Cu and Mo, Open-pit mining and beneficiation at Gibraltar",Mo,10.690540862745097,0.0002443358690038284,mining,,Mo concentrate,concentrate_economic
BC-MAIN-6b4800fe,,Water,Nickel (and its compounds),Emission,Waterbody,tonnes,,BC-MAIN-6b4800fe,"Cu and Mo, Open-pit mining and beneficiation at Gibraltar",Cu,185367.93066666668,0.9997556641309961,mining,,Cu concentrate,concentrate_economic
BC-MAIN-6b4800fe,,Water,Nickel (and its compounds),Emission,Waterbody,tonnes,,BC-MAIN-6b4800fe,"Cu and Mo, Open-pit mining and beneficiation at Gibraltar",Mo,10.690540862745097,0.0002443358690038284,mining,,Mo concentrate,concentrate_economic
BC-MAIN-6b4800fe,,Water,Selenium (and its compounds),Emission,Waterbody,kg,,BC-MAIN-6b4800fe,"Cu and Mo, Open-pit mining and beneficiation at Gibraltar",Cu,185367.93066666668,0.9997556641309961,mining,,Cu concentrate,concentrate_economic
BC-MAIN-6b4800fe,,Water,Selenium (and its compounds),Emission,Waterbody,kg,,BC-MAIN-6b4800fe,"Cu and Mo, Open-pit mining and beneficiation at Gibraltar",Mo,10.690540862745097,0.0002443358690038284,mining,,Mo concentrate,concentrate_economic
BC-MAIN-6b4800fe,,Water,Zinc (and its compounds),Emission,Waterbody,tonnes,,BC-MAIN-6b4800fe,"Cu and Mo, Open-pit mining and beneficiation at Gibraltar",Cu,185367.93066666668,0.9997556641309961,mining,,Cu concentrate,concentrate_economic
BC-MAIN-6b4800fe,,Water,Zinc (and its compounds),Emission,Waterbody,tonnes,,BC-MAIN-6b4800fe,"Cu and Mo, Open-pit mining and beneficiation at Gibraltar",Mo,10.690540862745097,0.0002443358690038284,mining,,Mo concentrate,concentrate_economic
QC-MAIN-a97821c0,,Water,Arsenic (and its compounds),Emission,Waterbody,kg,,QC-MAIN-a97821c0,"Cu and Ni and Co and Pt, Underground mining and beneficiation at Raglan",Ni,151450.0,1.0,mining,,Ni concentrate,concentrate_economic
QC-MAIN-a97821c0,,Water,Cadmium (and its compounds),Emission,Waterbody,kg,,QC-MAIN-a97821c0,"Cu and Ni and Co and Pt, Underground mining and beneficiation at Raglan",Ni,151450.0,1.0,mining,,Ni concentrate,concentrate_economic
QC-MAIN-a97821c0,,Water,Chromium (and its compounds),Emission,Waterbody,tonnes,,QC-MAIN-a97821c0,"Cu and Ni and Co and Pt, Underground mining and beneficiation at Raglan",Ni,151450.0,1.0,mining,,Ni concentrate,concentrate_economic
QC-MAIN-a97821c0,,Water,Cobalt (and its compounds),Emission,Waterbody,kg,,QC-MAIN-a97821c0,"Cu and Ni and Co and Pt, Underground mining and beneficiation at Raglan",Ni,151450.0,1.0,mining,,Ni concentrate,concentrate_economic
QC-MAIN-a97821c0,,Water,Copper (and its compounds),Emission,Waterbody,tonnes,,QC-MAIN-a97821c0,"Cu and Ni and Co and Pt, Underground mining and beneficiation at Raglan",Ni,151450.0,1.0,mining,,Ni concentrate,concentrate_economic
QC-MAIN-a97821c0,,Water,Lead (and its compounds),Emission,Waterbody,kg,,QC-MAIN-a97821c0,"Cu and Ni and Co and Pt, Underground mining and beneficiation at Raglan",Ni,151450.0,1.0,mining,,Ni concentrate,concentrate_economic
QC-MAIN-a97821c0,,Water,Manganese (and its compounds),Emission,Waterbody,tonnes,,QC-MAIN-a97821c0,"Cu and Ni and Co and Pt, Underground mining and beneficiation at Raglan",Ni,151450.0,1.0,mining,,Ni concentrate,concentrate_economic
QC-MAIN-a97821c0,,Water,Mercury (and its compounds),Emission,Waterbody,tonnes,,QC-MAIN-a97821c0,"Cu and Ni and Co and Pt, Underground mining and beneficiation at Raglan",Ni,151450.0,1.0,mining,,Ni concentrate,concentrate_economic
QC-MAIN-a97821c0,,Water,Nickel (and its compounds),Emission,Waterbody,tonnes,,QC-MAIN-a97821c0,"Cu and Ni and Co and Pt, Underground mining and beneficiation at Raglan",Ni,151450.0,1.0,mining,,Ni concentrate,concentrate_economic
QC-MAIN-a97821c0,,Water,Nitrate ion in solution at pH >= 6.0,Emission,Waterbody,tonnes,,QC-MAIN-a97821c0,"Cu and Ni and Co and Pt, Underground mining and beneficiation at Raglan",Ni,151450.0,1.0,mining,,Ni concentrate,concentrate_economic
QC-MAIN-a97821c0,,Water,Phosphorus (total),Emission,Waterbody,tonnes,,QC-MAIN-a97821c0,"Cu and Ni and Co and Pt, Underground mining and beneficiation at Raglan",Ni,151450.0,1.0,mining,,Ni concentrate,concentrate_economic
QC-MAIN-a97821c0,,Water,Selenium (and its compounds),Emission,Waterbody,kg,,QC-MAIN-a97821c0,"Cu and Ni and Co and Pt, Underground mining and beneficiation at Raglan",Ni,151450.0,1.0,mining,,Ni concentrate,concentrate_economic
QC-MAIN-a97821c0,,Water,Thallium (and its compounds),Emission,Waterbody,kg,,QC-MAIN-a97821c0,"Cu and Ni and Co and Pt, Underground mining and beneficiation at Raglan",Ni,151450.0,1.0,mining,,Ni concentrate,concentrate_economic
QC-MAIN-a97821c0,,Water,Zinc (and its compounds),Emission,Waterbody,tonnes,,QC-MAIN-a97821c0,"Cu and Ni and Co and Pt, Underground mining and beneficiation at Raglan",Ni,151450.0,1.0,mining,,Ni concentrate,concentrate_economic
ON-MAIN-f8313ebd,,Water,Arsenic (and its compounds),Emission,Waterbody,kg,,ON-MAIN-f8313ebd,"Ag and Cu and Zn, Underground mining and beneficiation at Kidd Creek",Cu,75333.33333333334,0.7230258878971872,mining,,Cu concentrate,concentrate_economic
ON-MAIN-f8313ebd,,Water,Arsenic (and its compounds),Emission,Waterbody,kg,,ON-MAIN-f8313ebd,"Ag and Cu and Zn, Underground mining and beneficiation at Kidd Creek",Zn,77200.0,0.2769741121028128,mining,,Zn concentrate,concentrate_economic
ON-MAIN-f8313ebd,,Water,Cadmium (and its compounds),Emission,Waterbody,kg,,ON-MAIN-f8313ebd,"Ag and Cu and Zn, Underground mining and beneficiation at Kidd Creek",Cu,75333.33333333334,0.7230258878971872,mining,,Cu concentrate,concentrate_economic
ON-MAIN-f8313ebd,,Water,Cadmium (and its compounds),Emission,Waterbody,kg,,ON-MAIN-f8313ebd,"Ag and Cu and Zn, Underground mining and beneficiation at Kidd Creek",Zn,77200.0,0.2769741121028128,mining,,Zn concentrate,concentrate_economic
ON-MAIN-f8313ebd,,Water,Copper (and its compounds),Emission,Waterbody,tonnes,,ON-MAIN-f8313ebd,"Ag and Cu and Zn, Underground mining and beneficiation at Kidd Creek",Cu,75333.33333333334,0.7230258878971872,mining,,Cu concentrate,concentrate_economic
ON-MAIN-f8313ebd,,Water,Copper (and its compounds),Emission,Waterbody,tonnes,,ON-MAIN-f8313ebd,"Ag and Cu and Zn, Underground mining and beneficiation at Kidd Creek",Zn,77200.0,0.2769741121028128,mining,,Zn concentrate,concentrate_economic
ON-MAIN-f8313ebd,,Water,Lead (and its compounds),Emission,Waterbody,kg,,ON-MAIN-f8313ebd,"Ag and Cu and Zn, Underground mining and beneficiation at Kidd Creek",Cu,75333.33333333334,0.7230258878971872,mining,,Cu concentrate,concentrate_economic
ON-MAIN-f8313ebd,,Water,Lead (and its compounds),Emission,Waterbody,kg,,ON-MAIN-f8313ebd,"Ag and Cu and Zn, Underground mining and beneficiation at Kidd Creek",Zn,77200.0,0.2769741121028128,mining,,Zn concentrate,concentrate_economic
ON-MAIN-f8313ebd,,Water,Nitrate ion in solution at pH >= 6.0,Emission,Waterbody,tonnes,,ON-MAIN-f8313ebd,"Ag and Cu and Zn, Underground mining and beneficiation at Kidd Creek",Cu,75333.33333333334,0.7230258878971872,mining,,Cu concentrate,concentrate_economic
ON-MAIN-f8313ebd,,Water,Nitrate ion in solution at pH >= 6.0,Emission,Waterbody,tonnes,,ON-MAIN-f8313ebd,"Ag and Cu and Zn, Underground mining and beneficiation at Kidd Creek",Zn,77200.0,0.2769741121028128,mining,,Zn concentrate,concentrate_economic
ON-MAIN-f8313ebd,,Water,Selenium (and its compounds),Emission,Waterbody,kg,,ON-MAIN-f8313ebd,"Ag and Cu and Zn, Underground mining and beneficiation at Kidd Creek",Cu,75333.33333333334,0.7230258878971872,mining,,Cu concentrate,concentrate_economic
ON-MAIN-f8313ebd,,Water,Selenium (and its compounds),Emission,Waterbody,kg,,ON-MAIN-f8313ebd,"Ag and Cu and Zn, Underground mining and beneficiation at Kidd Creek",Zn,77200.0,0.2769741121028128,mining,,Zn concentrate,concentrate_economic
ON-MAIN-f8313ebd,,Water,Zinc (and its compounds),Emission,Waterbody,tonnes,,ON-MAIN-f8313ebd,"Ag and Cu and Zn, Underground mining and beneficiation at Kidd Creek",Cu,75333.33333333334,0.7230258878971872,mining,,Cu concentrate,concentrate_economic
ON-MAIN-f8313ebd,,Water,Zinc (and its compounds),Emission,Waterbody,tonnes,,ON-MAIN-f8313ebd,"Ag and Cu and Zn, Underground mining and beneficiation at Kidd Creek",Zn,77200.0,0.2769741121028128,mining,,Zn concentrate,concentrate_economic
ON-MAIN-fefeaee4,,Water,Ammonia (total),Emission,Waterbody,tonnes,,ON-MAIN-fefeaee4,"Au, Underground mining and beneficiation at Musselwhite",Au,5.712887755102041,1.0,mining,,Au concentrate,concentrate_economic
QC-MAIN-6dc537e6,,Water,Antimony (and its compounds),Emission,Waterbody,tonnes,,QC-MAIN-6dc537e6,"Au and Ag, Underground mining and beneficiation at Éléonore",Au,7.738899920918366,1.0,mining,,Au concentrate,concentrate_economic
ON-MAIN-fefeaee4,,Water,Arsenic (and its compounds),Emission,Waterbody,kg,,ON-MAIN-fefeaee4,"Au, Underground mining and beneficiation at Musselwhite",Au,5.712887755102041,1.0,mining,,Au concentrate,concentrate_economic
QC-MAIN-6dc537e6,,Water,Arsenic (and its compounds),Emission,Waterbody,kg,,QC-MAIN-6dc537e6,"Au and Ag, Underground mining and beneficiation at Éléonore",Au,7.738899920918366,1.0,mining,,Au concentrate,concentrate_economic
ON-MAIN-fefeaee4,,Water,Cadmium (and its compounds),Emission,Waterbody,kg,,ON-MAIN-fefeaee4,"Au, Underground mining and beneficiation at Musselwhite",Au,5.712887755102041,1.0,mining,,Au concentrate,concentrate_economic
QC-MAIN-6dc537e6,,Water,Cadmium (and its compounds),Emission,Waterbody,kg,,QC-MAIN-6dc537e6,"Au and Ag, Underground mining and beneficiation at Éléonore",Au,7.738899920918366,1.0,mining,,Au concentrate,concentrate_economic
QC-MAIN-6dc537e6,,Water,Chromium (and its compounds),Emission,Waterbody,tonnes,,QC-MAIN-6dc537e6,"Au and Ag, Underground mining and beneficiation at Éléonore",Au,7.738899920918366,1.0,mining,,Au concentrate,concentrate_economic
ON-MAIN-fefeaee4,,Water,Cobalt (and its compounds),Emission,Waterbody,kg,,ON-MAIN-fefeaee4,"Au, Underground mining and beneficiation at Musselwhite",Au,5.712887755102041,1.0,mining,,Au concentrate,concentrate_economic
QC-MAIN-6dc537e6,,Water,Cobalt (and its compounds),Emission,Waterbody,kg,,QC-MAIN-6dc537e6,"Au and Ag, Underground mining and beneficiation at Éléonore",Au,7.738899920918366,1.0,mining,,Au concentrate,concentrate_economic
QC-MAIN-6dc537e6,,Water,Copper (and its compounds),Emission,Waterbody,tonnes,,QC-MAIN-6dc537e6,"Au and Ag, Underground mining and beneficiation at Éléonore",Au,7.738899920918366,1.0,mining,,Au concentrate,concentrate_economic
QC-MAIN-6dc537e6,,Water,Cyanides (ionic),Emission,Waterbody,tonnes,,QC-MAIN-6dc537e6,"Au and Ag, Underground mining and beneficiation at Éléonore",Au,7.738899920918366,1.0,mining,,Au concentrate,concentrate_economic
ON-MAIN-fefeaee4,,Water,Lead (and its compounds),Emission,Waterbody,kg,,ON-MAIN-fefeaee4,"Au, Underground mining and beneficiation at Musselwhite",Au,5.712887755102041,1.0,mining,,Au concentrate,concentrate_economic
QC-MAIN-6dc537e6,,Water,Lead (and its compounds),Emission,Waterbody,kg,,QC-MAIN-6dc537e6,"Au and Ag, Underground mining and beneficiation at Éléonore",Au,7.738899920918366,1.0,mining,,Au concentrate,concentrate_economic
QC-MAIN-6dc537e6,,Water,Manganese (and its compounds),Emission,Waterbody,tonnes,,QC-MAIN-6dc537e6,"Au and Ag, Underground mining and beneficiation at Éléonore",Au,7.738899920918366,1.0,mining,,Au concentrate,concentrate_economic
ON-MAIN-fefeaee4,,Water,Mercury (and its compounds),Emission,Waterbody,tonnes,,ON-MAIN-fefeaee4,"Au, Underground mining and beneficiation at Musselwhite",Au,5.712887755102041,1.0,mining,,Au concentrate,concentrate_economic
QC-MAIN-6dc537e6,,Water,Mercury (and its compounds),Emission,Waterbody,tonnes,,QC-MAIN-6dc537e6,"Au and Ag, Underground mining and beneficiation at Éléonore",Au,7.738899920918366,1.0,mining,,Au concentrate,concentrate_economic
QC-MAIN-6dc537e6,,Water,Nickel (and its compounds),Emission,Waterbody,tonnes,,QC-MAIN-6dc537e6,"Au and Ag, Underground mining and beneficiation at Éléonore",Au,7.738899920918366,1.0,mining,,Au concentrate,concentrate_economic
ON-MAIN-fefeaee4,,Water,Nitrate ion in solution at pH >= 6.0,Emission,Waterbody,tonnes,,ON-MAIN-fefeaee4,"Au, Underground mining and beneficiation at Musselwhite",Au,5.712887755102041,1.0,mining,,Au concentrate,concentrate_economic
QC-MAIN-6dc537e6,,Water,Nitrate ion in solution at pH >= 6.0,Emission,Waterbody,tonnes,,QC-MAIN-6dc537e6,"Au and Ag, Underground mining and beneficiation at Éléonore",Au,7.738899920918366,1.0,mining,,Au concentrate,concentrate_economic
ON-MAIN-fefeaee4,,Water,Selenium (and its compounds),Emission,Waterbody,kg,,ON-MAIN-fefeaee4,"Au, Underground mining and beneficiation at Musselwhite",Au,5.712887755102041,1.0,mining,,Au concentrate,concentrate_economic
QC-MAIN-6dc537e6,,Water,Selenium (and its compounds),Emission,Waterbody,kg,,QC-MAIN-6dc537e6,"Au and Ag, Underground mining and beneficiation at Éléonore",Au,7.738899920918366,1.0,mining,,Au concentrate,concentrate_economic
ON-MAIN-fefeaee4,,Water,Thallium (and its compounds),Emission,Waterbody,kg,,ON-MAIN-fefeaee4,"Au, Underground mining and beneficiation at Musselwhite",Au,5.712887755102041,1.0,mining,,Au concentrate,concentrate_economic
QC-MAIN-6dc537e6,,Water,Thallium (and its compounds),Emission,Waterbody,kg,,QC-MAIN-6dc537e6,"Au and Ag, Underground mining and beneficiation at Éléonore",Au,7.738899920918366,1.0,mining,,Au concentrate,concentrate_economic
QC-MAIN-6dc537e6,,Water,Vanadium (and its compounds),Emission,Waterbody,tonnes,,QC-MAIN-6dc537e6,"Au and Ag, Underground mining and beneficiation at Éléonore",Au,7.738899920918366,1.0,mining,,Au concentrate,concentrate_economic
QC-MAIN-6dc537e6,,Water,Zinc (and its compounds),Emission,Waterbody,tonnes,,QC-MAIN-6dc537e6,"Au and Ag, Underground mining and beneficiation at Éléonore",Au,7.738899920918366,1.0,mining,,Au concentrate,concentrate_economic
QC-MAIN-b86f7d07,,Water,Ammonia (total),Emission,Waterbody,tonnes,,QC-MAIN-b86f7d07,"Au and Ag, Open-pit and underground mining and beneficiation at Casa Berardi",Au,3.5165997959183577,1.0,mining,,Au concentrate,concentrate_economic
QC-MAIN-b86f7d07,,Water,Arsenic (and its compounds),Emission,Waterbody,kg,,QC-MAIN-b86f7d07,"Au and Ag, Open-pit and underground mining and beneficiation at Casa Berardi",Au,3.5165997959183577,1.0,mining,,Au concentrate,concentrate_economic
QC-MAIN-b86f7d07,,Water,Cadmium (and its compounds),Emission,Waterbody,kg,,QC-MAIN-b86f7d07,"Au and Ag, Open-pit and underground mining and beneficiation at Casa Berardi",Au,3.5165997959183577,1.0,mining,,Au concentrate,concentrate_economic
QC-MAIN-b86f7d07,,Water,Chromium (and its compounds),Emission,Waterbody,tonnes,,QC-MAIN-b86f7d07,"Au and Ag, Open-pit and underground mining and beneficiation at Casa Berardi",Au,3.5165997959183577,1.0,mining,,Au concentrate,concentrate_economic
QC-MAIN-b86f7d07,,Water,Cobalt (and its compounds),Emission,Waterbody,kg,,QC-MAIN-b86f7d07,"Au and Ag, Open-pit and underground mining and beneficiation at Casa Berardi",Au,3.5165997959183577,1.0,mining,,Au concentrate,concentrate_economic
QC-MAIN-b86f7d07,,Water,Copper (and its compounds),Emission,Waterbody,tonnes,,QC-MAIN-b86f7d07,"Au and Ag, Open-pit and underground mining and beneficiation at Casa Berardi",Au,3.5165997959183577,1.0,mining,,Au concentrate,concentrate_economic
QC-MAIN-b86f7d07,,Water,Lead (and its compounds),Emission,Waterbody,kg,,QC-MAIN-b86f7d07,"Au and Ag, Open-pit and underground mining and beneficiation at Casa Berardi",Au,3.5165997959183577,1.0,mining,,Au concentrate,concentrate_economic
QC-MAIN-b86f7d07,,Water,Manganese (and its compounds),Emission,Waterbody,tonnes,,QC-MAIN-b86f7d07,"Au and Ag, Open-pit and underground mining and beneficiation at Casa Berardi",Au,3.5165997959183577,1.0,mining,,Au concentrate,concentrate_economic
QC-MAIN-b86f7d07,,Water,Mercury (and its compounds),Emission,Waterbody,tonnes,,QC-MAIN-b86f7d07,"Au and Ag, Open-pit and underground mining and beneficiation at Casa Berardi",Au,3.5165997959183577,1.0,mining,,Au concentrate,concentrate_economic
QC-MAIN-b86f7d07,,Water,Nickel (and its compounds),Emission,Waterbody,tonnes,,QC-MAIN-b86f7d07,"Au and Ag, Open-pit and underground mining and beneficiation at Casa Berardi",Au,3.5165997959183577,1.0,mining,,Au concentrate,concentrate_economic
QC-MAIN-b86f7d07,,Water,Nitrate ion in solution at pH >= 6.0,Emission,Waterbody,tonnes,,QC-MAIN-b86f7d07,"Au and Ag, Open-pit and underground mining and beneficiation at Casa Berardi",Au,3.5165997959183577,1.0,mining,,Au concentrate,concentrate_economic
QC-MAIN-b86f7d07,,Water,Selenium (and its compounds),Emission,Waterbody,kg,,QC-MAIN-b86f7d07,"Au and Ag, Open-pit and underground mining and beneficiation at Casa Berardi",Au,3.5165997959183577,1.0,mining,,Au concentrate,concentrate_economic
QC-MAIN-b86f7d07,,Water,Zinc (and its compounds),Emission,Waterbody,tonnes,,QC-MAIN-b86f7d07,"Au and Ag, Open-pit and underground mining and beneficiation at Casa Berardi",Au,3.5165997959183577,1.0,mining,,Au concentrate,concentrate_economic
BC-MAIN-3f490561,,Water,Antimony (and its compounds),Emission,Waterbody,tonnes,,BC-MAIN-3f490561,"Au and Cu, Open-pit mining and beneficiation at Mount Polley",Cu,45578.436133333336,1.0,mining,,Cu concentrate,concentrate_economic
BC-MAIN-3f490561,,Water,Arsenic (and its compounds),Emission,Waterbody,kg,,BC-MAIN-3f490561,"Au and Cu, Open-pit mining and beneficiation at Mount Polley",Cu,45578.436133333336,1.0,mining,,Cu concentrate,concentrate_economic
BC-MAIN-3f490561,,Water,Cadmium (and its compounds),Emission,Waterbody,kg,,BC-MAIN-3f490561,"Au and Cu, Open-pit mining and beneficiation at Mount Polley",Cu,45578.436133333336,1.0,mining,,Cu concentrate,concentrate_economic
BC-MAIN-3f490561,,Water,Cobalt (and its compounds),Emission,Waterbody,kg,,BC-MAIN-3f490561,"Au and Cu, Open-pit mining and beneficiation at Mount Polley",Cu,45578.436133333336,1.0,mining,,Cu concentrate,concentrate_economic
BC-MAIN-3f490561,,Water,Copper (and its compounds),Emission,Waterbody,tonnes,,BC-MAIN-3f490561,"Au and Cu, Open-pit mining and beneficiation at Mount Polley",Cu,45578.436133333336,1.0,mining,,Cu concentrate,concentrate_economic
BC-MAIN-3f490561,,Water,Lead (and its compounds),Emission,Waterbody,kg,,BC-MAIN-3f490561,"Au and Cu, Open-pit mining and beneficiation at Mount Polley",Cu,45578.436133333336,1.0,mining,,Cu concentrate,concentrate_economic
BC-MAIN-3f490561,,Water,Manganese (and its compounds),Emission,Waterbody,tonnes,,BC-MAIN-3f490561,"Au and Cu, Open-pit mining and beneficiation at Mount Polley",Cu,45578.436133333336,1.0,mining,,Cu concentrate,concentrate_economic
BC-MAIN-3f490561,,Water,Nickel (and its compounds),Emission,Waterbody,tonnes,,BC-MAIN-3f490561,"Au and Cu, Open-pit mining and beneficiation at Mount Polley",Cu,45578.436133333336,1.0,mining,,Cu concentrate,concentrate_economic
BC-MAIN-3f490561,,Water,Nitrate ion in solution at pH >= 6.0,Emission,Waterbody,tonnes,,BC-MAIN-3f490561,"Au and Cu, Open-pit mining and beneficiation at Mount Polley",Cu,45578.436133333336,1.0,mining,,Cu concentrate,concentrate_economic
BC-MAIN-3f490561,,Water,Phosphorus (total),Emission,Waterbody,tonnes,,BC-MAIN-3f490561,"Au and Cu, Open-pit mining and beneficiation at Mount Polley",Cu,45578.436133333336,1.0,mining,,Cu concentrate,concentrate_economic
BC-MAIN-3f490561,,Water,Selenium (and its compounds),Emission,Waterbody,kg,,BC-MAIN-3f490561,"Au and Cu, Open-pit mining and beneficiation at Mount Polley",Cu,45578.436133333336,1.0,mining,,Cu concentrate,concentrate_economic
BC-MAIN-3f490561,,Water,Vanadium (and its compounds),Emission,Waterbody,tonnes,,BC-MAIN-3f490561,"Au and Cu, Open-pit mining and beneficiation at Mount Polley",Cu,45578.436133333336,1.0,mining,,Cu concentrate,concentrate_economic
BC-MAIN-3f490561,,Water,Zinc (and its compounds),Emission,Waterbody,tonnes,,BC-MAIN-3f490561,"Au and Cu, Open-pit mining and beneficiation at Mount Polley",Cu,45578.436133333336,1.0,mining,,Cu concentrate,concentrate_economic
ON-MAIN-aeafbb59,,Water,Arsenic (and its compounds),Emission,Waterbody,kg,,ON-MAIN-aeafbb59,"Au and Ag, Open-pit mining and beneficiation at Detour Lake",Au,24.0082838377551,1.0,mining,,Au concentrate,concentrate_economic
ON-MAIN-aeafbb59,,Water,Copper (and its compounds),Emission,Waterbody,tonnes,,ON-MAIN-aeafbb59,"Au and Ag, Open-pit mining and beneficiation at Detour Lake",Au,24.0082838377551,1.0,mining,,Au concentrate,concentrate_economic
ON-MAIN-aeafbb59,,Water,Lead (and its compounds),Emission,Waterbody,kg,,ON-MAIN-aeafbb59,"Au and Ag, Open-pit mining and beneficiation at Detour Lake",Au,24.0082838377551,1.0,mining,,Au concentrate,concentrate_economic
ON-MAIN-aeafbb59,,Water,Nickel (and its compounds),Emission,Waterbody,tonnes,,ON-MAIN-aeafbb59,"Au and Ag, Open-pit mining and beneficiation at Detour Lake",Au,24.0082838377551,1.0,mining,,Au concentrate,concentrate_economic
ON-MAIN-aeafbb59,,Water,Zinc (and its compounds),Emission,Waterbody,tonnes,,ON-MAIN-aeafbb59,"Au and Ag, Open-pit mining and beneficiation at Detour Lake",Au,24.0082838377551,1.0,mining,,Au concentrate,concentrate_economic
QC-MAIN-e51eda66,,Water,Ammonia (total),Emission,Waterbody,tonnes,,QC-MAIN-e51eda66,"Au and Ag and Cu and Zn, Underground mining and beneficiation at LaRonde",Cu,8593.20125,0.09772240804218515,mining,,Cu concentrate,concentrate_economic
QC-MAIN-e51eda66,,Water,Ammonia (total),Emission,Waterbody,tonnes,,QC-MAIN-e51eda66,"Au and Ag and Cu and Zn, Underground mining and beneficiation at LaRonde",Zn,15404.877034,0.06548662801881933,mining,,Zn concentrate,concentrate_economic
QC-MAIN-e51eda66,,Water,Ammonia (total),Emission,Waterbody,tonnes,,QC-MAIN-e51eda66,"Au and Ag and Cu and Zn, Underground mining and beneficiation at LaRonde",Au,9.802902790306113,0.8367909639389955,mining,,Au concentrate,concentrate_economic
QC-MAIN-e51eda66,,Water,Arsenic (and its compounds),Emission,Waterbody,kg,,QC-MAIN-e51eda66,"Au and Ag and Cu and Zn, Underground mining and beneficiation at LaRonde",Cu,8593.20125,0.09772240804218515,mining,,Cu concentrate,concentrate_economic
QC-MAIN-e51eda66,,Water,Arsenic (and its compounds),Emission,Waterbody,kg,,QC-MAIN-e51eda66,"Au and Ag and Cu and Zn, Underground mining and beneficiation at LaRonde",Zn,15404.877034,0.06548662801881933,mining,,Zn concentrate,concentrate_economic
QC-MAIN-e51eda66,,Water,Arsenic (and its compounds),Emission,Waterbody,kg,,QC-MAIN-e51eda66,"Au and Ag and Cu and Zn, Underground mining and beneficiation at LaRonde",Au,9.802902790306113,0.8367909639389955,mining,,Au concentrate,concentrate_economic
QC-MAIN-e51eda66,,Water,Cadmium (and its compounds),Emission,Waterbody,kg,,QC-MAIN-e51eda66,"Au and Ag and Cu and Zn, Underground mining and beneficiation at LaRonde",Cu,8593.20125,0.09772240804218515,mining,,Cu concentrate,concentrate_economic
QC-MAIN-e51eda66,,Water,Cadmium (and its compounds),Emission,Waterbody,kg,,QC-MAIN-e51eda66,"Au and Ag and Cu and Zn, Underground mining and beneficiation at LaRonde",Zn,15404.877034,0.06548662801881933,mining,,Zn concentrate,concentrate_economic
QC-MAIN-e51eda66,,Water,Cadmium (and its compounds),Emission,Waterbody,kg,,QC-MAIN-e51eda66,"Au and Ag and Cu and Zn, Underground mining and beneficiation at LaRonde",Au,9.802902790306113,0.8367909639389955,mining,,Au concentrate,concentrate_economic
QC-MAIN-e51eda66,,Water,Chromium (and its compounds),Emission,Waterbody,tonnes,,QC-MAIN-e51eda66,"Au and Ag and Cu and Zn, Underground mining and beneficiation at LaRonde",Cu,8593.20125,0.09772240804218515,mining,,Cu concentrate,concentrate_economic
QC-MAIN-e51eda66,,Water,Chromium (and its compounds),Emission,Waterbody,tonnes,,QC-MAIN-e51eda66,"Au and Ag and Cu and Zn, Underground mining and beneficiation at LaRonde",Zn,15404.877034,0.06548662801881933,mining,,Zn concentrate,concentrate_economic
QC-MAIN-e51eda66,,Water,Chromium (and its compounds),Emission,Waterbody,tonnes,,QC-MAIN-e51eda66,"Au and Ag and Cu and Zn, Underground mining and beneficiation at LaRonde",Au,9.802902790306113,0.8367909639389955,mining,,Au concentrate,concentrate_economic
QC-MAIN-e51eda66,,Water,Cobalt (and its compounds),Emission,Waterbody,kg,,QC-MAIN-e51eda66,"Au and Ag and Cu and Zn, Underground mining and beneficiation at LaRonde",Cu,8593.20125,0.09772240804218515,mining,,Cu concentrate,concentrate_economic
QC-MAIN-e51eda66,,Water,Cobalt (and its compounds),Emission,Waterbody,kg,,QC-MAIN-e51eda66,"Au and Ag and Cu and Zn, Underground mining and beneficiation at LaRonde",Zn,15404.877034,0.06548662801881933,mining,,Zn concentrate,concentrate_economic
QC-MAIN-e51eda66,,Water,Cobalt (and its compounds),Emission,Waterbody,kg,,QC-MAIN-e51eda66,"Au and Ag and Cu and Zn, Underground mining and beneficiation at LaRonde",Au,9.802902790306113,0.8367909639389955,mining,,Au concentrate,concentrate_economic
QC-MAIN-e51eda66,,Water,Copper (and its compounds),Emission,Waterbody,tonnes,,QC-MAIN-e51eda66,"Au and Ag and Cu and Zn, Underground mining and beneficiation at LaRonde",Cu,8593.20125,0.09772240804218515,mining,,Cu concentrate,concentrate_economic
QC-MAIN-e51eda66,,Water,Copper (and its compounds),Emission,Waterbody,tonnes,,QC-MAIN-e51eda66,"Au and Ag and Cu and Zn, Underground mining and beneficiation at LaRonde",Zn,15404.877034,0.06548662801881933,mining,,Zn concentrate,concentrate_economic
QC-MAIN-e51eda66,,Water,Copper (and its compounds),Emission,Waterbody,tonnes,,QC-MAIN-e51eda66,"Au and Ag and Cu and Zn, Underground mining and beneficiation at LaRonde",Au,9.802902790306113,0.8367909639389955,mining,,Au concentrate,concentrate_economic
QC-MAIN-e51eda66,,Water,Cyanides (ionic),Emission,Waterbody,tonnes,,QC-MAIN-e51eda66,"Au and Ag and Cu and Zn, Underground mining and beneficiation at LaRonde",Cu,8593.20125,0.09772240804218515,mining,,Cu concentrate,concentrate_economic
QC-MAIN-e51eda66,,Water,Cyanides (ionic),Emission,Waterbody,tonnes,,QC-MAIN-e51eda66,"Au and Ag and Cu and Zn, Underground mining and beneficiation at LaRonde",Zn,15404.877034,0.06548662801881933,mining,,Zn concentrate,concentrate_economic
QC-MAIN-e51eda66,,Water,Cyanides (ionic),Emission,Waterbody,tonnes,,QC-MAIN-e51eda66,"Au and Ag and Cu and Zn, Underground mining and beneficiation at LaRonde",Au,9.802902790306113,0.8367909639389955,mining,,Au concentrate,concentrate_economic
QC-MAIN-e51eda66,,Water,Lead (and its compounds),Emission,Waterbody,kg,,QC-MAIN-e51eda66,"Au and Ag and Cu and Zn, Underground mining and beneficiation at LaRonde",Cu,8593.20125,0.09772240804218515,mining,,Cu concentrate,concentrate_economic
QC-MAIN-e51eda66,,Water,Lead (and its compounds),Emission,Waterbody,kg,,QC-MAIN-e51eda66,"Au and Ag and Cu and Zn, Underground mining and beneficiation at LaRonde",Zn,15404.877034,0.06548662801881933,mining,,Zn concentrate,concentrate_economic
QC-MAIN-e51eda66,,Water,Lead (and its compounds),Emission,Waterbody,kg,,QC-MAIN-e51eda66,"Au and Ag and Cu and Zn, Underground mining and beneficiation at LaRonde",Au,9.802902790306113,0.8367909639389955,mining,,Au concentrate,concentrate_economic
QC-MAIN-e51eda66,,Water,Manganese (and its compounds),Emission,Waterbody,tonnes,,QC-MAIN-e51eda66,"Au and Ag and Cu and Zn, Underground mining and beneficiation at LaRonde",Cu,8593.20125,0.09772240804218515,mining,,Cu concentrate,concentrate_economic
QC-MAIN-e51eda66,,Water,Manganese (and its compounds),Emission,Waterbody,tonnes,,QC-MAIN-e51eda66,"Au and Ag and Cu and Zn, Underground mining and beneficiation at LaRonde",Zn,15404.877034,0.06548662801881933,mining,,Zn concentrate,concentrate_economic
QC-MAIN-e51eda66,,Water,Manganese (and its compounds),Emission,Waterbody,tonnes,,QC-MAIN-e51eda66,"Au and Ag and Cu and Zn, Underground mining and beneficiation at LaRonde",Au,9.802902790306113,0.8367909639389955,mining,,Au concentrate,concentrate_economic
QC-MAIN-e51eda66,,Water,Mercury (and its compounds),Emission,Waterbody,tonnes,,QC-MAIN-e51eda66,"Au and Ag and Cu and Zn, Underground mining and beneficiation at LaRonde",Cu,8593.20125,0.09772240804218515,mining,,Cu concentrate,concentrate_economic
QC-MAIN-e51eda66,,Water,Mercury (and its compounds),Emission,Waterbody,tonnes,,QC-MAIN-e51eda66,"Au and Ag and Cu and Zn, Underground mining and beneficiation at LaRonde",Zn,15404.877034,0.06548662801881933,mining,,Zn concentrate,concentrate_economic
QC-MAIN-e51eda66,,Water,Mercury (and its compounds),Emission,Waterbody,tonnes,,QC-MAIN-e51eda66,"Au and Ag and Cu and Zn, Underground mining and beneficiation at LaRonde",Au,9.802902790306113,0.8367909639389955,mining,,Au concentrate,concentrate_economic
QC-MAIN-e51eda66,,Water,Nickel (and its compounds),Emission,Waterbody,tonnes,,QC-MAIN-e51eda66,"Au and Ag and Cu and Zn, Underground mining and beneficiation at LaRonde",Cu,8593.20125,0.09772240804218515,mining,,Cu concentrate,concentrate_economic
QC-MAIN-e51eda66,,Water,Nickel (and its compounds),Emission,Waterbody,tonnes,,QC-MAIN-e51eda66,"Au and Ag and Cu and Zn, Underground mining and beneficiation at LaRonde",Zn,15404.877034,0.06548662801881933,mining,,Zn concentrate,concentrate_economic
QC-MAIN-e51eda66,,Water,Nickel (and its compounds),Emission,Waterbody,tonnes,,QC-MAIN-e51eda66,"Au and Ag and Cu and Zn, Underground mining and beneficiation at LaRonde",Au,9.802902790306113,0.8367909639389955,mining,,Au concentrate,concentrate_economic
QC-MAIN-e51eda66,,Water,Nitrate ion in solution at pH >= 6.0,Emission,Waterbody,tonnes,,QC-MAIN-e51eda66,"Au and Ag and Cu and Zn, Underground mining and beneficiation at LaRonde",Cu,8593.20125,0.09772240804218515,mining,,Cu concentrate,concentrate_economic
QC-MAIN-e51eda66,,Water,Nitrate ion in solution at pH >= 6.0,Emission,Waterbody,tonnes,,QC-MAIN-e51eda66,"Au and Ag and Cu and Zn, Underground mining and beneficiation at LaRonde",Zn,15404.877034,0.06548662801881933,mining,,Zn concentrate,concentrate_economic
QC-MAIN-e51eda66,,Water,Nitrate ion in solution at pH >= 6.0,Emission,Waterbody,tonnes,,QC-MAIN-e51eda66,"Au and Ag and Cu and Zn, Underground mining and beneficiation at LaRonde",Au,9.802902790306113,0.8367909639389955,mining,,Au concentrate,concentrate_economic
QC-MAIN-e51eda66,,Water,Selenium (and its compounds),Emission,Waterbody,kg,,QC-MAIN-e51eda66,"Au and Ag and Cu and Zn, Underground mining and beneficiation at LaRonde",Cu,8593.20125,0.09772240804218515,mining,,Cu concentrate,concentrate_economic
QC-MAIN-e51eda66,,Water,Selenium (and its compounds),Emission,Waterbody,kg,,QC-MAIN-e51eda66,"Au and Ag and Cu and Zn, Underground mining and beneficiation at LaRonde",Zn,15404.877034,0.06548662801881933,mining,,Zn concentrate,concentrate_economic
QC-MAIN-e51eda66,,Water,Selenium (and its compounds),Emission,Waterbody,kg,,QC-MAIN-e51eda66,"Au and Ag and Cu and Zn, Underground mining and beneficiation at LaRonde",Au,9.802902790306113,0.8367909639389955,mining,,Au concentrate,concentrate_economic
QC-MAIN-e51eda66,,Water,Zinc (and its compounds),Emission,Waterbody,tonnes,,QC-MAIN-e51eda66,"Au and Ag and Cu and Zn, Underground mining and beneficiation at LaRonde",Cu,8593.20125,0.09772240804218515,mining,,Cu concentrate,concentrate_economic
QC-MAIN-e51eda66,,Water,Zinc (and its compounds),Emission,Waterbody,tonnes,,QC-MAIN-e51eda66,"Au and Ag and Cu and Zn, Underground mining and beneficiation at LaRonde",Zn,15404.877034,0.06548662801881933,mining,,Zn concentrate,concentrate_economic
QC-MAIN-e51eda66,,Water,Zinc (and its compounds),Emission,Waterbody,tonnes,,QC-MAIN-e51eda66,"Au and Ag and Cu and Zn, Underground mining and beneficiation at LaRonde",Au,9.802902790306113,0.8367909639389955,mining,,Au concentrate,concentrate_economic
QC-MAIN-a555d9b9,,Water,Ammonia (total),Emission,Waterbody,tonnes,,QC-MAIN-a555d9b9,"Nb, Underground mining and beneficiation at Niobec",Nb,113.25775862068966,,mining,,Nb concentrate,concentrate_economic
QC-MAIN-a555d9b9,,Water,Arsenic (and its compounds),Emission,Waterbody,kg,,QC-MAIN-a555d9b9,"Nb, Underground mining and beneficiation at Niobec",Nb,113.25775862068966,,mining,,Nb concentrate,concentrate_economic
QC-MAIN-a555d9b9,,Water,Cadmium (and its compounds),Emission,Waterbody,kg,,QC-MAIN-a555d9b9,"Nb, Underground mining and beneficiation at Niobec",Nb,113.25775862068966,,mining,,Nb concentrate,concentrate_economic
QC-MAIN-a555d9b9,,Water,Chromium (and its compounds),Emission,Waterbody,tonnes,,QC-MAIN-a555d9b9,"Nb, Underground mining and beneficiation at Niobec",Nb,113.25775862068966,,mining,,Nb concentrate,concentrate_economic
QC-MAIN-a555d9b9,,Water,Cobalt (and its compounds),Emission,Waterbody,kg,,QC-MAIN-a555d9b9,"Nb, Underground mining and beneficiation at Niobec",Nb,113.25775862068966,,mining,,Nb concentrate,concentrate_economic
QC-MAIN-a555d9b9,,Water,Copper (and its compounds),Emission,Waterbody,tonnes,,QC-MAIN-a555d9b9,"Nb, Underground mining and beneficiation at Niobec",Nb,113.25775862068966,,mining,,Nb concentrate,concentrate_economic
QC-MAIN-a555d9b9,,Water,Fluorine,Emission,Waterbody,tonnes,,QC-MAIN-a555d9b9,"Nb, Underground mining and beneficiation at Niobec",Nb,113.25775862068966,,mining,,Nb concentrate,concentrate_economic
QC-MAIN-a555d9b9,,Water,Lead (and its compounds),Emission,Waterbody,kg,,QC-MAIN-a555d9b9,"Nb, Underground mining and beneficiation at Niobec",Nb,113.25775862068966,,mining,,Nb concentrate,concentrate_economic
QC-MAIN-a555d9b9,,Water,Manganese (and its compounds),Emission,Waterbody,tonnes,,QC-MAIN-a555d9b9,"Nb, Underground mining and beneficiation at Niobec",Nb,113.25775862068966,,mining,,Nb concentrate,concentrate_economic
QC-MAIN-a555d9b9,,Water,Nitrate ion in solution at pH >= 6.0,Emission,Waterbody,tonnes,,QC-MAIN-a555d9b9,"Nb, Underground mining and beneficiation at Niobec",Nb,113.25775862068966,,mining,,Nb concentrate,concentrate_economic
QC-MAIN-a555d9b9,,Water,Phosphorus (total),Emission,Waterbody,tonnes,,QC-MAIN-a555d9b9,"Nb, Underground mining and beneficiation at Niobec",Nb,113.25775862068966,,mining,,Nb concentrate,concentrate_economic
QC-MAIN-a555d9b9,,Water,Selenium (and its compounds),Emission,Waterbody,kg,,QC-MAIN-a555d9b9,"Nb, Underground mining and beneficiation at Niobec",Nb,113.25775862068966,,mining,,Nb concentrate,concentrate_economic
QC-MAIN-a555d9b9,,Water,Zinc (and its compounds),Emission,Waterbody,tonnes,,QC-MAIN-a555d9b9,"Nb, Underground mining and beneficiation at Niobec",Nb,113.25775862068966,,mining,,Nb concentrate,concentrate_economic
ON-MAIN-4e0734b5,,Water,Arsenic (and its compounds),Emission,Waterbody,kg,,ON-MAIN-4e0734b5,"Au and Ag, Open-pit and underground mining and beneficiation at Fox Complex",Au,1.453612551020408,1.0,mining,,Au concentrate,concentrate_economic
ON-MAIN-4e0734b5,,Water,Cadmium (and its compounds),Emission,Waterbody,kg,,ON-MAIN-4e0734b5,"Au and Ag, Open-pit and underground mining and beneficiation at Fox Complex",Au,1.453612551020408,1.0,mining,,Au concentrate,concentrate_economic
ON-MAIN-4e0734b5,,Water,Chromium (and its compounds),Emission,Waterbody,tonnes,,ON-MAIN-4e0734b5,"Au and Ag, Open-pit and underground mining and beneficiation at Fox Complex",Au,1.453612551020408,1.0,mining,,Au concentrate,concentrate_economic
ON-MAIN-4e0734b5,,Water,Cobalt (and its compounds),Emission,Waterbody,kg,,ON-MAIN-4e0734b5,"Au and Ag, Open-pit and underground mining and beneficiation at Fox Complex",Au,1.453612551020408,1.0,mining,,Au concentrate,concentrate_economic
ON-MAIN-4e0734b5,,Water,Copper (and its compounds),Emission,Waterbody,tonnes,,ON-MAIN-4e0734b5,"Au and Ag, Open-pit and underground mining and beneficiation at Fox Complex",Au,1.453612551020408,1.0,mining,,Au concentrate,concentrate_economic
ON-MAIN-4e0734b5,,Water,Lead (and its compounds),Emission,Waterbody,kg,,ON-MAIN-4e0734b5,"Au and Ag, Open-pit and underground mining and beneficiation at Fox Complex",Au,1.453612551020408,1.0,mining,,Au concentrate,concentrate_economic
ON-MAIN-4e0734b5,,Water,Nickel (and its compounds),Emission,Waterbody,tonnes,,ON-MAIN-4e0734b5,"Au and Ag, Open-pit and underground mining and beneficiation at Fox Complex",Au,1.453612551020408,1.0,mining,,Au concentrate,concentrate_economic
ON-MAIN-4e0734b5,,Water,Nitrate ion in solution at pH >= 6.0,Emission,Waterbody,tonnes,,ON-MAIN-4e0734b5,"Au and Ag, Open-pit and underground mining and beneficiation at Fox Complex",Au,1.453612551020408,1.0,mining,,Au concentrate,concentrate_economic
ON-MAIN-4e0734b5,,Water,Vanadium (and its compounds),Emission,Waterbody,tonnes,,ON-MAIN-4e0734b5,"Au and Ag, Open-pit and underground mining and beneficiation at Fox Complex",Au,1.453612551020408,1.0,mining,,Au concentrate,concentrate_economic
ON-MAIN-4e0734b5,,Water,Zinc (and its compounds),Emission,Waterbody,tonnes,,ON-MAIN-4e0734b5,"Au and Ag, Open-pit and underground mining and beneficiation at Fox Complex",Au,1.453612551020408,1.0,mining,,Au concentrate,concentrate_economic
ON-MAIN-8825d90d,,Water,Arsenic (and its compounds),Emission,Waterbody,kg,,ON-MAIN-8825d90d,"Au, Open-pit mining and beneficiation at Magino",Au,1.0473627551020408,1.0,mining,,Au concentrate,concentrate_economic
ON-MAIN-8825d90d,,Water,Chromium (and its compounds),Emission,Waterbody,tonnes,,ON-MAIN-8825d90d,"Au, Open-pit mining and beneficiation at Magino",Au,1.0473627551020408,1.0,mining,,Au concentrate,concentrate_economic
ON-MAIN-8825d90d,,Water,Cobalt (and its compounds),Emission,Waterbody,kg,,ON-MAIN-8825d90d,"Au, Open-pit mining and beneficiation at Magino",Au,1.0473627551020408,1.0,mining,,Au concentrate,concentrate_economic
ON-MAIN-8825d90d,,Water,Copper (and its compounds),Emission,Waterbody,tonnes,,ON-MAIN-8825d90d,"Au, Open-pit mining and beneficiation at Magino",Au,1.0473627551020408,1.0,mining,,Au concentrate,concentrate_economic
ON-MAIN-8825d90d,,Water,Cyanides (ionic),Emission,Waterbody,tonnes,,ON-MAIN-8825d90d,"Au, Open-pit mining and beneficiation at Magino",Au,1.0473627551020408,1.0,mining,,Au concentrate,concentrate_economic
ON-MAIN-8825d90d,,Water,Lead (and its compounds),Emission,Waterbody,kg,,ON-MAIN-8825d90d,"Au, Open-pit mining and beneficiation at Magino",Au,1.0473627551020408,1.0,mining,,Au concentrate,concentrate_economic
ON-MAIN-8825d90d,,Water,Manganese (and its compounds),Emission,Waterbody,tonnes,,ON-MAIN-8825d90d,"Au, Open-pit mining and beneficiation at Magino",Au,1.0473627551020408,1.0,mining,,Au concentrate,concentrate_economic
ON-MAIN-8825d90d,,Water,Mercury (and its compounds),Emission,Waterbody,tonnes,,ON-MAIN-8825d90d,"Au, Open-pit mining and beneficiation at Magino",Au,1.0473627551020408,1.0,mining,,Au concentrate,concentrate_economic
ON-MAIN-8825d90d,,Water,Nickel (and its compounds),Emission,Waterbody,tonnes,,ON-MAIN-8825d90d,"Au, Open-pit mining and beneficiation at Magino",Au,1.0473627551020408,1.0,mining,,Au concentrate,concentrate_economic
ON-MAIN-8825d90d,,Water,Phosphorus (total),Emission,Waterbody,tonnes,,ON-MAIN-8825d90d,"Au, Open-pit mining and beneficiation at Magino",Au,1.0473627551020408,1.0,mining,,Au concentrate,concentrate_economic
ON-MAIN-8825d90d,,Water,Selenium (and its compounds),Emission,Waterbody,kg,,ON-MAIN-8825d90d,"Au, Open-pit mining and beneficiation at Magino",Au,1.0473627551020408,1.0,mining,,Au concentrate,concentrate_economic
ON-MAIN-8825d90d,,Water,Thallium (and its compounds),Emission,Waterbody,kg,,ON-MAIN-8825d90d,"Au, Open-pit mining and beneficiation at Magino",Au,1.0473627551020408,1.0,mining,,Au concentrate,concentrate_economic
ON-MAIN-8825d90d,,Water,Vanadium (and its compounds),Emission,Waterbody,tonnes,,ON-MAIN-8825d90d,"Au, Open-pit mining and beneficiation at Magino",Au,1.0473627551020408,1.0,mining,,Au concentrate,concentrate_economic
ON-MAIN-8825d90d,,Water,Zinc (and its compounds),Emission,Waterbody,tonnes,,ON-MAIN-8825d90d,"Au, Open-pit mining and beneficiation at Magino",Au,1.0473627551020408,1.0,mining,,Au concentrate,concentrate_economic
ON-MAIN-7f050560,,Water,Arsenic (and its compounds),Emission,Waterbody,kg,,ON-MAIN-7f050560,"Au, Underground mining and beneficiation at Red Lake",Au,3.5769025,1.0,mining,,Au concentrate,concentrate_economic
ON-MAIN-7f050560,,Water,Cobalt (and its compounds),Emission,Waterbody,kg,,ON-MAIN-7f050560,"Au, Underground mining and beneficiation at Red Lake",Au,3.5769025,1.0,mining,,Au concentrate,concentrate_economic
ON-MAIN-7f050560,,Water,Nitrate ion in solution at pH >= 6.0,Emission,Waterbody,tonnes,,ON-MAIN-7f050560,"Au, Underground mining and beneficiation at Red Lake",Au,3.5769025,1.0,mining,,Au concentrate,concentrate_economic
BC-MAIN-bf503b6b,,Water,Arsenic (and its compounds),Emission,Waterbody,kg,,BC-MAIN-bf503b6b,"Cu and Mo, Open-pit mining and beneficiation at Highland Valley",Cu,341333.3333333334,0.9997809583158581,mining,,Cu concentrate,concentrate_economic
BC-MAIN-bf503b6b,,Water,Arsenic (and its compounds),Emission,Waterbody,kg,,BC-MAIN-bf503b6b,"Cu and Mo, Open-pit mining and beneficiation at Highland Valley",Mo,17.647058823529413,0.00021904168414189142,mining,,Mo concentrate,concentrate_economic
BC-MAIN-bf503b6b,,Water,Cadmium (and its compounds),Emission,Waterbody,kg,,BC-MAIN-bf503b6b,"Cu and Mo, Open-pit mining and beneficiation at Highland Valley",Cu,341333.3333333334,0.9997809583158581,mining,,Cu concentrate,concentrate_economic
BC-MAIN-bf503b6b,,Water,Cadmium (and its compounds),Emission,Waterbody,kg,,BC-MAIN-bf503b6b,"Cu and Mo, Open-pit mining and beneficiation at Highland Valley",Mo,17.647058823529413,0.00021904168414189142,mining,,Mo concentrate,concentrate_economic
BC-MAIN-bf503b6b,,Water,Cobalt (and its compounds),Emission,Waterbody,kg,,BC-MAIN-bf503b6b,"Cu and Mo, Open-pit mining and beneficiation at Highland Valley",Cu,341333.3333333334,0.9997809583158581,mining,,Cu concentrate,concentrate_economic
BC-MAIN-bf503b6b,,Water,Cobalt (and its compounds),Emission,Waterbody,kg,,BC-MAIN-bf503b6b,"Cu and Mo, Open-pit mining and beneficiation at Highland Valley",Mo,17.647058823529413,0.00021904168414189142,mining,,Mo concentrate,concentrate_economic
BC-MAIN-bf503b6b,,Water,Lead (and its compounds),Emission,Waterbody,kg,,BC-MAIN-bf503b6b,"Cu and Mo, Open-pit mining and beneficiation at Highland Valley",Cu,341333.3333333334,0.9997809583158581,mining,,Cu concentrate,concentrate_economic
BC-MAIN-bf503b6b,,Water,Lead (and its compounds),Emission,Waterbody,kg,,BC-MAIN-bf503b6b,"Cu and Mo, Open-pit mining and beneficiation at Highland Valley",Mo,17.647058823529413,0.00021904168414189142,mining,,Mo concentrate,concentrate_economic
BC-MAIN-bf503b6b,,Water,Selenium (and its compounds),Emission,Waterbody,kg,,BC-MAIN-bf503b6b,"Cu and Mo, Open-pit mining and beneficiation at Highland Valley",Cu,341333.3333333334,0.9997809583158581,mining,,Cu concentrate,concentrate_economic
BC-MAIN-bf503b6b,,Water,Selenium (and its compounds),Emission,Waterbody,kg,,BC-MAIN-bf503b6b,"Cu and Mo, Open-pit mining and beneficiation at Highland Valley",Mo,17.647058823529413,0.00021904168414189142,mining,,Mo concentrate,concentrate_economic
NL-MAIN-2d8801d6,,Water,Ammonia (total),Emission,Waterbody,tonnes,,NL-MAIN-2d8801d6,"Cu and Ni, Open-pit and underground mining and beneficiation at Voisey’s Bay",Ni,84375.0,1.0,mining,,Ni concentrate,concentrate_economic
NL-MAIN-2d8801d6,,Water,Arsenic (and its compounds),Emission,Waterbody,kg,,NL-MAIN-2d8801d6,"Cu and Ni, Open-pit and underground mining and beneficiation at Voisey’s Bay",Ni,84375.0,1.0,mining,,Ni concentrate,concentrate_economic
NL-MAIN-2d8801d6,,Water,Cadmium (and its compounds),Emission,Waterbody,kg,,NL-MAIN-2d8801d6,"Cu and Ni, Open-pit and underground mining and beneficiation at Voisey’s Bay",Ni,84375.0,1.0,mining,,Ni concentrate,concentrate_economic
NL-MAIN-2d8801d6,,Water,Chromium (and its compounds),Emission,Waterbody,tonnes,,NL-MAIN-2d8801d6,"Cu and Ni, Open-pit and underground mining and beneficiation at Voisey’s Bay",Ni,84375.0,1.0,mining,,Ni concentrate,concentrate_economic
NL-MAIN-2d8801d6,,Water,Cobalt (and its compounds),Emission,Waterbody,kg,,NL-MAIN-2d8801d6,"Cu and Ni, Open-pit and underground mining and beneficiation at Voisey’s Bay",Ni,84375.0,1.0,mining,,Ni concentrate,concentrate_economic
NL-MAIN-2d8801d6,,Water,Copper (and its compounds),Emission,Waterbody,tonnes,,NL-MAIN-2d8801d6,"Cu and Ni, Open-pit and underground mining and beneficiation at Voisey’s Bay",Ni,84375.0,1.0,mining,,Ni concentrate,concentrate_economic
NL-MAIN-2d8801d6,,Water,Lead (and its compounds),Emission,Waterbody,kg,,NL-MAIN-2d8801d6,"Cu and Ni, Open-pit and underground mining and beneficiation at Voisey’s Bay",Ni,84375.0,1.0,mining,,Ni concentrate,concentrate_economic
NL-MAIN-2d8801d6,,Water,Manganese (and its compounds),Emission,Waterbody,tonnes,,NL-MAIN-2d8801d6,"Cu and Ni, Open-pit and underground mining and beneficiation at Voisey’s Bay",Ni,84375.0,1.0,mining,,Ni concentrate,concentrate_economic
NL-MAIN-2d8801d6,,Water,Mercury (and its compounds),Emission,Waterbody,tonnes,,NL-MAIN-2d8801d6,"Cu and Ni, Open-pit and underground mining and beneficiation at Voisey’s Bay",Ni,84375.0,1.0,mining,,Ni concentrate,concentrate_economic
NL-MAIN-2d8801d6,,Water,Nickel (and its compounds),Emission,Waterbody,tonnes,,NL-MAIN-2d8801d6,"Cu and Ni, Open-pit and underground mining and beneficiation at Voisey’s Bay",Ni,84375.0,1.0,mining,,Ni concentrate,concentrate_economic
NL-MAIN-2d8801d6,,Water,Phosphorus (total),Emission,Waterbody,tonnes,,NL-MAIN-2d8801d6,"Cu and Ni, Open-pit and underground mining and beneficiation at Voisey’s Bay",Ni,84375.0,1.0,mining,,Ni concentrate,concentrate_economic
NL-MAIN-2d8801d6,,Water,Selenium (and its compounds),Emission,Waterbody,kg,,NL-MAIN-2d8801d6,"Cu and Ni, Open-pit and underground mining and beneficiation at Voisey’s Bay",Ni,84375.0,1.0,mining,,Ni concentrate,concentrate_economic
NL-MAIN-2d8801d6,,Water,Silver (and its compounds),Emission,Waterbody,tonnes,,NL-MAIN-2d8801d6,"Cu and Ni, Open-pit and underground mining and beneficiation at Voisey’s Bay",Ni,84375.0,1.0,mining,,Ni concentrate,concentrate_economic
NL-MAIN-2d8801d6,,Water,Vanadium (and its compounds),Emission,Waterbody,tonnes,,NL-MAIN-2d8801d6,"Cu and Ni, Open-pit and underground mining and beneficiation at Voisey’s Bay",Ni,84375.0,1.0,mining,,Ni concentrate,concentrate_economic
NL-MAIN-2d8801d6,,Water,Zinc (and its compounds),Emission,Waterbody,tonnes,,NL-MAIN-2d8801d6,"Cu and Ni, Open-pit and underground mining and beneficiation at Voisey’s Bay",Ni,84375.0,1.0,mining,,Ni concentrate,concentrate_economic
ON-MAIN-cb85213a,,Water,Arsenic (and its compounds),Emission,Waterbody,kg,,ON-MAIN-cb85213a,"Au, Underground mining and beneficiation at Eagle River",Au,2.7760508515306124,1.0,mining,,Au concentrate,concentrate_economic
ON-MAIN-cb85213a,,Water,Copper (and its compounds),Emission,Waterbody,tonnes,,ON-MAIN-cb85213a,"Au, Underground mining and beneficiation at Eagle River",Au,2.7760508515306124,1.0,mining,,Au concentrate,concentrate_economic
ON-MAIN-cb85213a,,Water,Cyanides (ionic),Emission,Waterbody,tonnes,,ON-MAIN-cb85213a,"Au, Underground mining and beneficiation at Eagle River",Au,2.7760508515306124,1.0,mining,,Au concentrate,concentrate_economic
ON-MAIN-cb85213a,,Water,Lead (and its compounds),Emission,Waterbody,kg,,ON-MAIN-cb85213a,"Au, Underground mining and beneficiation at Eagle River",Au,2.7760508515306124,1.0,mining,,Au concentrate,concentrate_economic
ON-MAIN-cb85213a,,Water,Nickel (and its compounds),Emission,Waterbody,tonnes,,ON-MAIN-cb85213a,"Au, Underground mining and beneficiation at Eagle River",Au,2.7760508515306124,1.0,mining,,Au concentrate,concentrate_economic
ON-MAIN-cb85213a,,Water,Zinc (and its compounds),Emission,Waterbody,tonnes,,ON-MAIN-cb85213a,"Au, Underground mining and beneficiation at Eagle River",Au,2.7760508515306124,1.0,mining,,Au concentrate,concentrate_economic
ON-MAIN-6e9be24e,,Water,Ammonia (total),Emission,Waterbody,tonnes,,ON-MAIN-6e9be24e,"Au, Open-pit and underground mining and beneficiation at Hemlo (Williams)",Au,4.476523630102041,1.0,mining,,Au concentrate,concentrate_economic
ON-MAIN-6e9be24e,,Water,Antimony (and its compounds),Emission,Waterbody,tonnes,,ON-MAIN-6e9be24e,"Au, Open-pit and underground mining and beneficiation at Hemlo (Williams)",Au,4.476523630102041,1.0,mining,,Au concentrate,concentrate_economic
ON-MAIN-6e9be24e,,Water,Arsenic (and its compounds),Emission,Waterbody,kg,,ON-MAIN-6e9be24e,"Au, Open-pit and underground mining and beneficiation at Hemlo (Williams)",Au,4.476523630102041,1.0,mining,,Au concentrate,concentrate_economic
ON-MAIN-6e9be24e,,Water,Cadmium (and its compounds),Emission,Waterbody,kg,,ON-MAIN-6e9be24e,"Au, Open-pit and underground mining and beneficiation at Hemlo (Williams)",Au,4.476523630102041,1.0,mining,,Au concentrate,concentrate_economic
ON-MAIN-6e9be24e,,Water,Chromium (and its compounds),Emission,Waterbody,tonnes,,ON-MAIN-6e9be24e,"Au, Open-pit and underground mining and beneficiation at Hemlo (Williams)",Au,4.476523630102041,1.0,mining,,Au concentrate,concentrate_economic
ON-MAIN-6e9be24e,,Water,Cobalt (and its compounds),Emission,Waterbody,kg,,ON-MAIN-6e9be24e,"Au, Open-pit and underground mining and beneficiation at Hemlo (Williams)",Au,4.476523630102041,1.0,mining,,Au concentrate,concentrate_economic
ON-MAIN-6e9be24e,,Water,Copper (and its compounds),Emission,Waterbody,tonnes,,ON-MAIN-6e9be24e,"Au, Open-pit and underground mining and beneficiation at Hemlo (Williams)",Au,4.476523630102041,1.0,mining,,Au concentrate,concentrate_economic
ON-MAIN-6e9be24e,,Water,Cyanides (ionic),Emission,Waterbody,tonnes,,ON-MAIN-6e9be24e,"Au, Open-pit and underground mining and beneficiation at Hemlo (Williams)",Au,4.476523630102041,1.0,mining,,Au concentrate,concentrate_economic
ON-MAIN-6e9be24e,,Water,Lead (and its compounds),Emission,Waterbody,kg,,ON-MAIN-6e9be24e,"Au, Open-pit and underground mining and beneficiation at Hemlo (Williams)",Au,4.476523630102041,1.0,mining,,Au concentrate,concentrate_economic
ON-MAIN-6e9be24e,,Water,Manganese (and its compounds),Emission,Waterbody,tonnes,,ON-MAIN-6e9be24e,"Au, Open-pit and underground mining and beneficiation at Hemlo (Williams)",Au,4.476523630102041,1.0,mining,,Au concentrate,concentrate_economic
ON-MAIN-6e9be24e,,Water,Mercury (and its compounds),Emission,Waterbody,tonnes,,ON-MAIN-6e9be24e,"Au, Open-pit and underground mining and beneficiation at Hemlo (Williams)",Au,4.476523630102041,1.0,mining,,Au concentrate,concentrate_economic
ON-MAIN-6e9be24e,,Water,Nickel (and its compounds),Emission,Waterbody,tonnes,,ON-MAIN-6e9be24e,"Au, Open-pit and underground mining and beneficiation at Hemlo (Williams)",Au,4.476523630102041,1.0,mining,,Au concentrate,concentrate_economic
ON-MAIN-6e9be24e,,Water,Nitrate ion in solution at pH >= 6.0,Emission,Waterbody,tonnes,,ON-MAIN-6e9be24e,"Au, Open-pit and underground mining and beneficiation at Hemlo (Williams)",Au,4.476523630102041,1.0,mining,,Au concentrate,concentrate_economic
ON-MAIN-6e9be24e,,Water,Selenium (and its compounds),Emission,Waterbody,kg,,ON-MAIN-6e9be24e,"Au, Open-pit and underground mining and beneficiation at Hemlo (Williams)",Au,4.476523630102041,1.0,mining,,Au concentrate,concentrate_economic
ON-MAIN-6e9be24e,,Water,Vanadium (and its compounds),Emission,Waterbody,tonnes,,ON-MAIN-6e9be24e,"Au, Open-pit and underground mining and beneficiation at Hemlo (Williams)",Au,4.476523630102041,1.0,mining,,Au concentrate,concentrate_economic
ON-MAIN-6e9be24e,,Water,Zinc (and its compounds),Emission,Waterbody,tonnes,,ON-MAIN-6e9be24e,"Au, Open-pit and underground mining and beneficiation at Hemlo (Williams)",Au,4.476523630102041,1.0,mining,,Au concentrate,concentrate_economic
ON-MAIN-1f126a43,,Water,Ammonia (total),Emission,Waterbody,tonnes,,ON-MAIN-1f126a43,"Au, Underground mining and beneficiation at Macassa",Au,7.253304461734694,1.0,mining,,Au concentrate,concentrate_economic
ON-MAIN-1f126a43,,Water,Arsenic (and its compounds),Emission,Waterbody,kg,,ON-MAIN-1f126a43,"Au, Underground mining and beneficiation at Macassa",Au,7.253304461734694,1.0,mining,,Au concentrate,concentrate_economic
ON-MAIN-1f126a43,,Water,Cadmium (and its compounds),Emission,Waterbody,kg,,ON-MAIN-1f126a43,"Au, Underground mining and beneficiation at Macassa",Au,7.253304461734694,1.0,mining,,Au concentrate,concentrate_economic
ON-MAIN-1f126a43,,Water,Chromium (and its compounds),Emission,Waterbody,tonnes,,ON-MAIN-1f126a43,"Au, Underground mining and beneficiation at Macassa",Au,7.253304461734694,1.0,mining,,Au concentrate,concentrate_economic
ON-MAIN-1f126a43,,Water,Cobalt (and its compounds),Emission,Waterbody,kg,,ON-MAIN-1f126a43,"Au, Underground mining and beneficiation at Macassa",Au,7.253304461734694,1.0,mining,,Au concentrate,concentrate_economic
ON-MAIN-1f126a43,,Water,Copper (and its compounds),Emission,Waterbody,tonnes,,ON-MAIN-1f126a43,"Au, Underground mining and beneficiation at Macassa",Au,7.253304461734694,1.0,mining,,Au concentrate,concentrate_economic
ON-MAIN-1f126a43,,Water,Cyanides (ionic),Emission,Waterbody,tonnes,,ON-MAIN-1f126a43,"Au, Underground mining and beneficiation at Macassa",Au,7.253304461734694,1.0,mining,,Au concentrate,concentrate_economic
ON-MAIN-1f126a43,,Water,Lead (and its compounds),Emission,Waterbody,kg,,ON-MAIN-1f126a43,"Au, Underground mining and beneficiation at Macassa",Au,7.253304461734694,1.0,mining,,Au concentrate,concentrate_economic
ON-MAIN-1f126a43,,Water,Manganese (and its compounds),Emission,Waterbody,tonnes,,ON-MAIN-1f126a43,"Au, Underground mining and beneficiation at Macassa",Au,7.253304461734694,1.0,mining,,Au concentrate,concentrate_economic
ON-MAIN-1f126a43,,Water,Mercury (and its compounds),Emission,Waterbody,tonnes,,ON-MAIN-1f126a43,"Au, Underground mining and beneficiation at Macassa",Au,7.253304461734694,1.0,mining,,Au concentrate,concentrate_economic
ON-MAIN-1f126a43,,Water,Nickel (and its compounds),Emission,Waterbody,tonnes,,ON-MAIN-1f126a43,"Au, Underground mining and beneficiation at Macassa",Au,7.253304461734694,1.0,mining,,Au concentrate,concentrate_economic
ON-MAIN-1f126a43,,Water,Nitrate ion in solution at pH >= 6.0,Emission,Waterbody,tonnes,,ON-MAIN-1f126a43,"Au, Underground mining and beneficiation at Macassa",Au,7.253304461734694,1.0,mining,,Au concentrate,concentrate_economic
ON-MAIN-1f126a43,,Water,Phosphorus (total),Emission,Waterbody,tonnes,,ON-MAIN-1f126a43,"Au, Underground mining and beneficiation at Macassa",Au,7.253304461734694,1.0,mining,,Au concentrate,concentrate_economic
ON-MAIN-1f126a43,,Water,Selenium (and its compounds),Emission,Waterbody,kg,,ON-MAIN-1f126a43,"Au, Underground mining and beneficiation at Macassa",Au,7.253304461734694,1.0,mining,,Au concentrate,concentrate_economic
ON-MAIN-1f126a43,,Water,Thallium (and its compounds),Emission,Waterbody,kg,,ON-MAIN-1f126a43,"Au, Underground mining and beneficiation at Macassa",Au,7.253304461734694,1.0,mining,,Au concentrate,concentrate_economic
ON-MAIN-1f126a43,,Water,Vanadium (and its compounds),Emission,Waterbody,tonnes,,ON-MAIN-1f126a43,"Au, Underground mining and beneficiation at Macassa",Au,7.253304461734694,1.0,mining,,Au concentrate,concentrate_economic
ON-MAIN-1f126a43,,Water,Zinc (and its compounds),Emission,Waterbody,tonnes,,ON-MAIN-1f126a43,"Au, Underground mining and beneficiation at Macassa",Au,7.253304461734694,1.0,mining,,Au concentrate,concentrate_economic
QC-MAIN-e7e6a960,,Water,Arsenic (and its compounds),Emission,Waterbody,kg,,QC-MAIN-e7e6a960,"Au and Ag, Open-pit mining and beneficiation at Canadian Malartic",Au,29.039084533163262,1.0,mining,,Au concentrate,concentrate_economic
QC-MAIN-e7e6a960,,Water,Cadmium (and its compounds),Emission,Waterbody,kg,,QC-MAIN-e7e6a960,"Au and Ag, Open-pit mining and beneficiation at Canadian Malartic",Au,29.039084533163262,1.0,mining,,Au concentrate,concentrate_economic
QC-MAIN-e7e6a960,,Water,Chromium (and its compounds),Emission,Waterbody,tonnes,,QC-MAIN-e7e6a960,"Au and Ag, Open-pit mining and beneficiation at Canadian Malartic",Au,29.039084533163262,1.0,mining,,Au concentrate,concentrate_economic
QC-MAIN-e7e6a960,,Water,Cobalt (and its compounds),Emission,Waterbody,kg,,QC-MAIN-e7e6a960,"Au and Ag, Open-pit mining and beneficiation at Canadian Malartic",Au,29.039084533163262,1.0,mining,,Au concentrate,concentrate_economic
QC-MAIN-e7e6a960,,Water,Copper (and its compounds),Emission,Waterbody,tonnes,,QC-MAIN-e7e6a960,"Au and Ag, Open-pit mining and beneficiation at Canadian Malartic",Au,29.039084533163262,1.0,mining,,Au concentrate,concentrate_economic
QC-MAIN-e7e6a960,,Water,Cyanides (ionic),Emission,Waterbody,tonnes,,QC-MAIN-e7e6a960,"Au and Ag, Open-pit mining and beneficiation at Canadian Malartic",Au,29.039084533163262,1.0,mining,,Au concentrate,concentrate_economic
QC-MAIN-e7e6a960,,Water,Lead (and its compounds),Emission,Waterbody,kg,,QC-MAIN-e7e6a960,"Au and Ag, Open-pit mining and beneficiation at Canadian Malartic",Au,29.039084533163262,1.0,mining,,Au concentrate,concentrate_economic
QC-MAIN-e7e6a960,,Water,Manganese (and its compounds),Emission,Waterbody,tonnes,,QC-MAIN-e7e6a960,"Au and Ag, Open-pit mining and beneficiation at Canadian Malartic",Au,29.039084533163262,1.0,mining,,Au concentrate,concentrate_economic
QC-MAIN-e7e6a960,,Water,Mercury (and its compounds),Emission,Waterbody,tonnes,,QC-MAIN-e7e6a960,"Au and Ag, Open-pit mining and beneficiation at Canadian Malartic",Au,29.039084533163262,1.0,mining,,Au concentrate,concentrate_economic
QC-MAIN-e7e6a960,,Water,Nickel (and its compounds),Emission,Waterbody,tonnes,,QC-MAIN-e7e6a960,"Au and Ag, Open-pit mining and beneficiation at Canadian Malartic",Au,29.039084533163262,1.0,mining,,Au concentrate,concentrate_economic
QC-MAIN-e7e6a960,,Water,Selenium (and its compounds),Emission,Waterbody,kg,,QC-MAIN-e7e6a960,"Au and Ag, Open-pit mining and beneficiation at Canadian Malartic",Au,29.039084533163262,1.0,mining,,Au concentrate,concentrate_economic
QC-MAIN-e7e6a960,,Water,Thallium (and its compounds),Emission,Waterbody,kg,,QC-MAIN-e7e6a960,"Au and Ag, Open-pit mining and beneficiation at Canadian Malartic",Au,29.039084533163262,1.0,mining,,Au concentrate,concentrate_economic
QC-MAIN-e7e6a960,,Water,Vanadium (and its compounds),Emission,Waterbody,tonnes,,QC-MAIN-e7e6a960,"Au and Ag, Open-pit mining and beneficiation at Canadian Malartic",Au,29.039084533163262,1.0,mining,,Au concentrate,concentrate_economic
QC-MAIN-e7e6a960,,Water,Zinc (and its compounds),Emission,Waterbody,tonnes,,QC-MAIN-e7e6a960,"Au and Ag, Open-pit mining and beneficiation at Canadian Malartic",Au,29.039084533163262,1.0,mining,,Au concentrate,concentrate_economic
NU-MAIN-8b0264c9,,Water,Arsenic (and its compounds),Emission,Waterbody,kg,,NU-MAIN-8b0264c9,"Au and Ag, Open-pit and underground mining and beneficiation at Meliadine",Au,12.41413683010194,1.0,mining,,Au concentrate,concentrate_economic
NU-MAIN-8b0264c9,,Water,Cadmium (and its compounds),Emission,Waterbody,kg,,NU-MAIN-8b0264c9,"Au and Ag, Open-pit and underground mining and beneficiation at Meliadine",Au,12.41413683010194,1.0,mining,,Au concentrate,concentrate_economic
NU-MAIN-8b0264c9,,Water,Cobalt (and its compounds),Emission,Waterbody,kg,,NU-MAIN-8b0264c9,"Au and Ag, Open-pit and underground mining and beneficiation at Meliadine",Au,12.41413683010194,1.0,mining,,Au concentrate,concentrate_economic
NU-MAIN-8b0264c9,,Water,Copper (and its compounds),Emission,Waterbody,tonnes,,NU-MAIN-8b0264c9,"Au and Ag, Open-pit and underground mining and beneficiation at Meliadine",Au,12.41413683010194,1.0,mining,,Au concentrate,concentrate_economic
NU-MAIN-8b0264c9,,Water,Cyanides (ionic),Emission,Waterbody,tonnes,,NU-MAIN-8b0264c9,"Au and Ag, Open-pit and underground mining and beneficiation at Meliadine",Au,12.41413683010194,1.0,mining,,Au concentrate,concentrate_economic
NU-MAIN-8b0264c9,,Water,Lead (and its compounds),Emission,Waterbody,kg,,NU-MAIN-8b0264c9,"Au and Ag, Open-pit and underground mining and beneficiation at Meliadine",Au,12.41413683010194,1.0,mining,,Au concentrate,concentrate_economic
NU-MAIN-8b0264c9,,Water,Manganese (and its compounds),Emission,Waterbody,tonnes,,NU-MAIN-8b0264c9,"Au and Ag, Open-pit and underground mining and beneficiation at Meliadine",Au,12.41413683010194,1.0,mining,,Au concentrate,concentrate_economic
NU-MAIN-8b0264c9,,Water,Nickel (and its compounds),Emission,Waterbody,tonnes,,NU-MAIN-8b0264c9,"Au and Ag, Open-pit and underground mining and beneficiation at Meliadine",Au,12.41413683010194,1.0,mining,,Au concentrate,concentrate_economic
NU-MAIN-8b0264c9,,Water,Phosphorus (total),Emission,Waterbody,tonnes,,NU-MAIN-8b0264c9,"Au and Ag, Open-pit and underground mining and beneficiation at Meliadine",Au,12.41413683010194,1.0,mining,,Au concentrate,concentrate_economic
NU-MAIN-8b0264c9,,Water,Selenium (and its compounds),Emission,Waterbody,kg,,NU-MAIN-8b0264c9,"Au and Ag, Open-pit and underground mining and beneficiation at Meliadine",Au,12.41413683010194,1.0,mining,,Au concentrate,concentrate_economic
NU-MAIN-8b0264c9,,Water,Thallium (and its compounds),Emission,Waterbody,kg,,NU-MAIN-8b0264c9,"Au and Ag, Open-pit and underground mining and beneficiation at Meliadine",Au,12.41413683010194,1.0,mining,,Au concentrate,concentrate_economic
NU-MAIN-8b0264c9,,Water,Zinc (and its compounds),Emission,Waterbody,tonnes,,NU-MAIN-8b0264c9,"Au and Ag, Open-pit and underground mining and beneficiation at Meliadine",Au,12.41413683010194,1.0,mining,,Au concentrate,concentrate_economic
QC-MAIN-c0660aec,,Water,Arsenic (and its compounds),Emission,Waterbody,kg,,QC-MAIN-c0660aec,"Au and Cu, Underground mining and beneficiation at Goldex",Cu,130.12252666666666,0.003859237362487364,mining,,Cu concentrate,concentrate_economic
QC-MAIN-c0660aec,,Water,Arsenic (and its compounds),Emission,Waterbody,kg,,QC-MAIN-c0660aec,"Au and Cu, Underground mining and beneficiation at Goldex",Au,4.474542118316694,0.9961407626375127,mining,,Au concentrate,concentrate_economic
QC-MAIN-c0660aec,,Water,Cadmium (and its compounds),Emission,Waterbody,kg,,QC-MAIN-c0660aec,"Au and Cu, Underground mining and beneficiation at Goldex",Cu,130.12252666666666,0.003859237362487364,mining,,Cu concentrate,concentrate_economic
QC-MAIN-c0660aec,,Water,Cadmium (and its compounds),Emission,Waterbody,kg,,QC-MAIN-c0660aec,"Au and Cu, Underground mining and beneficiation at Goldex",Au,4.474542118316694,0.9961407626375127,mining,,Au concentrate,concentrate_economic
QC-MAIN-c0660aec,,Water,Chromium (and its compounds),Emission,Waterbody,tonnes,,QC-MAIN-c0660aec,"Au and Cu, Underground mining and beneficiation at Goldex",Cu,130.12252666666666,0.003859237362487364,mining,,Cu concentrate,concentrate_economic
QC-MAIN-c0660aec,,Water,Chromium (and its compounds),Emission,Waterbody,tonnes,,QC-MAIN-c0660aec,"Au and Cu, Underground mining and beneficiation at Goldex",Au,4.474542118316694,0.9961407626375127,mining,,Au concentrate,concentrate_economic
QC-MAIN-c0660aec,,Water,Cobalt (and its compounds),Emission,Waterbody,kg,,QC-MAIN-c0660aec,"Au and Cu, Underground mining and beneficiation at Goldex",Cu,130.12252666666666,0.003859237362487364,mining,,Cu concentrate,concentrate_economic
QC-MAIN-c0660aec,,Water,Cobalt (and its compounds),Emission,Waterbody,kg,,QC-MAIN-c0660aec,"Au and Cu, Underground mining and beneficiation at Goldex",Au,4.474542118316694,0.9961407626375127,mining,,Au concentrate,concentrate_economic
QC-MAIN-c0660aec,,Water,Copper (and its compounds),Emission,Waterbody,tonnes,,QC-MAIN-c0660aec,"Au and Cu, Underground mining and beneficiation at Goldex",Cu,130.12252666666666,0.003859237362487364,mining,,Cu concentrate,concentrate_economic
QC-MAIN-c0660aec,,Water,Copper (and its compounds),Emission,Waterbody,tonnes,,QC-MAIN-c0660aec,"Au and Cu, Underground mining and beneficiation at Goldex",Au,4.474542118316694,0.9961407626375127,mining,,Au concentrate,concentrate_economic
QC-MAIN-c0660aec,,Water,Lead (and its compounds),Emission,Waterbody,kg,,QC-MAIN-c0660aec,"Au and Cu, Underground mining and beneficiation at Goldex",Cu,130.12252666666666,0.003859237362487364,mining,,Cu concentrate,concentrate_economic
QC-MAIN-c0660aec,,Water,Lead (and its compounds),Emission,Waterbody,kg,,QC-MAIN-c0660aec,"Au and Cu, Underground mining and beneficiation at Goldex",Au,4.474542118316694,0.9961407626375127,mining,,Au concentrate,concentrate_economic
QC-MAIN-c0660aec,,Water,Manganese (and its compounds),Emission,Waterbody,tonnes,,QC-MAIN-c0660aec,"Au and Cu, Underground mining and beneficiation at Goldex",Cu,130.12252666666666,0.003859237362487364,mining,,Cu concentrate,concentrate_economic
QC-MAIN-c0660aec,,Water,Manganese (and its compounds),Emission,Waterbody,tonnes,,QC-MAIN-c0660aec,"Au and Cu, Underground mining and beneficiation at Goldex",Au,4.474542118316694,0.9961407626375127,mining,,Au concentrate,concentrate_economic
QC-MAIN-c0660aec,,Water,Nickel (and its compounds),Emission,Waterbody,tonnes,,QC-MAIN-c0660aec,"Au and Cu, Underground mining and beneficiation at Goldex",Cu,130.12252666666666,0.003859237362487364,mining,,Cu concentrate,concentrate_economic
QC-MAIN-c0660aec,,Water,Nickel (and its compounds),Emission,Waterbody,tonnes,,QC-MAIN-c0660aec,"Au and Cu, Underground mining and beneficiation at Goldex",Au,4.474542118316694,0.9961407626375127,mining,,Au concentrate,concentrate_economic
QC-MAIN-c0660aec,,Water,Zinc (and its compounds),Emission,Waterbody,tonnes,,QC-MAIN-c0660aec,"Au and Cu, Underground mining and beneficiation at Goldex",Cu,130.12252666666666,0.003859237362487364,mining,,Cu concentrate,concentrate_economic
QC-MAIN-c0660aec,,Water,Zinc (and its compounds),Emission,Waterbody,tonnes,,QC-MAIN-c0660aec,"Au and Cu, Underground mining and beneficiation at Goldex",Au,4.474542118316694,0.9961407626375127,mining,,Au concentrate,concentrate_economic
ON-MAIN-687b8c8d,,Water,Ammonia (total),Emission,Waterbody,tonnes,,ON-MAIN-687b8c8d,"Au, Underground mining and beneficiation at Island",Au,4.1704080612244905,1.0,mining,,Au concentrate,concentrate_economic
ON-MAIN-7607a50e,,Water,Ammonia (total),Emission,Waterbody,tonnes,,ON-MAIN-7607a50e,"Au, Underground mining and beneficiation at Young-Davidson",Au,5.874752908163255,1.0,mining,,Au concentrate,concentrate_economic
ON-MAIN-7607a50e,,Water,Antimony (and its compounds),Emission,Waterbody,tonnes,,ON-MAIN-7607a50e,"Au, Underground mining and beneficiation at Young-Davidson",Au,5.874752908163255,1.0,mining,,Au concentrate,concentrate_economic
ON-MAIN-687b8c8d,,Water,Arsenic (and its compounds),Emission,Waterbody,kg,,ON-MAIN-687b8c8d,"Au, Underground mining and beneficiation at Island",Au,4.1704080612244905,1.0,mining,,Au concentrate,concentrate_economic
ON-MAIN-7607a50e,,Water,Arsenic (and its compounds),Emission,Waterbody,kg,,ON-MAIN-7607a50e,"Au, Underground mining and beneficiation at Young-Davidson",Au,5.874752908163255,1.0,mining,,Au concentrate,concentrate_economic
ON-MAIN-687b8c8d,,Water,Cadmium (and its compounds),Emission,Waterbody,kg,,ON-MAIN-687b8c8d,"Au, Underground mining and beneficiation at Island",Au,4.1704080612244905,1.0,mining,,Au concentrate,concentrate_economic
ON-MAIN-7607a50e,,Water,Cadmium (and its compounds),Emission,Waterbody,kg,,ON-MAIN-7607a50e,"Au, Underground mining and beneficiation at Young-Davidson",Au,5.874752908163255,1.0,mining,,Au concentrate,concentrate_economic
ON-MAIN-687b8c8d,,Water,Chromium (and its compounds),Emission,Waterbody,tonnes,,ON-MAIN-687b8c8d,"Au, Underground mining and beneficiation at Island",Au,4.1704080612244905,1.0,mining,,Au concentrate,concentrate_economic
ON-MAIN-7607a50e,,Water,Chromium (and its compounds),Emission,Waterbody,tonnes,,ON-MAIN-7607a50e,"Au, Underground mining and beneficiation at Young-Davidson",Au,5.874752908163255,1.0,mining,,Au concentrate,concentrate_economic
ON-MAIN-687b8c8d,,Water,Cobalt (and its compounds),Emission,Waterbody,kg,,ON-MAIN-687b8c8d,"Au, Underground mining and beneficiation at Island",Au,4.1704080612244905,1.0,mining,,Au concentrate,concentrate_economic
ON-MAIN-7607a50e,,Water,Cobalt (and its compounds),Emission,Waterbody,kg,,ON-MAIN-7607a50e,"Au, Underground mining and beneficiation at Young-Davidson",Au,5.874752908163255,1.0,mining,,Au concentrate,concentrate_economic
ON-MAIN-687b8c8d,,Water,Copper (and its compounds),Emission,Waterbody,tonnes,,ON-MAIN-687b8c8d,"Au, Underground mining and beneficiation at Island",Au,4.1704080612244905,1.0,mining,,Au concentrate,concentrate_economic
ON-MAIN-7607a50e,,Water,Copper (and its compounds),Emission,Waterbody,tonnes,,ON-MAIN-7607a50e,"Au, Underground mining and beneficiation at Young-Davidson",Au,5.874752908163255,1.0,mining,,Au concentrate,concentrate_economic
ON-MAIN-687b8c8d,,Water,Cyanides (ionic),Emission,Waterbody,tonnes,,ON-MAIN-687b8c8d,"Au, Underground mining and beneficiation at Island",Au,4.1704080612244905,1.0,mining,,Au concentrate,concentrate_economic
ON-MAIN-687b8c8d,,Water,Lead (and its compounds),Emission,Waterbody,kg,,ON-MAIN-687b8c8d,"Au, Underground mining and beneficiation at Island",Au,4.1704080612244905,1.0,mining,,Au concentrate,concentrate_economic
ON-MAIN-7607a50e,,Water,Lead (and its compounds),Emission,Waterbody,kg,,ON-MAIN-7607a50e,"Au, Underground mining and beneficiation at Young-Davidson",Au,5.874752908163255,1.0,mining,,Au concentrate,concentrate_economic
ON-MAIN-687b8c8d,,Water,Manganese (and its compounds),Emission,Waterbody,tonnes,,ON-MAIN-687b8c8d,"Au, Underground mining and beneficiation at Island",Au,4.1704080612244905,1.0,mining,,Au concentrate,concentrate_economic
ON-MAIN-687b8c8d,,Water,Mercury (and its compounds),Emission,Waterbody,tonnes,,ON-MAIN-687b8c8d,"Au, Underground mining and beneficiation at Island",Au,4.1704080612244905,1.0,mining,,Au concentrate,concentrate_economic
ON-MAIN-7607a50e,,Water,Mercury (and its compounds),Emission,Waterbody,tonnes,,ON-MAIN-7607a50e,"Au, Underground mining and beneficiation at Young-Davidson",Au,5.874752908163255,1.0,mining,,Au concentrate,concentrate_economic
ON-MAIN-687b8c8d,,Water,Nickel (and its compounds),Emission,Waterbody,tonnes,,ON-MAIN-687b8c8d,"Au, Underground mining and beneficiation at Island",Au,4.1704080612244905,1.0,mining,,Au concentrate,concentrate_economic
ON-MAIN-7607a50e,,Water,Nickel (and its compounds),Emission,Waterbody,tonnes,,ON-MAIN-7607a50e,"Au, Underground mining and beneficiation at Young-Davidson",Au,5.874752908163255,1.0,mining,,Au concentrate,concentrate_economic
ON-MAIN-687b8c8d,,Water,Nitrate ion in solution at pH >= 6.0,Emission,Waterbody,tonnes,,ON-MAIN-687b8c8d,"Au, Underground mining and beneficiation at Island",Au,4.1704080612244905,1.0,mining,,Au concentrate,concentrate_economic
ON-MAIN-7607a50e,,Water,Nitrate ion in solution at pH >= 6.0,Emission,Waterbody,tonnes,,ON-MAIN-7607a50e,"Au, Underground mining and beneficiation at Young-Davidson",Au,5.874752908163255,1.0,mining,,Au concentrate,concentrate_economic
ON-MAIN-7607a50e,,Water,Phosphorus (total),Emission,Waterbody,tonnes,,ON-MAIN-7607a50e,"Au, Underground mining and beneficiation at Young-Davidson",Au,5.874752908163255,1.0,mining,,Au concentrate,concentrate_economic
ON-MAIN-687b8c8d,,Water,Selenium (and its compounds),Emission,Waterbody,kg,,ON-MAIN-687b8c8d,"Au, Underground mining and beneficiation at Island",Au,4.1704080612244905,1.0,mining,,Au concentrate,concentrate_economic
ON-MAIN-7607a50e,,Water,Selenium (and its compounds),Emission,Waterbody,kg,,ON-MAIN-7607a50e,"Au, Underground mining and beneficiation at Young-Davidson",Au,5.874752908163255,1.0,mining,,Au concentrate,concentrate_economic
ON-MAIN-7607a50e,,Water,Silver (and its compounds),Emission,Waterbody,tonnes,,ON-MAIN-7607a50e,"Au, Underground mining and beneficiation at Young-Davidson",Au,5.874752908163255,1.0,mining,,Au concentrate,concentrate_economic
ON-MAIN-7607a50e,,Water,Thallium (and its compounds),Emission,Waterbody,kg,,ON-MAIN-7607a50e,"Au, Underground mining and beneficiation at Young-Davidson",Au,5.874752908163255,1.0,mining,,Au concentrate,concentrate_economic
ON-MAIN-7607a50e,,Water,Vanadium (and its compounds),Emission,Waterbody,tonnes,,ON-MAIN-7607a50e,"Au, Underground mining and beneficiation at Young-Davidson",Au,5.874752908163255,1.0,mining,,Au concentrate,concentrate_economic
ON-MAIN-687b8c8d,,Water,Zinc (and its compounds),Emission,Waterbody,tonnes,,ON-MAIN-687b8c8d,"Au, Underground mining and beneficiation at Island",Au,4.1704080612244905,1.0,mining,,Au concentrate,concentrate_economic
ON-MAIN-7607a50e,,Water,Zinc (and its compounds),Emission,Waterbody,tonnes,,ON-MAIN-7607a50e,"Au, Underground mining and beneficiation at Young-Davidson",Au,5.874752908163255,1.0,mining,,Au concentrate,concentrate_economic
BC-MAIN-599152a0,,Water,Arsenic (and its compounds),Emission,Waterbody,kg,,BC-MAIN-599152a0,"Au and Ag and Cu, Open-pit mining and beneficiation at Copper Mountain",Cu,63500.0,1.0,mining,,Cu concentrate,concentrate_economic
BC-MAIN-599152a0,,Water,Cadmium (and its compounds),Emission,Waterbody,kg,,BC-MAIN-599152a0,"Au and Ag and Cu, Open-pit mining and beneficiation at Copper Mountain",Cu,63500.0,1.0,mining,,Cu concentrate,concentrate_economic
BC-MAIN-599152a0,,Water,Cobalt (and its compounds),Emission,Waterbody,kg,,BC-MAIN-599152a0,"Au and Ag and Cu, Open-pit mining and beneficiation at Copper Mountain",Cu,63500.0,1.0,mining,,Cu concentrate,concentrate_economic
BC-MAIN-599152a0,,Water,Copper (and its compounds),Emission,Waterbody,tonnes,,BC-MAIN-599152a0,"Au and Ag and Cu, Open-pit mining and beneficiation at Copper Mountain",Cu,63500.0,1.0,mining,,Cu concentrate,concentrate_economic
BC-MAIN-599152a0,,Water,Lead (and its compounds),Emission,Waterbody,kg,,BC-MAIN-599152a0,"Au and Ag and Cu, Open-pit mining and beneficiation at Copper Mountain",Cu,63500.0,1.0,mining,,Cu concentrate,concentrate_economic
BC-MAIN-599152a0,,Water,Manganese (and its compounds),Emission,Waterbody,tonnes,,BC-MAIN-599152a0,"Au and Ag and Cu, Open-pit mining and beneficiation at Copper Mountain",Cu,63500.0,1.0,mining,,Cu concentrate,concentrate_economic
BC-MAIN-599152a0,,Water,Mercury (and its compounds),Emission,Waterbody,tonnes,,BC-MAIN-599152a0,"Au and Ag and Cu, Open-pit mining and beneficiation at Copper Mountain",Cu,63500.0,1.0,mining,,Cu concentrate,concentrate_economic
BC-MAIN-599152a0,,Water,Phosphorus (total),Emission,Waterbody,tonnes,,BC-MAIN-599152a0,"Au and Ag and Cu, Open-pit mining and beneficiation at Copper Mountain",Cu,63500.0,1.0,mining,,Cu concentrate,concentrate_economic
BC-MAIN-599152a0,,Water,Selenium (and its compounds),Emission,Waterbody,kg,,BC-MAIN-599152a0,"Au and Ag and Cu, Open-pit mining and beneficiation at Copper Mountain",Cu,63500.0,1.0,mining,,Cu concentrate,concentrate_economic
BC-MAIN-599152a0,,Water,Thallium (and its compounds),Emission,Waterbody,kg,,BC-MAIN-599152a0,"Au and Ag and Cu, Open-pit mining and beneficiation at Copper Mountain",Cu,63500.0,1.0,mining,,Cu concentrate,concentrate_economic
ON-MAIN-7f050560,,Water,Arsenic (and its compounds),Emission,Waterbody,kg,,ON-MAIN-7f050560,"Au, Underground mining and beneficiation at Red Lake",Au,3.5769025,1.0,mining,,Au concentrate,concentrate_economic
ON-MAIN-7f050560,,Water,Cadmium (and its compounds),Emission,Waterbody,kg,,ON-MAIN-7f050560,"Au, Underground mining and beneficiation at Red Lake",Au,3.5769025,1.0,mining,,Au concentrate,concentrate_economic
ON-MAIN-7f050560,,Water,Cobalt (and its compounds),Emission,Waterbody,kg,,ON-MAIN-7f050560,"Au, Underground mining and beneficiation at Red Lake",Au,3.5769025,1.0,mining,,Au concentrate,concentrate_economic
ON-MAIN-7f050560,,Water,Lead (and its compounds),Emission,Waterbody,kg,,ON-MAIN-7f050560,"Au, Underground mining and beneficiation at Red Lake",Au,3.5769025,1.0,mining,,Au concentrate,concentrate_economic
ON-MAIN-7f050560,,Water,Mercury (and its compounds),Emission,Waterbody,tonnes,,ON-MAIN-7f050560,"Au, Underground mining and beneficiation at Red Lake",Au,3.5769025,1.0,mining,,Au concentrate,concentrate_economic
ON-MAIN-7f050560,,Water,Nitrate ion in solution at pH >= 6.0,Emission,Waterbody,tonnes,,ON-MAIN-7f050560,"Au, Underground mining and beneficiation at Red Lake",Au,3.5769025,1.0,mining,,Au concentrate,concentrate_economic
BC-MAIN-6b4800fe,,Water,Arsenic (and its compounds),Emission,Waterbody,kg,,BC-MAIN-6b4800fe,"Cu and Mo, Open-pit mining and beneficiation at Gibraltar",Cu,185367.93066666668,0.9997556641309961,mining,,Cu concentrate,concentrate_economic
BC-MAIN-6b4800fe,,Water,Arsenic (and its compounds),Emission,Waterbody,kg,,BC-MAIN-6b4800fe,"Cu and Mo, Open-pit mining and beneficiation at Gibraltar",Mo,10.690540862745097,0.0002443358690038284,mining,,Mo concentrate,concentrate_economic
BC-MAIN-6b4800fe,,Water,Cadmium (and its compounds),Emission,Waterbody,kg,,BC-MAIN-6b4800fe,"Cu and Mo, Open-pit mining and beneficiation at Gibraltar",Cu,185367.93066666668,0.9997556641309961,mining,,Cu concentrate,concentrate_economic
BC-MAIN-6b4800fe,,Water,Cadmium (and its compounds),Emission,Waterbody,kg,,BC-MAIN-6b4800fe,"Cu and Mo, Open-pit mining and beneficiation at Gibraltar",Mo,10.690540862745097,0.0002443358690038284,mining,,Mo concentrate,concentrate_economic
BC-MAIN-6b4800fe,,Water,Chromium (and its compounds),Emission,Waterbody,tonnes,,BC-MAIN-6b4800fe,"Cu and Mo, Open-pit mining and beneficiation at Gibraltar",Cu,185367.93066666668,0.9997556641309961,mining,,Cu concentrate,concentrate_economic
BC-MAIN-6b4800fe,,Water,Chromium (and its compounds),Emission,Waterbody,tonnes,,BC-MAIN-6b4800fe,"Cu and Mo, Open-pit mining and beneficiation at Gibraltar",Mo,10.690540862745097,0.0002443358690038284,mining,,Mo concentrate,concentrate_economic
BC-MAIN-6b4800fe,,Water,Cobalt (and its compounds),Emission,Waterbody,kg,,BC-MAIN-6b4800fe,"Cu and Mo, Open-pit mining and beneficiation at Gibraltar",Cu,185367.93066666668,0.9997556641309961,mining,,Cu concentrate,concentrate_economic
BC-MAIN-6b4800fe,,Water,Cobalt (and its compounds),Emission,Waterbody,kg,,BC-MAIN-6b4800fe,"Cu and Mo, Open-pit mining and beneficiation at Gibraltar",Mo,10.690540862745097,0.0002443358690038284,mining,,Mo concentrate,concentrate_economic
BC-MAIN-6b4800fe,,Water,Copper (and its compounds),Emission,Waterbody,tonnes,,BC-MAIN-6b4800fe,"Cu and Mo, Open-pit mining and beneficiation at Gibraltar",Cu,185367.93066666668,0.9997556641309961,mining,,Cu concentrate,concentrate_economic
BC-MAIN-6b4800fe,,Water,Copper (and its compounds),Emission,Waterbody,tonnes,,BC-MAIN-6b4800fe,"Cu and Mo, Open-pit mining and beneficiation at Gibraltar",Mo,10.690540862745097,0.0002443358690038284,mining,,Mo concentrate,concentrate_economic
BC-MAIN-6b4800fe,,Water,Lead (and its compounds),Emission,Waterbody,kg,,BC-MAIN-6b4800fe,"Cu and Mo, Open-pit mining and beneficiation at Gibraltar",Cu,185367.93066666668,0.9997556641309961,mining,,Cu concentrate,concentrate_economic
BC-MAIN-6b4800fe,,Water,Lead (and its compounds),Emission,Waterbody,kg,,BC-MAIN-6b4800fe,"Cu and Mo, Open-pit mining and beneficiation at Gibraltar",Mo,10.690540862745097,0.0002443358690038284,mining,,Mo concentrate,concentrate_economic
BC-MAIN-6b4800fe,,Water,Manganese (and its compounds),Emission,Waterbody,tonnes,,BC-MAIN-6b4800fe,"Cu and Mo, Open-pit mining and beneficiation at Gibraltar",Cu,185367.93066666668,0.9997556641309961,mining,,Cu concentrate,concentrate_economic
BC-MAIN-6b4800fe,,Water,Manganese (and its compounds),Emission,Waterbody,tonnes,,BC-MAIN-6b4800fe,"Cu and Mo, Open-pit mining and beneficiation at Gibraltar",Mo,10.690540862745097,0.0002443358690038284,mining,,Mo concentrate,concentrate_economic
BC-MAIN-6b4800fe,,Water,Mercury (and its compounds),Emission,Waterbody,tonnes,,BC-MAIN-6b4800fe,"Cu and Mo, Open-pit mining and beneficiation at Gibraltar",Cu,185367.93066666668,0.9997556641309961,mining,,Cu concentrate,concentrate_economic
BC-MAIN-6b4800fe,,Water,Mercury (and its compounds),Emission,Waterbody,tonnes,,BC-MAIN-6b4800fe,"Cu and Mo, Open-pit mining and beneficiation at Gibraltar",Mo,10.690540862745097,0.0002443358690038284,mining,,Mo concentrate,concentrate_economic
BC-MAIN-6b4800fe,,Water,Nickel (and its compounds),Emission,Waterbody,tonnes,,BC-MAIN-6b4800fe,"Cu and Mo, Open-pit mining and beneficiation at Gibraltar",Cu,185367.93066666668,0.9997556641309961,mining,,Cu concentrate,concentrate_economic
BC-MAIN-6b4800fe,,Water,Nickel (and its compounds),Emission,Waterbody,tonnes,,BC-MAIN-6b4800fe,"Cu and Mo, Open-pit mining and beneficiation at Gibraltar",Mo,10.690540862745097,0.0002443358690038284,mining,,Mo concentrate,concentrate_economic
BC-MAIN-6b4800fe,,Water,Selenium (and its compounds),Emission,Waterbody,kg,,BC-MAIN-6b4800fe,"Cu and Mo, Open-pit mining and beneficiation at Gibraltar",Cu,185367.93066666668,0.9997556641309961,mining,,Cu concentrate,concentrate_economic
BC-MAIN-6b4800fe,,Water,Selenium (and its compounds),Emission,Waterbody,kg,,BC-MAIN-6b4800fe,"Cu and Mo, Open-pit mining and beneficiation at Gibraltar",Mo,10.690540862745097,0.0002443358690038284,mining,,Mo concentrate,concentrate_economic
BC-MAIN-6b4800fe,,Water,Zinc (and its compounds),Emission,Waterbody,tonnes,,BC-MAIN-6b4800fe,"Cu and Mo, Open-pit mining and beneficiation at Gibraltar",Cu,185367.93066666668,0.9997556641309961,mining,,Cu concentrate,concentrate_economic
BC-MAIN-6b4800fe,,Water,Zinc (and its compounds),Emission,Waterbody,tonnes,,BC-MAIN-6b4800fe,"Cu and Mo, Open-pit mining and beneficiation at Gibraltar",Mo,10.690540862745097,0.0002443358690038284,mining,,Mo concentrate,concentrate_economic
QC-MAIN-a97821c0,,Water,Arsenic (and its compounds),Emission,Waterbody,kg,,QC-MAIN-a97821c0,"Cu and Ni and Co and Pt, Underground mining and beneficiation at Raglan",Ni,151450.0,1.0,mining,,Ni concentrate,concentrate_economic
QC-MAIN-a97821c0,,Water,Cadmium (and its compounds),Emission,Waterbody,kg,,QC-MAIN-a97821c0,"Cu and Ni and Co and Pt, Underground mining and beneficiation at Raglan",Ni,151450.0,1.0,mining,,Ni concentrate,concentrate_economic
QC-MAIN-a97821c0,,Water,Chromium (and its compounds),Emission,Waterbody,tonnes,,QC-MAIN-a97821c0,"Cu and Ni and Co and Pt, Underground mining and beneficiation at Raglan",Ni,151450.0,1.0,mining,,Ni concentrate,concentrate_economic
QC-MAIN-a97821c0,,Water,Cobalt (and its compounds),Emission,Waterbody,kg,,QC-MAIN-a97821c0,"Cu and Ni and Co and Pt, Underground mining and beneficiation at Raglan",Ni,151450.0,1.0,mining,,Ni concentrate,concentrate_economic
QC-MAIN-a97821c0,,Water,Copper (and its compounds),Emission,Waterbody,tonnes,,QC-MAIN-a97821c0,"Cu and Ni and Co and Pt, Underground mining and beneficiation at Raglan",Ni,151450.0,1.0,mining,,Ni concentrate,concentrate_economic
QC-MAIN-a97821c0,,Water,Lead (and its compounds),Emission,Waterbody,kg,,QC-MAIN-a97821c0,"Cu and Ni and Co and Pt, Underground mining and beneficiation at Raglan",Ni,151450.0,1.0,mining,,Ni concentrate,concentrate_economic
QC-MAIN-a97821c0,,Water,Manganese (and its compounds),Emission,Waterbody,tonnes,,QC-MAIN-a97821c0,"Cu and Ni and Co and Pt, Underground mining and beneficiation at Raglan",Ni,151450.0,1.0,mining,,Ni concentrate,concentrate_economic
QC-MAIN-a97821c0,,Water,Mercury (and its compounds),Emission,Waterbody,tonnes,,QC-MAIN-a97821c0,"Cu and Ni and Co and Pt, Underground mining and beneficiation at Raglan",Ni,151450.0,1.0,mining,,Ni concentrate,concentrate_economic
QC-MAIN-a97821c0,,Water,Nickel (and its compounds),Emission,Waterbody,tonnes,,QC-MAIN-a97821c0,"Cu and Ni and Co and Pt, Underground mining and beneficiation at Raglan",Ni,151450.0,1.0,mining,,Ni concentrate,concentrate_economic
QC-MAIN-a97821c0,,Water,Nitrate ion in solution at pH >= 6.0,Emission,Waterbody,tonnes,,QC-MAIN-a97821c0,"Cu and Ni and Co and Pt, Underground mining and beneficiation at Raglan",Ni,151450.0,1.0,mining,,Ni concentrate,concentrate_economic
QC-MAIN-a97821c0,,Water,Phosphorus (total),Emission,Waterbody,tonnes,,QC-MAIN-a97821c0,"Cu and Ni and Co and Pt, Underground mining and beneficiation at Raglan",Ni,151450.0,1.0,mining,,Ni concentrate,concentrate_economic
QC-MAIN-a97821c0,,Water,Selenium (and its compounds),Emission,Waterbody,kg,,QC-MAIN-a97821c0,"Cu and Ni and Co and Pt, Underground mining and beneficiation at Raglan",Ni,151450.0,1.0,mining,,Ni concentrate,concentrate_economic
QC-MAIN-a97821c0,,Water,Thallium (and its compounds),Emission,Waterbody,kg,,QC-MAIN-a97821c0,"Cu and Ni and Co and Pt, Underground mining and beneficiation at Raglan",Ni,151450.0,1.0,mining,,Ni concentrate,concentrate_economic
QC-MAIN-a97821c0,,Water,Zinc (and its compounds),Emission,Waterbody,tonnes,,QC-MAIN-a97821c0,"Cu and Ni and Co and Pt, Underground mining and beneficiation at Raglan",Ni,151450.0,1.0,mining,,Ni concentrate,concentrate_economic
ON-MAIN-f8313ebd,,Water,Arsenic (and its compounds),Emission,Waterbody,kg,,ON-MAIN-f8313ebd,"Ag and Cu and Zn, Underground mining and beneficiation at Kidd Creek",Cu,75333.33333333334,0.7230258878971872,mining,,Cu concentrate,concentrate_economic
ON-MAIN-f8313ebd,,Water,Arsenic (and its compounds),Emission,Waterbody,kg,,ON-MAIN-f8313ebd,"Ag and Cu and Zn, Underground mining and beneficiation at Kidd Creek",Zn,77200.0,0.2769741121028128,mining,,Zn concentrate,concentrate_economic
ON-MAIN-f8313ebd,,Water,Cadmium (and its compounds),Emission,Waterbody,kg,,ON-MAIN-f8313ebd,"Ag and Cu and Zn, Underground mining and beneficiation at Kidd Creek",Cu,75333.33333333334,0.7230258878971872,mining,,Cu concentrate,concentrate_economic
ON-MAIN-f8313ebd,,Water,Cadmium (and its compounds),Emission,Waterbody,kg,,ON-MAIN-f8313ebd,"Ag and Cu and Zn, Underground mining and beneficiation at Kidd Creek",Zn,77200.0,0.2769741121028128,mining,,Zn concentrate,concentrate_economic
ON-MAIN-f8313ebd,,Water,Copper (and its compounds),Emission,Waterbody,tonnes,,ON-MAIN-f8313ebd,"Ag and Cu and Zn, Underground mining and beneficiation at Kidd Creek",Cu,75333.33333333334,0.7230258878971872,mining,,Cu concentrate,concentrate_economic
ON-MAIN-f8313ebd,,Water,Copper (and its compounds),Emission,Waterbody,tonnes,,ON-MAIN-f8313ebd,"Ag and Cu and Zn, Underground mining and beneficiation at Kidd Creek",Zn,77200.0,0.2769741121028128,mining,,Zn concentrate,concentrate_economic
ON-MAIN-f8313ebd,,Water,Lead (and its compounds),Emission,Waterbody,kg,,ON-MAIN-f8313ebd,"Ag and Cu and Zn, Underground mining and beneficiation at Kidd Creek",Cu,75333.33333333334,0.7230258878971872,mining,,Cu concentrate,concentrate_economic
ON-MAIN-f8313ebd,,Water,Lead (and its compounds),Emission,Waterbody,kg,,ON-MAIN-f8313ebd,"Ag and Cu and Zn, Underground mining and beneficiation at Kidd Creek",Zn,77200.0,0.2769741121028128,mining,,Zn concentrate,concentrate_economic
ON-MAIN-f8313ebd,,Water,Nitrate ion in solution at pH >= 6.0,Emission,Waterbody,tonnes,,ON-MAIN-f8313ebd,"Ag and Cu and Zn, Underground mining and beneficiation at Kidd Creek",Cu,75333.33333333334,0.7230258878971872,mining,,Cu concentrate,concentrate_economic
ON-MAIN-f8313ebd,,Water,Nitrate ion in solution at pH >= 6.0,Emission,Waterbody,tonnes,,ON-MAIN-f8313ebd,"Ag and Cu and Zn, Underground mining and beneficiation at Kidd Creek",Zn,77200.0,0.2769741121028128,mining,,Zn concentrate,concentrate_economic
ON-MAIN-f8313ebd,,Water,Selenium (and its compounds),Emission,Waterbody,kg,,ON-MAIN-f8313ebd,"Ag and Cu and Zn, Underground mining and beneficiation at Kidd Creek",Cu,75333.33333333334,0.7230258878971872,mining,,Cu concentrate,concentrate_economic
ON-MAIN-f8313ebd,,Water,Selenium (and its compounds),Emission,Waterbody,kg,,ON-MAIN-f8313ebd,"Ag and Cu and Zn, Underground mining and beneficiation at Kidd Creek",Zn,77200.0,0.2769741121028128,mining,,Zn concentrate,concentrate_economic
ON-MAIN-f8313ebd,,Water,Zinc (and its compounds),Emission,Waterbody,tonnes,,ON-MAIN-f8313ebd,"Ag and Cu and Zn, Underground mining and beneficiation at Kidd Creek",Cu,75333.33333333334,0.7230258878971872,mining,,Cu concentrate,concentrate_economic
ON-MAIN-f8313ebd,,Water,Zinc (and its compounds),Emission,Waterbody,tonnes,,ON-MAIN-f8313ebd,"Ag and Cu and Zn, Underground mining and beneficiation at Kidd Creek",Zn,77200.0,0.2769741121028128,mining,,Zn concentrate,concentrate_economic
ON-MAIN-fefeaee4,,Water,Ammonia (total),Emission,Waterbody,tonnes,,ON-MAIN-fefeaee4,"Au, Underground mining and beneficiation at Musselwhite",Au,5.712887755102041,1.0,mining,,Au concentrate,concentrate_economic
QC-MAIN-6dc537e6,,Water,Antimony (and its compounds),Emission,Waterbody,tonnes,,QC-MAIN-6dc537e6,"Au and Ag, Underground mining and beneficiation at Éléonore",Au,7.738899920918366,1.0,mining,,Au concentrate,concentrate_economic
ON-MAIN-fefeaee4,,Water,Arsenic (and its compounds),Emission,Waterbody,kg,,ON-MAIN-fefeaee4,"Au, Underground mining and beneficiation at Musselwhite",Au,5.712887755102041,1.0,mining,,Au concentrate,concentrate_economic
QC-MAIN-6dc537e6,,Water,Arsenic (and its compounds),Emission,Waterbody,kg,,QC-MAIN-6dc537e6,"Au and Ag, Underground mining and beneficiation at Éléonore",Au,7.738899920918366,1.0,mining,,Au concentrate,concentrate_economic
ON-MAIN-fefeaee4,,Water,Cadmium (and its compounds),Emission,Waterbody,kg,,ON-MAIN-fefeaee4,"Au, Underground mining and beneficiation at Musselwhite",Au,5.712887755102041,1.0,mining,,Au concentrate,concentrate_economic
QC-MAIN-6dc537e6,,Water,Cadmium (and its compounds),Emission,Waterbody,kg,,QC-MAIN-6dc537e6,"Au and Ag, Underground mining and beneficiation at Éléonore",Au,7.738899920918366,1.0,mining,,Au concentrate,concentrate_economic
QC-MAIN-6dc537e6,,Water,Chromium (and its compounds),Emission,Waterbody,tonnes,,QC-MAIN-6dc537e6,"Au and Ag, Underground mining and beneficiation at Éléonore",Au,7.738899920918366,1.0,mining,,Au concentrate,concentrate_economic
ON-MAIN-fefeaee4,,Water,Cobalt (and its compounds),Emission,Waterbody,kg,,ON-MAIN-fefeaee4,"Au, Underground mining and beneficiation at Musselwhite",Au,5.712887755102041,1.0,mining,,Au concentrate,concentrate_economic
QC-MAIN-6dc537e6,,Water,Cobalt (and its compounds),Emission,Waterbody,kg,,QC-MAIN-6dc537e6,"Au and Ag, Underground mining and beneficiation at Éléonore",Au,7.738899920918366,1.0,mining,,Au concentrate,concentrate_economic
QC-MAIN-6dc537e6,,Water,Copper (and its compounds),Emission,Waterbody,tonnes,,QC-MAIN-6dc537e6,"Au and Ag, Underground mining and beneficiation at Éléonore",Au,7.738899920918366,1.0,mining,,Au concentrate,concentrate_economic
QC-MAIN-6dc537e6,,Water,Cyanides (ionic),Emission,Waterbody,tonnes,,QC-MAIN-6dc537e6,"Au and Ag, Underground mining and beneficiation at Éléonore",Au,7.738899920918366,1.0,mining,,Au concentrate,concentrate_economic
ON-MAIN-fefeaee4,,Water,Lead (and its compounds),Emission,Waterbody,kg,,ON-MAIN-fefeaee4,"Au, Underground mining and beneficiation at Musselwhite",Au,5.712887755102041,1.0,mining,,Au concentrate,concentrate_economic
QC-MAIN-6dc537e6,,Water,Lead (and its compounds),Emission,Waterbody,kg,,QC-MAIN-6dc537e6,"Au and Ag, Underground mining and beneficiation at Éléonore",Au,7.738899920918366,1.0,mining,,Au concentrate,concentrate_economic
QC-MAIN-6dc537e6,,Water,Manganese (and its compounds),Emission,Waterbody,tonnes,,QC-MAIN-6dc537e6,"Au and Ag, Underground mining and beneficiation at Éléonore",Au,7.738899920918366,1.0,mining,,Au concentrate,concentrate_economic
ON-MAIN-fefeaee4,,Water,Mercury (and its compounds),Emission,Waterbody,tonnes,,ON-MAIN-fefeaee4,"Au, Underground mining and beneficiation at Musselwhite",Au,5.712887755102041,1.0,mining,,Au concentrate,concentrate_economic
QC-MAIN-6dc537e6,,Water,Mercury (and its compounds),Emission,Waterbody,tonnes,,QC-MAIN-6dc537e6,"Au and Ag, Underground mining and beneficiation at Éléonore",Au,7.738899920918366,1.0,mining,,Au concentrate,concentrate_economic
QC-MAIN-6dc537e6,,Water,Nickel (and its compounds),Emission,Waterbody,tonnes,,QC-MAIN-6dc537e6,"Au and Ag, Underground mining and beneficiation at Éléonore",Au,7.738899920918366,1.0,mining,,Au concentrate,concentrate_economic
ON-MAIN-fefeaee4,,Water,Nitrate ion in solution at pH >= 6.0,Emission,Waterbody,tonnes,,ON-MAIN-fefeaee4,"Au, Underground mining and beneficiation at Musselwhite",Au,5.712887755102041,1.0,mining,,Au concentrate,concentrate_economic
QC-MAIN-6dc537e6,,Water,Nitrate ion in solution at pH >= 6.0,Emission,Waterbody,tonnes,,QC-MAIN-6dc537e6,"Au and Ag, Underground mining and beneficiation at Éléonore",Au,7.738899920918366,1.0,mining,,Au concentrate,concentrate_economic
ON-MAIN-fefeaee4,,Water,Selenium (and its compounds),Emission,Waterbody,kg,,ON-MAIN-fefeaee4,"Au, Underground mining and beneficiation at Musselwhite",Au,5.712887755102041,1.0,mining,,Au concentrate,concentrate_economic
QC-MAIN-6dc537e6,,Water,Selenium (and its compounds),Emission,Waterbody,kg,,QC-MAIN-6dc537e6,"Au and Ag, Underground mining and beneficiation at Éléonore",Au,7.738899920918366,1.0,mining,,Au concentrate,concentrate_economic
ON-MAIN-fefeaee4,,Water,Thallium (and its compounds),Emission,Waterbody,kg,,ON-MAIN-fefeaee4,"Au, Underground mining and beneficiation at Musselwhite",Au,5.712887755102041,1.0,mining,,Au concentrate,concentrate_economic
QC-MAIN-6dc537e6,,Water,Thallium (and its compounds),Emission,Waterbody,kg,,QC-MAIN-6dc537e6,"Au and Ag, Underground mining and beneficiation at Éléonore",Au,7.738899920918366,1.0,mining,,Au concentrate,concentrate_economic
QC-MAIN-6dc537e6,,Water,Vanadium (and its compounds),Emission,Waterbody,tonnes,,QC-MAIN-6dc537e6,"Au and Ag, Underground mining and beneficiation at Éléonore",Au,7.738899920918366,1.0,mining,,Au concentrate,concentrate_economic
QC-MAIN-6dc537e6,,Water,Zinc (and its compounds),Emission,Waterbody,tonnes,,QC-MAIN-6dc537e6,"Au and Ag, Underground mining and beneficiation at Éléonore",Au,7.738899920918366,1.0,mining,,Au concentrate,concentrate_economic
QC-MAIN-b86f7d07,,Water,Ammonia (total),Emission,Waterbody,tonnes,,QC-MAIN-b86f7d07,"Au and Ag, Open-pit and underground mining and beneficiation at Casa Berardi",Au,3.5165997959183577,1.0,mining,,Au concentrate,concentrate_economic
QC-MAIN-b86f7d07,,Water,Arsenic (and its compounds),Emission,Waterbody,kg,,QC-MAIN-b86f7d07,"Au and Ag, Open-pit and underground mining and beneficiation at Casa Berardi",Au,3.5165997959183577,1.0,mining,,Au concentrate,concentrate_economic
QC-MAIN-b86f7d07,,Water,Cadmium (and its compounds),Emission,Waterbody,kg,,QC-MAIN-b86f7d07,"Au and Ag, Open-pit and underground mining and beneficiation at Casa Berardi",Au,3.5165997959183577,1.0,mining,,Au concentrate,concentrate_economic
QC-MAIN-b86f7d07,,Water,Chromium (and its compounds),Emission,Waterbody,tonnes,,QC-MAIN-b86f7d07,"Au and Ag, Open-pit and underground mining and beneficiation at Casa Berardi",Au,3.5165997959183577,1.0,mining,,Au concentrate,concentrate_economic
QC-MAIN-b86f7d07,,Water,Cobalt (and its compounds),Emission,Waterbody,kg,,QC-MAIN-b86f7d07,"Au and Ag, Open-pit and underground mining and beneficiation at Casa Berardi",Au,3.5165997959183577,1.0,mining,,Au concentrate,concentrate_economic
QC-MAIN-b86f7d07,,Water,Copper (and its compounds),Emission,Waterbody,tonnes,,QC-MAIN-b86f7d07,"Au and Ag, Open-pit and underground mining and beneficiation at Casa Berardi",Au,3.5165997959183577,1.0,mining,,Au concentrate,concentrate_economic
QC-MAIN-b86f7d07,,Water,Lead (and its compounds),Emission,Waterbody,kg,,QC-MAIN-b86f7d07,"Au and Ag, Open-pit and underground mining and beneficiation at Casa Berardi",Au,3.5165997959183577,1.0,mining,,Au concentrate,concentrate_economic
QC-MAIN-b86f7d07,,Water,Manganese (and its compounds),Emission,Waterbody,tonnes,,QC-MAIN-b86f7d07,"Au and Ag, Open-pit and underground mining and beneficiation at Casa Berardi",Au,3.5165997959183577,1.0,mining,,Au concentrate,concentrate_economic
QC-MAIN-b86f7d07,,Water,Mercury (and its compounds),Emission,Waterbody,tonnes,,QC-MAIN-b86f7d07,"Au and Ag, Open-pit and underground mining and beneficiation at Casa Berardi",Au,3.5165997959183577,1.0,mining,,Au concentrate,concentrate_economic
QC-MAIN-b86f7d07,,Water,Nickel (and its compounds),Emission,Waterbody,tonnes,,QC-MAIN-b86f7d07,"Au and Ag, Open-pit and underground mining and beneficiation at Casa Berardi",Au,3.5165997959183577,1.0,mining,,Au concentrate,concentrate_economic
QC-MAIN-b86f7d07,,Water,Nitrate ion in solution at pH >= 6.0,Emission,Waterbody,tonnes,,QC-MAIN-b86f7d07,"Au and Ag, Open-pit and underground mining and beneficiation at Casa Berardi",Au,3.5165997959183577,1.0,mining,,Au concentrate,concentrate_economic
QC-MAIN-b86f7d07,,Water,Selenium (and its compounds),Emission,Waterbody,kg,,QC-MAIN-b86f7d07,"Au and Ag, Open-pit and underground mining and beneficiation at Casa Berardi",Au,3.5165997959183577,1.0,mining,,Au concentrate,concentrate_economic
QC-MAIN-b86f7d07,,Water,Zinc (and its compounds),Emission,Waterbody,tonnes,,QC-MAIN-b86f7d07,"Au and Ag, Open-pit and underground mining and beneficiation at Casa Berardi",Au,3.5165997959183577,1.0,mining,,Au concentrate,concentrate_economic
BC-MAIN-3f490561,,Water,Antimony (and its compounds),Emission,Waterbody,tonnes,,BC-MAIN-3f490561,"Au and Cu, Open-pit mining and beneficiation at Mount Polley",Cu,45578.436133333336,1.0,mining,,Cu concentrate,concentrate_economic
BC-MAIN-3f490561,,Water,Arsenic (and its compounds),Emission,Waterbody,kg,,BC-MAIN-3f490561,"Au and Cu, Open-pit mining and beneficiation at Mount Polley",Cu,45578.436133333336,1.0,mining,,Cu concentrate,concentrate_economic
BC-MAIN-3f490561,,Water,Cadmium (and its compounds),Emission,Waterbody,kg,,BC-MAIN-3f490561,"Au and Cu, Open-pit mining and beneficiation at Mount Polley",Cu,45578.436133333336,1.0,mining,,Cu concentrate,concentrate_economic
BC-MAIN-3f490561,,Water,Cobalt (and its compounds),Emission,Waterbody,kg,,BC-MAIN-3f490561,"Au and Cu, Open-pit mining and beneficiation at Mount Polley",Cu,45578.436133333336,1.0,mining,,Cu concentrate,concentrate_economic
BC-MAIN-3f490561,,Water,Copper (and its compounds),Emission,Waterbody,tonnes,,BC-MAIN-3f490561,"Au and Cu, Open-pit mining and beneficiation at Mount Polley",Cu,45578.436133333336,1.0,mining,,Cu concentrate,concentrate_economic
BC-MAIN-3f490561,,Water,Lead (and its compounds),Emission,Waterbody,kg,,BC-MAIN-3f490561,"Au and Cu, Open-pit mining and beneficiation at Mount Polley",Cu,45578.436133333336,1.0,mining,,Cu concentrate,concentrate_economic
BC-MAIN-3f490561,,Water,Manganese (and its compounds),Emission,Waterbody,tonnes,,BC-MAIN-3f490561,"Au and Cu, Open-pit mining and beneficiation at Mount Polley",Cu,45578.436133333336,1.0,mining,,Cu concentrate,concentrate_economic
BC-MAIN-3f490561,,Water,Nickel (and its compounds),Emission,Waterbody,tonnes,,BC-MAIN-3f490561,"Au and Cu, Open-pit mining and beneficiation at Mount Polley",Cu,45578.436133333336,1.0,mining,,Cu concentrate,concentrate_economic
BC-MAIN-3f490561,,Water,Nitrate ion in solution at pH >= 6.0,Emission,Waterbody,tonnes,,BC-MAIN-3f490561,"Au and Cu, Open-pit mining and beneficiation at Mount Polley",Cu,45578.436133333336,1.0,mining,,Cu concentrate,concentrate_economic
BC-MAIN-3f490561,,Water,Phosphorus (total),Emission,Waterbody,tonnes,,BC-MAIN-3f490561,"Au and Cu, Open-pit mining and beneficiation at Mount Polley",Cu,45578.436133333336,1.0,mining,,Cu concentrate,concentrate_economic
BC-MAIN-3f490561,,Water,Selenium (and its compounds),Emission,Waterbody,kg,,BC-MAIN-3f490561,"Au and Cu, Open-pit mining and beneficiation at Mount Polley",Cu,45578.436133333336,1.0,mining,,Cu concentrate,concentrate_economic
BC-MAIN-3f490561,,Water,Vanadium (and its compounds),Emission,Waterbody,tonnes,,BC-MAIN-3f490561,"Au and Cu, Open-pit mining and beneficiation at Mount Polley",Cu,45578.436133333336,1.0,mining,,Cu concentrate,concentrate_economic
BC-MAIN-3f490561,,Water,Zinc (and its compounds),Emission,Waterbody,tonnes,,BC-MAIN-3f490561,"Au and Cu, Open-pit mining and beneficiation at Mount Polley",Cu,45578.436133333336,1.0,mining,,Cu concentrate,concentrate_economic
ON-MAIN-aeafbb59,,Water,Arsenic (and its compounds),Emission,Waterbody,kg,,ON-MAIN-aeafbb59,"Au and Ag, Open-pit mining and beneficiation at Detour Lake",Au,24.0082838377551,1.0,mining,,Au concentrate,concentrate_economic
ON-MAIN-aeafbb59,,Water,Copper (and its compounds),Emission,Waterbody,tonnes,,ON-MAIN-aeafbb59,"Au and Ag, Open-pit mining and beneficiation at Detour Lake",Au,24.0082838377551,1.0,mining,,Au concentrate,concentrate_economic
ON-MAIN-aeafbb59,,Water,Lead (and its compounds),Emission,Waterbody,kg,,ON-MAIN-aeafbb59,"Au and Ag, Open-pit mining and beneficiation at Detour Lake",Au,24.0082838377551,1.0,mining,,Au concentrate,concentrate_economic
ON-MAIN-aeafbb59,,Water,Nickel (and its compounds),Emission,Waterbody,tonnes,,ON-MAIN-aeafbb59,"Au and Ag, Open-pit mining and beneficiation at Detour Lake",Au,24.0082838377551,1.0,mining,,Au concentrate,concentrate_economic
ON-MAIN-aeafbb59,,Water,Zinc (and its compounds),Emission,Waterbody,tonnes,,ON-MAIN-aeafbb59,"Au and Ag, Open-pit mining and beneficiation at Detour Lake",Au,24.0082838377551,1.0,mining,,Au concentrate,concentrate_economic
QC-MAIN-e51eda66,,Water,Ammonia (total),Emission,Waterbody,tonnes,,QC-MAIN-e51eda66,"Au and Ag and Cu and Zn, Underground mining and beneficiation at LaRonde",Cu,8593.20125,0.09772240804218515,mining,,Cu concentrate,concentrate_economic
QC-MAIN-e51eda66,,Water,Ammonia (total),Emission,Waterbody,tonnes,,QC-MAIN-e51eda66,"Au and Ag and Cu and Zn, Underground mining and beneficiation at LaRonde",Zn,15404.877034,0.06548662801881933,mining,,Zn concentrate,concentrate_economic
QC-MAIN-e51eda66,,Water,Ammonia (total),Emission,Waterbody,tonnes,,QC-MAIN-e51eda66,"Au and Ag and Cu and Zn, Underground mining and beneficiation at LaRonde",Au,9.802902790306113,0.8367909639389955,mining,,Au concentrate,concentrate_economic
QC-MAIN-e51eda66,,Water,Arsenic (and its compounds),Emission,Waterbody,kg,,QC-MAIN-e51eda66,"Au and Ag and Cu and Zn, Underground mining and beneficiation at LaRonde",Cu,8593.20125,0.09772240804218515,mining,,Cu concentrate,concentrate_economic
QC-MAIN-e51eda66,,Water,Arsenic (and its compounds),Emission,Waterbody,kg,,QC-MAIN-e51eda66,"Au and Ag and Cu and Zn, Underground mining and beneficiation at LaRonde",Zn,15404.877034,0.06548662801881933,mining,,Zn concentrate,concentrate_economic
QC-MAIN-e51eda66,,Water,Arsenic (and its compounds),Emission,Waterbody,kg,,QC-MAIN-e51eda66,"Au and Ag and Cu and Zn, Underground mining and beneficiation at LaRonde",Au,9.802902790306113,0.8367909639389955,mining,,Au concentrate,concentrate_economic
QC-MAIN-e51eda66,,Water,Cadmium (and its compounds),Emission,Waterbody,kg,,QC-MAIN-e51eda66,"Au and Ag and Cu and Zn, Underground mining and beneficiation at LaRonde",Cu,8593.20125,0.09772240804218515,mining,,Cu concentrate,concentrate_economic
QC-MAIN-e51eda66,,Water,Cadmium (and its compounds),Emission,Waterbody,kg,,QC-MAIN-e51eda66,"Au and Ag and Cu and Zn, Underground mining and beneficiation at LaRonde",Zn,15404.877034,0.06548662801881933,mining,,Zn concentrate,concentrate_economic
QC-MAIN-e51eda66,,Water,Cadmium (and its compounds),Emission,Waterbody,kg,,QC-MAIN-e51eda66,"Au and Ag and Cu and Zn, Underground mining and beneficiation at LaRonde",Au,9.802902790306113,0.8367909639389955,mining,,Au concentrate,concentrate_economic
QC-MAIN-e51eda66,,Water,Chromium (and its compounds),Emission,Waterbody,tonnes,,QC-MAIN-e51eda66,"Au and Ag and Cu and Zn, Underground mining and beneficiation at LaRonde",Cu,8593.20125,0.09772240804218515,mining,,Cu concentrate,concentrate_economic
QC-MAIN-e51eda66,,Water,Chromium (and its compounds),Emission,Waterbody,tonnes,,QC-MAIN-e51eda66,"Au and Ag and Cu and Zn, Underground mining and beneficiation at LaRonde",Zn,15404.877034,0.06548662801881933,mining,,Zn concentrate,concentrate_economic
QC-MAIN-e51eda66,,Water,Chromium (and its compounds),Emission,Waterbody,tonnes,,QC-MAIN-e51eda66,"Au and Ag and Cu and Zn, Underground mining and beneficiation at LaRonde",Au,9.802902790306113,0.8367909639389955,mining,,Au concentrate,concentrate_economic
QC-MAIN-e51eda66,,Water,Cobalt (and its compounds),Emission,Waterbody,kg,,QC-MAIN-e51eda66,"Au and Ag and Cu and Zn, Underground mining and beneficiation at LaRonde",Cu,8593.20125,0.09772240804218515,mining,,Cu concentrate,concentrate_economic
QC-MAIN-e51eda66,,Water,Cobalt (and its compounds),Emission,Waterbody,kg,,QC-MAIN-e51eda66,"Au and Ag and Cu and Zn, Underground mining and beneficiation at LaRonde",Zn,15404.877034,0.06548662801881933,mining,,Zn concentrate,concentrate_economic
QC-MAIN-e51eda66,,Water,Cobalt (and its compounds),Emission,Waterbody,kg,,QC-MAIN-e51eda66,"Au and Ag and Cu and Zn, Underground mining and beneficiation at LaRonde",Au,9.802902790306113,0.8367909639389955,mining,,Au concentrate,concentrate_economic
QC-MAIN-e51eda66,,Water,Copper (and its compounds),Emission,Waterbody,tonnes,,QC-MAIN-e51eda66,"Au and Ag and Cu and Zn, Underground mining and beneficiation at LaRonde",Cu,8593.20125,0.09772240804218515,mining,,Cu concentrate,concentrate_economic
QC-MAIN-e51eda66,,Water,Copper (and its compounds),Emission,Waterbody,tonnes,,QC-MAIN-e51eda66,"Au and Ag and Cu and Zn, Underground mining and beneficiation at LaRonde",Zn,15404.877034,0.06548662801881933,mining,,Zn concentrate,concentrate_economic
QC-MAIN-e51eda66,,Water,Copper (and its compounds),Emission,Waterbody,tonnes,,QC-MAIN-e51eda66,"Au and Ag and Cu and Zn, Underground mining and beneficiation at LaRonde",Au,9.802902790306113,0.8367909639389955,mining,,Au concentrate,concentrate_economic
QC-MAIN-e51eda66,,Water,Cyanides (ionic),Emission,Waterbody,tonnes,,QC-MAIN-e51eda66,"Au and Ag and Cu and Zn, Underground mining and beneficiation at LaRonde",Cu,8593.20125,0.09772240804218515,mining,,Cu concentrate,concentrate_economic
QC-MAIN-e51eda66,,Water,Cyanides (ionic),Emission,Waterbody,tonnes,,QC-MAIN-e51eda66,"Au and Ag and Cu and Zn, Underground mining and beneficiation at LaRonde",Zn,15404.877034,0.06548662801881933,mining,,Zn concentrate,concentrate_economic
QC-MAIN-e51eda66,,Water,Cyanides (ionic),Emission,Waterbody,tonnes,,QC-MAIN-e51eda66,"Au and Ag and Cu and Zn, Underground mining and beneficiation at LaRonde",Au,9.802902790306113,0.8367909639389955,mining,,Au concentrate,concentrate_economic
QC-MAIN-e51eda66,,Water,Lead (and its compounds),Emission,Waterbody,kg,,QC-MAIN-e51eda66,"Au and Ag and Cu and Zn, Underground mining and beneficiation at LaRonde",Cu,8593.20125,0.09772240804218515,mining,,Cu concentrate,concentrate_economic
QC-MAIN-e51eda66,,Water,Lead (and its compounds),Emission,Waterbody,kg,,QC-MAIN-e51eda66,"Au and Ag and Cu and Zn, Underground mining and beneficiation at LaRonde",Zn,15404.877034,0.06548662801881933,mining,,Zn concentrate,concentrate_economic
QC-MAIN-e51eda66,,Water,Lead (and its compounds),Emission,Waterbody,kg,,QC-MAIN-e51eda66,"Au and Ag and Cu and Zn, Underground mining and beneficiation at LaRonde",Au,9.802902790306113,0.8367909639389955,mining,,Au concentrate,concentrate_economic
QC-MAIN-e51eda66,,Water,Manganese (and its compounds),Emission,Waterbody,tonnes,,QC-MAIN-e51eda66,"Au and Ag and Cu and Zn, Underground mining and beneficiation at LaRonde",Cu,8593.20125,0.09772240804218515,mining,,Cu concentrate,concentrate_economic
QC-MAIN-e51eda66,,Water,Manganese (and its compounds),Emission,Waterbody,tonnes,,QC-MAIN-e51eda66,"Au and Ag and Cu and Zn, Underground mining and beneficiation at LaRonde",Zn,15404.877034,0.06548662801881933,mining,,Zn concentrate,concentrate_economic
QC-MAIN-e51eda66,,Water,Manganese (and its compounds),Emission,Waterbody,tonnes,,QC-MAIN-e51eda66,"Au and Ag and Cu and Zn, Underground mining and beneficiation at LaRonde",Au,9.802902790306113,0.8367909639389955,mining,,Au concentrate,concentrate_economic
QC-MAIN-e51eda66,,Water,Mercury (and its compounds),Emission,Waterbody,tonnes,,QC-MAIN-e51eda66,"Au and Ag and Cu and Zn, Underground mining and beneficiation at LaRonde",Cu,8593.20125,0.09772240804218515,mining,,Cu concentrate,concentrate_economic
QC-MAIN-e51eda66,,Water,Mercury (and its compounds),Emission,Waterbody,tonnes,,QC-MAIN-e51eda66,"Au and Ag and Cu and Zn, Underground mining and beneficiation at LaRonde",Zn,15404.877034,0.06548662801881933,mining,,Zn concentrate,concentrate_economic
QC-MAIN-e51eda66,,Water,Mercury (and its compounds),Emission,Waterbody,tonnes,,QC-MAIN-e51eda66,"Au and Ag and Cu and Zn, Underground mining and beneficiation at LaRonde",Au,9.802902790306113,0.8367909639389955,mining,,Au concentrate,concentrate_economic
QC-MAIN-e51eda66,,Water,Nickel (and its compounds),Emission,Waterbody,tonnes,,QC-MAIN-e51eda66,"Au and Ag and Cu and Zn, Underground mining and beneficiation at LaRonde",Cu,8593.20125,0.09772240804218515,mining,,Cu concentrate,concentrate_economic
QC-MAIN-e51eda66,,Water,Nickel (and its compounds),Emission,Waterbody,tonnes,,QC-MAIN-e51eda66,"Au and Ag and Cu and Zn, Underground mining and beneficiation at LaRonde",Zn,15404.877034,0.06548662801881933,mining,,Zn concentrate,concentrate_economic
QC-MAIN-e51eda66,,Water,Nickel (and its compounds),Emission,Waterbody,tonnes,,QC-MAIN-e51eda66,"Au and Ag and Cu and Zn, Underground mining and beneficiation at LaRonde",Au,9.802902790306113,0.8367909639389955,mining,,Au concentrate,concentrate_economic
QC-MAIN-e51eda66,,Water,Nitrate ion in solution at pH >= 6.0,Emission,Waterbody,tonnes,,QC-MAIN-e51eda66,"Au and Ag and Cu and Zn, Underground mining and beneficiation at LaRonde",Cu,8593.20125,0.09772240804218515,mining,,Cu concentrate,concentrate_economic
QC-MAIN-e51eda66,,Water,Nitrate ion in solution at pH >= 6.0,Emission,Waterbody,tonnes,,QC-MAIN-e51eda66,"Au and Ag and Cu and Zn, Underground mining and beneficiation at LaRonde",Zn,15404.877034,0.06548662801881933,mining,,Zn concentrate,concentrate_economic
QC-MAIN-e51eda66,,Water,Nitrate ion in solution at pH >= 6.0,Emission,Waterbody,tonnes,,QC-MAIN-e51eda66,"Au and Ag and Cu and Zn, Underground mining and beneficiation at LaRonde",Au,9.802902790306113,0.8367909639389955,mining,,Au concentrate,concentrate_economic
QC-MAIN-e51eda66,,Water,Selenium (and its compounds),Emission,Waterbody,kg,,QC-MAIN-e51eda66,"Au and Ag and Cu and Zn, Underground mining and beneficiation at LaRonde",Cu,8593.20125,0.09772240804218515,mining,,Cu concentrate,concentrate_economic
QC-MAIN-e51eda66,,Water,Selenium (and its compounds),Emission,Waterbody,kg,,QC-MAIN-e51eda66,"Au and Ag and Cu and Zn, Underground mining and beneficiation at LaRonde",Zn,15404.877034,0.06548662801881933,mining,,Zn concentrate,concentrate_economic
QC-MAIN-e51eda66,,Water,Selenium (and its compounds),Emission,Waterbody,kg,,QC-MAIN-e51eda66,"Au and Ag and Cu and Zn, Underground mining and beneficiation at LaRonde",Au,9.802902790306113,0.8367909639389955,mining,,Au concentrate,concentrate_economic
QC-MAIN-e51eda66,,Water,Zinc (and its compounds),Emission,Waterbody,tonnes,,QC-MAIN-e51eda66,"Au and Ag and Cu and Zn, Underground mining and beneficiation at LaRonde",Cu,8593.20125,0.09772240804218515,mining,,Cu concentrate,concentrate_economic
QC-MAIN-e51eda66,,Water,Zinc (and its compounds),Emission,Waterbody,tonnes,,QC-MAIN-e51eda66,"Au and Ag and Cu and Zn, Underground mining and beneficiation at LaRonde",Zn,15404.877034,0.06548662801881933,mining,,Zn concentrate,concentrate_economic
QC-MAIN-e51eda66,,Water,Zinc (and its compounds),Emission,Waterbody,tonnes,,QC-MAIN-e51eda66,"Au and Ag and Cu and Zn, Underground mining and beneficiation at LaRonde",Au,9.802902790306113,0.8367909639389955,mining,,Au concentrate,concentrate_economic
QC-MAIN-a555d9b9,,Water,Ammonia (total),Emission,Waterbody,tonnes,,QC-MAIN-a555d9b9,"Nb, Underground mining and beneficiation at Niobec",Nb,113.25775862068966,,mining,,Nb concentrate,concentrate_economic
QC-MAIN-a555d9b9,,Water,Arsenic (and its compounds),Emission,Waterbody,kg,,QC-MAIN-a555d9b9,"Nb, Underground mining and beneficiation at Niobec",Nb,113.25775862068966,,mining,,Nb concentrate,concentrate_economic
QC-MAIN-a555d9b9,,Water,Cadmium (and its compounds),Emission,Waterbody,kg,,QC-MAIN-a555d9b9,"Nb, Underground mining and beneficiation at Niobec",Nb,113.25775862068966,,mining,,Nb concentrate,concentrate_economic
QC-MAIN-a555d9b9,,Water,Chromium (and its compounds),Emission,Waterbody,tonnes,,QC-MAIN-a555d9b9,"Nb, Underground mining and beneficiation at Niobec",Nb,113.25775862068966,,mining,,Nb concentrate,concentrate_economic
QC-MAIN-a555d9b9,,Water,Cobalt (and its compounds),Emission,Waterbody,kg,,QC-MAIN-a555d9b9,"Nb, Underground mining and beneficiation at Niobec",Nb,113.25775862068966,,mining,,Nb concentrate,concentrate_economic
QC-MAIN-a555d9b9,,Water,Copper (and its compounds),Emission,Waterbody,tonnes,,QC-MAIN-a555d9b9,"Nb, Underground mining and beneficiation at Niobec",Nb,113.25775862068966,,mining,,Nb concentrate,concentrate_economic
QC-MAIN-a555d9b9,,Water,Fluorine,Emission,Waterbody,tonnes,,QC-MAIN-a555d9b9,"Nb, Underground mining and beneficiation at Niobec",Nb,113.25775862068966,,mining,,Nb concentrate,concentrate_economic
QC-MAIN-a555d9b9,,Water,Lead (and its compounds),Emission,Waterbody,kg,,QC-MAIN-a555d9b9,"Nb, Underground mining and beneficiation at Niobec",Nb,113.25775862068966,,mining,,Nb concentrate,concentrate_economic
QC-MAIN-a555d9b9,,Water,Manganese (and its compounds),Emission,Waterbody,tonnes,,QC-MAIN-a555d9b9,"Nb, Underground mining and beneficiation at Niobec",Nb,113.25775862068966,,mining,,Nb concentrate,concentrate_economic
QC-MAIN-a555d9b9,,Water,Nitrate ion in solution at pH >= 6.0,Emission,Waterbody,tonnes,,QC-MAIN-a555d9b9,"Nb, Underground mining and beneficiation at Niobec",Nb,113.25775862068966,,mining,,Nb concentrate,concentrate_economic
QC-MAIN-a555d9b9,,Water,Phosphorus (total),Emission,Waterbody,tonnes,,QC-MAIN-a555d9b9,"Nb, Underground mining and beneficiation at Niobec",Nb,113.25775862068966,,mining,,Nb concentrate,concentrate_economic
QC-MAIN-a555d9b9,,Water,Selenium (and its compounds),Emission,Waterbody,kg,,QC-MAIN-a555d9b9,"Nb, Underground mining and beneficiation at Niobec",Nb,113.25775862068966,,mining,,Nb concentrate,concentrate_economic
QC-MAIN-a555d9b9,,Water,Zinc (and its compounds),Emission,Waterbody,tonnes,,QC-MAIN-a555d9b9,"Nb, Underground mining and beneficiation at Niobec",Nb,113.25775862068966,,mining,,Nb concentrate,concentrate_economic
ON-MAIN-4e0734b5,,Water,Arsenic (and its compounds),Emission,Waterbody,kg,,ON-MAIN-4e0734b5,"Au and Ag, Open-pit and underground mining and beneficiation at Fox Complex",Au,1.453612551020408,1.0,mining,,Au concentrate,concentrate_economic
ON-MAIN-4e0734b5,,Water,Cadmium (and its compounds),Emission,Waterbody,kg,,ON-MAIN-4e0734b5,"Au and Ag, Open-pit and underground mining and beneficiation at Fox Complex",Au,1.453612551020408,1.0,mining,,Au concentrate,concentrate_economic
ON-MAIN-4e0734b5,,Water,Chromium (and its compounds),Emission,Waterbody,tonnes,,ON-MAIN-4e0734b5,"Au and Ag, Open-pit and underground mining and beneficiation at Fox Complex",Au,1.453612551020408,1.0,mining,,Au concentrate,concentrate_economic
ON-MAIN-4e0734b5,,Water,Cobalt (and its compounds),Emission,Waterbody,kg,,ON-MAIN-4e0734b5,"Au and Ag, Open-pit and underground mining and beneficiation at Fox Complex",Au,1.453612551020408,1.0,mining,,Au concentrate,concentrate_economic
ON-MAIN-4e0734b5,,Water,Copper (and its compounds),Emission,Waterbody,tonnes,,ON-MAIN-4e0734b5,"Au and Ag, Open-pit and underground mining and beneficiation at Fox Complex",Au,1.453612551020408,1.0,mining,,Au concentrate,concentrate_economic
ON-MAIN-4e0734b5,,Water,Lead (and its compounds),Emission,Waterbody,kg,,ON-MAIN-4e0734b5,"Au and Ag, Open-pit and underground mining and beneficiation at Fox Complex",Au,1.453612551020408,1.0,mining,,Au concentrate,concentrate_economic
ON-MAIN-4e0734b5,,Water,Nickel (and its compounds),Emission,Waterbody,tonnes,,ON-MAIN-4e0734b5,"Au and Ag, Open-pit and underground mining and beneficiation at Fox Complex",Au,1.453612551020408,1.0,mining,,Au concentrate,concentrate_economic
ON-MAIN-4e0734b5,,Water,Nitrate ion in solution at pH >= 6.0,Emission,Waterbody,tonnes,,ON-MAIN-4e0734b5,"Au and Ag, Open-pit and underground mining and beneficiation at Fox Complex",Au,1.453612551020408,1.0,mining,,Au concentrate,concentrate_economic
ON-MAIN-4e0734b5,,Water,Vanadium (and its compounds),Emission,Waterbody,tonnes,,ON-MAIN-4e0734b5,"Au and Ag, Open-pit and underground mining and beneficiation at Fox Complex",Au,1.453612551020408,1.0,mining,,Au concentrate,concentrate_economic
ON-MAIN-4e0734b5,,Water,Zinc (and its compounds),Emission,Waterbody,tonnes,,ON-MAIN-4e0734b5,"Au and Ag, Open-pit and underground mining and beneficiation at Fox Complex",Au,1.453612551020408,1.0,mining,,Au concentrate,concentrate_economic
ON-MAIN-8825d90d,,Water,Arsenic (and its compounds),Emission,Waterbody,kg,,ON-MAIN-8825d90d,"Au, Open-pit mining and beneficiation at Magino",Au,1.0473627551020408,1.0,mining,,Au concentrate,concentrate_economic
ON-MAIN-8825d90d,,Water,Chromium (and its compounds),Emission,Waterbody,tonnes,,ON-MAIN-8825d90d,"Au, Open-pit mining and beneficiation at Magino",Au,1.0473627551020408,1.0,mining,,Au concentrate,concentrate_economic
ON-MAIN-8825d90d,,Water,Cobalt (and its compounds),Emission,Waterbody,kg,,ON-MAIN-8825d90d,"Au, Open-pit mining and beneficiation at Magino",Au,1.0473627551020408,1.0,mining,,Au concentrate,concentrate_economic
ON-MAIN-8825d90d,,Water,Copper (and its compounds),Emission,Waterbody,tonnes,,ON-MAIN-8825d90d,"Au, Open-pit mining and beneficiation at Magino",Au,1.0473627551020408,1.0,mining,,Au concentrate,concentrate_economic
ON-MAIN-8825d90d,,Water,Cyanides (ionic),Emission,Waterbody,tonnes,,ON-MAIN-8825d90d,"Au, Open-pit mining and beneficiation at Magino",Au,1.0473627551020408,1.0,mining,,Au concentrate,concentrate_economic
ON-MAIN-8825d90d,,Water,Lead (and its compounds),Emission,Waterbody,kg,,ON-MAIN-8825d90d,"Au, Open-pit mining and beneficiation at Magino",Au,1.0473627551020408,1.0,mining,,Au concentrate,concentrate_economic
ON-MAIN-8825d90d,,Water,Manganese (and its compounds),Emission,Waterbody,tonnes,,ON-MAIN-8825d90d,"Au, Open-pit mining and beneficiation at Magino",Au,1.0473627551020408,1.0,mining,,Au concentrate,concentrate_economic
ON-MAIN-8825d90d,,Water,Mercury (and its compounds),Emission,Waterbody,tonnes,,ON-MAIN-8825d90d,"Au, Open-pit mining and beneficiation at Magino",Au,1.0473627551020408,1.0,mining,,Au concentrate,concentrate_economic
ON-MAIN-8825d90d,,Water,Nickel (and its compounds),Emission,Waterbody,tonnes,,ON-MAIN-8825d90d,"Au, Open-pit mining and beneficiation at Magino",Au,1.0473627551020408,1.0,mining,,Au concentrate,concentrate_economic
ON-MAIN-8825d90d,,Water,Phosphorus (total),Emission,Waterbody,tonnes,,ON-MAIN-8825d90d,"Au, Open-pit mining and beneficiation at Magino",Au,1.0473627551020408,1.0,mining,,Au concentrate,concentrate_economic
ON-MAIN-8825d90d,,Water,Selenium (and its compounds),Emission,Waterbody,kg,,ON-MAIN-8825d90d,"Au, Open-pit mining and beneficiation at Magino",Au,1.0473627551020408,1.0,mining,,Au concentrate,concentrate_economic
ON-MAIN-8825d90d,,Water,Thallium (and its compounds),Emission,Waterbody,kg,,ON-MAIN-8825d90d,"Au, Open-pit mining and beneficiation at Magino",Au,1.0473627551020408,1.0,mining,,Au concentrate,concentrate_economic
ON-MAIN-8825d90d,,Water,Vanadium (and its compounds),Emission,Waterbody,tonnes,,ON-MAIN-8825d90d,"Au, Open-pit mining and beneficiation at Magino",Au,1.0473627551020408,1.0,mining,,Au concentrate,concentrate_economic
ON-MAIN-8825d90d,,Water,Zinc (and its compounds),Emission,Waterbody,tonnes,,ON-MAIN-8825d90d,"Au, Open-pit mining and beneficiation at Magino",Au,1.0473627551020408,1.0,mining,,Au concentrate,concentrate_economic
ON-MAIN-7f050560,,Water,Arsenic (and its compounds),Emission,Waterbody,kg,,ON-MAIN-7f050560,"Au, Underground mining and beneficiation at Red Lake",Au,3.5769025,1.0,mining,,Au concentrate,concentrate_economic
ON-MAIN-7f050560,,Water,Cobalt (and its compounds),Emission,Waterbody,kg,,ON-MAIN-7f050560,"Au, Underground mining and beneficiation at Red Lake",Au,3.5769025,1.0,mining,,Au concentrate,concentrate_economic
ON-MAIN-7f050560,,Water,Nitrate ion in solution at pH >= 6.0,Emission,Waterbody,tonnes,,ON-MAIN-7f050560,"Au, Underground mining and beneficiation at Red Lake",Au,3.5769025,1.0,mining,,Au concentrate,concentrate_economic
BC-MAIN-bf503b6b,,Water,Arsenic (and its compounds),Emission,Waterbody,kg,,BC-MAIN-bf503b6b,"Cu and Mo, Open-pit mining and beneficiation at Highland Valley",Cu,341333.3333333334,0.9997809583158581,mining,,Cu concentrate,concentrate_economic
BC-MAIN-bf503b6b,,Water,Arsenic (and its compounds),Emission,Waterbody,kg,,BC-MAIN-bf503b6b,"Cu and Mo, Open-pit mining and beneficiation at Highland Valley",Mo,17.647058823529413,0.00021904168414189142,mining,,Mo concentrate,concentrate_economic
BC-MAIN-bf503b6b,,Water,Cadmium (and its compounds),Emission,Waterbody,kg,,BC-MAIN-bf503b6b,"Cu and Mo, Open-pit mining and beneficiation at Highland Valley",Cu,341333.3333333334,0.9997809583158581,mining,,Cu concentrate,concentrate_economic
BC-MAIN-bf503b6b,,Water,Cadmium (and its compounds),Emission,Waterbody,kg,,BC-MAIN-bf503b6b,"Cu and Mo, Open-pit mining and beneficiation at Highland Valley",Mo,17.647058823529413,0.00021904168414189142,mining,,Mo concentrate,concentrate_economic
BC-MAIN-bf503b6b,,Water,Cobalt (and its compounds),Emission,Waterbody,kg,,BC-MAIN-bf503b6b,"Cu and Mo, Open-pit mining and beneficiation at Highland Valley",Cu,341333.3333333334,0.9997809583158581,mining,,Cu concentrate,concentrate_economic
BC-MAIN-bf503b6b,,Water,Cobalt (and its compounds),Emission,Waterbody,kg,,BC-MAIN-bf503b6b,"Cu and Mo, Open-pit mining and beneficiation at Highland Valley",Mo,17.647058823529413,0.00021904168414189142,mining,,Mo concentrate,concentrate_economic
BC-MAIN-bf503b6b,,Water,Lead (and its compounds),Emission,Waterbody,kg,,BC-MAIN-bf503b6b,"Cu and Mo, Open-pit mining and beneficiation at Highland Valley",Cu,341333.3333333334,0.9997809583158581,mining,,Cu concentrate,concentrate_economic
BC-MAIN-bf503b6b,,Water,Lead (and its compounds),Emission,Waterbody,kg,,BC-MAIN-bf503b6b,"Cu and Mo, Open-pit mining and beneficiation at Highland Valley",Mo,17.647058823529413,0.00021904168414189142,mining,,Mo concentrate,concentrate_economic
BC-MAIN-bf503b6b,,Water,Selenium (and its compounds),Emission,Waterbody,kg,,BC-MAIN-bf503b6b,"Cu and Mo, Open-pit mining and beneficiation at Highland Valley",Cu,341333.3333333334,0.9997809583158581,mining,,Cu concentrate,concentrate_economic
BC-MAIN-bf503b6b,,Water,Selenium (and its compounds),Emission,Waterbody,kg,,BC-MAIN-bf503b6b,"Cu and Mo, Open-pit mining and beneficiation at Highland Valley",Mo,17.647058823529413,0.00021904168414189142,mining,,Mo concentrate,concentrate_economic
NL-MAIN-2d8801d6,,Water,Ammonia (total),Emission,Waterbody,tonnes,,NL-MAIN-2d8801d6,"Cu and Ni, Open-pit and underground mining and beneficiation at Voisey’s Bay",Ni,84375.0,1.0,mining,,Ni concentrate,concentrate_economic
NL-MAIN-2d8801d6,,Water,Arsenic (and its compounds),Emission,Waterbody,kg,,NL-MAIN-2d8801d6,"Cu and Ni, Open-pit and underground mining and beneficiation at Voisey’s Bay",Ni,84375.0,1.0,mining,,Ni concentrate,concentrate_economic
NL-MAIN-2d8801d6,,Water,Cadmium (and its compounds),Emission,Waterbody,kg,,NL-MAIN-2d8801d6,"Cu and Ni, Open-pit and underground mining and beneficiation at Voisey’s Bay",Ni,84375.0,1.0,mining,,Ni concentrate,concentrate_economic
NL-MAIN-2d8801d6,,Water,Chromium (and its compounds),Emission,Waterbody,tonnes,,NL-MAIN-2d8801d6,"Cu and Ni, Open-pit and underground mining and beneficiation at Voisey’s Bay",Ni,84375.0,1.0,mining,,Ni concentrate,concentrate_economic
NL-MAIN-2d8801d6,,Water,Cobalt (and its compounds),Emission,Waterbody,kg,,NL-MAIN-2d8801d6,"Cu and Ni, Open-pit and underground mining and beneficiation at Voisey’s Bay",Ni,84375.0,1.0,mining,,Ni concentrate,concentrate_economic
NL-MAIN-2d8801d6,,Water,Copper (and its compounds),Emission,Waterbody,tonnes,,NL-MAIN-2d8801d6,"Cu and Ni, Open-pit and underground mining and beneficiation at Voisey’s Bay",Ni,84375.0,1.0,mining,,Ni concentrate,concentrate_economic
NL-MAIN-2d8801d6,,Water,Lead (and its compounds),Emission,Waterbody,kg,,NL-MAIN-2d8801d6,"Cu and Ni, Open-pit and underground mining and beneficiation at Voisey’s Bay",Ni,84375.0,1.0,mining,,Ni concentrate,concentrate_economic
NL-MAIN-2d8801d6,,Water,Manganese (and its compounds),Emission,Waterbody,tonnes,,NL-MAIN-2d8801d6,"Cu and Ni, Open-pit and underground mining and beneficiation at Voisey’s Bay",Ni,84375.0,1.0,mining,,Ni concentrate,concentrate_economic
NL-MAIN-2d8801d6,,Water,Mercury (and its compounds),Emission,Waterbody,tonnes,,NL-MAIN-2d8801d6,"Cu and Ni, Open-pit and underground mining and beneficiation at Voisey’s Bay",Ni,84375.0,1.0,mining,,Ni concentrate,concentrate_economic
NL-MAIN-2d8801d6,,Water,Nickel (and its compounds),Emission,Waterbody,tonnes,,NL-MAIN-2d8801d6,"Cu and Ni, Open-pit and underground mining and beneficiation at Voisey’s Bay",Ni,84375.0,1.0,mining,,Ni concentrate,concentrate_economic
NL-MAIN-2d8801d6,,Water,Phosphorus (total),Emission,Waterbody,tonnes,,NL-MAIN-2d8801d6,"Cu and Ni, Open-pit and underground mining and beneficiation at Voisey’s Bay",Ni,84375.0,1.0,mining,,Ni concentrate,concentrate_economic
NL-MAIN-2d8801d6,,Water,Selenium (and its compounds),Emission,Waterbody,kg,,NL-MAIN-2d8801d6,"Cu and Ni, Open-pit and underground mining and beneficiation at Voisey’s Bay",Ni,84375.0,1.0,mining,,Ni concentrate,concentrate_economic
NL-MAIN-2d8801d6,,Water,Silver (and its compounds),Emission,Waterbody,tonnes,,NL-MAIN-2d8801d6,"Cu and Ni, Open-pit and underground mining and beneficiation at Voisey’s Bay",Ni,84375.0,1.0,mining,,Ni concentrate,concentrate_economic
NL-MAIN-2d8801d6,,Water,Vanadium (and its compounds),Emission,Waterbody,tonnes,,NL-MAIN-2d8801d6,"Cu and Ni, Open-pit and underground mining and beneficiation at Voisey’s Bay",Ni,84375.0,1.0,mining,,Ni concentrate,concentrate_economic
NL-MAIN-2d8801d6,,Water,Zinc (and its compounds),Emission,Waterbody,tonnes,,NL-MAIN-2d8801d6,"Cu and Ni, Open-pit and underground mining and beneficiation at Voisey’s Bay",Ni,84375.0,1.0,mining,,Ni concentrate,concentrate_economic
ON-MAIN-cb85213a,,Water,Arsenic (and its compounds),Emission,Waterbody,kg,,ON-MAIN-cb85213a,"Au, Underground mining and beneficiation at Eagle River",Au,2.7760508515306124,1.0,mining,,Au concentrate,concentrate_economic
ON-MAIN-cb85213a,,Water,Copper (and its compounds),Emission,Waterbody,tonnes,,ON-MAIN-cb85213a,"Au, Underground mining and beneficiation at Eagle River",Au,2.7760508515306124,1.0,mining,,Au concentrate,concentrate_economic
ON-MAIN-cb85213a,,Water,Cyanides (ionic),Emission,Waterbody,tonnes,,ON-MAIN-cb85213a,"Au, Underground mining and beneficiation at Eagle River",Au,2.7760508515306124,1.0,mining,,Au concentrate,concentrate_economic
ON-MAIN-cb85213a,,Water,Lead (and its compounds),Emission,Waterbody,kg,,ON-MAIN-cb85213a,"Au, Underground mining and beneficiation at Eagle River",Au,2.7760508515306124,1.0,mining,,Au concentrate,concentrate_economic
ON-MAIN-cb85213a,,Water,Nickel (and its compounds),Emission,Waterbody,tonnes,,ON-MAIN-cb85213a,"Au, Underground mining and beneficiation at Eagle River",Au,2.7760508515306124,1.0,mining,,Au concentrate,concentrate_economic
ON-MAIN-cb85213a,,Water,Zinc (and its compounds),Emission,Waterbody,tonnes,,ON-MAIN-cb85213a,"Au, Underground mining and beneficiation at Eagle River",Au,2.7760508515306124,1.0,mining,,Au concentrate,concentrate_economic
ON-MAIN-6e9be24e,,Water,Ammonia (total),Emission,Waterbody,tonnes,,ON-MAIN-6e9be24e,"Au, Open-pit and underground mining and beneficiation at Hemlo (Williams)",Au,4.476523630102041,1.0,mining,,Au concentrate,concentrate_economic
ON-MAIN-6e9be24e,,Water,Antimony (and its compounds),Emission,Waterbody,tonnes,,ON-MAIN-6e9be24e,"Au, Open-pit and underground mining and beneficiation at Hemlo (Williams)",Au,4.476523630102041,1.0,mining,,Au concentrate,concentrate_economic
ON-MAIN-6e9be24e,,Water,Arsenic (and its compounds),Emission,Waterbody,kg,,ON-MAIN-6e9be24e,"Au, Open-pit and underground mining and beneficiation at Hemlo (Williams)",Au,4.476523630102041,1.0,mining,,Au concentrate,concentrate_economic
ON-MAIN-6e9be24e,,Water,Cadmium (and its compounds),Emission,Waterbody,kg,,ON-MAIN-6e9be24e,"Au, Open-pit and underground mining and beneficiation at Hemlo (Williams)",Au,4.476523630102041,1.0,mining,,Au concentrate,concentrate_economic
ON-MAIN-6e9be24e,,Water,Chromium (and its compounds),Emission,Waterbody,tonnes,,ON-MAIN-6e9be24e,"Au, Open-pit and underground mining and beneficiation at Hemlo (Williams)",Au,4.476523630102041,1.0,mining,,Au concentrate,concentrate_economic
ON-MAIN-6e9be24e,,Water,Cobalt (and its compounds),Emission,Waterbody,kg,,ON-MAIN-6e9be24e,"Au, Open-pit and underground mining and beneficiation at Hemlo (Williams)",Au,4.476523630102041,1.0,mining,,Au concentrate,concentrate_economic
ON-MAIN-6e9be24e,,Water,Copper (and its compounds),Emission,Waterbody,tonnes,,ON-MAIN-6e9be24e,"Au, Open-pit and underground mining and beneficiation at Hemlo (Williams)",Au,4.476523630102041,1.0,mining,,Au concentrate,concentrate_economic
ON-MAIN-6e9be24e,,Water,Cyanides (ionic),Emission,Waterbody,tonnes,,ON-MAIN-6e9be24e,"Au, Open-pit and underground mining and beneficiation at Hemlo (Williams)",Au,4.476523630102041,1.0,mining,,Au concentrate,concentrate_economic
ON-MAIN-6e9be24e,,Water,Lead (and its compounds),Emission,Waterbody,kg,,ON-MAIN-6e9be24e,"Au, Open-pit and underground mining and beneficiation at Hemlo (Williams)",Au,4.476523630102041,1.0,mining,,Au concentrate,concentrate_economic
ON-MAIN-6e9be24e,,Water,Manganese (and its compounds),Emission,Waterbody,tonnes,,ON-MAIN-6e9be24e,"Au, Open-pit and underground mining and beneficiation at Hemlo (Williams)",Au,4.476523630102041,1.0,mining,,Au concentrate,concentrate_economic
ON-MAIN-6e9be24e,,Water,Mercury (and its compounds),Emission,Waterbody,tonnes,,ON-MAIN-6e9be24e,"Au, Open-pit and underground mining and beneficiation at Hemlo (Williams)",Au,4.476523630102041,1.0,mining,,Au concentrate,concentrate_economic
ON-MAIN-6e9be24e,,Water,Nickel (and its compounds),Emission,Waterbody,tonnes,,ON-MAIN-6e9be24e,"Au, Open-pit and underground mining and beneficiation at Hemlo (Williams)",Au,4.476523630102041,1.0,mining,,Au concentrate,concentrate_economic
ON-MAIN-6e9be24e,,Water,Nitrate ion in solution at pH >= 6.0,Emission,Waterbody,tonnes,,ON-MAIN-6e9be24e,"Au, Open-pit and underground mining and beneficiation at Hemlo (Williams)",Au,4.476523630102041,1.0,mining,,Au concentrate,concentrate_economic
ON-MAIN-6e9be24e,,Water,Selenium (and its compounds),Emission,Waterbody,kg,,ON-MAIN-6e9be24e,"Au, Open-pit and underground mining and beneficiation at Hemlo (Williams)",Au,4.476523630102041,1.0,mining,,Au concentrate,concentrate_economic
ON-MAIN-6e9be24e,,Water,Vanadium (and its compounds),Emission,Waterbody,tonnes,,ON-MAIN-6e9be24e,"Au, Open-pit and underground mining and beneficiation at Hemlo (Williams)",Au,4.476523630102041,1.0,mining,,Au concentrate,concentrate_economic
ON-MAIN-6e9be24e,,Water,Zinc (and its compounds),Emission,Waterbody,tonnes,,ON-MAIN-6e9be24e,"Au, Open-pit and underground mining and beneficiation at Hemlo (Williams)",Au,4.476523630102041,1.0,mining,,Au concentrate,concentrate_economic
ON-MAIN-fefeaee4,,Land,Thallium (and its compounds),Emission,Spills,kg,0.0154,ON-MAIN-fefeaee4,"Au, Underground mining and beneficiation at Musselwhite",Au,5.712887755102041,1.0,mining,0.0026956594738355637,Au concentrate,concentrate_economic
BC-MAIN-bf503b6b,,Land,Arsenic (and its compounds),Emission,Spills,kg,0.352,BC-MAIN-bf503b6b,"Cu and Mo, Open-pit mining and beneficiation at Highland Valley",Cu,341333.3333333334,0.9997809583158581,mining,1.0310241132632285e-06,Cu concentrate,concentrate_economic
BC-MAIN-bf503b6b,,Land,Arsenic (and its compounds),Emission,Spills,kg,0.352,BC-MAIN-bf503b6b,"Cu and Mo, Open-pit mining and beneficiation at Highland Valley",Mo,17.647058823529413,0.00021904168414189142,mining,4.3691514596835935e-06,Mo concentrate,concentrate_economic
BC-MAIN-bf503b6b,,Land,Cadmium (and its compounds),Emission,Spills,kg,0.014,BC-MAIN-bf503b6b,"Cu and Mo, Open-pit mining and beneficiation at Highland Valley",Cu,341333.3333333334,0.9997809583158581,mining,4.1006640868423867e-08,Cu concentrate,concentrate_economic
BC-MAIN-bf503b6b,,Land,Cadmium (and its compounds),Emission,Spills,kg,0.014,BC-MAIN-bf503b6b,"Cu and Mo, Open-pit mining and beneficiation at Highland Valley",Mo,17.647058823529413,0.00021904168414189142,mining,1.7377306941923384e-07,Mo concentrate,concentrate_economic
BC-MAIN-bf503b6b,,Land,Cobalt (and its compounds),Emission,Spills,kg,0.377,BC-MAIN-bf503b6b,"Cu and Mo, Open-pit mining and beneficiation at Highland Valley",Cu,341333.3333333334,0.9997809583158581,mining,1.1042502576711284e-06,Cu concentrate,concentrate_economic
BC-MAIN-bf503b6b,,Land,Cobalt (and its compounds),Emission,Spills,kg,0.377,BC-MAIN-bf503b6b,"Cu and Mo, Open-pit mining and beneficiation at Highland Valley",Mo,17.647058823529413,0.00021904168414189142,mining,4.67946051221794e-06,Mo concentrate,concentrate_economic
BC-MAIN-bf503b6b,,Land,Lead (and its compounds),Emission,Spills,kg,0.929,BC-MAIN-bf503b6b,"Cu and Mo, Open-pit mining and beneficiation at Highland Valley",Cu,341333.3333333334,0.9997809583158581,mining,2.721083526197555e-06,Cu concentrate,concentrate_economic
BC-MAIN-bf503b6b,,Land,Lead (and its compounds),Emission,Spills,kg,0.929,BC-MAIN-bf503b6b,"Cu and Mo, Open-pit mining and beneficiation at Highland Valley",Mo,17.647058823529413,0.00021904168414189142,mining,1.1531084392176304e-05,Mo concentrate,concentrate_economic
BC-MAIN-bf503b6b,,Land,Mercury (and its compounds),Emission,Spills,tonnes,9.000000000000001e-08,BC-MAIN-bf503b6b,"Cu and Mo, Open-pit mining and beneficiation at Highland Valley",Cu,341333.3333333334,0.9997809583158581,mining,2.6361411986843914e-13,Cu concentrate,concentrate_economic
BC-MAIN-bf503b6b,,Land,Mercury (and its compounds),Emission,Spills,tonnes,9.000000000000001e-08,BC-MAIN-bf503b6b,"Cu and Mo, Open-pit mining and beneficiation at Highland Valley",Mo,17.647058823529413,0.00021904168414189142,mining,1.1171125891236462e-12,Mo concentrate,concentrate_economic
BC-MAIN-bf503b6b,,Land,Selenium (and its compounds),Emission,Spills,kg,0.062,BC-MAIN-bf503b6b,"Cu and Mo, Open-pit mining and beneficiation at Highland Valley",Cu,341333.3333333334,0.9997809583158581,mining,1.816008381315914e-07,Cu concentrate,concentrate_economic
BC-MAIN-bf503b6b,,Land,Selenium (and its compounds),Emission,Spills,kg,0.062,BC-MAIN-bf503b6b,"Cu and Mo, Open-pit mining and beneficiation at Highland Valley",Mo,17.647058823529413,0.00021904168414189142,mining,7.695664502851785e-07,Mo concentrate,concentrate_economic
QC-MAIN-a97821c0,,Land,Ethylene glycol,Emission,Other,tonnes,4.1724,QC-MAIN-a97821c0,"Cu and Ni and Co and Pt, Underground mining and beneficiation at Raglan",Ni,151450.0,1.0,mining,2.7549686365137008e-05,Ni concentrate,concentrate_economic
QC-MAIN-6dc537e6,,Land,Lead (and its compounds),Emission,Other,kg,134.05,QC-MAIN-6dc537e6,"Au and Ag, Underground mining and beneficiation at Éléonore",Au,7.738899920918366,1.0,mining,17.321583347739228,Au concentrate,concentrate_economic
NL-MAIN-2d8801d6,,Land,Ammonia (total),Emission,Other,tonnes,370.969,NL-MAIN-2d8801d6,"Cu and Ni, Open-pit and underground mining and beneficiation at Voisey’s Bay",Ni,84375.0,1.0,mining,0.0043966696296296294,Ni concentrate,concentrate_economic
NL-MAIN-2d8801d6,,Land,Methanol,Emission,Other,tonnes,106.776,NL-MAIN-2d8801d6,"Cu and Ni, Open-pit and underground mining and beneficiation at Voisey’s Bay",Ni,84375.0,1.0,mining,0.0012654933333333333,Ni concentrate,concentrate_economic
AB-MAIN-d3a4aba9,,Air,Ammonia (total),Emission,Stack Emissions,tonnes,127.312,AB-MAIN-d3a4aba9,"Ni and Co, refining at The Cobalt Refinery Company Inc.",Ni,201675.0,1.0,manufacturing,0.0006312730878889302,Ni concentrate,concentrate_economic
AB-MAIN-d3a4aba9,,Air,Carbon monoxide,Emission,Stack Emissions,tonnes,189.137,AB-MAIN-d3a4aba9,"Ni and Co, refining at The Cobalt Refinery Company Inc.",Ni,201675.0,1.0,manufacturing,0.0009378306681542085,Ni concentrate,concentrate_economic
AB-MAIN-d3a4aba9,,Air,Nitrogen oxides (expressed as nitrogen dioxide),Emission,Stack Emissions,tonnes,1099.925,AB-MAIN-d3a4aba9,"Ni and Co, refining at The Cobalt Refinery Company Inc.",Ni,201675.0,1.0,manufacturing,0.00545394818395934,Ni concentrate,concentrate_economic
AB-MAIN-d3a4aba9,,Air,PM10 - Particulate Matter <= 10 Micrometers,Emission,Stack Emissions,tonnes,43.701,AB-MAIN-d3a4aba9,"Ni and Co, refining at The Cobalt Refinery Company Inc.",Ni,201675.0,1.0,manufacturing,0.00021669021941242097,Ni concentrate,concentrate_economic
AB-MAIN-d3a4aba9,,Air,PM2.5 - Particulate Matter <= 2.5 Micrometers,Emission,Stack Emissions,tonnes,8.343,AB-MAIN-d3a4aba9,"Ni and Co, refining at The Cobalt Refinery Company Inc.",Ni,201675.0,1.0,manufacturing,4.136853849014503e-05,Ni concentrate,concentrate_economic
AB-MAIN-d3a4aba9,,Air,Sulphur dioxide,Emission,Stack Emissions,tonnes,85.916,AB-MAIN-d3a4aba9,"Ni and Co, refining at The Cobalt Refinery Company Inc.",Ni,201675.0,1.0,manufacturing,0.0004260121482583364,Ni concentrate,concentrate_economic
AB-MAIN-d3a4aba9,,Air,Sulphuric acid,Emission,Stack Emissions,tonnes,3.846,AB-MAIN-d3a4aba9,"Ni and Co, refining at The Cobalt Refinery Company Inc.",Ni,201675.0,1.0,manufacturing,1.9070286351803647e-05,Ni concentrate,concentrate_economic
AB-MAIN-d3a4aba9,,Air,Total particulate matter,Emission,Stack Emissions,tonnes,44.265,AB-MAIN-d3a4aba9,"Ni and Co, refining at The Cobalt Refinery Company Inc.",Ni,201675.0,1.0,manufacturing,0.0002194867980661956,Ni concentrate,concentrate_economic
AB-MAIN-d3a4aba9,,Air,Ammonia (total),Emission,Stack Emissions,tonnes,149.518,AB-MAIN-d3a4aba9,"Ni and Co, refining at The Cobalt Refinery Company Inc.",Ni,201675.0,1.0,manufacturing,0.000741380934672121,Ni concentrate,concentrate_economic
AB-MAIN-d3a4aba9,,Air,PM10 - Particulate Matter <= 10 Micrometers,Emission,Stack Emissions,tonnes,4.108,AB-MAIN-d3a4aba9,"Ni and Co, refining at The Cobalt Refinery Company Inc.",Ni,201675.0,1.0,manufacturing,2.036940622288335e-05,Ni concentrate,concentrate_economic
AB-MAIN-d3a4aba9,,Air,PM2.5 - Particulate Matter <= 2.5 Micrometers,Emission,Stack Emissions,tonnes,0.45,AB-MAIN-d3a4aba9,"Ni and Co, refining at The Cobalt Refinery Company Inc.",Ni,201675.0,1.0,manufacturing,2.231312755671253e-06,Ni concentrate,concentrate_economic
AB-MAIN-d3a4aba9,,Air,Total particulate matter,Emission,Stack Emissions,tonnes,4.167,AB-MAIN-d3a4aba9,"Ni and Co, refining at The Cobalt Refinery Company Inc.",Ni,201675.0,1.0,manufacturing,2.0661956117515805e-05,Ni concentrate,concentrate_economic
NL-MAIN-d9036091,,Air,Cadmium (and its compounds),Emission,Stack Emissions,kg,1.01,NL-MAIN-d9036091,"Ni, refining at Long Harbour",Ni,173125.0,1.0,manufacturing,5.8339350180505415e-06,Ni concentrate,concentrate_economic
NL-MAIN-d9036091,,Air,Cobalt (and its compounds),Emission,Stack Emissions,kg,14.04,NL-MAIN-d9036091,"Ni, refining at Long Harbour",Ni,173125.0,1.0,manufacturing,8.109747292418773e-05,Ni concentrate,concentrate_economic
NL-MAIN-d9036091,,Air,Copper (and its compounds),Emission,Stack Emissions,tonnes,0.034,NL-MAIN-d9036091,"Ni, refining at Long Harbour",Ni,173125.0,1.0,manufacturing,1.963898916967509e-07,Ni concentrate,concentrate_economic
NL-MAIN-d9036091,,Air,Hydrogen sulphide,Emission,Stack Emissions,tonnes,0.485,NL-MAIN-d9036091,"Ni, refining at Long Harbour",Ni,173125.0,1.0,manufacturing,2.8014440433212997e-06,Ni concentrate,concentrate_economic
NL-MAIN-d9036091,,Air,Lead (and its compounds),Emission,Stack Emissions,kg,0.58,NL-MAIN-d9036091,"Ni, refining at Long Harbour",Ni,173125.0,1.0,manufacturing,3.3501805054151622e-06,Ni concentrate,concentrate_economic
NL-MAIN-d9036091,,Air,Manganese (and its compounds),Emission,Stack Emissions,tonnes,0.0029,NL-MAIN-d9036091,"Ni, refining at Long Harbour",Ni,173125.0,1.0,manufacturing,1.675090252707581e-08,Ni concentrate,concentrate_economic
NL-MAIN-d9036091,,Air,Nickel (and its compounds),Emission,Stack Emissions,tonnes,0.256,NL-MAIN-d9036091,"Ni, refining at Long Harbour",Ni,173125.0,1.0,manufacturing,1.4787003610108304e-06,Ni concentrate,concentrate_economic
NL-MAIN-d9036091,,Air,Nitrogen oxides (expressed as nitrogen dioxide),Emission,Stack Emissions,tonnes,13.2801,NL-MAIN-d9036091,"Ni, refining at Long Harbour",Ni,173125.0,1.0,manufacturing,7.670815884476534e-05,Ni concentrate,concentrate_economic
NL-MAIN-d9036091,,Air,PM10 - Particulate Matter <= 10 Micrometers,Emission,Stack Emissions,tonnes,9.1898,NL-MAIN-d9036091,"Ni, refining at Long Harbour",Ni,173125.0,1.0,manufacturing,5.308187725631769e-05,Ni concentrate,concentrate_economic
NL-MAIN-d9036091,,Air,PM2.5 - Particulate Matter <= 2.5 Micrometers,Emission,Stack Emissions,tonnes,7.86,NL-MAIN-d9036091,"Ni, refining at Long Harbour",Ni,173125.0,1.0,manufacturing,4.540072202166065e-05,Ni concentrate,concentrate_economic
NL-MAIN-d9036091,,Air,Sulphur dioxide,Emission,Stack Emissions,tonnes,4.405,NL-MAIN-d9036091,"Ni, refining at Long Harbour",Ni,173125.0,1.0,manufacturing,2.544404332129964e-05,Ni concentrate,concentrate_economic
NL-MAIN-d9036091,,Air,Sulphuric acid,Emission,Stack Emissions,tonnes,0.2475,NL-MAIN-d9036091,"Ni, refining at Long Harbour",Ni,173125.0,1.0,manufacturing,1.4296028880866425e-06,Ni concentrate,concentrate_economic
NL-MAIN-d9036091,,Air,Total particulate matter,Emission,Stack Emissions,tonnes,11.3973,NL-MAIN-d9036091,"Ni, refining at Long Harbour",Ni,173125.0,1.0,manufacturing,6.58327797833935e-05,Ni concentrate,concentrate_economic
NL-MAIN-d9036091,,Air,Total reduced sulphur (expressed as hydrogen sulphide),Emission,Stack Emissions,tonnes,0.485,NL-MAIN-d9036091,"Ni, refining at Long Harbour",Ni,173125.0,1.0,manufacturing,2.8014440433212997e-06,Ni concentrate,concentrate_economic
NL-MAIN-d9036091,,Air,Zinc (and its compounds),Emission,Stack Emissions,tonnes,0.0203,NL-MAIN-d9036091,"Ni, refining at Long Harbour",Ni,173125.0,1.0,manufacturing,1.1725631768953068e-07,Ni concentrate,concentrate_economic
NL-MAIN-d9036091,,Air,Hydrochloric acid,Emission,Storage / Handling,tonnes,0.0584,NL-MAIN-d9036091,"Ni, refining at Long Harbour",Ni,173125.0,1.0,manufacturing,3.3732851985559565e-07,Ni concentrate,concentrate_economic
AB-MAIN-d3a4aba9,,Air,Ammonia (total),Emission,Fugitive Emissions,tonnes,9.603,AB-MAIN-d3a4aba9,"Ni and Co, refining at The Cobalt Refinery Company Inc.",Ni,201675.0,1.0,manufacturing,4.761621420602454e-05,Ni concentrate,concentrate_economic
AB-MAIN-d3a4aba9,,Air,Carbon monoxide,Emission,Fugitive Emissions,tonnes,0.322,AB-MAIN-d3a4aba9,"Ni and Co, refining at The Cobalt Refinery Company Inc.",Ni,201675.0,1.0,manufacturing,1.5966282385025413e-06,Ni concentrate,concentrate_economic
AB-MAIN-d3a4aba9,,Air,Nitrogen oxides (expressed as nitrogen dioxide),Emission,Fugitive Emissions,tonnes,1.611,AB-MAIN-d3a4aba9,"Ni and Co, refining at The Cobalt Refinery Company Inc.",Ni,201675.0,1.0,manufacturing,7.988099665303087e-06,Ni concentrate,concentrate_economic
AB-MAIN-d3a4aba9,,Air,PM10 - Particulate Matter <= 10 Micrometers,Emission,Fugitive Emissions,tonnes,0.286,AB-MAIN-d3a4aba9,"Ni and Co, refining at The Cobalt Refinery Company Inc.",Ni,201675.0,1.0,manufacturing,1.4181232180488407e-06,Ni concentrate,concentrate_economic
AB-MAIN-d3a4aba9,,Air,PM2.5 - Particulate Matter <= 2.5 Micrometers,Emission,Fugitive Emissions,tonnes,0.251,AB-MAIN-d3a4aba9,"Ni and Co, refining at The Cobalt Refinery Company Inc.",Ni,201675.0,1.0,manufacturing,1.2445766703855213e-06,Ni concentrate,concentrate_economic
AB-MAIN-d3a4aba9,,Air,Sulphur dioxide,Emission,Fugitive Emissions,tonnes,0.371,AB-MAIN-d3a4aba9,"Ni and Co, refining at The Cobalt Refinery Company Inc.",Ni,201675.0,1.0,manufacturing,1.8395934052311888e-06,Ni concentrate,concentrate_economic
AB-MAIN-d3a4aba9,,Air,Total particulate matter,Emission,Fugitive Emissions,tonnes,0.489,AB-MAIN-d3a4aba9,"Ni and Co, refining at The Cobalt Refinery Company Inc.",Ni,201675.0,1.0,manufacturing,2.4246931944960953e-06,Ni concentrate,concentrate_economic
AB-MAIN-d3a4aba9,,Air,Ammonia (total),Emission,Fugitive Emissions,tonnes,9.187,AB-MAIN-d3a4aba9,"Ni and Co, refining at The Cobalt Refinery Company Inc.",Ni,201675.0,1.0,manufacturing,4.5553489525226225e-05,Ni concentrate,concentrate_economic
AB-MAIN-d3a4aba9,,Air,Cobalt (and its compounds),Emission,Fugitive Emissions,kg,119.042,AB-MAIN-d3a4aba9,"Ni and Co, refining at The Cobalt Refinery Company Inc.",Ni,201675.0,1.0,manufacturing,0.000590266517912483,Ni concentrate,concentrate_economic
AB-MAIN-d3a4aba9,,Air,Nickel (and its compounds),Emission,Fugitive Emissions,tonnes,1.216,AB-MAIN-d3a4aba9,"Ni and Co, refining at The Cobalt Refinery Company Inc.",Ni,201675.0,1.0,manufacturing,6.029502913102764e-06,Ni concentrate,concentrate_economic
AB-MAIN-d3a4aba9,,Air,PM10 - Particulate Matter <= 10 Micrometers,Emission,Fugitive Emissions,tonnes,3.861,AB-MAIN-d3a4aba9,"Ni and Co, refining at The Cobalt Refinery Company Inc.",Ni,201675.0,1.0,manufacturing,1.9144663443659353e-05,Ni concentrate,concentrate_economic
AB-MAIN-d3a4aba9,,Air,PM2.5 - Particulate Matter <= 2.5 Micrometers,Emission,Fugitive Emissions,tonnes,0.967,AB-MAIN-d3a4aba9,"Ni and Co, refining at The Cobalt Refinery Company Inc.",Ni,201675.0,1.0,manufacturing,4.794843188298004e-06,Ni concentrate,concentrate_economic
AB-MAIN-d3a4aba9,,Air,Total particulate matter,Emission,Fugitive Emissions,tonnes,4.58,AB-MAIN-d3a4aba9,"Ni and Co, refining at The Cobalt Refinery Company Inc.",Ni,201675.0,1.0,manufacturing,2.270980537994298e-05,Ni concentrate,concentrate_economic
AB-MAIN-d3a4aba9,,Air,Total reduced sulphur (expressed as hydrogen sulphide),Emission,Fugitive Emissions,tonnes,0.003,AB-MAIN-d3a4aba9,"Ni and Co, refining at The Cobalt Refinery Company Inc.",Ni,201675.0,1.0,manufacturing,1.4875418371141689e-08,Ni concentrate,concentrate_economic
AB-MAIN-d3a4aba9,,Air,Zinc (and its compounds),Emission,Fugitive Emissions,tonnes,0.02,AB-MAIN-d3a4aba9,"Ni and Co, refining at The Cobalt Refinery Company Inc.",Ni,201675.0,1.0,manufacturing,9.916945580761126e-08,Ni concentrate,concentrate_economic
AB-MAIN-d3a4aba9,,Air,Ammonia (total),Emission,Spills,tonnes,0.048,AB-MAIN-d3a4aba9,"Ni and Co, refining at The Cobalt Refinery Company Inc.",Ni,201675.0,1.0,manufacturing,2.3800669393826702e-07,Ni concentrate,concentrate_economic
AB-MAIN-d3a4aba9,,Air,Ammonia (total),Emission,Other,tonnes,215.454,AB-MAIN-d3a4aba9,"Ni and Co, refining at The Cobalt Refinery Company Inc.",Ni,201675.0,1.0,manufacturing,0.0010683227965786538,Ni concentrate,concentrate_economic
NL-MAIN-d9036091,,Water,Copper (and its compounds),Emission,Direct Discharge,tonnes,0.017867,NL-MAIN-d9036091,"Ni, refining at Long Harbour",Ni,173125.0,1.0,manufacturing,1.0320288808664261e-07,Ni concentrate,concentrate_economic
NL-MAIN-d9036091,,Water,Lead (and its compounds),Emission,Direct Discharge,kg,4.1359,NL-MAIN-d9036091,"Ni, refining at Long Harbour",Ni,173125.0,1.0,manufacturing,2.388967509025271e-05,Ni concentrate,concentrate_economic
NL-MAIN-d9036091,,Water,Nickel (and its compounds),Emission,Direct Discharge,tonnes,0.428025,NL-MAIN-d9036091,"Ni, refining at Long Harbour",Ni,173125.0,1.0,manufacturing,2.4723465703971117e-06,Ni concentrate,concentrate_economic
NL-MAIN-d9036091,,Water,Zinc (and its compounds),Emission,Direct Discharge,tonnes,0.054154,NL-MAIN-d9036091,"Ni, refining at Long Harbour",Ni,173125.0,1.0,manufacturing,3.128028880866426e-07,Ni concentrate,concentrate_economic
NL-MAIN-d9036091,,Water,Copper (and its compounds),Emission,Waterbody,tonnes,,NL-MAIN-d9036091,"Ni, refining at Long Harbour",Ni,173125.0,1.0,manufacturing,,Ni concentrate,concentrate_economic
NL-MAIN-d9036091,,Water,Lead (and its compounds),Emission,Waterbody,kg,,NL-MAIN-d9036091,"Ni, refining at Long Harbour",Ni,173125.0,1.0,manufacturing,,Ni concentrate,concentrate_economic
NL-MAIN-d9036091,,Water,Nickel (and its compounds),Emission,Waterbody,tonnes,,NL-MAIN-d9036091,"Ni, refining at Long Harbour",Ni,173125.0,1.0,manufacturing,,Ni concentrate,concentrate_economic
NL-MAIN-d9036091,,Water,Zinc (and its compounds),Emission,Waterbody,tonnes,,NL-MAIN-d9036091,"Ni, refining at Long Harbour",Ni,173125.0,1.0,manufacturing,,Ni concentrate,concentrate_economic
NL-MAIN-d9036091,,Water,Copper (and its compounds),Emission,Waterbody,tonnes,,NL-MAIN-d9036091,"Ni, refining at Long Harbour",Ni,173125.0,1.0,manufacturing,,Ni concentrate,concentrate_economic
NL-MAIN-d9036091,,Water,Lead (and its compounds),Emission,Waterbody,kg,,NL-MAIN-d9036091,"Ni, refining at Long Harbour",Ni,173125.0,1.0,manufacturing,,Ni concentrate,concentrate_economic
NL-MAIN-d9036091,,Water,Nickel (and its compounds),Emission,Waterbody,tonnes,,NL-MAIN-d9036091,"Ni, refining at Long Harbour",Ni,173125.0,1.0,manufacturing,,Ni concentrate,concentrate_economic
NL-MAIN-d9036091,,Water,Zinc (and its compounds),Emission,Waterbody,tonnes,,NL-MAIN-d9036091,"Ni, refining at Long Harbour",Ni,173125.0,1.0,manufacturing,,Ni concentrate,concentrate_economic
QC-MAIN-a97821c0,,Air,GHG,Emission,Unspecified,tCO2eq,158000.0,QC-MAIN-a97821c0,"Cu and Ni and Co and Pt, Underground mining and beneficiation at Raglan",Ni,151450.0,1.0,mining,1.0432485968966656,Ni concentrate,concentrate_economic
BC-MAIN-bf503b6b,,Air,GHG,Emission,Unspecified,tCO2eq,184180.0,BC-MAIN-bf503b6b,"Cu and Mo, Open-pit mining and beneficiation at Highland Valley",Cu,341333.3333333334,0.9997809583158581,mining,0.5394716510818791,Cu concentrate,concentrate_economic
BC-MAIN-bf503b6b,,Air,GHG,Emission,Unspecified,tCO2eq,184180.0,BC-MAIN-bf503b6b,"Cu and Mo, Open-pit mining and beneficiation at Highland Valley",Mo,17.647058823529413,0.00021904168414189142,mining,2.286108851831035,Mo concentrate,concentrate_economic
ON-MAIN-fefeaee4,,Air,GHG,Emission,Unspecified,tCO2eq,36870.0,ON-MAIN-fefeaee4,"Au, Underground mining and beneficiation at Musselwhite",Au,5.712887755102041,1.0,mining,6453.828883137482,Au concentrate,concentrate_economic
MB-MAIN-e0a6250e,,Air,GHG,Emission,Unspecified,tCO2eq,18830.0,MB-MAIN-e0a6250e,"Cu and Ni, Open-pit and underground mining and beneficiation at Thompson (T-1 and T-3)",Ni,49375.0,1.0,mining,0.38136708860759494,Ni concentrate,concentrate_economic
NL-MAIN-2d8801d6,,Air,GHG,Emission,Unspecified,tCO2eq,173790.0,NL-MAIN-2d8801d6,"Cu and Ni, Open-pit and underground mining and beneficiation at Voisey’s Bay",Ni,84375.0,1.0,mining,2.0597333333333334,Ni concentrate,concentrate_economic
BC-MAIN-3f490561,,Air,GHG,Emission,Unspecified,tCO2eq,49470.0,BC-MAIN-3f490561,"Au and Cu, Open-pit mining and beneficiation at Mount Polley",Cu,45578.436133333336,1.0,mining,1.0853816891672727,Cu concentrate,concentrate_economic
ON-MAIN-1f126a43,,Air,GHG,Emission,Unspecified,tCO2eq,25320.0,ON-MAIN-1f126a43,"Au, Underground mining and beneficiation at Macassa",Au,7.253304461734694,1.0,mining,3490.8227186074155,Au concentrate,concentrate_economic
QC-MAIN-e7e6a960,,Air,GHG,Emission,Unspecified,tCO2eq,195810.0,QC-MAIN-e7e6a960,"Au and Ag, Open-pit mining and beneficiation at Canadian Malartic",Au,29.039084533163262,1.0,mining,6742.981163072849,Au concentrate,concentrate_economic
BC-MAIN-6b4800fe,,Air,GHG,Emission,Unspecified,tCO2eq,129510.0,BC-MAIN-6b4800fe,"Cu and Mo, Open-pit mining and beneficiation at Gibraltar",Cu,185367.93066666668,0.9997556641309961,mining,0.6984938311386589,Cu concentrate,concentrate_economic
BC-MAIN-6b4800fe,,Air,GHG,Emission,Unspecified,tCO2eq,129510.0,BC-MAIN-6b4800fe,"Cu and Mo, Open-pit mining and beneficiation at Gibraltar",Mo,10.690540862745097,0.0002443358690038284,mining,2.959994148187592,Mo concentrate,concentrate_economic
ON-MAIN-aeafbb59,,Air,GHG,Emission,Unspecified,tCO2eq,294610.0,ON-MAIN-aeafbb59,"Au and Ag, Open-pit mining and beneficiation at Detour Lake",Au,24.0082838377551,1.0,mining,12271.181146929808,Au concentrate,concentrate_economic
ON-MAIN-6e9be24e,,Air,GHG,Emission,Unspecified,tCO2eq,19250.0,ON-MAIN-6e9be24e,"Au, Open-pit and underground mining and beneficiation at Hemlo (Williams)",Au,4.476523630102041,1.0,mining,4300.211858718861,Au concentrate,concentrate_economic
NU-MAIN-8b0264c9,,Air,GHG,Emission,Unspecified,tCO2eq,138130.0,NU-MAIN-8b0264c9,"Au and Ag, Open-pit and underground mining and beneficiation at Meliadine",Au,12.41413683010194,1.0,mining,11126.830797052342,Au concentrate,concentrate_economic
BC-MAIN-857b7b89,,Air,GHG,Emission,Unspecified,tCO2eq,27340.0,BC-MAIN-857b7b89,"Au, Underground mining and beneficiation at Brucejack",Au,0.920409693877551,1.0,mining,29704.1634631428,Au concentrate,concentrate_economic
QC-MAIN-b86f7d07,,Air,GHG,Emission,Unspecified,tCO2eq,33410.0,QC-MAIN-b86f7d07,"Au and Ag, Open-pit and underground mining and beneficiation at Casa Berardi",Au,3.5165997959183577,1.0,mining,9500.654592193936,Au concentrate,concentrate_economic
QC-MAIN-a555d9b9,,Air,GHG,Emission,Unspecified,tCO2eq,12480.0,QC-MAIN-a555d9b9,"Nb, Underground mining and beneficiation at Niobec",Nb,113.25775862068966,,mining,,Nb concentrate,concentrate_economic
QC-MAIN-02884fb5,,Air,GHG,Emission,Unspecified,tCO2eq,16420.0,QC-MAIN-02884fb5,"Au and Ag, Underground mining and beneficiation at Westwood-Doyon",Au,4.118166876530612,1.0,mining,3987.2109344517826,Au concentrate,concentrate_economic
ON-MAIN-687b8c8d,,Air,GHG,Emission,Unspecified,tCO2eq,20110.0,ON-MAIN-687b8c8d,"Au, Underground mining and beneficiation at Island",Au,4.1704080612244905,1.0,mining,4822.070095964523,Au concentrate,concentrate_economic
ON-MAIN-7607a50e,,Air,GHG,Emission,Unspecified,tCO2eq,21630.0,ON-MAIN-7607a50e,"Au, Underground mining and beneficiation at Young-Davidson",Au,5.874752908163255,1.0,mining,3681.8569798814965,Au concentrate,concentrate_economic
QC-MAIN-5ce331b8,,Air,GHG,Emission,Unspecified,tCO2eq,134260.0,QC-MAIN-5ce331b8,"Cu and Ni, Open-pit and underground mining and beneficiation at Nunavik Nickel",Ni,363125.0,1.0,mining,0.36973493975903615,Ni concentrate,concentrate_economic
ON-MAIN-0aadf28f,,Air,GHG,Emission,Unspecified,tCO2eq,124990.0,ON-MAIN-0aadf28f,"Au, Open-pit and underground mining and beneficiation at Rainy River",Au,8.05342613010203,1.0,mining,15520.102622263263,Au concentrate,concentrate_economic
QC-MAIN-c0660aec,,Air,GHG,Emission,Unspecified,tCO2eq,14210.0,QC-MAIN-c0660aec,"Au and Cu, Underground mining and beneficiation at Goldex",Cu,130.12252666666666,0.003859237362487364,mining,0.421447110855969,Cu concentrate,concentrate_economic
QC-MAIN-c0660aec,,Air,GHG,Emission,Unspecified,tCO2eq,14210.0,QC-MAIN-c0660aec,"Au and Cu, Underground mining and beneficiation at Goldex",Au,4.474542118316694,0.9961407626375127,mining,3163.4879866555316,Au concentrate,concentrate_economic
QC-MAIN-e51eda66,,Air,GHG,Emission,Unspecified,tCO2eq,45470.0,QC-MAIN-e51eda66,"Au and Ag and Cu and Zn, Underground mining and beneficiation at LaRonde",Cu,8593.20125,0.09772240804218515,mining,0.5170876096586425,Cu concentrate,concentrate_economic
QC-MAIN-e51eda66,,Air,GHG,Emission,Unspecified,tCO2eq,45470.0,QC-MAIN-e51eda66,"Au and Ag and Cu and Zn, Underground mining and beneficiation at LaRonde",Zn,15404.877034,0.06548662801881933,mining,0.1932944332787405,Zn concentrate,concentrate_economic
QC-MAIN-e51eda66,,Air,GHG,Emission,Unspecified,tCO2eq,45470.0,QC-MAIN-e51eda66,"Au and Ag and Cu and Zn, Underground mining and beneficiation at LaRonde",Au,9.802902790306113,0.8367909639389955,mining,3881.389619402518,Au concentrate,concentrate_economic
QC-MAIN-6dc537e6,,Air,GHG,Emission,Unspecified,tCO2eq,37250.0,QC-MAIN-6dc537e6,"Au and Ag, Underground mining and beneficiation at Éléonore",Au,7.738899920918366,1.0,mining,4813.345615093519,Au concentrate,concentrate_economic
BC-MAIN-599152a0,,Air,GHG,Emission,Unspecified,tCO2eq,70400.0,BC-MAIN-599152a0,"Au and Ag and Cu, Open-pit mining and beneficiation at Copper Mountain",Cu,63500.0,1.0,mining,1.1086614173228346,Cu concentrate,concentrate_economic
ON-MAIN-7f050560,,Air,GHG,Emission,Unspecified,tCO2eq,26800.0,ON-MAIN-7f050560,"Au, Underground mining and beneficiation at Red Lake",Au,3.5769025,1.0,mining,7492.5162203890095,Au concentrate,concentrate_economic
ON-MAIN-cb85213a,,Air,GHG,Emission,Unspecified,tCO2eq,12400.0,ON-MAIN-cb85213a,"Au, Underground mining and beneficiation at Eagle River",Au,2.7760508515306124,1.0,mining,4466.776965977801,Au concentrate,concentrate_economic
BC-MAIN-8eb8be0d,,Air,GHG,Emission,Unspecified,tCO2eq,95700.0,BC-MAIN-8eb8be0d,"Au and Cu, Open-pit mining and beneficiation at Red Chris",Cu,12095.786666666667,1.0,mining,7.911845887934532,Cu concentrate,concentrate_economic
AB-MAIN-d3a4aba9,,Air,GHG,Emission,Unspecified,tCO2eq,305170.0,AB-MAIN-d3a4aba9,"Ni and Co, refining at The Cobalt Refinery Company Inc.",Ni,201675.0,1.0,manufacturing,1.5131771414404362,Ni concentrate,concentrate_economic
NL-MAIN-d9036091,,Air,GHG,Emission,Unspecified,tCO2eq,41040.0,NL-MAIN-d9036091,"Ni, refining at Long Harbour",Ni,173125.0,1.0,manufacturing,0.23705415162454874,Ni concentrate,concentrate_economic
QC-MAIN-e7e6a960,,Air,NOx,Emission,,tonnes,4802.0,QC-MAIN-e7e6a960,"Au and Ag, Open-pit mining and beneficiation at Canadian Malartic",Au,29.039084533163262,1.0,mining,165.36333969192495,Au concentrate,concentrate_economic
QC-MAIN-e7e6a960,,Air,SOx,Emission,,tonnes,315.0,QC-MAIN-e7e6a960,"Au and Ag, Open-pit mining and beneficiation at Canadian Malartic",Au,29.039084533163262,1.0,mining,10.847449396700615,Au concentrate,concentrate_economic
BC-MAIN-857b7b89,,Water,Water,Withdrawal,,m3,7000.0,BC-MAIN-857b7b89,"Au, Underground mining and beneficiation at Brucejack",Au,0.920409693877551,1.0,mining,7605.30886035112,Au concentrate,concentrate_economic
QC-MAIN-e7e6a960,,Water,Water,Withdrawal,,m3,12904502.0,QC-MAIN-e7e6a960,"Au and Ag, Open-pit mining and beneficiation at Canadian Malartic",Au,29.039084533163262,1.0,mining,444383.9124908631,Au concentrate,concentrate_economic
QC-MAIN-e7e6a960,,Water,Water,Consumption,,m3,12929907.0,QC-MAIN-e7e6a960,"Au and Ag, Open-pit mining and beneficiation at Canadian Malartic",Au,29.039084533163262,1.0,mining,445258.7678937939,Au concentrate,concentrate_economic
QC-MAIN-e7e6a960,,Water,Water,Discharged,,m3,7468148.0,QC-MAIN-e7e6a960,"Au and Ag, Open-pit mining and beneficiation at Canadian Malartic",Au,29.039084533163262,1.0,mining,257175.73814943145,Au concentrate,concentrate_economic
QC-MAIN-e7e6a960,,Land,,Occupation and transformation,,ha,2445.0,QC-MAIN-e7e6a960,"Au and Ag, Open-pit mining and beneficiation at Canadian Malartic",Au,29.039084533163262,1.0,mining,84.19686912677145,Au concentrate,concentrate_economic
QC-MAIN-e7e6a960,,Land,,Occupation and transformation,,ha,2074.0,QC-MAIN-e7e6a960,"Au and Ag, Open-pit mining and beneficiation at Canadian Malartic",Au,29.039084533163262,1.0,mining,71.4209842817685,Au concentrate,concentrate_economic
QC-MAIN-e7e6a960,,Land,,Occupation and transformation,,ha,371.0,QC-MAIN-e7e6a960,"Au and Ag, Open-pit mining and beneficiation at Canadian Malartic",Au,29.039084533163262,1.0,mining,12.775884845002947,Au concentrate,concentrate_economic
ON-MAIN-aeafbb59,,Air,NOx,Emission,,tonnes,7414.0,ON-MAIN-aeafbb59,"Au and Ag, Open-pit mining and beneficiation at Detour Lake",Au,24.0082838377551,1.0,mining,308.8100778090954,Au concentrate,concentrate_economic
ON-MAIN-aeafbb59,,Air,SOx,Emission,,tonnes,486.0,ON-MAIN-aeafbb59,"Au and Ag, Open-pit mining and beneficiation at Detour Lake",Au,24.0082838377551,1.0,mining,20.243012923552786,Au concentrate,concentrate_economic
QC-MAIN-e7e6a960,,Water,Water,Withdrawal,,m3,635385.0,QC-MAIN-e7e6a960,"Au and Ag, Open-pit mining and beneficiation at Canadian Malartic",Au,29.039084533163262,1.0,mining,21880.338523563874,Au concentrate,concentrate_economic
ON-MAIN-aeafbb59,,Water,Water,Withdrawal,,m3,595540.0,ON-MAIN-aeafbb59,"Au and Ag, Open-pit mining and beneficiation at Detour Lake",Au,24.0082838377551,1.0,mining,24805.604766445733,Au concentrate,concentrate_economic
ON-MAIN-aeafbb59,,Water,Water,Consumption,,m3,6298809.0,ON-MAIN-aeafbb59,"Au and Ag, Open-pit mining and beneficiation at Detour Lake",Au,24.0082838377551,1.0,mining,262359.81890944566,Au concentrate,concentrate_economic
ON-MAIN-aeafbb59,,Water,Water,Discharged,,m3,4374352.0,ON-MAIN-aeafbb59,"Au and Ag, Open-pit mining and beneficiation at Detour Lake",Au,24.0082838377551,1.0,mining,182201.77791804317,Au concentrate,concentrate_economic
ON-MAIN-aeafbb59,,Land,,Occupation and transformation,,ha,64093.0,ON-MAIN-aeafbb59,"Au and Ag, Open-pit mining and beneficiation at Detour Lake",Au,24.0082838377551,1.0,mining,2669.6202208009645,Au concentrate,concentrate_economic
ON-MAIN-aeafbb59,,Land,,Occupation and transformation,,ha,3399.0,ON-MAIN-aeafbb59,"Au and Ag, Open-pit mining and beneficiation at Detour Lake",Au,24.0082838377551,1.0,mining,141.57613359497103,Au concentrate,concentrate_economic
ON-MAIN-aeafbb59,,Land,,Occupation and transformation,,ha,60694.0,ON-MAIN-aeafbb59,"Au and Ag, Open-pit mining and beneficiation at Detour Lake",Au,24.0082838377551,1.0,mining,2528.0440872059935,Au concentrate,concentrate_economic
QC-MAIN-c0660aec,,Air,NOx,Emission,,tonnes,4.0,QC-MAIN-c0660aec,"Au and Cu, Underground mining and beneficiation at Goldex",Cu,130.12252666666666,0.003859237362487364,mining,0.0001186339509798646,Cu concentrate,concentrate_economic
QC-MAIN-c0660aec,,Air,NOx,Emission,,tonnes,4.0,QC-MAIN-c0660aec,"Au and Cu, Underground mining and beneficiation at Goldex",Au,4.474542118316694,0.9961407626375127,mining,0.890496266475871,Au concentrate,concentrate_economic
QC-MAIN-c0660aec,,Air,SOx,Emission,,tonnes,38.0,QC-MAIN-c0660aec,"Au and Cu, Underground mining and beneficiation at Goldex",Cu,130.12252666666666,0.003859237362487364,mining,0.0011270225343087137,Cu concentrate,concentrate_economic
QC-MAIN-c0660aec,,Air,SOx,Emission,,tonnes,38.0,QC-MAIN-c0660aec,"Au and Cu, Underground mining and beneficiation at Goldex",Au,4.474542118316694,0.9961407626375127,mining,8.459714531520776,Au concentrate,concentrate_economic
ON-MAIN-aeafbb59,,Water,Water,Withdrawal,,m3,595540.0,ON-MAIN-aeafbb59,"Au and Ag, Open-pit mining and beneficiation at Detour Lake",Au,24.0082838377551,1.0,mining,24805.604766445733,Au concentrate,concentrate_economic
ON-MAIN-cb85213a,,Water,Water,Consumption,,m3,29350.0,ON-MAIN-cb85213a,"Au, Underground mining and beneficiation at Eagle River",Au,2.7760508515306124,1.0,mining,10572.57289931036,Au concentrate,concentrate_economic
ON-MAIN-cb85213a,,Water,Water,Discharged,,m3,324347.0,ON-MAIN-cb85213a,"Au, Underground mining and beneficiation at Eagle River",Au,2.7760508515306124,1.0,mining,116837.55714387112,Au concentrate,concentrate_economic
ON-MAIN-cb85213a,,Water,Water,Withdrawal,,m3,518856.0,ON-MAIN-cb85213a,"Au, Underground mining and beneficiation at Eagle River",Au,2.7760508515306124,1.0,mining,186904.35721446597,Au concentrate,concentrate_economic
QC-MAIN-c0660aec,,Land,,Occupation and transformation,,ha,519.0,QC-MAIN-c0660aec,"Au and Cu, Underground mining and beneficiation at Goldex",Cu,130.12252666666666,0.003859237362487364,mining,0.015392755139637431,Cu concentrate,concentrate_economic
QC-MAIN-c0660aec,,Land,,Occupation and transformation,,ha,519.0,QC-MAIN-c0660aec,"Au and Cu, Underground mining and beneficiation at Goldex",Au,4.474542118316694,0.9961407626375127,mining,115.54189057524425,Au concentrate,concentrate_economic
QC-MAIN-c0660aec,,Land,,Occupation and transformation,,ha,330.0,QC-MAIN-c0660aec,"Au and Cu, Underground mining and beneficiation at Goldex",Cu,130.12252666666666,0.003859237362487364,mining,0.009787300955838829,Cu concentrate,concentrate_economic
QC-MAIN-c0660aec,,Land,,Occupation and transformation,,ha,330.0,QC-MAIN-c0660aec,"Au and Cu, Underground mining and beneficiation at Goldex",Au,4.474542118316694,0.9961407626375127,mining,73.46594198425936,Au concentrate,concentrate_economic
QC-MAIN-c0660aec,,Land,,Occupation and transformation,,ha,189.0,QC-MAIN-c0660aec,"Au and Cu, Underground mining and beneficiation at Goldex",Cu,130.12252666666666,0.003859237362487364,mining,0.005605454183798602,Cu concentrate,concentrate_economic
QC-MAIN-c0660aec,,Land,,Occupation and transformation,,ha,189.0,QC-MAIN-c0660aec,"Au and Cu, Underground mining and beneficiation at Goldex",Au,4.474542118316694,0.9961407626375127,mining,42.07594859098491,Au concentrate,concentrate_economic
QC-MAIN-e51eda66,,Air,NOx,Emission,,tonnes,75.0,QC-MAIN-e51eda66,"Au and Ag and Cu and Zn, Underground mining and beneficiation at LaRonde",Cu,8593.20125,0.09772240804218515,mining,0.0008529045683835098,Cu concentrate,concentrate_economic
QC-MAIN-e51eda66,,Air,NOx,Emission,,tonnes,75.0,QC-MAIN-e51eda66,"Au and Ag and Cu and Zn, Underground mining and beneficiation at LaRonde",Zn,15404.877034,0.06548662801881933,mining,0.00031882741358930147,Zn concentrate,concentrate_economic
QC-MAIN-e51eda66,,Air,NOx,Emission,,tonnes,75.0,QC-MAIN-e51eda66,"Au and Ag and Cu and Zn, Underground mining and beneficiation at LaRonde",Au,9.802902790306113,0.8367909639389955,mining,6.402116152522297,Au concentrate,concentrate_economic
QC-MAIN-e51eda66,,Air,SOx,Emission,,tonnes,48.0,QC-MAIN-e51eda66,"Au and Ag and Cu and Zn, Underground mining and beneficiation at LaRonde",Cu,8593.20125,0.09772240804218515,mining,0.0005458589237654463,Cu concentrate,concentrate_economic
QC-MAIN-e51eda66,,Air,SOx,Emission,,tonnes,48.0,QC-MAIN-e51eda66,"Au and Ag and Cu and Zn, Underground mining and beneficiation at LaRonde",Zn,15404.877034,0.06548662801881933,mining,0.00020404954469715293,Zn concentrate,concentrate_economic
QC-MAIN-e51eda66,,Air,SOx,Emission,,tonnes,48.0,QC-MAIN-e51eda66,"Au and Ag and Cu and Zn, Underground mining and beneficiation at LaRonde",Au,9.802902790306113,0.8367909639389955,mining,4.09735433761427,Au concentrate,concentrate_economic
ON-MAIN-cb85213a,,Water,Water,Withdrawal,,m3,518856.0,ON-MAIN-cb85213a,"Au, Underground mining and beneficiation at Eagle River",Au,2.7760508515306124,1.0,mining,186904.35721446597,Au concentrate,concentrate_economic
QC-MAIN-6dc537e6,,Water,Water,Discharged,,m3,2226014.0,QC-MAIN-6dc537e6,"Au and Ag, Underground mining and beneficiation at Éléonore",Au,7.738899920918366,1.0,mining,287639.58996071905,Au concentrate,concentrate_economic
QC-MAIN-6dc537e6,,Water,Water,Consumption,,m3,1006445.0,QC-MAIN-6dc537e6,"Au and Ag, Underground mining and beneficiation at Éléonore",Au,7.738899920918366,1.0,mining,130050.13765322944,Au concentrate,concentrate_economic
QC-MAIN-6dc537e6,,Water,Water,Withdrawal,,m3,3232459.0,QC-MAIN-6dc537e6,"Au and Ag, Underground mining and beneficiation at Éléonore",Au,7.738899920918366,1.0,mining,417689.7276139485,Au concentrate,concentrate_economic
QC-MAIN-e51eda66,,Land,,Occupation and transformation,,ha,1367.0,QC-MAIN-e51eda66,"Au and Ag and Cu and Zn, Underground mining and beneficiation at LaRonde",Cu,8593.20125,0.09772240804218515,mining,0.015545607266403437,Cu concentrate,concentrate_economic
QC-MAIN-e51eda66,,Land,,Occupation and transformation,,ha,1367.0,QC-MAIN-e51eda66,"Au and Ag and Cu and Zn, Underground mining and beneficiation at LaRonde",Zn,15404.877034,0.06548662801881933,mining,0.005811160991687668,Zn concentrate,concentrate_economic
QC-MAIN-e51eda66,,Land,,Occupation and transformation,,ha,1367.0,QC-MAIN-e51eda66,"Au and Ag and Cu and Zn, Underground mining and beneficiation at LaRonde",Au,9.802902790306113,0.8367909639389955,mining,116.68923707330642,Au concentrate,concentrate_economic
QC-MAIN-e51eda66,,Land,,Occupation and transformation,,ha,608.0,QC-MAIN-e51eda66,"Au and Ag and Cu and Zn, Underground mining and beneficiation at LaRonde",Cu,8593.20125,0.09772240804218515,mining,0.006914213034362319,Cu concentrate,concentrate_economic
QC-MAIN-e51eda66,,Land,,Occupation and transformation,,ha,608.0,QC-MAIN-e51eda66,"Au and Ag and Cu and Zn, Underground mining and beneficiation at LaRonde",Zn,15404.877034,0.06548662801881933,mining,0.0025846275661639373,Zn concentrate,concentrate_economic
QC-MAIN-e51eda66,,Land,,Occupation and transformation,,ha,608.0,QC-MAIN-e51eda66,"Au and Ag and Cu and Zn, Underground mining and beneficiation at LaRonde",Au,9.802902790306113,0.8367909639389955,mining,51.89982160978076,Au concentrate,concentrate_economic
QC-MAIN-e51eda66,,Land,,Occupation and transformation,,ha,759.0,QC-MAIN-e51eda66,"Au and Ag and Cu and Zn, Underground mining and beneficiation at LaRonde",Cu,8593.20125,0.09772240804218515,mining,0.00863139423204112,Cu concentrate,concentrate_economic
QC-MAIN-e51eda66,,Land,,Occupation and transformation,,ha,759.0,QC-MAIN-e51eda66,"Au and Ag and Cu and Zn, Underground mining and beneficiation at LaRonde",Zn,15404.877034,0.06548662801881933,mining,0.003226533425523731,Zn concentrate,concentrate_economic
QC-MAIN-e51eda66,,Land,,Occupation and transformation,,ha,759.0,QC-MAIN-e51eda66,"Au and Ag and Cu and Zn, Underground mining and beneficiation at LaRonde",Au,9.802902790306113,0.8367909639389955,mining,64.78941546352564,Au concentrate,concentrate_economic
ON-MAIN-1f126a43,,Air,NOx,Emission,,tonnes,188.0,ON-MAIN-1f126a43,"Au, Underground mining and beneficiation at Macassa",Au,7.253304461734694,1.0,mining,25.919220817464222,Au concentrate,concentrate_economic
ON-MAIN-1f126a43,,Air,SOx,Emission,,tonnes,12.0,ON-MAIN-1f126a43,"Au, Underground mining and beneficiation at Macassa",Au,7.253304461734694,1.0,mining,1.6544183500509078,Au concentrate,concentrate_economic
BC-MAIN-6b4800fe,,Water,Water,Withdrawal,,m3,141000.0,BC-MAIN-6b4800fe,"Cu and Mo, Open-pit mining and beneficiation at Gibraltar",Cu,185367.93066666668,0.9997556641309961,mining,0.7604635178021072,Cu concentrate,concentrate_economic
BC-MAIN-6b4800fe,,Water,Water,Withdrawal,,m3,141000.0,BC-MAIN-6b4800fe,"Cu and Mo, Open-pit mining and beneficiation at Gibraltar",Mo,10.690540862745097,0.0002443358690038284,mining,3.2226019218164654,Mo concentrate,concentrate_economic
BC-MAIN-6b4800fe,,Water,Water,Consumption,,m3,6140000.0,BC-MAIN-6b4800fe,"Cu and Mo, Open-pit mining and beneficiation at Gibraltar",Cu,185367.93066666668,0.9997556641309961,mining,33.11521985322651,Cu concentrate,concentrate_economic
BC-MAIN-6b4800fe,,Water,Water,Consumption,,m3,6140000.0,BC-MAIN-6b4800fe,"Cu and Mo, Open-pit mining and beneficiation at Gibraltar",Mo,10.690540862745097,0.0002443358690038284,mining,140.3317432620787,Mo concentrate,concentrate_economic
QC-MAIN-c0660aec,,Water,Water,Withdrawal,,m3,1823142.8,QC-MAIN-c0660aec,"Au and Cu, Underground mining and beneficiation at Goldex",Cu,130.12252666666666,0.003859237362487364,mining,54.07165839112327,Cu concentrate,concentrate_economic
QC-MAIN-c0660aec,,Water,Water,Withdrawal,,m3,1823142.8,QC-MAIN-c0660aec,"Au and Cu, Underground mining and beneficiation at Goldex",Au,4.474542118316694,0.9961407626375127,mining,405875.46416309144,Au concentrate,concentrate_economic
QC-MAIN-c0660aec,,Water,Water,Consumption,,m3,762807.5999999996,QC-MAIN-c0660aec,"Au and Cu, Underground mining and beneficiation at Goldex",Cu,130.12252666666666,0.003859237362487364,mining,22.623719856367032,Cu concentrate,concentrate_economic
QC-MAIN-c0660aec,,Water,Water,Consumption,,m3,762807.5999999996,QC-MAIN-c0660aec,"Au and Cu, Underground mining and beneficiation at Goldex",Au,4.474542118316694,0.9961407626375127,mining,169819.32995985483,Au concentrate,concentrate_economic
ON-MAIN-1f126a43,,Land,,Occupation and transformation,,ha,4039.0,ON-MAIN-1f126a43,"Au, Underground mining and beneficiation at Macassa",Au,7.253304461734694,1.0,mining,556.8496429879681,Au concentrate,concentrate_economic
ON-MAIN-1f126a43,,Land,,Occupation and transformation,,ha,410.0,ON-MAIN-1f126a43,"Au, Underground mining and beneficiation at Macassa",Au,7.253304461734694,1.0,mining,56.525960293406015,Au concentrate,concentrate_economic
ON-MAIN-1f126a43,,Land,,Occupation and transformation,,ha,3629.0,ON-MAIN-1f126a43,"Au, Underground mining and beneficiation at Macassa",Au,7.253304461734694,1.0,mining,500.323682694562,Au concentrate,concentrate_economic
QC-MAIN-c0660aec,,Water,Water,Discharged,,m3,4366105.0,QC-MAIN-c0660aec,"Au and Cu, Underground mining and beneficiation at Goldex",Cu,130.12252666666666,0.003859237362487364,mining,129.4920716357354,Cu concentrate,concentrate_economic
QC-MAIN-c0660aec,,Water,Water,Discharged,,m3,4366105.0,QC-MAIN-c0660aec,"Au and Cu, Underground mining and beneficiation at Goldex",Au,4.474542118316694,0.9961407626375127,mining,972000.0503854082,Au concentrate,concentrate_economic
QC-MAIN-c0660aec,,Water,Water,Withdrawal,,m3,1823142.8,QC-MAIN-c0660aec,"Au and Cu, Underground mining and beneficiation at Goldex",Cu,130.12252666666666,0.003859237362487364,mining,54.07165839112327,Cu concentrate,concentrate_economic
QC-MAIN-c0660aec,,Water,Water,Withdrawal,,m3,1823142.8,QC-MAIN-c0660aec,"Au and Cu, Underground mining and beneficiation at Goldex",Au,4.474542118316694,0.9961407626375127,mining,405875.46416309144,Au concentrate,concentrate_economic
ON-MAIN-6e9be24e,,Water,Water,Discharged,,m3,2145.0,ON-MAIN-6e9be24e,"Au, Open-pit and underground mining and beneficiation at Hemlo (Williams)",Au,4.476523630102041,1.0,mining,479.1664642572445,Au concentrate,concentrate_economic
ON-MAIN-6e9be24e,,Water,Water,Consumption,,m3,39664.0,ON-MAIN-6e9be24e,"Au, Open-pit and underground mining and beneficiation at Hemlo (Williams)",Au,4.476523630102041,1.0,mining,8860.446917622072,Au concentrate,concentrate_economic
NU-MAIN-8b0264c9,,Air,NOx,Emission,,tonnes,3625.0,NU-MAIN-8b0264c9,"Au and Ag, Open-pit and underground mining and beneficiation at Meliadine",Au,12.41413683010194,1.0,mining,292.00580351346366,Au concentrate,concentrate_economic
NU-MAIN-8b0264c9,,Air,SOx,Emission,,tonnes,238.0,NU-MAIN-8b0264c9,"Au and Ag, Open-pit and underground mining and beneficiation at Meliadine",Au,12.41413683010194,1.0,mining,19.17169137550465,Au concentrate,concentrate_economic
ON-MAIN-6e9be24e,,Water,Water,Withdrawal,,m3,3343.0,ON-MAIN-6e9be24e,"Au, Open-pit and underground mining and beneficiation at Hemlo (Williams)",Au,4.476523630102041,1.0,mining,746.7848438284235,Au concentrate,concentrate_economic
BC-MAIN-bf503b6b,,Water,Water,Discharged,,m3,1986930.9,BC-MAIN-bf503b6b,"Cu and Mo, Open-pit mining and beneficiation at Highland Valley",Cu,341333.3333333334,0.9997809583158581,mining,5.819811560476729,Cu concentrate,concentrate_economic
BC-MAIN-bf503b6b,,Water,Water,Discharged,,m3,1986930.9,BC-MAIN-bf503b6b,"Cu and Mo, Open-pit mining and beneficiation at Highland Valley",Mo,17.647058823529413,0.00021904168414189142,mining,24.662505801208628,Mo concentrate,concentrate_economic
BC-MAIN-bf503b6b,,Water,Water,Consumption,,m3,23241256.0,BC-MAIN-bf503b6b,"Cu and Mo, Open-pit mining and beneficiation at Highland Valley",Cu,341333.3333333334,0.9997809583158581,mining,68.07470272307867,Cu concentrate,concentrate_economic
BC-MAIN-bf503b6b,,Water,Water,Consumption,,m3,23241256.0,BC-MAIN-bf503b6b,"Cu and Mo, Open-pit mining and beneficiation at Highland Valley",Mo,17.647058823529413,0.00021904168414189142,mining,288.4788851627275,Mo concentrate,concentrate_economic
BC-MAIN-bf503b6b,,Water,Water,Withdrawal,,m3,17062697.5,BC-MAIN-bf503b6b,"Cu and Mo, Open-pit mining and beneficiation at Highland Valley",Cu,341333.3333333334,0.9997809583158581,mining,49.9774220449324,Cu concentrate,concentrate_economic
BC-MAIN-bf503b6b,,Water,Water,Withdrawal,,m3,17062697.5,BC-MAIN-bf503b6b,"Cu and Mo, Open-pit mining and beneficiation at Highland Valley",Mo,17.647058823529413,0.00021904168414189142,mining,211.78837979620627,Mo concentrate,concentrate_economic
NU-MAIN-8b0264c9,,Land,,Occupation and transformation,,ha,906.75,NU-MAIN-8b0264c9,"Au and Ag, Open-pit and underground mining and beneficiation at Meliadine",Au,12.41413683010194,1.0,mining,73.0417275409195,Au concentrate,concentrate_economic
NU-MAIN-8b0264c9,,Land,,Occupation and transformation,,ha,633.0,NU-MAIN-8b0264c9,"Au and Ag, Open-pit and underground mining and beneficiation at Meliadine",Au,12.41413683010194,1.0,mining,50.990254792833795,Au concentrate,concentrate_economic
NU-MAIN-8b0264c9,,Land,,Occupation and transformation,,ha,273.75,NU-MAIN-8b0264c9,"Au and Ag, Open-pit and underground mining and beneficiation at Meliadine",Au,12.41413683010194,1.0,mining,22.051472748085704,Au concentrate,concentrate_economic
ON-MAIN-687b8c8d,,Air,Carbon monoxide,Emission,,tonnes,322.2,ON-MAIN-687b8c8d,"Au, Underground mining and beneficiation at Island",Au,4.1704080612244905,1.0,mining,77.25862679859618,Au concentrate,concentrate_economic
ON-MAIN-687b8c8d,,Air,GHG,Emission,,tCO2eq,20111.0,ON-MAIN-687b8c8d,"Au, Underground mining and beneficiation at Island",Au,4.1704080612244905,1.0,mining,4822.309880653532,Au concentrate,concentrate_economic
ON-MAIN-687b8c8d,,Air,GHG,Emission,,tCO2eq,2785.0,ON-MAIN-687b8c8d,"Au, Underground mining and beneficiation at Island",Au,4.1704080612244905,1.0,mining,667.8003588891694,Au concentrate,concentrate_economic
ON-MAIN-687b8c8d,,Air,GHG,Emission,,tCO2eq,72766.0,ON-MAIN-687b8c8d,"Au, Underground mining and beneficiation at Island",Au,4.1704080612244905,1.0,mining,17448.172680405496,Au concentrate,concentrate_economic
ON-MAIN-687b8c8d,,Air,Lead (and its compounds),Emission,,kg,0.332575576998,ON-MAIN-687b8c8d,"Au, Underground mining and beneficiation at Island",Au,4.1704080612244905,1.0,mining,0.07974653130234721,Au concentrate,concentrate_economic
ON-MAIN-687b8c8d,,Air,Mercury (and its compounds),Emission,,tonnes,1.90290400308735e-05,ON-MAIN-687b8c8d,"Au, Underground mining and beneficiation at Island",Au,4.1704080612244905,1.0,mining,4.562872445936695e-06,Au concentrate,concentrate_economic
ON-MAIN-687b8c8d,,Air,N2O,Emission,,tCO2eq,127.0,ON-MAIN-687b8c8d,"Au, Underground mining and beneficiation at Island",Au,4.1704080612244905,1.0,mining,30.45265550410216,Au concentrate,concentrate_economic
ON-MAIN-687b8c8d,,Air,NOx,Emission,,tonnes,440.2,ON-MAIN-687b8c8d,"Au, Underground mining and beneficiation at Island",Au,4.1704080612244905,1.0,mining,105.55322010162024,Au concentrate,concentrate_economic
ON-MAIN-687b8c8d,,Air,PM10 - Particulate Matter <= 10 Micrometers,Emission,,tonnes,83.19,ON-MAIN-687b8c8d,"Au, Underground mining and beneficiation at Island",Au,4.1704080612244905,1.0,mining,19.947688278631958,Au concentrate,concentrate_economic
ON-MAIN-687b8c8d,,Air,PFCs,Emission,,tCO2eq,31.0,ON-MAIN-687b8c8d,"Au, Underground mining and beneficiation at Island",Au,4.1704080612244905,1.0,mining,7.433325359269031,Au concentrate,concentrate_economic
ON-MAIN-687b8c8d,,Air,PM2.5 - Particulate Matter <= 2.5 Micrometers,Emission,,tonnes,61.61,ON-MAIN-687b8c8d,"Au, Underground mining and beneficiation at Island",Au,4.1704080612244905,1.0,mining,14.773134689824678,Au concentrate,concentrate_economic
ON-MAIN-687b8c8d,,Air,Polycyclic aromatic hydrocarbons (PAH),Emission,,t,0.418,ON-MAIN-687b8c8d,"Au, Underground mining and beneficiation at Island",Au,4.1704080612244905,1.0,mining,0.10023000000562758,Au concentrate,concentrate_economic
ON-MAIN-687b8c8d,,Air,SOx,Emission,,tonnes,0.66,ON-MAIN-687b8c8d,"Au, Underground mining and beneficiation at Island",Au,4.1704080612244905,1.0,mining,0.15825789474572777,Au concentrate,concentrate_economic
ON-MAIN-687b8c8d,,Air,Volatile Organic Compounds (Total),Emission,,tonnes,8.5,ON-MAIN-687b8c8d,"Au, Underground mining and beneficiation at Island",Au,4.1704080612244905,1.0,mining,2.0381698565737665,Au concentrate,concentrate_economic
ON-MAIN-687b8c8d,,Water,Water,Withdrawal,,m3,944300.0,ON-MAIN-687b8c8d,"Au, Underground mining and beneficiation at Island",Au,4.1704080612244905,1.0,mining,226428.68183089505,Au concentrate,concentrate_economic
ON-MAIN-687b8c8d,,Water,Water,Discharged,,m3,1428900.0,ON-MAIN-687b8c8d,"Au, Underground mining and beneficiation at Island",Au,4.1704080612244905,1.0,mining,342628.3421245006,Au concentrate,concentrate_economic
ON-MAIN-687b8c8d,,Water,Water,Consumption,,m3,-484600.0,ON-MAIN-687b8c8d,"Au, Underground mining and beneficiation at Island",Au,4.1704080612244905,1.0,mining,-116199.66029360557,Au concentrate,concentrate_economic
ON-MAIN-687b8c8d,,Land,,Occupation and transformation,,ha,1375.0,ON-MAIN-687b8c8d,"Au, Underground mining and beneficiation at Island",Au,4.1704080612244905,1.0,mining,329.70394738693284,Au concentrate,concentrate_economic
ON-MAIN-687b8c8d,,Land,,Occupation and transformation,,ha,235.0,ON-MAIN-687b8c8d,"Au, Underground mining and beneficiation at Island",Au,4.1704080612244905,1.0,mining,56.34940191703943,Au concentrate,concentrate_economic
ON-MAIN-7607a50e,,Air,Carbon monoxide,Emission,,tonnes,187.6,ON-MAIN-7607a50e,"Au, Underground mining and beneficiation at Young-Davidson",Au,5.874752908163255,1.0,mining,31.933257948486766,Au concentrate,concentrate_economic
ON-MAIN-7607a50e,,Air,GHG,Emission,,tCO2eq,21634.0,ON-MAIN-7607a50e,"Au, Underground mining and beneficiation at Young-Davidson",Au,5.874752908163255,1.0,mining,3682.5378595818906,Au concentrate,concentrate_economic
ON-MAIN-7607a50e,,Air,GHG,Emission,,tCO2eq,8006.0,ON-MAIN-7607a50e,"Au, Underground mining and beneficiation at Young-Davidson",Au,5.874752908163255,1.0,mining,1362.7807203389395,Au concentrate,concentrate_economic
ON-MAIN-7607a50e,,Air,GHG,Emission,,tCO2eq,98564.0,ON-MAIN-7607a50e,"Au, Underground mining and beneficiation at Young-Davidson",Au,5.874752908163255,1.0,mining,16777.556697412845,Au concentrate,concentrate_economic
ON-MAIN-7607a50e,,Air,N2O,Emission,,tCO2eq,73.0,ON-MAIN-7607a50e,"Au, Underground mining and beneficiation at Young-Davidson",Au,5.874752908163255,1.0,mining,12.426054532193678,Au concentrate,concentrate_economic
ON-MAIN-7607a50e,,Air,NOx,Emission,,tonnes,28.103,ON-MAIN-7607a50e,"Au, Underground mining and beneficiation at Young-Davidson",Au,5.874752908163255,1.0,mining,4.783690555044369,Au concentrate,concentrate_economic
ON-MAIN-7607a50e,,Air,PM10 - Particulate Matter <= 10 Micrometers,Emission,,tonnes,8.6,ON-MAIN-7607a50e,"Au, Underground mining and beneficiation at Young-Davidson",Au,5.874752908163255,1.0,mining,1.4638913558474742,Au concentrate,concentrate_economic
ON-MAIN-7607a50e,,Air,PM2.5 - Particulate Matter <= 2.5 Micrometers,Emission,,tonnes,2.6,ON-MAIN-7607a50e,"Au, Underground mining and beneficiation at Young-Davidson",Au,5.874752908163255,1.0,mining,0.4425718052562132,Au concentrate,concentrate_economic
ON-MAIN-7607a50e,,Air,Polycyclic aromatic hydrocarbons (PAH),Emission,,t,38.54224,ON-MAIN-7607a50e,"Au, Underground mining and beneficiation at Young-Davidson",Au,5.874752908163255,1.0,mining,6.560657205930088,Au concentrate,concentrate_economic
ON-MAIN-7607a50e,,Air,SOx,Emission,,tonnes,0.243,ON-MAIN-7607a50e,"Au, Underground mining and beneficiation at Young-Davidson",Au,5.874752908163255,1.0,mining,0.04136344179894608,Au concentrate,concentrate_economic
ON-MAIN-7607a50e,,Air,Volatile Organic Compounds (Total),Emission,,tonnes,31.552,ON-MAIN-7607a50e,"Au, Underground mining and beneficiation at Young-Davidson",Au,5.874752908163255,1.0,mining,5.370779076709245,Au concentrate,concentrate_economic
QC-MAIN-9de9bb0d,,Water,Water,Consumption,,m3,82144.0,QC-MAIN-9de9bb0d,"Au and Ag, Open-pit mining and beneficiation at Kiena",Au,1.2201776096938775,1.0,mining,67321.34678377566,Au concentrate,concentrate_economic
QC-MAIN-9de9bb0d,,Water,Water,Discharged,,m3,536420.0,QC-MAIN-9de9bb0d,"Au and Ag, Open-pit mining and beneficiation at Kiena",Au,1.2201776096938775,1.0,mining,439624.5232975378,Au concentrate,concentrate_economic
QC-MAIN-9de9bb0d,,Water,Water,Withdrawal,,m3,168115.0,QC-MAIN-9de9bb0d,"Au and Ag, Open-pit mining and beneficiation at Kiena",Au,1.2201776096938775,1.0,mining,137779.12220678866,Au concentrate,concentrate_economic
ON-MAIN-7607a50e,,Land,,Occupation and transformation,,ha,1413.0,ON-MAIN-7607a50e,"Au, Underground mining and beneficiation at Young-Davidson",Au,5.874752908163255,1.0,mining,240.520754164242,Au concentrate,concentrate_economic
ON-MAIN-7607a50e,,Land,,Occupation and transformation,,ha,432.0,ON-MAIN-7607a50e,"Au, Underground mining and beneficiation at Young-Davidson",Au,5.874752908163255,1.0,mining,73.5350076425708,Au concentrate,concentrate_economic
ON-MAIN-6e9be24e,,Air,GHG,Emission,,tCO2eq,20000.0,ON-MAIN-6e9be24e,"Au, Open-pit and underground mining and beneficiation at Hemlo (Williams)",Au,4.476523630102041,1.0,mining,4467.752580487128,Au concentrate,concentrate_economic
ON-MAIN-6e9be24e,,Air,GHG,Emission,,tCO2eq,5000.0,ON-MAIN-6e9be24e,"Au, Open-pit and underground mining and beneficiation at Hemlo (Williams)",Au,4.476523630102041,1.0,mining,1116.938145121782,Au concentrate,concentrate_economic
QC-MAIN-9de9bb0d,,Water,Water,Withdrawal,,m3,168115.0,QC-MAIN-9de9bb0d,"Au and Ag, Open-pit mining and beneficiation at Kiena",Au,1.2201776096938775,1.0,mining,137779.12220678866,Au concentrate,concentrate_economic
QC-MAIN-5ce331b8,,Air,GHG,Emission,,tCO2eq,50653.0,QC-MAIN-5ce331b8,"Cu and Ni, Open-pit and underground mining and beneficiation at Nunavik Nickel",Ni,363125.0,1.0,mining,0.13949191049913942,Ni concentrate,concentrate_economic
QC-MAIN-5ce331b8,,Air,GHG,Emission,,tCO2eq,79822.0,QC-MAIN-5ce331b8,"Cu and Ni, Open-pit and underground mining and beneficiation at Nunavik Nickel",Ni,363125.0,1.0,mining,0.2198196213425129,Ni concentrate,concentrate_economic
BC-MAIN-ed23117f,,Air,Carbon monoxide,Emission,,tonnes,150.43,BC-MAIN-ed23117f,"Au and Cu, Open-pit mining and beneficiation at Mount Milligan",Cu,93533.69434666667,1.0,mining,0.0016082974274752465,Cu concentrate,concentrate_economic
BC-MAIN-ed23117f,,Air,GHG,Emission,,tCO2eq,72492.0,BC-MAIN-ed23117f,"Au and Cu, Open-pit mining and beneficiation at Mount Milligan",Cu,93533.69434666667,1.0,mining,0.7750362102807655,Cu concentrate,concentrate_economic
BC-MAIN-ed23117f,,Air,GHG,Emission,,tCO2eq,7075.0,BC-MAIN-ed23117f,"Au and Cu, Open-pit mining and beneficiation at Mount Milligan",Cu,93533.69434666667,1.0,mining,0.07564119058291144,Cu concentrate,concentrate_economic
BC-MAIN-ed23117f,,Air,NOx,Emission,,tonnes,61.0,BC-MAIN-ed23117f,"Au and Cu, Open-pit mining and beneficiation at Mount Milligan",Cu,93533.69434666667,1.0,mining,0.0006521713958385297,Cu concentrate,concentrate_economic
BC-MAIN-ed23117f,,Air,PM10 - Particulate Matter <= 10 Micrometers,Emission,,tonnes,2368.41,BC-MAIN-ed23117f,"Au and Cu, Open-pit mining and beneficiation at Mount Milligan",Cu,93533.69434666667,1.0,mining,0.025321463206851347,Cu concentrate,concentrate_economic
BC-MAIN-ed23117f,,Air,PM2.5 - Particulate Matter <= 2.5 Micrometers,Emission,,tonnes,42.96,BC-MAIN-ed23117f,"Au and Cu, Open-pit mining and beneficiation at Mount Milligan",Cu,93533.69434666667,1.0,mining,0.0004592997240200531,Cu concentrate,concentrate_economic
QC-MAIN-f9e41c2a,,Water,Water,Withdrawal,,m3,3499000.0,QC-MAIN-f9e41c2a,"Au and Ag, Underground mining and beneficiation at Lamaque",Au,7.932820721938775,1.0,mining,441078.92043031665,Au concentrate,concentrate_economic
QC-MAIN-f9e41c2a,,Air,GHG,Emission,,tCO2eq,18188.0,QC-MAIN-f9e41c2a,"Au and Ag, Underground mining and beneficiation at Lamaque",Au,7.932820721938775,1.0,mining,2292.7531879927405,Au concentrate,concentrate_economic
QC-MAIN-f9e41c2a,,Air,GHG,Emission,,tCO2eq,100.0,QC-MAIN-f9e41c2a,"Au and Ag, Underground mining and beneficiation at Lamaque",Au,7.932820721938775,1.0,mining,12.605856542735543,Au concentrate,concentrate_economic
QC-MAIN-f9e41c2a,,Water,Water,Consumption,,m3,1088000.0,QC-MAIN-f9e41c2a,"Au and Ag, Underground mining and beneficiation at Lamaque",Au,7.932820721938775,1.0,mining,137151.7191849627,Au concentrate,concentrate_economic
QC-MAIN-f9e41c2a,,Water,Water,Discharged,,m3,2411000.0,QC-MAIN-f9e41c2a,"Au and Ag, Underground mining and beneficiation at Lamaque",Au,7.932820721938775,1.0,mining,303927.20124535396,Au concentrate,concentrate_economic
QC-MAIN-e51eda66,,Water,Water,Withdrawal,,m3,1486950.0,QC-MAIN-e51eda66,"Au and Ag and Cu and Zn, Underground mining and beneficiation at LaRonde",Cu,8593.20125,0.09772240804218515,mining,16.909685972771467,Cu concentrate,concentrate_economic
QC-MAIN-e51eda66,,Water,Water,Withdrawal,,m3,1486950.0,QC-MAIN-e51eda66,"Au and Ag and Cu and Zn, Underground mining and beneficiation at LaRonde",Zn,15404.877034,0.06548662801881933,mining,6.3210723018214905,Zn concentrate,concentrate_economic
QC-MAIN-e51eda66,,Water,Water,Withdrawal,,m3,1486950.0,QC-MAIN-e51eda66,"Au and Ag and Cu and Zn, Underground mining and beneficiation at LaRonde",Au,9.802902790306113,0.8367909639389955,mining,126928.35483990707,Au concentrate,concentrate_economic
QC-MAIN-f9e41c2a,,Land,,Occupation and transformation,,ha,277.6,QC-MAIN-f9e41c2a,"Au and Ag, Underground mining and beneficiation at Lamaque",Au,7.932820721938775,1.0,mining,34.99385776263387,Au concentrate,concentrate_economic
ON-MAIN-7f050560,,Air,Carbon monoxide,Emission,,tonnes,1079.77,ON-MAIN-7f050560,"Au, Underground mining and beneficiation at Red Lake",Au,3.5769025,1.0,mining,301.87291937647166,Au concentrate,concentrate_economic
ON-MAIN-7f050560,,Air,GHG,Emission,,tCO2eq,25750.7471650174,ON-MAIN-7f050560,"Au, Underground mining and beneficiation at Red Lake",Au,3.5769025,1.0,mining,7199.175030635417,Au concentrate,concentrate_economic
ON-MAIN-7f050560,,Air,GHG,Emission,,tCO2eq,7448.959330755,ON-MAIN-7f050560,"Au, Underground mining and beneficiation at Red Lake",Au,3.5769025,1.0,mining,2082.5167392052203,Au concentrate,concentrate_economic
ON-MAIN-7f050560,,Air,Lead (and its compounds),Emission,,kg,20.6055999999999,ON-MAIN-7f050560,"Au, Underground mining and beneficiation at Red Lake",Au,3.5769025,1.0,mining,5.7607385160763815,Au concentrate,concentrate_economic
ON-MAIN-7f050560,,Air,Mercury (and its compounds),Emission,,tonnes,0.01356,ON-MAIN-7f050560,"Au, Underground mining and beneficiation at Red Lake",Au,3.5769025,1.0,mining,0.00379098955031623,Au concentrate,concentrate_economic
ON-MAIN-7f050560,,Air,NOx,Emission,,tonnes,17.688,ON-MAIN-7f050560,"Au, Underground mining and beneficiation at Red Lake",Au,3.5769025,1.0,mining,4.945060705456746,Au concentrate,concentrate_economic
ON-MAIN-7f050560,,Air,PM10 - Particulate Matter <= 10 Micrometers,Emission,,tonnes,126.5,ON-MAIN-7f050560,"Au, Underground mining and beneficiation at Red Lake",Au,3.5769025,1.0,mining,35.36579484623917,Au concentrate,concentrate_economic
ON-MAIN-7f050560,,Air,PM2.5 - Particulate Matter <= 2.5 Micrometers,Emission,,tonnes,112.97,ON-MAIN-7f050560,"Au, Underground mining and beneficiation at Red Lake",Au,3.5769025,1.0,mining,31.583192440945762,Au concentrate,concentrate_economic
ON-MAIN-7f050560,,Air,SOx,Emission,,tonnes,1.438,ON-MAIN-7f050560,"Au, Underground mining and beneficiation at Red Lake",Au,3.5769025,1.0,mining,0.4020238180940073,Au concentrate,concentrate_economic
ON-MAIN-7f050560,,Air,Volatile Organic Compounds (Total),Emission,,tonnes,4.716,ON-MAIN-7f050560,"Au, Underground mining and beneficiation at Red Lake",Au,3.5769025,1.0,mining,1.318459197587857,Au concentrate,concentrate_economic
QC-MAIN-e51eda66,,Water,Water,Consumption,,m3,1014537.05,QC-MAIN-e51eda66,"Au and Ag and Cu and Zn, Underground mining and beneficiation at LaRonde",Cu,8593.20125,0.09772240804218515,mining,11.537377129857724,Cu concentrate,concentrate_economic
QC-MAIN-e51eda66,,Water,Water,Consumption,,m3,1014537.05,QC-MAIN-e51eda66,"Au and Ag and Cu and Zn, Underground mining and beneficiation at LaRonde",Zn,15404.877034,0.06548662801881933,mining,4.312829648560264,Zn concentrate,concentrate_economic
QC-MAIN-e51eda66,,Water,Water,Consumption,,m3,1014537.05,QC-MAIN-e51eda66,"Au and Ag and Cu and Zn, Underground mining and beneficiation at LaRonde",Au,9.802902790306113,0.8367909639389955,mining,86602.45380183095,Au concentrate,concentrate_economic
QC-MAIN-e51eda66,,Water,Water,Discharged,,m3,4118213.9,QC-MAIN-e51eda66,"Au and Ag and Cu and Zn, Underground mining and beneficiation at LaRonde",Cu,8593.20125,0.09772240804218515,mining,46.8325793185396,Cu concentrate,concentrate_economic
QC-MAIN-e51eda66,,Water,Water,Discharged,,m3,4118213.9,QC-MAIN-e51eda66,"Au and Ag and Cu and Zn, Underground mining and beneficiation at LaRonde",Zn,15404.877034,0.06548662801881933,mining,17.506659817926803,Zn concentrate,concentrate_economic
QC-MAIN-e51eda66,,Water,Water,Discharged,,m3,4118213.9,QC-MAIN-e51eda66,"Au and Ag and Cu and Zn, Underground mining and beneficiation at LaRonde",Au,9.802902790306113,0.8367909639389955,mining,351537.1163830912,Au concentrate,concentrate_economic
QC-MAIN-e51eda66,,Water,Water,Withdrawal,,m3,1486950.0,QC-MAIN-e51eda66,"Au and Ag and Cu and Zn, Underground mining and beneficiation at LaRonde",Cu,8593.20125,0.09772240804218515,mining,16.909685972771467,Cu concentrate,concentrate_economic
QC-MAIN-e51eda66,,Water,Water,Withdrawal,,m3,1486950.0,QC-MAIN-e51eda66,"Au and Ag and Cu and Zn, Underground mining and beneficiation at LaRonde",Zn,15404.877034,0.06548662801881933,mining,6.3210723018214905,Zn concentrate,concentrate_economic
QC-MAIN-e51eda66,,Water,Water,Withdrawal,,m3,1486950.0,QC-MAIN-e51eda66,"Au and Ag and Cu and Zn, Underground mining and beneficiation at LaRonde",Au,9.802902790306113,0.8367909639389955,mining,126928.35483990707,Au concentrate,concentrate_economic
QC-MAIN-b86f7d07,,Air,GHG,Emission,,tCO2eq,33340.0,QC-MAIN-b86f7d07,"Au and Ag, Open-pit and underground mining and beneficiation at Casa Berardi",Au,3.5165997959183577,1.0,mining,9480.749000411428,Au concentrate,concentrate_economic
QC-MAIN-b86f7d07,,Air,GHG,Emission,,tCO2eq,179.0,QC-MAIN-b86f7d07,"Au and Ag, Open-pit and underground mining and beneficiation at Casa Berardi",Au,3.5165997959183577,1.0,mining,50.9014418438406,Au concentrate,concentrate_economic
YT-MAIN-44857446,,Air,GHG,Emission,,tCO2eq,7271.0,YT-MAIN-44857446,"Ag and Zn and Pb, Underground mining and beneficiation at Keno Hill Silver District",Zn,2678.0,0.9939404291135293,mining,2.698633629605852,Zn concentrate,concentrate_economic
YT-MAIN-44857446,,Air,GHG,Emission,,tCO2eq,7271.0,YT-MAIN-44857446,"Ag and Zn and Pb, Underground mining and beneficiation at Keno Hill Silver District",Pb,20.416666666666668,0.0060595708864706705,mining,2.157998689740159,Pb concentrate,concentrate_economic
YT-MAIN-44857446,,Air,GHG,Emission,,tCO2eq,1408.0,YT-MAIN-44857446,"Ag and Zn and Pb, Underground mining and beneficiation at Keno Hill Silver District",Zn,2678.0,0.9939404291135293,mining,0.5225795833427369,Zn concentrate,concentrate_economic
YT-MAIN-44857446,,Air,GHG,Emission,,tCO2eq,1408.0,YT-MAIN-44857446,"Ag and Zn and Pb, Underground mining and beneficiation at Keno Hill Silver District",Pb,20.416666666666668,0.0060595708864706705,mining,0.4178877946849325,Pb concentrate,concentrate_economic
BC-MAIN-599152a0,,Air,GHG,Emission,,tCO2eq,67000.0,BC-MAIN-599152a0,"Au and Ag and Cu, Open-pit mining and beneficiation at Copper Mountain",Cu,63500.0,1.0,mining,1.0551181102362204,Cu concentrate,concentrate_economic
BC-MAIN-599152a0,,Air,GHG,Emission,,tCO2eq,8000.0,BC-MAIN-599152a0,"Au and Ag and Cu, Open-pit mining and beneficiation at Copper Mountain",Cu,63500.0,1.0,mining,0.12598425196850394,Cu concentrate,concentrate_economic
QC-MAIN-02884fb5,,Air,Carbon monoxide,Emission,,tonnes,2.235,QC-MAIN-02884fb5,"Au and Ag, Underground mining and beneficiation at Westwood-Doyon",Au,4.118166876530612,1.0,mining,0.5427172008830532,Au concentrate,concentrate_economic
QC-MAIN-02884fb5,,Air,GHG,Emission,,tCO2eq,18521.1,QC-MAIN-02884fb5,"Au and Ag, Underground mining and beneficiation at Westwood-Doyon",Au,4.118166876530612,1.0,mining,4497.41366857947,Au concentrate,concentrate_economic
QC-MAIN-02884fb5,,Air,GHG,Emission,,tCO2eq,189.9,QC-MAIN-02884fb5,"Au and Ag, Underground mining and beneficiation at Westwood-Doyon",Au,4.118166876530612,1.0,mining,46.112750088452714,Au concentrate,concentrate_economic
QC-MAIN-02884fb5,,Air,NOx,Emission,,tonnes,7.518,QC-MAIN-02884fb5,"Au and Ag, Underground mining and beneficiation at Westwood-Doyon",Au,4.118166876530612,1.0,mining,1.825569537467022,Au concentrate,concentrate_economic
QC-MAIN-02884fb5,,Air,PM10 - Particulate Matter <= 10 Micrometers,Emission,,tonnes,54.561,QC-MAIN-02884fb5,"Au and Ag, Underground mining and beneficiation at Westwood-Doyon",Au,4.118166876530612,1.0,mining,13.248856016724952,Au concentrate,concentrate_economic
QC-MAIN-02884fb5,,Air,PM2.5 - Particulate Matter <= 2.5 Micrometers,Emission,,tonnes,5.636,QC-MAIN-02884fb5,"Au and Ag, Underground mining and beneficiation at Westwood-Doyon",Au,4.118166876530612,1.0,mining,1.3685700868800394,Au concentrate,concentrate_economic
QC-MAIN-02884fb5,,Air,SOx,Emission,,tonnes,0.0163,QC-MAIN-02884fb5,"Au and Ag, Underground mining and beneficiation at Westwood-Doyon",Au,4.118166876530612,1.0,mining,0.00395807175588088,Au concentrate,concentrate_economic
QC-MAIN-02884fb5,,Air,Volatile Organic Compounds (Total),Emission,,tonnes,0.1524,QC-MAIN-02884fb5,"Au and Ag, Underground mining and beneficiation at Westwood-Doyon",Au,4.118166876530612,1.0,mining,0.03700675678504578,Au concentrate,concentrate_economic
ON-MAIN-1f126a43,,Water,Water,Withdrawal,,m3,193004.0,ON-MAIN-1f126a43,"Au, Underground mining and beneficiation at Macassa",Au,7.253304461734694,1.0,mining,26609.11326943545,Au concentrate,concentrate_economic
ON-MAIN-1f126a43,,Water,Water,Consumption,,m3,3069283.0,ON-MAIN-1f126a43,"Au, Underground mining and beneficiation at Macassa",Au,7.253304461734694,1.0,mining,423156.5097249417,Au concentrate,concentrate_economic
ON-MAIN-1f126a43,,Water,Water,Discharged,,m3,3803986.0,ON-MAIN-1f126a43,"Au, Underground mining and beneficiation at Macassa",Au,7.253304461734694,1.0,mining,524448.686811396,Au concentrate,concentrate_economic
QC-MAIN-02884fb5,,Land,,Occupation and transformation,,ha,1014.81,QC-MAIN-02884fb5,"Au and Ag, Underground mining and beneficiation at Westwood-Doyon",Au,4.118166876530612,1.0,mining,246.42274837947704,Au concentrate,concentrate_economic
ON-MAIN-1f126a43,,Water,Water,Withdrawal,,m3,193004.0,ON-MAIN-1f126a43,"Au, Underground mining and beneficiation at Macassa",Au,7.253304461734694,1.0,mining,26609.11326943545,Au concentrate,concentrate_economic
BC-MAIN-aa76f6f2,,Air,GHG,Emission,,tCO2eq,15908.3,BC-MAIN-aa76f6f2,"Au and Cu, Underground mining and beneficiation at New Afton",Cu,71667.53600000001,1.0,mining,0.22197358647854165,Cu concentrate,concentrate_economic
BC-MAIN-aa76f6f2,,Air,GHG,Emission,,tCO2eq,2326.7,BC-MAIN-aa76f6f2,"Au and Cu, Underground mining and beneficiation at New Afton",Cu,71667.53600000001,1.0,mining,0.03246518758507338,Cu concentrate,concentrate_economic
NU-MAIN-8b0264c9,,Water,Water,Withdrawal,,m3,525400.0,NU-MAIN-8b0264c9,"Au and Ag, Open-pit and underground mining and beneficiation at Meliadine",Au,12.41413683010194,1.0,mining,42322.717011303124,Au concentrate,concentrate_economic
BC-MAIN-aa76f6f2,,Land,,Occupation and transformation,,ha,377.5,BC-MAIN-aa76f6f2,"Au and Cu, Underground mining and beneficiation at New Afton",Cu,71667.53600000001,1.0,mining,0.005267377965945418,Cu concentrate,concentrate_economic
ON-MAIN-0aadf28f,,Air,GHG,Emission,,tCO2eq,127029.0,ON-MAIN-0aadf28f,"Au, Open-pit and underground mining and beneficiation at Rainy River",Au,8.05342613010203,1.0,mining,15773.286790971117,Au concentrate,concentrate_economic
ON-MAIN-0aadf28f,,Air,GHG,Emission,,tCO2eq,12459.0,ON-MAIN-0aadf28f,"Au, Open-pit and underground mining and beneficiation at Rainy River",Au,8.05342613010203,1.0,mining,1547.0434320407871,Au concentrate,concentrate_economic
NU-MAIN-8b0264c9,,Water,Water,Withdrawal,,m3,525400.0,NU-MAIN-8b0264c9,"Au and Ag, Open-pit and underground mining and beneficiation at Meliadine",Au,12.41413683010194,1.0,mining,42322.717011303124,Au concentrate,concentrate_economic
NU-MAIN-8b0264c9,,Water,Water,Consumption,,m3,454993.0,NU-MAIN-8b0264c9,"Au and Ag, Open-pit and underground mining and beneficiation at Meliadine",Au,12.41413683010194,1.0,mining,36651.19905048314,Au concentrate,concentrate_economic
NU-MAIN-8b0264c9,,Water,Water,Discharged,,m3,419380.0,NU-MAIN-8b0264c9,"Au and Ag, Open-pit and underground mining and beneficiation at Meliadine",Au,12.41413683010194,1.0,mining,33782.453483441765,Au concentrate,concentrate_economic
ON-MAIN-0aadf28f,,Land,,Occupation and transformation,,ha,3019.4,ON-MAIN-0aadf28f,"Au, Open-pit and underground mining and beneficiation at Rainy River",Au,8.05342613010203,1.0,mining,374.921176555418,Au concentrate,concentrate_economic
BC-MAIN-857b7b89,,Air,GHG,Emission,,tCO2eq,30881.4624643865,BC-MAIN-857b7b89,"Au, Underground mining and beneficiation at Brucejack",Au,0.920409693877551,1.0,mining,33551.86572871416,Au concentrate,concentrate_economic
BC-MAIN-857b7b89,,Air,GHG,Emission,,tCO2eq,1153.8249914,BC-MAIN-857b7b89,"Au, Underground mining and beneficiation at Brucejack",Au,0.920409693877551,1.0,mining,1253.599347198425,Au concentrate,concentrate_economic
BC-MAIN-857b7b89,,Air,GHG,Emission,,tCO2eq,77581.0333833111,BC-MAIN-857b7b89,"Au, Underground mining and beneficiation at Brucejack",Au,0.920409693877551,1.0,mining,84289.67436932742,Au concentrate,concentrate_economic
BC-MAIN-ed23117f,,Water,Water,Withdrawal,,m3,8109999.999999999,BC-MAIN-ed23117f,"Au and Cu, Open-pit mining and beneficiation at Mount Milligan",Cu,93533.69434666667,1.0,mining,86.70672164345042,Cu concentrate,concentrate_economic
QC-MAIN-6dc537e6,,Air,Carbon monoxide,Emission,,tonnes,159.2,QC-MAIN-6dc537e6,"Au and Ag, Underground mining and beneficiation at Éléonore",Au,7.738899920918366,1.0,mining,20.57139924625203,Au concentrate,concentrate_economic
QC-MAIN-6dc537e6,,Air,GHG,Emission,,tCO2eq,39711.8671411138,QC-MAIN-6dc537e6,"Au and Ag, Underground mining and beneficiation at Éléonore",Au,7.738899920918366,1.0,mining,5131.461518680711,Au concentrate,concentrate_economic
QC-MAIN-6dc537e6,,Air,GHG,Emission,,tCO2eq,371.76247935,QC-MAIN-6dc537e6,"Au and Ag, Underground mining and beneficiation at Éléonore",Au,7.738899920918366,1.0,mining,48.03815570028503,Au concentrate,concentrate_economic
QC-MAIN-6dc537e6,,Air,GHG,Emission,,tCO2eq,98442.9768080408,QC-MAIN-6dc537e6,"Au and Ag, Underground mining and beneficiation at Éléonore",Au,7.738899920918366,1.0,mining,12720.538812234527,Au concentrate,concentrate_economic
QC-MAIN-6dc537e6,,Air,NOx,Emission,,tonnes,111.3,QC-MAIN-6dc537e6,"Au and Ag, Underground mining and beneficiation at Éléonore",Au,7.738899920918366,1.0,mining,14.381889045903588,Au concentrate,concentrate_economic
QC-MAIN-6dc537e6,,Air,PM10 - Particulate Matter <= 10 Micrometers,Emission,,tonnes,900.0,QC-MAIN-6dc537e6,"Au and Ag, Underground mining and beneficiation at Éléonore",Au,7.738899920918366,1.0,mining,116.29559875393737,Au concentrate,concentrate_economic
QC-MAIN-6dc537e6,,Air,PM2.5 - Particulate Matter <= 2.5 Micrometers,Emission,,tonnes,321.7,QC-MAIN-6dc537e6,"Au and Ag, Underground mining and beneficiation at Éléonore",Au,7.738899920918366,1.0,mining,41.56921568793517,Au concentrate,concentrate_economic
QC-MAIN-6dc537e6,,Air,Polycyclic aromatic hydrocarbons (PAH),Emission,,t,0.0011,QC-MAIN-6dc537e6,"Au and Ag, Underground mining and beneficiation at Éléonore",Au,7.738899920918366,1.0,mining,0.00014213906514370125,Au concentrate,concentrate_economic
QC-MAIN-6dc537e6,,Air,SOx,Emission,,tonnes,4.8,QC-MAIN-6dc537e6,"Au and Ag, Underground mining and beneficiation at Éléonore",Au,7.738899920918366,1.0,mining,0.6202431933543326,Au concentrate,concentrate_economic
QC-MAIN-6dc537e6,,Air,Volatile Organic Compounds (Total),Emission,,tonnes,2.4,QC-MAIN-6dc537e6,"Au and Ag, Underground mining and beneficiation at Éléonore",Au,7.738899920918366,1.0,mining,0.3101215966771663,Au concentrate,concentrate_economic
BC-MAIN-ed23117f,,Water,Water,Consumption,,m3,9110000.0,BC-MAIN-ed23117f,"Au and Cu, Open-pit mining and beneficiation at Mount Milligan",Cu,93533.69434666667,1.0,mining,97.39805600145911,Cu concentrate,concentrate_economic
ON-MAIN-fefeaee4,,Water,Water,Withdrawal,,m3,1552393.181,ON-MAIN-fefeaee4,"Au, Underground mining and beneficiation at Musselwhite",Au,5.712887755102041,1.0,mining,271735.28477145307,Au concentrate,concentrate_economic
ON-MAIN-fefeaee4,,Water,Water,Discharged,,m3,1543354.5,ON-MAIN-fefeaee4,"Au, Underground mining and beneficiation at Musselwhite",Au,5.712887755102041,1.0,mining,270153.12853323045,Au concentrate,concentrate_economic
QC-MAIN-6dc537e6,,Land,,Occupation and transformation,,ha,398.0604,QC-MAIN-6dc537e6,"Au and Ag, Underground mining and beneficiation at Éléonore",Au,7.738899920918366,1.0,mining,51.43630284247979,Au concentrate,concentrate_economic
ON-MAIN-fefeaee4,,Air,Arsenic (and its compounds),Emission,,kg,5.6701,ON-MAIN-fefeaee4,"Au, Underground mining and beneficiation at Musselwhite",Au,5.712887755102041,1.0,mining,0.9925103105581187,Au concentrate,concentrate_economic
ON-MAIN-fefeaee4,,Air,Carbon monoxide,Emission,,tonnes,226.22,ON-MAIN-fefeaee4,"Au, Underground mining and beneficiation at Musselwhite",Au,5.712887755102041,1.0,mining,39.59818741370657,Au concentrate,concentrate_economic
ON-MAIN-fefeaee4,,Air,GHG,Emission,,tCO2eq,40394.4169076851,ON-MAIN-fefeaee4,"Au, Underground mining and beneficiation at Musselwhite",Au,5.712887755102041,1.0,mining,7070.7527680042085,Au concentrate,concentrate_economic
ON-MAIN-fefeaee4,,Air,GHG,Emission,,tCO2eq,3597.5544,ON-MAIN-fefeaee4,"Au, Underground mining and beneficiation at Musselwhite",Au,5.712887755102041,1.0,mining,629.726077986936,Au concentrate,concentrate_economic
ON-MAIN-fefeaee4,,Air,GHG,Emission,,tCO2eq,71787.5495982785,ON-MAIN-fefeaee4,"Au, Underground mining and beneficiation at Musselwhite",Au,5.712887755102041,1.0,mining,12565.895336236354,Au concentrate,concentrate_economic
ON-MAIN-fefeaee4,,Air,Lead (and its compounds),Emission,,kg,89.9133,ON-MAIN-fefeaee4,"Au, Underground mining and beneficiation at Musselwhite",Au,5.712887755102041,1.0,mining,15.738677855118128,Au concentrate,concentrate_economic
ON-MAIN-fefeaee4,,Air,Mercury (and its compounds),Emission,,tonnes,0.0002713,ON-MAIN-fefeaee4,"Au, Underground mining and beneficiation at Musselwhite",Au,5.712887755102041,1.0,mining,4.748911787347976e-05,Au concentrate,concentrate_economic
ON-MAIN-fefeaee4,,Air,NOx,Emission,,tonnes,298.296,ON-MAIN-fefeaee4,"Au, Underground mining and beneficiation at Musselwhite",Au,5.712887755102041,1.0,mining,52.21457392254891,Au concentrate,concentrate_economic
ON-MAIN-fefeaee4,,Air,PM10 - Particulate Matter <= 10 Micrometers,Emission,,tonnes,72.34,ON-MAIN-fefeaee4,"Au, Underground mining and beneficiation at Musselwhite",Au,5.712887755102041,1.0,mining,12.662597814108095,Au concentrate,concentrate_economic
ON-MAIN-fefeaee4,,Air,PM2.5 - Particulate Matter <= 2.5 Micrometers,Emission,,tonnes,36.22,ON-MAIN-fefeaee4,"Au, Underground mining and beneficiation at Musselwhite",Au,5.712887755102041,1.0,mining,6.340051048202864,Au concentrate,concentrate_economic
ON-MAIN-fefeaee4,,Air,Selenium (and its compounds),Emission,,kg,0.7141,ON-MAIN-fefeaee4,"Au, Underground mining and beneficiation at Musselwhite",Au,5.712887755102041,1.0,mining,0.12499807988740103,Au concentrate,concentrate_economic
ON-MAIN-fefeaee4,,Air,SOx,Emission,,tonnes,1.878,ON-MAIN-fefeaee4,"Au, Underground mining and beneficiation at Musselwhite",Au,5.712887755102041,1.0,mining,0.32873042154955767,Au concentrate,concentrate_economic
ON-MAIN-fefeaee4,,Air,Volatile Organic Compounds (Total),Emission,,tonnes,4.625,ON-MAIN-fefeaee4,"Au, Underground mining and beneficiation at Musselwhite",Au,5.712887755102041,1.0,mining,0.8095730562655507,Au concentrate,concentrate_economic
ON-MAIN-fefeaee4,,Water,Water,Consumption,,m3,562159.181,ON-MAIN-fefeaee4,"Au, Underground mining and beneficiation at Musselwhite",Au,5.712887755102041,1.0,mining,98401.93000430462,Au concentrate,concentrate_economic
BC-MAIN-aa76f6f2,,Water,Water,Discharged,,m3,0.0,BC-MAIN-aa76f6f2,"Au and Cu, Underground mining and beneficiation at New Afton",Cu,71667.53600000001,1.0,mining,0.0,Cu concentrate,concentrate_economic
BC-MAIN-aa76f6f2,,Water,Water,Consumption,,m3,3111320.0,BC-MAIN-aa76f6f2,"Au and Cu, Underground mining and beneficiation at New Afton",Cu,71667.53600000001,1.0,mining,43.413240829153104,Cu concentrate,concentrate_economic
ON-MAIN-fefeaee4,,Land,,Occupation and transformation,,ha,701.81,ON-MAIN-fefeaee4,"Au, Underground mining and beneficiation at Musselwhite",Au,5.712887755102041,1.0,mining,122.84680359302186,Au concentrate,concentrate_economic
BC-MAIN-aa76f6f2,,Water,Water,Withdrawal,,m3,1534552.0,BC-MAIN-aa76f6f2,"Au and Cu, Underground mining and beneficiation at New Afton",Cu,71667.53600000001,1.0,mining,21.412093754695288,Cu concentrate,concentrate_economic
BC-MAIN-8eb8be0d,,Air,GHG,Emission,,tCO2eq,112383.583535172,BC-MAIN-8eb8be0d,"Au and Cu, Open-pit mining and beneficiation at Red Chris",Cu,12095.786666666667,1.0,mining,9.291134725852638,Cu concentrate,concentrate_economic
BC-MAIN-8eb8be0d,,Air,GHG,Emission,,tCO2eq,2584.5738038,BC-MAIN-8eb8be0d,"Au and Cu, Open-pit mining and beneficiation at Red Chris",Cu,12095.786666666667,1.0,mining,0.2136755446359283,Cu concentrate,concentrate_economic
BC-MAIN-8eb8be0d,,Air,GHG,Emission,,tCO2eq,226738.876758327,BC-MAIN-8eb8be0d,"Au and Cu, Open-pit mining and beneficiation at Red Chris",Cu,12095.786666666667,1.0,mining,18.745277426491786,Cu concentrate,concentrate_economic
ON-MAIN-0aadf28f,,Water,Water,Discharged,,m3,4552517.0,ON-MAIN-0aadf28f,"Au, Open-pit and underground mining and beneficiation at Rainy River",Au,8.05342613010203,1.0,mining,565289.4713944962,Au concentrate,concentrate_economic
ON-MAIN-0aadf28f,,Water,Water,Consumption,,m3,6336704.0,ON-MAIN-0aadf28f,"Au, Open-pit and underground mining and beneficiation at Rainy River",Au,8.05342613010203,1.0,mining,786833.3176006569,Au concentrate,concentrate_economic
ON-MAIN-0aadf28f,,Water,Water,Withdrawal,,m3,9600732.0,ON-MAIN-0aadf28f,"Au, Open-pit and underground mining and beneficiation at Rainy River",Au,8.05342613010203,1.0,mining,1192130.1375217764,Au concentrate,concentrate_economic
BC-MAIN-8eb8be0d,,Water,Water,Withdrawal,,m3,1042000.0,BC-MAIN-8eb8be0d,"Au and Cu, Open-pit mining and beneficiation at Red Chris",Cu,12095.786666666667,1.0,mining,86.1456992186811,Cu concentrate,concentrate_economic
ON-MAIN-7f050560,,Water,Water,Withdrawal,,m3,2565000.0,ON-MAIN-7f050560,"Au, Underground mining and beneficiation at Red Lake",Au,3.5769025,1.0,mining,717100.8994514107,Au concentrate,concentrate_economic
ON-MAIN-7f050560,,Water,Water,Consumption,,m3,2565000.0,ON-MAIN-7f050560,"Au, Underground mining and beneficiation at Red Lake",Au,3.5769025,1.0,mining,717100.8994514107,Au concentrate,concentrate_economic
ON-MAIN-7f050560,,Water,Water,Discharged,,m3,1968.41493,ON-MAIN-7f050560,"Au, Underground mining and beneficiation at Red Lake",Au,3.5769025,1.0,mining,550.3127161000334,Au concentrate,concentrate_economic
BC-MAIN-bf503b6b,,Air,Carbon monoxide,Emission,,tonnes,707.8,BC-MAIN-bf503b6b,"Cu and Mo, Open-pit mining and beneficiation at Highland Valley",Cu,341333.3333333334,0.9997809583158581,mining,0.002073178600476458,Cu concentrate,concentrate_economic
BC-MAIN-bf503b6b,,Air,Carbon monoxide,Emission,,tonnes,707.8,BC-MAIN-bf503b6b,"Cu and Mo, Open-pit mining and beneficiation at Highland Valley",Mo,17.647058823529413,0.00021904168414189142,mining,0.00878546989535241,Mo concentrate,concentrate_economic
BC-MAIN-bf503b6b,,Air,NO2,Emission,,t,175.6,BC-MAIN-bf503b6b,"Cu and Mo, Open-pit mining and beneficiation at Highland Valley",Cu,341333.3333333334,0.9997809583158581,mining,0.0005143404383210879,Cu concentrate,concentrate_economic
BC-MAIN-bf503b6b,,Air,NO2,Emission,,t,175.6,BC-MAIN-bf503b6b,"Cu and Mo, Open-pit mining and beneficiation at Highland Valley",Mo,17.647058823529413,0.00021904168414189142,mining,0.0021796107850012474,Mo concentrate,concentrate_economic
BC-MAIN-bf503b6b,,Air,SO2,Emission,,t,1.701,BC-MAIN-bf503b6b,"Cu and Mo, Open-pit mining and beneficiation at Highland Valley",Cu,341333.3333333334,0.9997809583158581,mining,4.9823068655135e-06,Cu concentrate,concentrate_economic
BC-MAIN-bf503b6b,,Air,SO2,Emission,,t,1.701,BC-MAIN-bf503b6b,"Cu and Mo, Open-pit mining and beneficiation at Highland Valley",Mo,17.647058823529413,0.00021904168414189142,mining,2.1113427934436916e-05,Mo concentrate,concentrate_economic
BC-MAIN-bf503b6b,,Air,Total particulate matter,Emission,,tonnes,7.74,BC-MAIN-bf503b6b,"Cu and Mo, Open-pit mining and beneficiation at Highland Valley",Cu,341333.3333333334,0.9997809583158581,mining,2.2670814308685763e-05,Cu concentrate,concentrate_economic
BC-MAIN-bf503b6b,,Air,Total particulate matter,Emission,,tonnes,7.74,BC-MAIN-bf503b6b,"Cu and Mo, Open-pit mining and beneficiation at Highland Valley",Mo,17.647058823529413,0.00021904168414189142,mining,9.607168266463357e-05,Mo concentrate,concentrate_economic
BC-MAIN-bf503b6b,,Air,Volatile Organic Compounds (Total),Emission,,tonnes,45.9,BC-MAIN-bf503b6b,"Cu and Mo, Open-pit mining and beneficiation at Highland Valley",Cu,341333.3333333334,0.9997809583158581,mining,0.00013444320113290397,Cu concentrate,concentrate_economic
BC-MAIN-bf503b6b,,Air,Volatile Organic Compounds (Total),Emission,,tonnes,45.9,BC-MAIN-bf503b6b,"Cu and Mo, Open-pit mining and beneficiation at Highland Valley",Mo,17.647058823529413,0.00021904168414189142,mining,0.0005697274204530594,Mo concentrate,concentrate_economic
ON-MAIN-cb85213a,,Air,Carbon monoxide,Emission,,tonnes,18.67,ON-MAIN-cb85213a,"Au, Underground mining and beneficiation at Eagle River",Au,2.7760508515306124,1.0,mining,6.725381125387544,Au concentrate,concentrate_economic
ON-MAIN-cb85213a,,Air,GHG,Emission,,tCO2eq,12303.0,ON-MAIN-cb85213a,"Au, Underground mining and beneficiation at Eagle River",Au,2.7760508515306124,1.0,mining,4431.835242937491,Au concentrate,concentrate_economic
ON-MAIN-cb85213a,,Air,GHG,Emission,,tCO2eq,2791.0,ON-MAIN-cb85213a,"Au, Underground mining and beneficiation at Eagle River",Au,2.7760508515306124,1.0,mining,1005.3850412938745,Au concentrate,concentrate_economic
ON-MAIN-cb85213a,,Air,Lead (and its compounds),Emission,,kg,0.05,ON-MAIN-cb85213a,"Au, Underground mining and beneficiation at Eagle River",Au,2.7760508515306124,1.0,mining,0.018011197443458877,Au concentrate,concentrate_economic
ON-MAIN-cb85213a,,Air,Mercury (and its compounds),Emission,,tonnes,0.0,ON-MAIN-cb85213a,"Au, Underground mining and beneficiation at Eagle River",Au,2.7760508515306124,1.0,mining,0.0,Au concentrate,concentrate_economic
ON-MAIN-cb85213a,,Air,NO2,Emission,,t,10.92,ON-MAIN-cb85213a,"Au, Underground mining and beneficiation at Eagle River",Au,2.7760508515306124,1.0,mining,3.9336455216514183,Au concentrate,concentrate_economic
ON-MAIN-cb85213a,,Air,SO2,Emission,,t,0.61,ON-MAIN-cb85213a,"Au, Underground mining and beneficiation at Eagle River",Au,2.7760508515306124,1.0,mining,0.21973660881019827,Au concentrate,concentrate_economic
ON-MAIN-cb85213a,,Air,Volatile Organic Compounds (Total),Emission,,tonnes,0.2,ON-MAIN-cb85213a,"Au, Underground mining and beneficiation at Eagle River",Au,2.7760508515306124,1.0,mining,0.07204478977383551,Au concentrate,concentrate_economic
QC-MAIN-02884fb5,,Water,Water,Discharged,,m3,6038800.0,QC-MAIN-02884fb5,"Au and Ag, Underground mining and beneficiation at Westwood-Doyon",Au,4.118166876530612,1.0,mining,1466380.5962830344,Au concentrate,concentrate_economic
QC-MAIN-02884fb5,,Water,Water,Consumption,,m3,-893699.9999999998,QC-MAIN-02884fb5,"Au and Ag, Underground mining and beneficiation at Westwood-Doyon",Au,4.118166876530612,1.0,mining,-217014.03240679397,Au concentrate,concentrate_economic
QC-MAIN-9de9bb0d,,Air,Carbon monoxide,Emission,,tonnes,21.85,QC-MAIN-9de9bb0d,"Au and Ag, Open-pit mining and beneficiation at Kiena",Au,1.2201776096938775,1.0,mining,17.90722910042728,Au concentrate,concentrate_economic
QC-MAIN-9de9bb0d,,Air,GHG,Emission,,tCO2eq,4109.0,QC-MAIN-9de9bb0d,"Au and Ag, Open-pit mining and beneficiation at Kiena",Au,1.2201776096938775,1.0,mining,3367.542534263418,Au concentrate,concentrate_economic
QC-MAIN-9de9bb0d,,Air,GHG,Emission,,tCO2eq,64.0,QC-MAIN-9de9bb0d,"Au and Ag, Open-pit mining and beneficiation at Kiena",Au,1.2201776096938775,1.0,mining,52.45138043145747,Au concentrate,concentrate_economic
QC-MAIN-9de9bb0d,,Air,Lead (and its compounds),Emission,,kg,0.00061,QC-MAIN-9de9bb0d,"Au and Ag, Open-pit mining and beneficiation at Kiena",Au,1.2201776096938775,1.0,mining,0.0004999272197373291,Au concentrate,concentrate_economic
QC-MAIN-9de9bb0d,,Air,Mercury (and its compounds),Emission,,tonnes,1.5e-07,QC-MAIN-9de9bb0d,"Au and Ag, Open-pit mining and beneficiation at Kiena",Au,1.2201776096938775,1.0,mining,1.2293292288622846e-07,Au concentrate,concentrate_economic
QC-MAIN-9de9bb0d,,Air,NO2,Emission,,t,1.47,QC-MAIN-9de9bb0d,"Au and Ag, Open-pit mining and beneficiation at Kiena",Au,1.2201776096938775,1.0,mining,1.2047426442850389,Au concentrate,concentrate_economic
QC-MAIN-9de9bb0d,,Air,SO2,Emission,,t,1.14,QC-MAIN-9de9bb0d,"Au and Ag, Open-pit mining and beneficiation at Kiena",Au,1.2201776096938775,1.0,mining,0.9342902139353362,Au concentrate,concentrate_economic
QC-MAIN-9de9bb0d,,Air,Volatile Organic Compounds (Total),Emission,,tonnes,0.99,QC-MAIN-9de9bb0d,"Au and Ag, Open-pit mining and beneficiation at Kiena",Au,1.2201776096938775,1.0,mining,0.8113572910491078,Au concentrate,concentrate_economic
QC-MAIN-02884fb5,,Water,Water,Withdrawal,,m3,5145100.0,QC-MAIN-02884fb5,"Au and Ag, Underground mining and beneficiation at Westwood-Doyon",Au,4.118166876530612,1.0,mining,1249366.5638762403,Au concentrate,concentrate_economic
ON-MAIN-7607a50e,,Water,Water,Withdrawal,,m3,2879300.0,ON-MAIN-7607a50e,"Au, Underground mining and beneficiation at Young-Davidson",Au,5.874752908163255,1.0,mining,490114.23033623636,Au concentrate,concentrate_economic
ON-MAIN-7607a50e,,Water,Water,Discharged,,m3,1088500.0,ON-MAIN-7607a50e,"Au, Underground mining and beneficiation at Young-Davidson",Au,5.874752908163255,1.0,mining,185284.38846976464,Au concentrate,concentrate_economic
ON-MAIN-7607a50e,,Water,Water,Consumption,,m3,1790810.0,ON-MAIN-7607a50e,"Au, Underground mining and beneficiation at Young-Davidson",Au,5.874752908163255,1.0,mining,304831.54406572273,Au concentrate,concentrate_economic
,GRP-0a2c0d69,Air,Nitrogen oxides (expressed as nitrogen dioxide),Emission,Fugitive Emissions,tonnes,0.12,GRP-0a2c0d69,"Au and Ag, Open-pit and underground mining at Meadowbank complex",Au,17.66760135719143,1.0,mining,0.006792093480825293,Au concentrate,concentrate_economic
,GRP-0a2c0d69,Air,Nitrogen oxides (expressed as nitrogen dioxide),Emission,Stack Emissions,tonnes,2137.153436,GRP-0a2c0d69,"Au and Ag, Open-pit and underground mining at Meadowbank complex",Au,17.66760135719143,1.0,mining,120.96454933482478,Au concentrate,concentrate_economic
,GRP-0a2c0d69,Air,Carbon monoxide,Emission,Fugitive Emissions,tonnes,388.343952,GRP-0a2c0d69,"Au and Ag, Open-pit and underground mining at Meadowbank complex",Au,17.66760135719143,1.0,mining,21.98057020580942,Au concentrate,concentrate_economic
,GRP-0a2c0d69,Air,Carbon monoxide,Emission,Stack Emissions,tonnes,565.29706,GRP-0a2c0d69,"Au and Ag, Open-pit and underground mining at Meadowbank complex",Au,17.66760135719143,1.0,mining,31.996253966297534,Au concentrate,concentrate_economic
,GRP-0a2c0d69,Air,Hydrogen sulphide,Emission,Fugitive Emissions,tonnes,193.916976,GRP-0a2c0d69,"Au and Ag, Open-pit and underground mining at Meadowbank complex",Au,17.66760135719143,1.0,mining,10.975851904257956,Au concentrate,concentrate_economic
,GRP-0a2c0d69,Air,Antimony (and its compounds),Emission,Fugitive Emissions,tonnes,0.00014,GRP-0a2c0d69,"Au and Ag, Open-pit and underground mining at Meadowbank complex",Au,17.66760135719143,1.0,mining,7.92410906096284e-06,Au concentrate,concentrate_economic
,GRP-0a2c0d69,Air,Arsenic (and its compounds),Emission,Fugitive Emissions,kg,37.416019,GRP-0a2c0d69,"Au and Ag, Open-pit and underground mining at Meadowbank complex",Au,17.66760135719143,1.0,mining,2.117775822736127,Au concentrate,concentrate_economic
,GRP-0a2c0d69,Air,Arsenic (and its compounds),Emission,Stack Emissions,kg,4.104485,GRP-0a2c0d69,"Au and Ag, Open-pit and underground mining at Meadowbank complex",Au,17.66760135719143,1.0,mining,0.23231704842204337,Au concentrate,concentrate_economic
,GRP-0a2c0d69,Air,Cadmium (and its compounds),Emission,Fugitive Emissions,kg,0.009691,GRP-0a2c0d69,"Au and Ag, Open-pit and underground mining at Meadowbank complex",Au,17.66760135719143,1.0,mining,0.0005485181493556493,Au concentrate,concentrate_economic
,GRP-0a2c0d69,Air,Cadmium (and its compounds),Emission,Stack Emissions,kg,0.420661,GRP-0a2c0d69,"Au and Ag, Open-pit and underground mining at Meadowbank complex",Au,17.66760135719143,1.0,mining,0.02380974029781207,Au concentrate,concentrate_economic
,GRP-0a2c0d69,Air,Chromium (and its compounds),Emission,Fugitive Emissions,tonnes,0.020422,GRP-0a2c0d69,"Au and Ag, Open-pit and underground mining at Meadowbank complex",Au,17.66760135719143,1.0,mining,0.001155901108878451,Au concentrate,concentrate_economic
,GRP-0a2c0d69,Air,Chromium (and its compounds),Emission,Other,tonnes,0.000269,GRP-0a2c0d69,"Au and Ag, Open-pit and underground mining at Meadowbank complex",Au,17.66760135719143,1.0,mining,1.522560955285003e-05,Au concentrate,concentrate_economic
,GRP-0a2c0d69,Air,Chromium (and its compounds),Emission,Stack Emissions,tonnes,0.000809,GRP-0a2c0d69,"Au and Ag, Open-pit and underground mining at Meadowbank complex",Au,17.66760135719143,1.0,mining,4.579003021656385e-05,Au concentrate,concentrate_economic
,GRP-0a2c0d69,Air,Cobalt (and its compounds),Emission,Fugitive Emissions,kg,2.279924,GRP-0a2c0d69,"Au and Ag, Open-pit and underground mining at Meadowbank complex",Au,17.66760135719143,1.0,mining,0.12904547447647602,Au concentrate,concentrate_economic
,GRP-0a2c0d69,Air,Cobalt (and its compounds),Emission,Other,kg,2e-06,GRP-0a2c0d69,"Au and Ag, Open-pit and underground mining at Meadowbank complex",Au,17.66760135719143,1.0,mining,1.1320155801375487e-07,Au concentrate,concentrate_economic
,GRP-0a2c0d69,Air,Cobalt (and its compounds),Emission,Stack Emissions,kg,0.007625,GRP-0a2c0d69,"Au and Ag, Open-pit and underground mining at Meadowbank complex",Au,17.66760135719143,1.0,mining,0.00043158093992744044,Au concentrate,concentrate_economic
,GRP-0a2c0d69,Air,Copper (and its compounds),Emission,Fugitive Emissions,tonnes,0.002371,GRP-0a2c0d69,"Au and Ag, Open-pit and underground mining at Meadowbank complex",Au,17.66760135719143,1.0,mining,0.0001342004470253064,Au concentrate,concentrate_economic
,GRP-0a2c0d69,Air,Copper (and its compounds),Emission,Other,tonnes,0.000156,GRP-0a2c0d69,"Au and Ag, Open-pit and underground mining at Meadowbank complex",Au,17.66760135719143,1.0,mining,8.82972152507288e-06,Au concentrate,concentrate_economic
,GRP-0a2c0d69,Air,Copper (and its compounds),Emission,Stack Emissions,tonnes,0.000166,GRP-0a2c0d69,"Au and Ag, Open-pit and underground mining at Meadowbank complex",Au,17.66760135719143,1.0,mining,9.395729315141654e-06,Au concentrate,concentrate_economic
,GRP-0a2c0d69,Air,Cyanides (ionic),Emission,Fugitive Emissions,tonnes,11.136658,GRP-0a2c0d69,"Au and Ag, Open-pit and underground mining at Meadowbank complex",Au,17.66760135719143,1.0,mining,0.6303435183331737,Au concentrate,concentrate_economic
,GRP-0a2c0d69,Air,Lead (and its compounds),Emission,Fugitive Emissions,kg,0.614669,GRP-0a2c0d69,"Au and Ag, Open-pit and underground mining at Meadowbank complex",Au,17.66760135719143,1.0,mining,0.03479074423137835,Au concentrate,concentrate_economic
,GRP-0a2c0d69,Air,Lead (and its compounds),Emission,Other,kg,8e-06,GRP-0a2c0d69,"Au and Ag, Open-pit and underground mining at Meadowbank complex",Au,17.66760135719143,1.0,mining,4.528062320550195e-07,Au concentrate,concentrate_economic
,GRP-0a2c0d69,Air,Lead (and its compounds),Emission,Stack Emissions,kg,0.806544,GRP-0a2c0d69,"Au and Ag, Open-pit and underground mining at Meadowbank complex",Au,17.66760135719143,1.0,mining,0.04565101870332296,Au concentrate,concentrate_economic
,GRP-0a2c0d69,Air,Manganese (and its compounds),Emission,Fugitive Emissions,tonnes,0.103022,GRP-0a2c0d69,"Au and Ag, Open-pit and underground mining at Meadowbank complex",Au,17.66760135719143,1.0,mining,0.005831125454846527,Au concentrate,concentrate_economic
,GRP-0a2c0d69,Air,Manganese (and its compounds),Emission,Other,tonnes,0.00477,GRP-0a2c0d69,"Au and Ag, Open-pit and underground mining at Meadowbank complex",Au,17.66760135719143,1.0,mining,0.0002699857158628054,Au concentrate,concentrate_economic
,GRP-0a2c0d69,Air,Manganese (and its compounds),Emission,Stack Emissions,tonnes,0.002635,GRP-0a2c0d69,"Au and Ag, Open-pit and underground mining at Meadowbank complex",Au,17.66760135719143,1.0,mining,0.00014914305268312207,Au concentrate,concentrate_economic
,GRP-0a2c0d69,Air,Nickel (and its compounds),Emission,Fugitive Emissions,tonnes,0.022244,GRP-0a2c0d69,"Au and Ag, Open-pit and underground mining at Meadowbank complex",Au,17.66760135719143,1.0,mining,0.0012590277282289817,Au concentrate,concentrate_economic
,GRP-0a2c0d69,Air,Nickel (and its compounds),Emission,Other,tonnes,0.000317,GRP-0a2c0d69,"Au and Ag, Open-pit and underground mining at Meadowbank complex",Au,17.66760135719143,1.0,mining,1.7942446945180148e-05,Au concentrate,concentrate_economic
,GRP-0a2c0d69,Air,Nickel (and its compounds),Emission,Stack Emissions,tonnes,0.000482,GRP-0a2c0d69,"Au and Ag, Open-pit and underground mining at Meadowbank complex",Au,17.66760135719143,1.0,mining,2.7281575481314927e-05,Au concentrate,concentrate_economic
,GRP-0a2c0d69,Air,Selenium (and its compounds),Emission,Fugitive Emissions,kg,0.027072,GRP-0a2c0d69,"Au and Ag, Open-pit and underground mining at Meadowbank complex",Au,17.66760135719143,1.0,mining,0.001532296289274186,Au concentrate,concentrate_economic
,GRP-0a2c0d69,Air,Selenium (and its compounds),Emission,Stack Emissions,kg,0.415012,GRP-0a2c0d69,"Au and Ag, Open-pit and underground mining at Meadowbank complex",Au,17.66760135719143,1.0,mining,0.02349000249720222,Au concentrate,concentrate_economic
,GRP-0a2c0d69,Air,Zinc (and its compounds),Emission,Fugitive Emissions,tonnes,0.004424,GRP-0a2c0d69,"Au and Ag, Open-pit and underground mining at Meadowbank complex",Au,17.66760135719143,1.0,mining,0.0002504018463264258,Au concentrate,concentrate_economic
,GRP-0a2c0d69,Air,Zinc (and its compounds),Emission,Other,tonnes,0.006086,GRP-0a2c0d69,"Au and Ag, Open-pit and underground mining at Meadowbank complex",Au,17.66760135719143,1.0,mining,0.0003444723410358561,Au concentrate,concentrate_economic
,GRP-0a2c0d69,Air,Zinc (and its compounds),Emission,Stack Emissions,tonnes,0.000111,GRP-0a2c0d69,"Au and Ag, Open-pit and underground mining at Meadowbank complex",Au,17.66760135719143,1.0,mining,6.282686469763396e-06,Au concentrate,concentrate_economic
,GRP-0a2c0d69,Air,Phosphorus (total),Emission,Fugitive Emissions,tonnes,0.030685,GRP-0a2c0d69,"Au and Ag, Open-pit and underground mining at Meadowbank complex",Au,17.66760135719143,1.0,mining,0.0017367949038260343,Au concentrate,concentrate_economic
,GRP-0a2c0d69,Air,Thallium (and its compounds),Emission,Fugitive Emissions,kg,0.019203,GRP-0a2c0d69,"Au and Ag, Open-pit and underground mining at Meadowbank complex",Au,17.66760135719143,1.0,mining,0.0010869047592690674,Au concentrate,concentrate_economic
,GRP-0a2c0d69,Air,Vanadium (and its compounds),Emission,Fugitive Emissions,tonnes,0.005977,GRP-0a2c0d69,"Au and Ag, Open-pit and underground mining at Meadowbank complex",Au,17.66760135719143,1.0,mining,0.0003383028561241064,Au concentrate,concentrate_economic
,GRP-0a2c0d69,Air,GHG,Emission,Unspecified,tCO2eq,253810.0,GRP-0a2c0d69,"Au and Ag, Open-pit and underground mining at Meadowbank complex",Au,17.66760135719143,1.0,mining,14365.843719735563,Au concentrate,concentrate_economic
,GRP-0a2c0d69,Air,Total particulate matter,Emission,Fugitive Emissions,tonnes,200.42791,GRP-0a2c0d69,"Au and Ag, Open-pit and underground mining at Meadowbank complex",Au,17.66760135719143,1.0,mining,11.34437584072032,Au concentrate,concentrate_economic
,GRP-0a2c0d69,Air,Total particulate matter,Emission,Other,tonnes,0.082589,GRP-0a2c0d69,"Au and Ag, Open-pit and underground mining at Meadowbank complex",Au,17.66760135719143,1.0,mining,0.004674601737399001,Au concentrate,concentrate_economic
,GRP-0a2c0d69,Air,Total particulate matter,Emission,Stack Emissions,tonnes,45.905494,GRP-0a2c0d69,"Au and Ag, Open-pit and underground mining at Meadowbank complex",Au,17.66760135719143,1.0,mining,2.598286721095538,Au concentrate,concentrate_economic
,GRP-0a2c0d69,Air,PM10 - Particulate Matter <= 10 Micrometers,Emission,Fugitive Emissions,tonnes,99.937265,GRP-0a2c0d69,"Au and Ag, Open-pit and underground mining at Meadowbank complex",Au,17.66760135719143,1.0,mining,5.656527050816747,Au concentrate,concentrate_economic
,GRP-0a2c0d69,Air,PM10 - Particulate Matter <= 10 Micrometers,Emission,Other,tonnes,0.082589,GRP-0a2c0d69,"Au and Ag, Open-pit and underground mining at Meadowbank complex",Au,17.66760135719143,1.0,mining,0.004674601737399001,Au concentrate,concentrate_economic
,GRP-0a2c0d69,Air,PM10 - Particulate Matter <= 10 Micrometers,Emission,Stack Emissions,tonnes,37.240894,GRP-0a2c0d69,"Au and Ag, Open-pit and underground mining at Meadowbank complex",Au,17.66760135719143,1.0,mining,2.1078636113125477,Au concentrate,concentrate_economic
,GRP-0a2c0d69,Air,PM2.5 - Particulate Matter <= 2.5 Micrometers,Emission,Fugitive Emissions,tonnes,41.623072,GRP-0a2c0d69,"Au and Ag, Open-pit and underground mining at Meadowbank complex",Au,17.66760135719143,1.0,mining,2.3558982998593483,Au concentrate,concentrate_economic
,GRP-0a2c0d69,Air,PM2.5 - Particulate Matter <= 2.5 Micrometers,Emission,Other,tonnes,0.061942,GRP-0a2c0d69,"Au and Ag, Open-pit and underground mining at Meadowbank complex",Au,17.66760135719143,1.0,mining,0.003505965453244002,Au concentrate,concentrate_economic
,GRP-0a2c0d69,Air,PM2.5 - Particulate Matter <= 2.5 Micrometers,Emission,Stack Emissions,tonnes,35.679527,GRP-0a2c0d69,"Au and Ag, Open-pit and underground mining at Meadowbank complex",Au,17.66760135719143,1.0,mining,2.019489022796917,Au concentrate,concentrate_economic
,GRP-0a2c0d69,Air,Total reduced sulphur (expressed as hydrogen sulphide),Emission,Fugitive Emissions,tonnes,193.916976,GRP-0a2c0d69,"Au and Ag, Open-pit and underground mining at Meadowbank complex",Au,17.66760135719143,1.0,mining,10.975851904257956,Au concentrate,concentrate_economic
,GRP-0a2c0d69,Air,Volatile Organic Compounds (Total),Emission,Stack Emissions,tonnes,57.203572,GRP-0a2c0d69,"Au and Ag, Open-pit and underground mining at Meadowbank complex",Au,17.66760135719143,1.0,mining,3.237766737176002,Au concentrate,concentrate_economic
,GRP-0a2c0d69,Air,NOx,Emission,,tonnes,6726.0,GRP-0a2c0d69,"Au and Ag, Open-pit and underground mining at Meadowbank complex",Au,17.66760135719143,1.0,mining,380.69683960025765,Au concentrate,concentrate_economic
,GRP-0a2c0d69,Air,SOx,Emission,,tonnes,442.0,GRP-0a2c0d69,"Au and Ag, Open-pit and underground mining at Meadowbank complex",Au,17.66760135719143,1.0,mining,25.01754432103983,Au concentrate,concentrate_economic
,GRP-0a2c0d69,Land,Ethylene glycol,Emission,Spills,tonnes,0.6204,GRP-0a2c0d69,"Au and Ag, Open-pit and underground mining at Meadowbank complex",Au,17.66760135719143,1.0,mining,0.03511512329586676,Au concentrate,concentrate_economic
,GRP-0a2c0d69,Land,,Occupation and transformation,,ha,7191.02,GRP-0a2c0d69,"Au and Ag, Open-pit and underground mining at Meadowbank complex",Au,17.66760135719143,1.0,mining,407.0173338540358,Au concentrate,concentrate_economic
,GRP-0a2c0d69,Water,Water,Consumption,,m3,1400259.0,GRP-0a2c0d69,"Au and Ag, Open-pit and underground mining at Meadowbank complex",Au,17.66760135719143,1.0,mining,79255.75021139119,Au concentrate,concentrate_economic
,GRP-0a2c0d69,Water,Water,Discharged,,m3,1993390.0,GRP-0a2c0d69,"Au and Ag, Open-pit and underground mining at Meadowbank complex",Au,17.66760135719143,1.0,mining,112827.42686451941,Au concentrate,concentrate_economic
,GRP-0a2c0d69,Water,Water,Withdrawal,,m3,1937578.0,GRP-0a2c0d69,"Au and Ag, Open-pit and underground mining at Meadowbank complex",Au,17.66760135719143,1.0,mining,109668.42418658757,Au concentrate,concentrate_economic
,GRP-0a2c0d69,Water,Antimony (and its compounds),Emission,Direct Discharge,tonnes,0.005733,GRP-0a2c0d69,"Au and Ag, Open-pit and underground mining at Meadowbank complex",Au,17.66760135719143,1.0,mining,0.0003244922660464284,Au concentrate,concentrate_economic
,GRP-0a2c0d69,Water,Antimony (and its compounds),Emission,Waterbody,tonnes,0.0,GRP-0a2c0d69,"Au and Ag, Open-pit and underground mining at Meadowbank complex",Au,17.66760135719143,1.0,mining,0.0,Au concentrate,concentrate_economic
,GRP-0a2c0d69,Water,Arsenic (and its compounds),Emission,Direct Discharge,kg,9.469933,GRP-0a2c0d69,"Au and Ag, Open-pit and underground mining at Meadowbank complex",Au,17.66760135719143,1.0,mining,0.5360055849429358,Au concentrate,concentrate_economic
,GRP-0a2c0d69,Water,Arsenic (and its compounds),Emission,Waterbody,kg,0.0,GRP-0a2c0d69,"Au and Ag, Open-pit and underground mining at Meadowbank complex",Au,17.66760135719143,1.0,mining,0.0,Au concentrate,concentrate_economic
,GRP-0a2c0d69,Water,Cadmium (and its compounds),Emission,Direct Discharge,kg,0.020111,GRP-0a2c0d69,"Au and Ag, Open-pit and underground mining at Meadowbank complex",Au,17.66760135719143,1.0,mining,0.0011382982666073122,Au concentrate,concentrate_economic
,GRP-0a2c0d69,Water,Cadmium (and its compounds),Emission,Waterbody,kg,0.0,GRP-0a2c0d69,"Au and Ag, Open-pit and underground mining at Meadowbank complex",Au,17.66760135719143,1.0,mining,0.0,Au concentrate,concentrate_economic
,GRP-0a2c0d69,Water,Chromium (and its compounds),Emission,Direct Discharge,tonnes,0.001816,GRP-0a2c0d69,"Au and Ag, Open-pit and underground mining at Meadowbank complex",Au,17.66760135719143,1.0,mining,0.00010278701467648942,Au concentrate,concentrate_economic
,GRP-0a2c0d69,Water,Chromium (and its compounds),Emission,Waterbody,tonnes,0.0,GRP-0a2c0d69,"Au and Ag, Open-pit and underground mining at Meadowbank complex",Au,17.66760135719143,1.0,mining,0.0,Au concentrate,concentrate_economic
,GRP-0a2c0d69,Water,Cobalt (and its compounds),Emission,Direct Discharge,kg,1.950833,GRP-0a2c0d69,"Au and Ag, Open-pit and underground mining at Meadowbank complex",Au,17.66760135719143,1.0,mining,0.11041866751232374,Au concentrate,concentrate_economic
,GRP-0a2c0d69,Water,Cobalt (and its compounds),Emission,Waterbody,kg,0.0,GRP-0a2c0d69,"Au and Ag, Open-pit and underground mining at Meadowbank complex",Au,17.66760135719143,1.0,mining,0.0,Au concentrate,concentrate_economic
,GRP-0a2c0d69,Water,Copper (and its compounds),Emission,Direct Discharge,tonnes,0.002213,GRP-0a2c0d69,"Au and Ag, Open-pit and underground mining at Meadowbank complex",Au,17.66760135719143,1.0,mining,0.00012525752394221978,Au concentrate,concentrate_economic
,GRP-0a2c0d69,Water,Copper (and its compounds),Emission,Waterbody,tonnes,0.0,GRP-0a2c0d69,"Au and Ag, Open-pit and underground mining at Meadowbank complex",Au,17.66760135719143,1.0,mining,0.0,Au concentrate,concentrate_economic
,GRP-0a2c0d69,Water,Cyanides (ionic),Emission,Direct Discharge,tonnes,0.027004,GRP-0a2c0d69,"Au and Ag, Open-pit and underground mining at Meadowbank complex",Au,17.66760135719143,1.0,mining,0.0015284474363017183,Au concentrate,concentrate_economic
,GRP-0a2c0d69,Water,Cyanides (ionic),Emission,Waterbody,tonnes,0.0,GRP-0a2c0d69,"Au and Ag, Open-pit and underground mining at Meadowbank complex",Au,17.66760135719143,1.0,mining,0.0,Au concentrate,concentrate_economic
,GRP-0a2c0d69,Water,Lead (and its compounds),Emission,Direct Discharge,kg,0.19403,GRP-0a2c0d69,"Au and Ag, Open-pit and underground mining at Meadowbank complex",Au,17.66760135719143,1.0,mining,0.01098224915070443,Au concentrate,concentrate_economic
,GRP-0a2c0d69,Water,Lead (and its compounds),Emission,Waterbody,kg,0.0,GRP-0a2c0d69,"Au and Ag, Open-pit and underground mining at Meadowbank complex",Au,17.66760135719143,1.0,mining,0.0,Au concentrate,concentrate_economic
,GRP-0a2c0d69,Water,Manganese (and its compounds),Emission,Direct Discharge,tonnes,0.422174,GRP-0a2c0d69,"Au and Ag, Open-pit and underground mining at Meadowbank complex",Au,17.66760135719143,1.0,mining,0.023895377276449477,Au concentrate,concentrate_economic
,GRP-0a2c0d69,Water,Manganese (and its compounds),Emission,Waterbody,tonnes,0.0,GRP-0a2c0d69,"Au and Ag, Open-pit and underground mining at Meadowbank complex",Au,17.66760135719143,1.0,mining,0.0,Au concentrate,concentrate_economic
,GRP-0a2c0d69,Water,Nickel (and its compounds),Emission,Direct Discharge,tonnes,0.022557,GRP-0a2c0d69,"Au and Ag, Open-pit and underground mining at Meadowbank complex",Au,17.66760135719143,1.0,mining,0.0012767437720581343,Au concentrate,concentrate_economic
,GRP-0a2c0d69,Water,Nickel (and its compounds),Emission,Waterbody,tonnes,0.0,GRP-0a2c0d69,"Au and Ag, Open-pit and underground mining at Meadowbank complex",Au,17.66760135719143,1.0,mining,0.0,Au concentrate,concentrate_economic
,GRP-0a2c0d69,Water,Selenium (and its compounds),Emission,Direct Discharge,kg,0.299828,GRP-0a2c0d69,"Au and Ag, Open-pit and underground mining at Meadowbank complex",Au,17.66760135719143,1.0,mining,0.016970498368074047,Au concentrate,concentrate_economic
,GRP-0a2c0d69,Water,Selenium (and its compounds),Emission,Waterbody,kg,0.0,GRP-0a2c0d69,"Au and Ag, Open-pit and underground mining at Meadowbank complex",Au,17.66760135719143,1.0,mining,0.0,Au concentrate,concentrate_economic
,GRP-0a2c0d69,Water,Zinc (and its compounds),Emission,Direct Discharge,tonnes,0.013241,GRP-0a2c0d69,"Au and Ag, Open-pit and underground mining at Meadowbank complex",Au,17.66760135719143,1.0,mining,0.0007494509148300642,Au concentrate,concentrate_economic
,GRP-0a2c0d69,Water,Zinc (and its compounds),Emission,Waterbody,tonnes,0.0,GRP-0a2c0d69,"Au and Ag, Open-pit and underground mining at Meadowbank complex",Au,17.66760135719143,1.0,mining,0.0,Au concentrate,concentrate_economic
,GRP-0a2c0d69,Water,Phosphorus (total),Emission,Direct Discharge,tonnes,0.002241,GRP-0a2c0d69,"Au and Ag, Open-pit and underground mining at Meadowbank complex",Au,17.66760135719143,1.0,mining,0.00012684234575441233,Au concentrate,concentrate_economic
,GRP-0a2c0d69,Water,Phosphorus (total),Emission,Waterbody,tonnes,0.0,GRP-0a2c0d69,"Au and Ag, Open-pit and underground mining at Meadowbank complex",Au,17.66760135719143,1.0,mining,0.0,Au concentrate,concentrate_economic
,GRP-0a2c0d69,Water,Thallium (and its compounds),Emission,Direct Discharge,kg,0.029394,GRP-0a2c0d69,"Au and Ag, Open-pit and underground mining at Meadowbank complex",Au,17.66760135719143,1.0,mining,0.0016637232981281554,Au concentrate,concentrate_economic
,GRP-0a2c0d69,Water,Thallium (and its compounds),Emission,Waterbody,kg,0.0,GRP-0a2c0d69,"Au and Ag, Open-pit and underground mining at Meadowbank complex",Au,17.66760135719143,1.0,mining,0.0,Au concentrate,concentrate_economic
,GRP-0d911886,Air,Carbon monoxide,Emission,,tonnes,58.1,GRP-0d911886,"Au, Open-pit and underground mining at Porcupine complex",Au,8.251948979591836,1.0,mining,7.040760933409672,Au concentrate,concentrate_economic
,GRP-0d911886,Air,Hydrochloric acid,Emission,Stack Emissions,tonnes,0.004109,GRP-0d911886,"Au, Open-pit and underground mining at Porcupine complex",Au,8.251948979591836,1.0,mining,0.0004979429720375273,Au concentrate,concentrate_economic
,GRP-0d911886,Air,Arsenic (and its compounds),Emission,Fugitive Emissions,kg,0.059145,GRP-0d911886,"Au, Open-pit and underground mining at Porcupine complex",Au,8.251948979591836,1.0,mining,0.007167397683416782,Au concentrate,concentrate_economic
,GRP-0d911886,Air,Arsenic (and its compounds),Emission,Stack Emissions,kg,0.093748,GRP-0d911886,"Au, Open-pit and underground mining at Porcupine complex",Au,8.251948979591836,1.0,mining,0.011360710085805333,Au concentrate,concentrate_economic
,GRP-0d911886,Air,Arsenic (and its compounds),Emission,,kg,30.0,GRP-0d911886,"Au, Open-pit and underground mining at Porcupine complex",Au,8.251948979591836,1.0,mining,3.6355047848931177,Au concentrate,concentrate_economic
,GRP-0d911886,Air,Cadmium (and its compounds),Emission,Fugitive Emissions,kg,0.00165,GRP-0d911886,"Au, Open-pit and underground mining at Porcupine complex",Au,8.251948979591836,1.0,mining,0.00019995276316912147,Au concentrate,concentrate_economic
,GRP-0d911886,Air,Cadmium (and its compounds),Emission,Stack Emissions,kg,0.018764,GRP-0d911886,"Au, Open-pit and underground mining at Porcupine complex",Au,8.251948979591836,1.0,mining,0.0022738870594578155,Au concentrate,concentrate_economic
,GRP-0d911886,Air,Chromium (and its compounds),Emission,Fugitive Emissions,tonnes,0.000399,GRP-0d911886,"Au, Open-pit and underground mining at Porcupine complex",Au,8.251948979591836,1.0,mining,4.835221363907847e-05,Au concentrate,concentrate_economic
,GRP-0d911886,Air,Chromium (and its compounds),Emission,Stack Emissions,tonnes,0.000618,GRP-0d911886,"Au, Open-pit and underground mining at Porcupine complex",Au,8.251948979591836,1.0,mining,7.489139856879822e-05,Au concentrate,concentrate_economic
,GRP-0d911886,Air,Cobalt (and its compounds),Emission,Fugitive Emissions,kg,0.21069,GRP-0d911886,"Au, Open-pit and underground mining at Porcupine complex",Au,8.251948979591836,1.0,mining,0.025532150104304364,Au concentrate,concentrate_economic
,GRP-0d911886,Air,Cobalt (and its compounds),Emission,Stack Emissions,kg,0.320211,GRP-0d911886,"Au, Open-pit and underground mining at Porcupine complex",Au,8.251948979591836,1.0,mining,0.03880428742251368,Au concentrate,concentrate_economic
,GRP-0d911886,Air,Copper (and its compounds),Emission,Fugitive Emissions,tonnes,0.000431,GRP-0d911886,"Au, Open-pit and underground mining at Porcupine complex",Au,8.251948979591836,1.0,mining,5.223008540963113e-05,Au concentrate,concentrate_economic
,GRP-0d911886,Air,Copper (and its compounds),Emission,Stack Emissions,tonnes,0.000658,GRP-0d911886,"Au, Open-pit and underground mining at Porcupine complex",Au,8.251948979591836,1.0,mining,7.973873828198904e-05,Au concentrate,concentrate_economic
,GRP-0d911886,Air,Lead (and its compounds),Emission,Fugitive Emissions,kg,0.064905,GRP-0d911886,"Au, Open-pit and underground mining at Porcupine complex",Au,8.251948979591836,1.0,mining,0.00786541460211626,Au concentrate,concentrate_economic
,GRP-0d911886,Air,Lead (and its compounds),Emission,Stack Emissions,kg,0.103103,GRP-0d911886,"Au, Open-pit and underground mining at Porcupine complex",Au,8.251948979591836,1.0,mining,0.012494381661227837,Au concentrate,concentrate_economic
,GRP-0d911886,Air,Lead (and its compounds),Emission,,kg,60.0,GRP-0d911886,"Au, Open-pit and underground mining at Porcupine complex",Au,8.251948979591836,1.0,mining,7.271009569786235,Au concentrate,concentrate_economic
,GRP-0d911886,Air,Manganese (and its compounds),Emission,Fugitive Emissions,tonnes,0.005024,GRP-0d911886,"Au, Open-pit and underground mining at Porcupine complex",Au,8.251948979591836,1.0,mining,0.0006088258679767674,Au concentrate,concentrate_economic
,GRP-0d911886,Air,Manganese (and its compounds),Emission,Stack Emissions,tonnes,0.00753,GRP-0d911886,"Au, Open-pit and underground mining at Porcupine complex",Au,8.251948979591836,1.0,mining,0.0009125117010081726,Au concentrate,concentrate_economic
,GRP-0d911886,Air,Mercury (and its compounds),Emission,,tonnes,0.09,GRP-0d911886,"Au, Open-pit and underground mining at Porcupine complex",Au,8.251948979591836,1.0,mining,0.010906514354679353,Au concentrate,concentrate_economic
,GRP-0d911886,Air,Nickel (and its compounds),Emission,Fugitive Emissions,tonnes,0.000234,GRP-0d911886,"Au, Open-pit and underground mining at Porcupine complex",Au,8.251948979591836,1.0,mining,2.835693732216632e-05,Au concentrate,concentrate_economic
,GRP-0d911886,Air,Nickel (and its compounds),Emission,Stack Emissions,tonnes,0.000382,GRP-0d911886,"Au, Open-pit and underground mining at Porcupine complex",Au,8.251948979591836,1.0,mining,4.629209426097237e-05,Au concentrate,concentrate_economic
,GRP-0d911886,Air,Zinc (and its compounds),Emission,Fugitive Emissions,tonnes,0.000789,GRP-0d911886,"Au, Open-pit and underground mining at Porcupine complex",Au,8.251948979591836,1.0,mining,9.5613775842689e-05,Au concentrate,concentrate_economic
,GRP-0d911886,Air,Zinc (and its compounds),Emission,Stack Emissions,tonnes,0.001611,GRP-0d911886,"Au, Open-pit and underground mining at Porcupine complex",Au,8.251948979591836,1.0,mining,0.00019522660694876043,Au concentrate,concentrate_economic
,GRP-0d911886,Air,Thallium (and its compounds),Emission,Fugitive Emissions,kg,0.008506,GRP-0d911886,"Au, Open-pit and underground mining at Porcupine complex",Au,8.251948979591836,1.0,mining,0.0010307867900100286,Au concentrate,concentrate_economic
,GRP-0d911886,Air,Thallium (and its compounds),Emission,Stack Emissions,kg,0.012513,GRP-0d911886,"Au, Open-pit and underground mining at Porcupine complex",Au,8.251948979591836,1.0,mining,0.0015163690457789193,Au concentrate,concentrate_economic
,GRP-0d911886,Air,Vanadium (and its compounds),Emission,Fugitive Emissions,tonnes,0.000458,GRP-0d911886,"Au, Open-pit and underground mining at Porcupine complex",Au,8.251948979591836,1.0,mining,5.5502039716034936e-05,Au concentrate,concentrate_economic
,GRP-0d911886,Air,Vanadium (and its compounds),Emission,Stack Emissions,tonnes,0.00072,GRP-0d911886,"Au, Open-pit and underground mining at Porcupine complex",Au,8.251948979591836,1.0,mining,8.725211483743483e-05,Au concentrate,concentrate_economic
,GRP-0d911886,Air,GHG,Emission,,tCO2eq,175679.6003086601,GRP-0d911886,"Au, Open-pit and underground mining at Porcupine complex",Au,8.251948979591836,1.0,mining,21289.467584341473,Au concentrate,concentrate_economic
,GRP-0d911886,Air,Total particulate matter,Emission,Fugitive Emissions,tonnes,8.342477,GRP-0d911886,"Au, Open-pit and underground mining at Porcupine complex",Au,8.251948979591836,1.0,mining,1.010970501712026,Au concentrate,concentrate_economic
,GRP-0d911886,Air,Total particulate matter,Emission,Stack Emissions,tonnes,12.296195,GRP-0d911886,"Au, Open-pit and underground mining at Porcupine complex",Au,8.251948979591836,1.0,mining,1.4900958586159612,Au concentrate,concentrate_economic
,GRP-0d911886,Air,PM10 - Particulate Matter <= 10 Micrometers,Emission,Fugitive Emissions,tonnes,1.772417,GRP-0d911886,"Au, Open-pit and underground mining at Porcupine complex",Au,8.251948979591836,1.0,mining,0.2147876828108635,Au concentrate,concentrate_economic
,GRP-0d911886,Air,PM10 - Particulate Matter <= 10 Micrometers,Emission,Stack Emissions,tonnes,6.407605,GRP-0d911886,"Au, Open-pit and underground mining at Porcupine complex",Au,8.251948979591836,1.0,mining,0.7764959545735023,Au concentrate,concentrate_economic
,GRP-0d911886,Air,PM10 - Particulate Matter <= 10 Micrometers,Emission,,tonnes,25.99,GRP-0d911886,"Au, Open-pit and underground mining at Porcupine complex",Au,8.251948979591836,1.0,mining,3.1495589786457376,Au concentrate,concentrate_economic
,GRP-0d911886,Air,PM2.5 - Particulate Matter <= 2.5 Micrometers,Emission,Fugitive Emissions,tonnes,0.855209,GRP-0d911886,"Au, Open-pit and underground mining at Porcupine complex",Au,8.251948979591836,1.0,mining,0.10363721371945528,Au concentrate,concentrate_economic
,GRP-0d911886,Air,PM2.5 - Particulate Matter <= 2.5 Micrometers,Emission,Stack Emissions,tonnes,6.389031,GRP-0d911886,"Au, Open-pit and underground mining at Porcupine complex",Au,8.251948979591836,1.0,mining,0.774245092377682,Au concentrate,concentrate_economic
,GRP-0d911886,Air,PM2.5 - Particulate Matter <= 2.5 Micrometers,Emission,,tonnes,13.74,GRP-0d911886,"Au, Open-pit and underground mining at Porcupine complex",Au,8.251948979591836,1.0,mining,1.665061191481048,Au concentrate,concentrate_economic
,GRP-0d911886,Air,NOx,Emission,,tonnes,113.09,GRP-0d911886,"Au, Open-pit and underground mining at Porcupine complex",Au,8.251948979591836,1.0,mining,13.704641204118756,Au concentrate,concentrate_economic
,GRP-0d911886,Air,SOx,Emission,,tonnes,0.44,GRP-0d911886,"Au, Open-pit and underground mining at Porcupine complex",Au,8.251948979591836,1.0,mining,0.05332073684509906,Au concentrate,concentrate_economic
,GRP-0d911886,Land,,Occupation and transformation,,ha,2784.23,GRP-0d911886,"Au, Open-pit and underground mining at Porcupine complex",Au,8.251948979591836,1.0,mining,337.4027162414322,Au concentrate,concentrate_economic
,GRP-0d911886,Water,Water,Consumption,,m3,4907818.672999999,GRP-0d911886,"Au, Open-pit and underground mining at Porcupine complex",Au,8.251948979591836,1.0,mining,594746.6089693096,Au concentrate,concentrate_economic
,GRP-0d911886,Water,Water,Discharged,,m3,9170580.9,GRP-0d911886,"Au, Open-pit and underground mining at Porcupine complex",Au,8.251948979591836,1.0,mining,1111323.0247399812,Au concentrate,concentrate_economic
,GRP-0d911886,Water,Water,Withdrawal,,m3,5314082.972999999,GRP-0d911886,"Au, Open-pit and underground mining at Porcupine complex",Au,8.251948979591836,1.0,mining,643979.1358553515,Au concentrate,concentrate_economic
,GRP-0d911886,Water,Arsenic (and its compounds),Emission,Direct Discharge,kg,0.303758,GRP-0d911886,"Au, Open-pit and underground mining at Porcupine complex",Au,8.251948979591836,1.0,mining,0.036810455414985455,Au concentrate,concentrate_economic
,GRP-0d911886,Water,Arsenic (and its compounds),Emission,Waterbody,kg,0.0,GRP-0d911886,"Au, Open-pit and underground mining at Porcupine complex",Au,8.251948979591836,1.0,mining,0.0,Au concentrate,concentrate_economic
,GRP-0d911886,Water,Cadmium (and its compounds),Emission,Direct Discharge,kg,0.00726,GRP-0d911886,"Au, Open-pit and underground mining at Porcupine complex",Au,8.251948979591836,1.0,mining,0.0008797921579441346,Au concentrate,concentrate_economic
,GRP-0d911886,Water,Cadmium (and its compounds),Emission,Waterbody,kg,0.0,GRP-0d911886,"Au, Open-pit and underground mining at Porcupine complex",Au,8.251948979591836,1.0,mining,0.0,Au concentrate,concentrate_economic
,GRP-0d911886,Water,Chromium (and its compounds),Emission,Direct Discharge,tonnes,0.000255,GRP-0d911886,"Au, Open-pit and underground mining at Porcupine complex",Au,8.251948979591836,1.0,mining,3.09017906715915e-05,Au concentrate,concentrate_economic
,GRP-0d911886,Water,Chromium (and its compounds),Emission,Waterbody,tonnes,0.0,GRP-0d911886,"Au, Open-pit and underground mining at Porcupine complex",Au,8.251948979591836,1.0,mining,0.0,Au concentrate,concentrate_economic
,GRP-0d911886,Water,Cobalt (and its compounds),Emission,Direct Discharge,kg,0.463582,GRP-0d911886,"Au, Open-pit and underground mining at Porcupine complex",Au,8.251948979591836,1.0,mining,0.056178485973010714,Au concentrate,concentrate_economic
,GRP-0d911886,Water,Cobalt (and its compounds),Emission,Waterbody,kg,0.0,GRP-0d911886,"Au, Open-pit and underground mining at Porcupine complex",Au,8.251948979591836,1.0,mining,0.0,Au concentrate,concentrate_economic
,GRP-0d911886,Water,Copper (and its compounds),Emission,Direct Discharge,tonnes,0.000782,GRP-0d911886,"Au, Open-pit and underground mining at Porcupine complex",Au,8.251948979591836,1.0,mining,9.476549139288061e-05,Au concentrate,concentrate_economic
,GRP-0d911886,Water,Copper (and its compounds),Emission,Waterbody,tonnes,0.0,GRP-0d911886,"Au, Open-pit and underground mining at Porcupine complex",Au,8.251948979591836,1.0,mining,0.0,Au concentrate,concentrate_economic
,GRP-0d911886,Water,Lead (and its compounds),Emission,Direct Discharge,kg,0.071967,GRP-0d911886,"Au, Open-pit and underground mining at Porcupine complex",Au,8.251948979591836,1.0,mining,0.008721212428480101,Au concentrate,concentrate_economic
,GRP-0d911886,Water,Lead (and its compounds),Emission,Waterbody,kg,0.0,GRP-0d911886,"Au, Open-pit and underground mining at Porcupine complex",Au,8.251948979591836,1.0,mining,0.0,Au concentrate,concentrate_economic
,GRP-0d911886,Water,Nickel (and its compounds),Emission,Direct Discharge,tonnes,0.003096,GRP-0d911886,"Au, Open-pit and underground mining at Porcupine complex",Au,8.251948979591836,1.0,mining,0.00037518409380096974,Au concentrate,concentrate_economic
,GRP-0d911886,Water,Nickel (and its compounds),Emission,Waterbody,tonnes,0.0,GRP-0d911886,"Au, Open-pit and underground mining at Porcupine complex",Au,8.251948979591836,1.0,mining,0.0,Au concentrate,concentrate_economic
,GRP-0d911886,Water,Zinc (and its compounds),Emission,Direct Discharge,tonnes,0.003984,GRP-0d911886,"Au, Open-pit and underground mining at Porcupine complex",Au,8.251948979591836,1.0,mining,0.000482795035433806,Au concentrate,concentrate_economic
,GRP-0d911886,Water,Zinc (and its compounds),Emission,Waterbody,tonnes,0.0,GRP-0d911886,"Au, Open-pit and underground mining at Porcupine complex",Au,8.251948979591836,1.0,mining,0.0,Au concentrate,concentrate_economic
,GRP-0d911886,Water,Thallium (and its compounds),Emission,Direct Discharge,kg,0.01807,GRP-0d911886,"Au, Open-pit and underground mining at Porcupine complex",Au,8.251948979591836,1.0,mining,0.0021897857154339543,Au concentrate,concentrate_economic
,GRP-0d911886,Water,Thallium (and its compounds),Emission,Waterbody,kg,0.0,GRP-0d911886,"Au, Open-pit and underground mining at Porcupine complex",Au,8.251948979591836,1.0,mining,0.0,Au concentrate,concentrate_economic
,GRP-0d911886,Water,Vanadium (and its compounds),Emission,Direct Discharge,tonnes,0.000262,GRP-0d911886,"Au, Open-pit and underground mining at Porcupine complex",Au,8.251948979591836,1.0,mining,3.17500751213999e-05,Au concentrate,concentrate_economic
,GRP-0d911886,Water,Vanadium (and its compounds),Emission,Waterbody,tonnes,0.0,GRP-0d911886,"Au, Open-pit and underground mining at Porcupine complex",Au,8.251948979591836,1.0,mining,0.0,Au concentrate,concentrate_economic
,GRP-147b3123,Air,Carbon monoxide,Emission,Stack Emissions,tonnes,21.348,GRP-147b3123,"Au, Underground mining and beneficiation at Timmins Operation",Au,4.218015459183674,1.0,mining,5.061147880224116,Au concentrate,concentrate_economic
,GRP-147b3123,Air,Carbon monoxide,Emission,,tonnes,162.2103272336618,GRP-147b3123,"Au, Underground mining and beneficiation at Timmins Operation",Au,4.218015459183674,1.0,mining,38.45655114432769,Au concentrate,concentrate_economic
,GRP-147b3123,Air,Nitric acid,Emission,Stack Emissions,tonnes,0.327,GRP-147b3123,"Au, Underground mining and beneficiation at Timmins Operation",Au,4.218015459183674,1.0,mining,0.07752460918274715,Au concentrate,concentrate_economic
,GRP-147b3123,Air,Arsenic (and its compounds),Emission,Fugitive Emissions,kg,1.1212,GRP-147b3123,"Au, Underground mining and beneficiation at Timmins Operation",Au,4.218015459183674,1.0,mining,0.2658122073874498,Au concentrate,concentrate_economic
,GRP-147b3123,Air,Arsenic (and its compounds),Emission,Stack Emissions,kg,2.8051,GRP-147b3123,"Au, Underground mining and beneficiation at Timmins Operation",Au,4.218015459183674,1.0,mining,0.665028382931266,Au concentrate,concentrate_economic
,GRP-147b3123,Air,Cadmium (and its compounds),Emission,Fugitive Emissions,kg,0.0059,GRP-147b3123,"Au, Underground mining and beneficiation at Timmins Operation",Au,4.218015459183674,1.0,mining,0.0013987620617070583,Au concentrate,concentrate_economic
,GRP-147b3123,Air,Cadmium (and its compounds),Emission,Stack Emissions,kg,0.0039,GRP-147b3123,"Au, Underground mining and beneficiation at Timmins Operation",Au,4.218015459183674,1.0,mining,0.0009246054306199199,Au concentrate,concentrate_economic
,GRP-147b3123,Air,Chromium (and its compounds),Emission,Fugitive Emissions,tonnes,0.0007,GRP-147b3123,"Au, Underground mining and beneficiation at Timmins Operation",Au,4.218015459183674,1.0,mining,0.00016595482088049845,Au concentrate,concentrate_economic
,GRP-147b3123,Air,Chromium (and its compounds),Emission,Stack Emissions,tonnes,0.0008,GRP-147b3123,"Au, Underground mining and beneficiation at Timmins Operation",Au,4.218015459183674,1.0,mining,0.00018966265243485538,Au concentrate,concentrate_economic
,GRP-147b3123,Air,Cobalt (and its compounds),Emission,Fugitive Emissions,kg,0.3854,GRP-147b3123,"Au, Underground mining and beneficiation at Timmins Operation",Au,4.218015459183674,1.0,mining,0.09136998281049158,Au concentrate,concentrate_economic
,GRP-147b3123,Air,Cobalt (and its compounds),Emission,Stack Emissions,kg,0.3608,GRP-147b3123,"Au, Underground mining and beneficiation at Timmins Operation",Au,4.218015459183674,1.0,mining,0.08553785624811978,Au concentrate,concentrate_economic
,GRP-147b3123,Air,Copper (and its compounds),Emission,Fugitive Emissions,tonnes,0.0009,GRP-147b3123,"Au, Underground mining and beneficiation at Timmins Operation",Au,4.218015459183674,1.0,mining,0.00021337048398921229,Au concentrate,concentrate_economic
,GRP-147b3123,Air,Copper (and its compounds),Emission,Stack Emissions,tonnes,0.0015,GRP-147b3123,"Au, Underground mining and beneficiation at Timmins Operation",Au,4.218015459183674,1.0,mining,0.00035561747331535384,Au concentrate,concentrate_economic
,GRP-147b3123,Air,Cyanides (ionic),Emission,Stack Emissions,tonnes,2.484,GRP-147b3123,"Au, Underground mining and beneficiation at Timmins Operation",Au,4.218015459183674,1.0,mining,0.588902535810226,Au concentrate,concentrate_economic
,GRP-147b3123,Air,Lead (and its compounds),Emission,Fugitive Emissions,kg,2.27,GRP-147b3123,"Au, Underground mining and beneficiation at Timmins Operation",Au,4.218015459183674,1.0,mining,0.5381677762839021,Au concentrate,concentrate_economic
,GRP-147b3123,Air,Lead (and its compounds),Emission,Stack Emissions,kg,112.188,GRP-147b3123,"Au, Underground mining and beneficiation at Timmins Operation",Au,4.218015459183674,1.0,mining,26.597342064201946,Au concentrate,concentrate_economic
,GRP-147b3123,Air,Manganese (and its compounds),Emission,Fugitive Emissions,tonnes,0.015,GRP-147b3123,"Au, Underground mining and beneficiation at Timmins Operation",Au,4.218015459183674,1.0,mining,0.0035561747331535384,Au concentrate,concentrate_economic
,GRP-147b3123,Air,Manganese (and its compounds),Emission,Stack Emissions,tonnes,0.018,GRP-147b3123,"Au, Underground mining and beneficiation at Timmins Operation",Au,4.218015459183674,1.0,mining,0.004267409679784246,Au concentrate,concentrate_economic
,GRP-147b3123,Air,Nickel (and its compounds),Emission,Fugitive Emissions,tonnes,0.0008,GRP-147b3123,"Au, Underground mining and beneficiation at Timmins Operation",Au,4.218015459183674,1.0,mining,0.00018966265243485538,Au concentrate,concentrate_economic
,GRP-147b3123,Air,Nickel (and its compounds),Emission,Stack Emissions,tonnes,0.0007,GRP-147b3123,"Au, Underground mining and beneficiation at Timmins Operation",Au,4.218015459183674,1.0,mining,0.00016595482088049845,Au concentrate,concentrate_economic
,GRP-147b3123,Air,Selenium (and its compounds),Emission,Fugitive Emissions,kg,0.027,GRP-147b3123,"Au, Underground mining and beneficiation at Timmins Operation",Au,4.218015459183674,1.0,mining,0.006401114519676369,Au concentrate,concentrate_economic
,GRP-147b3123,Air,Selenium (and its compounds),Emission,Stack Emissions,kg,0.064,GRP-147b3123,"Au, Underground mining and beneficiation at Timmins Operation",Au,4.218015459183674,1.0,mining,0.01517301219478843,Au concentrate,concentrate_economic
,GRP-147b3123,Air,Zinc (and its compounds),Emission,Fugitive Emissions,tonnes,0.0022,GRP-147b3123,"Au, Underground mining and beneficiation at Timmins Operation",Au,4.218015459183674,1.0,mining,0.0005215722941958523,Au concentrate,concentrate_economic
,GRP-147b3123,Air,Zinc (and its compounds),Emission,Stack Emissions,tonnes,0.0019,GRP-147b3123,"Au, Underground mining and beneficiation at Timmins Operation",Au,4.218015459183674,1.0,mining,0.0004504487995327815,Au concentrate,concentrate_economic
,GRP-147b3123,Air,Phosphorus (total),Emission,Fugitive Emissions,tonnes,0.001,GRP-147b3123,"Au, Underground mining and beneficiation at Timmins Operation",Au,4.218015459183674,1.0,mining,0.00023707831554356922,Au concentrate,concentrate_economic
,GRP-147b3123,Air,Phosphorus (total),Emission,Stack Emissions,tonnes,0.002,GRP-147b3123,"Au, Underground mining and beneficiation at Timmins Operation",Au,4.218015459183674,1.0,mining,0.00047415663108713843,Au concentrate,concentrate_economic
,GRP-147b3123,Air,Thallium (and its compounds),Emission,Fugitive Emissions,kg,0.002,GRP-147b3123,"Au, Underground mining and beneficiation at Timmins Operation",Au,4.218015459183674,1.0,mining,0.00047415663108713843,Au concentrate,concentrate_economic
,GRP-147b3123,Air,Thallium (and its compounds),Emission,Stack Emissions,kg,0.002,GRP-147b3123,"Au, Underground mining and beneficiation at Timmins Operation",Au,4.218015459183674,1.0,mining,0.00047415663108713843,Au concentrate,concentrate_economic
,GRP-147b3123,Air,Vanadium (and its compounds),Emission,Fugitive Emissions,tonnes,0.0017,GRP-147b3123,"Au, Underground mining and beneficiation at Timmins Operation",Au,4.218015459183674,1.0,mining,0.00040303313642406764,Au concentrate,concentrate_economic
,GRP-147b3123,Air,Vanadium (and its compounds),Emission,Stack Emissions,tonnes,0.0015,GRP-147b3123,"Au, Underground mining and beneficiation at Timmins Operation",Au,4.218015459183674,1.0,mining,0.00035561747331535384,Au concentrate,concentrate_economic
,GRP-147b3123,Air,GHG,Emission,Unspecified,tCO2eq,37940.0,GRP-147b3123,"Au, Underground mining and beneficiation at Timmins Operation",Au,4.218015459183674,1.0,mining,8994.751291723016,Au concentrate,concentrate_economic
,GRP-147b3123,Air,GHG,Emission,,tCO2eq,41154.070225595,GRP-147b3123,"Au, Underground mining and beneficiation at Timmins Operation",Au,4.218015459183674,1.0,mining,9756.737646845819,Au concentrate,concentrate_economic
,GRP-147b3123,Air,Total particulate matter,Emission,Fugitive Emissions,tonnes,18.01,GRP-147b3123,"Au, Underground mining and beneficiation at Timmins Operation",Au,4.218015459183674,1.0,mining,4.269780462939682,Au concentrate,concentrate_economic
,GRP-147b3123,Air,Total particulate matter,Emission,Stack Emissions,tonnes,24.782,GRP-147b3123,"Au, Underground mining and beneficiation at Timmins Operation",Au,4.218015459183674,1.0,mining,5.875274815800733,Au concentrate,concentrate_economic
,GRP-147b3123,Air,PM10 - Particulate Matter <= 10 Micrometers,Emission,Fugitive Emissions,tonnes,8.552,GRP-147b3123,"Au, Underground mining and beneficiation at Timmins Operation",Au,4.218015459183674,1.0,mining,2.027493754528604,Au concentrate,concentrate_economic
,GRP-147b3123,Air,PM10 - Particulate Matter <= 10 Micrometers,Emission,Stack Emissions,tonnes,12.978,GRP-147b3123,"Au, Underground mining and beneficiation at Timmins Operation",Au,4.218015459183674,1.0,mining,3.0768023791244414,Au concentrate,concentrate_economic
,GRP-147b3123,Air,PM10 - Particulate Matter <= 10 Micrometers,Emission,,tonnes,50.80330038861595,GRP-147b3123,"Au, Underground mining and beneficiation at Timmins Operation",Au,4.218015459183674,1.0,mining,12.044360880187025,Au concentrate,concentrate_economic
,GRP-147b3123,Air,PM2.5 - Particulate Matter <= 2.5 Micrometers,Emission,Fugitive Emissions,tonnes,1.492,GRP-147b3123,"Au, Underground mining and beneficiation at Timmins Operation",Au,4.218015459183674,1.0,mining,0.3537208467910053,Au concentrate,concentrate_economic
,GRP-147b3123,Air,PM2.5 - Particulate Matter <= 2.5 Micrometers,Emission,Stack Emissions,tonnes,4.468,GRP-147b3123,"Au, Underground mining and beneficiation at Timmins Operation",Au,4.218015459183674,1.0,mining,1.0592659138486673,Au concentrate,concentrate_economic
,GRP-147b3123,Air,Volatile Organic Compounds (Total),Emission,,tonnes,60.86381506924382,GRP-147b3123,"Au, Underground mining and beneficiation at Timmins Operation",Au,4.218015459183674,1.0,mining,14.42949075417163,Au concentrate,concentrate_economic
,GRP-147b3123,Air,NOx,Emission,,tonnes,319.1923189073236,GRP-147b3123,"Au, Underground mining and beneficiation at Timmins Operation",Au,4.218015459183674,1.0,mining,75.67357730099404,Au concentrate,concentrate_economic
,GRP-147b3123,Air,SOx,Emission,,tonnes,47.44216474180202,GRP-147b3123,"Au, Underground mining and beneficiation at Timmins Operation",Au,4.218015459183674,1.0,mining,11.247508502726934,Au concentrate,concentrate_economic
,GRP-147b3123,Land,Arsenic (and its compounds),Emission,Other,kg,8443.727,GRP-147b3123,"Au, Underground mining and beneficiation at Timmins Operation",Au,4.218015459183674,1.0,mining,2001.8245740697553,Au concentrate,concentrate_economic
,GRP-147b3123,Land,Cadmium (and its compounds),Emission,Other,kg,19.398,GRP-147b3123,"Au, Underground mining and beneficiation at Timmins Operation",Au,4.218015459183674,1.0,mining,4.598845164914156,Au concentrate,concentrate_economic
,GRP-147b3123,Land,Chromium (and its compounds),Emission,Other,tonnes,12.836,GRP-147b3123,"Au, Underground mining and beneficiation at Timmins Operation",Au,4.218015459183674,1.0,mining,3.0431372583172545,Au concentrate,concentrate_economic
,GRP-147b3123,Land,Cobalt (and its compounds),Emission,Other,kg,1898.038,GRP-147b3123,"Au, Underground mining and beneficiation at Timmins Operation",Au,4.218015459183674,1.0,mining,449.983651877685,Au concentrate,concentrate_economic
,GRP-147b3123,Land,Copper (and its compounds),Emission,Other,tonnes,4.256,GRP-147b3123,"Au, Underground mining and beneficiation at Timmins Operation",Au,4.218015459183674,1.0,mining,1.0090053109534307,Au concentrate,concentrate_economic
,GRP-147b3123,Land,Lead (and its compounds),Emission,Other,kg,2103.902,GRP-147b3123,"Au, Underground mining and beneficiation at Timmins Operation",Au,4.218015459183674,1.0,mining,498.78954222874637,Au concentrate,concentrate_economic
,GRP-147b3123,Land,Manganese (and its compounds),Emission,Other,tonnes,80.184,GRP-147b3123,"Au, Underground mining and beneficiation at Timmins Operation",Au,4.218015459183674,1.0,mining,19.009887653545555,Au concentrate,concentrate_economic
,GRP-147b3123,Land,Nickel (and its compounds),Emission,Other,tonnes,4.916,GRP-147b3123,"Au, Underground mining and beneficiation at Timmins Operation",Au,4.218015459183674,1.0,mining,1.1654769992121863,Au concentrate,concentrate_economic
,GRP-147b3123,Land,Selenium (and its compounds),Emission,Other,kg,98.118,GRP-147b3123,"Au, Underground mining and beneficiation at Timmins Operation",Au,4.218015459183674,1.0,mining,23.261650164503923,Au concentrate,concentrate_economic
,GRP-147b3123,Land,Zinc (and its compounds),Emission,Other,tonnes,8.502,GRP-147b3123,"Au, Underground mining and beneficiation at Timmins Operation",Au,4.218015459183674,1.0,mining,2.015639838751426,Au concentrate,concentrate_economic
,GRP-147b3123,Land,Phosphorus (total),Emission,Other,tonnes,75.009,GRP-147b3123,"Au, Underground mining and beneficiation at Timmins Operation",Au,4.218015459183674,1.0,mining,17.783007370607585,Au concentrate,concentrate_economic
,GRP-147b3123,Land,Thallium (and its compounds),Emission,Other,kg,24.525,GRP-147b3123,"Au, Underground mining and beneficiation at Timmins Operation",Au,4.218015459183674,1.0,mining,5.814345688706035,Au concentrate,concentrate_economic
,GRP-147b3123,Land,Vanadium (and its compounds),Emission,Other,tonnes,8.346,GRP-147b3123,"Au, Underground mining and beneficiation at Timmins Operation",Au,4.218015459183674,1.0,mining,1.9786556215266287,Au concentrate,concentrate_economic
,GRP-147b3123,Land,,Occupation and transformation,,ha,370.0,GRP-147b3123,"Au, Underground mining and beneficiation at Timmins Operation",Au,4.218015459183674,1.0,mining,87.7189767511206,Au concentrate,concentrate_economic
,GRP-147b3123,Water,Water,Consumption,,m3,749557.379698017,GRP-147b3123,"Au, Underground mining and beneficiation at Timmins Operation",Au,4.218015459183674,1.0,mining,177703.8009820574,Au concentrate,concentrate_economic
,GRP-147b3123,Water,Water,Discharged,,m3,1743711.5,GRP-147b3123,"Au, Underground mining and beneficiation at Timmins Operation",Au,4.218015459183674,1.0,mining,413396.1852139504,Au concentrate,concentrate_economic
,GRP-147b3123,Water,Water,Withdrawal,,m3,974971.403348017,GRP-147b3123,"Au, Underground mining and beneficiation at Timmins Operation",Au,4.218015459183674,1.0,mining,231144.5780088977,Au concentrate,concentrate_economic
,GRP-147b3123,Water,Arsenic (and its compounds),Emission,Direct Discharge,kg,19.6731,GRP-147b3123,"Au, Underground mining and beneficiation at Timmins Operation",Au,4.218015459183674,1.0,mining,4.664065409520192,Au concentrate,concentrate_economic
,GRP-147b3123,Water,Arsenic (and its compounds),Emission,Waterbody,kg,0.0,GRP-147b3123,"Au, Underground mining and beneficiation at Timmins Operation",Au,4.218015459183674,1.0,mining,0.0,Au concentrate,concentrate_economic
,GRP-147b3123,Water,Cadmium (and its compounds),Emission,Direct Discharge,kg,0.028,GRP-147b3123,"Au, Underground mining and beneficiation at Timmins Operation",Au,4.218015459183674,1.0,mining,0.006638192835219939,Au concentrate,concentrate_economic
,GRP-147b3123,Water,Cadmium (and its compounds),Emission,Waterbody,kg,0.0,GRP-147b3123,"Au, Underground mining and beneficiation at Timmins Operation",Au,4.218015459183674,1.0,mining,0.0,Au concentrate,concentrate_economic
,GRP-147b3123,Water,Chromium (and its compounds),Emission,Direct Discharge,tonnes,0.002,GRP-147b3123,"Au, Underground mining and beneficiation at Timmins Operation",Au,4.218015459183674,1.0,mining,0.00047415663108713843,Au concentrate,concentrate_economic
,GRP-147b3123,Water,Chromium (and its compounds),Emission,Waterbody,tonnes,0.0,GRP-147b3123,"Au, Underground mining and beneficiation at Timmins Operation",Au,4.218015459183674,1.0,mining,0.0,Au concentrate,concentrate_economic
,GRP-147b3123,Water,Cobalt (and its compounds),Emission,Direct Discharge,kg,0.042,GRP-147b3123,"Au, Underground mining and beneficiation at Timmins Operation",Au,4.218015459183674,1.0,mining,0.009957289252829907,Au concentrate,concentrate_economic
,GRP-147b3123,Water,Cobalt (and its compounds),Emission,Waterbody,kg,0.0,GRP-147b3123,"Au, Underground mining and beneficiation at Timmins Operation",Au,4.218015459183674,1.0,mining,0.0,Au concentrate,concentrate_economic
,GRP-147b3123,Water,Copper (and its compounds),Emission,Direct Discharge,tonnes,0.011,GRP-147b3123,"Au, Underground mining and beneficiation at Timmins Operation",Au,4.218015459183674,1.0,mining,0.002607861470979261,Au concentrate,concentrate_economic
,GRP-147b3123,Water,Copper (and its compounds),Emission,Waterbody,tonnes,0.0,GRP-147b3123,"Au, Underground mining and beneficiation at Timmins Operation",Au,4.218015459183674,1.0,mining,0.0,Au concentrate,concentrate_economic
,GRP-147b3123,Water,Cyanides (ionic),Emission,Direct Discharge,tonnes,0.028,GRP-147b3123,"Au, Underground mining and beneficiation at Timmins Operation",Au,4.218015459183674,1.0,mining,0.006638192835219939,Au concentrate,concentrate_economic
,GRP-147b3123,Water,Cyanides (ionic),Emission,Waterbody,tonnes,0.0,GRP-147b3123,"Au, Underground mining and beneficiation at Timmins Operation",Au,4.218015459183674,1.0,mining,0.0,Au concentrate,concentrate_economic
,GRP-147b3123,Water,Lead (and its compounds),Emission,Direct Discharge,kg,0.154,GRP-147b3123,"Au, Underground mining and beneficiation at Timmins Operation",Au,4.218015459183674,1.0,mining,0.03651006059370966,Au concentrate,concentrate_economic
,GRP-147b3123,Water,Lead (and its compounds),Emission,Waterbody,kg,0.0,GRP-147b3123,"Au, Underground mining and beneficiation at Timmins Operation",Au,4.218015459183674,1.0,mining,0.0,Au concentrate,concentrate_economic
,GRP-147b3123,Water,Manganese (and its compounds),Emission,Direct Discharge,tonnes,0.027,GRP-147b3123,"Au, Underground mining and beneficiation at Timmins Operation",Au,4.218015459183674,1.0,mining,0.006401114519676369,Au concentrate,concentrate_economic
,GRP-147b3123,Water,Manganese (and its compounds),Emission,Waterbody,tonnes,0.0,GRP-147b3123,"Au, Underground mining and beneficiation at Timmins Operation",Au,4.218015459183674,1.0,mining,0.0,Au concentrate,concentrate_economic
,GRP-147b3123,Water,Nickel (and its compounds),Emission,Direct Discharge,tonnes,0.036,GRP-147b3123,"Au, Underground mining and beneficiation at Timmins Operation",Au,4.218015459183674,1.0,mining,0.008534819359568492,Au concentrate,concentrate_economic
,GRP-147b3123,Water,Nickel (and its compounds),Emission,Waterbody,tonnes,0.0,GRP-147b3123,"Au, Underground mining and beneficiation at Timmins Operation",Au,4.218015459183674,1.0,mining,0.0,Au concentrate,concentrate_economic
,GRP-147b3123,Water,Selenium (and its compounds),Emission,Direct Discharge,kg,10.222,GRP-147b3123,"Au, Underground mining and beneficiation at Timmins Operation",Au,4.218015459183674,1.0,mining,2.4234145414863644,Au concentrate,concentrate_economic
,GRP-147b3123,Water,Selenium (and its compounds),Emission,Waterbody,kg,0.0,GRP-147b3123,"Au, Underground mining and beneficiation at Timmins Operation",Au,4.218015459183674,1.0,mining,0.0,Au concentrate,concentrate_economic
,GRP-147b3123,Water,Zinc (and its compounds),Emission,Direct Discharge,tonnes,0.006,GRP-147b3123,"Au, Underground mining and beneficiation at Timmins Operation",Au,4.218015459183674,1.0,mining,0.0014224698932614153,Au concentrate,concentrate_economic
,GRP-147b3123,Water,Zinc (and its compounds),Emission,Waterbody,tonnes,0.0,GRP-147b3123,"Au, Underground mining and beneficiation at Timmins Operation",Au,4.218015459183674,1.0,mining,0.0,Au concentrate,concentrate_economic
,GRP-147b3123,Water,Phosphorus (total),Emission,Direct Discharge,tonnes,0.07,GRP-147b3123,"Au, Underground mining and beneficiation at Timmins Operation",Au,4.218015459183674,1.0,mining,0.016595482088049847,Au concentrate,concentrate_economic
,GRP-147b3123,Water,Phosphorus (total),Emission,Waterbody,tonnes,0.0,GRP-147b3123,"Au, Underground mining and beneficiation at Timmins Operation",Au,4.218015459183674,1.0,mining,0.0,Au concentrate,concentrate_economic
,GRP-147b3123,Water,Thallium (and its compounds),Emission,Direct Discharge,kg,0.14,GRP-147b3123,"Au, Underground mining and beneficiation at Timmins Operation",Au,4.218015459183674,1.0,mining,0.033190964176099694,Au concentrate,concentrate_economic
,GRP-147b3123,Water,Thallium (and its compounds),Emission,Waterbody,kg,0.0,GRP-147b3123,"Au, Underground mining and beneficiation at Timmins Operation",Au,4.218015459183674,1.0,mining,0.0,Au concentrate,concentrate_economic
,GRP-147b3123,Water,Vanadium (and its compounds),Emission,Direct Discharge,tonnes,0.005,GRP-147b3123,"Au, Underground mining and beneficiation at Timmins Operation",Au,4.218015459183674,1.0,mining,0.001185391577717846,Au concentrate,concentrate_economic
,GRP-147b3123,Water,Vanadium (and its compounds),Emission,Waterbody,tonnes,0.0,GRP-147b3123,"Au, Underground mining and beneficiation at Timmins Operation",Au,4.218015459183674,1.0,mining,0.0,Au concentrate,concentrate_economic
,GRP-14bfbb82,Air,Nitrogen oxides (expressed as nitrogen dioxide),Emission,Other,tonnes,13.88,GRP-14bfbb82,"Au, Underground mining and beneficiation at Seabee Gold Operation",Au,1.2300799484693878,1.0,mining,11.283819411308308,Au concentrate,concentrate_economic
,GRP-14bfbb82,Air,Arsenic (and its compounds),Emission,Other,kg,0.97,GRP-14bfbb82,"Au, Underground mining and beneficiation at Seabee Gold Operation",Au,1.2300799484693878,1.0,mining,0.7885666303291828,Au concentrate,concentrate_economic
,GRP-14bfbb82,Air,Cadmium (and its compounds),Emission,Other,kg,0.08,GRP-14bfbb82,"Au, Underground mining and beneficiation at Seabee Gold Operation",Au,1.2300799484693878,1.0,mining,0.0650364231199326,Au concentrate,concentrate_economic
,GRP-14bfbb82,Air,Lead (and its compounds),Emission,Other,kg,0.05,GRP-14bfbb82,"Au, Underground mining and beneficiation at Seabee Gold Operation",Au,1.2300799484693878,1.0,mining,0.04064776444995788,Au concentrate,concentrate_economic
,GRP-14bfbb82,Air,Manganese (and its compounds),Emission,Stack Emissions,tonnes,0.001,GRP-14bfbb82,"Au, Underground mining and beneficiation at Seabee Gold Operation",Au,1.2300799484693878,1.0,mining,0.0008129552889991576,Au concentrate,concentrate_economic
,GRP-14bfbb82,Air,GHG,Emission,Unspecified,tCO2eq,13320.0,GRP-14bfbb82,"Au, Underground mining and beneficiation at Seabee Gold Operation",Au,1.2300799484693878,1.0,mining,10828.564449468779,Au concentrate,concentrate_economic
,GRP-14bfbb82,Air,GHG,Emission,,tCO2eq,44059.0,GRP-14bfbb82,"Au, Underground mining and beneficiation at Seabee Gold Operation",Au,1.2300799484693878,1.0,mining,35817.99707801388,Au concentrate,concentrate_economic
,GRP-14bfbb82,Air,Total particulate matter,Emission,Other,tonnes,10.196,GRP-14bfbb82,"Au, Underground mining and beneficiation at Seabee Gold Operation",Au,1.2300799484693878,1.0,mining,8.28889212663541,Au concentrate,concentrate_economic
,GRP-14bfbb82,Air,PM10 - Particulate Matter <= 10 Micrometers,Emission,Other,tonnes,4.644,GRP-14bfbb82,"Au, Underground mining and beneficiation at Seabee Gold Operation",Au,1.2300799484693878,1.0,mining,3.7753643621120876,Au concentrate,concentrate_economic
,GRP-14bfbb82,Air,PM2.5 - Particulate Matter <= 2.5 Micrometers,Emission,Other,tonnes,1.836,GRP-14bfbb82,"Au, Underground mining and beneficiation at Seabee Gold Operation",Au,1.2300799484693878,1.0,mining,1.4925859106024533,Au concentrate,concentrate_economic
,GRP-14bfbb82,Water,Water,Consumption,,m3,147624.0,GRP-14bfbb82,"Au, Underground mining and beneficiation at Seabee Gold Operation",Au,1.2300799484693878,1.0,mining,120011.71158321163,Au concentrate,concentrate_economic
,GRP-14bfbb82,Water,Water,Discharged,,m3,25131.0,GRP-14bfbb82,"Au, Underground mining and beneficiation at Seabee Gold Operation",Au,1.2300799484693878,1.0,mining,20430.379367837828,Au concentrate,concentrate_economic
,GRP-14bfbb82,Water,Water,Withdrawal,,m3,183118.0,GRP-14bfbb82,"Au, Underground mining and beneficiation at Seabee Gold Operation",Au,1.2300799484693878,1.0,mining,148866.74661094774,Au concentrate,concentrate_economic
,GRP-14bfbb82,Water,Arsenic (and its compounds),Emission,Direct Discharge,kg,0.043954,GRP-14bfbb82,"Au, Underground mining and beneficiation at Seabee Gold Operation",Au,1.2300799484693878,1.0,mining,0.03573263677266897,Au concentrate,concentrate_economic
,GRP-14bfbb82,Water,Arsenic (and its compounds),Emission,Waterbody,kg,0.0,GRP-14bfbb82,"Au, Underground mining and beneficiation at Seabee Gold Operation",Au,1.2300799484693878,1.0,mining,0.0,Au concentrate,concentrate_economic
,GRP-14bfbb82,Water,Cadmium (and its compounds),Emission,Direct Discharge,kg,0.003035,GRP-14bfbb82,"Au, Underground mining and beneficiation at Seabee Gold Operation",Au,1.2300799484693878,1.0,mining,0.002467319302112443,Au concentrate,concentrate_economic
,GRP-14bfbb82,Water,Cadmium (and its compounds),Emission,Waterbody,kg,0.0,GRP-14bfbb82,"Au, Underground mining and beneficiation at Seabee Gold Operation",Au,1.2300799484693878,1.0,mining,0.0,Au concentrate,concentrate_economic
,GRP-14bfbb82,Water,Chromium (and its compounds),Emission,Direct Discharge,tonnes,1.7e-05,GRP-14bfbb82,"Au, Underground mining and beneficiation at Seabee Gold Operation",Au,1.2300799484693878,1.0,mining,1.3820239912985677e-05,Au concentrate,concentrate_economic
,GRP-14bfbb82,Water,Chromium (and its compounds),Emission,Waterbody,tonnes,0.0,GRP-14bfbb82,"Au, Underground mining and beneficiation at Seabee Gold Operation",Au,1.2300799484693878,1.0,mining,0.0,Au concentrate,concentrate_economic
,GRP-14bfbb82,Water,Cobalt (and its compounds),Emission,Direct Discharge,kg,1.96346,GRP-14bfbb82,"Au, Underground mining and beneficiation at Seabee Gold Operation",Au,1.2300799484693878,1.0,mining,1.5962051917382858,Au concentrate,concentrate_economic
,GRP-14bfbb82,Water,Cobalt (and its compounds),Emission,Waterbody,kg,0.0,GRP-14bfbb82,"Au, Underground mining and beneficiation at Seabee Gold Operation",Au,1.2300799484693878,1.0,mining,0.0,Au concentrate,concentrate_economic
,GRP-14bfbb82,Water,Copper (and its compounds),Emission,Direct Discharge,tonnes,0.001181,GRP-14bfbb82,"Au, Underground mining and beneficiation at Seabee Gold Operation",Au,1.2300799484693878,1.0,mining,0.000960100196308005,Au concentrate,concentrate_economic
,GRP-14bfbb82,Water,Copper (and its compounds),Emission,Waterbody,tonnes,0.0,GRP-14bfbb82,"Au, Underground mining and beneficiation at Seabee Gold Operation",Au,1.2300799484693878,1.0,mining,0.0,Au concentrate,concentrate_economic
,GRP-14bfbb82,Water,Cyanides (ionic),Emission,Direct Discharge,tonnes,0.000292,GRP-14bfbb82,"Au, Underground mining and beneficiation at Seabee Gold Operation",Au,1.2300799484693878,1.0,mining,0.000237382944387754,Au concentrate,concentrate_economic
,GRP-14bfbb82,Water,Cyanides (ionic),Emission,Waterbody,tonnes,0.0,GRP-14bfbb82,"Au, Underground mining and beneficiation at Seabee Gold Operation",Au,1.2300799484693878,1.0,mining,0.0,Au concentrate,concentrate_economic
,GRP-14bfbb82,Water,Lead (and its compounds),Emission,Direct Discharge,kg,0.016528,GRP-14bfbb82,"Au, Underground mining and beneficiation at Seabee Gold Operation",Au,1.2300799484693878,1.0,mining,0.013436525016578077,Au concentrate,concentrate_economic
,GRP-14bfbb82,Water,Lead (and its compounds),Emission,Waterbody,kg,0.0,GRP-14bfbb82,"Au, Underground mining and beneficiation at Seabee Gold Operation",Au,1.2300799484693878,1.0,mining,0.0,Au concentrate,concentrate_economic
,GRP-14bfbb82,Water,Manganese (and its compounds),Emission,Direct Discharge,tonnes,0.020576,GRP-14bfbb82,"Au, Underground mining and beneficiation at Seabee Gold Operation",Au,1.2300799484693878,1.0,mining,0.016727368026446667,Au concentrate,concentrate_economic
,GRP-14bfbb82,Water,Manganese (and its compounds),Emission,Waterbody,tonnes,0.0,GRP-14bfbb82,"Au, Underground mining and beneficiation at Seabee Gold Operation",Au,1.2300799484693878,1.0,mining,0.0,Au concentrate,concentrate_economic
,GRP-14bfbb82,Water,Nickel (and its compounds),Emission,Direct Discharge,tonnes,0.001261,GRP-14bfbb82,"Au, Underground mining and beneficiation at Seabee Gold Operation",Au,1.2300799484693878,1.0,mining,0.0010251366194279376,Au concentrate,concentrate_economic
,GRP-14bfbb82,Water,Nickel (and its compounds),Emission,Waterbody,tonnes,0.0,GRP-14bfbb82,"Au, Underground mining and beneficiation at Seabee Gold Operation",Au,1.2300799484693878,1.0,mining,0.0,Au concentrate,concentrate_economic
,GRP-14bfbb82,Water,Selenium (and its compounds),Emission,Direct Discharge,kg,0.047552,GRP-14bfbb82,"Au, Underground mining and beneficiation at Seabee Gold Operation",Au,1.2300799484693878,1.0,mining,0.038657649902487934,Au concentrate,concentrate_economic
,GRP-14bfbb82,Water,Selenium (and its compounds),Emission,Waterbody,kg,0.0,GRP-14bfbb82,"Au, Underground mining and beneficiation at Seabee Gold Operation",Au,1.2300799484693878,1.0,mining,0.0,Au concentrate,concentrate_economic
,GRP-14bfbb82,Water,Zinc (and its compounds),Emission,Direct Discharge,tonnes,0.000478,GRP-14bfbb82,"Au, Underground mining and beneficiation at Seabee Gold Operation",Au,1.2300799484693878,1.0,mining,0.0003885926281415973,Au concentrate,concentrate_economic
,GRP-14bfbb82,Water,Zinc (and its compounds),Emission,Waterbody,tonnes,0.0,GRP-14bfbb82,"Au, Underground mining and beneficiation at Seabee Gold Operation",Au,1.2300799484693878,1.0,mining,0.0,Au concentrate,concentrate_economic
,GRP-14bfbb82,Water,Ammonia (total),Emission,Direct Discharge,tonnes,0.2498,GRP-14bfbb82,"Au, Underground mining and beneficiation at Seabee Gold Operation",Au,1.2300799484693878,1.0,mining,0.20307623119198956,Au concentrate,concentrate_economic
,GRP-14bfbb82,Water,Ammonia (total),Emission,Waterbody,tonnes,0.0,GRP-14bfbb82,"Au, Underground mining and beneficiation at Seabee Gold Operation",Au,1.2300799484693878,1.0,mining,0.0,Au concentrate,concentrate_economic
,GRP-14bfbb82,Water,Nitrate ion in solution at pH >= 6.0,Emission,Direct Discharge,tonnes,48.97,GRP-14bfbb82,"Au, Underground mining and beneficiation at Seabee Gold Operation",Au,1.2300799484693878,1.0,mining,39.81042050228874,Au concentrate,concentrate_economic
,GRP-14bfbb82,Water,Nitrate ion in solution at pH >= 6.0,Emission,Waterbody,tonnes,0.0,GRP-14bfbb82,"Au, Underground mining and beneficiation at Seabee Gold Operation",Au,1.2300799484693878,1.0,mining,0.0,Au concentrate,concentrate_economic
,GRP-14bfbb82,Water,Phosphorus (total),Emission,Direct Discharge,tonnes,0.005531,GRP-14bfbb82,"Au, Underground mining and beneficiation at Seabee Gold Operation",Au,1.2300799484693878,1.0,mining,0.004496455703454341,Au concentrate,concentrate_economic
,GRP-14bfbb82,Water,Phosphorus (total),Emission,Waterbody,tonnes,0.0,GRP-14bfbb82,"Au, Underground mining and beneficiation at Seabee Gold Operation",Au,1.2300799484693878,1.0,mining,0.0,Au concentrate,concentrate_economic
,GRP-14bfbb82,Water,Vanadium (and its compounds),Emission,Direct Discharge,tonnes,0.000193,GRP-14bfbb82,"Au, Underground mining and beneficiation at Seabee Gold Operation",Au,1.2300799484693878,1.0,mining,0.0001569003707768374,Au concentrate,concentrate_economic
,GRP-14bfbb82,Water,Vanadium (and its compounds),Emission,Waterbody,tonnes,0.0,GRP-14bfbb82,"Au, Underground mining and beneficiation at Seabee Gold Operation",Au,1.2300799484693878,1.0,mining,0.0,Au concentrate,concentrate_economic
,GRP-a13779f8,Air,GHG,Emission,,tCO2eq,29000.0,GRP-a13779f8,"Au and Ag and Cu and Zn, Underground mining and beneficiation at Snow Lake",Cu,40513.333333333336,0.12903991169620735,mining,0.09236853972001019,Cu concentrate,concentrate_economic
,GRP-a13779f8,Air,GHG,Emission,,tCO2eq,29000.0,GRP-a13779f8,"Au and Ag and Cu and Zn, Underground mining and beneficiation at Snow Lake",Zn,69284.0,0.08249245877008354,mining,0.03452862571924864,Zn concentrate,concentrate_economic
,GRP-a13779f8,Air,GHG,Emission,,tCO2eq,29000.0,GRP-a13779f8,"Au and Ag and Cu and Zn, Underground mining and beneficiation at Snow Lake",Au,32.97878714387755,0.7884676295337092,mining,693.3414851407753,Au concentrate,concentrate_economic
,GRP-a13779f8,Air,Total particulate matter,Emission,Fugitive Emissions,tonnes,62.104,GRP-a13779f8,"Au and Ag and Cu and Zn, Underground mining and beneficiation at Snow Lake",Cu,40513.333333333336,0.12903991169620735,mining,0.0001978088203714315,Cu concentrate,concentrate_economic
,GRP-a13779f8,Air,Total particulate matter,Emission,Fugitive Emissions,tonnes,62.104,GRP-a13779f8,"Au and Ag and Cu and Zn, Underground mining and beneficiation at Snow Lake",Zn,69284.0,0.08249245877008354,mining,7.394364729890405e-05,Zn concentrate,concentrate_economic
,GRP-a13779f8,Air,Total particulate matter,Emission,Fugitive Emissions,tonnes,62.104,GRP-a13779f8,"Au and Ag and Cu and Zn, Underground mining and beneficiation at Snow Lake",Au,32.97878714387755,0.7884676295337092,mining,1.4848027445925072,Au concentrate,concentrate_economic
,GRP-a13779f8,Air,PM10 - Particulate Matter <= 10 Micrometers,Emission,Fugitive Emissions,tonnes,35.562,GRP-a13779f8,"Au and Ag and Cu and Zn, Underground mining and beneficiation at Snow Lake",Cu,40513.333333333336,0.12903991169620735,mining,0.00011326931067320697,Cu concentrate,concentrate_economic
,GRP-a13779f8,Air,PM10 - Particulate Matter <= 10 Micrometers,Emission,Fugitive Emissions,tonnes,35.562,GRP-a13779f8,"Au and Ag and Cu and Zn, Underground mining and beneficiation at Snow Lake",Zn,69284.0,0.08249245877008354,mining,4.2341620269928275e-05,Zn concentrate,concentrate_economic
,GRP-a13779f8,Air,PM10 - Particulate Matter <= 10 Micrometers,Emission,Fugitive Emissions,tonnes,35.562,GRP-a13779f8,"Au and Ag and Cu and Zn, Underground mining and beneficiation at Snow Lake",Au,32.97878714387755,0.7884676295337092,mining,0.8502279273991811,Au concentrate,concentrate_economic
,GRP-a13779f8,Air,PM2.5 - Particulate Matter <= 2.5 Micrometers,Emission,Fugitive Emissions,tonnes,12.46,GRP-a13779f8,"Au and Ag and Cu and Zn, Underground mining and beneficiation at Snow Lake",Cu,40513.333333333336,0.12903991169620735,mining,3.968662085901128e-05,Cu concentrate,concentrate_economic
,GRP-a13779f8,Air,PM2.5 - Particulate Matter <= 2.5 Micrometers,Emission,Fugitive Emissions,tonnes,12.46,GRP-a13779f8,"Au and Ag and Cu and Zn, Underground mining and beneficiation at Snow Lake",Zn,69284.0,0.08249245877008354,mining,1.4835402636615107e-05,Zn concentrate,concentrate_economic
,GRP-a13779f8,Air,PM2.5 - Particulate Matter <= 2.5 Micrometers,Emission,Fugitive Emissions,tonnes,12.46,GRP-a13779f8,"Au and Ag and Cu and Zn, Underground mining and beneficiation at Snow Lake",Au,32.97878714387755,0.7884676295337092,mining,0.29789775533979523,Au concentrate,concentrate_economic
,GRP-a13779f8,Air,Particulate,Emission,,t,0.55,GRP-a13779f8,"Au and Ag and Cu and Zn, Underground mining and beneficiation at Snow Lake",Cu,40513.333333333336,0.12903991169620735,mining,1.7518171326208832e-06,Cu concentrate,concentrate_economic
,GRP-a13779f8,Air,Particulate,Emission,,t,0.55,GRP-a13779f8,"Au and Ag and Cu and Zn, Underground mining and beneficiation at Snow Lake",Zn,69284.0,0.08249245877008354,mining,6.548532463995432e-07,Zn concentrate,concentrate_economic
,GRP-a13779f8,Air,Particulate,Emission,,t,0.55,GRP-a13779f8,"Au and Ag and Cu and Zn, Underground mining and beneficiation at Snow Lake",Au,32.97878714387755,0.7884676295337092,mining,0.013149579890600912,Au concentrate,concentrate_economic
,GRP-a13779f8,Land,Manganese (and its compounds),Emission,Other,tonnes,0.0032,GRP-a13779f8,"Au and Ag and Cu and Zn, Underground mining and beneficiation at Snow Lake",Cu,40513.333333333336,0.12903991169620735,mining,1.0192390589794227e-08,Cu concentrate,concentrate_economic
,GRP-a13779f8,Land,Manganese (and its compounds),Emission,Other,tonnes,0.0032,GRP-a13779f8,"Au and Ag and Cu and Zn, Underground mining and beneficiation at Snow Lake",Zn,69284.0,0.08249245877008354,mining,3.8100552517791606e-09,Zn concentrate,concentrate_economic
,GRP-a13779f8,Land,Manganese (and its compounds),Emission,Other,tonnes,0.0032,GRP-a13779f8,"Au and Ag and Cu and Zn, Underground mining and beneficiation at Snow Lake",Au,32.97878714387755,0.7884676295337092,mining,7.650664663622349e-05,Au concentrate,concentrate_economic
,GRP-a13779f8,Land,,Occupation and transformation,,ha,603658.0,GRP-a13779f8,"Au and Ag and Cu and Zn, Underground mining and beneficiation at Snow Lake",Cu,40513.333333333336,0.12903991169620735,mining,1.9227244120793763,Cu concentrate,concentrate_economic
,GRP-a13779f8,Land,,Occupation and transformation,,ha,603658.0,GRP-a13779f8,"Au and Ag and Cu and Zn, Underground mining and beneficiation at Snow Lake",Zn,69284.0,0.08249245877008354,mining,0.7187407291182826,Zn concentrate,concentrate_economic
,GRP-a13779f8,Land,,Occupation and transformation,,ha,603658.0,GRP-a13779f8,"Au and Ag and Cu and Zn, Underground mining and beneficiation at Snow Lake",Au,32.97878714387755,0.7884676295337092,mining,14432.452904727937,Au concentrate,concentrate_economic
,GRP-a13779f8,Water,Arsenic (and its compounds),Emission,Direct Discharge,kg,93.398,GRP-a13779f8,"Au and Ag and Cu and Zn, Underground mining and beneficiation at Snow Lake",Cu,40513.333333333336,0.12903991169620735,mining,0.0002974840300955004,Cu concentrate,concentrate_economic
,GRP-a13779f8,Water,Arsenic (and its compounds),Emission,Direct Discharge,kg,93.398,GRP-a13779f8,"Au and Ag and Cu and Zn, Underground mining and beneficiation at Snow Lake",Zn,69284.0,0.08249245877008354,mining,0.00011120360637677187,Zn concentrate,concentrate_economic
,GRP-a13779f8,Water,Arsenic (and its compounds),Emission,Direct Discharge,kg,93.398,GRP-a13779f8,"Au and Ag and Cu and Zn, Underground mining and beneficiation at Snow Lake",Au,32.97878714387755,0.7884676295337092,mining,2.2329899320406255,Au concentrate,concentrate_economic
,GRP-a13779f8,Water,Arsenic (and its compounds),Emission,Waterbody,kg,0.0,GRP-a13779f8,"Au and Ag and Cu and Zn, Underground mining and beneficiation at Snow Lake",Cu,40513.333333333336,0.12903991169620735,mining,0.0,Cu concentrate,concentrate_economic
,GRP-a13779f8,Water,Arsenic (and its compounds),Emission,Waterbody,kg,0.0,GRP-a13779f8,"Au and Ag and Cu and Zn, Underground mining and beneficiation at Snow Lake",Zn,69284.0,0.08249245877008354,mining,0.0,Zn concentrate,concentrate_economic
,GRP-a13779f8,Water,Arsenic (and its compounds),Emission,Waterbody,kg,0.0,GRP-a13779f8,"Au and Ag and Cu and Zn, Underground mining and beneficiation at Snow Lake",Au,32.97878714387755,0.7884676295337092,mining,0.0,Au concentrate,concentrate_economic
,GRP-a13779f8,Water,Cadmium (and its compounds),Emission,Direct Discharge,kg,1.26,GRP-a13779f8,"Au and Ag and Cu and Zn, Underground mining and beneficiation at Snow Lake",Cu,40513.333333333336,0.12903991169620735,mining,4.013253794731477e-06,Cu concentrate,concentrate_economic
,GRP-a13779f8,Water,Cadmium (and its compounds),Emission,Direct Discharge,kg,1.26,GRP-a13779f8,"Au and Ag and Cu and Zn, Underground mining and beneficiation at Snow Lake",Zn,69284.0,0.08249245877008354,mining,1.5002092553880445e-06,Zn concentrate,concentrate_economic
,GRP-a13779f8,Water,Cadmium (and its compounds),Emission,Direct Discharge,kg,1.26,GRP-a13779f8,"Au and Ag and Cu and Zn, Underground mining and beneficiation at Snow Lake",Au,32.97878714387755,0.7884676295337092,mining,0.030124492113012994,Au concentrate,concentrate_economic
,GRP-a13779f8,Water,Cadmium (and its compounds),Emission,Waterbody,kg,0.0,GRP-a13779f8,"Au and Ag and Cu and Zn, Underground mining and beneficiation at Snow Lake",Cu,40513.333333333336,0.12903991169620735,mining,0.0,Cu concentrate,concentrate_economic
,GRP-a13779f8,Water,Cadmium (and its compounds),Emission,Waterbody,kg,0.0,GRP-a13779f8,"Au and Ag and Cu and Zn, Underground mining and beneficiation at Snow Lake",Zn,69284.0,0.08249245877008354,mining,0.0,Zn concentrate,concentrate_economic
,GRP-a13779f8,Water,Cadmium (and its compounds),Emission,Waterbody,kg,0.0,GRP-a13779f8,"Au and Ag and Cu and Zn, Underground mining and beneficiation at Snow Lake",Au,32.97878714387755,0.7884676295337092,mining,0.0,Au concentrate,concentrate_economic
,GRP-a13779f8,Water,Copper (and its compounds),Emission,Direct Discharge,tonnes,0.163,GRP-a13779f8,"Au and Ag and Cu and Zn, Underground mining and beneficiation at Snow Lake",Cu,40513.333333333336,0.12903991169620735,mining,5.191748956676436e-07,Cu concentrate,concentrate_economic
,GRP-a13779f8,Water,Copper (and its compounds),Emission,Direct Discharge,tonnes,0.163,GRP-a13779f8,"Au and Ag and Cu and Zn, Underground mining and beneficiation at Snow Lake",Zn,69284.0,0.08249245877008354,mining,1.9407468938750098e-07,Zn concentrate,concentrate_economic
,GRP-a13779f8,Water,Copper (and its compounds),Emission,Direct Discharge,tonnes,0.163,GRP-a13779f8,"Au and Ag and Cu and Zn, Underground mining and beneficiation at Snow Lake",Au,32.97878714387755,0.7884676295337092,mining,0.003897057313032634,Au concentrate,concentrate_economic
,GRP-a13779f8,Water,Copper (and its compounds),Emission,Waterbody,tonnes,0.0,GRP-a13779f8,"Au and Ag and Cu and Zn, Underground mining and beneficiation at Snow Lake",Cu,40513.333333333336,0.12903991169620735,mining,0.0,Cu concentrate,concentrate_economic
,GRP-a13779f8,Water,Copper (and its compounds),Emission,Waterbody,tonnes,0.0,GRP-a13779f8,"Au and Ag and Cu and Zn, Underground mining and beneficiation at Snow Lake",Zn,69284.0,0.08249245877008354,mining,0.0,Zn concentrate,concentrate_economic
,GRP-a13779f8,Water,Copper (and its compounds),Emission,Waterbody,tonnes,0.0,GRP-a13779f8,"Au and Ag and Cu and Zn, Underground mining and beneficiation at Snow Lake",Au,32.97878714387755,0.7884676295337092,mining,0.0,Au concentrate,concentrate_economic
,GRP-a13779f8,Water,Lead (and its compounds),Emission,Direct Discharge,kg,14.5213,GRP-a13779f8,"Au and Ag and Cu and Zn, Underground mining and beneficiation at Snow Lake",Cu,40513.333333333336,0.12903991169620735,mining,4.625211295986841e-05,Cu concentrate,concentrate_economic
,GRP-a13779f8,Water,Lead (and its compounds),Emission,Direct Discharge,kg,14.5213,GRP-a13779f8,"Au and Ag and Cu and Zn, Underground mining and beneficiation at Snow Lake",Zn,69284.0,0.08249245877008354,mining,1.7289673539893973e-05,Zn concentrate,concentrate_economic
,GRP-a13779f8,Water,Lead (and its compounds),Emission,Direct Discharge,kg,14.5213,GRP-a13779f8,"Au and Ag and Cu and Zn, Underground mining and beneficiation at Snow Lake",Au,32.97878714387755,0.7884676295337092,mining,0.34717998993706,Au concentrate,concentrate_economic
,GRP-a13779f8,Water,Lead (and its compounds),Emission,Waterbody,kg,0.0,GRP-a13779f8,"Au and Ag and Cu and Zn, Underground mining and beneficiation at Snow Lake",Cu,40513.333333333336,0.12903991169620735,mining,0.0,Cu concentrate,concentrate_economic
,GRP-a13779f8,Water,Lead (and its compounds),Emission,Waterbody,kg,0.0,GRP-a13779f8,"Au and Ag and Cu and Zn, Underground mining and beneficiation at Snow Lake",Zn,69284.0,0.08249245877008354,mining,0.0,Zn concentrate,concentrate_economic
,GRP-a13779f8,Water,Lead (and its compounds),Emission,Waterbody,kg,0.0,GRP-a13779f8,"Au and Ag and Cu and Zn, Underground mining and beneficiation at Snow Lake",Au,32.97878714387755,0.7884676295337092,mining,0.0,Au concentrate,concentrate_economic
,GRP-a13779f8,Water,Manganese (and its compounds),Emission,Direct Discharge,tonnes,0.794,GRP-a13779f8,"Au and Ag and Cu and Zn, Underground mining and beneficiation at Snow Lake",Cu,40513.333333333336,0.12903991169620735,mining,2.528986915092693e-06,Cu concentrate,concentrate_economic
,GRP-a13779f8,Water,Manganese (and its compounds),Emission,Direct Discharge,tonnes,0.794,GRP-a13779f8,"Au and Ag and Cu and Zn, Underground mining and beneficiation at Snow Lake",Zn,69284.0,0.08249245877008354,mining,9.453699593477041e-07,Zn concentrate,concentrate_economic
,GRP-a13779f8,Water,Manganese (and its compounds),Emission,Direct Discharge,tonnes,0.794,GRP-a13779f8,"Au and Ag and Cu and Zn, Underground mining and beneficiation at Snow Lake",Au,32.97878714387755,0.7884676295337092,mining,0.018983211696612955,Au concentrate,concentrate_economic
,GRP-a13779f8,Water,Manganese (and its compounds),Emission,Waterbody,tonnes,0.0,GRP-a13779f8,"Au and Ag and Cu and Zn, Underground mining and beneficiation at Snow Lake",Cu,40513.333333333336,0.12903991169620735,mining,0.0,Cu concentrate,concentrate_economic
,GRP-a13779f8,Water,Manganese (and its compounds),Emission,Waterbody,tonnes,0.0,GRP-a13779f8,"Au and Ag and Cu and Zn, Underground mining and beneficiation at Snow Lake",Zn,69284.0,0.08249245877008354,mining,0.0,Zn concentrate,concentrate_economic
,GRP-a13779f8,Water,Manganese (and its compounds),Emission,Waterbody,tonnes,0.0,GRP-a13779f8,"Au and Ag and Cu and Zn, Underground mining and beneficiation at Snow Lake",Au,32.97878714387755,0.7884676295337092,mining,0.0,Au concentrate,concentrate_economic
,GRP-a13779f8,Water,Zinc (and its compounds),Emission,Direct Discharge,tonnes,0.143,GRP-a13779f8,"Au and Ag and Cu and Zn, Underground mining and beneficiation at Snow Lake",Cu,40513.333333333336,0.12903991169620735,mining,4.5547245448142954e-07,Cu concentrate,concentrate_economic
,GRP-a13779f8,Water,Zinc (and its compounds),Emission,Direct Discharge,tonnes,0.143,GRP-a13779f8,"Au and Ag and Cu and Zn, Underground mining and beneficiation at Snow Lake",Zn,69284.0,0.08249245877008354,mining,1.702618440638812e-07,Zn concentrate,concentrate_economic
,GRP-a13779f8,Water,Zinc (and its compounds),Emission,Direct Discharge,tonnes,0.143,GRP-a13779f8,"Au and Ag and Cu and Zn, Underground mining and beneficiation at Snow Lake",Au,32.97878714387755,0.7884676295337092,mining,0.003418890771556237,Au concentrate,concentrate_economic
,GRP-a13779f8,Water,Zinc (and its compounds),Emission,Waterbody,tonnes,0.0,GRP-a13779f8,"Au and Ag and Cu and Zn, Underground mining and beneficiation at Snow Lake",Cu,40513.333333333336,0.12903991169620735,mining,0.0,Cu concentrate,concentrate_economic
,GRP-a13779f8,Water,Zinc (and its compounds),Emission,Waterbody,tonnes,0.0,GRP-a13779f8,"Au and Ag and Cu and Zn, Underground mining and beneficiation at Snow Lake",Zn,69284.0,0.08249245877008354,mining,0.0,Zn concentrate,concentrate_economic
,GRP-a13779f8,Water,Zinc (and its compounds),Emission,Waterbody,tonnes,0.0,GRP-a13779f8,"Au and Ag and Cu and Zn, Underground mining and beneficiation at Snow Lake",Au,32.97878714387755,0.7884676295337092,mining,0.0,Au concentrate,concentrate_economic
,GRP-a13779f8,Water,Ammonia (total),Emission,Direct Discharge,tonnes,154.16,GRP-a13779f8,"Au and Ag and Cu and Zn, Underground mining and beneficiation at Snow Lake",Cu,40513.333333333336,0.12903991169620735,mining,0.0004910184166633369,Cu concentrate,concentrate_economic
,GRP-a13779f8,Water,Ammonia (total),Emission,Direct Discharge,tonnes,154.16,GRP-a13779f8,"Au and Ag and Cu and Zn, Underground mining and beneficiation at Snow Lake",Zn,69284.0,0.08249245877008354,mining,0.00018354941175446107,Zn concentrate,concentrate_economic
,GRP-a13779f8,Water,Ammonia (total),Emission,Direct Discharge,tonnes,154.16,GRP-a13779f8,"Au and Ag and Cu and Zn, Underground mining and beneficiation at Snow Lake",Au,32.97878714387755,0.7884676295337092,mining,3.6857077017000663,Au concentrate,concentrate_economic
,GRP-a13779f8,Water,Ammonia (total),Emission,Waterbody,tonnes,0.0,GRP-a13779f8,"Au and Ag and Cu and Zn, Underground mining and beneficiation at Snow Lake",Cu,40513.333333333336,0.12903991169620735,mining,0.0,Cu concentrate,concentrate_economic
,GRP-a13779f8,Water,Ammonia (total),Emission,Waterbody,tonnes,0.0,GRP-a13779f8,"Au and Ag and Cu and Zn, Underground mining and beneficiation at Snow Lake",Zn,69284.0,0.08249245877008354,mining,0.0,Zn concentrate,concentrate_economic
,GRP-a13779f8,Water,Ammonia (total),Emission,Waterbody,tonnes,0.0,GRP-a13779f8,"Au and Ag and Cu and Zn, Underground mining and beneficiation at Snow Lake",Au,32.97878714387755,0.7884676295337092,mining,0.0,Au concentrate,concentrate_economic
