site_id,activity_name,mining_processing_type,archetypes,flow_type,subflow_type,value,unit,data_source,value_formula,amount_parameter,parameter_distribution,value_min,value_mean,value_max,concentrate,mass_conc,allocation_factor,facility_type,value_normalized,value_min_normalized,value_mean_normalized,value_max_normalized,functional_unit,normalization_key,reference_mass_unit
QC-MAIN-b86f7d07,Open-pit and underground mining and beneficiation at Casa Berardi,"Open-pit, underground, concentrator",Free-milling,Material use,Surface/underground emulsion & ANFO,2968.123704016,t,MetalliCan,MetalliCan,,,,,,Au,3.5165997959183577,1.0,mining,0.8440322687446657,,,,Doré,concentrate_economic,kg
ON-MAIN-aeafbb59,Open-pit mining and beneficiation at Detour Lake,"Open-pit, concentrator",Free-milling,Material use,Explosives,16268.5,t,MetalliCan,MetalliCan,,,,,,Au,24.0082838377551,1.0,mining,0.6776202793144414,,,,Doré,concentrate_economic,kg
ON-MAIN-cb85213a,Underground mining and beneficiation at Eagle River,"Underground, concentrator",Free-milling,Material use,Explosives,1211.0,t,MetalliCan,MetalliCan,,,,,,Au,2.7760508515306124,1.0,mining,0.436231202080574,,,,Doré,concentrate_economic,kg
QC-MAIN-6dc537e6,Underground mining and beneficiation at Éléonore,"Underground, concentrator",Free-milling,Material use,Cement,27374.0,t,MetalliCan,MetalliCan,,,,,,Au,7.738899920918366,1.0,mining,3.5371952447669797,,,,Doré,concentrate_economic,kg
QC-MAIN-6dc537e6,Underground mining and beneficiation at Éléonore,"Underground, concentrator",Free-milling,Material use,Grinding media,3039.9,t,MetalliCan,MetalliCan,,,,,,Au,7.738899920918366,1.0,mining,0.3928077673912158,,,,Doré,concentrate_economic,kg
QC-MAIN-6dc537e6,Underground mining and beneficiation at Éléonore,"Underground, concentrator",Free-milling,Material use,Lime,2229.0,t,MetalliCan,MetalliCan,,,,,,Au,7.738899920918366,1.0,mining,0.28802543291391824,,,,Doré,concentrate_economic,kg
QC-MAIN-6dc537e6,Underground mining and beneficiation at Éléonore,"Underground, concentrator",Free-milling,Material use,Lubricants,335.00456,t,MetalliCan,MetalliCan,,,,,,Au,7.738899920918366,1.0,mining,0.043288395433888155,,,,Doré,concentrate_economic,kg
QC-MAIN-6dc537e6,Underground mining and beneficiation at Éléonore,"Underground, concentrator",Free-milling,Material use,Nitric acid (HNO3),40.12825,t,MetalliCan,MetalliCan,,,,,,Au,7.738899920918366,1.0,mining,0.005185265400775208,,,,Doré,concentrate_economic,kg
QC-MAIN-6dc537e6,Underground mining and beneficiation at Éléonore,"Underground, concentrator",Free-milling,Material use,Sodium cyanide (NaCN),838.8,t,MetalliCan,MetalliCan,,,,,,Au,7.738899920918366,1.0,mining,0.10838749803866962,,,,Doré,concentrate_economic,kg
QC-MAIN-6dc537e6,Underground mining and beneficiation at Éléonore,"Underground, concentrator",Free-milling,Material use,Sulfuric acid (H2SO4),0.1360864,t,MetalliCan,MetalliCan,,,,,,Au,7.738899920918366,1.0,mining,1.7584721522519804e-05,,,,Doré,concentrate_economic,kg
QC-MAIN-6dc537e6,Underground mining and beneficiation at Éléonore,"Underground, concentrator",Free-milling,Material use,Tires,241.250566996281,t,MetalliCan,MetalliCan,,,,,,Au,7.738899920918366,1.0,mining,0.031173754598399314,,,,Doré,concentrate_economic,kg
QC-MAIN-c0660aec,Underground mining and beneficiation at Goldex,"Underground, concentrator",Free-milling,Material use,Explosives,2761.75,t,MetalliCan,MetalliCan,,,,,,Cu,130.12252666666666,0.003859237362487364,mining,8.190932852966027e-05,,,,Cu concentrate,concentrate_economic,kg
QC-MAIN-c0660aec,Underground mining and beneficiation at Goldex,"Underground, concentrator",Free-milling,Material use,Explosives,2761.75,t,MetalliCan,MetalliCan,,,,,,Au,4.474542118316694,0.9961407626375127,mining,0.6148320159849342,,,,Doré,concentrate_economic,kg
ON-MAIN-687b8c8d,Underground mining and beneficiation at Island,"Underground, concentrator",Free-milling,Material use,Total blasting agents used e.g. ANFO,486.3,t,MetalliCan,MetalliCan,,,,,,Au,4.1704080612244905,1.0,mining,0.11660729426492032,,,,Doré,concentrate_economic,kg
ON-MAIN-687b8c8d,Underground mining and beneficiation at Island,"Underground, concentrator",Free-milling,Material use,Total sodium cyanide used,245.0,t,MetalliCan,MetalliCan,,,,,,Au,4.1704080612244905,1.0,mining,0.058747248807126215,,,,Doré,concentrate_economic,kg
YT-MAIN-44857446,Underground mining and beneficiation at Keno Hill Silver District,"Underground, concentrator",High-grade polymetallic Pb-Zn-Ag,Material use,Surface/underground emulsion & ANFO,231.88076632,t,MetalliCan,MetalliCan,,,,,,Zn,2678.0,0.9939404291135293,mining,8.606260955163362e-05,,,,Zn concentrate,concentrate_economic,kg
YT-MAIN-44857446,Underground mining and beneficiation at Keno Hill Silver District,"Underground, concentrator",High-grade polymetallic Pb-Zn-Ag,Material use,Surface/underground emulsion & ANFO,231.88076632,t,MetalliCan,MetalliCan,,,,,,Pb,20.416666666666668,0.0060595708864706705,mining,6.882112362735579e-05,,,,Pb concentrate,concentrate_economic,kg
QC-MAIN-9de9bb0d,Open-pit mining and beneficiation at Kiena,"Open-pit, concentrator",Free-milling,Material use,Explosives,506.0,t,MetalliCan,MetalliCan,,,,,,Au,1.2201776096938775,1.0,mining,0.41469372653621067,,,,Doré,concentrate_economic,kg
QC-MAIN-e51eda66,Underground mining and beneficiation at LaRonde,"Underground, concentrator","Porphyry sulfide, flotation-based",Material use,Explosives,1570.0,t,MetalliCan,MetalliCan,,,,,,Cu,8593.20125,0.09772240804218515,mining,1.7854135631494804e-05,,,,Cu concentrate,concentrate_economic,kg
QC-MAIN-e51eda66,Underground mining and beneficiation at LaRonde,"Underground, concentrator","Porphyry sulfide, flotation-based",Material use,Explosives,1570.0,t,MetalliCan,MetalliCan,,,,,,Zn,15404.877034,0.06548662801881933,mining,6.674120524469377e-06,,,,Zn concentrate,concentrate_economic,kg
QC-MAIN-e51eda66,Underground mining and beneficiation at LaRonde,"Underground, concentrator","Porphyry sulfide, flotation-based",Material use,Explosives,1570.0,t,MetalliCan,MetalliCan,,,,,,Au,9.802902790306113,0.8367909639389955,mining,0.13401763145946677,,,,Doré,concentrate_economic,kg
ON-MAIN-1f126a43,Underground mining and beneficiation at Macassa,"Underground, concentrator",Free-milling,Material use,Explosives,20644.0,t,MetalliCan,MetalliCan,,,,,,Au,7.253304461734694,1.0,mining,2.846151034870912,,,,Doré,concentrate_economic,kg
GRP-0a2c0d69,Open-pit and underground mining at Meadowbank complex,"Open-pit, underground",Free-milling,Material use,Explosives,11329.5,t,MetalliCan,MetalliCan,,,,,,Au,17.66760135719143,1.0,mining,0.6412585257584179,,,,Doré,concentrate_economic,kg
NU-MAIN-8b0264c9,Open-pit and underground mining and beneficiation at Meliadine,"Open-pit, underground, concentrator",Free-milling,Material use,Explosives,4549.5,t,MetalliCan,MetalliCan,,,,,,Au,12.41413683010194,1.0,mining,0.3664773525750353,,,,Doré,concentrate_economic,kg
BC-MAIN-ed23117f,Open-pit mining and beneficiation at Mount Milligan,"Open-pit, concentrator","Porphyry sulfide, flotation-based",Material use,Explosives,646.875,t,MetalliCan,MetalliCan,,,,,,Cu,93533.69434666667,1.0,mining,6.915956912836868e-06,,,,Cu concentrate,concentrate_economic,kg
ON-MAIN-fefeaee4,Underground mining and beneficiation at Musselwhite,"Underground, concentrator",Free-milling,Material use,Cement,9417.6,t,MetalliCan,MetalliCan,,,,,,Au,5.712887755102041,1.0,mining,1.6484832896619352,,,,Doré,concentrate_economic,kg
ON-MAIN-fefeaee4,Underground mining and beneficiation at Musselwhite,"Underground, concentrator",Free-milling,Material use,Grinding media,726.071,t,MetalliCan,MetalliCan,,,,,,Au,5.712887755102041,1.0,mining,0.12709351752125075,,,,Doré,concentrate_economic,kg
ON-MAIN-fefeaee4,Underground mining and beneficiation at Musselwhite,"Underground, concentrator",Free-milling,Material use,Hydrochloric acid (HCL),68.068,t,MetalliCan,MetalliCan,,,,,,Au,5.712887755102041,1.0,mining,0.01191481487435319,,,,Doré,concentrate_economic,kg
ON-MAIN-fefeaee4,Underground mining and beneficiation at Musselwhite,"Underground, concentrator",Free-milling,Material use,Lime,924.081,t,MetalliCan,MetalliCan,,,,,,Au,5.712887755102041,1.0,mining,0.1617537468987949,,,,Doré,concentrate_economic,kg
ON-MAIN-fefeaee4,Underground mining and beneficiation at Musselwhite,"Underground, concentrator",Free-milling,Material use,Lubricants,296.13848,t,MetalliCan,MetalliCan,,,,,,Au,5.712887755102041,1.0,mining,0.051836915531121006,,,,Doré,concentrate_economic,kg
ON-MAIN-fefeaee4,Underground mining and beneficiation at Musselwhite,"Underground, concentrator",Free-milling,Material use,Sodium cyanide (NaCN),390.003,t,MetalliCan,MetalliCan,,,,,,Au,5.712887755102041,1.0,mining,0.06826722608923969,,,,Doré,concentrate_economic,kg
ON-MAIN-fefeaee4,Underground mining and beneficiation at Musselwhite,"Underground, concentrator",Free-milling,Material use,Tires,100.705343372947,t,MetalliCan,MetalliCan,,,,,,Au,5.712887755102041,1.0,mining,0.01762774759280182,,,,Doré,concentrate_economic,kg
BC-MAIN-aa76f6f2,Underground mining and beneficiation at New Afton,"Underground, concentrator","Porphyry sulfide, flotation-based",Material use,2'' balls,980.0,t,MetalliCan,MetalliCan,,,,,,Cu,71667.53600000001,1.0,mining,1.3674252732785454e-05,,,,Cu concentrate,concentrate_economic,kg
BC-MAIN-aa76f6f2,Underground mining and beneficiation at New Afton,"Underground, concentrator","Porphyry sulfide, flotation-based",Material use,3/4'' balls,179.0,t,MetalliCan,MetalliCan,,,,,,Cu,71667.53600000001,1.0,mining,2.4976441216006085e-06,,,,Cu concentrate,concentrate_economic,kg
BC-MAIN-aa76f6f2,Underground mining and beneficiation at New Afton,"Underground, concentrator","Porphyry sulfide, flotation-based",Material use,Anti-scalant,38.0,t,MetalliCan,MetalliCan,,,,,,Cu,71667.53600000001,1.0,mining,5.302261263733135e-07,,,,Cu concentrate,concentrate_economic,kg
BC-MAIN-aa76f6f2,Underground mining and beneficiation at New Afton,"Underground, concentrator","Porphyry sulfide, flotation-based",Material use,Explosives,522.6,t,MetalliCan,MetalliCan,,,,,,Cu,71667.53600000001,1.0,mining,7.29200456954457e-06,,,,Cu concentrate,concentrate_economic,kg
BC-MAIN-aa76f6f2,Underground mining and beneficiation at New Afton,"Underground, concentrator","Porphyry sulfide, flotation-based",Material use,Flocculant,192.0,t,MetalliCan,MetalliCan,,,,,,Cu,71667.53600000001,1.0,mining,2.6790372700967417e-06,,,,Cu concentrate,concentrate_economic,kg
BC-MAIN-aa76f6f2,Underground mining and beneficiation at New Afton,"Underground, concentrator","Porphyry sulfide, flotation-based",Material use,Lime,2724.0,t,MetalliCan,MetalliCan,,,,,,Cu,71667.53600000001,1.0,mining,3.800884126949753e-05,,,,Cu concentrate,concentrate_economic,kg
BC-MAIN-aa76f6f2,Underground mining and beneficiation at New Afton,"Underground, concentrator","Porphyry sulfide, flotation-based",Material use,Polyfroth h57,55.0,t,MetalliCan,MetalliCan,,,,,,Cu,71667.53600000001,1.0,mining,7.67432551329796e-07,,,,Cu concentrate,concentrate_economic,kg
BC-MAIN-aa76f6f2,Underground mining and beneficiation at New Afton,"Underground, concentrator","Porphyry sulfide, flotation-based",Material use,S60 SAG Balls,583.0,t,MetalliCan,MetalliCan,,,,,,Cu,71667.53600000001,1.0,mining,8.134785044095837e-06,,,,Cu concentrate,concentrate_economic,kg
GRP-0d911886,Open-pit and underground mining at Porcupine complex,"Open-pit, underground",Free-milling,Material use,Cement,12578.0,t,MetalliCan,MetalliCan,,,,,,Au,8.251948979591836,1.0,mining,1.5242459728128546,,,,Doré,concentrate_economic,kg
GRP-0d911886,Open-pit and underground mining at Porcupine complex,"Open-pit, underground",Free-milling,Material use,Grinding media,1932.222,t,MetalliCan,MetalliCan,,,,,,Au,8.251948979591836,1.0,mining,0.234153410882525,,,,Doré,concentrate_economic,kg
GRP-0d911886,Open-pit and underground mining at Porcupine complex,"Open-pit, underground",Free-milling,Material use,Hydrochloric acid (HCL),2.68345,t,MetalliCan,MetalliCan,,,,,,Au,8.251948979591836,1.0,mining,0.0003251898438340479,,,,Doré,concentrate_economic,kg
GRP-0d911886,Open-pit and underground mining at Porcupine complex,"Open-pit, underground",Free-milling,Material use,Lime,4346.921,t,MetalliCan,MetalliCan,,,,,,Au,8.251948979591836,1.0,mining,0.5267750698350793,,,,Doré,concentrate_economic,kg
GRP-0d911886,Open-pit and underground mining at Porcupine complex,"Open-pit, underground",Free-milling,Material use,Lubricants,545.0420799999999,t,MetalliCan,MetalliCan,,,,,,Au,8.251948979591836,1.0,mining,0.06605010299360324,,,,Doré,concentrate_economic,kg
GRP-0d911886,Open-pit and underground mining at Porcupine complex,"Open-pit, underground",Free-milling,Material use,Nitric acid (HNO3),0.26425,t,MetalliCan,MetalliCan,,,,,,Au,8.251948979591836,1.0,mining,3.2022737980266875e-05,,,,Doré,concentrate_economic,kg
GRP-0d911886,Open-pit and underground mining at Porcupine complex,"Open-pit, underground",Free-milling,Material use,Sodium cyanide (NaCN),734.521,t,MetalliCan,MetalliCan,,,,,,Au,8.251948979591836,1.0,mining,0.08901182033681591,,,,Doré,concentrate_economic,kg
GRP-0d911886,Open-pit and underground mining at Porcupine complex,"Open-pit, underground",Free-milling,Material use,Sulfuric acid (H2SO4),0.009200000000000002,t,MetalliCan,MetalliCan,,,,,,Au,8.251948979591836,1.0,mining,1.1148881340338898e-06,,,,Doré,concentrate_economic,kg
GRP-0d911886,Open-pit and underground mining at Porcupine complex,"Open-pit, underground",Free-milling,Material use,Tires,626.983579787717,t,MetalliCan,MetalliCan,,,,,,Au,8.251948979591836,1.0,mining,0.0759800601455887,,,,Doré,concentrate_economic,kg
ON-MAIN-0aadf28f,Open-pit and underground mining and beneficiation at Rainy River,"Open-pit, underground, concentrator",Free-milling,Material use,2.5'' balls,5977.02,t,MetalliCan,MetalliCan,,,,,,Au,8.05342613010203,1.0,mining,0.7421710838892709,,,,Doré,concentrate_economic,kg
ON-MAIN-0aadf28f,Open-pit and underground mining and beneficiation at Rainy River,"Open-pit, underground, concentrator",Free-milling,Material use,5.5'' balls,2819.39,t,MetalliCan,MetalliCan,,,,,,Au,8.05342613010203,1.0,mining,0.35008578392017614,,,,Doré,concentrate_economic,kg
ON-MAIN-0aadf28f,Open-pit and underground mining and beneficiation at Rainy River,"Open-pit, underground, concentrator",Free-milling,Material use,Anti-scalant,231.23982,t,MetalliCan,MetalliCan,,,,,,Au,8.05342613010203,1.0,mining,0.028713222951865628,,,,Doré,concentrate_economic,kg
ON-MAIN-0aadf28f,Open-pit and underground mining and beneficiation at Rainy River,"Open-pit, underground, concentrator",Free-milling,Material use,Caustic soda,526.21,t,MetalliCan,MetalliCan,,,,,,Au,8.05342613010203,1.0,mining,0.06533989279831308,,,,Doré,concentrate_economic,kg
ON-MAIN-0aadf28f,Open-pit and underground mining and beneficiation at Rainy River,"Open-pit, underground, concentrator",Free-milling,Material use,Cyanide,2269.57,t,MetalliCan,MetalliCan,,,,,,Au,8.05342613010203,1.0,mining,0.2818142196048487,,,,Doré,concentrate_economic,kg
ON-MAIN-0aadf28f,Open-pit and underground mining and beneficiation at Rainy River,"Open-pit, underground, concentrator",Free-milling,Material use,Explosives,14805.627,t,MetalliCan,MetalliCan,,,,,,Au,8.05342613010203,1.0,mining,1.838425877485813,,,,Doré,concentrate_economic,kg
ON-MAIN-0aadf28f,Open-pit and underground mining and beneficiation at Rainy River,"Open-pit, underground, concentrator",Free-milling,Material use,Flocculant,149.1,t,MetalliCan,MetalliCan,,,,,,Au,8.05342613010203,1.0,mining,0.018513859516596946,,,,Doré,concentrate_economic,kg
ON-MAIN-0aadf28f,Open-pit and underground mining and beneficiation at Rainy River,"Open-pit, underground, concentrator",Free-milling,Material use,Lime,6390.4,t,MetalliCan,MetalliCan,,,,,,Au,8.05342613010203,1.0,mining,0.7935007904417245,,,,Doré,concentrate_economic,kg
GRP-147b3123,Underground mining and beneficiation at Timmins Operation,"Underground, concentrator",Free-milling,Material use,Ammonium nitrate,6.9,t,MetalliCan,MetalliCan,,,,,,Au,4.218015459183674,1.0,mining,0.0016358403772506278,,,,Doré,concentrate_economic,kg
GRP-147b3123,Underground mining and beneficiation at Timmins Operation,"Underground, concentrator",Free-milling,Material use,Dynamite,1629.933333333333,t,MetalliCan,MetalliCan,,,,,,Au,4.218015459183674,1.0,mining,0.3864218491149815,,,,Doré,concentrate_economic,kg
GRP-147b3123,Underground mining and beneficiation at Timmins Operation,"Underground, concentrator",Free-milling,Material use,Emulsions,675.4333333333334,t,MetalliCan,MetalliCan,,,,,,Au,4.218015459183674,1.0,mining,0.16013059692864479,,,,Doré,concentrate_economic,kg
QC-MAIN-02884fb5,Underground mining and beneficiation at Westwood-Doyon,"Underground, concentrator",Free-milling,Material use,ANFO,665.608695652174,t,MetalliCan,MetalliCan,,,,,,Au,4.118166876530612,1.0,mining,0.16162742200794986,,,,Doré,concentrate_economic,kg
QC-MAIN-02884fb5,Underground mining and beneficiation at Westwood-Doyon,"Underground, concentrator",Free-milling,Material use,Anti-scalant,35.4,t,MetalliCan,MetalliCan,,,,,,Au,4.118166876530612,1.0,mining,0.008596057678416145,,,,Doré,concentrate_economic,kg
QC-MAIN-02884fb5,Underground mining and beneficiation at Westwood-Doyon,"Underground, concentrator",Free-milling,Material use,Carbon,60.4,t,MetalliCan,MetalliCan,,,,,,Au,4.118166876530612,1.0,mining,0.014666719880687433,,,,Doré,concentrate_economic,kg
QC-MAIN-02884fb5,Underground mining and beneficiation at Westwood-Doyon,"Underground, concentrator",Free-milling,Material use,Caustic soda,86.6,t,MetalliCan,MetalliCan,,,,,,Au,4.118166876530612,1.0,mining,0.021028773868667743,,,,Doré,concentrate_economic,kg
QC-MAIN-02884fb5,Underground mining and beneficiation at Westwood-Doyon,"Underground, concentrator",Free-milling,Material use,Compressor oil,1.5,t,MetalliCan,MetalliCan,,,,,,Au,4.118166876530612,1.0,mining,0.0003642397321362773,,,,Doré,concentrate_economic,kg
QC-MAIN-02884fb5,Underground mining and beneficiation at Westwood-Doyon,"Underground, concentrator",Free-milling,Material use,Cyanide,399.3,t,MetalliCan,MetalliCan,,,,,,Au,4.118166876530612,1.0,mining,0.09696061669467702,,,,Doré,concentrate_economic,kg
QC-MAIN-02884fb5,Underground mining and beneficiation at Westwood-Doyon,"Underground, concentrator",Free-milling,Material use,Emulsion ANFO,1420.2,t,MetalliCan,MetalliCan,,,,,,Au,4.118166876530612,1.0,mining,0.34486217838662736,,,,Doré,concentrate_economic,kg
QC-MAIN-02884fb5,Underground mining and beneficiation at Westwood-Doyon,"Underground, concentrator",Free-milling,Material use,Explosives,1483.4,t,MetalliCan,MetalliCan,,,,,,Au,4.118166876530612,1.0,mining,0.36020881243396924,,,,Doré,concentrate_economic,kg
QC-MAIN-02884fb5,Underground mining and beneficiation at Westwood-Doyon,"Underground, concentrator",Free-milling,Material use,Flocculant,46.2,t,MetalliCan,MetalliCan,,,,,,Au,4.118166876530612,1.0,mining,0.011218583749797343,,,,Doré,concentrate_economic,kg
QC-MAIN-02884fb5,Underground mining and beneficiation at Westwood-Doyon,"Underground, concentrator",Free-milling,Material use,Grease,4.5,t,MetalliCan,MetalliCan,,,,,,Au,4.118166876530612,1.0,mining,0.0010927191964088321,,,,Doré,concentrate_economic,kg
QC-MAIN-02884fb5,Underground mining and beneficiation at Westwood-Doyon,"Underground, concentrator",Free-milling,Material use,Hydraulic oil,200.2,t,MetalliCan,MetalliCan,,,,,,Au,4.118166876530612,1.0,mining,0.04861386291578848,,,,Doré,concentrate_economic,kg
QC-MAIN-02884fb5,Underground mining and beneficiation at Westwood-Doyon,"Underground, concentrator",Free-milling,Material use,Lime,5069.3,t,MetalliCan,MetalliCan,,,,,,Au,4.118166876530612,1.0,mining,1.2309603160789537,,,,Doré,concentrate_economic,kg
QC-MAIN-02884fb5,Underground mining and beneficiation at Westwood-Doyon,"Underground, concentrator",Free-milling,Material use,Motor/drill oil,18.9,t,MetalliCan,MetalliCan,,,,,,Au,4.118166876530612,1.0,mining,0.004589420624917094,,,,Doré,concentrate_economic,kg
QC-MAIN-02884fb5,Underground mining and beneficiation at Westwood-Doyon,"Underground, concentrator",Free-milling,Material use,Sulfur dioxide,539.0,t,MetalliCan,MetalliCan,,,,,,Au,4.118166876530612,1.0,mining,0.13088347708096898,,,,Doré,concentrate_economic,kg
QC-MAIN-02884fb5,Underground mining and beneficiation at Westwood-Doyon,"Underground, concentrator",Free-milling,Material use,Transmission oil,8.1,t,MetalliCan,MetalliCan,,,,,,Au,4.118166876530612,1.0,mining,0.0019668945535358975,,,,Doré,concentrate_economic,kg
ON-MAIN-7607a50e,Underground mining and beneficiation at Young-Davidson,"Underground, concentrator",Free-milling,Material use,Total blasting agents used e.g. ANFO,2599.5,t,MetalliCan,MetalliCan,,,,,,Au,5.874752908163255,1.0,mining,0.4424866952936639,,,,Doré,concentrate_economic,kg
ON-MAIN-7607a50e,Underground mining and beneficiation at Young-Davidson,"Underground, concentrator",Free-milling,Material use,Total sodium cyanide used,1955.7,t,MetalliCan,MetalliCan,,,,,,Au,5.874752908163255,1.0,mining,0.3328991075152216,,,,Doré,concentrate_economic,kg
BC-MAIN-3f490561,Open-pit mining and beneficiation at Mount Polley,"Open-pit, concentrator","Porphyry sulfide, flotation-based",Material,Anti-scalant,,kg,Archetype inference (nan) | MetalliCan,0.012 * ore_processed_t,,,,,,Cu,45578.436133333336,1.0,mining,,,,,Cu concentrate,concentrate_economic,kg
BC-MAIN-3f490561,Open-pit mining and beneficiation at Mount Polley,"Open-pit, concentrator","Porphyry sulfide, flotation-based",Material,Floculant,,kg,Archetype inference (nan) | MetalliCan,0.063 * ore_processed_t,,,,,,Cu,45578.436133333336,1.0,mining,,,,,Cu concentrate,concentrate_economic,kg
BC-MAIN-3f490561,Open-pit mining and beneficiation at Mount Polley,"Open-pit, concentrator","Porphyry sulfide, flotation-based",Material,Frother,,kg,Archetype inference (nan) | MetalliCan,0.018 * ore_processed_t,,,,,,Cu,45578.436133333336,1.0,mining,,,,,Cu concentrate,concentrate_economic,kg
BC-MAIN-3f490561,Open-pit mining and beneficiation at Mount Polley,"Open-pit, concentrator","Porphyry sulfide, flotation-based",Material,Grinding media,,kg,Archetype inference (nan) | MetalliCan,0.189 * ore_processed_t,,,,,,Cu,45578.436133333336,1.0,mining,,,,,Cu concentrate,concentrate_economic,kg
BC-MAIN-3f490561,Open-pit mining and beneficiation at Mount Polley,"Open-pit, concentrator","Porphyry sulfide, flotation-based",Material,Lime,,kg,Archetype inference (nan) | MetalliCan,0.889 * ore_processed_t,,,,,,Cu,45578.436133333336,1.0,mining,,,,,Cu concentrate,concentrate_economic,kg
BC-MAIN-4724f4ba,Open-pit mining at Elk,Open-pit,Free-milling,Material,Grinding media,,kg,Archetype inference (Comminution) | Norgate & Haque (2010),0.71 * ore_processed_t,,,,,,Au,0.12428704693877551,1.0,mining,,,,,Doré,concentrate_economic,kg
BC-MAIN-4724f4ba,Open-pit mining at Elk,Open-pit,Free-milling,Material,Lime,,kg,Archetype inference (Extraction and recovery - Cyanidation) | Norgate & Haque (2010),2.2 * ore_processed_t,,,,,,Au,0.12428704693877551,1.0,mining,,,,,Doré,concentrate_economic,kg
BC-MAIN-4724f4ba,Open-pit mining at Elk,Open-pit,Free-milling,Material,Sodium cyanide,,kg,Archetype inference (Extraction and recovery - Cyanidation) | Norgate & Haque (2010),0.64 * ore_processed_t,,,,,,Au,0.12428704693877551,1.0,mining,,,,,Doré,concentrate_economic,kg
BC-MAIN-4724f4ba,Open-pit mining at Elk,Open-pit,Free-milling,Material,Activated carbon,,g,Archetype inference (Extraction and recovery - CIP) | Norgate & Haque (2010),24 * ore_processed_t,,,,,,Au,0.12428704693877551,1.0,mining,,,,,Doré,concentrate_economic,kg
BC-MAIN-4724f4ba,Open-pit mining at Elk,Open-pit,Free-milling,Material,Hydrochloric acid,,g,Archetype inference (Extraction and recovery - CIP) | Norgate & Haque (2010),83 * ore_processed_t,,,,,,Au,0.12428704693877551,1.0,mining,,,,,Doré,concentrate_economic,kg
BC-MAIN-599152a0,Open-pit mining and beneficiation at Copper Mountain,"Open-pit, concentrator","Porphyry sulfide, flotation-based",Material,Anti-scalant,,kg,Archetype inference (nan) | MetalliCan,0.012 * ore_processed_t,,,,,,Cu,63500.0,1.0,mining,,,,,Cu concentrate,concentrate_economic,kg
BC-MAIN-599152a0,Open-pit mining and beneficiation at Copper Mountain,"Open-pit, concentrator","Porphyry sulfide, flotation-based",Material,Floculant,,kg,Archetype inference (nan) | MetalliCan,0.063 * ore_processed_t,,,,,,Cu,63500.0,1.0,mining,,,,,Cu concentrate,concentrate_economic,kg
BC-MAIN-599152a0,Open-pit mining and beneficiation at Copper Mountain,"Open-pit, concentrator","Porphyry sulfide, flotation-based",Material,Frother,,kg,Archetype inference (nan) | MetalliCan,0.018 * ore_processed_t,,,,,,Cu,63500.0,1.0,mining,,,,,Cu concentrate,concentrate_economic,kg
BC-MAIN-599152a0,Open-pit mining and beneficiation at Copper Mountain,"Open-pit, concentrator","Porphyry sulfide, flotation-based",Material,Grinding media,,kg,Archetype inference (nan) | MetalliCan,0.189 * ore_processed_t,,,,,,Cu,63500.0,1.0,mining,,,,,Cu concentrate,concentrate_economic,kg
BC-MAIN-599152a0,Open-pit mining and beneficiation at Copper Mountain,"Open-pit, concentrator","Porphyry sulfide, flotation-based",Material,Lime,,kg,Archetype inference (nan) | MetalliCan,0.889 * ore_processed_t,,,,,,Cu,63500.0,1.0,mining,,,,,Cu concentrate,concentrate_economic,kg
BC-MAIN-6b4800fe,Open-pit mining and beneficiation at Gibraltar,"Open-pit, concentrator","Porphyry sulfide, flotation-based",Material,Anti-scalant,,kg,Archetype inference (nan) | MetalliCan,0.012 * ore_processed_t,,,,,,Cu,185367.93066666668,0.9997556641309961,mining,,,,,Cu concentrate,concentrate_economic,kg
BC-MAIN-6b4800fe,Open-pit mining and beneficiation at Gibraltar,"Open-pit, concentrator","Porphyry sulfide, flotation-based",Material,Anti-scalant,,kg,Archetype inference (nan) | MetalliCan,0.012 * ore_processed_t,,,,,,Mo,10.690540862745097,0.0002443358690038284,mining,,,,,Mo concentrate,concentrate_economic,kg
BC-MAIN-6b4800fe,Open-pit mining and beneficiation at Gibraltar,"Open-pit, concentrator","Porphyry sulfide, flotation-based",Material,Floculant,,kg,Archetype inference (nan) | MetalliCan,0.063 * ore_processed_t,,,,,,Cu,185367.93066666668,0.9997556641309961,mining,,,,,Cu concentrate,concentrate_economic,kg
BC-MAIN-6b4800fe,Open-pit mining and beneficiation at Gibraltar,"Open-pit, concentrator","Porphyry sulfide, flotation-based",Material,Floculant,,kg,Archetype inference (nan) | MetalliCan,0.063 * ore_processed_t,,,,,,Mo,10.690540862745097,0.0002443358690038284,mining,,,,,Mo concentrate,concentrate_economic,kg
BC-MAIN-6b4800fe,Open-pit mining and beneficiation at Gibraltar,"Open-pit, concentrator","Porphyry sulfide, flotation-based",Material,Frother,,kg,Archetype inference (nan) | MetalliCan,0.018 * ore_processed_t,,,,,,Cu,185367.93066666668,0.9997556641309961,mining,,,,,Cu concentrate,concentrate_economic,kg
BC-MAIN-6b4800fe,Open-pit mining and beneficiation at Gibraltar,"Open-pit, concentrator","Porphyry sulfide, flotation-based",Material,Frother,,kg,Archetype inference (nan) | MetalliCan,0.018 * ore_processed_t,,,,,,Mo,10.690540862745097,0.0002443358690038284,mining,,,,,Mo concentrate,concentrate_economic,kg
BC-MAIN-6b4800fe,Open-pit mining and beneficiation at Gibraltar,"Open-pit, concentrator","Porphyry sulfide, flotation-based",Material,Grinding media,,kg,Archetype inference (nan) | MetalliCan,0.189 * ore_processed_t,,,,,,Cu,185367.93066666668,0.9997556641309961,mining,,,,,Cu concentrate,concentrate_economic,kg
BC-MAIN-6b4800fe,Open-pit mining and beneficiation at Gibraltar,"Open-pit, concentrator","Porphyry sulfide, flotation-based",Material,Grinding media,,kg,Archetype inference (nan) | MetalliCan,0.189 * ore_processed_t,,,,,,Mo,10.690540862745097,0.0002443358690038284,mining,,,,,Mo concentrate,concentrate_economic,kg
BC-MAIN-6b4800fe,Open-pit mining and beneficiation at Gibraltar,"Open-pit, concentrator","Porphyry sulfide, flotation-based",Material,Lime,,kg,Archetype inference (nan) | MetalliCan,0.889 * ore_processed_t,,,,,,Cu,185367.93066666668,0.9997556641309961,mining,,,,,Cu concentrate,concentrate_economic,kg
BC-MAIN-6b4800fe,Open-pit mining and beneficiation at Gibraltar,"Open-pit, concentrator","Porphyry sulfide, flotation-based",Material,Lime,,kg,Archetype inference (nan) | MetalliCan,0.889 * ore_processed_t,,,,,,Mo,10.690540862745097,0.0002443358690038284,mining,,,,,Mo concentrate,concentrate_economic,kg
BC-MAIN-bf503b6b,Open-pit mining and beneficiation at Highland Valley,"Open-pit, concentrator","Porphyry sulfide, flotation-based",Material,Anti-scalant,,kg,Archetype inference (nan) | MetalliCan,0.012 * ore_processed_t,,,,,,Cu,341333.3333333334,0.9997809583158581,mining,,,,,Cu concentrate,concentrate_economic,kg
BC-MAIN-bf503b6b,Open-pit mining and beneficiation at Highland Valley,"Open-pit, concentrator","Porphyry sulfide, flotation-based",Material,Anti-scalant,,kg,Archetype inference (nan) | MetalliCan,0.012 * ore_processed_t,,,,,,Mo,17.647058823529413,0.00021904168414189142,mining,,,,,Mo concentrate,concentrate_economic,kg
BC-MAIN-bf503b6b,Open-pit mining and beneficiation at Highland Valley,"Open-pit, concentrator","Porphyry sulfide, flotation-based",Material,Floculant,,kg,Archetype inference (nan) | MetalliCan,0.063 * ore_processed_t,,,,,,Cu,341333.3333333334,0.9997809583158581,mining,,,,,Cu concentrate,concentrate_economic,kg
BC-MAIN-bf503b6b,Open-pit mining and beneficiation at Highland Valley,"Open-pit, concentrator","Porphyry sulfide, flotation-based",Material,Floculant,,kg,Archetype inference (nan) | MetalliCan,0.063 * ore_processed_t,,,,,,Mo,17.647058823529413,0.00021904168414189142,mining,,,,,Mo concentrate,concentrate_economic,kg
BC-MAIN-bf503b6b,Open-pit mining and beneficiation at Highland Valley,"Open-pit, concentrator","Porphyry sulfide, flotation-based",Material,Frother,,kg,Archetype inference (nan) | MetalliCan,0.018 * ore_processed_t,,,,,,Cu,341333.3333333334,0.9997809583158581,mining,,,,,Cu concentrate,concentrate_economic,kg
BC-MAIN-bf503b6b,Open-pit mining and beneficiation at Highland Valley,"Open-pit, concentrator","Porphyry sulfide, flotation-based",Material,Frother,,kg,Archetype inference (nan) | MetalliCan,0.018 * ore_processed_t,,,,,,Mo,17.647058823529413,0.00021904168414189142,mining,,,,,Mo concentrate,concentrate_economic,kg
BC-MAIN-bf503b6b,Open-pit mining and beneficiation at Highland Valley,"Open-pit, concentrator","Porphyry sulfide, flotation-based",Material,Grinding media,,kg,Archetype inference (nan) | MetalliCan,0.189 * ore_processed_t,,,,,,Cu,341333.3333333334,0.9997809583158581,mining,,,,,Cu concentrate,concentrate_economic,kg
BC-MAIN-bf503b6b,Open-pit mining and beneficiation at Highland Valley,"Open-pit, concentrator","Porphyry sulfide, flotation-based",Material,Grinding media,,kg,Archetype inference (nan) | MetalliCan,0.189 * ore_processed_t,,,,,,Mo,17.647058823529413,0.00021904168414189142,mining,,,,,Mo concentrate,concentrate_economic,kg
BC-MAIN-bf503b6b,Open-pit mining and beneficiation at Highland Valley,"Open-pit, concentrator","Porphyry sulfide, flotation-based",Material,Lime,,kg,Archetype inference (nan) | MetalliCan,0.889 * ore_processed_t,,,,,,Cu,341333.3333333334,0.9997809583158581,mining,,,,,Cu concentrate,concentrate_economic,kg
BC-MAIN-bf503b6b,Open-pit mining and beneficiation at Highland Valley,"Open-pit, concentrator","Porphyry sulfide, flotation-based",Material,Lime,,kg,Archetype inference (nan) | MetalliCan,0.889 * ore_processed_t,,,,,,Mo,17.647058823529413,0.00021904168414189142,mining,,,,,Mo concentrate,concentrate_economic,kg
BC-MAIN-ed23117f,Open-pit mining and beneficiation at Mount Milligan,"Open-pit, concentrator","Porphyry sulfide, flotation-based",Material,Anti-scalant,,kg,Archetype inference (nan) | MetalliCan,0.012 * ore_processed_t,,,,,,Cu,93533.69434666667,1.0,mining,,,,,Cu concentrate,concentrate_economic,kg
BC-MAIN-ed23117f,Open-pit mining and beneficiation at Mount Milligan,"Open-pit, concentrator","Porphyry sulfide, flotation-based",Material,Floculant,,kg,Archetype inference (nan) | MetalliCan,0.063 * ore_processed_t,,,,,,Cu,93533.69434666667,1.0,mining,,,,,Cu concentrate,concentrate_economic,kg
BC-MAIN-ed23117f,Open-pit mining and beneficiation at Mount Milligan,"Open-pit, concentrator","Porphyry sulfide, flotation-based",Material,Frother,,kg,Archetype inference (nan) | MetalliCan,0.018 * ore_processed_t,,,,,,Cu,93533.69434666667,1.0,mining,,,,,Cu concentrate,concentrate_economic,kg
BC-MAIN-ed23117f,Open-pit mining and beneficiation at Mount Milligan,"Open-pit, concentrator","Porphyry sulfide, flotation-based",Material,Grinding media,,kg,Archetype inference (nan) | MetalliCan,0.189 * ore_processed_t,,,,,,Cu,93533.69434666667,1.0,mining,,,,,Cu concentrate,concentrate_economic,kg
BC-MAIN-ed23117f,Open-pit mining and beneficiation at Mount Milligan,"Open-pit, concentrator","Porphyry sulfide, flotation-based",Material,Lime,,kg,Archetype inference (nan) | MetalliCan,0.889 * ore_processed_t,,,,,,Cu,93533.69434666667,1.0,mining,,,,,Cu concentrate,concentrate_economic,kg
MB-MAIN-e0a6250e,Open-pit and underground mining and beneficiation at Thompson (T-1 and T-3),"Open-pit, underground, concentrator","Porphyry sulfide, flotation-based",Material,Anti-scalant,,kg,Archetype inference (nan) | MetalliCan,0.012 * ore_processed_t,,,,,,Ni,49375.0,1.0,mining,,,,,Ni concentrate,concentrate_economic,kg
MB-MAIN-e0a6250e,Open-pit and underground mining and beneficiation at Thompson (T-1 and T-3),"Open-pit, underground, concentrator","Porphyry sulfide, flotation-based",Material,Floculant,,kg,Archetype inference (nan) | MetalliCan,0.063 * ore_processed_t,,,,,,Ni,49375.0,1.0,mining,,,,,Ni concentrate,concentrate_economic,kg
MB-MAIN-e0a6250e,Open-pit and underground mining and beneficiation at Thompson (T-1 and T-3),"Open-pit, underground, concentrator","Porphyry sulfide, flotation-based",Material,Frother,,kg,Archetype inference (nan) | MetalliCan,0.018 * ore_processed_t,,,,,,Ni,49375.0,1.0,mining,,,,,Ni concentrate,concentrate_economic,kg
MB-MAIN-e0a6250e,Open-pit and underground mining and beneficiation at Thompson (T-1 and T-3),"Open-pit, underground, concentrator","Porphyry sulfide, flotation-based",Material,Grinding media,,kg,Archetype inference (nan) | MetalliCan,0.189 * ore_processed_t,,,,,,Ni,49375.0,1.0,mining,,,,,Ni concentrate,concentrate_economic,kg
MB-MAIN-e0a6250e,Open-pit and underground mining and beneficiation at Thompson (T-1 and T-3),"Open-pit, underground, concentrator","Porphyry sulfide, flotation-based",Material,Lime,,kg,Archetype inference (nan) | MetalliCan,0.889 * ore_processed_t,,,,,,Ni,49375.0,1.0,mining,,,,,Ni concentrate,concentrate_economic,kg
NL-MAIN-2d8801d6,Open-pit and underground mining and beneficiation at Voisey’s Bay,"Open-pit, underground, concentrator","Porphyry sulfide, flotation-based",Material,Anti-scalant,,kg,Archetype inference (nan) | MetalliCan,0.012 * ore_processed_t,,,,,,Ni,84375.0,1.0,mining,,,,,Ni concentrate,concentrate_economic,kg
NL-MAIN-2d8801d6,Open-pit and underground mining and beneficiation at Voisey’s Bay,"Open-pit, underground, concentrator","Porphyry sulfide, flotation-based",Material,Floculant,,kg,Archetype inference (nan) | MetalliCan,0.063 * ore_processed_t,,,,,,Ni,84375.0,1.0,mining,,,,,Ni concentrate,concentrate_economic,kg
NL-MAIN-2d8801d6,Open-pit and underground mining and beneficiation at Voisey’s Bay,"Open-pit, underground, concentrator","Porphyry sulfide, flotation-based",Material,Frother,,kg,Archetype inference (nan) | MetalliCan,0.018 * ore_processed_t,,,,,,Ni,84375.0,1.0,mining,,,,,Ni concentrate,concentrate_economic,kg
NL-MAIN-2d8801d6,Open-pit and underground mining and beneficiation at Voisey’s Bay,"Open-pit, underground, concentrator","Porphyry sulfide, flotation-based",Material,Grinding media,,kg,Archetype inference (nan) | MetalliCan,0.189 * ore_processed_t,,,,,,Ni,84375.0,1.0,mining,,,,,Ni concentrate,concentrate_economic,kg
NL-MAIN-2d8801d6,Open-pit and underground mining and beneficiation at Voisey’s Bay,"Open-pit, underground, concentrator","Porphyry sulfide, flotation-based",Material,Lime,,kg,Archetype inference (nan) | MetalliCan,0.889 * ore_processed_t,,,,,,Ni,84375.0,1.0,mining,,,,,Ni concentrate,concentrate_economic,kg
NU-MAIN-8b0264c9,Open-pit and underground mining and beneficiation at Meliadine,"Open-pit, underground, concentrator",Free-milling,Material,Grinding media,,kg,Archetype inference (Comminution) | Norgate & Haque (2010),0.71 * ore_processed_t,,,,,,Au,12.41413683010194,1.0,mining,,,,,Doré,concentrate_economic,kg
NU-MAIN-8b0264c9,Open-pit and underground mining and beneficiation at Meliadine,"Open-pit, underground, concentrator",Free-milling,Material,Lime,,kg,Archetype inference (Extraction and recovery - Cyanidation) | Norgate & Haque (2010),2.2 * ore_processed_t,,,,,,Au,12.41413683010194,1.0,mining,,,,,Doré,concentrate_economic,kg
NU-MAIN-8b0264c9,Open-pit and underground mining and beneficiation at Meliadine,"Open-pit, underground, concentrator",Free-milling,Material,Sodium cyanide,,kg,Archetype inference (Extraction and recovery - Cyanidation) | Norgate & Haque (2010),0.64 * ore_processed_t,,,,,,Au,12.41413683010194,1.0,mining,,,,,Doré,concentrate_economic,kg
NU-MAIN-8b0264c9,Open-pit and underground mining and beneficiation at Meliadine,"Open-pit, underground, concentrator",Free-milling,Material,Activated carbon,,g,Archetype inference (Extraction and recovery - CIP) | Norgate & Haque (2010),24 * ore_processed_t,,,,,,Au,12.41413683010194,1.0,mining,,,,,Doré,concentrate_economic,kg
NU-MAIN-8b0264c9,Open-pit and underground mining and beneficiation at Meliadine,"Open-pit, underground, concentrator",Free-milling,Material,Hydrochloric acid,,g,Archetype inference (Extraction and recovery - CIP) | Norgate & Haque (2010),83 * ore_processed_t,,,,,,Au,12.41413683010194,1.0,mining,,,,,Doré,concentrate_economic,kg
ON-MAIN-1f126a43,Underground mining and beneficiation at Macassa,"Underground, concentrator",Free-milling,Material,Grinding media,,kg,Archetype inference (Comminution) | Norgate & Haque (2010),0.71 * ore_processed_t,,,,,,Au,7.253304461734694,1.0,mining,,,,,Doré,concentrate_economic,kg
ON-MAIN-1f126a43,Underground mining and beneficiation at Macassa,"Underground, concentrator",Free-milling,Material,Lime,,kg,Archetype inference (Extraction and recovery - Cyanidation) | Norgate & Haque (2010),2.2 * ore_processed_t,,,,,,Au,7.253304461734694,1.0,mining,,,,,Doré,concentrate_economic,kg
ON-MAIN-1f126a43,Underground mining and beneficiation at Macassa,"Underground, concentrator",Free-milling,Material,Sodium cyanide,,kg,Archetype inference (Extraction and recovery - Cyanidation) | Norgate & Haque (2010),0.64 * ore_processed_t,,,,,,Au,7.253304461734694,1.0,mining,,,,,Doré,concentrate_economic,kg
ON-MAIN-1f126a43,Underground mining and beneficiation at Macassa,"Underground, concentrator",Free-milling,Material,Activated carbon,,g,Archetype inference (Extraction and recovery - CIP) | Norgate & Haque (2010),24 * ore_processed_t,,,,,,Au,7.253304461734694,1.0,mining,,,,,Doré,concentrate_economic,kg
ON-MAIN-1f126a43,Underground mining and beneficiation at Macassa,"Underground, concentrator",Free-milling,Material,Hydrochloric acid,,g,Archetype inference (Extraction and recovery - CIP) | Norgate & Haque (2010),83 * ore_processed_t,,,,,,Au,7.253304461734694,1.0,mining,,,,,Doré,concentrate_economic,kg
ON-MAIN-28f3f0fc,Underground mining at Totten,Underground,"Porphyry sulfide, flotation-based",Material,Anti-scalant,,kg,Archetype inference (nan) | MetalliCan,0.012 * ore_processed_t,,,,,,Ni,39587.5,1.0,mining,,,,,Ni concentrate,concentrate_economic,kg
ON-MAIN-28f3f0fc,Underground mining at Totten,Underground,"Porphyry sulfide, flotation-based",Material,Floculant,,kg,Archetype inference (nan) | MetalliCan,0.063 * ore_processed_t,,,,,,Ni,39587.5,1.0,mining,,,,,Ni concentrate,concentrate_economic,kg
ON-MAIN-28f3f0fc,Underground mining at Totten,Underground,"Porphyry sulfide, flotation-based",Material,Frother,,kg,Archetype inference (nan) | MetalliCan,0.018 * ore_processed_t,,,,,,Ni,39587.5,1.0,mining,,,,,Ni concentrate,concentrate_economic,kg
ON-MAIN-28f3f0fc,Underground mining at Totten,Underground,"Porphyry sulfide, flotation-based",Material,Grinding media,,kg,Archetype inference (nan) | MetalliCan,0.189 * ore_processed_t,,,,,,Ni,39587.5,1.0,mining,,,,,Ni concentrate,concentrate_economic,kg
ON-MAIN-28f3f0fc,Underground mining at Totten,Underground,"Porphyry sulfide, flotation-based",Material,Lime,,kg,Archetype inference (nan) | MetalliCan,0.889 * ore_processed_t,,,,,,Ni,39587.5,1.0,mining,,,,,Ni concentrate,concentrate_economic,kg
ON-MAIN-48fe2205,Underground mining at Garson,Underground,"Porphyry sulfide, flotation-based",Material,Anti-scalant,,kg,Archetype inference (nan) | MetalliCan,0.012 * ore_processed_t,,,,,,Ni,49662.5,1.0,mining,,,,,Ni concentrate,concentrate_economic,kg
ON-MAIN-48fe2205,Underground mining at Garson,Underground,"Porphyry sulfide, flotation-based",Material,Floculant,,kg,Archetype inference (nan) | MetalliCan,0.063 * ore_processed_t,,,,,,Ni,49662.5,1.0,mining,,,,,Ni concentrate,concentrate_economic,kg
ON-MAIN-48fe2205,Underground mining at Garson,Underground,"Porphyry sulfide, flotation-based",Material,Frother,,kg,Archetype inference (nan) | MetalliCan,0.018 * ore_processed_t,,,,,,Ni,49662.5,1.0,mining,,,,,Ni concentrate,concentrate_economic,kg
ON-MAIN-48fe2205,Underground mining at Garson,Underground,"Porphyry sulfide, flotation-based",Material,Grinding media,,kg,Archetype inference (nan) | MetalliCan,0.189 * ore_processed_t,,,,,,Ni,49662.5,1.0,mining,,,,,Ni concentrate,concentrate_economic,kg
ON-MAIN-48fe2205,Underground mining at Garson,Underground,"Porphyry sulfide, flotation-based",Material,Lime,,kg,Archetype inference (nan) | MetalliCan,0.889 * ore_processed_t,,,,,,Ni,49662.5,1.0,mining,,,,,Ni concentrate,concentrate_economic,kg
ON-MAIN-4e0734b5,Open-pit and underground mining and beneficiation at Fox Complex,"Open-pit, underground, concentrator",Free-milling,Material,Grinding media,,kg,Archetype inference (Comminution) | Norgate & Haque (2010),0.71 * ore_processed_t,,,,,,Au,1.453612551020408,1.0,mining,,,,,Doré,concentrate_economic,kg
ON-MAIN-4e0734b5,Open-pit and underground mining and beneficiation at Fox Complex,"Open-pit, underground, concentrator",Free-milling,Material,Lime,,kg,Archetype inference (Extraction and recovery - Cyanidation) | Norgate & Haque (2010),2.2 * ore_processed_t,,,,,,Au,1.453612551020408,1.0,mining,,,,,Doré,concentrate_economic,kg
ON-MAIN-4e0734b5,Open-pit and underground mining and beneficiation at Fox Complex,"Open-pit, underground, concentrator",Free-milling,Material,Sodium cyanide,,kg,Archetype inference (Extraction and recovery - Cyanidation) | Norgate & Haque (2010),0.64 * ore_processed_t,,,,,,Au,1.453612551020408,1.0,mining,,,,,Doré,concentrate_economic,kg
ON-MAIN-4e0734b5,Open-pit and underground mining and beneficiation at Fox Complex,"Open-pit, underground, concentrator",Free-milling,Material,Activated carbon,,g,Archetype inference (Extraction and recovery - CIP) | Norgate & Haque (2010),24 * ore_processed_t,,,,,,Au,1.453612551020408,1.0,mining,,,,,Doré,concentrate_economic,kg
ON-MAIN-4e0734b5,Open-pit and underground mining and beneficiation at Fox Complex,"Open-pit, underground, concentrator",Free-milling,Material,Hydrochloric acid,,g,Archetype inference (Extraction and recovery - CIP) | Norgate & Haque (2010),83 * ore_processed_t,,,,,,Au,1.453612551020408,1.0,mining,,,,,Doré,concentrate_economic,kg
ON-MAIN-52224e1e,Underground mining at Creighton,Underground,"Porphyry sulfide, flotation-based",Material,Anti-scalant,,kg,Archetype inference (nan) | MetalliCan,0.012 * ore_processed_t,,,,,,Ni,70900.0,1.0,mining,,,,,Ni concentrate,concentrate_economic,kg
ON-MAIN-52224e1e,Underground mining at Creighton,Underground,"Porphyry sulfide, flotation-based",Material,Floculant,,kg,Archetype inference (nan) | MetalliCan,0.063 * ore_processed_t,,,,,,Ni,70900.0,1.0,mining,,,,,Ni concentrate,concentrate_economic,kg
ON-MAIN-52224e1e,Underground mining at Creighton,Underground,"Porphyry sulfide, flotation-based",Material,Frother,,kg,Archetype inference (nan) | MetalliCan,0.018 * ore_processed_t,,,,,,Ni,70900.0,1.0,mining,,,,,Ni concentrate,concentrate_economic,kg
ON-MAIN-52224e1e,Underground mining at Creighton,Underground,"Porphyry sulfide, flotation-based",Material,Grinding media,,kg,Archetype inference (nan) | MetalliCan,0.189 * ore_processed_t,,,,,,Ni,70900.0,1.0,mining,,,,,Ni concentrate,concentrate_economic,kg
ON-MAIN-52224e1e,Underground mining at Creighton,Underground,"Porphyry sulfide, flotation-based",Material,Lime,,kg,Archetype inference (nan) | MetalliCan,0.889 * ore_processed_t,,,,,,Ni,70900.0,1.0,mining,,,,,Ni concentrate,concentrate_economic,kg
ON-MAIN-6e9be24e,Open-pit and underground mining and beneficiation at Hemlo (Williams),"Open-pit, underground, concentrator",Free-milling,Material,Grinding media,,kg,Archetype inference (Comminution) | Norgate & Haque (2010),0.71 * ore_processed_t,,,,,,Au,4.476523630102041,1.0,mining,,,,,Doré,concentrate_economic,kg
ON-MAIN-6e9be24e,Open-pit and underground mining and beneficiation at Hemlo (Williams),"Open-pit, underground, concentrator",Free-milling,Material,Lime,,kg,Archetype inference (Extraction and recovery - Cyanidation) | Norgate & Haque (2010),2.2 * ore_processed_t,,,,,,Au,4.476523630102041,1.0,mining,,,,,Doré,concentrate_economic,kg
ON-MAIN-6e9be24e,Open-pit and underground mining and beneficiation at Hemlo (Williams),"Open-pit, underground, concentrator",Free-milling,Material,Sodium cyanide,,kg,Archetype inference (Extraction and recovery - Cyanidation) | Norgate & Haque (2010),0.64 * ore_processed_t,,,,,,Au,4.476523630102041,1.0,mining,,,,,Doré,concentrate_economic,kg
ON-MAIN-6e9be24e,Open-pit and underground mining and beneficiation at Hemlo (Williams),"Open-pit, underground, concentrator",Free-milling,Material,Activated carbon,,g,Archetype inference (Extraction and recovery - CIP) | Norgate & Haque (2010),24 * ore_processed_t,,,,,,Au,4.476523630102041,1.0,mining,,,,,Doré,concentrate_economic,kg
ON-MAIN-6e9be24e,Open-pit and underground mining and beneficiation at Hemlo (Williams),"Open-pit, underground, concentrator",Free-milling,Material,Hydrochloric acid,,g,Archetype inference (Extraction and recovery - CIP) | Norgate & Haque (2010),83 * ore_processed_t,,,,,,Au,4.476523630102041,1.0,mining,,,,,Doré,concentrate_economic,kg
ON-MAIN-8825d90d,Open-pit mining and beneficiation at Magino,"Open-pit, concentrator",Free-milling,Material,Grinding media,,kg,Archetype inference (Comminution) | Norgate & Haque (2010),0.71 * ore_processed_t,,,,,,Au,1.0473627551020408,1.0,mining,,,,,Doré,concentrate_economic,kg
ON-MAIN-8825d90d,Open-pit mining and beneficiation at Magino,"Open-pit, concentrator",Free-milling,Material,Lime,,kg,Archetype inference (Extraction and recovery - Cyanidation) | Norgate & Haque (2010),2.2 * ore_processed_t,,,,,,Au,1.0473627551020408,1.0,mining,,,,,Doré,concentrate_economic,kg
ON-MAIN-8825d90d,Open-pit mining and beneficiation at Magino,"Open-pit, concentrator",Free-milling,Material,Sodium cyanide,,kg,Archetype inference (Extraction and recovery - Cyanidation) | Norgate & Haque (2010),0.64 * ore_processed_t,,,,,,Au,1.0473627551020408,1.0,mining,,,,,Doré,concentrate_economic,kg
ON-MAIN-8825d90d,Open-pit mining and beneficiation at Magino,"Open-pit, concentrator",Free-milling,Material,Activated carbon,,g,Archetype inference (Extraction and recovery - CIP) | Norgate & Haque (2010),24 * ore_processed_t,,,,,,Au,1.0473627551020408,1.0,mining,,,,,Doré,concentrate_economic,kg
ON-MAIN-8825d90d,Open-pit mining and beneficiation at Magino,"Open-pit, concentrator",Free-milling,Material,Hydrochloric acid,,g,Archetype inference (Extraction and recovery - CIP) | Norgate & Haque (2010),83 * ore_processed_t,,,,,,Au,1.0473627551020408,1.0,mining,,,,,Doré,concentrate_economic,kg
ON-MAIN-aeafbb59,Open-pit mining and beneficiation at Detour Lake,"Open-pit, concentrator",Free-milling,Material,Grinding media,,kg,Archetype inference (Comminution) | Norgate & Haque (2010),0.71 * ore_processed_t,,,,,,Au,24.0082838377551,1.0,mining,,,,,Doré,concentrate_economic,kg
ON-MAIN-aeafbb59,Open-pit mining and beneficiation at Detour Lake,"Open-pit, concentrator",Free-milling,Material,Lime,,kg,Archetype inference (Extraction and recovery - Cyanidation) | Norgate & Haque (2010),2.2 * ore_processed_t,,,,,,Au,24.0082838377551,1.0,mining,,,,,Doré,concentrate_economic,kg
ON-MAIN-aeafbb59,Open-pit mining and beneficiation at Detour Lake,"Open-pit, concentrator",Free-milling,Material,Sodium cyanide,,kg,Archetype inference (Extraction and recovery - Cyanidation) | Norgate & Haque (2010),0.64 * ore_processed_t,,,,,,Au,24.0082838377551,1.0,mining,,,,,Doré,concentrate_economic,kg
ON-MAIN-aeafbb59,Open-pit mining and beneficiation at Detour Lake,"Open-pit, concentrator",Free-milling,Material,Activated carbon,,g,Archetype inference (Extraction and recovery - CIP) | Norgate & Haque (2010),24 * ore_processed_t,,,,,,Au,24.0082838377551,1.0,mining,,,,,Doré,concentrate_economic,kg
ON-MAIN-aeafbb59,Open-pit mining and beneficiation at Detour Lake,"Open-pit, concentrator",Free-milling,Material,Hydrochloric acid,,g,Archetype inference (Extraction and recovery - CIP) | Norgate & Haque (2010),83 * ore_processed_t,,,,,,Au,24.0082838377551,1.0,mining,,,,,Doré,concentrate_economic,kg
ON-MAIN-ed85ac94,and beneficiation at Strathcona,Concentrator,"Porphyry sulfide, flotation-based",Material,Anti-scalant,,kg,Archetype inference (nan) | MetalliCan,0.012 * ore_processed_t,,,,,,Ni,47062.5,1.0,mining,,,,,Ni concentrate,concentrate_economic,kg
ON-MAIN-ed85ac94,and beneficiation at Strathcona,Concentrator,"Porphyry sulfide, flotation-based",Material,Floculant,,kg,Archetype inference (nan) | MetalliCan,0.063 * ore_processed_t,,,,,,Ni,47062.5,1.0,mining,,,,,Ni concentrate,concentrate_economic,kg
ON-MAIN-ed85ac94,and beneficiation at Strathcona,Concentrator,"Porphyry sulfide, flotation-based",Material,Frother,,kg,Archetype inference (nan) | MetalliCan,0.018 * ore_processed_t,,,,,,Ni,47062.5,1.0,mining,,,,,Ni concentrate,concentrate_economic,kg
ON-MAIN-ed85ac94,and beneficiation at Strathcona,Concentrator,"Porphyry sulfide, flotation-based",Material,Grinding media,,kg,Archetype inference (nan) | MetalliCan,0.189 * ore_processed_t,,,,,,Ni,47062.5,1.0,mining,,,,,Ni concentrate,concentrate_economic,kg
ON-MAIN-ed85ac94,and beneficiation at Strathcona,Concentrator,"Porphyry sulfide, flotation-based",Material,Lime,,kg,Archetype inference (nan) | MetalliCan,0.889 * ore_processed_t,,,,,,Ni,47062.5,1.0,mining,,,,,Ni concentrate,concentrate_economic,kg
ON-MAIN-f080c409,Underground mining at Copper Cliff Complex (mine),Underground,"Porphyry sulfide, flotation-based",Material,Anti-scalant,,kg,Archetype inference (nan) | MetalliCan,0.012 * ore_processed_t,,,,,,Ni,54693.75,1.0,mining,,,,,Ni concentrate,concentrate_economic,kg
ON-MAIN-f080c409,Underground mining at Copper Cliff Complex (mine),Underground,"Porphyry sulfide, flotation-based",Material,Floculant,,kg,Archetype inference (nan) | MetalliCan,0.063 * ore_processed_t,,,,,,Ni,54693.75,1.0,mining,,,,,Ni concentrate,concentrate_economic,kg
ON-MAIN-f080c409,Underground mining at Copper Cliff Complex (mine),Underground,"Porphyry sulfide, flotation-based",Material,Frother,,kg,Archetype inference (nan) | MetalliCan,0.018 * ore_processed_t,,,,,,Ni,54693.75,1.0,mining,,,,,Ni concentrate,concentrate_economic,kg
ON-MAIN-f080c409,Underground mining at Copper Cliff Complex (mine),Underground,"Porphyry sulfide, flotation-based",Material,Grinding media,,kg,Archetype inference (nan) | MetalliCan,0.189 * ore_processed_t,,,,,,Ni,54693.75,1.0,mining,,,,,Ni concentrate,concentrate_economic,kg
ON-MAIN-f080c409,Underground mining at Copper Cliff Complex (mine),Underground,"Porphyry sulfide, flotation-based",Material,Lime,,kg,Archetype inference (nan) | MetalliCan,0.889 * ore_processed_t,,,,,,Ni,54693.75,1.0,mining,,,,,Ni concentrate,concentrate_economic,kg
ON-MAIN-f4fc3276,Underground mining and beneficiation at Sugar Zone,"Underground, concentrator",Free-milling,Material,Grinding media,,kg,Archetype inference (Comminution) | Norgate & Haque (2010),0.71 * ore_processed_t,,,,,,Au,1.2269695984693878,1.0,mining,,,,,Doré,concentrate_economic,kg
ON-MAIN-f4fc3276,Underground mining and beneficiation at Sugar Zone,"Underground, concentrator",Free-milling,Material,Lime,,kg,Archetype inference (Extraction and recovery - Cyanidation) | Norgate & Haque (2010),2.2 * ore_processed_t,,,,,,Au,1.2269695984693878,1.0,mining,,,,,Doré,concentrate_economic,kg
ON-MAIN-f4fc3276,Underground mining and beneficiation at Sugar Zone,"Underground, concentrator",Free-milling,Material,Sodium cyanide,,kg,Archetype inference (Extraction and recovery - Cyanidation) | Norgate & Haque (2010),0.64 * ore_processed_t,,,,,,Au,1.2269695984693878,1.0,mining,,,,,Doré,concentrate_economic,kg
ON-MAIN-f4fc3276,Underground mining and beneficiation at Sugar Zone,"Underground, concentrator",Free-milling,Material,Activated carbon,,g,Archetype inference (Extraction and recovery - CIP) | Norgate & Haque (2010),24 * ore_processed_t,,,,,,Au,1.2269695984693878,1.0,mining,,,,,Doré,concentrate_economic,kg
ON-MAIN-f4fc3276,Underground mining and beneficiation at Sugar Zone,"Underground, concentrator",Free-milling,Material,Hydrochloric acid,,g,Archetype inference (Extraction and recovery - CIP) | Norgate & Haque (2010),83 * ore_processed_t,,,,,,Au,1.2269695984693878,1.0,mining,,,,,Doré,concentrate_economic,kg
ON-MAIN-f8313ebd,Underground mining and beneficiation at Kidd Creek,"Underground, concentrator","Porphyry sulfide, flotation-based",Material,Anti-scalant,,kg,Archetype inference (nan) | MetalliCan,0.012 * ore_processed_t,,,,,,Cu,75333.33333333334,0.7230258878971872,mining,,,,,Cu concentrate,concentrate_economic,kg
ON-MAIN-f8313ebd,Underground mining and beneficiation at Kidd Creek,"Underground, concentrator","Porphyry sulfide, flotation-based",Material,Anti-scalant,,kg,Archetype inference (nan) | MetalliCan,0.012 * ore_processed_t,,,,,,Zn,77200.0,0.2769741121028128,mining,,,,,Zn concentrate,concentrate_economic,kg
ON-MAIN-f8313ebd,Underground mining and beneficiation at Kidd Creek,"Underground, concentrator","Porphyry sulfide, flotation-based",Material,Floculant,,kg,Archetype inference (nan) | MetalliCan,0.063 * ore_processed_t,,,,,,Cu,75333.33333333334,0.7230258878971872,mining,,,,,Cu concentrate,concentrate_economic,kg
ON-MAIN-f8313ebd,Underground mining and beneficiation at Kidd Creek,"Underground, concentrator","Porphyry sulfide, flotation-based",Material,Floculant,,kg,Archetype inference (nan) | MetalliCan,0.063 * ore_processed_t,,,,,,Zn,77200.0,0.2769741121028128,mining,,,,,Zn concentrate,concentrate_economic,kg
ON-MAIN-f8313ebd,Underground mining and beneficiation at Kidd Creek,"Underground, concentrator","Porphyry sulfide, flotation-based",Material,Frother,,kg,Archetype inference (nan) | MetalliCan,0.018 * ore_processed_t,,,,,,Cu,75333.33333333334,0.7230258878971872,mining,,,,,Cu concentrate,concentrate_economic,kg
ON-MAIN-f8313ebd,Underground mining and beneficiation at Kidd Creek,"Underground, concentrator","Porphyry sulfide, flotation-based",Material,Frother,,kg,Archetype inference (nan) | MetalliCan,0.018 * ore_processed_t,,,,,,Zn,77200.0,0.2769741121028128,mining,,,,,Zn concentrate,concentrate_economic,kg
ON-MAIN-f8313ebd,Underground mining and beneficiation at Kidd Creek,"Underground, concentrator","Porphyry sulfide, flotation-based",Material,Grinding media,,kg,Archetype inference (nan) | MetalliCan,0.189 * ore_processed_t,,,,,,Cu,75333.33333333334,0.7230258878971872,mining,,,,,Cu concentrate,concentrate_economic,kg
ON-MAIN-f8313ebd,Underground mining and beneficiation at Kidd Creek,"Underground, concentrator","Porphyry sulfide, flotation-based",Material,Grinding media,,kg,Archetype inference (nan) | MetalliCan,0.189 * ore_processed_t,,,,,,Zn,77200.0,0.2769741121028128,mining,,,,,Zn concentrate,concentrate_economic,kg
ON-MAIN-f8313ebd,Underground mining and beneficiation at Kidd Creek,"Underground, concentrator","Porphyry sulfide, flotation-based",Material,Lime,,kg,Archetype inference (nan) | MetalliCan,0.889 * ore_processed_t,,,,,,Cu,75333.33333333334,0.7230258878971872,mining,,,,,Cu concentrate,concentrate_economic,kg
ON-MAIN-f8313ebd,Underground mining and beneficiation at Kidd Creek,"Underground, concentrator","Porphyry sulfide, flotation-based",Material,Lime,,kg,Archetype inference (nan) | MetalliCan,0.889 * ore_processed_t,,,,,,Zn,77200.0,0.2769741121028128,mining,,,,,Zn concentrate,concentrate_economic,kg
QC-MAIN-5ce331b8,Open-pit and underground mining and beneficiation at Nunavik Nickel,"Open-pit, underground, concentrator","Porphyry sulfide, flotation-based",Material,Anti-scalant,,kg,Archetype inference (nan) | MetalliCan,0.012 * ore_processed_t,,,,,,Ni,363125.0,1.0,mining,,,,,Ni concentrate,concentrate_economic,kg
QC-MAIN-5ce331b8,Open-pit and underground mining and beneficiation at Nunavik Nickel,"Open-pit, underground, concentrator","Porphyry sulfide, flotation-based",Material,Floculant,,kg,Archetype inference (nan) | MetalliCan,0.063 * ore_processed_t,,,,,,Ni,363125.0,1.0,mining,,,,,Ni concentrate,concentrate_economic,kg
QC-MAIN-5ce331b8,Open-pit and underground mining and beneficiation at Nunavik Nickel,"Open-pit, underground, concentrator","Porphyry sulfide, flotation-based",Material,Frother,,kg,Archetype inference (nan) | MetalliCan,0.018 * ore_processed_t,,,,,,Ni,363125.0,1.0,mining,,,,,Ni concentrate,concentrate_economic,kg
QC-MAIN-5ce331b8,Open-pit and underground mining and beneficiation at Nunavik Nickel,"Open-pit, underground, concentrator","Porphyry sulfide, flotation-based",Material,Grinding media,,kg,Archetype inference (nan) | MetalliCan,0.189 * ore_processed_t,,,,,,Ni,363125.0,1.0,mining,,,,,Ni concentrate,concentrate_economic,kg
QC-MAIN-5ce331b8,Open-pit and underground mining and beneficiation at Nunavik Nickel,"Open-pit, underground, concentrator","Porphyry sulfide, flotation-based",Material,Lime,,kg,Archetype inference (nan) | MetalliCan,0.889 * ore_processed_t,,,,,,Ni,363125.0,1.0,mining,,,,,Ni concentrate,concentrate_economic,kg
QC-MAIN-a97821c0,Underground mining and beneficiation at Raglan,"Underground, concentrator","Porphyry sulfide, flotation-based",Material,Anti-scalant,,kg,Archetype inference (nan) | MetalliCan,0.012 * ore_processed_t,,,,,,Ni,151450.0,1.0,mining,,,,,Ni concentrate,concentrate_economic,kg
QC-MAIN-a97821c0,Underground mining and beneficiation at Raglan,"Underground, concentrator","Porphyry sulfide, flotation-based",Material,Floculant,,kg,Archetype inference (nan) | MetalliCan,0.063 * ore_processed_t,,,,,,Ni,151450.0,1.0,mining,,,,,Ni concentrate,concentrate_economic,kg
QC-MAIN-a97821c0,Underground mining and beneficiation at Raglan,"Underground, concentrator","Porphyry sulfide, flotation-based",Material,Frother,,kg,Archetype inference (nan) | MetalliCan,0.018 * ore_processed_t,,,,,,Ni,151450.0,1.0,mining,,,,,Ni concentrate,concentrate_economic,kg
QC-MAIN-a97821c0,Underground mining and beneficiation at Raglan,"Underground, concentrator","Porphyry sulfide, flotation-based",Material,Grinding media,,kg,Archetype inference (nan) | MetalliCan,0.189 * ore_processed_t,,,,,,Ni,151450.0,1.0,mining,,,,,Ni concentrate,concentrate_economic,kg
QC-MAIN-a97821c0,Underground mining and beneficiation at Raglan,"Underground, concentrator","Porphyry sulfide, flotation-based",Material,Lime,,kg,Archetype inference (nan) | MetalliCan,0.889 * ore_processed_t,,,,,,Ni,151450.0,1.0,mining,,,,,Ni concentrate,concentrate_economic,kg
QC-MAIN-c0660aec,Underground mining and beneficiation at Goldex,"Underground, concentrator",Free-milling,Material,Grinding media,,kg,Archetype inference (Comminution) | Norgate & Haque (2010),0.71 * ore_processed_t,,,,,,Cu,130.12252666666666,0.003859237362487364,mining,,,,,Cu concentrate,concentrate_economic,kg
QC-MAIN-c0660aec,Underground mining and beneficiation at Goldex,"Underground, concentrator",Free-milling,Material,Grinding media,,kg,Archetype inference (Comminution) | Norgate & Haque (2010),0.71 * ore_processed_t,,,,,,Au,4.474542118316694,0.9961407626375127,mining,,,,,Doré,concentrate_economic,kg
QC-MAIN-c0660aec,Underground mining and beneficiation at Goldex,"Underground, concentrator",Free-milling,Material,Lime,,kg,Archetype inference (Extraction and recovery - Cyanidation) | Norgate & Haque (2010),2.2 * ore_processed_t,,,,,,Cu,130.12252666666666,0.003859237362487364,mining,,,,,Cu concentrate,concentrate_economic,kg
QC-MAIN-c0660aec,Underground mining and beneficiation at Goldex,"Underground, concentrator",Free-milling,Material,Lime,,kg,Archetype inference (Extraction and recovery - Cyanidation) | Norgate & Haque (2010),2.2 * ore_processed_t,,,,,,Au,4.474542118316694,0.9961407626375127,mining,,,,,Doré,concentrate_economic,kg
QC-MAIN-c0660aec,Underground mining and beneficiation at Goldex,"Underground, concentrator",Free-milling,Material,Sodium cyanide,,kg,Archetype inference (Extraction and recovery - Cyanidation) | Norgate & Haque (2010),0.64 * ore_processed_t,,,,,,Cu,130.12252666666666,0.003859237362487364,mining,,,,,Cu concentrate,concentrate_economic,kg
QC-MAIN-c0660aec,Underground mining and beneficiation at Goldex,"Underground, concentrator",Free-milling,Material,Sodium cyanide,,kg,Archetype inference (Extraction and recovery - Cyanidation) | Norgate & Haque (2010),0.64 * ore_processed_t,,,,,,Au,4.474542118316694,0.9961407626375127,mining,,,,,Doré,concentrate_economic,kg
QC-MAIN-c0660aec,Underground mining and beneficiation at Goldex,"Underground, concentrator",Free-milling,Material,Activated carbon,,g,Archetype inference (Extraction and recovery - CIP) | Norgate & Haque (2010),24 * ore_processed_t,,,,,,Cu,130.12252666666666,0.003859237362487364,mining,,,,,Cu concentrate,concentrate_economic,kg
QC-MAIN-c0660aec,Underground mining and beneficiation at Goldex,"Underground, concentrator",Free-milling,Material,Activated carbon,,g,Archetype inference (Extraction and recovery - CIP) | Norgate & Haque (2010),24 * ore_processed_t,,,,,,Au,4.474542118316694,0.9961407626375127,mining,,,,,Doré,concentrate_economic,kg
QC-MAIN-c0660aec,Underground mining and beneficiation at Goldex,"Underground, concentrator",Free-milling,Material,Hydrochloric acid,,g,Archetype inference (Extraction and recovery - CIP) | Norgate & Haque (2010),83 * ore_processed_t,,,,,,Cu,130.12252666666666,0.003859237362487364,mining,,,,,Cu concentrate,concentrate_economic,kg
QC-MAIN-c0660aec,Underground mining and beneficiation at Goldex,"Underground, concentrator",Free-milling,Material,Hydrochloric acid,,g,Archetype inference (Extraction and recovery - CIP) | Norgate & Haque (2010),83 * ore_processed_t,,,,,,Au,4.474542118316694,0.9961407626375127,mining,,,,,Doré,concentrate_economic,kg
QC-MAIN-e51eda66,Underground mining and beneficiation at LaRonde,"Underground, concentrator","Porphyry sulfide, flotation-based",Material,Anti-scalant,,kg,Archetype inference (nan) | MetalliCan,0.012 * ore_processed_t,,,,,,Cu,8593.20125,0.09772240804218515,mining,,,,,Cu concentrate,concentrate_economic,kg
QC-MAIN-e51eda66,Underground mining and beneficiation at LaRonde,"Underground, concentrator","Porphyry sulfide, flotation-based",Material,Anti-scalant,,kg,Archetype inference (nan) | MetalliCan,0.012 * ore_processed_t,,,,,,Zn,15404.877034,0.06548662801881933,mining,,,,,Zn concentrate,concentrate_economic,kg
QC-MAIN-e51eda66,Underground mining and beneficiation at LaRonde,"Underground, concentrator","Porphyry sulfide, flotation-based",Material,Anti-scalant,,kg,Archetype inference (nan) | MetalliCan,0.012 * ore_processed_t,,,,,,Au,9.802902790306113,0.8367909639389955,mining,,,,,Doré,concentrate_economic,kg
QC-MAIN-e51eda66,Underground mining and beneficiation at LaRonde,"Underground, concentrator","Porphyry sulfide, flotation-based",Material,Floculant,,kg,Archetype inference (nan) | MetalliCan,0.063 * ore_processed_t,,,,,,Cu,8593.20125,0.09772240804218515,mining,,,,,Cu concentrate,concentrate_economic,kg
QC-MAIN-e51eda66,Underground mining and beneficiation at LaRonde,"Underground, concentrator","Porphyry sulfide, flotation-based",Material,Floculant,,kg,Archetype inference (nan) | MetalliCan,0.063 * ore_processed_t,,,,,,Zn,15404.877034,0.06548662801881933,mining,,,,,Zn concentrate,concentrate_economic,kg
QC-MAIN-e51eda66,Underground mining and beneficiation at LaRonde,"Underground, concentrator","Porphyry sulfide, flotation-based",Material,Floculant,,kg,Archetype inference (nan) | MetalliCan,0.063 * ore_processed_t,,,,,,Au,9.802902790306113,0.8367909639389955,mining,,,,,Doré,concentrate_economic,kg
QC-MAIN-e51eda66,Underground mining and beneficiation at LaRonde,"Underground, concentrator","Porphyry sulfide, flotation-based",Material,Frother,,kg,Archetype inference (nan) | MetalliCan,0.018 * ore_processed_t,,,,,,Cu,8593.20125,0.09772240804218515,mining,,,,,Cu concentrate,concentrate_economic,kg
QC-MAIN-e51eda66,Underground mining and beneficiation at LaRonde,"Underground, concentrator","Porphyry sulfide, flotation-based",Material,Frother,,kg,Archetype inference (nan) | MetalliCan,0.018 * ore_processed_t,,,,,,Zn,15404.877034,0.06548662801881933,mining,,,,,Zn concentrate,concentrate_economic,kg
QC-MAIN-e51eda66,Underground mining and beneficiation at LaRonde,"Underground, concentrator","Porphyry sulfide, flotation-based",Material,Frother,,kg,Archetype inference (nan) | MetalliCan,0.018 * ore_processed_t,,,,,,Au,9.802902790306113,0.8367909639389955,mining,,,,,Doré,concentrate_economic,kg
QC-MAIN-e51eda66,Underground mining and beneficiation at LaRonde,"Underground, concentrator","Porphyry sulfide, flotation-based",Material,Grinding media,,kg,Archetype inference (nan) | MetalliCan,0.189 * ore_processed_t,,,,,,Cu,8593.20125,0.09772240804218515,mining,,,,,Cu concentrate,concentrate_economic,kg
QC-MAIN-e51eda66,Underground mining and beneficiation at LaRonde,"Underground, concentrator","Porphyry sulfide, flotation-based",Material,Grinding media,,kg,Archetype inference (nan) | MetalliCan,0.189 * ore_processed_t,,,,,,Zn,15404.877034,0.06548662801881933,mining,,,,,Zn concentrate,concentrate_economic,kg
QC-MAIN-e51eda66,Underground mining and beneficiation at LaRonde,"Underground, concentrator","Porphyry sulfide, flotation-based",Material,Grinding media,,kg,Archetype inference (nan) | MetalliCan,0.189 * ore_processed_t,,,,,,Au,9.802902790306113,0.8367909639389955,mining,,,,,Doré,concentrate_economic,kg
QC-MAIN-e51eda66,Underground mining and beneficiation at LaRonde,"Underground, concentrator","Porphyry sulfide, flotation-based",Material,Lime,,kg,Archetype inference (nan) | MetalliCan,0.889 * ore_processed_t,,,,,,Cu,8593.20125,0.09772240804218515,mining,,,,,Cu concentrate,concentrate_economic,kg
QC-MAIN-e51eda66,Underground mining and beneficiation at LaRonde,"Underground, concentrator","Porphyry sulfide, flotation-based",Material,Lime,,kg,Archetype inference (nan) | MetalliCan,0.889 * ore_processed_t,,,,,,Zn,15404.877034,0.06548662801881933,mining,,,,,Zn concentrate,concentrate_economic,kg
QC-MAIN-e51eda66,Underground mining and beneficiation at LaRonde,"Underground, concentrator","Porphyry sulfide, flotation-based",Material,Lime,,kg,Archetype inference (nan) | MetalliCan,0.889 * ore_processed_t,,,,,,Au,9.802902790306113,0.8367909639389955,mining,,,,,Doré,concentrate_economic,kg
QC-MAIN-f9e41c2a,Underground mining and beneficiation at Lamaque,"Underground, concentrator",Free-milling,Material,Grinding media,,kg,Archetype inference (Comminution) | Norgate & Haque (2010),0.71 * ore_processed_t,,,,,,Au,7.932820721938775,1.0,mining,,,,,Doré,concentrate_economic,kg
QC-MAIN-f9e41c2a,Underground mining and beneficiation at Lamaque,"Underground, concentrator",Free-milling,Material,Lime,,kg,Archetype inference (Extraction and recovery - Cyanidation) | Norgate & Haque (2010),2.2 * ore_processed_t,,,,,,Au,7.932820721938775,1.0,mining,,,,,Doré,concentrate_economic,kg
QC-MAIN-f9e41c2a,Underground mining and beneficiation at Lamaque,"Underground, concentrator",Free-milling,Material,Sodium cyanide,,kg,Archetype inference (Extraction and recovery - Cyanidation) | Norgate & Haque (2010),0.64 * ore_processed_t,,,,,,Au,7.932820721938775,1.0,mining,,,,,Doré,concentrate_economic,kg
QC-MAIN-f9e41c2a,Underground mining and beneficiation at Lamaque,"Underground, concentrator",Free-milling,Material,Activated carbon,,g,Archetype inference (Extraction and recovery - CIP) | Norgate & Haque (2010),24 * ore_processed_t,,,,,,Au,7.932820721938775,1.0,mining,,,,,Doré,concentrate_economic,kg
QC-MAIN-f9e41c2a,Underground mining and beneficiation at Lamaque,"Underground, concentrator",Free-milling,Material,Hydrochloric acid,,g,Archetype inference (Extraction and recovery - CIP) | Norgate & Haque (2010),83 * ore_processed_t,,,,,,Au,7.932820721938775,1.0,mining,,,,,Doré,concentrate_economic,kg
GRP-0a2c0d69,Open-pit and underground mining at Meadowbank complex,"Open-pit, underground",Free-milling,Material,Grinding media,,kg,Archetype inference (Comminution) | Norgate & Haque (2010),0.71 * ore_processed_t,,,,,,Au,17.66760135719143,1.0,mining,,,,,Doré,concentrate_economic,kg
GRP-0a2c0d69,Open-pit and underground mining at Meadowbank complex,"Open-pit, underground",Free-milling,Material,Lime,,kg,Archetype inference (Extraction and recovery - Cyanidation) | Norgate & Haque (2010),2.2 * ore_processed_t,,,,,,Au,17.66760135719143,1.0,mining,,,,,Doré,concentrate_economic,kg
GRP-0a2c0d69,Open-pit and underground mining at Meadowbank complex,"Open-pit, underground",Free-milling,Material,Sodium cyanide,,kg,Archetype inference (Extraction and recovery - Cyanidation) | Norgate & Haque (2010),0.64 * ore_processed_t,,,,,,Au,17.66760135719143,1.0,mining,,,,,Doré,concentrate_economic,kg
GRP-0a2c0d69,Open-pit and underground mining at Meadowbank complex,"Open-pit, underground",Free-milling,Material,Activated carbon,,g,Archetype inference (Extraction and recovery - CIP) | Norgate & Haque (2010),24 * ore_processed_t,,,,,,Au,17.66760135719143,1.0,mining,,,,,Doré,concentrate_economic,kg
GRP-0a2c0d69,Open-pit and underground mining at Meadowbank complex,"Open-pit, underground",Free-milling,Material,Hydrochloric acid,,g,Archetype inference (Extraction and recovery - CIP) | Norgate & Haque (2010),83 * ore_processed_t,,,,,,Au,17.66760135719143,1.0,mining,,,,,Doré,concentrate_economic,kg
GRP-147b3123,Underground mining and beneficiation at Timmins Operation,"Underground, concentrator",Free-milling,Material,Grinding media,,kg,Archetype inference (Comminution) | Norgate & Haque (2010),0.71 * ore_processed_t,,,,,,Au,4.218015459183674,1.0,mining,,,,,Doré,concentrate_economic,kg
GRP-147b3123,Underground mining and beneficiation at Timmins Operation,"Underground, concentrator",Free-milling,Material,Lime,,kg,Archetype inference (Extraction and recovery - Cyanidation) | Norgate & Haque (2010),2.2 * ore_processed_t,,,,,,Au,4.218015459183674,1.0,mining,,,,,Doré,concentrate_economic,kg
GRP-147b3123,Underground mining and beneficiation at Timmins Operation,"Underground, concentrator",Free-milling,Material,Sodium cyanide,,kg,Archetype inference (Extraction and recovery - Cyanidation) | Norgate & Haque (2010),0.64 * ore_processed_t,,,,,,Au,4.218015459183674,1.0,mining,,,,,Doré,concentrate_economic,kg
GRP-147b3123,Underground mining and beneficiation at Timmins Operation,"Underground, concentrator",Free-milling,Material,Activated carbon,,g,Archetype inference (Extraction and recovery - CIP) | Norgate & Haque (2010),24 * ore_processed_t,,,,,,Au,4.218015459183674,1.0,mining,,,,,Doré,concentrate_economic,kg
GRP-147b3123,Underground mining and beneficiation at Timmins Operation,"Underground, concentrator",Free-milling,Material,Hydrochloric acid,,g,Archetype inference (Extraction and recovery - CIP) | Norgate & Haque (2010),83 * ore_processed_t,,,,,,Au,4.218015459183674,1.0,mining,,,,,Doré,concentrate_economic,kg
GRP-14bfbb82,Underground mining and beneficiation at Seabee Gold Operation,"Underground, concentrator",Free-milling,Material,Grinding media,,kg,Archetype inference (Comminution) | Norgate & Haque (2010),0.71 * ore_processed_t,,,,,,Au,1.2300799484693878,1.0,mining,,,,,Doré,concentrate_economic,kg
GRP-14bfbb82,Underground mining and beneficiation at Seabee Gold Operation,"Underground, concentrator",Free-milling,Material,Lime,,kg,Archetype inference (Extraction and recovery - Cyanidation) | Norgate & Haque (2010),2.2 * ore_processed_t,,,,,,Au,1.2300799484693878,1.0,mining,,,,,Doré,concentrate_economic,kg
GRP-14bfbb82,Underground mining and beneficiation at Seabee Gold Operation,"Underground, concentrator",Free-milling,Material,Sodium cyanide,,kg,Archetype inference (Extraction and recovery - Cyanidation) | Norgate & Haque (2010),0.64 * ore_processed_t,,,,,,Au,1.2300799484693878,1.0,mining,,,,,Doré,concentrate_economic,kg
GRP-14bfbb82,Underground mining and beneficiation at Seabee Gold Operation,"Underground, concentrator",Free-milling,Material,Activated carbon,,g,Archetype inference (Extraction and recovery - CIP) | Norgate & Haque (2010),24 * ore_processed_t,,,,,,Au,1.2300799484693878,1.0,mining,,,,,Doré,concentrate_economic,kg
GRP-14bfbb82,Underground mining and beneficiation at Seabee Gold Operation,"Underground, concentrator",Free-milling,Material,Hydrochloric acid,,g,Archetype inference (Extraction and recovery - CIP) | Norgate & Haque (2010),83 * ore_processed_t,,,,,,Au,1.2300799484693878,1.0,mining,,,,,Doré,concentrate_economic,kg
GRP-a13779f8,Underground mining and beneficiation at Snow Lake,"Underground, concentrator",Free-milling,Material,Grinding media,,kg,Archetype inference (Comminution) | Norgate & Haque (2010),0.71 * ore_processed_t,,,,,,Cu,40513.333333333336,0.12903991169620735,mining,,,,,Cu concentrate,concentrate_economic,kg
GRP-a13779f8,Underground mining and beneficiation at Snow Lake,"Underground, concentrator",Free-milling,Material,Grinding media,,kg,Archetype inference (Comminution) | Norgate & Haque (2010),0.71 * ore_processed_t,,,,,,Zn,69284.0,0.08249245877008354,mining,,,,,Zn concentrate,concentrate_economic,kg
GRP-a13779f8,Underground mining and beneficiation at Snow Lake,"Underground, concentrator",Free-milling,Material,Grinding media,,kg,Archetype inference (Comminution) | Norgate & Haque (2010),0.71 * ore_processed_t,,,,,,Au,32.97878714387755,0.7884676295337092,mining,,,,,Doré,concentrate_economic,kg
GRP-a13779f8,Underground mining and beneficiation at Snow Lake,"Underground, concentrator",Free-milling,Material,Lime,,kg,Archetype inference (Extraction and recovery - Cyanidation) | Norgate & Haque (2010),2.2 * ore_processed_t,,,,,,Cu,40513.333333333336,0.12903991169620735,mining,,,,,Cu concentrate,concentrate_economic,kg
GRP-a13779f8,Underground mining and beneficiation at Snow Lake,"Underground, concentrator",Free-milling,Material,Lime,,kg,Archetype inference (Extraction and recovery - Cyanidation) | Norgate & Haque (2010),2.2 * ore_processed_t,,,,,,Zn,69284.0,0.08249245877008354,mining,,,,,Zn concentrate,concentrate_economic,kg
GRP-a13779f8,Underground mining and beneficiation at Snow Lake,"Underground, concentrator",Free-milling,Material,Lime,,kg,Archetype inference (Extraction and recovery - Cyanidation) | Norgate & Haque (2010),2.2 * ore_processed_t,,,,,,Au,32.97878714387755,0.7884676295337092,mining,,,,,Doré,concentrate_economic,kg
GRP-a13779f8,Underground mining and beneficiation at Snow Lake,"Underground, concentrator",Free-milling,Material,Sodium cyanide,,kg,Archetype inference (Extraction and recovery - Cyanidation) | Norgate & Haque (2010),0.64 * ore_processed_t,,,,,,Cu,40513.333333333336,0.12903991169620735,mining,,,,,Cu concentrate,concentrate_economic,kg
GRP-a13779f8,Underground mining and beneficiation at Snow Lake,"Underground, concentrator",Free-milling,Material,Sodium cyanide,,kg,Archetype inference (Extraction and recovery - Cyanidation) | Norgate & Haque (2010),0.64 * ore_processed_t,,,,,,Zn,69284.0,0.08249245877008354,mining,,,,,Zn concentrate,concentrate_economic,kg
GRP-a13779f8,Underground mining and beneficiation at Snow Lake,"Underground, concentrator",Free-milling,Material,Sodium cyanide,,kg,Archetype inference (Extraction and recovery - Cyanidation) | Norgate & Haque (2010),0.64 * ore_processed_t,,,,,,Au,32.97878714387755,0.7884676295337092,mining,,,,,Doré,concentrate_economic,kg
GRP-a13779f8,Underground mining and beneficiation at Snow Lake,"Underground, concentrator",Free-milling,Material,Activated carbon,,g,Archetype inference (Extraction and recovery - CIP) | Norgate & Haque (2010),24 * ore_processed_t,,,,,,Cu,40513.333333333336,0.12903991169620735,mining,,,,,Cu concentrate,concentrate_economic,kg
GRP-a13779f8,Underground mining and beneficiation at Snow Lake,"Underground, concentrator",Free-milling,Material,Activated carbon,,g,Archetype inference (Extraction and recovery - CIP) | Norgate & Haque (2010),24 * ore_processed_t,,,,,,Zn,69284.0,0.08249245877008354,mining,,,,,Zn concentrate,concentrate_economic,kg
GRP-a13779f8,Underground mining and beneficiation at Snow Lake,"Underground, concentrator",Free-milling,Material,Activated carbon,,g,Archetype inference (Extraction and recovery - CIP) | Norgate & Haque (2010),24 * ore_processed_t,,,,,,Au,32.97878714387755,0.7884676295337092,mining,,,,,Doré,concentrate_economic,kg
GRP-a13779f8,Underground mining and beneficiation at Snow Lake,"Underground, concentrator",Free-milling,Material,Hydrochloric acid,,g,Archetype inference (Extraction and recovery - CIP) | Norgate & Haque (2010),83 * ore_processed_t,,,,,,Cu,40513.333333333336,0.12903991169620735,mining,,,,,Cu concentrate,concentrate_economic,kg
GRP-a13779f8,Underground mining and beneficiation at Snow Lake,"Underground, concentrator",Free-milling,Material,Hydrochloric acid,,g,Archetype inference (Extraction and recovery - CIP) | Norgate & Haque (2010),83 * ore_processed_t,,,,,,Zn,69284.0,0.08249245877008354,mining,,,,,Zn concentrate,concentrate_economic,kg
GRP-a13779f8,Underground mining and beneficiation at Snow Lake,"Underground, concentrator",Free-milling,Material,Hydrochloric acid,,g,Archetype inference (Extraction and recovery - CIP) | Norgate & Haque (2010),83 * ore_processed_t,,,,,,Au,32.97878714387755,0.7884676295337092,mining,,,,,Doré,concentrate_economic,kg
QC-MAIN-b86f7d07,Open-pit and underground mining and beneficiation at Casa Berardi,"Open-pit, underground, concentrator",Free-milling,Material use,Surface/underground emulsion & ANFO,2968.123704016,t,MetalliCan,MetalliCan,,,,,,Au,3.5165997959183577,1.0,mining,0.8440322687446657,,,,Doré,concentrate_economic,kg
ON-MAIN-aeafbb59,Open-pit mining and beneficiation at Detour Lake,"Open-pit, concentrator",Free-milling,Material use,Explosives,16268.5,t,MetalliCan,MetalliCan,,,,,,Au,24.0082838377551,1.0,mining,0.6776202793144414,,,,Doré,concentrate_economic,kg
ON-MAIN-cb85213a,Underground mining and beneficiation at Eagle River,"Underground, concentrator",Free-milling,Material use,Explosives,1211.0,t,MetalliCan,MetalliCan,,,,,,Au,2.7760508515306124,1.0,mining,0.436231202080574,,,,Doré,concentrate_economic,kg
QC-MAIN-6dc537e6,Underground mining and beneficiation at Éléonore,"Underground, concentrator",Free-milling,Material use,Cement,27374.0,t,MetalliCan,MetalliCan,,,,,,Au,7.738899920918366,1.0,mining,3.5371952447669797,,,,Doré,concentrate_economic,kg
QC-MAIN-6dc537e6,Underground mining and beneficiation at Éléonore,"Underground, concentrator",Free-milling,Material use,Grinding media,3039.9,t,MetalliCan,MetalliCan,,,,,,Au,7.738899920918366,1.0,mining,0.3928077673912158,,,,Doré,concentrate_economic,kg
QC-MAIN-6dc537e6,Underground mining and beneficiation at Éléonore,"Underground, concentrator",Free-milling,Material use,Lime,2229.0,t,MetalliCan,MetalliCan,,,,,,Au,7.738899920918366,1.0,mining,0.28802543291391824,,,,Doré,concentrate_economic,kg
QC-MAIN-6dc537e6,Underground mining and beneficiation at Éléonore,"Underground, concentrator",Free-milling,Material use,Lubricants,335.00456,t,MetalliCan,MetalliCan,,,,,,Au,7.738899920918366,1.0,mining,0.043288395433888155,,,,Doré,concentrate_economic,kg
QC-MAIN-6dc537e6,Underground mining and beneficiation at Éléonore,"Underground, concentrator",Free-milling,Material use,Nitric acid (HNO3),40.12825,t,MetalliCan,MetalliCan,,,,,,Au,7.738899920918366,1.0,mining,0.005185265400775208,,,,Doré,concentrate_economic,kg
QC-MAIN-6dc537e6,Underground mining and beneficiation at Éléonore,"Underground, concentrator",Free-milling,Material use,Sodium cyanide (NaCN),838.8,t,MetalliCan,MetalliCan,,,,,,Au,7.738899920918366,1.0,mining,0.10838749803866962,,,,Doré,concentrate_economic,kg
QC-MAIN-6dc537e6,Underground mining and beneficiation at Éléonore,"Underground, concentrator",Free-milling,Material use,Sulfuric acid (H2SO4),0.1360864,t,MetalliCan,MetalliCan,,,,,,Au,7.738899920918366,1.0,mining,1.7584721522519804e-05,,,,Doré,concentrate_economic,kg
QC-MAIN-6dc537e6,Underground mining and beneficiation at Éléonore,"Underground, concentrator",Free-milling,Material use,Tires,241.250566996281,t,MetalliCan,MetalliCan,,,,,,Au,7.738899920918366,1.0,mining,0.031173754598399314,,,,Doré,concentrate_economic,kg
QC-MAIN-c0660aec,Underground mining and beneficiation at Goldex,"Underground, concentrator",Free-milling,Material use,Explosives,2761.75,t,MetalliCan,MetalliCan,,,,,,Cu,130.12252666666666,0.003859237362487364,mining,8.190932852966027e-05,,,,Cu concentrate,concentrate_economic,kg
QC-MAIN-c0660aec,Underground mining and beneficiation at Goldex,"Underground, concentrator",Free-milling,Material use,Explosives,2761.75,t,MetalliCan,MetalliCan,,,,,,Au,4.474542118316694,0.9961407626375127,mining,0.6148320159849342,,,,Doré,concentrate_economic,kg
ON-MAIN-687b8c8d,Underground mining and beneficiation at Island,"Underground, concentrator",Free-milling,Material use,Total blasting agents used e.g. ANFO,486.3,t,MetalliCan,MetalliCan,,,,,,Au,4.1704080612244905,1.0,mining,0.11660729426492032,,,,Doré,concentrate_economic,kg
ON-MAIN-687b8c8d,Underground mining and beneficiation at Island,"Underground, concentrator",Free-milling,Material use,Total sodium cyanide used,245.0,t,MetalliCan,MetalliCan,,,,,,Au,4.1704080612244905,1.0,mining,0.058747248807126215,,,,Doré,concentrate_economic,kg
YT-MAIN-44857446,Underground mining and beneficiation at Keno Hill Silver District,"Underground, concentrator",High-grade polymetallic Pb-Zn-Ag,Material use,Surface/underground emulsion & ANFO,231.88076632,t,MetalliCan,MetalliCan,,,,,,Zn,2678.0,0.9939404291135293,mining,8.606260955163362e-05,,,,Zn concentrate,concentrate_economic,kg
YT-MAIN-44857446,Underground mining and beneficiation at Keno Hill Silver District,"Underground, concentrator",High-grade polymetallic Pb-Zn-Ag,Material use,Surface/underground emulsion & ANFO,231.88076632,t,MetalliCan,MetalliCan,,,,,,Pb,20.416666666666668,0.0060595708864706705,mining,6.882112362735579e-05,,,,Pb concentrate,concentrate_economic,kg
QC-MAIN-9de9bb0d,Open-pit mining and beneficiation at Kiena,"Open-pit, concentrator",Free-milling,Material use,Explosives,506.0,t,MetalliCan,MetalliCan,,,,,,Au,1.2201776096938775,1.0,mining,0.41469372653621067,,,,Doré,concentrate_economic,kg
QC-MAIN-e51eda66,Underground mining and beneficiation at LaRonde,"Underground, concentrator","Porphyry sulfide, flotation-based",Material use,Explosives,1570.0,t,MetalliCan,MetalliCan,,,,,,Cu,8593.20125,0.09772240804218515,mining,1.7854135631494804e-05,,,,Cu concentrate,concentrate_economic,kg
QC-MAIN-e51eda66,Underground mining and beneficiation at LaRonde,"Underground, concentrator","Porphyry sulfide, flotation-based",Material use,Explosives,1570.0,t,MetalliCan,MetalliCan,,,,,,Zn,15404.877034,0.06548662801881933,mining,6.674120524469377e-06,,,,Zn concentrate,concentrate_economic,kg
QC-MAIN-e51eda66,Underground mining and beneficiation at LaRonde,"Underground, concentrator","Porphyry sulfide, flotation-based",Material use,Explosives,1570.0,t,MetalliCan,MetalliCan,,,,,,Au,9.802902790306113,0.8367909639389955,mining,0.13401763145946677,,,,Doré,concentrate_economic,kg
ON-MAIN-1f126a43,Underground mining and beneficiation at Macassa,"Underground, concentrator",Free-milling,Material use,Explosives,20644.0,t,MetalliCan,MetalliCan,,,,,,Au,7.253304461734694,1.0,mining,2.846151034870912,,,,Doré,concentrate_economic,kg
GRP-0a2c0d69,Open-pit and underground mining at Meadowbank complex,"Open-pit, underground",Free-milling,Material use,Explosives,11329.5,t,MetalliCan,MetalliCan,,,,,,Au,17.66760135719143,1.0,mining,0.6412585257584179,,,,Doré,concentrate_economic,kg
NU-MAIN-8b0264c9,Open-pit and underground mining and beneficiation at Meliadine,"Open-pit, underground, concentrator",Free-milling,Material use,Explosives,4549.5,t,MetalliCan,MetalliCan,,,,,,Au,12.41413683010194,1.0,mining,0.3664773525750353,,,,Doré,concentrate_economic,kg
BC-MAIN-ed23117f,Open-pit mining and beneficiation at Mount Milligan,"Open-pit, concentrator","Porphyry sulfide, flotation-based",Material use,Explosives,646.875,t,MetalliCan,MetalliCan,,,,,,Cu,93533.69434666667,1.0,mining,6.915956912836868e-06,,,,Cu concentrate,concentrate_economic,kg
ON-MAIN-fefeaee4,Underground mining and beneficiation at Musselwhite,"Underground, concentrator",Free-milling,Material use,Cement,9417.6,t,MetalliCan,MetalliCan,,,,,,Au,5.712887755102041,1.0,mining,1.6484832896619352,,,,Doré,concentrate_economic,kg
ON-MAIN-fefeaee4,Underground mining and beneficiation at Musselwhite,"Underground, concentrator",Free-milling,Material use,Grinding media,726.071,t,MetalliCan,MetalliCan,,,,,,Au,5.712887755102041,1.0,mining,0.12709351752125075,,,,Doré,concentrate_economic,kg
ON-MAIN-fefeaee4,Underground mining and beneficiation at Musselwhite,"Underground, concentrator",Free-milling,Material use,Hydrochloric acid (HCL),68.068,t,MetalliCan,MetalliCan,,,,,,Au,5.712887755102041,1.0,mining,0.01191481487435319,,,,Doré,concentrate_economic,kg
ON-MAIN-fefeaee4,Underground mining and beneficiation at Musselwhite,"Underground, concentrator",Free-milling,Material use,Lime,924.081,t,MetalliCan,MetalliCan,,,,,,Au,5.712887755102041,1.0,mining,0.1617537468987949,,,,Doré,concentrate_economic,kg
ON-MAIN-fefeaee4,Underground mining and beneficiation at Musselwhite,"Underground, concentrator",Free-milling,Material use,Lubricants,296.13848,t,MetalliCan,MetalliCan,,,,,,Au,5.712887755102041,1.0,mining,0.051836915531121006,,,,Doré,concentrate_economic,kg
ON-MAIN-fefeaee4,Underground mining and beneficiation at Musselwhite,"Underground, concentrator",Free-milling,Material use,Sodium cyanide (NaCN),390.003,t,MetalliCan,MetalliCan,,,,,,Au,5.712887755102041,1.0,mining,0.06826722608923969,,,,Doré,concentrate_economic,kg
ON-MAIN-fefeaee4,Underground mining and beneficiation at Musselwhite,"Underground, concentrator",Free-milling,Material use,Tires,100.705343372947,t,MetalliCan,MetalliCan,,,,,,Au,5.712887755102041,1.0,mining,0.01762774759280182,,,,Doré,concentrate_economic,kg
BC-MAIN-aa76f6f2,Underground mining and beneficiation at New Afton,"Underground, concentrator","Porphyry sulfide, flotation-based",Material use,2'' balls,980.0,t,MetalliCan,MetalliCan,,,,,,Cu,71667.53600000001,1.0,mining,1.3674252732785454e-05,,,,Cu concentrate,concentrate_economic,kg
BC-MAIN-aa76f6f2,Underground mining and beneficiation at New Afton,"Underground, concentrator","Porphyry sulfide, flotation-based",Material use,3/4'' balls,179.0,t,MetalliCan,MetalliCan,,,,,,Cu,71667.53600000001,1.0,mining,2.4976441216006085e-06,,,,Cu concentrate,concentrate_economic,kg
BC-MAIN-aa76f6f2,Underground mining and beneficiation at New Afton,"Underground, concentrator","Porphyry sulfide, flotation-based",Material use,Anti-scalant,38.0,t,MetalliCan,MetalliCan,,,,,,Cu,71667.53600000001,1.0,mining,5.302261263733135e-07,,,,Cu concentrate,concentrate_economic,kg
BC-MAIN-aa76f6f2,Underground mining and beneficiation at New Afton,"Underground, concentrator","Porphyry sulfide, flotation-based",Material use,Explosives,522.6,t,MetalliCan,MetalliCan,,,,,,Cu,71667.53600000001,1.0,mining,7.29200456954457e-06,,,,Cu concentrate,concentrate_economic,kg
BC-MAIN-aa76f6f2,Underground mining and beneficiation at New Afton,"Underground, concentrator","Porphyry sulfide, flotation-based",Material use,Flocculant,192.0,t,MetalliCan,MetalliCan,,,,,,Cu,71667.53600000001,1.0,mining,2.6790372700967417e-06,,,,Cu concentrate,concentrate_economic,kg
BC-MAIN-aa76f6f2,Underground mining and beneficiation at New Afton,"Underground, concentrator","Porphyry sulfide, flotation-based",Material use,Lime,2724.0,t,MetalliCan,MetalliCan,,,,,,Cu,71667.53600000001,1.0,mining,3.800884126949753e-05,,,,Cu concentrate,concentrate_economic,kg
BC-MAIN-aa76f6f2,Underground mining and beneficiation at New Afton,"Underground, concentrator","Porphyry sulfide, flotation-based",Material use,Polyfroth h57,55.0,t,MetalliCan,MetalliCan,,,,,,Cu,71667.53600000001,1.0,mining,7.67432551329796e-07,,,,Cu concentrate,concentrate_economic,kg
BC-MAIN-aa76f6f2,Underground mining and beneficiation at New Afton,"Underground, concentrator","Porphyry sulfide, flotation-based",Material use,S60 SAG Balls,583.0,t,MetalliCan,MetalliCan,,,,,,Cu,71667.53600000001,1.0,mining,8.134785044095837e-06,,,,Cu concentrate,concentrate_economic,kg
GRP-0d911886,Open-pit and underground mining at Porcupine complex,"Open-pit, underground",Free-milling,Material use,Cement,12578.0,t,MetalliCan,MetalliCan,,,,,,Au,8.251948979591836,1.0,mining,1.5242459728128546,,,,Doré,concentrate_economic,kg
GRP-0d911886,Open-pit and underground mining at Porcupine complex,"Open-pit, underground",Free-milling,Material use,Grinding media,1932.222,t,MetalliCan,MetalliCan,,,,,,Au,8.251948979591836,1.0,mining,0.234153410882525,,,,Doré,concentrate_economic,kg
GRP-0d911886,Open-pit and underground mining at Porcupine complex,"Open-pit, underground",Free-milling,Material use,Hydrochloric acid (HCL),2.68345,t,MetalliCan,MetalliCan,,,,,,Au,8.251948979591836,1.0,mining,0.0003251898438340479,,,,Doré,concentrate_economic,kg
GRP-0d911886,Open-pit and underground mining at Porcupine complex,"Open-pit, underground",Free-milling,Material use,Lime,4346.921,t,MetalliCan,MetalliCan,,,,,,Au,8.251948979591836,1.0,mining,0.5267750698350793,,,,Doré,concentrate_economic,kg
GRP-0d911886,Open-pit and underground mining at Porcupine complex,"Open-pit, underground",Free-milling,Material use,Lubricants,545.0420799999999,t,MetalliCan,MetalliCan,,,,,,Au,8.251948979591836,1.0,mining,0.06605010299360324,,,,Doré,concentrate_economic,kg
GRP-0d911886,Open-pit and underground mining at Porcupine complex,"Open-pit, underground",Free-milling,Material use,Nitric acid (HNO3),0.26425,t,MetalliCan,MetalliCan,,,,,,Au,8.251948979591836,1.0,mining,3.2022737980266875e-05,,,,Doré,concentrate_economic,kg
GRP-0d911886,Open-pit and underground mining at Porcupine complex,"Open-pit, underground",Free-milling,Material use,Sodium cyanide (NaCN),734.521,t,MetalliCan,MetalliCan,,,,,,Au,8.251948979591836,1.0,mining,0.08901182033681591,,,,Doré,concentrate_economic,kg
GRP-0d911886,Open-pit and underground mining at Porcupine complex,"Open-pit, underground",Free-milling,Material use,Sulfuric acid (H2SO4),0.009200000000000002,t,MetalliCan,MetalliCan,,,,,,Au,8.251948979591836,1.0,mining,1.1148881340338898e-06,,,,Doré,concentrate_economic,kg
GRP-0d911886,Open-pit and underground mining at Porcupine complex,"Open-pit, underground",Free-milling,Material use,Tires,626.983579787717,t,MetalliCan,MetalliCan,,,,,,Au,8.251948979591836,1.0,mining,0.0759800601455887,,,,Doré,concentrate_economic,kg
ON-MAIN-0aadf28f,Open-pit and underground mining and beneficiation at Rainy River,"Open-pit, underground, concentrator",Free-milling,Material use,2.5'' balls,5977.02,t,MetalliCan,MetalliCan,,,,,,Au,8.05342613010203,1.0,mining,0.7421710838892709,,,,Doré,concentrate_economic,kg
ON-MAIN-0aadf28f,Open-pit and underground mining and beneficiation at Rainy River,"Open-pit, underground, concentrator",Free-milling,Material use,5.5'' balls,2819.39,t,MetalliCan,MetalliCan,,,,,,Au,8.05342613010203,1.0,mining,0.35008578392017614,,,,Doré,concentrate_economic,kg
ON-MAIN-0aadf28f,Open-pit and underground mining and beneficiation at Rainy River,"Open-pit, underground, concentrator",Free-milling,Material use,Anti-scalant,231.23982,t,MetalliCan,MetalliCan,,,,,,Au,8.05342613010203,1.0,mining,0.028713222951865628,,,,Doré,concentrate_economic,kg
ON-MAIN-0aadf28f,Open-pit and underground mining and beneficiation at Rainy River,"Open-pit, underground, concentrator",Free-milling,Material use,Caustic soda,526.21,t,MetalliCan,MetalliCan,,,,,,Au,8.05342613010203,1.0,mining,0.06533989279831308,,,,Doré,concentrate_economic,kg
ON-MAIN-0aadf28f,Open-pit and underground mining and beneficiation at Rainy River,"Open-pit, underground, concentrator",Free-milling,Material use,Cyanide,2269.57,t,MetalliCan,MetalliCan,,,,,,Au,8.05342613010203,1.0,mining,0.2818142196048487,,,,Doré,concentrate_economic,kg
ON-MAIN-0aadf28f,Open-pit and underground mining and beneficiation at Rainy River,"Open-pit, underground, concentrator",Free-milling,Material use,Explosives,14805.627,t,MetalliCan,MetalliCan,,,,,,Au,8.05342613010203,1.0,mining,1.838425877485813,,,,Doré,concentrate_economic,kg
ON-MAIN-0aadf28f,Open-pit and underground mining and beneficiation at Rainy River,"Open-pit, underground, concentrator",Free-milling,Material use,Flocculant,149.1,t,MetalliCan,MetalliCan,,,,,,Au,8.05342613010203,1.0,mining,0.018513859516596946,,,,Doré,concentrate_economic,kg
ON-MAIN-0aadf28f,Open-pit and underground mining and beneficiation at Rainy River,"Open-pit, underground, concentrator",Free-milling,Material use,Lime,6390.4,t,MetalliCan,MetalliCan,,,,,,Au,8.05342613010203,1.0,mining,0.7935007904417245,,,,Doré,concentrate_economic,kg
GRP-147b3123,Underground mining and beneficiation at Timmins Operation,"Underground, concentrator",Free-milling,Material use,Ammonium nitrate,6.9,t,MetalliCan,MetalliCan,,,,,,Au,4.218015459183674,1.0,mining,0.0016358403772506278,,,,Doré,concentrate_economic,kg
GRP-147b3123,Underground mining and beneficiation at Timmins Operation,"Underground, concentrator",Free-milling,Material use,Dynamite,1629.933333333333,t,MetalliCan,MetalliCan,,,,,,Au,4.218015459183674,1.0,mining,0.3864218491149815,,,,Doré,concentrate_economic,kg
GRP-147b3123,Underground mining and beneficiation at Timmins Operation,"Underground, concentrator",Free-milling,Material use,Emulsions,675.4333333333334,t,MetalliCan,MetalliCan,,,,,,Au,4.218015459183674,1.0,mining,0.16013059692864479,,,,Doré,concentrate_economic,kg
QC-MAIN-02884fb5,Underground mining and beneficiation at Westwood-Doyon,"Underground, concentrator",Free-milling,Material use,ANFO,665.608695652174,t,MetalliCan,MetalliCan,,,,,,Au,4.118166876530612,1.0,mining,0.16162742200794986,,,,Doré,concentrate_economic,kg
QC-MAIN-02884fb5,Underground mining and beneficiation at Westwood-Doyon,"Underground, concentrator",Free-milling,Material use,Anti-scalant,35.4,t,MetalliCan,MetalliCan,,,,,,Au,4.118166876530612,1.0,mining,0.008596057678416145,,,,Doré,concentrate_economic,kg
QC-MAIN-02884fb5,Underground mining and beneficiation at Westwood-Doyon,"Underground, concentrator",Free-milling,Material use,Carbon,60.4,t,MetalliCan,MetalliCan,,,,,,Au,4.118166876530612,1.0,mining,0.014666719880687433,,,,Doré,concentrate_economic,kg
QC-MAIN-02884fb5,Underground mining and beneficiation at Westwood-Doyon,"Underground, concentrator",Free-milling,Material use,Caustic soda,86.6,t,MetalliCan,MetalliCan,,,,,,Au,4.118166876530612,1.0,mining,0.021028773868667743,,,,Doré,concentrate_economic,kg
QC-MAIN-02884fb5,Underground mining and beneficiation at Westwood-Doyon,"Underground, concentrator",Free-milling,Material use,Compressor oil,1.5,t,MetalliCan,MetalliCan,,,,,,Au,4.118166876530612,1.0,mining,0.0003642397321362773,,,,Doré,concentrate_economic,kg
QC-MAIN-02884fb5,Underground mining and beneficiation at Westwood-Doyon,"Underground, concentrator",Free-milling,Material use,Cyanide,399.3,t,MetalliCan,MetalliCan,,,,,,Au,4.118166876530612,1.0,mining,0.09696061669467702,,,,Doré,concentrate_economic,kg
QC-MAIN-02884fb5,Underground mining and beneficiation at Westwood-Doyon,"Underground, concentrator",Free-milling,Material use,Emulsion ANFO,1420.2,t,MetalliCan,MetalliCan,,,,,,Au,4.118166876530612,1.0,mining,0.34486217838662736,,,,Doré,concentrate_economic,kg
QC-MAIN-02884fb5,Underground mining and beneficiation at Westwood-Doyon,"Underground, concentrator",Free-milling,Material use,Explosives,1483.4,t,MetalliCan,MetalliCan,,,,,,Au,4.118166876530612,1.0,mining,0.36020881243396924,,,,Doré,concentrate_economic,kg
QC-MAIN-02884fb5,Underground mining and beneficiation at Westwood-Doyon,"Underground, concentrator",Free-milling,Material use,Flocculant,46.2,t,MetalliCan,MetalliCan,,,,,,Au,4.118166876530612,1.0,mining,0.011218583749797343,,,,Doré,concentrate_economic,kg
QC-MAIN-02884fb5,Underground mining and beneficiation at Westwood-Doyon,"Underground, concentrator",Free-milling,Material use,Grease,4.5,t,MetalliCan,MetalliCan,,,,,,Au,4.118166876530612,1.0,mining,0.0010927191964088321,,,,Doré,concentrate_economic,kg
QC-MAIN-02884fb5,Underground mining and beneficiation at Westwood-Doyon,"Underground, concentrator",Free-milling,Material use,Hydraulic oil,200.2,t,MetalliCan,MetalliCan,,,,,,Au,4.118166876530612,1.0,mining,0.04861386291578848,,,,Doré,concentrate_economic,kg
QC-MAIN-02884fb5,Underground mining and beneficiation at Westwood-Doyon,"Underground, concentrator",Free-milling,Material use,Lime,5069.3,t,MetalliCan,MetalliCan,,,,,,Au,4.118166876530612,1.0,mining,1.2309603160789537,,,,Doré,concentrate_economic,kg
QC-MAIN-02884fb5,Underground mining and beneficiation at Westwood-Doyon,"Underground, concentrator",Free-milling,Material use,Motor/drill oil,18.9,t,MetalliCan,MetalliCan,,,,,,Au,4.118166876530612,1.0,mining,0.004589420624917094,,,,Doré,concentrate_economic,kg
QC-MAIN-02884fb5,Underground mining and beneficiation at Westwood-Doyon,"Underground, concentrator",Free-milling,Material use,Sulfur dioxide,539.0,t,MetalliCan,MetalliCan,,,,,,Au,4.118166876530612,1.0,mining,0.13088347708096898,,,,Doré,concentrate_economic,kg
QC-MAIN-02884fb5,Underground mining and beneficiation at Westwood-Doyon,"Underground, concentrator",Free-milling,Material use,Transmission oil,8.1,t,MetalliCan,MetalliCan,,,,,,Au,4.118166876530612,1.0,mining,0.0019668945535358975,,,,Doré,concentrate_economic,kg
ON-MAIN-7607a50e,Underground mining and beneficiation at Young-Davidson,"Underground, concentrator",Free-milling,Material use,Total blasting agents used e.g. ANFO,2599.5,t,MetalliCan,MetalliCan,,,,,,Au,5.874752908163255,1.0,mining,0.4424866952936639,,,,Doré,concentrate_economic,kg
ON-MAIN-7607a50e,Underground mining and beneficiation at Young-Davidson,"Underground, concentrator",Free-milling,Material use,Total sodium cyanide used,1955.7,t,MetalliCan,MetalliCan,,,,,,Au,5.874752908163255,1.0,mining,0.3328991075152216,,,,Doré,concentrate_economic,kg
BC-MAIN-3f490561,Open-pit mining and beneficiation at Mount Polley,"Open-pit, concentrator","Porphyry sulfide, flotation-based",Material,Anti-scalant,,kg,Archetype inference (nan) | MetalliCan,0.012 * ore_processed_t,,,,,,Cu,45578.436133333336,1.0,mining,,,,,Cu concentrate,concentrate_economic,kg
BC-MAIN-3f490561,Open-pit mining and beneficiation at Mount Polley,"Open-pit, concentrator","Porphyry sulfide, flotation-based",Material,Floculant,,kg,Archetype inference (nan) | MetalliCan,0.063 * ore_processed_t,,,,,,Cu,45578.436133333336,1.0,mining,,,,,Cu concentrate,concentrate_economic,kg
BC-MAIN-3f490561,Open-pit mining and beneficiation at Mount Polley,"Open-pit, concentrator","Porphyry sulfide, flotation-based",Material,Frother,,kg,Archetype inference (nan) | MetalliCan,0.018 * ore_processed_t,,,,,,Cu,45578.436133333336,1.0,mining,,,,,Cu concentrate,concentrate_economic,kg
BC-MAIN-3f490561,Open-pit mining and beneficiation at Mount Polley,"Open-pit, concentrator","Porphyry sulfide, flotation-based",Material,Grinding media,,kg,Archetype inference (nan) | MetalliCan,0.189 * ore_processed_t,,,,,,Cu,45578.436133333336,1.0,mining,,,,,Cu concentrate,concentrate_economic,kg
BC-MAIN-3f490561,Open-pit mining and beneficiation at Mount Polley,"Open-pit, concentrator","Porphyry sulfide, flotation-based",Material,Lime,,kg,Archetype inference (nan) | MetalliCan,0.889 * ore_processed_t,,,,,,Cu,45578.436133333336,1.0,mining,,,,,Cu concentrate,concentrate_economic,kg
BC-MAIN-4724f4ba,Open-pit mining at Elk,Open-pit,Free-milling,Material,Grinding media,,kg,Archetype inference (Comminution) | Norgate & Haque (2010),0.71 * ore_processed_t,,,,,,Au,0.12428704693877551,1.0,mining,,,,,Doré,concentrate_economic,kg
BC-MAIN-4724f4ba,Open-pit mining at Elk,Open-pit,Free-milling,Material,Lime,,kg,Archetype inference (Extraction and recovery - Cyanidation) | Norgate & Haque (2010),2.2 * ore_processed_t,,,,,,Au,0.12428704693877551,1.0,mining,,,,,Doré,concentrate_economic,kg
BC-MAIN-4724f4ba,Open-pit mining at Elk,Open-pit,Free-milling,Material,Sodium cyanide,,kg,Archetype inference (Extraction and recovery - Cyanidation) | Norgate & Haque (2010),0.64 * ore_processed_t,,,,,,Au,0.12428704693877551,1.0,mining,,,,,Doré,concentrate_economic,kg
BC-MAIN-4724f4ba,Open-pit mining at Elk,Open-pit,Free-milling,Material,Activated carbon,,g,Archetype inference (Extraction and recovery - CIP) | Norgate & Haque (2010),24 * ore_processed_t,,,,,,Au,0.12428704693877551,1.0,mining,,,,,Doré,concentrate_economic,kg
BC-MAIN-4724f4ba,Open-pit mining at Elk,Open-pit,Free-milling,Material,Hydrochloric acid,,g,Archetype inference (Extraction and recovery - CIP) | Norgate & Haque (2010),83 * ore_processed_t,,,,,,Au,0.12428704693877551,1.0,mining,,,,,Doré,concentrate_economic,kg
BC-MAIN-599152a0,Open-pit mining and beneficiation at Copper Mountain,"Open-pit, concentrator","Porphyry sulfide, flotation-based",Material,Anti-scalant,,kg,Archetype inference (nan) | MetalliCan,0.012 * ore_processed_t,,,,,,Cu,63500.0,1.0,mining,,,,,Cu concentrate,concentrate_economic,kg
BC-MAIN-599152a0,Open-pit mining and beneficiation at Copper Mountain,"Open-pit, concentrator","Porphyry sulfide, flotation-based",Material,Floculant,,kg,Archetype inference (nan) | MetalliCan,0.063 * ore_processed_t,,,,,,Cu,63500.0,1.0,mining,,,,,Cu concentrate,concentrate_economic,kg
BC-MAIN-599152a0,Open-pit mining and beneficiation at Copper Mountain,"Open-pit, concentrator","Porphyry sulfide, flotation-based",Material,Frother,,kg,Archetype inference (nan) | MetalliCan,0.018 * ore_processed_t,,,,,,Cu,63500.0,1.0,mining,,,,,Cu concentrate,concentrate_economic,kg
BC-MAIN-599152a0,Open-pit mining and beneficiation at Copper Mountain,"Open-pit, concentrator","Porphyry sulfide, flotation-based",Material,Grinding media,,kg,Archetype inference (nan) | MetalliCan,0.189 * ore_processed_t,,,,,,Cu,63500.0,1.0,mining,,,,,Cu concentrate,concentrate_economic,kg
BC-MAIN-599152a0,Open-pit mining and beneficiation at Copper Mountain,"Open-pit, concentrator","Porphyry sulfide, flotation-based",Material,Lime,,kg,Archetype inference (nan) | MetalliCan,0.889 * ore_processed_t,,,,,,Cu,63500.0,1.0,mining,,,,,Cu concentrate,concentrate_economic,kg
BC-MAIN-6b4800fe,Open-pit mining and beneficiation at Gibraltar,"Open-pit, concentrator","Porphyry sulfide, flotation-based",Material,Anti-scalant,,kg,Archetype inference (nan) | MetalliCan,0.012 * ore_processed_t,,,,,,Cu,185367.93066666668,0.9997556641309961,mining,,,,,Cu concentrate,concentrate_economic,kg
BC-MAIN-6b4800fe,Open-pit mining and beneficiation at Gibraltar,"Open-pit, concentrator","Porphyry sulfide, flotation-based",Material,Anti-scalant,,kg,Archetype inference (nan) | MetalliCan,0.012 * ore_processed_t,,,,,,Mo,10.690540862745097,0.0002443358690038284,mining,,,,,Mo concentrate,concentrate_economic,kg
BC-MAIN-6b4800fe,Open-pit mining and beneficiation at Gibraltar,"Open-pit, concentrator","Porphyry sulfide, flotation-based",Material,Floculant,,kg,Archetype inference (nan) | MetalliCan,0.063 * ore_processed_t,,,,,,Cu,185367.93066666668,0.9997556641309961,mining,,,,,Cu concentrate,concentrate_economic,kg
BC-MAIN-6b4800fe,Open-pit mining and beneficiation at Gibraltar,"Open-pit, concentrator","Porphyry sulfide, flotation-based",Material,Floculant,,kg,Archetype inference (nan) | MetalliCan,0.063 * ore_processed_t,,,,,,Mo,10.690540862745097,0.0002443358690038284,mining,,,,,Mo concentrate,concentrate_economic,kg
BC-MAIN-6b4800fe,Open-pit mining and beneficiation at Gibraltar,"Open-pit, concentrator","Porphyry sulfide, flotation-based",Material,Frother,,kg,Archetype inference (nan) | MetalliCan,0.018 * ore_processed_t,,,,,,Cu,185367.93066666668,0.9997556641309961,mining,,,,,Cu concentrate,concentrate_economic,kg
BC-MAIN-6b4800fe,Open-pit mining and beneficiation at Gibraltar,"Open-pit, concentrator","Porphyry sulfide, flotation-based",Material,Frother,,kg,Archetype inference (nan) | MetalliCan,0.018 * ore_processed_t,,,,,,Mo,10.690540862745097,0.0002443358690038284,mining,,,,,Mo concentrate,concentrate_economic,kg
BC-MAIN-6b4800fe,Open-pit mining and beneficiation at Gibraltar,"Open-pit, concentrator","Porphyry sulfide, flotation-based",Material,Grinding media,,kg,Archetype inference (nan) | MetalliCan,0.189 * ore_processed_t,,,,,,Cu,185367.93066666668,0.9997556641309961,mining,,,,,Cu concentrate,concentrate_economic,kg
BC-MAIN-6b4800fe,Open-pit mining and beneficiation at Gibraltar,"Open-pit, concentrator","Porphyry sulfide, flotation-based",Material,Grinding media,,kg,Archetype inference (nan) | MetalliCan,0.189 * ore_processed_t,,,,,,Mo,10.690540862745097,0.0002443358690038284,mining,,,,,Mo concentrate,concentrate_economic,kg
BC-MAIN-6b4800fe,Open-pit mining and beneficiation at Gibraltar,"Open-pit, concentrator","Porphyry sulfide, flotation-based",Material,Lime,,kg,Archetype inference (nan) | MetalliCan,0.889 * ore_processed_t,,,,,,Cu,185367.93066666668,0.9997556641309961,mining,,,,,Cu concentrate,concentrate_economic,kg
BC-MAIN-6b4800fe,Open-pit mining and beneficiation at Gibraltar,"Open-pit, concentrator","Porphyry sulfide, flotation-based",Material,Lime,,kg,Archetype inference (nan) | MetalliCan,0.889 * ore_processed_t,,,,,,Mo,10.690540862745097,0.0002443358690038284,mining,,,,,Mo concentrate,concentrate_economic,kg
BC-MAIN-bf503b6b,Open-pit mining and beneficiation at Highland Valley,"Open-pit, concentrator","Porphyry sulfide, flotation-based",Material,Anti-scalant,,kg,Archetype inference (nan) | MetalliCan,0.012 * ore_processed_t,,,,,,Cu,341333.3333333334,0.9997809583158581,mining,,,,,Cu concentrate,concentrate_economic,kg
BC-MAIN-bf503b6b,Open-pit mining and beneficiation at Highland Valley,"Open-pit, concentrator","Porphyry sulfide, flotation-based",Material,Anti-scalant,,kg,Archetype inference (nan) | MetalliCan,0.012 * ore_processed_t,,,,,,Mo,17.647058823529413,0.00021904168414189142,mining,,,,,Mo concentrate,concentrate_economic,kg
BC-MAIN-bf503b6b,Open-pit mining and beneficiation at Highland Valley,"Open-pit, concentrator","Porphyry sulfide, flotation-based",Material,Floculant,,kg,Archetype inference (nan) | MetalliCan,0.063 * ore_processed_t,,,,,,Cu,341333.3333333334,0.9997809583158581,mining,,,,,Cu concentrate,concentrate_economic,kg
BC-MAIN-bf503b6b,Open-pit mining and beneficiation at Highland Valley,"Open-pit, concentrator","Porphyry sulfide, flotation-based",Material,Floculant,,kg,Archetype inference (nan) | MetalliCan,0.063 * ore_processed_t,,,,,,Mo,17.647058823529413,0.00021904168414189142,mining,,,,,Mo concentrate,concentrate_economic,kg
BC-MAIN-bf503b6b,Open-pit mining and beneficiation at Highland Valley,"Open-pit, concentrator","Porphyry sulfide, flotation-based",Material,Frother,,kg,Archetype inference (nan) | MetalliCan,0.018 * ore_processed_t,,,,,,Cu,341333.3333333334,0.9997809583158581,mining,,,,,Cu concentrate,concentrate_economic,kg
BC-MAIN-bf503b6b,Open-pit mining and beneficiation at Highland Valley,"Open-pit, concentrator","Porphyry sulfide, flotation-based",Material,Frother,,kg,Archetype inference (nan) | MetalliCan,0.018 * ore_processed_t,,,,,,Mo,17.647058823529413,0.00021904168414189142,mining,,,,,Mo concentrate,concentrate_economic,kg
BC-MAIN-bf503b6b,Open-pit mining and beneficiation at Highland Valley,"Open-pit, concentrator","Porphyry sulfide, flotation-based",Material,Grinding media,,kg,Archetype inference (nan) | MetalliCan,0.189 * ore_processed_t,,,,,,Cu,341333.3333333334,0.9997809583158581,mining,,,,,Cu concentrate,concentrate_economic,kg
BC-MAIN-bf503b6b,Open-pit mining and beneficiation at Highland Valley,"Open-pit, concentrator","Porphyry sulfide, flotation-based",Material,Grinding media,,kg,Archetype inference (nan) | MetalliCan,0.189 * ore_processed_t,,,,,,Mo,17.647058823529413,0.00021904168414189142,mining,,,,,Mo concentrate,concentrate_economic,kg
BC-MAIN-bf503b6b,Open-pit mining and beneficiation at Highland Valley,"Open-pit, concentrator","Porphyry sulfide, flotation-based",Material,Lime,,kg,Archetype inference (nan) | MetalliCan,0.889 * ore_processed_t,,,,,,Cu,341333.3333333334,0.9997809583158581,mining,,,,,Cu concentrate,concentrate_economic,kg
BC-MAIN-bf503b6b,Open-pit mining and beneficiation at Highland Valley,"Open-pit, concentrator","Porphyry sulfide, flotation-based",Material,Lime,,kg,Archetype inference (nan) | MetalliCan,0.889 * ore_processed_t,,,,,,Mo,17.647058823529413,0.00021904168414189142,mining,,,,,Mo concentrate,concentrate_economic,kg
BC-MAIN-ed23117f,Open-pit mining and beneficiation at Mount Milligan,"Open-pit, concentrator","Porphyry sulfide, flotation-based",Material,Anti-scalant,,kg,Archetype inference (nan) | MetalliCan,0.012 * ore_processed_t,,,,,,Cu,93533.69434666667,1.0,mining,,,,,Cu concentrate,concentrate_economic,kg
BC-MAIN-ed23117f,Open-pit mining and beneficiation at Mount Milligan,"Open-pit, concentrator","Porphyry sulfide, flotation-based",Material,Floculant,,kg,Archetype inference (nan) | MetalliCan,0.063 * ore_processed_t,,,,,,Cu,93533.69434666667,1.0,mining,,,,,Cu concentrate,concentrate_economic,kg
BC-MAIN-ed23117f,Open-pit mining and beneficiation at Mount Milligan,"Open-pit, concentrator","Porphyry sulfide, flotation-based",Material,Frother,,kg,Archetype inference (nan) | MetalliCan,0.018 * ore_processed_t,,,,,,Cu,93533.69434666667,1.0,mining,,,,,Cu concentrate,concentrate_economic,kg
BC-MAIN-ed23117f,Open-pit mining and beneficiation at Mount Milligan,"Open-pit, concentrator","Porphyry sulfide, flotation-based",Material,Grinding media,,kg,Archetype inference (nan) | MetalliCan,0.189 * ore_processed_t,,,,,,Cu,93533.69434666667,1.0,mining,,,,,Cu concentrate,concentrate_economic,kg
BC-MAIN-ed23117f,Open-pit mining and beneficiation at Mount Milligan,"Open-pit, concentrator","Porphyry sulfide, flotation-based",Material,Lime,,kg,Archetype inference (nan) | MetalliCan,0.889 * ore_processed_t,,,,,,Cu,93533.69434666667,1.0,mining,,,,,Cu concentrate,concentrate_economic,kg
MB-MAIN-e0a6250e,Open-pit and underground mining and beneficiation at Thompson (T-1 and T-3),"Open-pit, underground, concentrator","Porphyry sulfide, flotation-based",Material,Anti-scalant,,kg,Archetype inference (nan) | MetalliCan,0.012 * ore_processed_t,,,,,,Ni,49375.0,1.0,mining,,,,,Ni concentrate,concentrate_economic,kg
MB-MAIN-e0a6250e,Open-pit and underground mining and beneficiation at Thompson (T-1 and T-3),"Open-pit, underground, concentrator","Porphyry sulfide, flotation-based",Material,Floculant,,kg,Archetype inference (nan) | MetalliCan,0.063 * ore_processed_t,,,,,,Ni,49375.0,1.0,mining,,,,,Ni concentrate,concentrate_economic,kg
MB-MAIN-e0a6250e,Open-pit and underground mining and beneficiation at Thompson (T-1 and T-3),"Open-pit, underground, concentrator","Porphyry sulfide, flotation-based",Material,Frother,,kg,Archetype inference (nan) | MetalliCan,0.018 * ore_processed_t,,,,,,Ni,49375.0,1.0,mining,,,,,Ni concentrate,concentrate_economic,kg
MB-MAIN-e0a6250e,Open-pit and underground mining and beneficiation at Thompson (T-1 and T-3),"Open-pit, underground, concentrator","Porphyry sulfide, flotation-based",Material,Grinding media,,kg,Archetype inference (nan) | MetalliCan,0.189 * ore_processed_t,,,,,,Ni,49375.0,1.0,mining,,,,,Ni concentrate,concentrate_economic,kg
MB-MAIN-e0a6250e,Open-pit and underground mining and beneficiation at Thompson (T-1 and T-3),"Open-pit, underground, concentrator","Porphyry sulfide, flotation-based",Material,Lime,,kg,Archetype inference (nan) | MetalliCan,0.889 * ore_processed_t,,,,,,Ni,49375.0,1.0,mining,,,,,Ni concentrate,concentrate_economic,kg
NL-MAIN-2d8801d6,Open-pit and underground mining and beneficiation at Voisey’s Bay,"Open-pit, underground, concentrator","Porphyry sulfide, flotation-based",Material,Anti-scalant,,kg,Archetype inference (nan) | MetalliCan,0.012 * ore_processed_t,,,,,,Ni,84375.0,1.0,mining,,,,,Ni concentrate,concentrate_economic,kg
NL-MAIN-2d8801d6,Open-pit and underground mining and beneficiation at Voisey’s Bay,"Open-pit, underground, concentrator","Porphyry sulfide, flotation-based",Material,Floculant,,kg,Archetype inference (nan) | MetalliCan,0.063 * ore_processed_t,,,,,,Ni,84375.0,1.0,mining,,,,,Ni concentrate,concentrate_economic,kg
NL-MAIN-2d8801d6,Open-pit and underground mining and beneficiation at Voisey’s Bay,"Open-pit, underground, concentrator","Porphyry sulfide, flotation-based",Material,Frother,,kg,Archetype inference (nan) | MetalliCan,0.018 * ore_processed_t,,,,,,Ni,84375.0,1.0,mining,,,,,Ni concentrate,concentrate_economic,kg
NL-MAIN-2d8801d6,Open-pit and underground mining and beneficiation at Voisey’s Bay,"Open-pit, underground, concentrator","Porphyry sulfide, flotation-based",Material,Grinding media,,kg,Archetype inference (nan) | MetalliCan,0.189 * ore_processed_t,,,,,,Ni,84375.0,1.0,mining,,,,,Ni concentrate,concentrate_economic,kg
NL-MAIN-2d8801d6,Open-pit and underground mining and beneficiation at Voisey’s Bay,"Open-pit, underground, concentrator","Porphyry sulfide, flotation-based",Material,Lime,,kg,Archetype inference (nan) | MetalliCan,0.889 * ore_processed_t,,,,,,Ni,84375.0,1.0,mining,,,,,Ni concentrate,concentrate_economic,kg
NU-MAIN-8b0264c9,Open-pit and underground mining and beneficiation at Meliadine,"Open-pit, underground, concentrator",Free-milling,Material,Grinding media,,kg,Archetype inference (Comminution) | Norgate & Haque (2010),0.71 * ore_processed_t,,,,,,Au,12.41413683010194,1.0,mining,,,,,Doré,concentrate_economic,kg
NU-MAIN-8b0264c9,Open-pit and underground mining and beneficiation at Meliadine,"Open-pit, underground, concentrator",Free-milling,Material,Lime,,kg,Archetype inference (Extraction and recovery - Cyanidation) | Norgate & Haque (2010),2.2 * ore_processed_t,,,,,,Au,12.41413683010194,1.0,mining,,,,,Doré,concentrate_economic,kg
NU-MAIN-8b0264c9,Open-pit and underground mining and beneficiation at Meliadine,"Open-pit, underground, concentrator",Free-milling,Material,Sodium cyanide,,kg,Archetype inference (Extraction and recovery - Cyanidation) | Norgate & Haque (2010),0.64 * ore_processed_t,,,,,,Au,12.41413683010194,1.0,mining,,,,,Doré,concentrate_economic,kg
NU-MAIN-8b0264c9,Open-pit and underground mining and beneficiation at Meliadine,"Open-pit, underground, concentrator",Free-milling,Material,Activated carbon,,g,Archetype inference (Extraction and recovery - CIP) | Norgate & Haque (2010),24 * ore_processed_t,,,,,,Au,12.41413683010194,1.0,mining,,,,,Doré,concentrate_economic,kg
NU-MAIN-8b0264c9,Open-pit and underground mining and beneficiation at Meliadine,"Open-pit, underground, concentrator",Free-milling,Material,Hydrochloric acid,,g,Archetype inference (Extraction and recovery - CIP) | Norgate & Haque (2010),83 * ore_processed_t,,,,,,Au,12.41413683010194,1.0,mining,,,,,Doré,concentrate_economic,kg
ON-MAIN-1f126a43,Underground mining and beneficiation at Macassa,"Underground, concentrator",Free-milling,Material,Grinding media,,kg,Archetype inference (Comminution) | Norgate & Haque (2010),0.71 * ore_processed_t,,,,,,Au,7.253304461734694,1.0,mining,,,,,Doré,concentrate_economic,kg
ON-MAIN-1f126a43,Underground mining and beneficiation at Macassa,"Underground, concentrator",Free-milling,Material,Lime,,kg,Archetype inference (Extraction and recovery - Cyanidation) | Norgate & Haque (2010),2.2 * ore_processed_t,,,,,,Au,7.253304461734694,1.0,mining,,,,,Doré,concentrate_economic,kg
ON-MAIN-1f126a43,Underground mining and beneficiation at Macassa,"Underground, concentrator",Free-milling,Material,Sodium cyanide,,kg,Archetype inference (Extraction and recovery - Cyanidation) | Norgate & Haque (2010),0.64 * ore_processed_t,,,,,,Au,7.253304461734694,1.0,mining,,,,,Doré,concentrate_economic,kg
ON-MAIN-1f126a43,Underground mining and beneficiation at Macassa,"Underground, concentrator",Free-milling,Material,Activated carbon,,g,Archetype inference (Extraction and recovery - CIP) | Norgate & Haque (2010),24 * ore_processed_t,,,,,,Au,7.253304461734694,1.0,mining,,,,,Doré,concentrate_economic,kg
ON-MAIN-1f126a43,Underground mining and beneficiation at Macassa,"Underground, concentrator",Free-milling,Material,Hydrochloric acid,,g,Archetype inference (Extraction and recovery - CIP) | Norgate & Haque (2010),83 * ore_processed_t,,,,,,Au,7.253304461734694,1.0,mining,,,,,Doré,concentrate_economic,kg
ON-MAIN-28f3f0fc,Underground mining at Totten,Underground,"Porphyry sulfide, flotation-based",Material,Anti-scalant,,kg,Archetype inference (nan) | MetalliCan,0.012 * ore_processed_t,,,,,,Ni,39587.5,1.0,mining,,,,,Ni concentrate,concentrate_economic,kg
ON-MAIN-28f3f0fc,Underground mining at Totten,Underground,"Porphyry sulfide, flotation-based",Material,Floculant,,kg,Archetype inference (nan) | MetalliCan,0.063 * ore_processed_t,,,,,,Ni,39587.5,1.0,mining,,,,,Ni concentrate,concentrate_economic,kg
ON-MAIN-28f3f0fc,Underground mining at Totten,Underground,"Porphyry sulfide, flotation-based",Material,Frother,,kg,Archetype inference (nan) | MetalliCan,0.018 * ore_processed_t,,,,,,Ni,39587.5,1.0,mining,,,,,Ni concentrate,concentrate_economic,kg
ON-MAIN-28f3f0fc,Underground mining at Totten,Underground,"Porphyry sulfide, flotation-based",Material,Grinding media,,kg,Archetype inference (nan) | MetalliCan,0.189 * ore_processed_t,,,,,,Ni,39587.5,1.0,mining,,,,,Ni concentrate,concentrate_economic,kg
ON-MAIN-28f3f0fc,Underground mining at Totten,Underground,"Porphyry sulfide, flotation-based",Material,Lime,,kg,Archetype inference (nan) | MetalliCan,0.889 * ore_processed_t,,,,,,Ni,39587.5,1.0,mining,,,,,Ni concentrate,concentrate_economic,kg
ON-MAIN-48fe2205,Underground mining at Garson,Underground,"Porphyry sulfide, flotation-based",Material,Anti-scalant,,kg,Archetype inference (nan) | MetalliCan,0.012 * ore_processed_t,,,,,,Ni,49662.5,1.0,mining,,,,,Ni concentrate,concentrate_economic,kg
ON-MAIN-48fe2205,Underground mining at Garson,Underground,"Porphyry sulfide, flotation-based",Material,Floculant,,kg,Archetype inference (nan) | MetalliCan,0.063 * ore_processed_t,,,,,,Ni,49662.5,1.0,mining,,,,,Ni concentrate,concentrate_economic,kg
ON-MAIN-48fe2205,Underground mining at Garson,Underground,"Porphyry sulfide, flotation-based",Material,Frother,,kg,Archetype inference (nan) | MetalliCan,0.018 * ore_processed_t,,,,,,Ni,49662.5,1.0,mining,,,,,Ni concentrate,concentrate_economic,kg
ON-MAIN-48fe2205,Underground mining at Garson,Underground,"Porphyry sulfide, flotation-based",Material,Grinding media,,kg,Archetype inference (nan) | MetalliCan,0.189 * ore_processed_t,,,,,,Ni,49662.5,1.0,mining,,,,,Ni concentrate,concentrate_economic,kg
ON-MAIN-48fe2205,Underground mining at Garson,Underground,"Porphyry sulfide, flotation-based",Material,Lime,,kg,Archetype inference (nan) | MetalliCan,0.889 * ore_processed_t,,,,,,Ni,49662.5,1.0,mining,,,,,Ni concentrate,concentrate_economic,kg
ON-MAIN-4e0734b5,Open-pit and underground mining and beneficiation at Fox Complex,"Open-pit, underground, concentrator",Free-milling,Material,Grinding media,,kg,Archetype inference (Comminution) | Norgate & Haque (2010),0.71 * ore_processed_t,,,,,,Au,1.453612551020408,1.0,mining,,,,,Doré,concentrate_economic,kg
ON-MAIN-4e0734b5,Open-pit and underground mining and beneficiation at Fox Complex,"Open-pit, underground, concentrator",Free-milling,Material,Lime,,kg,Archetype inference (Extraction and recovery - Cyanidation) | Norgate & Haque (2010),2.2 * ore_processed_t,,,,,,Au,1.453612551020408,1.0,mining,,,,,Doré,concentrate_economic,kg
ON-MAIN-4e0734b5,Open-pit and underground mining and beneficiation at Fox Complex,"Open-pit, underground, concentrator",Free-milling,Material,Sodium cyanide,,kg,Archetype inference (Extraction and recovery - Cyanidation) | Norgate & Haque (2010),0.64 * ore_processed_t,,,,,,Au,1.453612551020408,1.0,mining,,,,,Doré,concentrate_economic,kg
ON-MAIN-4e0734b5,Open-pit and underground mining and beneficiation at Fox Complex,"Open-pit, underground, concentrator",Free-milling,Material,Activated carbon,,g,Archetype inference (Extraction and recovery - CIP) | Norgate & Haque (2010),24 * ore_processed_t,,,,,,Au,1.453612551020408,1.0,mining,,,,,Doré,concentrate_economic,kg
ON-MAIN-4e0734b5,Open-pit and underground mining and beneficiation at Fox Complex,"Open-pit, underground, concentrator",Free-milling,Material,Hydrochloric acid,,g,Archetype inference (Extraction and recovery - CIP) | Norgate & Haque (2010),83 * ore_processed_t,,,,,,Au,1.453612551020408,1.0,mining,,,,,Doré,concentrate_economic,kg
ON-MAIN-52224e1e,Underground mining at Creighton,Underground,"Porphyry sulfide, flotation-based",Material,Anti-scalant,,kg,Archetype inference (nan) | MetalliCan,0.012 * ore_processed_t,,,,,,Ni,70900.0,1.0,mining,,,,,Ni concentrate,concentrate_economic,kg
ON-MAIN-52224e1e,Underground mining at Creighton,Underground,"Porphyry sulfide, flotation-based",Material,Floculant,,kg,Archetype inference (nan) | MetalliCan,0.063 * ore_processed_t,,,,,,Ni,70900.0,1.0,mining,,,,,Ni concentrate,concentrate_economic,kg
ON-MAIN-52224e1e,Underground mining at Creighton,Underground,"Porphyry sulfide, flotation-based",Material,Frother,,kg,Archetype inference (nan) | MetalliCan,0.018 * ore_processed_t,,,,,,Ni,70900.0,1.0,mining,,,,,Ni concentrate,concentrate_economic,kg
ON-MAIN-52224e1e,Underground mining at Creighton,Underground,"Porphyry sulfide, flotation-based",Material,Grinding media,,kg,Archetype inference (nan) | MetalliCan,0.189 * ore_processed_t,,,,,,Ni,70900.0,1.0,mining,,,,,Ni concentrate,concentrate_economic,kg
ON-MAIN-52224e1e,Underground mining at Creighton,Underground,"Porphyry sulfide, flotation-based",Material,Lime,,kg,Archetype inference (nan) | MetalliCan,0.889 * ore_processed_t,,,,,,Ni,70900.0,1.0,mining,,,,,Ni concentrate,concentrate_economic,kg
ON-MAIN-6e9be24e,Open-pit and underground mining and beneficiation at Hemlo (Williams),"Open-pit, underground, concentrator",Free-milling,Material,Grinding media,,kg,Archetype inference (Comminution) | Norgate & Haque (2010),0.71 * ore_processed_t,,,,,,Au,4.476523630102041,1.0,mining,,,,,Doré,concentrate_economic,kg
ON-MAIN-6e9be24e,Open-pit and underground mining and beneficiation at Hemlo (Williams),"Open-pit, underground, concentrator",Free-milling,Material,Lime,,kg,Archetype inference (Extraction and recovery - Cyanidation) | Norgate & Haque (2010),2.2 * ore_processed_t,,,,,,Au,4.476523630102041,1.0,mining,,,,,Doré,concentrate_economic,kg
ON-MAIN-6e9be24e,Open-pit and underground mining and beneficiation at Hemlo (Williams),"Open-pit, underground, concentrator",Free-milling,Material,Sodium cyanide,,kg,Archetype inference (Extraction and recovery - Cyanidation) | Norgate & Haque (2010),0.64 * ore_processed_t,,,,,,Au,4.476523630102041,1.0,mining,,,,,Doré,concentrate_economic,kg
ON-MAIN-6e9be24e,Open-pit and underground mining and beneficiation at Hemlo (Williams),"Open-pit, underground, concentrator",Free-milling,Material,Activated carbon,,g,Archetype inference (Extraction and recovery - CIP) | Norgate & Haque (2010),24 * ore_processed_t,,,,,,Au,4.476523630102041,1.0,mining,,,,,Doré,concentrate_economic,kg
ON-MAIN-6e9be24e,Open-pit and underground mining and beneficiation at Hemlo (Williams),"Open-pit, underground, concentrator",Free-milling,Material,Hydrochloric acid,,g,Archetype inference (Extraction and recovery - CIP) | Norgate & Haque (2010),83 * ore_processed_t,,,,,,Au,4.476523630102041,1.0,mining,,,,,Doré,concentrate_economic,kg
ON-MAIN-8825d90d,Open-pit mining and beneficiation at Magino,"Open-pit, concentrator",Free-milling,Material,Grinding media,,kg,Archetype inference (Comminution) | Norgate & Haque (2010),0.71 * ore_processed_t,,,,,,Au,1.0473627551020408,1.0,mining,,,,,Doré,concentrate_economic,kg
ON-MAIN-8825d90d,Open-pit mining and beneficiation at Magino,"Open-pit, concentrator",Free-milling,Material,Lime,,kg,Archetype inference (Extraction and recovery - Cyanidation) | Norgate & Haque (2010),2.2 * ore_processed_t,,,,,,Au,1.0473627551020408,1.0,mining,,,,,Doré,concentrate_economic,kg
ON-MAIN-8825d90d,Open-pit mining and beneficiation at Magino,"Open-pit, concentrator",Free-milling,Material,Sodium cyanide,,kg,Archetype inference (Extraction and recovery - Cyanidation) | Norgate & Haque (2010),0.64 * ore_processed_t,,,,,,Au,1.0473627551020408,1.0,mining,,,,,Doré,concentrate_economic,kg
ON-MAIN-8825d90d,Open-pit mining and beneficiation at Magino,"Open-pit, concentrator",Free-milling,Material,Activated carbon,,g,Archetype inference (Extraction and recovery - CIP) | Norgate & Haque (2010),24 * ore_processed_t,,,,,,Au,1.0473627551020408,1.0,mining,,,,,Doré,concentrate_economic,kg
ON-MAIN-8825d90d,Open-pit mining and beneficiation at Magino,"Open-pit, concentrator",Free-milling,Material,Hydrochloric acid,,g,Archetype inference (Extraction and recovery - CIP) | Norgate & Haque (2010),83 * ore_processed_t,,,,,,Au,1.0473627551020408,1.0,mining,,,,,Doré,concentrate_economic,kg
ON-MAIN-aeafbb59,Open-pit mining and beneficiation at Detour Lake,"Open-pit, concentrator",Free-milling,Material,Grinding media,,kg,Archetype inference (Comminution) | Norgate & Haque (2010),0.71 * ore_processed_t,,,,,,Au,24.0082838377551,1.0,mining,,,,,Doré,concentrate_economic,kg
ON-MAIN-aeafbb59,Open-pit mining and beneficiation at Detour Lake,"Open-pit, concentrator",Free-milling,Material,Lime,,kg,Archetype inference (Extraction and recovery - Cyanidation) | Norgate & Haque (2010),2.2 * ore_processed_t,,,,,,Au,24.0082838377551,1.0,mining,,,,,Doré,concentrate_economic,kg
ON-MAIN-aeafbb59,Open-pit mining and beneficiation at Detour Lake,"Open-pit, concentrator",Free-milling,Material,Sodium cyanide,,kg,Archetype inference (Extraction and recovery - Cyanidation) | Norgate & Haque (2010),0.64 * ore_processed_t,,,,,,Au,24.0082838377551,1.0,mining,,,,,Doré,concentrate_economic,kg
ON-MAIN-aeafbb59,Open-pit mining and beneficiation at Detour Lake,"Open-pit, concentrator",Free-milling,Material,Activated carbon,,g,Archetype inference (Extraction and recovery - CIP) | Norgate & Haque (2010),24 * ore_processed_t,,,,,,Au,24.0082838377551,1.0,mining,,,,,Doré,concentrate_economic,kg
ON-MAIN-aeafbb59,Open-pit mining and beneficiation at Detour Lake,"Open-pit, concentrator",Free-milling,Material,Hydrochloric acid,,g,Archetype inference (Extraction and recovery - CIP) | Norgate & Haque (2010),83 * ore_processed_t,,,,,,Au,24.0082838377551,1.0,mining,,,,,Doré,concentrate_economic,kg
ON-MAIN-ed85ac94,and beneficiation at Strathcona,Concentrator,"Porphyry sulfide, flotation-based",Material,Anti-scalant,,kg,Archetype inference (nan) | MetalliCan,0.012 * ore_processed_t,,,,,,Ni,47062.5,1.0,mining,,,,,Ni concentrate,concentrate_economic,kg
ON-MAIN-ed85ac94,and beneficiation at Strathcona,Concentrator,"Porphyry sulfide, flotation-based",Material,Floculant,,kg,Archetype inference (nan) | MetalliCan,0.063 * ore_processed_t,,,,,,Ni,47062.5,1.0,mining,,,,,Ni concentrate,concentrate_economic,kg
ON-MAIN-ed85ac94,and beneficiation at Strathcona,Concentrator,"Porphyry sulfide, flotation-based",Material,Frother,,kg,Archetype inference (nan) | MetalliCan,0.018 * ore_processed_t,,,,,,Ni,47062.5,1.0,mining,,,,,Ni concentrate,concentrate_economic,kg
ON-MAIN-ed85ac94,and beneficiation at Strathcona,Concentrator,"Porphyry sulfide, flotation-based",Material,Grinding media,,kg,Archetype inference (nan) | MetalliCan,0.189 * ore_processed_t,,,,,,Ni,47062.5,1.0,mining,,,,,Ni concentrate,concentrate_economic,kg
ON-MAIN-ed85ac94,and beneficiation at Strathcona,Concentrator,"Porphyry sulfide, flotation-based",Material,Lime,,kg,Archetype inference (nan) | MetalliCan,0.889 * ore_processed_t,,,,,,Ni,47062.5,1.0,mining,,,,,Ni concentrate,concentrate_economic,kg
ON-MAIN-f080c409,Underground mining at Copper Cliff Complex (mine),Underground,"Porphyry sulfide, flotation-based",Material,Anti-scalant,,kg,Archetype inference (nan) | MetalliCan,0.012 * ore_processed_t,,,,,,Ni,54693.75,1.0,mining,,,,,Ni concentrate,concentrate_economic,kg
ON-MAIN-f080c409,Underground mining at Copper Cliff Complex (mine),Underground,"Porphyry sulfide, flotation-based",Material,Floculant,,kg,Archetype inference (nan) | MetalliCan,0.063 * ore_processed_t,,,,,,Ni,54693.75,1.0,mining,,,,,Ni concentrate,concentrate_economic,kg
ON-MAIN-f080c409,Underground mining at Copper Cliff Complex (mine),Underground,"Porphyry sulfide, flotation-based",Material,Frother,,kg,Archetype inference (nan) | MetalliCan,0.018 * ore_processed_t,,,,,,Ni,54693.75,1.0,mining,,,,,Ni concentrate,concentrate_economic,kg
ON-MAIN-f080c409,Underground mining at Copper Cliff Complex (mine),Underground,"Porphyry sulfide, flotation-based",Material,Grinding media,,kg,Archetype inference (nan) | MetalliCan,0.189 * ore_processed_t,,,,,,Ni,54693.75,1.0,mining,,,,,Ni concentrate,concentrate_economic,kg
ON-MAIN-f080c409,Underground mining at Copper Cliff Complex (mine),Underground,"Porphyry sulfide, flotation-based",Material,Lime,,kg,Archetype inference (nan) | MetalliCan,0.889 * ore_processed_t,,,,,,Ni,54693.75,1.0,mining,,,,,Ni concentrate,concentrate_economic,kg
ON-MAIN-f4fc3276,Underground mining and beneficiation at Sugar Zone,"Underground, concentrator",Free-milling,Material,Grinding media,,kg,Archetype inference (Comminution) | Norgate & Haque (2010),0.71 * ore_processed_t,,,,,,Au,1.2269695984693878,1.0,mining,,,,,Doré,concentrate_economic,kg
ON-MAIN-f4fc3276,Underground mining and beneficiation at Sugar Zone,"Underground, concentrator",Free-milling,Material,Lime,,kg,Archetype inference (Extraction and recovery - Cyanidation) | Norgate & Haque (2010),2.2 * ore_processed_t,,,,,,Au,1.2269695984693878,1.0,mining,,,,,Doré,concentrate_economic,kg
ON-MAIN-f4fc3276,Underground mining and beneficiation at Sugar Zone,"Underground, concentrator",Free-milling,Material,Sodium cyanide,,kg,Archetype inference (Extraction and recovery - Cyanidation) | Norgate & Haque (2010),0.64 * ore_processed_t,,,,,,Au,1.2269695984693878,1.0,mining,,,,,Doré,concentrate_economic,kg
ON-MAIN-f4fc3276,Underground mining and beneficiation at Sugar Zone,"Underground, concentrator",Free-milling,Material,Activated carbon,,g,Archetype inference (Extraction and recovery - CIP) | Norgate & Haque (2010),24 * ore_processed_t,,,,,,Au,1.2269695984693878,1.0,mining,,,,,Doré,concentrate_economic,kg
ON-MAIN-f4fc3276,Underground mining and beneficiation at Sugar Zone,"Underground, concentrator",Free-milling,Material,Hydrochloric acid,,g,Archetype inference (Extraction and recovery - CIP) | Norgate & Haque (2010),83 * ore_processed_t,,,,,,Au,1.2269695984693878,1.0,mining,,,,,Doré,concentrate_economic,kg
ON-MAIN-f8313ebd,Underground mining and beneficiation at Kidd Creek,"Underground, concentrator","Porphyry sulfide, flotation-based",Material,Anti-scalant,,kg,Archetype inference (nan) | MetalliCan,0.012 * ore_processed_t,,,,,,Cu,75333.33333333334,0.7230258878971872,mining,,,,,Cu concentrate,concentrate_economic,kg
ON-MAIN-f8313ebd,Underground mining and beneficiation at Kidd Creek,"Underground, concentrator","Porphyry sulfide, flotation-based",Material,Anti-scalant,,kg,Archetype inference (nan) | MetalliCan,0.012 * ore_processed_t,,,,,,Zn,77200.0,0.2769741121028128,mining,,,,,Zn concentrate,concentrate_economic,kg
ON-MAIN-f8313ebd,Underground mining and beneficiation at Kidd Creek,"Underground, concentrator","Porphyry sulfide, flotation-based",Material,Floculant,,kg,Archetype inference (nan) | MetalliCan,0.063 * ore_processed_t,,,,,,Cu,75333.33333333334,0.7230258878971872,mining,,,,,Cu concentrate,concentrate_economic,kg
ON-MAIN-f8313ebd,Underground mining and beneficiation at Kidd Creek,"Underground, concentrator","Porphyry sulfide, flotation-based",Material,Floculant,,kg,Archetype inference (nan) | MetalliCan,0.063 * ore_processed_t,,,,,,Zn,77200.0,0.2769741121028128,mining,,,,,Zn concentrate,concentrate_economic,kg
ON-MAIN-f8313ebd,Underground mining and beneficiation at Kidd Creek,"Underground, concentrator","Porphyry sulfide, flotation-based",Material,Frother,,kg,Archetype inference (nan) | MetalliCan,0.018 * ore_processed_t,,,,,,Cu,75333.33333333334,0.7230258878971872,mining,,,,,Cu concentrate,concentrate_economic,kg
ON-MAIN-f8313ebd,Underground mining and beneficiation at Kidd Creek,"Underground, concentrator","Porphyry sulfide, flotation-based",Material,Frother,,kg,Archetype inference (nan) | MetalliCan,0.018 * ore_processed_t,,,,,,Zn,77200.0,0.2769741121028128,mining,,,,,Zn concentrate,concentrate_economic,kg
ON-MAIN-f8313ebd,Underground mining and beneficiation at Kidd Creek,"Underground, concentrator","Porphyry sulfide, flotation-based",Material,Grinding media,,kg,Archetype inference (nan) | MetalliCan,0.189 * ore_processed_t,,,,,,Cu,75333.33333333334,0.7230258878971872,mining,,,,,Cu concentrate,concentrate_economic,kg
ON-MAIN-f8313ebd,Underground mining and beneficiation at Kidd Creek,"Underground, concentrator","Porphyry sulfide, flotation-based",Material,Grinding media,,kg,Archetype inference (nan) | MetalliCan,0.189 * ore_processed_t,,,,,,Zn,77200.0,0.2769741121028128,mining,,,,,Zn concentrate,concentrate_economic,kg
ON-MAIN-f8313ebd,Underground mining and beneficiation at Kidd Creek,"Underground, concentrator","Porphyry sulfide, flotation-based",Material,Lime,,kg,Archetype inference (nan) | MetalliCan,0.889 * ore_processed_t,,,,,,Cu,75333.33333333334,0.7230258878971872,mining,,,,,Cu concentrate,concentrate_economic,kg
ON-MAIN-f8313ebd,Underground mining and beneficiation at Kidd Creek,"Underground, concentrator","Porphyry sulfide, flotation-based",Material,Lime,,kg,Archetype inference (nan) | MetalliCan,0.889 * ore_processed_t,,,,,,Zn,77200.0,0.2769741121028128,mining,,,,,Zn concentrate,concentrate_economic,kg
QC-MAIN-5ce331b8,Open-pit and underground mining and beneficiation at Nunavik Nickel,"Open-pit, underground, concentrator","Porphyry sulfide, flotation-based",Material,Anti-scalant,,kg,Archetype inference (nan) | MetalliCan,0.012 * ore_processed_t,,,,,,Ni,363125.0,1.0,mining,,,,,Ni concentrate,concentrate_economic,kg
QC-MAIN-5ce331b8,Open-pit and underground mining and beneficiation at Nunavik Nickel,"Open-pit, underground, concentrator","Porphyry sulfide, flotation-based",Material,Floculant,,kg,Archetype inference (nan) | MetalliCan,0.063 * ore_processed_t,,,,,,Ni,363125.0,1.0,mining,,,,,Ni concentrate,concentrate_economic,kg
QC-MAIN-5ce331b8,Open-pit and underground mining and beneficiation at Nunavik Nickel,"Open-pit, underground, concentrator","Porphyry sulfide, flotation-based",Material,Frother,,kg,Archetype inference (nan) | MetalliCan,0.018 * ore_processed_t,,,,,,Ni,363125.0,1.0,mining,,,,,Ni concentrate,concentrate_economic,kg
QC-MAIN-5ce331b8,Open-pit and underground mining and beneficiation at Nunavik Nickel,"Open-pit, underground, concentrator","Porphyry sulfide, flotation-based",Material,Grinding media,,kg,Archetype inference (nan) | MetalliCan,0.189 * ore_processed_t,,,,,,Ni,363125.0,1.0,mining,,,,,Ni concentrate,concentrate_economic,kg
QC-MAIN-5ce331b8,Open-pit and underground mining and beneficiation at Nunavik Nickel,"Open-pit, underground, concentrator","Porphyry sulfide, flotation-based",Material,Lime,,kg,Archetype inference (nan) | MetalliCan,0.889 * ore_processed_t,,,,,,Ni,363125.0,1.0,mining,,,,,Ni concentrate,concentrate_economic,kg
QC-MAIN-a97821c0,Underground mining and beneficiation at Raglan,"Underground, concentrator","Porphyry sulfide, flotation-based",Material,Anti-scalant,,kg,Archetype inference (nan) | MetalliCan,0.012 * ore_processed_t,,,,,,Ni,151450.0,1.0,mining,,,,,Ni concentrate,concentrate_economic,kg
QC-MAIN-a97821c0,Underground mining and beneficiation at Raglan,"Underground, concentrator","Porphyry sulfide, flotation-based",Material,Floculant,,kg,Archetype inference (nan) | MetalliCan,0.063 * ore_processed_t,,,,,,Ni,151450.0,1.0,mining,,,,,Ni concentrate,concentrate_economic,kg
QC-MAIN-a97821c0,Underground mining and beneficiation at Raglan,"Underground, concentrator","Porphyry sulfide, flotation-based",Material,Frother,,kg,Archetype inference (nan) | MetalliCan,0.018 * ore_processed_t,,,,,,Ni,151450.0,1.0,mining,,,,,Ni concentrate,concentrate_economic,kg
QC-MAIN-a97821c0,Underground mining and beneficiation at Raglan,"Underground, concentrator","Porphyry sulfide, flotation-based",Material,Grinding media,,kg,Archetype inference (nan) | MetalliCan,0.189 * ore_processed_t,,,,,,Ni,151450.0,1.0,mining,,,,,Ni concentrate,concentrate_economic,kg
QC-MAIN-a97821c0,Underground mining and beneficiation at Raglan,"Underground, concentrator","Porphyry sulfide, flotation-based",Material,Lime,,kg,Archetype inference (nan) | MetalliCan,0.889 * ore_processed_t,,,,,,Ni,151450.0,1.0,mining,,,,,Ni concentrate,concentrate_economic,kg
QC-MAIN-c0660aec,Underground mining and beneficiation at Goldex,"Underground, concentrator",Free-milling,Material,Grinding media,,kg,Archetype inference (Comminution) | Norgate & Haque (2010),0.71 * ore_processed_t,,,,,,Cu,130.12252666666666,0.003859237362487364,mining,,,,,Cu concentrate,concentrate_economic,kg
QC-MAIN-c0660aec,Underground mining and beneficiation at Goldex,"Underground, concentrator",Free-milling,Material,Grinding media,,kg,Archetype inference (Comminution) | Norgate & Haque (2010),0.71 * ore_processed_t,,,,,,Au,4.474542118316694,0.9961407626375127,mining,,,,,Doré,concentrate_economic,kg
QC-MAIN-c0660aec,Underground mining and beneficiation at Goldex,"Underground, concentrator",Free-milling,Material,Lime,,kg,Archetype inference (Extraction and recovery - Cyanidation) | Norgate & Haque (2010),2.2 * ore_processed_t,,,,,,Cu,130.12252666666666,0.003859237362487364,mining,,,,,Cu concentrate,concentrate_economic,kg
QC-MAIN-c0660aec,Underground mining and beneficiation at Goldex,"Underground, concentrator",Free-milling,Material,Lime,,kg,Archetype inference (Extraction and recovery - Cyanidation) | Norgate & Haque (2010),2.2 * ore_processed_t,,,,,,Au,4.474542118316694,0.9961407626375127,mining,,,,,Doré,concentrate_economic,kg
QC-MAIN-c0660aec,Underground mining and beneficiation at Goldex,"Underground, concentrator",Free-milling,Material,Sodium cyanide,,kg,Archetype inference (Extraction and recovery - Cyanidation) | Norgate & Haque (2010),0.64 * ore_processed_t,,,,,,Cu,130.12252666666666,0.003859237362487364,mining,,,,,Cu concentrate,concentrate_economic,kg
QC-MAIN-c0660aec,Underground mining and beneficiation at Goldex,"Underground, concentrator",Free-milling,Material,Sodium cyanide,,kg,Archetype inference (Extraction and recovery - Cyanidation) | Norgate & Haque (2010),0.64 * ore_processed_t,,,,,,Au,4.474542118316694,0.9961407626375127,mining,,,,,Doré,concentrate_economic,kg
QC-MAIN-c0660aec,Underground mining and beneficiation at Goldex,"Underground, concentrator",Free-milling,Material,Activated carbon,,g,Archetype inference (Extraction and recovery - CIP) | Norgate & Haque (2010),24 * ore_processed_t,,,,,,Cu,130.12252666666666,0.003859237362487364,mining,,,,,Cu concentrate,concentrate_economic,kg
QC-MAIN-c0660aec,Underground mining and beneficiation at Goldex,"Underground, concentrator",Free-milling,Material,Activated carbon,,g,Archetype inference (Extraction and recovery - CIP) | Norgate & Haque (2010),24 * ore_processed_t,,,,,,Au,4.474542118316694,0.9961407626375127,mining,,,,,Doré,concentrate_economic,kg
QC-MAIN-c0660aec,Underground mining and beneficiation at Goldex,"Underground, concentrator",Free-milling,Material,Hydrochloric acid,,g,Archetype inference (Extraction and recovery - CIP) | Norgate & Haque (2010),83 * ore_processed_t,,,,,,Cu,130.12252666666666,0.003859237362487364,mining,,,,,Cu concentrate,concentrate_economic,kg
QC-MAIN-c0660aec,Underground mining and beneficiation at Goldex,"Underground, concentrator",Free-milling,Material,Hydrochloric acid,,g,Archetype inference (Extraction and recovery - CIP) | Norgate & Haque (2010),83 * ore_processed_t,,,,,,Au,4.474542118316694,0.9961407626375127,mining,,,,,Doré,concentrate_economic,kg
QC-MAIN-e51eda66,Underground mining and beneficiation at LaRonde,"Underground, concentrator","Porphyry sulfide, flotation-based",Material,Anti-scalant,,kg,Archetype inference (nan) | MetalliCan,0.012 * ore_processed_t,,,,,,Cu,8593.20125,0.09772240804218515,mining,,,,,Cu concentrate,concentrate_economic,kg
QC-MAIN-e51eda66,Underground mining and beneficiation at LaRonde,"Underground, concentrator","Porphyry sulfide, flotation-based",Material,Anti-scalant,,kg,Archetype inference (nan) | MetalliCan,0.012 * ore_processed_t,,,,,,Zn,15404.877034,0.06548662801881933,mining,,,,,Zn concentrate,concentrate_economic,kg
QC-MAIN-e51eda66,Underground mining and beneficiation at LaRonde,"Underground, concentrator","Porphyry sulfide, flotation-based",Material,Anti-scalant,,kg,Archetype inference (nan) | MetalliCan,0.012 * ore_processed_t,,,,,,Au,9.802902790306113,0.8367909639389955,mining,,,,,Doré,concentrate_economic,kg
QC-MAIN-e51eda66,Underground mining and beneficiation at LaRonde,"Underground, concentrator","Porphyry sulfide, flotation-based",Material,Floculant,,kg,Archetype inference (nan) | MetalliCan,0.063 * ore_processed_t,,,,,,Cu,8593.20125,0.09772240804218515,mining,,,,,Cu concentrate,concentrate_economic,kg
QC-MAIN-e51eda66,Underground mining and beneficiation at LaRonde,"Underground, concentrator","Porphyry sulfide, flotation-based",Material,Floculant,,kg,Archetype inference (nan) | MetalliCan,0.063 * ore_processed_t,,,,,,Zn,15404.877034,0.06548662801881933,mining,,,,,Zn concentrate,concentrate_economic,kg
QC-MAIN-e51eda66,Underground mining and beneficiation at LaRonde,"Underground, concentrator","Porphyry sulfide, flotation-based",Material,Floculant,,kg,Archetype inference (nan) | MetalliCan,0.063 * ore_processed_t,,,,,,Au,9.802902790306113,0.8367909639389955,mining,,,,,Doré,concentrate_economic,kg
QC-MAIN-e51eda66,Underground mining and beneficiation at LaRonde,"Underground, concentrator","Porphyry sulfide, flotation-based",Material,Frother,,kg,Archetype inference (nan) | MetalliCan,0.018 * ore_processed_t,,,,,,Cu,8593.20125,0.09772240804218515,mining,,,,,Cu concentrate,concentrate_economic,kg
QC-MAIN-e51eda66,Underground mining and beneficiation at LaRonde,"Underground, concentrator","Porphyry sulfide, flotation-based",Material,Frother,,kg,Archetype inference (nan) | MetalliCan,0.018 * ore_processed_t,,,,,,Zn,15404.877034,0.06548662801881933,mining,,,,,Zn concentrate,concentrate_economic,kg
QC-MAIN-e51eda66,Underground mining and beneficiation at LaRonde,"Underground, concentrator","Porphyry sulfide, flotation-based",Material,Frother,,kg,Archetype inference (nan) | MetalliCan,0.018 * ore_processed_t,,,,,,Au,9.802902790306113,0.8367909639389955,mining,,,,,Doré,concentrate_economic,kg
QC-MAIN-e51eda66,Underground mining and beneficiation at LaRonde,"Underground, concentrator","Porphyry sulfide, flotation-based",Material,Grinding media,,kg,Archetype inference (nan) | MetalliCan,0.189 * ore_processed_t,,,,,,Cu,8593.20125,0.09772240804218515,mining,,,,,Cu concentrate,concentrate_economic,kg
QC-MAIN-e51eda66,Underground mining and beneficiation at LaRonde,"Underground, concentrator","Porphyry sulfide, flotation-based",Material,Grinding media,,kg,Archetype inference (nan) | MetalliCan,0.189 * ore_processed_t,,,,,,Zn,15404.877034,0.06548662801881933,mining,,,,,Zn concentrate,concentrate_economic,kg
QC-MAIN-e51eda66,Underground mining and beneficiation at LaRonde,"Underground, concentrator","Porphyry sulfide, flotation-based",Material,Grinding media,,kg,Archetype inference (nan) | MetalliCan,0.189 * ore_processed_t,,,,,,Au,9.802902790306113,0.8367909639389955,mining,,,,,Doré,concentrate_economic,kg
QC-MAIN-e51eda66,Underground mining and beneficiation at LaRonde,"Underground, concentrator","Porphyry sulfide, flotation-based",Material,Lime,,kg,Archetype inference (nan) | MetalliCan,0.889 * ore_processed_t,,,,,,Cu,8593.20125,0.09772240804218515,mining,,,,,Cu concentrate,concentrate_economic,kg
QC-MAIN-e51eda66,Underground mining and beneficiation at LaRonde,"Underground, concentrator","Porphyry sulfide, flotation-based",Material,Lime,,kg,Archetype inference (nan) | MetalliCan,0.889 * ore_processed_t,,,,,,Zn,15404.877034,0.06548662801881933,mining,,,,,Zn concentrate,concentrate_economic,kg
QC-MAIN-e51eda66,Underground mining and beneficiation at LaRonde,"Underground, concentrator","Porphyry sulfide, flotation-based",Material,Lime,,kg,Archetype inference (nan) | MetalliCan,0.889 * ore_processed_t,,,,,,Au,9.802902790306113,0.8367909639389955,mining,,,,,Doré,concentrate_economic,kg
QC-MAIN-f9e41c2a,Underground mining and beneficiation at Lamaque,"Underground, concentrator",Free-milling,Material,Grinding media,,kg,Archetype inference (Comminution) | Norgate & Haque (2010),0.71 * ore_processed_t,,,,,,Au,7.932820721938775,1.0,mining,,,,,Doré,concentrate_economic,kg
QC-MAIN-f9e41c2a,Underground mining and beneficiation at Lamaque,"Underground, concentrator",Free-milling,Material,Lime,,kg,Archetype inference (Extraction and recovery - Cyanidation) | Norgate & Haque (2010),2.2 * ore_processed_t,,,,,,Au,7.932820721938775,1.0,mining,,,,,Doré,concentrate_economic,kg
QC-MAIN-f9e41c2a,Underground mining and beneficiation at Lamaque,"Underground, concentrator",Free-milling,Material,Sodium cyanide,,kg,Archetype inference (Extraction and recovery - Cyanidation) | Norgate & Haque (2010),0.64 * ore_processed_t,,,,,,Au,7.932820721938775,1.0,mining,,,,,Doré,concentrate_economic,kg
QC-MAIN-f9e41c2a,Underground mining and beneficiation at Lamaque,"Underground, concentrator",Free-milling,Material,Activated carbon,,g,Archetype inference (Extraction and recovery - CIP) | Norgate & Haque (2010),24 * ore_processed_t,,,,,,Au,7.932820721938775,1.0,mining,,,,,Doré,concentrate_economic,kg
QC-MAIN-f9e41c2a,Underground mining and beneficiation at Lamaque,"Underground, concentrator",Free-milling,Material,Hydrochloric acid,,g,Archetype inference (Extraction and recovery - CIP) | Norgate & Haque (2010),83 * ore_processed_t,,,,,,Au,7.932820721938775,1.0,mining,,,,,Doré,concentrate_economic,kg
GRP-0a2c0d69,Open-pit and underground mining at Meadowbank complex,"Open-pit, underground",Free-milling,Material,Grinding media,,kg,Archetype inference (Comminution) | Norgate & Haque (2010),0.71 * ore_processed_t,,,,,,Au,17.66760135719143,1.0,mining,,,,,Doré,concentrate_economic,kg
GRP-0a2c0d69,Open-pit and underground mining at Meadowbank complex,"Open-pit, underground",Free-milling,Material,Lime,,kg,Archetype inference (Extraction and recovery - Cyanidation) | Norgate & Haque (2010),2.2 * ore_processed_t,,,,,,Au,17.66760135719143,1.0,mining,,,,,Doré,concentrate_economic,kg
GRP-0a2c0d69,Open-pit and underground mining at Meadowbank complex,"Open-pit, underground",Free-milling,Material,Sodium cyanide,,kg,Archetype inference (Extraction and recovery - Cyanidation) | Norgate & Haque (2010),0.64 * ore_processed_t,,,,,,Au,17.66760135719143,1.0,mining,,,,,Doré,concentrate_economic,kg
GRP-0a2c0d69,Open-pit and underground mining at Meadowbank complex,"Open-pit, underground",Free-milling,Material,Activated carbon,,g,Archetype inference (Extraction and recovery - CIP) | Norgate & Haque (2010),24 * ore_processed_t,,,,,,Au,17.66760135719143,1.0,mining,,,,,Doré,concentrate_economic,kg
GRP-0a2c0d69,Open-pit and underground mining at Meadowbank complex,"Open-pit, underground",Free-milling,Material,Hydrochloric acid,,g,Archetype inference (Extraction and recovery - CIP) | Norgate & Haque (2010),83 * ore_processed_t,,,,,,Au,17.66760135719143,1.0,mining,,,,,Doré,concentrate_economic,kg
GRP-147b3123,Underground mining and beneficiation at Timmins Operation,"Underground, concentrator",Free-milling,Material,Grinding media,,kg,Archetype inference (Comminution) | Norgate & Haque (2010),0.71 * ore_processed_t,,,,,,Au,4.218015459183674,1.0,mining,,,,,Doré,concentrate_economic,kg
GRP-147b3123,Underground mining and beneficiation at Timmins Operation,"Underground, concentrator",Free-milling,Material,Lime,,kg,Archetype inference (Extraction and recovery - Cyanidation) | Norgate & Haque (2010),2.2 * ore_processed_t,,,,,,Au,4.218015459183674,1.0,mining,,,,,Doré,concentrate_economic,kg
GRP-147b3123,Underground mining and beneficiation at Timmins Operation,"Underground, concentrator",Free-milling,Material,Sodium cyanide,,kg,Archetype inference (Extraction and recovery - Cyanidation) | Norgate & Haque (2010),0.64 * ore_processed_t,,,,,,Au,4.218015459183674,1.0,mining,,,,,Doré,concentrate_economic,kg
GRP-147b3123,Underground mining and beneficiation at Timmins Operation,"Underground, concentrator",Free-milling,Material,Activated carbon,,g,Archetype inference (Extraction and recovery - CIP) | Norgate & Haque (2010),24 * ore_processed_t,,,,,,Au,4.218015459183674,1.0,mining,,,,,Doré,concentrate_economic,kg
GRP-147b3123,Underground mining and beneficiation at Timmins Operation,"Underground, concentrator",Free-milling,Material,Hydrochloric acid,,g,Archetype inference (Extraction and recovery - CIP) | Norgate & Haque (2010),83 * ore_processed_t,,,,,,Au,4.218015459183674,1.0,mining,,,,,Doré,concentrate_economic,kg
GRP-14bfbb82,Underground mining and beneficiation at Seabee Gold Operation,"Underground, concentrator",Free-milling,Material,Grinding media,,kg,Archetype inference (Comminution) | Norgate & Haque (2010),0.71 * ore_processed_t,,,,,,Au,1.2300799484693878,1.0,mining,,,,,Doré,concentrate_economic,kg
GRP-14bfbb82,Underground mining and beneficiation at Seabee Gold Operation,"Underground, concentrator",Free-milling,Material,Lime,,kg,Archetype inference (Extraction and recovery - Cyanidation) | Norgate & Haque (2010),2.2 * ore_processed_t,,,,,,Au,1.2300799484693878,1.0,mining,,,,,Doré,concentrate_economic,kg
GRP-14bfbb82,Underground mining and beneficiation at Seabee Gold Operation,"Underground, concentrator",Free-milling,Material,Sodium cyanide,,kg,Archetype inference (Extraction and recovery - Cyanidation) | Norgate & Haque (2010),0.64 * ore_processed_t,,,,,,Au,1.2300799484693878,1.0,mining,,,,,Doré,concentrate_economic,kg
GRP-14bfbb82,Underground mining and beneficiation at Seabee Gold Operation,"Underground, concentrator",Free-milling,Material,Activated carbon,,g,Archetype inference (Extraction and recovery - CIP) | Norgate & Haque (2010),24 * ore_processed_t,,,,,,Au,1.2300799484693878,1.0,mining,,,,,Doré,concentrate_economic,kg
GRP-14bfbb82,Underground mining and beneficiation at Seabee Gold Operation,"Underground, concentrator",Free-milling,Material,Hydrochloric acid,,g,Archetype inference (Extraction and recovery - CIP) | Norgate & Haque (2010),83 * ore_processed_t,,,,,,Au,1.2300799484693878,1.0,mining,,,,,Doré,concentrate_economic,kg
GRP-a13779f8,Underground mining and beneficiation at Snow Lake,"Underground, concentrator",Free-milling,Material,Grinding media,,kg,Archetype inference (Comminution) | Norgate & Haque (2010),0.71 * ore_processed_t,,,,,,Cu,40513.333333333336,0.12903991169620735,mining,,,,,Cu concentrate,concentrate_economic,kg
GRP-a13779f8,Underground mining and beneficiation at Snow Lake,"Underground, concentrator",Free-milling,Material,Grinding media,,kg,Archetype inference (Comminution) | Norgate & Haque (2010),0.71 * ore_processed_t,,,,,,Zn,69284.0,0.08249245877008354,mining,,,,,Zn concentrate,concentrate_economic,kg
GRP-a13779f8,Underground mining and beneficiation at Snow Lake,"Underground, concentrator",Free-milling,Material,Grinding media,,kg,Archetype inference (Comminution) | Norgate & Haque (2010),0.71 * ore_processed_t,,,,,,Au,32.97878714387755,0.7884676295337092,mining,,,,,Doré,concentrate_economic,kg
GRP-a13779f8,Underground mining and beneficiation at Snow Lake,"Underground, concentrator",Free-milling,Material,Lime,,kg,Archetype inference (Extraction and recovery - Cyanidation) | Norgate & Haque (2010),2.2 * ore_processed_t,,,,,,Cu,40513.333333333336,0.12903991169620735,mining,,,,,Cu concentrate,concentrate_economic,kg
GRP-a13779f8,Underground mining and beneficiation at Snow Lake,"Underground, concentrator",Free-milling,Material,Lime,,kg,Archetype inference (Extraction and recovery - Cyanidation) | Norgate & Haque (2010),2.2 * ore_processed_t,,,,,,Zn,69284.0,0.08249245877008354,mining,,,,,Zn concentrate,concentrate_economic,kg
GRP-a13779f8,Underground mining and beneficiation at Snow Lake,"Underground, concentrator",Free-milling,Material,Lime,,kg,Archetype inference (Extraction and recovery - Cyanidation) | Norgate & Haque (2010),2.2 * ore_processed_t,,,,,,Au,32.97878714387755,0.7884676295337092,mining,,,,,Doré,concentrate_economic,kg
GRP-a13779f8,Underground mining and beneficiation at Snow Lake,"Underground, concentrator",Free-milling,Material,Sodium cyanide,,kg,Archetype inference (Extraction and recovery - Cyanidation) | Norgate & Haque (2010),0.64 * ore_processed_t,,,,,,Cu,40513.333333333336,0.12903991169620735,mining,,,,,Cu concentrate,concentrate_economic,kg
GRP-a13779f8,Underground mining and beneficiation at Snow Lake,"Underground, concentrator",Free-milling,Material,Sodium cyanide,,kg,Archetype inference (Extraction and recovery - Cyanidation) | Norgate & Haque (2010),0.64 * ore_processed_t,,,,,,Zn,69284.0,0.08249245877008354,mining,,,,,Zn concentrate,concentrate_economic,kg
GRP-a13779f8,Underground mining and beneficiation at Snow Lake,"Underground, concentrator",Free-milling,Material,Sodium cyanide,,kg,Archetype inference (Extraction and recovery - Cyanidation) | Norgate & Haque (2010),0.64 * ore_processed_t,,,,,,Au,32.97878714387755,0.7884676295337092,mining,,,,,Doré,concentrate_economic,kg
GRP-a13779f8,Underground mining and beneficiation at Snow Lake,"Underground, concentrator",Free-milling,Material,Activated carbon,,g,Archetype inference (Extraction and recovery - CIP) | Norgate & Haque (2010),24 * ore_processed_t,,,,,,Cu,40513.333333333336,0.12903991169620735,mining,,,,,Cu concentrate,concentrate_economic,kg
GRP-a13779f8,Underground mining and beneficiation at Snow Lake,"Underground, concentrator",Free-milling,Material,Activated carbon,,g,Archetype inference (Extraction and recovery - CIP) | Norgate & Haque (2010),24 * ore_processed_t,,,,,,Zn,69284.0,0.08249245877008354,mining,,,,,Zn concentrate,concentrate_economic,kg
GRP-a13779f8,Underground mining and beneficiation at Snow Lake,"Underground, concentrator",Free-milling,Material,Activated carbon,,g,Archetype inference (Extraction and recovery - CIP) | Norgate & Haque (2010),24 * ore_processed_t,,,,,,Au,32.97878714387755,0.7884676295337092,mining,,,,,Doré,concentrate_economic,kg
GRP-a13779f8,Underground mining and beneficiation at Snow Lake,"Underground, concentrator",Free-milling,Material,Hydrochloric acid,,g,Archetype inference (Extraction and recovery - CIP) | Norgate & Haque (2010),83 * ore_processed_t,,,,,,Cu,40513.333333333336,0.12903991169620735,mining,,,,,Cu concentrate,concentrate_economic,kg
GRP-a13779f8,Underground mining and beneficiation at Snow Lake,"Underground, concentrator",Free-milling,Material,Hydrochloric acid,,g,Archetype inference (Extraction and recovery - CIP) | Norgate & Haque (2010),83 * ore_processed_t,,,,,,Zn,69284.0,0.08249245877008354,mining,,,,,Zn concentrate,concentrate_economic,kg
GRP-a13779f8,Underground mining and beneficiation at Snow Lake,"Underground, concentrator",Free-milling,Material,Hydrochloric acid,,g,Archetype inference (Extraction and recovery - CIP) | Norgate & Haque (2010),83 * ore_processed_t,,,,,,Au,32.97878714387755,0.7884676295337092,mining,,,,,Doré,concentrate_economic,kg
BC-MAIN-857b7b89,Underground mining and beneficiation at Brucejack,"Underground, concentrator",Hybrid free-milling-refactory,Material,Cement (backfilling),,kg,Inference | Cement backfilling | underground | 5-50 kg/t ore,"ore_processed_t * Uniform(5, 50)",ore_processed_t,"Uniform(5, 50)",830000.0,4565000.0,8300000.0,Au,0.920409693877551,1.0,mining,,901.7723362987756,4959.747849643266,9017.723362987756,Doré,concentrate_economic,kg
MB-MAIN-e0a6250e,Open-pit and underground mining and beneficiation at Thompson (T-1 and T-3),"Open-pit, underground, concentrator","Porphyry sulfide, flotation-based",Material,Cement (backfilling),,kg,Inference | Cement backfilling | underground | 5-50 kg/t ore,"ore_processed_t * Uniform(5, 50)",ore_processed_t,"Uniform(5, 50)",2323529.4117647046,12779411.764705876,23235294.117647048,Ni,49375.0,1.0,mining,,0.047058823529411736,0.25882352941176456,0.4705882352941175,Ni concentrate,concentrate_economic,kg
NL-MAIN-2d8801d6,Open-pit and underground mining and beneficiation at Voisey’s Bay,"Open-pit, underground, concentrator","Porphyry sulfide, flotation-based",Material,Cement (backfilling),,kg,Inference | Cement backfilling | underground | 5-50 kg/t ore,"ore_processed_t * Uniform(5, 50)",ore_processed_t,"Uniform(5, 50)",3970588.2352941153,21838235.294117633,39705882.35294115,Ni,84375.0,1.0,mining,,0.047058823529411736,0.2588235294117645,0.4705882352941173,Ni concentrate,concentrate_economic,kg
NU-MAIN-8b0264c9,Open-pit and underground mining and beneficiation at Meliadine,"Open-pit, underground, concentrator",Free-milling,Material,Cement (backfilling),,kg,Inference | Cement backfilling | underground | 5-50 kg/t ore,"ore_processed_t * Uniform(5, 50)",ore_processed_t,"Uniform(5, 50)",9590715.0,52748932.5,95907150.0,Au,12.41413683010194,1.0,mining,,772.563983405139,4249.101908728264,7725.639834051391,Doré,concentrate_economic,kg
ON-MAIN-1f126a43,Underground mining and beneficiation at Macassa,"Underground, concentrator",Free-milling,Material,Cement (backfilling),,kg,Inference | Cement backfilling | underground | 5-50 kg/t ore,"ore_processed_t * Uniform(5, 50)",ore_processed_t,"Uniform(5, 50)",2207940.0,12143670.0,22079400.0,Au,7.253304461734694,1.0,mining,,304.4047043176168,1674.2258737468921,3044.047043176168,Doré,concentrate_economic,kg
ON-MAIN-28f3f0fc,Underground mining at Totten,Underground,"Porphyry sulfide, flotation-based",Material,Cement (backfilling),,kg,Inference | Cement backfilling | underground | 5-50 kg/t ore,"ore_processed_t * Uniform(5, 50)",ore_processed_t,"Uniform(5, 50)",2070000.0,11385000.0,20700000.0,Ni,39587.5,1.0,mining,,0.05228923271234607,0.2875907799179034,0.5228923271234607,Ni concentrate,concentrate_economic,kg
ON-MAIN-48fe2205,Underground mining at Garson,Underground,"Porphyry sulfide, flotation-based",Material,Cement (backfilling),,kg,Inference | Cement backfilling | underground | 5-50 kg/t ore,"ore_processed_t * Uniform(5, 50)",ore_processed_t,"Uniform(5, 50)",3080000.0,16940000.0,30800000.0,Ni,49662.5,1.0,mining,,0.062018625723634535,0.3411024414799899,0.6201862572363454,Ni concentrate,concentrate_economic,kg
ON-MAIN-4e0734b5,Open-pit and underground mining and beneficiation at Fox Complex,"Open-pit, underground, concentrator",Free-milling,Material,Cement (backfilling),,kg,Inference | Cement backfilling | underground | 5-50 kg/t ore,"ore_processed_t * Uniform(5, 50)",ore_processed_t,"Uniform(5, 50)",2285000.0,12567500.0,22850000.0,Au,1.453612551020408,1.0,mining,,1571.9457006586617,8645.70135362264,15719.457006586617,Doré,concentrate_economic,kg
ON-MAIN-52224e1e,Underground mining at Creighton,Underground,"Porphyry sulfide, flotation-based",Material,Cement (backfilling),,kg,Inference | Cement backfilling | underground | 5-50 kg/t ore,"ore_processed_t * Uniform(5, 50)",ore_processed_t,"Uniform(5, 50)",2165000.0,11907500.0,21650000.0,Ni,70900.0,1.0,mining,,0.030535966149506346,0.1679478138222849,0.30535966149506344,Ni concentrate,concentrate_economic,kg
ON-MAIN-6e9be24e,Open-pit and underground mining and beneficiation at Hemlo (Williams),"Open-pit, underground, concentrator",Free-milling,Material,Cement (backfilling),,kg,Inference | Cement backfilling | underground | 5-50 kg/t ore,"ore_processed_t * Uniform(5, 50)",ore_processed_t,"Uniform(5, 50)",6330045.0,34815247.5,63300450.0,Au,4.476523630102041,1.0,mining,,1414.0537441674821,7777.295592921152,14140.537441674822,Doré,concentrate_economic,kg
ON-MAIN-7f050560,Underground mining and beneficiation at Red Lake,"Underground, concentrator",Hybrid free-milling-refactory,Material,Cement (backfilling),,kg,Inference | Cement backfilling | underground | 5-50 kg/t ore,"ore_processed_t * Uniform(5, 50)",ore_processed_t,"Uniform(5, 50)",4205000.0,23127500.0,42050000.0,Au,3.5769025,1.0,mining,,1175.5981606990965,6465.78988384503,11755.981606990965,Doré,concentrate_economic,kg
ON-MAIN-f080c409,Underground mining at Copper Cliff Complex (mine),Underground,"Porphyry sulfide, flotation-based",Material,Cement (backfilling),,kg,Inference | Cement backfilling | underground | 5-50 kg/t ore,"ore_processed_t * Uniform(5, 50)",ore_processed_t,"Uniform(5, 50)",3740000.0,20570000.0,37400000.0,Ni,54693.75,1.0,mining,,0.06838075648497315,0.3760941606673523,0.6838075648497314,Ni concentrate,concentrate_economic,kg
ON-MAIN-f4fc3276,Underground mining and beneficiation at Sugar Zone,"Underground, concentrator",Free-milling,Material,Cement (backfilling),,kg,Inference | Cement backfilling | underground | 5-50 kg/t ore,"ore_processed_t * Uniform(5, 50)",ore_processed_t,"Uniform(5, 50)",1173355.0,6453452.5,11733550.0,Au,1.2269695984693878,1.0,mining,,956.3032380457751,5259.667809251763,9563.032380457751,Doré,concentrate_economic,kg
ON-MAIN-f8313ebd,Underground mining and beneficiation at Kidd Creek,"Underground, concentrator","Porphyry sulfide, flotation-based",Material,Cement (backfilling),,kg,Inference | Cement backfilling | underground | 5-50 kg/t ore,"ore_processed_t * Uniform(5, 50)",ore_processed_t,"Uniform(5, 50)",6700000.0,36850000.0,67000000.0,Cu,75333.33333333334,0.7230258878971872,mining,,0.06430451480855515,0.35367483144705325,0.6430451480855515,Cu concentrate,concentrate_economic,kg
ON-MAIN-f8313ebd,Underground mining and beneficiation at Kidd Creek,"Underground, concentrator","Porphyry sulfide, flotation-based",Material,Cement (backfilling),,kg,Inference | Cement backfilling | underground | 5-50 kg/t ore,"ore_processed_t * Uniform(5, 50)",ore_processed_t,"Uniform(5, 50)",6700000.0,36850000.0,67000000.0,Zn,77200.0,0.2769741121028128,mining,,0.024037908692860696,0.13220849781073382,0.24037908692860696,Zn concentrate,concentrate_economic,kg
QC-MAIN-5ce331b8,Open-pit and underground mining and beneficiation at Nunavik Nickel,"Open-pit, underground, concentrator","Porphyry sulfide, flotation-based",Material,Cement (backfilling),,kg,Inference | Cement backfilling | underground | 5-50 kg/t ore,"ore_processed_t * Uniform(5, 50)",ore_processed_t,"Uniform(5, 50)",5411764.70588235,29764705.882352922,54117647.058823496,Ni,363125.0,1.0,mining,,0.014903310721879105,0.08196820897033506,0.14903310721879104,Ni concentrate,concentrate_economic,kg
QC-MAIN-a555d9b9,Underground mining and beneficiation at Niobec,"Underground, concentrator",Nb mine,Material,Cement (backfilling),,kg,Inference | Cement backfilling | underground | 5-50 kg/t ore,"ore_processed_t * Uniform(5, 50)",ore_processed_t,"Uniform(5, 50)",11000000.0,60500000.0,110000000.0,Nb,113.25775862068966,,mining,,,,,Nb concentrate,concentrate_economic,kg
QC-MAIN-a97821c0,Underground mining and beneficiation at Raglan,"Underground, concentrator","Porphyry sulfide, flotation-based",Material,Cement (backfilling),,kg,Inference | Cement backfilling | underground | 5-50 kg/t ore,"ore_processed_t * Uniform(5, 50)",ore_processed_t,"Uniform(5, 50)",7500000.0,41250000.0,75000000.0,Ni,151450.0,1.0,mining,,0.04952129415648729,0.2723671178606801,0.4952129415648729,Ni concentrate,concentrate_economic,kg
QC-MAIN-c0660aec,Underground mining and beneficiation at Goldex,"Underground, concentrator",Free-milling,Material,Cement (backfilling),,kg,Inference | Cement backfilling | underground | 5-50 kg/t ore,"ore_processed_t * Uniform(5, 50)",ore_processed_t,"Uniform(5, 50)",14434636.643620001,79390501.53991,144346366.4362,Cu,130.12252666666666,0.003859237362487364,mining,,0.4281094939978431,2.354602216988137,4.281094939978431,Cu concentrate,concentrate_economic,kg
QC-MAIN-c0660aec,Underground mining and beneficiation at Goldex,"Underground, concentrator",Free-milling,Material,Cement (backfilling),,kg,Inference | Cement backfilling | underground | 5-50 kg/t ore,"ore_processed_t * Uniform(5, 50)",ore_processed_t,"Uniform(5, 50)",14434636.643620001,79390501.53991,144346366.4362,Au,4.474542118316694,0.9961407626375127,mining,,3213.497509769852,17674.236303734186,32134.97509769852,Doré,concentrate_economic,kg
QC-MAIN-e51eda66,Underground mining and beneficiation at LaRonde,"Underground, concentrator","Porphyry sulfide, flotation-based",Material,Cement (backfilling),,kg,Inference | Cement backfilling | underground | 5-50 kg/t ore,"ore_processed_t * Uniform(5, 50)",ore_processed_t,"Uniform(5, 50)",7507500.0,41291250.0,75075000.0,Cu,8593.20125,0.09772240804218515,mining,,0.08537574729518933,0.46956661012354123,0.8537574729518932,Cu concentrate,concentrate_economic,kg
QC-MAIN-e51eda66,Underground mining and beneficiation at LaRonde,"Underground, concentrator","Porphyry sulfide, flotation-based",Material,Cement (backfilling),,kg,Inference | Cement backfilling | underground | 5-50 kg/t ore,"ore_processed_t * Uniform(5, 50)",ore_processed_t,"Uniform(5, 50)",7507500.0,41291250.0,75075000.0,Zn,15404.877034,0.06548662801881933,mining,,0.03191462410028908,0.17553043255158993,0.31914624100289074,Zn concentrate,concentrate_economic,kg
QC-MAIN-e51eda66,Underground mining and beneficiation at LaRonde,"Underground, concentrator","Porphyry sulfide, flotation-based",Material,Cement (backfilling),,kg,Inference | Cement backfilling | underground | 5-50 kg/t ore,"ore_processed_t * Uniform(5, 50)",ore_processed_t,"Uniform(5, 50)",7507500.0,41291250.0,75075000.0,Au,9.802902790306113,0.8367909639389955,mining,,640.8518268674819,3524.6850477711514,6408.5182686748185,Doré,concentrate_economic,kg
QC-MAIN-f9e41c2a,Underground mining and beneficiation at Lamaque,"Underground, concentrator",Free-milling,Material,Cement (backfilling),,kg,Inference | Cement backfilling | underground | 5-50 kg/t ore,"ore_processed_t * Uniform(5, 50)",ore_processed_t,"Uniform(5, 50)",4192095.0,23056522.5,41920950.0,Au,7.932820721938775,1.0,mining,,528.4494818351895,2906.4721500935425,5284.494818351895,Doré,concentrate_economic,kg
GRP-0a2c0d69,Open-pit and underground mining at Meadowbank complex,"Open-pit, underground",Free-milling,Material,Cement (backfilling),,kg,Inference | Cement backfilling | underground | 5-50 kg/t ore,"ore_processed_t * Uniform(5, 50)",ore_processed_t,"Uniform(5, 50)",19213245.02864,105672847.65752,192132450.2864,Au,17.66760135719143,1.0,mining,,1087.484635871039,5981.165497290715,10874.84635871039,Doré,concentrate_economic,kg
GRP-147b3123,Underground mining and beneficiation at Timmins Operation,"Underground, concentrator",Free-milling,Material,Cement (backfilling),,kg,Inference | Cement backfilling | underground | 5-50 kg/t ore,"ore_processed_t * Uniform(5, 50)",ore_processed_t,"Uniform(5, 50)",7870000.0,43285000.0,78700000.0,Au,4.218015459183674,1.0,mining,,1865.8063433278896,10261.934888303393,18658.0634332789,Doré,concentrate_economic,kg
GRP-14bfbb82,Underground mining and beneficiation at Seabee Gold Operation,"Underground, concentrator",Free-milling,Material,Cement (backfilling),,kg,Inference | Cement backfilling | underground | 5-50 kg/t ore,"ore_processed_t * Uniform(5, 50)",ore_processed_t,"Uniform(5, 50)",610000.0,3355000.0,6100000.0,Au,1.2300799484693878,1.0,mining,,495.9027262894861,2727.4649945921733,4959.027262894861,Doré,concentrate_economic,kg
GRP-a13779f8,Underground mining and beneficiation at Snow Lake,"Underground, concentrator",Free-milling,Material,Cement (backfilling),,kg,Inference | Cement backfilling | underground | 5-50 kg/t ore,"ore_processed_t * Uniform(5, 50)",ore_processed_t,"Uniform(5, 50)",10618205.0,58400127.5,106182050.0,Cu,40513.333333333336,0.12903991169620735,mining,,0.03382027897578313,0.1860115343668072,0.33820278975783136,Cu concentrate,concentrate_economic,kg
GRP-a13779f8,Underground mining and beneficiation at Snow Lake,"Underground, concentrator",Free-milling,Material,Cement (backfilling),,kg,Inference | Cement backfilling | underground | 5-50 kg/t ore,"ore_processed_t * Uniform(5, 50)",ore_processed_t,"Uniform(5, 50)",10618205.0,58400127.5,106182050.0,Zn,69284.0,0.08249245877008354,mining,,0.012642483663974295,0.0695336601518586,0.12642483663974294,Zn concentrate,concentrate_economic,kg
GRP-a13779f8,Underground mining and beneficiation at Snow Lake,"Underground, concentrator",Free-milling,Material,Cement (backfilling),,kg,Inference | Cement backfilling | underground | 5-50 kg/t ore,"ore_processed_t * Uniform(5, 50)",ore_processed_t,"Uniform(5, 50)",10618205.0,58400127.5,106182050.0,Au,32.97878714387755,0.7884676295337092,mining,,253.86351807686918,1396.2493494227806,2538.6351807686915,Doré,concentrate_economic,kg
QC-MAIN-b86f7d07,Open-pit and underground mining and beneficiation at Casa Berardi,"Open-pit, underground, concentrator",Free-milling,Material use,Surface/underground emulsion & ANFO,2968.123704016,t,MetalliCan,MetalliCan,,,,,,Au,3.5165997959183577,1.0,mining,0.8440322687446657,,,,Doré,concentrate_economic,kg
ON-MAIN-aeafbb59,Open-pit mining and beneficiation at Detour Lake,"Open-pit, concentrator",Free-milling,Material use,Explosives,16268.5,t,MetalliCan,MetalliCan,,,,,,Au,24.0082838377551,1.0,mining,0.6776202793144414,,,,Doré,concentrate_economic,kg
ON-MAIN-cb85213a,Underground mining and beneficiation at Eagle River,"Underground, concentrator",Free-milling,Material use,Explosives,1211.0,t,MetalliCan,MetalliCan,,,,,,Au,2.7760508515306124,1.0,mining,0.436231202080574,,,,Doré,concentrate_economic,kg
QC-MAIN-6dc537e6,Underground mining and beneficiation at Éléonore,"Underground, concentrator",Free-milling,Material use,Cement,27374.0,t,MetalliCan,MetalliCan,,,,,,Au,7.738899920918366,1.0,mining,3.5371952447669797,,,,Doré,concentrate_economic,kg
QC-MAIN-6dc537e6,Underground mining and beneficiation at Éléonore,"Underground, concentrator",Free-milling,Material use,Grinding media,3039.9,t,MetalliCan,MetalliCan,,,,,,Au,7.738899920918366,1.0,mining,0.3928077673912158,,,,Doré,concentrate_economic,kg
QC-MAIN-6dc537e6,Underground mining and beneficiation at Éléonore,"Underground, concentrator",Free-milling,Material use,Lime,2229.0,t,MetalliCan,MetalliCan,,,,,,Au,7.738899920918366,1.0,mining,0.28802543291391824,,,,Doré,concentrate_economic,kg
QC-MAIN-6dc537e6,Underground mining and beneficiation at Éléonore,"Underground, concentrator",Free-milling,Material use,Lubricants,335.00456,t,MetalliCan,MetalliCan,,,,,,Au,7.738899920918366,1.0,mining,0.043288395433888155,,,,Doré,concentrate_economic,kg
QC-MAIN-6dc537e6,Underground mining and beneficiation at Éléonore,"Underground, concentrator",Free-milling,Material use,Nitric acid (HNO3),40.12825,t,MetalliCan,MetalliCan,,,,,,Au,7.738899920918366,1.0,mining,0.005185265400775208,,,,Doré,concentrate_economic,kg
QC-MAIN-6dc537e6,Underground mining and beneficiation at Éléonore,"Underground, concentrator",Free-milling,Material use,Sodium cyanide (NaCN),838.8,t,MetalliCan,MetalliCan,,,,,,Au,7.738899920918366,1.0,mining,0.10838749803866962,,,,Doré,concentrate_economic,kg
QC-MAIN-6dc537e6,Underground mining and beneficiation at Éléonore,"Underground, concentrator",Free-milling,Material use,Sulfuric acid (H2SO4),0.1360864,t,MetalliCan,MetalliCan,,,,,,Au,7.738899920918366,1.0,mining,1.7584721522519804e-05,,,,Doré,concentrate_economic,kg
QC-MAIN-6dc537e6,Underground mining and beneficiation at Éléonore,"Underground, concentrator",Free-milling,Material use,Tires,241.250566996281,t,MetalliCan,MetalliCan,,,,,,Au,7.738899920918366,1.0,mining,0.031173754598399314,,,,Doré,concentrate_economic,kg
QC-MAIN-c0660aec,Underground mining and beneficiation at Goldex,"Underground, concentrator",Free-milling,Material use,Explosives,2761.75,t,MetalliCan,MetalliCan,,,,,,Cu,130.12252666666666,0.003859237362487364,mining,8.190932852966027e-05,,,,Cu concentrate,concentrate_economic,kg
QC-MAIN-c0660aec,Underground mining and beneficiation at Goldex,"Underground, concentrator",Free-milling,Material use,Explosives,2761.75,t,MetalliCan,MetalliCan,,,,,,Au,4.474542118316694,0.9961407626375127,mining,0.6148320159849342,,,,Doré,concentrate_economic,kg
ON-MAIN-687b8c8d,Underground mining and beneficiation at Island,"Underground, concentrator",Free-milling,Material use,Total blasting agents used e.g. ANFO,486.3,t,MetalliCan,MetalliCan,,,,,,Au,4.1704080612244905,1.0,mining,0.11660729426492032,,,,Doré,concentrate_economic,kg
ON-MAIN-687b8c8d,Underground mining and beneficiation at Island,"Underground, concentrator",Free-milling,Material use,Total sodium cyanide used,245.0,t,MetalliCan,MetalliCan,,,,,,Au,4.1704080612244905,1.0,mining,0.058747248807126215,,,,Doré,concentrate_economic,kg
YT-MAIN-44857446,Underground mining and beneficiation at Keno Hill Silver District,"Underground, concentrator",High-grade polymetallic Pb-Zn-Ag,Material use,Surface/underground emulsion & ANFO,231.88076632,t,MetalliCan,MetalliCan,,,,,,Zn,2678.0,0.9939404291135293,mining,8.606260955163362e-05,,,,Zn concentrate,concentrate_economic,kg
YT-MAIN-44857446,Underground mining and beneficiation at Keno Hill Silver District,"Underground, concentrator",High-grade polymetallic Pb-Zn-Ag,Material use,Surface/underground emulsion & ANFO,231.88076632,t,MetalliCan,MetalliCan,,,,,,Pb,20.416666666666668,0.0060595708864706705,mining,6.882112362735579e-05,,,,Pb concentrate,concentrate_economic,kg
QC-MAIN-9de9bb0d,Open-pit mining and beneficiation at Kiena,"Open-pit, concentrator",Free-milling,Material use,Explosives,506.0,t,MetalliCan,MetalliCan,,,,,,Au,1.2201776096938775,1.0,mining,0.41469372653621067,,,,Doré,concentrate_economic,kg
QC-MAIN-e51eda66,Underground mining and beneficiation at LaRonde,"Underground, concentrator","Porphyry sulfide, flotation-based",Material use,Explosives,1570.0,t,MetalliCan,MetalliCan,,,,,,Cu,8593.20125,0.09772240804218515,mining,1.7854135631494804e-05,,,,Cu concentrate,concentrate_economic,kg
QC-MAIN-e51eda66,Underground mining and beneficiation at LaRonde,"Underground, concentrator","Porphyry sulfide, flotation-based",Material use,Explosives,1570.0,t,MetalliCan,MetalliCan,,,,,,Zn,15404.877034,0.06548662801881933,mining,6.674120524469377e-06,,,,Zn concentrate,concentrate_economic,kg
QC-MAIN-e51eda66,Underground mining and beneficiation at LaRonde,"Underground, concentrator","Porphyry sulfide, flotation-based",Material use,Explosives,1570.0,t,MetalliCan,MetalliCan,,,,,,Au,9.802902790306113,0.8367909639389955,mining,0.13401763145946677,,,,Doré,concentrate_economic,kg
ON-MAIN-1f126a43,Underground mining and beneficiation at Macassa,"Underground, concentrator",Free-milling,Material use,Explosives,20644.0,t,MetalliCan,MetalliCan,,,,,,Au,7.253304461734694,1.0,mining,2.846151034870912,,,,Doré,concentrate_economic,kg
GRP-0a2c0d69,Open-pit and underground mining at Meadowbank complex,"Open-pit, underground",Free-milling,Material use,Explosives,11329.5,t,MetalliCan,MetalliCan,,,,,,Au,17.66760135719143,1.0,mining,0.6412585257584179,,,,Doré,concentrate_economic,kg
NU-MAIN-8b0264c9,Open-pit and underground mining and beneficiation at Meliadine,"Open-pit, underground, concentrator",Free-milling,Material use,Explosives,4549.5,t,MetalliCan,MetalliCan,,,,,,Au,12.41413683010194,1.0,mining,0.3664773525750353,,,,Doré,concentrate_economic,kg
BC-MAIN-ed23117f,Open-pit mining and beneficiation at Mount Milligan,"Open-pit, concentrator","Porphyry sulfide, flotation-based",Material use,Explosives,646.875,t,MetalliCan,MetalliCan,,,,,,Cu,93533.69434666667,1.0,mining,6.915956912836868e-06,,,,Cu concentrate,concentrate_economic,kg
ON-MAIN-fefeaee4,Underground mining and beneficiation at Musselwhite,"Underground, concentrator",Free-milling,Material use,Cement,9417.6,t,MetalliCan,MetalliCan,,,,,,Au,5.712887755102041,1.0,mining,1.6484832896619352,,,,Doré,concentrate_economic,kg
ON-MAIN-fefeaee4,Underground mining and beneficiation at Musselwhite,"Underground, concentrator",Free-milling,Material use,Grinding media,726.071,t,MetalliCan,MetalliCan,,,,,,Au,5.712887755102041,1.0,mining,0.12709351752125075,,,,Doré,concentrate_economic,kg
ON-MAIN-fefeaee4,Underground mining and beneficiation at Musselwhite,"Underground, concentrator",Free-milling,Material use,Hydrochloric acid (HCL),68.068,t,MetalliCan,MetalliCan,,,,,,Au,5.712887755102041,1.0,mining,0.01191481487435319,,,,Doré,concentrate_economic,kg
ON-MAIN-fefeaee4,Underground mining and beneficiation at Musselwhite,"Underground, concentrator",Free-milling,Material use,Lime,924.081,t,MetalliCan,MetalliCan,,,,,,Au,5.712887755102041,1.0,mining,0.1617537468987949,,,,Doré,concentrate_economic,kg
ON-MAIN-fefeaee4,Underground mining and beneficiation at Musselwhite,"Underground, concentrator",Free-milling,Material use,Lubricants,296.13848,t,MetalliCan,MetalliCan,,,,,,Au,5.712887755102041,1.0,mining,0.051836915531121006,,,,Doré,concentrate_economic,kg
ON-MAIN-fefeaee4,Underground mining and beneficiation at Musselwhite,"Underground, concentrator",Free-milling,Material use,Sodium cyanide (NaCN),390.003,t,MetalliCan,MetalliCan,,,,,,Au,5.712887755102041,1.0,mining,0.06826722608923969,,,,Doré,concentrate_economic,kg
ON-MAIN-fefeaee4,Underground mining and beneficiation at Musselwhite,"Underground, concentrator",Free-milling,Material use,Tires,100.705343372947,t,MetalliCan,MetalliCan,,,,,,Au,5.712887755102041,1.0,mining,0.01762774759280182,,,,Doré,concentrate_economic,kg
BC-MAIN-aa76f6f2,Underground mining and beneficiation at New Afton,"Underground, concentrator","Porphyry sulfide, flotation-based",Material use,2'' balls,980.0,t,MetalliCan,MetalliCan,,,,,,Cu,71667.53600000001,1.0,mining,1.3674252732785454e-05,,,,Cu concentrate,concentrate_economic,kg
BC-MAIN-aa76f6f2,Underground mining and beneficiation at New Afton,"Underground, concentrator","Porphyry sulfide, flotation-based",Material use,3/4'' balls,179.0,t,MetalliCan,MetalliCan,,,,,,Cu,71667.53600000001,1.0,mining,2.4976441216006085e-06,,,,Cu concentrate,concentrate_economic,kg
BC-MAIN-aa76f6f2,Underground mining and beneficiation at New Afton,"Underground, concentrator","Porphyry sulfide, flotation-based",Material use,Anti-scalant,38.0,t,MetalliCan,MetalliCan,,,,,,Cu,71667.53600000001,1.0,mining,5.302261263733135e-07,,,,Cu concentrate,concentrate_economic,kg
BC-MAIN-aa76f6f2,Underground mining and beneficiation at New Afton,"Underground, concentrator","Porphyry sulfide, flotation-based",Material use,Explosives,522.6,t,MetalliCan,MetalliCan,,,,,,Cu,71667.53600000001,1.0,mining,7.29200456954457e-06,,,,Cu concentrate,concentrate_economic,kg
BC-MAIN-aa76f6f2,Underground mining and beneficiation at New Afton,"Underground, concentrator","Porphyry sulfide, flotation-based",Material use,Flocculant,192.0,t,MetalliCan,MetalliCan,,,,,,Cu,71667.53600000001,1.0,mining,2.6790372700967417e-06,,,,Cu concentrate,concentrate_economic,kg
BC-MAIN-aa76f6f2,Underground mining and beneficiation at New Afton,"Underground, concentrator","Porphyry sulfide, flotation-based",Material use,Lime,2724.0,t,MetalliCan,MetalliCan,,,,,,Cu,71667.53600000001,1.0,mining,3.800884126949753e-05,,,,Cu concentrate,concentrate_economic,kg
BC-MAIN-aa76f6f2,Underground mining and beneficiation at New Afton,"Underground, concentrator","Porphyry sulfide, flotation-based",Material use,Polyfroth h57,55.0,t,MetalliCan,MetalliCan,,,,,,Cu,71667.53600000001,1.0,mining,7.67432551329796e-07,,,,Cu concentrate,concentrate_economic,kg
BC-MAIN-aa76f6f2,Underground mining and beneficiation at New Afton,"Underground, concentrator","Porphyry sulfide, flotation-based",Material use,S60 SAG Balls,583.0,t,MetalliCan,MetalliCan,,,,,,Cu,71667.53600000001,1.0,mining,8.134785044095837e-06,,,,Cu concentrate,concentrate_economic,kg
GRP-0d911886,Open-pit and underground mining at Porcupine complex,"Open-pit, underground",Free-milling,Material use,Cement,12578.0,t,MetalliCan,MetalliCan,,,,,,Au,8.251948979591836,1.0,mining,1.5242459728128546,,,,Doré,concentrate_economic,kg
GRP-0d911886,Open-pit and underground mining at Porcupine complex,"Open-pit, underground",Free-milling,Material use,Grinding media,1932.222,t,MetalliCan,MetalliCan,,,,,,Au,8.251948979591836,1.0,mining,0.234153410882525,,,,Doré,concentrate_economic,kg
GRP-0d911886,Open-pit and underground mining at Porcupine complex,"Open-pit, underground",Free-milling,Material use,Hydrochloric acid (HCL),2.68345,t,MetalliCan,MetalliCan,,,,,,Au,8.251948979591836,1.0,mining,0.0003251898438340479,,,,Doré,concentrate_economic,kg
GRP-0d911886,Open-pit and underground mining at Porcupine complex,"Open-pit, underground",Free-milling,Material use,Lime,4346.921,t,MetalliCan,MetalliCan,,,,,,Au,8.251948979591836,1.0,mining,0.5267750698350793,,,,Doré,concentrate_economic,kg
GRP-0d911886,Open-pit and underground mining at Porcupine complex,"Open-pit, underground",Free-milling,Material use,Lubricants,545.0420799999999,t,MetalliCan,MetalliCan,,,,,,Au,8.251948979591836,1.0,mining,0.06605010299360324,,,,Doré,concentrate_economic,kg
GRP-0d911886,Open-pit and underground mining at Porcupine complex,"Open-pit, underground",Free-milling,Material use,Nitric acid (HNO3),0.26425,t,MetalliCan,MetalliCan,,,,,,Au,8.251948979591836,1.0,mining,3.2022737980266875e-05,,,,Doré,concentrate_economic,kg
GRP-0d911886,Open-pit and underground mining at Porcupine complex,"Open-pit, underground",Free-milling,Material use,Sodium cyanide (NaCN),734.521,t,MetalliCan,MetalliCan,,,,,,Au,8.251948979591836,1.0,mining,0.08901182033681591,,,,Doré,concentrate_economic,kg
GRP-0d911886,Open-pit and underground mining at Porcupine complex,"Open-pit, underground",Free-milling,Material use,Sulfuric acid (H2SO4),0.009200000000000002,t,MetalliCan,MetalliCan,,,,,,Au,8.251948979591836,1.0,mining,1.1148881340338898e-06,,,,Doré,concentrate_economic,kg
GRP-0d911886,Open-pit and underground mining at Porcupine complex,"Open-pit, underground",Free-milling,Material use,Tires,626.983579787717,t,MetalliCan,MetalliCan,,,,,,Au,8.251948979591836,1.0,mining,0.0759800601455887,,,,Doré,concentrate_economic,kg
ON-MAIN-0aadf28f,Open-pit and underground mining and beneficiation at Rainy River,"Open-pit, underground, concentrator",Free-milling,Material use,2.5'' balls,5977.02,t,MetalliCan,MetalliCan,,,,,,Au,8.05342613010203,1.0,mining,0.7421710838892709,,,,Doré,concentrate_economic,kg
ON-MAIN-0aadf28f,Open-pit and underground mining and beneficiation at Rainy River,"Open-pit, underground, concentrator",Free-milling,Material use,5.5'' balls,2819.39,t,MetalliCan,MetalliCan,,,,,,Au,8.05342613010203,1.0,mining,0.35008578392017614,,,,Doré,concentrate_economic,kg
ON-MAIN-0aadf28f,Open-pit and underground mining and beneficiation at Rainy River,"Open-pit, underground, concentrator",Free-milling,Material use,Anti-scalant,231.23982,t,MetalliCan,MetalliCan,,,,,,Au,8.05342613010203,1.0,mining,0.028713222951865628,,,,Doré,concentrate_economic,kg
ON-MAIN-0aadf28f,Open-pit and underground mining and beneficiation at Rainy River,"Open-pit, underground, concentrator",Free-milling,Material use,Caustic soda,526.21,t,MetalliCan,MetalliCan,,,,,,Au,8.05342613010203,1.0,mining,0.06533989279831308,,,,Doré,concentrate_economic,kg
ON-MAIN-0aadf28f,Open-pit and underground mining and beneficiation at Rainy River,"Open-pit, underground, concentrator",Free-milling,Material use,Cyanide,2269.57,t,MetalliCan,MetalliCan,,,,,,Au,8.05342613010203,1.0,mining,0.2818142196048487,,,,Doré,concentrate_economic,kg
ON-MAIN-0aadf28f,Open-pit and underground mining and beneficiation at Rainy River,"Open-pit, underground, concentrator",Free-milling,Material use,Explosives,14805.627,t,MetalliCan,MetalliCan,,,,,,Au,8.05342613010203,1.0,mining,1.838425877485813,,,,Doré,concentrate_economic,kg
ON-MAIN-0aadf28f,Open-pit and underground mining and beneficiation at Rainy River,"Open-pit, underground, concentrator",Free-milling,Material use,Flocculant,149.1,t,MetalliCan,MetalliCan,,,,,,Au,8.05342613010203,1.0,mining,0.018513859516596946,,,,Doré,concentrate_economic,kg
ON-MAIN-0aadf28f,Open-pit and underground mining and beneficiation at Rainy River,"Open-pit, underground, concentrator",Free-milling,Material use,Lime,6390.4,t,MetalliCan,MetalliCan,,,,,,Au,8.05342613010203,1.0,mining,0.7935007904417245,,,,Doré,concentrate_economic,kg
GRP-147b3123,Underground mining and beneficiation at Timmins Operation,"Underground, concentrator",Free-milling,Material use,Ammonium nitrate,6.9,t,MetalliCan,MetalliCan,,,,,,Au,4.218015459183674,1.0,mining,0.0016358403772506278,,,,Doré,concentrate_economic,kg
GRP-147b3123,Underground mining and beneficiation at Timmins Operation,"Underground, concentrator",Free-milling,Material use,Dynamite,1629.933333333333,t,MetalliCan,MetalliCan,,,,,,Au,4.218015459183674,1.0,mining,0.3864218491149815,,,,Doré,concentrate_economic,kg
GRP-147b3123,Underground mining and beneficiation at Timmins Operation,"Underground, concentrator",Free-milling,Material use,Emulsions,675.4333333333334,t,MetalliCan,MetalliCan,,,,,,Au,4.218015459183674,1.0,mining,0.16013059692864479,,,,Doré,concentrate_economic,kg
QC-MAIN-02884fb5,Underground mining and beneficiation at Westwood-Doyon,"Underground, concentrator",Free-milling,Material use,ANFO,665.608695652174,t,MetalliCan,MetalliCan,,,,,,Au,4.118166876530612,1.0,mining,0.16162742200794986,,,,Doré,concentrate_economic,kg
QC-MAIN-02884fb5,Underground mining and beneficiation at Westwood-Doyon,"Underground, concentrator",Free-milling,Material use,Anti-scalant,35.4,t,MetalliCan,MetalliCan,,,,,,Au,4.118166876530612,1.0,mining,0.008596057678416145,,,,Doré,concentrate_economic,kg
QC-MAIN-02884fb5,Underground mining and beneficiation at Westwood-Doyon,"Underground, concentrator",Free-milling,Material use,Carbon,60.4,t,MetalliCan,MetalliCan,,,,,,Au,4.118166876530612,1.0,mining,0.014666719880687433,,,,Doré,concentrate_economic,kg
QC-MAIN-02884fb5,Underground mining and beneficiation at Westwood-Doyon,"Underground, concentrator",Free-milling,Material use,Caustic soda,86.6,t,MetalliCan,MetalliCan,,,,,,Au,4.118166876530612,1.0,mining,0.021028773868667743,,,,Doré,concentrate_economic,kg
QC-MAIN-02884fb5,Underground mining and beneficiation at Westwood-Doyon,"Underground, concentrator",Free-milling,Material use,Compressor oil,1.5,t,MetalliCan,MetalliCan,,,,,,Au,4.118166876530612,1.0,mining,0.0003642397321362773,,,,Doré,concentrate_economic,kg
QC-MAIN-02884fb5,Underground mining and beneficiation at Westwood-Doyon,"Underground, concentrator",Free-milling,Material use,Cyanide,399.3,t,MetalliCan,MetalliCan,,,,,,Au,4.118166876530612,1.0,mining,0.09696061669467702,,,,Doré,concentrate_economic,kg
QC-MAIN-02884fb5,Underground mining and beneficiation at Westwood-Doyon,"Underground, concentrator",Free-milling,Material use,Emulsion ANFO,1420.2,t,MetalliCan,MetalliCan,,,,,,Au,4.118166876530612,1.0,mining,0.34486217838662736,,,,Doré,concentrate_economic,kg
QC-MAIN-02884fb5,Underground mining and beneficiation at Westwood-Doyon,"Underground, concentrator",Free-milling,Material use,Explosives,1483.4,t,MetalliCan,MetalliCan,,,,,,Au,4.118166876530612,1.0,mining,0.36020881243396924,,,,Doré,concentrate_economic,kg
QC-MAIN-02884fb5,Underground mining and beneficiation at Westwood-Doyon,"Underground, concentrator",Free-milling,Material use,Flocculant,46.2,t,MetalliCan,MetalliCan,,,,,,Au,4.118166876530612,1.0,mining,0.011218583749797343,,,,Doré,concentrate_economic,kg
QC-MAIN-02884fb5,Underground mining and beneficiation at Westwood-Doyon,"Underground, concentrator",Free-milling,Material use,Grease,4.5,t,MetalliCan,MetalliCan,,,,,,Au,4.118166876530612,1.0,mining,0.0010927191964088321,,,,Doré,concentrate_economic,kg
QC-MAIN-02884fb5,Underground mining and beneficiation at Westwood-Doyon,"Underground, concentrator",Free-milling,Material use,Hydraulic oil,200.2,t,MetalliCan,MetalliCan,,,,,,Au,4.118166876530612,1.0,mining,0.04861386291578848,,,,Doré,concentrate_economic,kg
QC-MAIN-02884fb5,Underground mining and beneficiation at Westwood-Doyon,"Underground, concentrator",Free-milling,Material use,Lime,5069.3,t,MetalliCan,MetalliCan,,,,,,Au,4.118166876530612,1.0,mining,1.2309603160789537,,,,Doré,concentrate_economic,kg
QC-MAIN-02884fb5,Underground mining and beneficiation at Westwood-Doyon,"Underground, concentrator",Free-milling,Material use,Motor/drill oil,18.9,t,MetalliCan,MetalliCan,,,,,,Au,4.118166876530612,1.0,mining,0.004589420624917094,,,,Doré,concentrate_economic,kg
QC-MAIN-02884fb5,Underground mining and beneficiation at Westwood-Doyon,"Underground, concentrator",Free-milling,Material use,Sulfur dioxide,539.0,t,MetalliCan,MetalliCan,,,,,,Au,4.118166876530612,1.0,mining,0.13088347708096898,,,,Doré,concentrate_economic,kg
QC-MAIN-02884fb5,Underground mining and beneficiation at Westwood-Doyon,"Underground, concentrator",Free-milling,Material use,Transmission oil,8.1,t,MetalliCan,MetalliCan,,,,,,Au,4.118166876530612,1.0,mining,0.0019668945535358975,,,,Doré,concentrate_economic,kg
ON-MAIN-7607a50e,Underground mining and beneficiation at Young-Davidson,"Underground, concentrator",Free-milling,Material use,Total blasting agents used e.g. ANFO,2599.5,t,MetalliCan,MetalliCan,,,,,,Au,5.874752908163255,1.0,mining,0.4424866952936639,,,,Doré,concentrate_economic,kg
ON-MAIN-7607a50e,Underground mining and beneficiation at Young-Davidson,"Underground, concentrator",Free-milling,Material use,Total sodium cyanide used,1955.7,t,MetalliCan,MetalliCan,,,,,,Au,5.874752908163255,1.0,mining,0.3328991075152216,,,,Doré,concentrate_economic,kg
BC-MAIN-3f490561,Open-pit mining and beneficiation at Mount Polley,"Open-pit, concentrator","Porphyry sulfide, flotation-based",Material,Anti-scalant,,kg,Archetype inference (nan) | MetalliCan,0.012 * ore_processed_t,,,,,,Cu,45578.436133333336,1.0,mining,,,,,Cu concentrate,concentrate_economic,kg
BC-MAIN-3f490561,Open-pit mining and beneficiation at Mount Polley,"Open-pit, concentrator","Porphyry sulfide, flotation-based",Material,Floculant,,kg,Archetype inference (nan) | MetalliCan,0.063 * ore_processed_t,,,,,,Cu,45578.436133333336,1.0,mining,,,,,Cu concentrate,concentrate_economic,kg
BC-MAIN-3f490561,Open-pit mining and beneficiation at Mount Polley,"Open-pit, concentrator","Porphyry sulfide, flotation-based",Material,Frother,,kg,Archetype inference (nan) | MetalliCan,0.018 * ore_processed_t,,,,,,Cu,45578.436133333336,1.0,mining,,,,,Cu concentrate,concentrate_economic,kg
BC-MAIN-3f490561,Open-pit mining and beneficiation at Mount Polley,"Open-pit, concentrator","Porphyry sulfide, flotation-based",Material,Grinding media,,kg,Archetype inference (nan) | MetalliCan,0.189 * ore_processed_t,,,,,,Cu,45578.436133333336,1.0,mining,,,,,Cu concentrate,concentrate_economic,kg
BC-MAIN-3f490561,Open-pit mining and beneficiation at Mount Polley,"Open-pit, concentrator","Porphyry sulfide, flotation-based",Material,Lime,,kg,Archetype inference (nan) | MetalliCan,0.889 * ore_processed_t,,,,,,Cu,45578.436133333336,1.0,mining,,,,,Cu concentrate,concentrate_economic,kg
BC-MAIN-4724f4ba,Open-pit mining at Elk,Open-pit,Free-milling,Material,Grinding media,,kg,Archetype inference (Comminution) | Norgate & Haque (2010),0.71 * ore_processed_t,,,,,,Au,0.12428704693877551,1.0,mining,,,,,Doré,concentrate_economic,kg
BC-MAIN-4724f4ba,Open-pit mining at Elk,Open-pit,Free-milling,Material,Lime,,kg,Archetype inference (Extraction and recovery - Cyanidation) | Norgate & Haque (2010),2.2 * ore_processed_t,,,,,,Au,0.12428704693877551,1.0,mining,,,,,Doré,concentrate_economic,kg
BC-MAIN-4724f4ba,Open-pit mining at Elk,Open-pit,Free-milling,Material,Sodium cyanide,,kg,Archetype inference (Extraction and recovery - Cyanidation) | Norgate & Haque (2010),0.64 * ore_processed_t,,,,,,Au,0.12428704693877551,1.0,mining,,,,,Doré,concentrate_economic,kg
BC-MAIN-4724f4ba,Open-pit mining at Elk,Open-pit,Free-milling,Material,Activated carbon,,g,Archetype inference (Extraction and recovery - CIP) | Norgate & Haque (2010),24 * ore_processed_t,,,,,,Au,0.12428704693877551,1.0,mining,,,,,Doré,concentrate_economic,kg
BC-MAIN-4724f4ba,Open-pit mining at Elk,Open-pit,Free-milling,Material,Hydrochloric acid,,g,Archetype inference (Extraction and recovery - CIP) | Norgate & Haque (2010),83 * ore_processed_t,,,,,,Au,0.12428704693877551,1.0,mining,,,,,Doré,concentrate_economic,kg
BC-MAIN-599152a0,Open-pit mining and beneficiation at Copper Mountain,"Open-pit, concentrator","Porphyry sulfide, flotation-based",Material,Anti-scalant,,kg,Archetype inference (nan) | MetalliCan,0.012 * ore_processed_t,,,,,,Cu,63500.0,1.0,mining,,,,,Cu concentrate,concentrate_economic,kg
BC-MAIN-599152a0,Open-pit mining and beneficiation at Copper Mountain,"Open-pit, concentrator","Porphyry sulfide, flotation-based",Material,Floculant,,kg,Archetype inference (nan) | MetalliCan,0.063 * ore_processed_t,,,,,,Cu,63500.0,1.0,mining,,,,,Cu concentrate,concentrate_economic,kg
BC-MAIN-599152a0,Open-pit mining and beneficiation at Copper Mountain,"Open-pit, concentrator","Porphyry sulfide, flotation-based",Material,Frother,,kg,Archetype inference (nan) | MetalliCan,0.018 * ore_processed_t,,,,,,Cu,63500.0,1.0,mining,,,,,Cu concentrate,concentrate_economic,kg
BC-MAIN-599152a0,Open-pit mining and beneficiation at Copper Mountain,"Open-pit, concentrator","Porphyry sulfide, flotation-based",Material,Grinding media,,kg,Archetype inference (nan) | MetalliCan,0.189 * ore_processed_t,,,,,,Cu,63500.0,1.0,mining,,,,,Cu concentrate,concentrate_economic,kg
BC-MAIN-599152a0,Open-pit mining and beneficiation at Copper Mountain,"Open-pit, concentrator","Porphyry sulfide, flotation-based",Material,Lime,,kg,Archetype inference (nan) | MetalliCan,0.889 * ore_processed_t,,,,,,Cu,63500.0,1.0,mining,,,,,Cu concentrate,concentrate_economic,kg
BC-MAIN-6b4800fe,Open-pit mining and beneficiation at Gibraltar,"Open-pit, concentrator","Porphyry sulfide, flotation-based",Material,Anti-scalant,,kg,Archetype inference (nan) | MetalliCan,0.012 * ore_processed_t,,,,,,Cu,185367.93066666668,0.9997556641309961,mining,,,,,Cu concentrate,concentrate_economic,kg
BC-MAIN-6b4800fe,Open-pit mining and beneficiation at Gibraltar,"Open-pit, concentrator","Porphyry sulfide, flotation-based",Material,Anti-scalant,,kg,Archetype inference (nan) | MetalliCan,0.012 * ore_processed_t,,,,,,Mo,10.690540862745097,0.0002443358690038284,mining,,,,,Mo concentrate,concentrate_economic,kg
BC-MAIN-6b4800fe,Open-pit mining and beneficiation at Gibraltar,"Open-pit, concentrator","Porphyry sulfide, flotation-based",Material,Floculant,,kg,Archetype inference (nan) | MetalliCan,0.063 * ore_processed_t,,,,,,Cu,185367.93066666668,0.9997556641309961,mining,,,,,Cu concentrate,concentrate_economic,kg
BC-MAIN-6b4800fe,Open-pit mining and beneficiation at Gibraltar,"Open-pit, concentrator","Porphyry sulfide, flotation-based",Material,Floculant,,kg,Archetype inference (nan) | MetalliCan,0.063 * ore_processed_t,,,,,,Mo,10.690540862745097,0.0002443358690038284,mining,,,,,Mo concentrate,concentrate_economic,kg
BC-MAIN-6b4800fe,Open-pit mining and beneficiation at Gibraltar,"Open-pit, concentrator","Porphyry sulfide, flotation-based",Material,Frother,,kg,Archetype inference (nan) | MetalliCan,0.018 * ore_processed_t,,,,,,Cu,185367.93066666668,0.9997556641309961,mining,,,,,Cu concentrate,concentrate_economic,kg
BC-MAIN-6b4800fe,Open-pit mining and beneficiation at Gibraltar,"Open-pit, concentrator","Porphyry sulfide, flotation-based",Material,Frother,,kg,Archetype inference (nan) | MetalliCan,0.018 * ore_processed_t,,,,,,Mo,10.690540862745097,0.0002443358690038284,mining,,,,,Mo concentrate,concentrate_economic,kg
BC-MAIN-6b4800fe,Open-pit mining and beneficiation at Gibraltar,"Open-pit, concentrator","Porphyry sulfide, flotation-based",Material,Grinding media,,kg,Archetype inference (nan) | MetalliCan,0.189 * ore_processed_t,,,,,,Cu,185367.93066666668,0.9997556641309961,mining,,,,,Cu concentrate,concentrate_economic,kg
BC-MAIN-6b4800fe,Open-pit mining and beneficiation at Gibraltar,"Open-pit, concentrator","Porphyry sulfide, flotation-based",Material,Grinding media,,kg,Archetype inference (nan) | MetalliCan,0.189 * ore_processed_t,,,,,,Mo,10.690540862745097,0.0002443358690038284,mining,,,,,Mo concentrate,concentrate_economic,kg
BC-MAIN-6b4800fe,Open-pit mining and beneficiation at Gibraltar,"Open-pit, concentrator","Porphyry sulfide, flotation-based",Material,Lime,,kg,Archetype inference (nan) | MetalliCan,0.889 * ore_processed_t,,,,,,Cu,185367.93066666668,0.9997556641309961,mining,,,,,Cu concentrate,concentrate_economic,kg
BC-MAIN-6b4800fe,Open-pit mining and beneficiation at Gibraltar,"Open-pit, concentrator","Porphyry sulfide, flotation-based",Material,Lime,,kg,Archetype inference (nan) | MetalliCan,0.889 * ore_processed_t,,,,,,Mo,10.690540862745097,0.0002443358690038284,mining,,,,,Mo concentrate,concentrate_economic,kg
BC-MAIN-bf503b6b,Open-pit mining and beneficiation at Highland Valley,"Open-pit, concentrator","Porphyry sulfide, flotation-based",Material,Anti-scalant,,kg,Archetype inference (nan) | MetalliCan,0.012 * ore_processed_t,,,,,,Cu,341333.3333333334,0.9997809583158581,mining,,,,,Cu concentrate,concentrate_economic,kg
BC-MAIN-bf503b6b,Open-pit mining and beneficiation at Highland Valley,"Open-pit, concentrator","Porphyry sulfide, flotation-based",Material,Anti-scalant,,kg,Archetype inference (nan) | MetalliCan,0.012 * ore_processed_t,,,,,,Mo,17.647058823529413,0.00021904168414189142,mining,,,,,Mo concentrate,concentrate_economic,kg
BC-MAIN-bf503b6b,Open-pit mining and beneficiation at Highland Valley,"Open-pit, concentrator","Porphyry sulfide, flotation-based",Material,Floculant,,kg,Archetype inference (nan) | MetalliCan,0.063 * ore_processed_t,,,,,,Cu,341333.3333333334,0.9997809583158581,mining,,,,,Cu concentrate,concentrate_economic,kg
BC-MAIN-bf503b6b,Open-pit mining and beneficiation at Highland Valley,"Open-pit, concentrator","Porphyry sulfide, flotation-based",Material,Floculant,,kg,Archetype inference (nan) | MetalliCan,0.063 * ore_processed_t,,,,,,Mo,17.647058823529413,0.00021904168414189142,mining,,,,,Mo concentrate,concentrate_economic,kg
BC-MAIN-bf503b6b,Open-pit mining and beneficiation at Highland Valley,"Open-pit, concentrator","Porphyry sulfide, flotation-based",Material,Frother,,kg,Archetype inference (nan) | MetalliCan,0.018 * ore_processed_t,,,,,,Cu,341333.3333333334,0.9997809583158581,mining,,,,,Cu concentrate,concentrate_economic,kg
BC-MAIN-bf503b6b,Open-pit mining and beneficiation at Highland Valley,"Open-pit, concentrator","Porphyry sulfide, flotation-based",Material,Frother,,kg,Archetype inference (nan) | MetalliCan,0.018 * ore_processed_t,,,,,,Mo,17.647058823529413,0.00021904168414189142,mining,,,,,Mo concentrate,concentrate_economic,kg
BC-MAIN-bf503b6b,Open-pit mining and beneficiation at Highland Valley,"Open-pit, concentrator","Porphyry sulfide, flotation-based",Material,Grinding media,,kg,Archetype inference (nan) | MetalliCan,0.189 * ore_processed_t,,,,,,Cu,341333.3333333334,0.9997809583158581,mining,,,,,Cu concentrate,concentrate_economic,kg
BC-MAIN-bf503b6b,Open-pit mining and beneficiation at Highland Valley,"Open-pit, concentrator","Porphyry sulfide, flotation-based",Material,Grinding media,,kg,Archetype inference (nan) | MetalliCan,0.189 * ore_processed_t,,,,,,Mo,17.647058823529413,0.00021904168414189142,mining,,,,,Mo concentrate,concentrate_economic,kg
BC-MAIN-bf503b6b,Open-pit mining and beneficiation at Highland Valley,"Open-pit, concentrator","Porphyry sulfide, flotation-based",Material,Lime,,kg,Archetype inference (nan) | MetalliCan,0.889 * ore_processed_t,,,,,,Cu,341333.3333333334,0.9997809583158581,mining,,,,,Cu concentrate,concentrate_economic,kg
BC-MAIN-bf503b6b,Open-pit mining and beneficiation at Highland Valley,"Open-pit, concentrator","Porphyry sulfide, flotation-based",Material,Lime,,kg,Archetype inference (nan) | MetalliCan,0.889 * ore_processed_t,,,,,,Mo,17.647058823529413,0.00021904168414189142,mining,,,,,Mo concentrate,concentrate_economic,kg
BC-MAIN-ed23117f,Open-pit mining and beneficiation at Mount Milligan,"Open-pit, concentrator","Porphyry sulfide, flotation-based",Material,Anti-scalant,,kg,Archetype inference (nan) | MetalliCan,0.012 * ore_processed_t,,,,,,Cu,93533.69434666667,1.0,mining,,,,,Cu concentrate,concentrate_economic,kg
BC-MAIN-ed23117f,Open-pit mining and beneficiation at Mount Milligan,"Open-pit, concentrator","Porphyry sulfide, flotation-based",Material,Floculant,,kg,Archetype inference (nan) | MetalliCan,0.063 * ore_processed_t,,,,,,Cu,93533.69434666667,1.0,mining,,,,,Cu concentrate,concentrate_economic,kg
BC-MAIN-ed23117f,Open-pit mining and beneficiation at Mount Milligan,"Open-pit, concentrator","Porphyry sulfide, flotation-based",Material,Frother,,kg,Archetype inference (nan) | MetalliCan,0.018 * ore_processed_t,,,,,,Cu,93533.69434666667,1.0,mining,,,,,Cu concentrate,concentrate_economic,kg
BC-MAIN-ed23117f,Open-pit mining and beneficiation at Mount Milligan,"Open-pit, concentrator","Porphyry sulfide, flotation-based",Material,Grinding media,,kg,Archetype inference (nan) | MetalliCan,0.189 * ore_processed_t,,,,,,Cu,93533.69434666667,1.0,mining,,,,,Cu concentrate,concentrate_economic,kg
BC-MAIN-ed23117f,Open-pit mining and beneficiation at Mount Milligan,"Open-pit, concentrator","Porphyry sulfide, flotation-based",Material,Lime,,kg,Archetype inference (nan) | MetalliCan,0.889 * ore_processed_t,,,,,,Cu,93533.69434666667,1.0,mining,,,,,Cu concentrate,concentrate_economic,kg
MB-MAIN-e0a6250e,Open-pit and underground mining and beneficiation at Thompson (T-1 and T-3),"Open-pit, underground, concentrator","Porphyry sulfide, flotation-based",Material,Anti-scalant,,kg,Archetype inference (nan) | MetalliCan,0.012 * ore_processed_t,,,,,,Ni,49375.0,1.0,mining,,,,,Ni concentrate,concentrate_economic,kg
MB-MAIN-e0a6250e,Open-pit and underground mining and beneficiation at Thompson (T-1 and T-3),"Open-pit, underground, concentrator","Porphyry sulfide, flotation-based",Material,Floculant,,kg,Archetype inference (nan) | MetalliCan,0.063 * ore_processed_t,,,,,,Ni,49375.0,1.0,mining,,,,,Ni concentrate,concentrate_economic,kg
MB-MAIN-e0a6250e,Open-pit and underground mining and beneficiation at Thompson (T-1 and T-3),"Open-pit, underground, concentrator","Porphyry sulfide, flotation-based",Material,Frother,,kg,Archetype inference (nan) | MetalliCan,0.018 * ore_processed_t,,,,,,Ni,49375.0,1.0,mining,,,,,Ni concentrate,concentrate_economic,kg
MB-MAIN-e0a6250e,Open-pit and underground mining and beneficiation at Thompson (T-1 and T-3),"Open-pit, underground, concentrator","Porphyry sulfide, flotation-based",Material,Grinding media,,kg,Archetype inference (nan) | MetalliCan,0.189 * ore_processed_t,,,,,,Ni,49375.0,1.0,mining,,,,,Ni concentrate,concentrate_economic,kg
MB-MAIN-e0a6250e,Open-pit and underground mining and beneficiation at Thompson (T-1 and T-3),"Open-pit, underground, concentrator","Porphyry sulfide, flotation-based",Material,Lime,,kg,Archetype inference (nan) | MetalliCan,0.889 * ore_processed_t,,,,,,Ni,49375.0,1.0,mining,,,,,Ni concentrate,concentrate_economic,kg
NL-MAIN-2d8801d6,Open-pit and underground mining and beneficiation at Voisey’s Bay,"Open-pit, underground, concentrator","Porphyry sulfide, flotation-based",Material,Anti-scalant,,kg,Archetype inference (nan) | MetalliCan,0.012 * ore_processed_t,,,,,,Ni,84375.0,1.0,mining,,,,,Ni concentrate,concentrate_economic,kg
NL-MAIN-2d8801d6,Open-pit and underground mining and beneficiation at Voisey’s Bay,"Open-pit, underground, concentrator","Porphyry sulfide, flotation-based",Material,Floculant,,kg,Archetype inference (nan) | MetalliCan,0.063 * ore_processed_t,,,,,,Ni,84375.0,1.0,mining,,,,,Ni concentrate,concentrate_economic,kg
NL-MAIN-2d8801d6,Open-pit and underground mining and beneficiation at Voisey’s Bay,"Open-pit, underground, concentrator","Porphyry sulfide, flotation-based",Material,Frother,,kg,Archetype inference (nan) | MetalliCan,0.018 * ore_processed_t,,,,,,Ni,84375.0,1.0,mining,,,,,Ni concentrate,concentrate_economic,kg
NL-MAIN-2d8801d6,Open-pit and underground mining and beneficiation at Voisey’s Bay,"Open-pit, underground, concentrator","Porphyry sulfide, flotation-based",Material,Grinding media,,kg,Archetype inference (nan) | MetalliCan,0.189 * ore_processed_t,,,,,,Ni,84375.0,1.0,mining,,,,,Ni concentrate,concentrate_economic,kg
NL-MAIN-2d8801d6,Open-pit and underground mining and beneficiation at Voisey’s Bay,"Open-pit, underground, concentrator","Porphyry sulfide, flotation-based",Material,Lime,,kg,Archetype inference (nan) | MetalliCan,0.889 * ore_processed_t,,,,,,Ni,84375.0,1.0,mining,,,,,Ni concentrate,concentrate_economic,kg
NU-MAIN-8b0264c9,Open-pit and underground mining and beneficiation at Meliadine,"Open-pit, underground, concentrator",Free-milling,Material,Grinding media,,kg,Archetype inference (Comminution) | Norgate & Haque (2010),0.71 * ore_processed_t,,,,,,Au,12.41413683010194,1.0,mining,,,,,Doré,concentrate_economic,kg
NU-MAIN-8b0264c9,Open-pit and underground mining and beneficiation at Meliadine,"Open-pit, underground, concentrator",Free-milling,Material,Lime,,kg,Archetype inference (Extraction and recovery - Cyanidation) | Norgate & Haque (2010),2.2 * ore_processed_t,,,,,,Au,12.41413683010194,1.0,mining,,,,,Doré,concentrate_economic,kg
NU-MAIN-8b0264c9,Open-pit and underground mining and beneficiation at Meliadine,"Open-pit, underground, concentrator",Free-milling,Material,Sodium cyanide,,kg,Archetype inference (Extraction and recovery - Cyanidation) | Norgate & Haque (2010),0.64 * ore_processed_t,,,,,,Au,12.41413683010194,1.0,mining,,,,,Doré,concentrate_economic,kg
NU-MAIN-8b0264c9,Open-pit and underground mining and beneficiation at Meliadine,"Open-pit, underground, concentrator",Free-milling,Material,Activated carbon,,g,Archetype inference (Extraction and recovery - CIP) | Norgate & Haque (2010),24 * ore_processed_t,,,,,,Au,12.41413683010194,1.0,mining,,,,,Doré,concentrate_economic,kg
NU-MAIN-8b0264c9,Open-pit and underground mining and beneficiation at Meliadine,"Open-pit, underground, concentrator",Free-milling,Material,Hydrochloric acid,,g,Archetype inference (Extraction and recovery - CIP) | Norgate & Haque (2010),83 * ore_processed_t,,,,,,Au,12.41413683010194,1.0,mining,,,,,Doré,concentrate_economic,kg
ON-MAIN-1f126a43,Underground mining and beneficiation at Macassa,"Underground, concentrator",Free-milling,Material,Grinding media,,kg,Archetype inference (Comminution) | Norgate & Haque (2010),0.71 * ore_processed_t,,,,,,Au,7.253304461734694,1.0,mining,,,,,Doré,concentrate_economic,kg
ON-MAIN-1f126a43,Underground mining and beneficiation at Macassa,"Underground, concentrator",Free-milling,Material,Lime,,kg,Archetype inference (Extraction and recovery - Cyanidation) | Norgate & Haque (2010),2.2 * ore_processed_t,,,,,,Au,7.253304461734694,1.0,mining,,,,,Doré,concentrate_economic,kg
ON-MAIN-1f126a43,Underground mining and beneficiation at Macassa,"Underground, concentrator",Free-milling,Material,Sodium cyanide,,kg,Archetype inference (Extraction and recovery - Cyanidation) | Norgate & Haque (2010),0.64 * ore_processed_t,,,,,,Au,7.253304461734694,1.0,mining,,,,,Doré,concentrate_economic,kg
ON-MAIN-1f126a43,Underground mining and beneficiation at Macassa,"Underground, concentrator",Free-milling,Material,Activated carbon,,g,Archetype inference (Extraction and recovery - CIP) | Norgate & Haque (2010),24 * ore_processed_t,,,,,,Au,7.253304461734694,1.0,mining,,,,,Doré,concentrate_economic,kg
ON-MAIN-1f126a43,Underground mining and beneficiation at Macassa,"Underground, concentrator",Free-milling,Material,Hydrochloric acid,,g,Archetype inference (Extraction and recovery - CIP) | Norgate & Haque (2010),83 * ore_processed_t,,,,,,Au,7.253304461734694,1.0,mining,,,,,Doré,concentrate_economic,kg
ON-MAIN-28f3f0fc,Underground mining at Totten,Underground,"Porphyry sulfide, flotation-based",Material,Anti-scalant,,kg,Archetype inference (nan) | MetalliCan,0.012 * ore_processed_t,,,,,,Ni,39587.5,1.0,mining,,,,,Ni concentrate,concentrate_economic,kg
ON-MAIN-28f3f0fc,Underground mining at Totten,Underground,"Porphyry sulfide, flotation-based",Material,Floculant,,kg,Archetype inference (nan) | MetalliCan,0.063 * ore_processed_t,,,,,,Ni,39587.5,1.0,mining,,,,,Ni concentrate,concentrate_economic,kg
ON-MAIN-28f3f0fc,Underground mining at Totten,Underground,"Porphyry sulfide, flotation-based",Material,Frother,,kg,Archetype inference (nan) | MetalliCan,0.018 * ore_processed_t,,,,,,Ni,39587.5,1.0,mining,,,,,Ni concentrate,concentrate_economic,kg
ON-MAIN-28f3f0fc,Underground mining at Totten,Underground,"Porphyry sulfide, flotation-based",Material,Grinding media,,kg,Archetype inference (nan) | MetalliCan,0.189 * ore_processed_t,,,,,,Ni,39587.5,1.0,mining,,,,,Ni concentrate,concentrate_economic,kg
ON-MAIN-28f3f0fc,Underground mining at Totten,Underground,"Porphyry sulfide, flotation-based",Material,Lime,,kg,Archetype inference (nan) | MetalliCan,0.889 * ore_processed_t,,,,,,Ni,39587.5,1.0,mining,,,,,Ni concentrate,concentrate_economic,kg
ON-MAIN-48fe2205,Underground mining at Garson,Underground,"Porphyry sulfide, flotation-based",Material,Anti-scalant,,kg,Archetype inference (nan) | MetalliCan,0.012 * ore_processed_t,,,,,,Ni,49662.5,1.0,mining,,,,,Ni concentrate,concentrate_economic,kg
ON-MAIN-48fe2205,Underground mining at Garson,Underground,"Porphyry sulfide, flotation-based",Material,Floculant,,kg,Archetype inference (nan) | MetalliCan,0.063 * ore_processed_t,,,,,,Ni,49662.5,1.0,mining,,,,,Ni concentrate,concentrate_economic,kg
ON-MAIN-48fe2205,Underground mining at Garson,Underground,"Porphyry sulfide, flotation-based",Material,Frother,,kg,Archetype inference (nan) | MetalliCan,0.018 * ore_processed_t,,,,,,Ni,49662.5,1.0,mining,,,,,Ni concentrate,concentrate_economic,kg
ON-MAIN-48fe2205,Underground mining at Garson,Underground,"Porphyry sulfide, flotation-based",Material,Grinding media,,kg,Archetype inference (nan) | MetalliCan,0.189 * ore_processed_t,,,,,,Ni,49662.5,1.0,mining,,,,,Ni concentrate,concentrate_economic,kg
ON-MAIN-48fe2205,Underground mining at Garson,Underground,"Porphyry sulfide, flotation-based",Material,Lime,,kg,Archetype inference (nan) | MetalliCan,0.889 * ore_processed_t,,,,,,Ni,49662.5,1.0,mining,,,,,Ni concentrate,concentrate_economic,kg
ON-MAIN-4e0734b5,Open-pit and underground mining and beneficiation at Fox Complex,"Open-pit, underground, concentrator",Free-milling,Material,Grinding media,,kg,Archetype inference (Comminution) | Norgate & Haque (2010),0.71 * ore_processed_t,,,,,,Au,1.453612551020408,1.0,mining,,,,,Doré,concentrate_economic,kg
ON-MAIN-4e0734b5,Open-pit and underground mining and beneficiation at Fox Complex,"Open-pit, underground, concentrator",Free-milling,Material,Lime,,kg,Archetype inference (Extraction and recovery - Cyanidation) | Norgate & Haque (2010),2.2 * ore_processed_t,,,,,,Au,1.453612551020408,1.0,mining,,,,,Doré,concentrate_economic,kg
ON-MAIN-4e0734b5,Open-pit and underground mining and beneficiation at Fox Complex,"Open-pit, underground, concentrator",Free-milling,Material,Sodium cyanide,,kg,Archetype inference (Extraction and recovery - Cyanidation) | Norgate & Haque (2010),0.64 * ore_processed_t,,,,,,Au,1.453612551020408,1.0,mining,,,,,Doré,concentrate_economic,kg
ON-MAIN-4e0734b5,Open-pit and underground mining and beneficiation at Fox Complex,"Open-pit, underground, concentrator",Free-milling,Material,Activated carbon,,g,Archetype inference (Extraction and recovery - CIP) | Norgate & Haque (2010),24 * ore_processed_t,,,,,,Au,1.453612551020408,1.0,mining,,,,,Doré,concentrate_economic,kg
ON-MAIN-4e0734b5,Open-pit and underground mining and beneficiation at Fox Complex,"Open-pit, underground, concentrator",Free-milling,Material,Hydrochloric acid,,g,Archetype inference (Extraction and recovery - CIP) | Norgate & Haque (2010),83 * ore_processed_t,,,,,,Au,1.453612551020408,1.0,mining,,,,,Doré,concentrate_economic,kg
ON-MAIN-52224e1e,Underground mining at Creighton,Underground,"Porphyry sulfide, flotation-based",Material,Anti-scalant,,kg,Archetype inference (nan) | MetalliCan,0.012 * ore_processed_t,,,,,,Ni,70900.0,1.0,mining,,,,,Ni concentrate,concentrate_economic,kg
ON-MAIN-52224e1e,Underground mining at Creighton,Underground,"Porphyry sulfide, flotation-based",Material,Floculant,,kg,Archetype inference (nan) | MetalliCan,0.063 * ore_processed_t,,,,,,Ni,70900.0,1.0,mining,,,,,Ni concentrate,concentrate_economic,kg
ON-MAIN-52224e1e,Underground mining at Creighton,Underground,"Porphyry sulfide, flotation-based",Material,Frother,,kg,Archetype inference (nan) | MetalliCan,0.018 * ore_processed_t,,,,,,Ni,70900.0,1.0,mining,,,,,Ni concentrate,concentrate_economic,kg
ON-MAIN-52224e1e,Underground mining at Creighton,Underground,"Porphyry sulfide, flotation-based",Material,Grinding media,,kg,Archetype inference (nan) | MetalliCan,0.189 * ore_processed_t,,,,,,Ni,70900.0,1.0,mining,,,,,Ni concentrate,concentrate_economic,kg
ON-MAIN-52224e1e,Underground mining at Creighton,Underground,"Porphyry sulfide, flotation-based",Material,Lime,,kg,Archetype inference (nan) | MetalliCan,0.889 * ore_processed_t,,,,,,Ni,70900.0,1.0,mining,,,,,Ni concentrate,concentrate_economic,kg
ON-MAIN-6e9be24e,Open-pit and underground mining and beneficiation at Hemlo (Williams),"Open-pit, underground, concentrator",Free-milling,Material,Grinding media,,kg,Archetype inference (Comminution) | Norgate & Haque (2010),0.71 * ore_processed_t,,,,,,Au,4.476523630102041,1.0,mining,,,,,Doré,concentrate_economic,kg
ON-MAIN-6e9be24e,Open-pit and underground mining and beneficiation at Hemlo (Williams),"Open-pit, underground, concentrator",Free-milling,Material,Lime,,kg,Archetype inference (Extraction and recovery - Cyanidation) | Norgate & Haque (2010),2.2 * ore_processed_t,,,,,,Au,4.476523630102041,1.0,mining,,,,,Doré,concentrate_economic,kg
ON-MAIN-6e9be24e,Open-pit and underground mining and beneficiation at Hemlo (Williams),"Open-pit, underground, concentrator",Free-milling,Material,Sodium cyanide,,kg,Archetype inference (Extraction and recovery - Cyanidation) | Norgate & Haque (2010),0.64 * ore_processed_t,,,,,,Au,4.476523630102041,1.0,mining,,,,,Doré,concentrate_economic,kg
ON-MAIN-6e9be24e,Open-pit and underground mining and beneficiation at Hemlo (Williams),"Open-pit, underground, concentrator",Free-milling,Material,Activated carbon,,g,Archetype inference (Extraction and recovery - CIP) | Norgate & Haque (2010),24 * ore_processed_t,,,,,,Au,4.476523630102041,1.0,mining,,,,,Doré,concentrate_economic,kg
ON-MAIN-6e9be24e,Open-pit and underground mining and beneficiation at Hemlo (Williams),"Open-pit, underground, concentrator",Free-milling,Material,Hydrochloric acid,,g,Archetype inference (Extraction and recovery - CIP) | Norgate & Haque (2010),83 * ore_processed_t,,,,,,Au,4.476523630102041,1.0,mining,,,,,Doré,concentrate_economic,kg
ON-MAIN-8825d90d,Open-pit mining and beneficiation at Magino,"Open-pit, concentrator",Free-milling,Material,Grinding media,,kg,Archetype inference (Comminution) | Norgate & Haque (2010),0.71 * ore_processed_t,,,,,,Au,1.0473627551020408,1.0,mining,,,,,Doré,concentrate_economic,kg
ON-MAIN-8825d90d,Open-pit mining and beneficiation at Magino,"Open-pit, concentrator",Free-milling,Material,Lime,,kg,Archetype inference (Extraction and recovery - Cyanidation) | Norgate & Haque (2010),2.2 * ore_processed_t,,,,,,Au,1.0473627551020408,1.0,mining,,,,,Doré,concentrate_economic,kg
ON-MAIN-8825d90d,Open-pit mining and beneficiation at Magino,"Open-pit, concentrator",Free-milling,Material,Sodium cyanide,,kg,Archetype inference (Extraction and recovery - Cyanidation) | Norgate & Haque (2010),0.64 * ore_processed_t,,,,,,Au,1.0473627551020408,1.0,mining,,,,,Doré,concentrate_economic,kg
ON-MAIN-8825d90d,Open-pit mining and beneficiation at Magino,"Open-pit, concentrator",Free-milling,Material,Activated carbon,,g,Archetype inference (Extraction and recovery - CIP) | Norgate & Haque (2010),24 * ore_processed_t,,,,,,Au,1.0473627551020408,1.0,mining,,,,,Doré,concentrate_economic,kg
ON-MAIN-8825d90d,Open-pit mining and beneficiation at Magino,"Open-pit, concentrator",Free-milling,Material,Hydrochloric acid,,g,Archetype inference (Extraction and recovery - CIP) | Norgate & Haque (2010),83 * ore_processed_t,,,,,,Au,1.0473627551020408,1.0,mining,,,,,Doré,concentrate_economic,kg
ON-MAIN-aeafbb59,Open-pit mining and beneficiation at Detour Lake,"Open-pit, concentrator",Free-milling,Material,Grinding media,,kg,Archetype inference (Comminution) | Norgate & Haque (2010),0.71 * ore_processed_t,,,,,,Au,24.0082838377551,1.0,mining,,,,,Doré,concentrate_economic,kg
ON-MAIN-aeafbb59,Open-pit mining and beneficiation at Detour Lake,"Open-pit, concentrator",Free-milling,Material,Lime,,kg,Archetype inference (Extraction and recovery - Cyanidation) | Norgate & Haque (2010),2.2 * ore_processed_t,,,,,,Au,24.0082838377551,1.0,mining,,,,,Doré,concentrate_economic,kg
ON-MAIN-aeafbb59,Open-pit mining and beneficiation at Detour Lake,"Open-pit, concentrator",Free-milling,Material,Sodium cyanide,,kg,Archetype inference (Extraction and recovery - Cyanidation) | Norgate & Haque (2010),0.64 * ore_processed_t,,,,,,Au,24.0082838377551,1.0,mining,,,,,Doré,concentrate_economic,kg
ON-MAIN-aeafbb59,Open-pit mining and beneficiation at Detour Lake,"Open-pit, concentrator",Free-milling,Material,Activated carbon,,g,Archetype inference (Extraction and recovery - CIP) | Norgate & Haque (2010),24 * ore_processed_t,,,,,,Au,24.0082838377551,1.0,mining,,,,,Doré,concentrate_economic,kg
ON-MAIN-aeafbb59,Open-pit mining and beneficiation at Detour Lake,"Open-pit, concentrator",Free-milling,Material,Hydrochloric acid,,g,Archetype inference (Extraction and recovery - CIP) | Norgate & Haque (2010),83 * ore_processed_t,,,,,,Au,24.0082838377551,1.0,mining,,,,,Doré,concentrate_economic,kg
ON-MAIN-ed85ac94,and beneficiation at Strathcona,Concentrator,"Porphyry sulfide, flotation-based",Material,Anti-scalant,,kg,Archetype inference (nan) | MetalliCan,0.012 * ore_processed_t,,,,,,Ni,47062.5,1.0,mining,,,,,Ni concentrate,concentrate_economic,kg
ON-MAIN-ed85ac94,and beneficiation at Strathcona,Concentrator,"Porphyry sulfide, flotation-based",Material,Floculant,,kg,Archetype inference (nan) | MetalliCan,0.063 * ore_processed_t,,,,,,Ni,47062.5,1.0,mining,,,,,Ni concentrate,concentrate_economic,kg
ON-MAIN-ed85ac94,and beneficiation at Strathcona,Concentrator,"Porphyry sulfide, flotation-based",Material,Frother,,kg,Archetype inference (nan) | MetalliCan,0.018 * ore_processed_t,,,,,,Ni,47062.5,1.0,mining,,,,,Ni concentrate,concentrate_economic,kg
ON-MAIN-ed85ac94,and beneficiation at Strathcona,Concentrator,"Porphyry sulfide, flotation-based",Material,Grinding media,,kg,Archetype inference (nan) | MetalliCan,0.189 * ore_processed_t,,,,,,Ni,47062.5,1.0,mining,,,,,Ni concentrate,concentrate_economic,kg
ON-MAIN-ed85ac94,and beneficiation at Strathcona,Concentrator,"Porphyry sulfide, flotation-based",Material,Lime,,kg,Archetype inference (nan) | MetalliCan,0.889 * ore_processed_t,,,,,,Ni,47062.5,1.0,mining,,,,,Ni concentrate,concentrate_economic,kg
ON-MAIN-f080c409,Underground mining at Copper Cliff Complex (mine),Underground,"Porphyry sulfide, flotation-based",Material,Anti-scalant,,kg,Archetype inference (nan) | MetalliCan,0.012 * ore_processed_t,,,,,,Ni,54693.75,1.0,mining,,,,,Ni concentrate,concentrate_economic,kg
ON-MAIN-f080c409,Underground mining at Copper Cliff Complex (mine),Underground,"Porphyry sulfide, flotation-based",Material,Floculant,,kg,Archetype inference (nan) | MetalliCan,0.063 * ore_processed_t,,,,,,Ni,54693.75,1.0,mining,,,,,Ni concentrate,concentrate_economic,kg
ON-MAIN-f080c409,Underground mining at Copper Cliff Complex (mine),Underground,"Porphyry sulfide, flotation-based",Material,Frother,,kg,Archetype inference (nan) | MetalliCan,0.018 * ore_processed_t,,,,,,Ni,54693.75,1.0,mining,,,,,Ni concentrate,concentrate_economic,kg
ON-MAIN-f080c409,Underground mining at Copper Cliff Complex (mine),Underground,"Porphyry sulfide, flotation-based",Material,Grinding media,,kg,Archetype inference (nan) | MetalliCan,0.189 * ore_processed_t,,,,,,Ni,54693.75,1.0,mining,,,,,Ni concentrate,concentrate_economic,kg
ON-MAIN-f080c409,Underground mining at Copper Cliff Complex (mine),Underground,"Porphyry sulfide, flotation-based",Material,Lime,,kg,Archetype inference (nan) | MetalliCan,0.889 * ore_processed_t,,,,,,Ni,54693.75,1.0,mining,,,,,Ni concentrate,concentrate_economic,kg
ON-MAIN-f4fc3276,Underground mining and beneficiation at Sugar Zone,"Underground, concentrator",Free-milling,Material,Grinding media,,kg,Archetype inference (Comminution) | Norgate & Haque (2010),0.71 * ore_processed_t,,,,,,Au,1.2269695984693878,1.0,mining,,,,,Doré,concentrate_economic,kg
ON-MAIN-f4fc3276,Underground mining and beneficiation at Sugar Zone,"Underground, concentrator",Free-milling,Material,Lime,,kg,Archetype inference (Extraction and recovery - Cyanidation) | Norgate & Haque (2010),2.2 * ore_processed_t,,,,,,Au,1.2269695984693878,1.0,mining,,,,,Doré,concentrate_economic,kg
ON-MAIN-f4fc3276,Underground mining and beneficiation at Sugar Zone,"Underground, concentrator",Free-milling,Material,Sodium cyanide,,kg,Archetype inference (Extraction and recovery - Cyanidation) | Norgate & Haque (2010),0.64 * ore_processed_t,,,,,,Au,1.2269695984693878,1.0,mining,,,,,Doré,concentrate_economic,kg
ON-MAIN-f4fc3276,Underground mining and beneficiation at Sugar Zone,"Underground, concentrator",Free-milling,Material,Activated carbon,,g,Archetype inference (Extraction and recovery - CIP) | Norgate & Haque (2010),24 * ore_processed_t,,,,,,Au,1.2269695984693878,1.0,mining,,,,,Doré,concentrate_economic,kg
ON-MAIN-f4fc3276,Underground mining and beneficiation at Sugar Zone,"Underground, concentrator",Free-milling,Material,Hydrochloric acid,,g,Archetype inference (Extraction and recovery - CIP) | Norgate & Haque (2010),83 * ore_processed_t,,,,,,Au,1.2269695984693878,1.0,mining,,,,,Doré,concentrate_economic,kg
ON-MAIN-f8313ebd,Underground mining and beneficiation at Kidd Creek,"Underground, concentrator","Porphyry sulfide, flotation-based",Material,Anti-scalant,,kg,Archetype inference (nan) | MetalliCan,0.012 * ore_processed_t,,,,,,Cu,75333.33333333334,0.7230258878971872,mining,,,,,Cu concentrate,concentrate_economic,kg
ON-MAIN-f8313ebd,Underground mining and beneficiation at Kidd Creek,"Underground, concentrator","Porphyry sulfide, flotation-based",Material,Anti-scalant,,kg,Archetype inference (nan) | MetalliCan,0.012 * ore_processed_t,,,,,,Zn,77200.0,0.2769741121028128,mining,,,,,Zn concentrate,concentrate_economic,kg
ON-MAIN-f8313ebd,Underground mining and beneficiation at Kidd Creek,"Underground, concentrator","Porphyry sulfide, flotation-based",Material,Floculant,,kg,Archetype inference (nan) | MetalliCan,0.063 * ore_processed_t,,,,,,Cu,75333.33333333334,0.7230258878971872,mining,,,,,Cu concentrate,concentrate_economic,kg
ON-MAIN-f8313ebd,Underground mining and beneficiation at Kidd Creek,"Underground, concentrator","Porphyry sulfide, flotation-based",Material,Floculant,,kg,Archetype inference (nan) | MetalliCan,0.063 * ore_processed_t,,,,,,Zn,77200.0,0.2769741121028128,mining,,,,,Zn concentrate,concentrate_economic,kg
ON-MAIN-f8313ebd,Underground mining and beneficiation at Kidd Creek,"Underground, concentrator","Porphyry sulfide, flotation-based",Material,Frother,,kg,Archetype inference (nan) | MetalliCan,0.018 * ore_processed_t,,,,,,Cu,75333.33333333334,0.7230258878971872,mining,,,,,Cu concentrate,concentrate_economic,kg
ON-MAIN-f8313ebd,Underground mining and beneficiation at Kidd Creek,"Underground, concentrator","Porphyry sulfide, flotation-based",Material,Frother,,kg,Archetype inference (nan) | MetalliCan,0.018 * ore_processed_t,,,,,,Zn,77200.0,0.2769741121028128,mining,,,,,Zn concentrate,concentrate_economic,kg
ON-MAIN-f8313ebd,Underground mining and beneficiation at Kidd Creek,"Underground, concentrator","Porphyry sulfide, flotation-based",Material,Grinding media,,kg,Archetype inference (nan) | MetalliCan,0.189 * ore_processed_t,,,,,,Cu,75333.33333333334,0.7230258878971872,mining,,,,,Cu concentrate,concentrate_economic,kg
ON-MAIN-f8313ebd,Underground mining and beneficiation at Kidd Creek,"Underground, concentrator","Porphyry sulfide, flotation-based",Material,Grinding media,,kg,Archetype inference (nan) | MetalliCan,0.189 * ore_processed_t,,,,,,Zn,77200.0,0.2769741121028128,mining,,,,,Zn concentrate,concentrate_economic,kg
ON-MAIN-f8313ebd,Underground mining and beneficiation at Kidd Creek,"Underground, concentrator","Porphyry sulfide, flotation-based",Material,Lime,,kg,Archetype inference (nan) | MetalliCan,0.889 * ore_processed_t,,,,,,Cu,75333.33333333334,0.7230258878971872,mining,,,,,Cu concentrate,concentrate_economic,kg
ON-MAIN-f8313ebd,Underground mining and beneficiation at Kidd Creek,"Underground, concentrator","Porphyry sulfide, flotation-based",Material,Lime,,kg,Archetype inference (nan) | MetalliCan,0.889 * ore_processed_t,,,,,,Zn,77200.0,0.2769741121028128,mining,,,,,Zn concentrate,concentrate_economic,kg
QC-MAIN-5ce331b8,Open-pit and underground mining and beneficiation at Nunavik Nickel,"Open-pit, underground, concentrator","Porphyry sulfide, flotation-based",Material,Anti-scalant,,kg,Archetype inference (nan) | MetalliCan,0.012 * ore_processed_t,,,,,,Ni,363125.0,1.0,mining,,,,,Ni concentrate,concentrate_economic,kg
QC-MAIN-5ce331b8,Open-pit and underground mining and beneficiation at Nunavik Nickel,"Open-pit, underground, concentrator","Porphyry sulfide, flotation-based",Material,Floculant,,kg,Archetype inference (nan) | MetalliCan,0.063 * ore_processed_t,,,,,,Ni,363125.0,1.0,mining,,,,,Ni concentrate,concentrate_economic,kg
QC-MAIN-5ce331b8,Open-pit and underground mining and beneficiation at Nunavik Nickel,"Open-pit, underground, concentrator","Porphyry sulfide, flotation-based",Material,Frother,,kg,Archetype inference (nan) | MetalliCan,0.018 * ore_processed_t,,,,,,Ni,363125.0,1.0,mining,,,,,Ni concentrate,concentrate_economic,kg
QC-MAIN-5ce331b8,Open-pit and underground mining and beneficiation at Nunavik Nickel,"Open-pit, underground, concentrator","Porphyry sulfide, flotation-based",Material,Grinding media,,kg,Archetype inference (nan) | MetalliCan,0.189 * ore_processed_t,,,,,,Ni,363125.0,1.0,mining,,,,,Ni concentrate,concentrate_economic,kg
QC-MAIN-5ce331b8,Open-pit and underground mining and beneficiation at Nunavik Nickel,"Open-pit, underground, concentrator","Porphyry sulfide, flotation-based",Material,Lime,,kg,Archetype inference (nan) | MetalliCan,0.889 * ore_processed_t,,,,,,Ni,363125.0,1.0,mining,,,,,Ni concentrate,concentrate_economic,kg
QC-MAIN-a97821c0,Underground mining and beneficiation at Raglan,"Underground, concentrator","Porphyry sulfide, flotation-based",Material,Anti-scalant,,kg,Archetype inference (nan) | MetalliCan,0.012 * ore_processed_t,,,,,,Ni,151450.0,1.0,mining,,,,,Ni concentrate,concentrate_economic,kg
QC-MAIN-a97821c0,Underground mining and beneficiation at Raglan,"Underground, concentrator","Porphyry sulfide, flotation-based",Material,Floculant,,kg,Archetype inference (nan) | MetalliCan,0.063 * ore_processed_t,,,,,,Ni,151450.0,1.0,mining,,,,,Ni concentrate,concentrate_economic,kg
QC-MAIN-a97821c0,Underground mining and beneficiation at Raglan,"Underground, concentrator","Porphyry sulfide, flotation-based",Material,Frother,,kg,Archetype inference (nan) | MetalliCan,0.018 * ore_processed_t,,,,,,Ni,151450.0,1.0,mining,,,,,Ni concentrate,concentrate_economic,kg
QC-MAIN-a97821c0,Underground mining and beneficiation at Raglan,"Underground, concentrator","Porphyry sulfide, flotation-based",Material,Grinding media,,kg,Archetype inference (nan) | MetalliCan,0.189 * ore_processed_t,,,,,,Ni,151450.0,1.0,mining,,,,,Ni concentrate,concentrate_economic,kg
QC-MAIN-a97821c0,Underground mining and beneficiation at Raglan,"Underground, concentrator","Porphyry sulfide, flotation-based",Material,Lime,,kg,Archetype inference (nan) | MetalliCan,0.889 * ore_processed_t,,,,,,Ni,151450.0,1.0,mining,,,,,Ni concentrate,concentrate_economic,kg
QC-MAIN-c0660aec,Underground mining and beneficiation at Goldex,"Underground, concentrator",Free-milling,Material,Grinding media,,kg,Archetype inference (Comminution) | Norgate & Haque (2010),0.71 * ore_processed_t,,,,,,Cu,130.12252666666666,0.003859237362487364,mining,,,,,Cu concentrate,concentrate_economic,kg
QC-MAIN-c0660aec,Underground mining and beneficiation at Goldex,"Underground, concentrator",Free-milling,Material,Grinding media,,kg,Archetype inference (Comminution) | Norgate & Haque (2010),0.71 * ore_processed_t,,,,,,Au,4.474542118316694,0.9961407626375127,mining,,,,,Doré,concentrate_economic,kg
QC-MAIN-c0660aec,Underground mining and beneficiation at Goldex,"Underground, concentrator",Free-milling,Material,Lime,,kg,Archetype inference (Extraction and recovery - Cyanidation) | Norgate & Haque (2010),2.2 * ore_processed_t,,,,,,Cu,130.12252666666666,0.003859237362487364,mining,,,,,Cu concentrate,concentrate_economic,kg
QC-MAIN-c0660aec,Underground mining and beneficiation at Goldex,"Underground, concentrator",Free-milling,Material,Lime,,kg,Archetype inference (Extraction and recovery - Cyanidation) | Norgate & Haque (2010),2.2 * ore_processed_t,,,,,,Au,4.474542118316694,0.9961407626375127,mining,,,,,Doré,concentrate_economic,kg
QC-MAIN-c0660aec,Underground mining and beneficiation at Goldex,"Underground, concentrator",Free-milling,Material,Sodium cyanide,,kg,Archetype inference (Extraction and recovery - Cyanidation) | Norgate & Haque (2010),0.64 * ore_processed_t,,,,,,Cu,130.12252666666666,0.003859237362487364,mining,,,,,Cu concentrate,concentrate_economic,kg
QC-MAIN-c0660aec,Underground mining and beneficiation at Goldex,"Underground, concentrator",Free-milling,Material,Sodium cyanide,,kg,Archetype inference (Extraction and recovery - Cyanidation) | Norgate & Haque (2010),0.64 * ore_processed_t,,,,,,Au,4.474542118316694,0.9961407626375127,mining,,,,,Doré,concentrate_economic,kg
QC-MAIN-c0660aec,Underground mining and beneficiation at Goldex,"Underground, concentrator",Free-milling,Material,Activated carbon,,g,Archetype inference (Extraction and recovery - CIP) | Norgate & Haque (2010),24 * ore_processed_t,,,,,,Cu,130.12252666666666,0.003859237362487364,mining,,,,,Cu concentrate,concentrate_economic,kg
QC-MAIN-c0660aec,Underground mining and beneficiation at Goldex,"Underground, concentrator",Free-milling,Material,Activated carbon,,g,Archetype inference (Extraction and recovery - CIP) | Norgate & Haque (2010),24 * ore_processed_t,,,,,,Au,4.474542118316694,0.9961407626375127,mining,,,,,Doré,concentrate_economic,kg
QC-MAIN-c0660aec,Underground mining and beneficiation at Goldex,"Underground, concentrator",Free-milling,Material,Hydrochloric acid,,g,Archetype inference (Extraction and recovery - CIP) | Norgate & Haque (2010),83 * ore_processed_t,,,,,,Cu,130.12252666666666,0.003859237362487364,mining,,,,,Cu concentrate,concentrate_economic,kg
QC-MAIN-c0660aec,Underground mining and beneficiation at Goldex,"Underground, concentrator",Free-milling,Material,Hydrochloric acid,,g,Archetype inference (Extraction and recovery - CIP) | Norgate & Haque (2010),83 * ore_processed_t,,,,,,Au,4.474542118316694,0.9961407626375127,mining,,,,,Doré,concentrate_economic,kg
QC-MAIN-e51eda66,Underground mining and beneficiation at LaRonde,"Underground, concentrator","Porphyry sulfide, flotation-based",Material,Anti-scalant,,kg,Archetype inference (nan) | MetalliCan,0.012 * ore_processed_t,,,,,,Cu,8593.20125,0.09772240804218515,mining,,,,,Cu concentrate,concentrate_economic,kg
QC-MAIN-e51eda66,Underground mining and beneficiation at LaRonde,"Underground, concentrator","Porphyry sulfide, flotation-based",Material,Anti-scalant,,kg,Archetype inference (nan) | MetalliCan,0.012 * ore_processed_t,,,,,,Zn,15404.877034,0.06548662801881933,mining,,,,,Zn concentrate,concentrate_economic,kg
QC-MAIN-e51eda66,Underground mining and beneficiation at LaRonde,"Underground, concentrator","Porphyry sulfide, flotation-based",Material,Anti-scalant,,kg,Archetype inference (nan) | MetalliCan,0.012 * ore_processed_t,,,,,,Au,9.802902790306113,0.8367909639389955,mining,,,,,Doré,concentrate_economic,kg
QC-MAIN-e51eda66,Underground mining and beneficiation at LaRonde,"Underground, concentrator","Porphyry sulfide, flotation-based",Material,Floculant,,kg,Archetype inference (nan) | MetalliCan,0.063 * ore_processed_t,,,,,,Cu,8593.20125,0.09772240804218515,mining,,,,,Cu concentrate,concentrate_economic,kg
QC-MAIN-e51eda66,Underground mining and beneficiation at LaRonde,"Underground, concentrator","Porphyry sulfide, flotation-based",Material,Floculant,,kg,Archetype inference (nan) | MetalliCan,0.063 * ore_processed_t,,,,,,Zn,15404.877034,0.06548662801881933,mining,,,,,Zn concentrate,concentrate_economic,kg
QC-MAIN-e51eda66,Underground mining and beneficiation at LaRonde,"Underground, concentrator","Porphyry sulfide, flotation-based",Material,Floculant,,kg,Archetype inference (nan) | MetalliCan,0.063 * ore_processed_t,,,,,,Au,9.802902790306113,0.8367909639389955,mining,,,,,Doré,concentrate_economic,kg
QC-MAIN-e51eda66,Underground mining and beneficiation at LaRonde,"Underground, concentrator","Porphyry sulfide, flotation-based",Material,Frother,,kg,Archetype inference (nan) | MetalliCan,0.018 * ore_processed_t,,,,,,Cu,8593.20125,0.09772240804218515,mining,,,,,Cu concentrate,concentrate_economic,kg
QC-MAIN-e51eda66,Underground mining and beneficiation at LaRonde,"Underground, concentrator","Porphyry sulfide, flotation-based",Material,Frother,,kg,Archetype inference (nan) | MetalliCan,0.018 * ore_processed_t,,,,,,Zn,15404.877034,0.06548662801881933,mining,,,,,Zn concentrate,concentrate_economic,kg
QC-MAIN-e51eda66,Underground mining and beneficiation at LaRonde,"Underground, concentrator","Porphyry sulfide, flotation-based",Material,Frother,,kg,Archetype inference (nan) | MetalliCan,0.018 * ore_processed_t,,,,,,Au,9.802902790306113,0.8367909639389955,mining,,,,,Doré,concentrate_economic,kg
QC-MAIN-e51eda66,Underground mining and beneficiation at LaRonde,"Underground, concentrator","Porphyry sulfide, flotation-based",Material,Grinding media,,kg,Archetype inference (nan) | MetalliCan,0.189 * ore_processed_t,,,,,,Cu,8593.20125,0.09772240804218515,mining,,,,,Cu concentrate,concentrate_economic,kg
QC-MAIN-e51eda66,Underground mining and beneficiation at LaRonde,"Underground, concentrator","Porphyry sulfide, flotation-based",Material,Grinding media,,kg,Archetype inference (nan) | MetalliCan,0.189 * ore_processed_t,,,,,,Zn,15404.877034,0.06548662801881933,mining,,,,,Zn concentrate,concentrate_economic,kg
QC-MAIN-e51eda66,Underground mining and beneficiation at LaRonde,"Underground, concentrator","Porphyry sulfide, flotation-based",Material,Grinding media,,kg,Archetype inference (nan) | MetalliCan,0.189 * ore_processed_t,,,,,,Au,9.802902790306113,0.8367909639389955,mining,,,,,Doré,concentrate_economic,kg
QC-MAIN-e51eda66,Underground mining and beneficiation at LaRonde,"Underground, concentrator","Porphyry sulfide, flotation-based",Material,Lime,,kg,Archetype inference (nan) | MetalliCan,0.889 * ore_processed_t,,,,,,Cu,8593.20125,0.09772240804218515,mining,,,,,Cu concentrate,concentrate_economic,kg
QC-MAIN-e51eda66,Underground mining and beneficiation at LaRonde,"Underground, concentrator","Porphyry sulfide, flotation-based",Material,Lime,,kg,Archetype inference (nan) | MetalliCan,0.889 * ore_processed_t,,,,,,Zn,15404.877034,0.06548662801881933,mining,,,,,Zn concentrate,concentrate_economic,kg
QC-MAIN-e51eda66,Underground mining and beneficiation at LaRonde,"Underground, concentrator","Porphyry sulfide, flotation-based",Material,Lime,,kg,Archetype inference (nan) | MetalliCan,0.889 * ore_processed_t,,,,,,Au,9.802902790306113,0.8367909639389955,mining,,,,,Doré,concentrate_economic,kg
QC-MAIN-f9e41c2a,Underground mining and beneficiation at Lamaque,"Underground, concentrator",Free-milling,Material,Grinding media,,kg,Archetype inference (Comminution) | Norgate & Haque (2010),0.71 * ore_processed_t,,,,,,Au,7.932820721938775,1.0,mining,,,,,Doré,concentrate_economic,kg
QC-MAIN-f9e41c2a,Underground mining and beneficiation at Lamaque,"Underground, concentrator",Free-milling,Material,Lime,,kg,Archetype inference (Extraction and recovery - Cyanidation) | Norgate & Haque (2010),2.2 * ore_processed_t,,,,,,Au,7.932820721938775,1.0,mining,,,,,Doré,concentrate_economic,kg
QC-MAIN-f9e41c2a,Underground mining and beneficiation at Lamaque,"Underground, concentrator",Free-milling,Material,Sodium cyanide,,kg,Archetype inference (Extraction and recovery - Cyanidation) | Norgate & Haque (2010),0.64 * ore_processed_t,,,,,,Au,7.932820721938775,1.0,mining,,,,,Doré,concentrate_economic,kg
QC-MAIN-f9e41c2a,Underground mining and beneficiation at Lamaque,"Underground, concentrator",Free-milling,Material,Activated carbon,,g,Archetype inference (Extraction and recovery - CIP) | Norgate & Haque (2010),24 * ore_processed_t,,,,,,Au,7.932820721938775,1.0,mining,,,,,Doré,concentrate_economic,kg
QC-MAIN-f9e41c2a,Underground mining and beneficiation at Lamaque,"Underground, concentrator",Free-milling,Material,Hydrochloric acid,,g,Archetype inference (Extraction and recovery - CIP) | Norgate & Haque (2010),83 * ore_processed_t,,,,,,Au,7.932820721938775,1.0,mining,,,,,Doré,concentrate_economic,kg
GRP-0a2c0d69,Open-pit and underground mining at Meadowbank complex,"Open-pit, underground",Free-milling,Material,Grinding media,,kg,Archetype inference (Comminution) | Norgate & Haque (2010),0.71 * ore_processed_t,,,,,,Au,17.66760135719143,1.0,mining,,,,,Doré,concentrate_economic,kg
GRP-0a2c0d69,Open-pit and underground mining at Meadowbank complex,"Open-pit, underground",Free-milling,Material,Lime,,kg,Archetype inference (Extraction and recovery - Cyanidation) | Norgate & Haque (2010),2.2 * ore_processed_t,,,,,,Au,17.66760135719143,1.0,mining,,,,,Doré,concentrate_economic,kg
GRP-0a2c0d69,Open-pit and underground mining at Meadowbank complex,"Open-pit, underground",Free-milling,Material,Sodium cyanide,,kg,Archetype inference (Extraction and recovery - Cyanidation) | Norgate & Haque (2010),0.64 * ore_processed_t,,,,,,Au,17.66760135719143,1.0,mining,,,,,Doré,concentrate_economic,kg
GRP-0a2c0d69,Open-pit and underground mining at Meadowbank complex,"Open-pit, underground",Free-milling,Material,Activated carbon,,g,Archetype inference (Extraction and recovery - CIP) | Norgate & Haque (2010),24 * ore_processed_t,,,,,,Au,17.66760135719143,1.0,mining,,,,,Doré,concentrate_economic,kg
GRP-0a2c0d69,Open-pit and underground mining at Meadowbank complex,"Open-pit, underground",Free-milling,Material,Hydrochloric acid,,g,Archetype inference (Extraction and recovery - CIP) | Norgate & Haque (2010),83 * ore_processed_t,,,,,,Au,17.66760135719143,1.0,mining,,,,,Doré,concentrate_economic,kg
GRP-147b3123,Underground mining and beneficiation at Timmins Operation,"Underground, concentrator",Free-milling,Material,Grinding media,,kg,Archetype inference (Comminution) | Norgate & Haque (2010),0.71 * ore_processed_t,,,,,,Au,4.218015459183674,1.0,mining,,,,,Doré,concentrate_economic,kg
GRP-147b3123,Underground mining and beneficiation at Timmins Operation,"Underground, concentrator",Free-milling,Material,Lime,,kg,Archetype inference (Extraction and recovery - Cyanidation) | Norgate & Haque (2010),2.2 * ore_processed_t,,,,,,Au,4.218015459183674,1.0,mining,,,,,Doré,concentrate_economic,kg
GRP-147b3123,Underground mining and beneficiation at Timmins Operation,"Underground, concentrator",Free-milling,Material,Sodium cyanide,,kg,Archetype inference (Extraction and recovery - Cyanidation) | Norgate & Haque (2010),0.64 * ore_processed_t,,,,,,Au,4.218015459183674,1.0,mining,,,,,Doré,concentrate_economic,kg
GRP-147b3123,Underground mining and beneficiation at Timmins Operation,"Underground, concentrator",Free-milling,Material,Activated carbon,,g,Archetype inference (Extraction and recovery - CIP) | Norgate & Haque (2010),24 * ore_processed_t,,,,,,Au,4.218015459183674,1.0,mining,,,,,Doré,concentrate_economic,kg
GRP-147b3123,Underground mining and beneficiation at Timmins Operation,"Underground, concentrator",Free-milling,Material,Hydrochloric acid,,g,Archetype inference (Extraction and recovery - CIP) | Norgate & Haque (2010),83 * ore_processed_t,,,,,,Au,4.218015459183674,1.0,mining,,,,,Doré,concentrate_economic,kg
GRP-14bfbb82,Underground mining and beneficiation at Seabee Gold Operation,"Underground, concentrator",Free-milling,Material,Grinding media,,kg,Archetype inference (Comminution) | Norgate & Haque (2010),0.71 * ore_processed_t,,,,,,Au,1.2300799484693878,1.0,mining,,,,,Doré,concentrate_economic,kg
GRP-14bfbb82,Underground mining and beneficiation at Seabee Gold Operation,"Underground, concentrator",Free-milling,Material,Lime,,kg,Archetype inference (Extraction and recovery - Cyanidation) | Norgate & Haque (2010),2.2 * ore_processed_t,,,,,,Au,1.2300799484693878,1.0,mining,,,,,Doré,concentrate_economic,kg
GRP-14bfbb82,Underground mining and beneficiation at Seabee Gold Operation,"Underground, concentrator",Free-milling,Material,Sodium cyanide,,kg,Archetype inference (Extraction and recovery - Cyanidation) | Norgate & Haque (2010),0.64 * ore_processed_t,,,,,,Au,1.2300799484693878,1.0,mining,,,,,Doré,concentrate_economic,kg
GRP-14bfbb82,Underground mining and beneficiation at Seabee Gold Operation,"Underground, concentrator",Free-milling,Material,Activated carbon,,g,Archetype inference (Extraction and recovery - CIP) | Norgate & Haque (2010),24 * ore_processed_t,,,,,,Au,1.2300799484693878,1.0,mining,,,,,Doré,concentrate_economic,kg
GRP-14bfbb82,Underground mining and beneficiation at Seabee Gold Operation,"Underground, concentrator",Free-milling,Material,Hydrochloric acid,,g,Archetype inference (Extraction and recovery - CIP) | Norgate & Haque (2010),83 * ore_processed_t,,,,,,Au,1.2300799484693878,1.0,mining,,,,,Doré,concentrate_economic,kg
GRP-a13779f8,Underground mining and beneficiation at Snow Lake,"Underground, concentrator",Free-milling,Material,Grinding media,,kg,Archetype inference (Comminution) | Norgate & Haque (2010),0.71 * ore_processed_t,,,,,,Cu,40513.333333333336,0.12903991169620735,mining,,,,,Cu concentrate,concentrate_economic,kg
GRP-a13779f8,Underground mining and beneficiation at Snow Lake,"Underground, concentrator",Free-milling,Material,Grinding media,,kg,Archetype inference (Comminution) | Norgate & Haque (2010),0.71 * ore_processed_t,,,,,,Zn,69284.0,0.08249245877008354,mining,,,,,Zn concentrate,concentrate_economic,kg
GRP-a13779f8,Underground mining and beneficiation at Snow Lake,"Underground, concentrator",Free-milling,Material,Grinding media,,kg,Archetype inference (Comminution) | Norgate & Haque (2010),0.71 * ore_processed_t,,,,,,Au,32.97878714387755,0.7884676295337092,mining,,,,,Doré,concentrate_economic,kg
GRP-a13779f8,Underground mining and beneficiation at Snow Lake,"Underground, concentrator",Free-milling,Material,Lime,,kg,Archetype inference (Extraction and recovery - Cyanidation) | Norgate & Haque (2010),2.2 * ore_processed_t,,,,,,Cu,40513.333333333336,0.12903991169620735,mining,,,,,Cu concentrate,concentrate_economic,kg
GRP-a13779f8,Underground mining and beneficiation at Snow Lake,"Underground, concentrator",Free-milling,Material,Lime,,kg,Archetype inference (Extraction and recovery - Cyanidation) | Norgate & Haque (2010),2.2 * ore_processed_t,,,,,,Zn,69284.0,0.08249245877008354,mining,,,,,Zn concentrate,concentrate_economic,kg
GRP-a13779f8,Underground mining and beneficiation at Snow Lake,"Underground, concentrator",Free-milling,Material,Lime,,kg,Archetype inference (Extraction and recovery - Cyanidation) | Norgate & Haque (2010),2.2 * ore_processed_t,,,,,,Au,32.97878714387755,0.7884676295337092,mining,,,,,Doré,concentrate_economic,kg
GRP-a13779f8,Underground mining and beneficiation at Snow Lake,"Underground, concentrator",Free-milling,Material,Sodium cyanide,,kg,Archetype inference (Extraction and recovery - Cyanidation) | Norgate & Haque (2010),0.64 * ore_processed_t,,,,,,Cu,40513.333333333336,0.12903991169620735,mining,,,,,Cu concentrate,concentrate_economic,kg
GRP-a13779f8,Underground mining and beneficiation at Snow Lake,"Underground, concentrator",Free-milling,Material,Sodium cyanide,,kg,Archetype inference (Extraction and recovery - Cyanidation) | Norgate & Haque (2010),0.64 * ore_processed_t,,,,,,Zn,69284.0,0.08249245877008354,mining,,,,,Zn concentrate,concentrate_economic,kg
GRP-a13779f8,Underground mining and beneficiation at Snow Lake,"Underground, concentrator",Free-milling,Material,Sodium cyanide,,kg,Archetype inference (Extraction and recovery - Cyanidation) | Norgate & Haque (2010),0.64 * ore_processed_t,,,,,,Au,32.97878714387755,0.7884676295337092,mining,,,,,Doré,concentrate_economic,kg
GRP-a13779f8,Underground mining and beneficiation at Snow Lake,"Underground, concentrator",Free-milling,Material,Activated carbon,,g,Archetype inference (Extraction and recovery - CIP) | Norgate & Haque (2010),24 * ore_processed_t,,,,,,Cu,40513.333333333336,0.12903991169620735,mining,,,,,Cu concentrate,concentrate_economic,kg
GRP-a13779f8,Underground mining and beneficiation at Snow Lake,"Underground, concentrator",Free-milling,Material,Activated carbon,,g,Archetype inference (Extraction and recovery - CIP) | Norgate & Haque (2010),24 * ore_processed_t,,,,,,Zn,69284.0,0.08249245877008354,mining,,,,,Zn concentrate,concentrate_economic,kg
GRP-a13779f8,Underground mining and beneficiation at Snow Lake,"Underground, concentrator",Free-milling,Material,Activated carbon,,g,Archetype inference (Extraction and recovery - CIP) | Norgate & Haque (2010),24 * ore_processed_t,,,,,,Au,32.97878714387755,0.7884676295337092,mining,,,,,Doré,concentrate_economic,kg
GRP-a13779f8,Underground mining and beneficiation at Snow Lake,"Underground, concentrator",Free-milling,Material,Hydrochloric acid,,g,Archetype inference (Extraction and recovery - CIP) | Norgate & Haque (2010),83 * ore_processed_t,,,,,,Cu,40513.333333333336,0.12903991169620735,mining,,,,,Cu concentrate,concentrate_economic,kg
GRP-a13779f8,Underground mining and beneficiation at Snow Lake,"Underground, concentrator",Free-milling,Material,Hydrochloric acid,,g,Archetype inference (Extraction and recovery - CIP) | Norgate & Haque (2010),83 * ore_processed_t,,,,,,Zn,69284.0,0.08249245877008354,mining,,,,,Zn concentrate,concentrate_economic,kg
GRP-a13779f8,Underground mining and beneficiation at Snow Lake,"Underground, concentrator",Free-milling,Material,Hydrochloric acid,,g,Archetype inference (Extraction and recovery - CIP) | Norgate & Haque (2010),83 * ore_processed_t,,,,,,Au,32.97878714387755,0.7884676295337092,mining,,,,,Doré,concentrate_economic,kg
BC-MAIN-857b7b89,Underground mining and beneficiation at Brucejack,"Underground, concentrator",Hybrid free-milling-refactory,Material,Cement (backfilling),,kg,Inference | Cement backfilling | underground | 5-50 kg/t ore,"ore_processed_t * Uniform(5, 50)",ore_processed_t,"Uniform(5, 50)",830000.0,4565000.0,8300000.0,Au,0.920409693877551,1.0,mining,,901.7723362987756,4959.747849643266,9017.723362987756,Doré,concentrate_economic,kg
MB-MAIN-e0a6250e,Open-pit and underground mining and beneficiation at Thompson (T-1 and T-3),"Open-pit, underground, concentrator","Porphyry sulfide, flotation-based",Material,Cement (backfilling),,kg,Inference | Cement backfilling | underground | 5-50 kg/t ore,"ore_processed_t * Uniform(5, 50)",ore_processed_t,"Uniform(5, 50)",2323529.4117647046,12779411.764705876,23235294.117647048,Ni,49375.0,1.0,mining,,0.047058823529411736,0.25882352941176456,0.4705882352941175,Ni concentrate,concentrate_economic,kg
NL-MAIN-2d8801d6,Open-pit and underground mining and beneficiation at Voisey’s Bay,"Open-pit, underground, concentrator","Porphyry sulfide, flotation-based",Material,Cement (backfilling),,kg,Inference | Cement backfilling | underground | 5-50 kg/t ore,"ore_processed_t * Uniform(5, 50)",ore_processed_t,"Uniform(5, 50)",3970588.2352941153,21838235.294117633,39705882.35294115,Ni,84375.0,1.0,mining,,0.047058823529411736,0.2588235294117645,0.4705882352941173,Ni concentrate,concentrate_economic,kg
NU-MAIN-8b0264c9,Open-pit and underground mining and beneficiation at Meliadine,"Open-pit, underground, concentrator",Free-milling,Material,Cement (backfilling),,kg,Inference | Cement backfilling | underground | 5-50 kg/t ore,"ore_processed_t * Uniform(5, 50)",ore_processed_t,"Uniform(5, 50)",9590715.0,52748932.5,95907150.0,Au,12.41413683010194,1.0,mining,,772.563983405139,4249.101908728264,7725.639834051391,Doré,concentrate_economic,kg
ON-MAIN-1f126a43,Underground mining and beneficiation at Macassa,"Underground, concentrator",Free-milling,Material,Cement (backfilling),,kg,Inference | Cement backfilling | underground | 5-50 kg/t ore,"ore_processed_t * Uniform(5, 50)",ore_processed_t,"Uniform(5, 50)",2207940.0,12143670.0,22079400.0,Au,7.253304461734694,1.0,mining,,304.4047043176168,1674.2258737468921,3044.047043176168,Doré,concentrate_economic,kg
ON-MAIN-28f3f0fc,Underground mining at Totten,Underground,"Porphyry sulfide, flotation-based",Material,Cement (backfilling),,kg,Inference | Cement backfilling | underground | 5-50 kg/t ore,"ore_processed_t * Uniform(5, 50)",ore_processed_t,"Uniform(5, 50)",2070000.0,11385000.0,20700000.0,Ni,39587.5,1.0,mining,,0.05228923271234607,0.2875907799179034,0.5228923271234607,Ni concentrate,concentrate_economic,kg
ON-MAIN-48fe2205,Underground mining at Garson,Underground,"Porphyry sulfide, flotation-based",Material,Cement (backfilling),,kg,Inference | Cement backfilling | underground | 5-50 kg/t ore,"ore_processed_t * Uniform(5, 50)",ore_processed_t,"Uniform(5, 50)",3080000.0,16940000.0,30800000.0,Ni,49662.5,1.0,mining,,0.062018625723634535,0.3411024414799899,0.6201862572363454,Ni concentrate,concentrate_economic,kg
ON-MAIN-4e0734b5,Open-pit and underground mining and beneficiation at Fox Complex,"Open-pit, underground, concentrator",Free-milling,Material,Cement (backfilling),,kg,Inference | Cement backfilling | underground | 5-50 kg/t ore,"ore_processed_t * Uniform(5, 50)",ore_processed_t,"Uniform(5, 50)",2285000.0,12567500.0,22850000.0,Au,1.453612551020408,1.0,mining,,1571.9457006586617,8645.70135362264,15719.457006586617,Doré,concentrate_economic,kg
ON-MAIN-52224e1e,Underground mining at Creighton,Underground,"Porphyry sulfide, flotation-based",Material,Cement (backfilling),,kg,Inference | Cement backfilling | underground | 5-50 kg/t ore,"ore_processed_t * Uniform(5, 50)",ore_processed_t,"Uniform(5, 50)",2165000.0,11907500.0,21650000.0,Ni,70900.0,1.0,mining,,0.030535966149506346,0.1679478138222849,0.30535966149506344,Ni concentrate,concentrate_economic,kg
ON-MAIN-6e9be24e,Open-pit and underground mining and beneficiation at Hemlo (Williams),"Open-pit, underground, concentrator",Free-milling,Material,Cement (backfilling),,kg,Inference | Cement backfilling | underground | 5-50 kg/t ore,"ore_processed_t * Uniform(5, 50)",ore_processed_t,"Uniform(5, 50)",6330045.0,34815247.5,63300450.0,Au,4.476523630102041,1.0,mining,,1414.0537441674821,7777.295592921152,14140.537441674822,Doré,concentrate_economic,kg
ON-MAIN-7f050560,Underground mining and beneficiation at Red Lake,"Underground, concentrator",Hybrid free-milling-refactory,Material,Cement (backfilling),,kg,Inference | Cement backfilling | underground | 5-50 kg/t ore,"ore_processed_t * Uniform(5, 50)",ore_processed_t,"Uniform(5, 50)",4205000.0,23127500.0,42050000.0,Au,3.5769025,1.0,mining,,1175.5981606990965,6465.78988384503,11755.981606990965,Doré,concentrate_economic,kg
ON-MAIN-f080c409,Underground mining at Copper Cliff Complex (mine),Underground,"Porphyry sulfide, flotation-based",Material,Cement (backfilling),,kg,Inference | Cement backfilling | underground | 5-50 kg/t ore,"ore_processed_t * Uniform(5, 50)",ore_processed_t,"Uniform(5, 50)",3740000.0,20570000.0,37400000.0,Ni,54693.75,1.0,mining,,0.06838075648497315,0.3760941606673523,0.6838075648497314,Ni concentrate,concentrate_economic,kg
ON-MAIN-f4fc3276,Underground mining and beneficiation at Sugar Zone,"Underground, concentrator",Free-milling,Material,Cement (backfilling),,kg,Inference | Cement backfilling | underground | 5-50 kg/t ore,"ore_processed_t * Uniform(5, 50)",ore_processed_t,"Uniform(5, 50)",1173355.0,6453452.5,11733550.0,Au,1.2269695984693878,1.0,mining,,956.3032380457751,5259.667809251763,9563.032380457751,Doré,concentrate_economic,kg
ON-MAIN-f8313ebd,Underground mining and beneficiation at Kidd Creek,"Underground, concentrator","Porphyry sulfide, flotation-based",Material,Cement (backfilling),,kg,Inference | Cement backfilling | underground | 5-50 kg/t ore,"ore_processed_t * Uniform(5, 50)",ore_processed_t,"Uniform(5, 50)",6700000.0,36850000.0,67000000.0,Cu,75333.33333333334,0.7230258878971872,mining,,0.06430451480855515,0.35367483144705325,0.6430451480855515,Cu concentrate,concentrate_economic,kg
ON-MAIN-f8313ebd,Underground mining and beneficiation at Kidd Creek,"Underground, concentrator","Porphyry sulfide, flotation-based",Material,Cement (backfilling),,kg,Inference | Cement backfilling | underground | 5-50 kg/t ore,"ore_processed_t * Uniform(5, 50)",ore_processed_t,"Uniform(5, 50)",6700000.0,36850000.0,67000000.0,Zn,77200.0,0.2769741121028128,mining,,0.024037908692860696,0.13220849781073382,0.24037908692860696,Zn concentrate,concentrate_economic,kg
QC-MAIN-5ce331b8,Open-pit and underground mining and beneficiation at Nunavik Nickel,"Open-pit, underground, concentrator","Porphyry sulfide, flotation-based",Material,Cement (backfilling),,kg,Inference | Cement backfilling | underground | 5-50 kg/t ore,"ore_processed_t * Uniform(5, 50)",ore_processed_t,"Uniform(5, 50)",5411764.70588235,29764705.882352922,54117647.058823496,Ni,363125.0,1.0,mining,,0.014903310721879105,0.08196820897033506,0.14903310721879104,Ni concentrate,concentrate_economic,kg
QC-MAIN-a555d9b9,Underground mining and beneficiation at Niobec,"Underground, concentrator",Nb mine,Material,Cement (backfilling),,kg,Inference | Cement backfilling | underground | 5-50 kg/t ore,"ore_processed_t * Uniform(5, 50)",ore_processed_t,"Uniform(5, 50)",11000000.0,60500000.0,110000000.0,Nb,113.25775862068966,,mining,,,,,Nb concentrate,concentrate_economic,kg
QC-MAIN-a97821c0,Underground mining and beneficiation at Raglan,"Underground, concentrator","Porphyry sulfide, flotation-based",Material,Cement (backfilling),,kg,Inference | Cement backfilling | underground | 5-50 kg/t ore,"ore_processed_t * Uniform(5, 50)",ore_processed_t,"Uniform(5, 50)",7500000.0,41250000.0,75000000.0,Ni,151450.0,1.0,mining,,0.04952129415648729,0.2723671178606801,0.4952129415648729,Ni concentrate,concentrate_economic,kg
QC-MAIN-c0660aec,Underground mining and beneficiation at Goldex,"Underground, concentrator",Free-milling,Material,Cement (backfilling),,kg,Inference | Cement backfilling | underground | 5-50 kg/t ore,"ore_processed_t * Uniform(5, 50)",ore_processed_t,"Uniform(5, 50)",14434636.643620001,79390501.53991,144346366.4362,Cu,130.12252666666666,0.003859237362487364,mining,,0.4281094939978431,2.354602216988137,4.281094939978431,Cu concentrate,concentrate_economic,kg
QC-MAIN-c0660aec,Underground mining and beneficiation at Goldex,"Underground, concentrator",Free-milling,Material,Cement (backfilling),,kg,Inference | Cement backfilling | underground | 5-50 kg/t ore,"ore_processed_t * Uniform(5, 50)",ore_processed_t,"Uniform(5, 50)",14434636.643620001,79390501.53991,144346366.4362,Au,4.474542118316694,0.9961407626375127,mining,,3213.497509769852,17674.236303734186,32134.97509769852,Doré,concentrate_economic,kg
QC-MAIN-e51eda66,Underground mining and beneficiation at LaRonde,"Underground, concentrator","Porphyry sulfide, flotation-based",Material,Cement (backfilling),,kg,Inference | Cement backfilling | underground | 5-50 kg/t ore,"ore_processed_t * Uniform(5, 50)",ore_processed_t,"Uniform(5, 50)",7507500.0,41291250.0,75075000.0,Cu,8593.20125,0.09772240804218515,mining,,0.08537574729518933,0.46956661012354123,0.8537574729518932,Cu concentrate,concentrate_economic,kg
QC-MAIN-e51eda66,Underground mining and beneficiation at LaRonde,"Underground, concentrator","Porphyry sulfide, flotation-based",Material,Cement (backfilling),,kg,Inference | Cement backfilling | underground | 5-50 kg/t ore,"ore_processed_t * Uniform(5, 50)",ore_processed_t,"Uniform(5, 50)",7507500.0,41291250.0,75075000.0,Zn,15404.877034,0.06548662801881933,mining,,0.03191462410028908,0.17553043255158993,0.31914624100289074,Zn concentrate,concentrate_economic,kg
QC-MAIN-e51eda66,Underground mining and beneficiation at LaRonde,"Underground, concentrator","Porphyry sulfide, flotation-based",Material,Cement (backfilling),,kg,Inference | Cement backfilling | underground | 5-50 kg/t ore,"ore_processed_t * Uniform(5, 50)",ore_processed_t,"Uniform(5, 50)",7507500.0,41291250.0,75075000.0,Au,9.802902790306113,0.8367909639389955,mining,,640.8518268674819,3524.6850477711514,6408.5182686748185,Doré,concentrate_economic,kg
QC-MAIN-f9e41c2a,Underground mining and beneficiation at Lamaque,"Underground, concentrator",Free-milling,Material,Cement (backfilling),,kg,Inference | Cement backfilling | underground | 5-50 kg/t ore,"ore_processed_t * Uniform(5, 50)",ore_processed_t,"Uniform(5, 50)",4192095.0,23056522.5,41920950.0,Au,7.932820721938775,1.0,mining,,528.4494818351895,2906.4721500935425,5284.494818351895,Doré,concentrate_economic,kg
GRP-0a2c0d69,Open-pit and underground mining at Meadowbank complex,"Open-pit, underground",Free-milling,Material,Cement (backfilling),,kg,Inference | Cement backfilling | underground | 5-50 kg/t ore,"ore_processed_t * Uniform(5, 50)",ore_processed_t,"Uniform(5, 50)",19213245.02864,105672847.65752,192132450.2864,Au,17.66760135719143,1.0,mining,,1087.484635871039,5981.165497290715,10874.84635871039,Doré,concentrate_economic,kg
GRP-147b3123,Underground mining and beneficiation at Timmins Operation,"Underground, concentrator",Free-milling,Material,Cement (backfilling),,kg,Inference | Cement backfilling | underground | 5-50 kg/t ore,"ore_processed_t * Uniform(5, 50)",ore_processed_t,"Uniform(5, 50)",7870000.0,43285000.0,78700000.0,Au,4.218015459183674,1.0,mining,,1865.8063433278896,10261.934888303393,18658.0634332789,Doré,concentrate_economic,kg
GRP-14bfbb82,Underground mining and beneficiation at Seabee Gold Operation,"Underground, concentrator",Free-milling,Material,Cement (backfilling),,kg,Inference | Cement backfilling | underground | 5-50 kg/t ore,"ore_processed_t * Uniform(5, 50)",ore_processed_t,"Uniform(5, 50)",610000.0,3355000.0,6100000.0,Au,1.2300799484693878,1.0,mining,,495.9027262894861,2727.4649945921733,4959.027262894861,Doré,concentrate_economic,kg
GRP-a13779f8,Underground mining and beneficiation at Snow Lake,"Underground, concentrator",Free-milling,Material,Cement (backfilling),,kg,Inference | Cement backfilling | underground | 5-50 kg/t ore,"ore_processed_t * Uniform(5, 50)",ore_processed_t,"Uniform(5, 50)",10618205.0,58400127.5,106182050.0,Cu,40513.333333333336,0.12903991169620735,mining,,0.03382027897578313,0.1860115343668072,0.33820278975783136,Cu concentrate,concentrate_economic,kg
GRP-a13779f8,Underground mining and beneficiation at Snow Lake,"Underground, concentrator",Free-milling,Material,Cement (backfilling),,kg,Inference | Cement backfilling | underground | 5-50 kg/t ore,"ore_processed_t * Uniform(5, 50)",ore_processed_t,"Uniform(5, 50)",10618205.0,58400127.5,106182050.0,Zn,69284.0,0.08249245877008354,mining,,0.012642483663974295,0.0695336601518586,0.12642483663974294,Zn concentrate,concentrate_economic,kg
GRP-a13779f8,Underground mining and beneficiation at Snow Lake,"Underground, concentrator",Free-milling,Material,Cement (backfilling),,kg,Inference | Cement backfilling | underground | 5-50 kg/t ore,"ore_processed_t * Uniform(5, 50)",ore_processed_t,"Uniform(5, 50)",10618205.0,58400127.5,106182050.0,Au,32.97878714387755,0.7884676295337092,mining,,253.86351807686918,1396.2493494227806,2538.6351807686915,Doré,concentrate_economic,kg
BC-MAIN-3f490561,Open-pit mining and beneficiation at Mount Polley,"Open-pit, concentrator","Porphyry sulfide, flotation-based",Material,Explosives,,kg,Inference (open-pit explosives),"ore_processed_t * Uniform(1.5, 6.0) * Uniform(0.25, 0.8)",,"Uniform(1.5, 6.0) * Uniform(0.25, 0.8)",2230589.625,11710595.53125,28551547.200000003,Cu,45578.436133333336,1.0,mining,,0.04893958227251857,0.2569328069307225,0.6264266530882378,Cu concentrate,concentrate_economic,kg
BC-MAIN-4724f4ba,Open-pit mining at Elk,Open-pit,Free-milling,Material,Explosives,,kg,Inference (open-pit explosives),"ore_processed_t * Uniform(1.5, 6.0) * Uniform(0.25, 0.8)",,"Uniform(1.5, 6.0) * Uniform(0.25, 0.8)",12466.875,65451.09375,159576.0,Au,0.12428704693877551,1.0,mining,,100.30711411255311,526.6123490909038,1283.93106064068,Doré,concentrate_economic,kg
BC-MAIN-599152a0,Open-pit mining and beneficiation at Copper Mountain,"Open-pit, concentrator","Porphyry sulfide, flotation-based",Material,Explosives,,kg,Inference (open-pit explosives),"ore_processed_t * Uniform(1.5, 6.0) * Uniform(0.25, 0.8)",,"Uniform(1.5, 6.0) * Uniform(0.25, 0.8)",2573307.0,13509861.75,32938329.6,Cu,63500.0,1.0,mining,,0.040524519685039374,0.21275372834645667,0.518713851968504,Cu concentrate,concentrate_economic,kg
BC-MAIN-6b4800fe,Open-pit mining and beneficiation at Gibraltar,"Open-pit, concentrator","Porphyry sulfide, flotation-based",Material,Explosives,,kg,Inference (open-pit explosives),"ore_processed_t * Uniform(1.5, 6.0) * Uniform(0.25, 0.8)",,"Uniform(1.5, 6.0) * Uniform(0.25, 0.8)",11250000.0,59062500.0,144000000.0,Cu,185367.93066666668,0.9997556641309961,mining,,0.06067528067570004,0.3185452235474252,0.7766435926489605,Cu concentrate,concentrate_economic,kg
BC-MAIN-6b4800fe,Open-pit mining and beneficiation at Gibraltar,"Open-pit, concentrator","Porphyry sulfide, flotation-based",Material,Explosives,,kg,Inference (open-pit explosives),"ore_processed_t * Uniform(1.5, 6.0) * Uniform(0.25, 0.8)",,"Uniform(1.5, 6.0) * Uniform(0.25, 0.8)",11250000.0,59062500.0,144000000.0,Mo,10.690540862745097,0.0002443358690038284,mining,,0.25712249376195206,1.3498930922502481,3.2911679201529864,Mo concentrate,concentrate_economic,kg
BC-MAIN-857b7b89,Underground mining and beneficiation at Brucejack,"Underground, concentrator",Hybrid free-milling-refactory,Material,Explosives,,kg,Inference (underground explosives),"ore_processed_t * Uniform(0.1, 0.3)",,"Uniform(0.1, 0.3)",16600.0,33200.0,49800.0,Au,0.920409693877551,1.0,mining,,18.03544672597551,36.07089345195102,54.10634017792653,Doré,concentrate_economic,kg
BC-MAIN-8eb8be0d,Open-pit mining and beneficiation at Red Chris,"Open-pit, concentrator",Hybrid free-milling-refactory,Material,Explosives,,kg,Inference (open-pit explosives),"ore_processed_t * Uniform(1.5, 6.0) * Uniform(0.25, 0.8)",,"Uniform(1.5, 6.0) * Uniform(0.25, 0.8)",427125.0,2242406.25,5467200.0,Cu,12095.786666666667,1.0,mining,,0.03531188270516235,0.18538738420210235,0.4519920986260781,Cu concentrate,concentrate_economic,kg
BC-MAIN-bf503b6b,Open-pit mining and beneficiation at Highland Valley,"Open-pit, concentrator","Porphyry sulfide, flotation-based",Material,Explosives,,kg,Inference (open-pit explosives),"ore_processed_t * Uniform(1.5, 6.0) * Uniform(0.25, 0.8)",,"Uniform(1.5, 6.0) * Uniform(0.25, 0.8)",6528000.0,34272000.0,83558400.0,Cu,341333.3333333334,0.9997809583158581,mining,,0.019120810827790782,0.10038425684590162,0.24474637859572207,Cu concentrate,concentrate_economic,kg
BC-MAIN-bf503b6b,Open-pit mining and beneficiation at Highland Valley,"Open-pit, concentrator","Porphyry sulfide, flotation-based",Material,Explosives,,kg,Inference (open-pit explosives),"ore_processed_t * Uniform(1.5, 6.0) * Uniform(0.25, 0.8)",,"Uniform(1.5, 6.0) * Uniform(0.25, 0.8)",6528000.0,34272000.0,83558400.0,Mo,17.647058823529413,0.00021904168414189142,mining,,0.08102789979776846,0.42539647393828445,1.0371571174114365,Mo concentrate,concentrate_economic,kg
MB-MAIN-e0a6250e,Open-pit and underground mining and beneficiation at Thompson (T-1 and T-3),"Open-pit, underground, concentrator","Porphyry sulfide, flotation-based",Material,Explosives,,kg,Inference (open-pit explosives),"ore_processed_t * Uniform(1.5, 6.0) * Uniform(0.25, 0.8)",,"Uniform(1.5, 6.0) * Uniform(0.25, 0.8)",174264.70588235286,914889.7058823527,2230588.2352941167,Ni,49375.0,1.0,mining,,0.0035294117647058807,0.018529411764705878,0.045176470588235276,Ni concentrate,concentrate_economic,kg
NL-MAIN-2d8801d6,Open-pit and underground mining and beneficiation at Voisey’s Bay,"Open-pit, underground, concentrator","Porphyry sulfide, flotation-based",Material,Explosives,,kg,Inference (open-pit explosives),"ore_processed_t * Uniform(1.5, 6.0) * Uniform(0.25, 0.8)",,"Uniform(1.5, 6.0) * Uniform(0.25, 0.8)",297794.1176470586,1563419.117647058,3811764.7058823504,Ni,84375.0,1.0,mining,,0.00352941176470588,0.018529411764705874,0.04517647058823526,Ni concentrate,concentrate_economic,kg
ON-MAIN-28f3f0fc,Underground mining at Totten,Underground,"Porphyry sulfide, flotation-based",Material,Explosives,,kg,Inference (underground explosives),"ore_processed_t * Uniform(0.1, 0.3)",,"Uniform(0.1, 0.3)",41400.0,82800.0,124200.0,Ni,39587.5,1.0,mining,,0.0010457846542469213,0.0020915693084938426,0.003137353962740764,Ni concentrate,concentrate_economic,kg
ON-MAIN-48fe2205,Underground mining at Garson,Underground,"Porphyry sulfide, flotation-based",Material,Explosives,,kg,Inference (underground explosives),"ore_processed_t * Uniform(0.1, 0.3)",,"Uniform(0.1, 0.3)",61600.0,123200.0,184800.0,Ni,49662.5,1.0,mining,,0.0012403725144726908,0.0024807450289453816,0.0037211175434180717,Ni concentrate,concentrate_economic,kg
ON-MAIN-4e0734b5,Open-pit and underground mining and beneficiation at Fox Complex,"Open-pit, underground, concentrator",Free-milling,Material,Explosives,,kg,Inference (open-pit explosives),"ore_processed_t * Uniform(1.5, 6.0) * Uniform(0.25, 0.8)",,"Uniform(1.5, 6.0) * Uniform(0.25, 0.8)",171375.0,899718.75,2193600.0,Au,1.453612551020408,1.0,mining,,117.89592754939963,618.9536196343481,1509.0678726323151,Doré,concentrate_economic,kg
ON-MAIN-52224e1e,Underground mining at Creighton,Underground,"Porphyry sulfide, flotation-based",Material,Explosives,,kg,Inference (underground explosives),"ore_processed_t * Uniform(0.1, 0.3)",,"Uniform(0.1, 0.3)",43300.0,86600.0,129900.0,Ni,70900.0,1.0,mining,,0.000610719322990127,0.001221438645980254,0.0018321579689703808,Ni concentrate,concentrate_economic,kg
ON-MAIN-6e9be24e,Open-pit and underground mining and beneficiation at Hemlo (Williams),"Open-pit, underground, concentrator",Free-milling,Material,Explosives,,kg,Inference (open-pit explosives),"ore_processed_t * Uniform(1.5, 6.0) * Uniform(0.25, 0.8)",,"Uniform(1.5, 6.0) * Uniform(0.25, 0.8)",474753.375,2492455.21875,6076843.2,Au,4.476523630102041,1.0,mining,,106.05403081256117,556.783661765946,1357.4915944007828,Doré,concentrate_economic,kg
ON-MAIN-7f050560,Underground mining and beneficiation at Red Lake,"Underground, concentrator",Hybrid free-milling-refactory,Material,Explosives,,kg,Inference (underground explosives),"ore_processed_t * Uniform(0.1, 0.3)",,"Uniform(0.1, 0.3)",84100.0,168200.0,252300.0,Au,3.5769025,1.0,mining,,23.51196321398193,47.02392642796386,70.53588964194579,Doré,concentrate_economic,kg
ON-MAIN-8825d90d,Open-pit mining and beneficiation at Magino,"Open-pit, concentrator",Free-milling,Material,Explosives,,kg,Inference (open-pit explosives),"ore_processed_t * Uniform(1.5, 6.0) * Uniform(0.25, 0.8)",,"Uniform(1.5, 6.0) * Uniform(0.25, 0.8)",437081.625,2294678.53125,5594644.800000001,Au,1.0473627551020408,1.0,mining,,417.3163718786398,2190.910952362859,5341.64956004659,Doré,concentrate_economic,kg
ON-MAIN-f080c409,Underground mining at Copper Cliff Complex (mine),Underground,"Porphyry sulfide, flotation-based",Material,Explosives,,kg,Inference (underground explosives),"ore_processed_t * Uniform(0.1, 0.3)",,"Uniform(0.1, 0.3)",74800.0,149600.0,224400.0,Ni,54693.75,1.0,mining,,0.001367615129699463,0.002735230259398926,0.004102845389098389,Ni concentrate,concentrate_economic,kg
ON-MAIN-f4fc3276,Underground mining and beneficiation at Sugar Zone,"Underground, concentrator",Free-milling,Material,Explosives,,kg,Inference (underground explosives),"ore_processed_t * Uniform(0.1, 0.3)",,"Uniform(0.1, 0.3)",23467.100000000002,46934.200000000004,70401.3,Au,1.2269695984693878,1.0,mining,,19.1260647609155,38.252129521831,57.378194282746506,Doré,concentrate_economic,kg
ON-MAIN-f8313ebd,Underground mining and beneficiation at Kidd Creek,"Underground, concentrator","Porphyry sulfide, flotation-based",Material,Explosives,,kg,Inference (underground explosives),"ore_processed_t * Uniform(0.1, 0.3)",,"Uniform(0.1, 0.3)",134000.0,268000.0,402000.0,Cu,75333.33333333334,0.7230258878971872,mining,,0.001286090296171103,0.002572180592342206,0.0038582708885133085,Cu concentrate,concentrate_economic,kg
ON-MAIN-f8313ebd,Underground mining and beneficiation at Kidd Creek,"Underground, concentrator","Porphyry sulfide, flotation-based",Material,Explosives,,kg,Inference (underground explosives),"ore_processed_t * Uniform(0.1, 0.3)",,"Uniform(0.1, 0.3)",134000.0,268000.0,402000.0,Zn,77200.0,0.2769741121028128,mining,,0.0004807581738572139,0.0009615163477144278,0.0014422745215716417,Zn concentrate,concentrate_economic,kg
QC-MAIN-5ce331b8,Open-pit and underground mining and beneficiation at Nunavik Nickel,"Open-pit, underground, concentrator","Porphyry sulfide, flotation-based",Material,Explosives,,kg,Inference (open-pit explosives),"ore_processed_t * Uniform(1.5, 6.0) * Uniform(0.25, 0.8)",,"Uniform(1.5, 6.0) * Uniform(0.25, 0.8)",405882.3529411762,2130882.352941175,5195294.117647056,Ni,363125.0,1.0,mining,,0.001117748304140933,0.005868178596739897,0.014307178293003939,Ni concentrate,concentrate_economic,kg
QC-MAIN-a555d9b9,Underground mining and beneficiation at Niobec,"Underground, concentrator",Nb mine,Material,Explosives,,kg,Inference (underground explosives),"ore_processed_t * Uniform(0.1, 0.3)",,"Uniform(0.1, 0.3)",220000.0,440000.0,660000.0,Nb,113.25775862068966,,mining,,,,,Nb concentrate,concentrate_economic,kg
QC-MAIN-a97821c0,Underground mining and beneficiation at Raglan,"Underground, concentrator","Porphyry sulfide, flotation-based",Material,Explosives,,kg,Inference (underground explosives),"ore_processed_t * Uniform(0.1, 0.3)",,"Uniform(0.1, 0.3)",150000.0,300000.0,450000.0,Ni,151450.0,1.0,mining,,0.0009904258831297458,0.0019808517662594917,0.0029712776493892373,Ni concentrate,concentrate_economic,kg
QC-MAIN-e7e6a960,Open-pit mining and beneficiation at Canadian Malartic,"Open-pit, concentrator",Hybrid free-milling-refactory,Material,Explosives,,kg,Inference (open-pit explosives),"ore_processed_t * Uniform(1.5, 6.0) * Uniform(0.25, 0.8)",,"Uniform(1.5, 6.0) * Uniform(0.25, 0.8)",6499837.5,34124146.875,83197920.0,Au,29.039084533163262,1.0,mining,,223.8306614858001,1175.1109728004506,2865.0324670182417,Doré,concentrate_economic,kg
QC-MAIN-f9e41c2a,Underground mining and beneficiation at Lamaque,"Underground, concentrator",Free-milling,Material,Explosives,,kg,Inference (underground explosives),"ore_processed_t * Uniform(0.1, 0.3)",,"Uniform(0.1, 0.3)",83841.90000000001,167683.80000000002,251525.69999999998,Au,7.932820721938775,1.0,mining,,10.568989636703792,21.137979273407584,31.70696891011137,Doré,concentrate_economic,kg
GRP-147b3123,Underground mining and beneficiation at Timmins Operation,"Underground, concentrator",Free-milling,Material,Explosives,,kg,Inference (underground explosives),"ore_processed_t * Uniform(0.1, 0.3)",,"Uniform(0.1, 0.3)",157400.0,314800.0,472200.0,Au,4.218015459183674,1.0,mining,,37.316126866557795,74.63225373311559,111.94838059967338,Doré,concentrate_economic,kg
GRP-14bfbb82,Underground mining and beneficiation at Seabee Gold Operation,"Underground, concentrator",Free-milling,Material,Explosives,,kg,Inference (underground explosives),"ore_processed_t * Uniform(0.1, 0.3)",,"Uniform(0.1, 0.3)",12200.0,24400.0,36600.0,Au,1.2300799484693878,1.0,mining,,9.91805452578972,19.83610905157944,29.754163577369166,Doré,concentrate_economic,kg
GRP-a13779f8,Underground mining and beneficiation at Snow Lake,"Underground, concentrator",Free-milling,Material,Explosives,,kg,Inference (underground explosives),"ore_processed_t * Uniform(0.1, 0.3)",,"Uniform(0.1, 0.3)",212364.1,424728.2,637092.2999999999,Cu,40513.333333333336,0.12903991169620735,mining,,0.0006764055795156627,0.0013528111590313254,0.002029216738546988,Cu concentrate,concentrate_economic,kg
GRP-a13779f8,Underground mining and beneficiation at Snow Lake,"Underground, concentrator",Free-milling,Material,Explosives,,kg,Inference (underground explosives),"ore_processed_t * Uniform(0.1, 0.3)",,"Uniform(0.1, 0.3)",212364.1,424728.2,637092.2999999999,Zn,69284.0,0.08249245877008354,mining,,0.00025284967327948585,0.0005056993465589717,0.0007585490198384576,Zn concentrate,concentrate_economic,kg
GRP-a13779f8,Underground mining and beneficiation at Snow Lake,"Underground, concentrator",Free-milling,Material,Explosives,,kg,Inference (underground explosives),"ore_processed_t * Uniform(0.1, 0.3)",,"Uniform(0.1, 0.3)",212364.1,424728.2,637092.2999999999,Au,32.97878714387755,0.7884676295337092,mining,,5.0772703615373835,10.154540723074767,15.231811084612149,Doré,concentrate_economic,kg
AB-MAIN-d3a4aba9,Refining at The Cobalt Refinery Company Inc.,Refinery,Co hydrometallurgical refinery,Material use,Tailings,-0.0,t,,,,,,,,Ni,201675.0,1.0,manufacturing,-0.0,,,,Ni concentrate,concentrate_economic,kg
BC-MAIN-3f490561,Open-pit mining and beneficiation at Mount Polley,"Open-pit, concentrator","Porphyry sulfide, flotation-based",Material use,Tailings,-5902660.5638666665,t,,,,,,,,Cu,45578.436133333336,1.0,mining,-0.12950555272671618,,,,Cu concentrate,concentrate_economic,kg
BC-MAIN-4724f4ba,Open-pit mining at Elk,Open-pit,Free-milling,Material use,Tailings,-33244.875712953064,t,,,,,,,,Au,0.12428704693877551,1.0,mining,-267.48463763347496,,,,Doré,concentrate_economic,kg
BC-MAIN-599152a0,Open-pit mining and beneficiation at Copper Mountain,"Open-pit, concentrator","Porphyry sulfide, flotation-based",Material use,Tailings,-6798652.0,t,,,,,,,,Cu,63500.0,1.0,mining,-0.10706538582677166,,,,Cu concentrate,concentrate_economic,kg
BC-MAIN-6b4800fe,Open-pit mining and beneficiation at Gibraltar,"Open-pit, concentrator","Porphyry sulfide, flotation-based",Material use,Tailings,-29813563.015247058,t,,,,,,,,Cu,185367.93066666668,0.9997556641309961,mining,-0.16079522701269203,,,,Cu concentrate,concentrate_economic,kg
BC-MAIN-6b4800fe,Open-pit mining and beneficiation at Gibraltar,"Open-pit, concentrator","Porphyry sulfide, flotation-based",Material use,Tailings,-29813563.015247058,t,,,,,,,,Mo,10.690540862745097,0.0002443358690038284,mining,-0.6813989040363935,,,,Mo concentrate,concentrate_economic,kg
BC-MAIN-857b7b89,Underground mining and beneficiation at Brucejack,"Underground, concentrator",Hybrid free-milling-refactory,Material use,Tailings,-165999.07959030612,t,,,,,,,,Au,0.920409693877551,1.0,mining,-180.35346725975512,,,,Doré,concentrate_economic,kg
BC-MAIN-8eb8be0d,Open-pit mining and beneficiation at Red Chris,"Open-pit, concentrator",Hybrid free-milling-refactory,Material use,Tailings,-1126904.2133333334,t,,,,,,,,Cu,12095.786666666667,1.0,mining,-0.0931650205470996,,,,Cu concentrate,concentrate_economic,kg
BC-MAIN-aa76f6f2,Underground mining and beneficiation at New Afton,"Underground, concentrator","Porphyry sulfide, flotation-based",Material use,Tailings,-2993332.464,t,,,,,,,,Cu,71667.53600000001,1.0,mining,-0.04176692308774226,,,,Cu concentrate,concentrate_economic,kg
BC-MAIN-bf503b6b,Open-pit mining and beneficiation at Highland Valley,"Open-pit, concentrator","Porphyry sulfide, flotation-based",Material use,Tailings,-17064901.960784312,t,,,,,,,,Cu,341333.3333333334,0.9997809583158581,mining,-0.04998387901148175,,,,Cu concentrate,concentrate_economic,kg
BC-MAIN-bf503b6b,Open-pit mining and beneficiation at Highland Valley,"Open-pit, concentrator","Porphyry sulfide, flotation-based",Material use,Tailings,-17064901.960784312,t,,,,,,,,Mo,17.647058823529413,0.00021904168414189142,mining,-0.21181574236169945,,,,Mo concentrate,concentrate_economic,kg
BC-MAIN-ed23117f,Open-pit mining and beneficiation at Mount Milligan,"Open-pit, concentrator","Porphyry sulfide, flotation-based",Material use,Tailings,-21586466.305653334,t,,,,,,,,Cu,93533.69434666667,1.0,mining,-0.23078812888162828,,,,Cu concentrate,concentrate_economic,kg
MB-MAIN-e0a6250e,Open-pit and underground mining and beneficiation at Thompson (T-1 and T-3),"Open-pit, underground, concentrator","Porphyry sulfide, flotation-based",Material use,Tailings,-415330.882352941,t,,,,,,,,Ni,49375.0,1.0,mining,-0.008411764705882348,,,,Ni concentrate,concentrate_economic,kg
NL-MAIN-2d8801d6,Open-pit and underground mining and beneficiation at Voisey’s Bay,"Open-pit, underground, concentrator","Porphyry sulfide, flotation-based",Material use,Tailings,-709742.647058823,t,,,,,,,,Ni,84375.0,1.0,mining,-0.008411764705882346,,,,Ni concentrate,concentrate_economic,kg
NL-MAIN-d9036091,Refining at Long Harbour,Refinery,Ni hydrometallurgical refinery,Material use,Tailings,-0.0,t,,,,,,,,Ni,173125.0,1.0,manufacturing,-0.0,,,,Ni concentrate,concentrate_economic,kg
NU-MAIN-8b0264c9,Open-pit and underground mining and beneficiation at Meliadine,"Open-pit, underground, concentrator",Free-milling,Material use,Tailings,-1918130.58586317,t,,,,,,,,Au,12.41413683010194,1.0,mining,-154.5117966810278,,,,Doré,concentrate_economic,kg
ON-MAIN-0aadf28f,Open-pit and underground mining and beneficiation at Rainy River,"Open-pit, underground, concentrator",Free-milling,Material use,Tailings,-8763991.94657387,t,,,,,,,,Au,8.05342613010203,1.0,mining,-1088.231493651614,,,,Doré,concentrate_economic,kg
ON-MAIN-1f126a43,Underground mining and beneficiation at Macassa,"Underground, concentrator",Free-milling,Material use,Tailings,-441580.7466955383,t,,,,,,,,Au,7.253304461734694,1.0,mining,-60.87994086352336,,,,Doré,concentrate_economic,kg
ON-MAIN-28f3f0fc,Underground mining at Totten,Underground,"Porphyry sulfide, flotation-based",Material use,Tailings,-374412.5,t,,,,,,,,Ni,39587.5,1.0,mining,-0.009457846542469214,,,,Ni concentrate,concentrate_economic,kg
ON-MAIN-40ce0593,Smelting at Sudbury,"Smelter, plant",Ni-Cu smelter,Material use,Tailings,-0.0,t,,,,,,,,Ni,389068.75,1.0,manufacturing,-0.0,,,,Ni concentrate,concentrate_economic,kg
ON-MAIN-48fe2205,Underground mining at Garson,Underground,"Porphyry sulfide, flotation-based",Material use,Tailings,-566337.5,t,,,,,,,,Ni,49662.5,1.0,mining,-0.011403725144726908,,,,Ni concentrate,concentrate_economic,kg
ON-MAIN-4e0734b5,Open-pit and underground mining and beneficiation at Fox Complex,"Open-pit, underground, concentrator",Free-milling,Material use,Tailings,-456998.54638744897,t,,,,,,,,Au,1.453612551020408,1.0,mining,-314.3881401317323,,,,Doré,concentrate_economic,kg
ON-MAIN-52224e1e,Underground mining at Creighton,Underground,"Porphyry sulfide, flotation-based",Material use,Tailings,-362100.0,t,,,,,,,,Ni,70900.0,1.0,mining,-0.005107193229901269,,,,Ni concentrate,concentrate_economic,kg
ON-MAIN-63b394c3,Refining Smelting at Copper Cliff Complex (refinery),"Smelter, refinery, plant",Cu-Ni smelter and refinery,Material use,Tailings,-0.0,t,,,,,,,,Ni,238750.0,1.0,manufacturing,-0.0,,,,Ni concentrate,concentrate_economic,kg
ON-MAIN-687b8c8d,Underground mining and beneficiation at Island,"Underground, concentrator",Free-milling,Material use,Tailings,-439003.82959193876,t,,,,,,,,Au,4.1704080612244905,1.0,mining,-105.2663967523219,,,,Doré,concentrate_economic,kg
ON-MAIN-6e9be24e,Open-pit and underground mining and beneficiation at Hemlo (Williams),"Open-pit, underground, concentrator",Free-milling,Material use,Tailings,-1266004.52347637,t,,,,,,,,Au,4.476523630102041,1.0,mining,-282.8097488334964,,,,Doré,concentrate_economic,kg
ON-MAIN-7607a50e,Underground mining and beneficiation at Young-Davidson,"Underground, concentrator",Free-milling,Material use,Tailings,-2878041.125247092,t,,,,,,,,Au,5.874752908163255,1.0,mining,-489.8999447700879,,,,Doré,concentrate_economic,kg
ON-MAIN-7f050560,Underground mining and beneficiation at Red Lake,"Underground, concentrator",Hybrid free-milling-refactory,Material use,Tailings,-840996.4230975,t,,,,,,,,Au,3.5769025,1.0,mining,-235.11863213981928,,,,Doré,concentrate_economic,kg
ON-MAIN-8825d90d,Open-pit mining and beneficiation at Magino,"Open-pit, concentrator",Free-milling,Material use,Tailings,-1165549.952637245,t,,,,,,,,Au,1.0473627551020408,1.0,mining,-1112.8426583430394,,,,Doré,concentrate_economic,kg
ON-MAIN-aeafbb59,Open-pit mining and beneficiation at Detour Lake,"Open-pit, concentrator",Free-milling,Material use,Tailings,-25434829.49413256,t,,,,,,,,Au,24.0082838377551,1.0,mining,-1059.4188933293972,,,,Doré,concentrate_economic,kg
ON-MAIN-cb85213a,Underground mining and beneficiation at Eagle River,"Underground, concentrator",Free-milling,Material use,Tailings,-222624.22394914847,t,,,,,,,,Au,2.7760508515306124,1.0,mining,-80.19457706489837,,,,Doré,concentrate_economic,kg
ON-MAIN-ed85ac94,and beneficiation at Strathcona,Concentrator,"Porphyry sulfide, flotation-based",Material use,Tailings,-978934.5,t,,,,,,,,Ni,47062.5,1.0,mining,-0.020800733067729085,,,,Ni concentrate,concentrate_economic,kg
ON-MAIN-f080c409,Underground mining at Copper Cliff Complex (mine),Underground,"Porphyry sulfide, flotation-based",Material use,Tailings,-693306.25,t,,,,,,,,Ni,54693.75,1.0,mining,-0.012676151296994629,,,,Ni concentrate,concentrate_economic,kg
ON-MAIN-f4fc3276,Underground mining and beneficiation at Sugar Zone,"Underground, concentrator",Free-milling,Material use,Tailings,-234669.77303040153,t,,,,,,,,Au,1.2269695984693878,1.0,mining,-191.25964760915502,,,,Doré,concentrate_economic,kg
ON-MAIN-f8313ebd,Underground mining and beneficiation at Kidd Creek,"Underground, concentrator","Porphyry sulfide, flotation-based",Material use,Tailings,-1187466.6666666667,t,,,,,,,,Cu,75333.33333333334,0.7230258878971872,mining,-0.011396935500198848,,,,Cu concentrate,concentrate_economic,kg
ON-MAIN-f8313ebd,Underground mining and beneficiation at Kidd Creek,"Underground, concentrator","Porphyry sulfide, flotation-based",Material use,Tailings,-1187466.6666666667,t,,,,,,,,Zn,77200.0,0.2769741121028128,mining,-0.004260330643156564,,,,Zn concentrate,concentrate_economic,kg
ON-MAIN-fefeaee4,Underground mining and beneficiation at Musselwhite,"Underground, concentrator",Free-milling,Material use,Tailings,-1027994.2871122449,t,,,,,,,,Au,5.712887755102041,1.0,mining,-179.94302201967267,,,,Doré,concentrate_economic,kg
QC-MAIN-02884fb5,Underground mining and beneficiation at Westwood-Doyon,"Underground, concentrator",Free-milling,Material use,Tailings,-1033995.8818331235,t,,,,,,,,Au,4.118166876530612,1.0,mining,-251.08158868594052,,,,Doré,concentrate_economic,kg
QC-MAIN-5ce331b8,Open-pit and underground mining and beneficiation at Nunavik Nickel,"Open-pit, underground, concentrator","Porphyry sulfide, flotation-based",Material use,Tailings,-719227.9411764699,t,,,,,,,,Ni,363125.0,1.0,mining,-0.001980662144375821,,,,Ni concentrate,concentrate_economic,kg
QC-MAIN-6dc537e6,Underground mining and beneficiation at Éléonore,"Underground, concentrator",Free-milling,Material use,Tailings,-1660992.2611000792,t,,,,,,,,Au,7.738899920918366,1.0,mining,-214.62898836698886,,,,Doré,concentrate_economic,kg
QC-MAIN-9de9bb0d,Open-pit mining and beneficiation at Kiena,"Open-pit, concentrator",Free-milling,Material use,Tailings,-191146.7798223903,t,,,,,,,,Au,1.2201776096938775,1.0,mining,-156.65488229237863,,,,Doré,concentrate_economic,kg
QC-MAIN-a555d9b9,Underground mining and beneficiation at Niobec,"Underground, concentrator",Nb mine,Material use,Tailings,-2188674.224137931,t,,,,,,,,Nb,113.25775862068966,,mining,,,,,Nb concentrate,concentrate_economic,kg
QC-MAIN-a97821c0,Underground mining and beneficiation at Raglan,"Underground, concentrator","Porphyry sulfide, flotation-based",Material use,Tailings,-1348550.0,t,,,,,,,,Ni,151450.0,1.0,mining,-0.008904258831297458,,,,Ni concentrate,concentrate_economic,kg
QC-MAIN-b86f7d07,Open-pit and underground mining and beneficiation at Casa Berardi,"Open-pit, underground, concentrator",Free-milling,Material use,Tailings,-1361446.483400204,t,,,,,,,,Au,3.5165997959183577,1.0,mining,-387.14854188992615,,,,Doré,concentrate_economic,kg
QC-MAIN-c0660aec,Underground mining and beneficiation at Goldex,"Underground, concentrator",Free-milling,Material use,Tailings,-2886792.7316552154,t,,,,,,,,Cu,130.12252666666666,0.003859237362487364,mining,-0.08561790685405356,,,,Cu concentrate,concentrate_economic,kg
QC-MAIN-c0660aec,Underground mining and beneficiation at Goldex,"Underground, concentrator",Free-milling,Material use,Tailings,-2886792.7316552154,t,,,,,,,,Au,4.474542118316694,0.9961407626375127,mining,-642.6695374071626,,,,Doré,concentrate_economic,kg
QC-MAIN-e51eda66,Underground mining and beneficiation at LaRonde,"Underground, concentrator","Porphyry sulfide, flotation-based",Material use,Tailings,-1477492.1188132097,t,,,,,,,,Cu,8593.20125,0.09772240804218515,mining,-0.016802130371818904,,,,Cu concentrate,concentrate_economic,kg
QC-MAIN-e51eda66,Underground mining and beneficiation at LaRonde,"Underground, concentrator","Porphyry sulfide, flotation-based",Material use,Tailings,-1477492.1188132097,t,,,,,,,,Zn,15404.877034,0.06548662801881933,mining,-0.006280866544530567,,,,Zn concentrate,concentrate_economic,kg
QC-MAIN-e51eda66,Underground mining and beneficiation at LaRonde,"Underground, concentrator","Porphyry sulfide, flotation-based",Material use,Tailings,-1477492.1188132097,t,,,,,,,,Au,9.802902790306113,0.8367909639389955,mining,-126.12101545437925,,,,Doré,concentrate_economic,kg
QC-MAIN-e7e6a960,Open-pit mining and beneficiation at Canadian Malartic,"Open-pit, concentrator",Hybrid free-milling-refactory,Material use,Tailings,-17332870.96091547,t,,,,,,,,Au,29.039084533163262,1.0,mining,-596.8807639621336,,,,Doré,concentrate_economic,kg
QC-MAIN-f9e41c2a,Underground mining and beneficiation at Lamaque,"Underground, concentrator",Free-milling,Material use,Tailings,-838411.067179278,t,,,,,,,,Au,7.932820721938775,1.0,mining,-105.6888963670379,,,,Doré,concentrate_economic,kg
YT-MAIN-44857446,Underground mining and beneficiation at Keno Hill Silver District,"Underground, concentrator",High-grade polymetallic Pb-Zn-Ag,Material use,Tailings,-122587.33333333333,t,,,,,,,,Zn,2678.0,0.9939404291135293,mining,-0.04549832214235123,,,,Zn concentrate,concentrate_economic,kg
YT-MAIN-44857446,Underground mining and beneficiation at Keno Hill Silver District,"Underground, concentrator",High-grade polymetallic Pb-Zn-Ag,Material use,Tailings,-122587.33333333333,t,,,,,,,,Pb,20.416666666666668,0.0060595708864706705,mining,-0.036383345442452676,,,,Pb concentrate,concentrate_economic,kg
GRP-0a2c0d69,Open-pit and underground mining at Meadowbank complex,"Open-pit, underground",Free-milling,Material use,Tailings,-3842631.3381266426,t,,,,,,,,Au,17.66760135719143,1.0,mining,-217.49592717420785,,,,Doré,concentrate_economic,kg
GRP-0d911886,Open-pit and underground mining at Porcupine complex,"Open-pit, underground",Free-milling,Material use,Tailings,-2910991.7480510203,t,,,,,,,,Au,8.251948979591836,1.0,mining,-352.7641476274622,,,,Doré,concentrate_economic,kg
GRP-147b3123,Underground mining and beneficiation at Timmins Operation,"Underground, concentrator",Free-milling,Material use,Tailings,-1573995.7819845409,t,,,,,,,,Au,4.218015459183674,1.0,mining,-373.160268665578,,,,Doré,concentrate_economic,kg
GRP-14bfbb82,Underground mining and beneficiation at Seabee Gold Operation,"Underground, concentrator",Free-milling,Material use,Tailings,-121998.76992005153,t,,,,,,,,Au,1.2300799484693878,1.0,mining,-99.17954525789722,,,,Doré,concentrate_economic,kg
GRP-a13779f8,Underground mining and beneficiation at Snow Lake,"Underground, concentrator",Free-milling,Material use,Tailings,-2013810.687879523,t,,,,,,,,Cu,40513.333333333336,0.12903991169620735,mining,-0.006414232845240716,,,,Cu concentrate,concentrate_economic,kg
GRP-a13779f8,Underground mining and beneficiation at Snow Lake,"Underground, concentrator",Free-milling,Material use,Tailings,-2013810.687879523,t,,,,,,,,Zn,69284.0,0.08249245877008354,mining,-0.002397728121076369,,,,Zn concentrate,concentrate_economic,kg
GRP-a13779f8,Underground mining and beneficiation at Snow Lake,"Underground, concentrator",Free-milling,Material use,Tailings,-2013810.687879523,t,,,,,,,,Au,32.97878714387755,0.7884676295337092,mining,-48.14684459057776,,,,Doré,concentrate_economic,kg
