technosphere_id,year,flow_type,subflow_type,unit,value,comment,main_id,facility_group_id,company_id,source_id,value_MJ,unit_source,assumption_note,unit_standard,needs_factor,site_id,activity_name,mining_processing_type,archetypes,metal,mass_t,allocation_factor,facility_type,value_normalized,functional_unit,normalization_key
TECH-857b7b89-2023.0-1.0,2023.0,Energy,Acetylene,GJ,18.475650648,,BC-MAIN-857b7b89,,CMP-4a434d72,NewmontCorporation_2023-Performance-data,18475.650648,direct_unit,gj→MJ factor=1000.0,MJ,False,BC-MAIN-857b7b89,Underground mining and beneficiation at Brucejack,"Underground, concentrator",Hybrid free-miling-refactory,Au,0.9020015,1.0,mining,20482.948917490714,"Au, usable ore",metal_economic
TECH-857b7b89-2023.0-2.0,2023.0,Energy,Aviation fuel,GJ,72676.1107896,,BC-MAIN-857b7b89,,CMP-4a434d72,NewmontCorporation_2023-Performance-data,72676110.7896,direct_unit,gj→MJ factor=1000.0,MJ,False,BC-MAIN-857b7b89,Underground mining and beneficiation at Brucejack,"Underground, concentrator",Hybrid free-miling-refactory,Au,0.9020015,1.0,mining,80572050.92186654,"Au, usable ore",metal_economic
TECH-857b7b89-2023.0-3.0,2023.0,Energy,Diesel,GJ,287042.447231542,,BC-MAIN-857b7b89,,CMP-4a434d72,NewmontCorporation_2023-Performance-data,287042447.2315421,direct_unit,gj→MJ factor=1000.0,MJ,False,BC-MAIN-857b7b89,Underground mining and beneficiation at Brucejack,"Underground, concentrator",Hybrid free-miling-refactory,Au,0.9020015,1.0,mining,318228347.99226177,"Au, usable ore",metal_economic
TECH-857b7b89-2023.0-4.0,2023.0,Energy,Electricity consumption|Generated on-site,GJ,86225.1173956,,BC-MAIN-857b7b89,,CMP-4a434d72,NewmontCorporation_2023-Performance-data,86225117.39559999,direct_unit,gj→MJ factor=1000.0,MJ,False,BC-MAIN-857b7b89,Underground mining and beneficiation at Brucejack,"Underground, concentrator",Hybrid free-miling-refactory,Au,0.9020015,1.0,mining,95593097.5675761,"Au, usable ore",metal_economic
TECH-857b7b89-2023.0-5.0,2023.0,Energy,Electricity consumption|Grid electricity,GJ,569009.5848,,BC-MAIN-857b7b89,,CMP-4a434d72,NewmontCorporation_2023-Performance-data,569009584.8,direct_unit,gj→MJ factor=1000.0,MJ,False,BC-MAIN-857b7b89,Underground mining and beneficiation at Brucejack,"Underground, concentrator",Hybrid free-miling-refactory,Au,0.9020015,1.0,mining,630829976.2250949,"Au, usable ore",metal_economic
TECH-857b7b89-2023.0-6.0,2023.0,Energy,Gasoline,GJ,13568.45,,BC-MAIN-857b7b89,,CMP-4a434d72,NewmontCorporation_2023-Performance-data,13568450.0,direct_unit,gj→MJ factor=1000.0,MJ,False,BC-MAIN-857b7b89,Underground mining and beneficiation at Brucejack,"Underground, concentrator",Hybrid free-miling-refactory,Au,0.9020015,1.0,mining,15042602.47904244,"Au, usable ore",metal_economic
TECH-857b7b89-2023.0-7.0,2023.0,Energy,Propane,GJ,42071.0413,,BC-MAIN-857b7b89,,CMP-4a434d72,NewmontCorporation_2023-Performance-data,42071041.3,direct_unit,gj→MJ factor=1000.0,MJ,False,BC-MAIN-857b7b89,Underground mining and beneficiation at Brucejack,"Underground, concentrator",Hybrid free-miling-refactory,Au,0.9020015,1.0,mining,46641875.09666003,"Au, usable ore",metal_economic
TECH-857b7b89-2023.0-8.0,2023.0,Energy,Used oil,GJ,2344.0244,,BC-MAIN-857b7b89,,CMP-4a434d72,NewmontCorporation_2023-Performance-data,2344024.4,direct_unit,gj→MJ factor=1000.0,MJ,False,BC-MAIN-857b7b89,Underground mining and beneficiation at Brucejack,"Underground, concentrator",Hybrid free-miling-refactory,Au,0.9020015,1.0,mining,2598692.352507174,"Au, usable ore",metal_economic
TECH-e7e6a960-2023.0-1.0,2023.0,Energy,Diesel,GJ,2557832.0,,QC-MAIN-e7e6a960,,CMP-6265c407,AgnicoEagleMinesLimited_2023-Sustainability-Performance_data,2557832000.0,direct_unit,gj→MJ factor=1000.0,MJ,False,QC-MAIN-e7e6a960,Open-pit mining and beneficiation at Canadian Malartic,"Open-pit, concentrator",Hybrid free-miling-refactory,Au,18.7851143425,0.9933618909341001,mining,135258843.0331377,"Au, usable ore",metal_economic
TECH-e7e6a960-2023.0-1.0,2023.0,Energy,Diesel,GJ,2557832.0,,QC-MAIN-e7e6a960,,CMP-6265c407,AgnicoEagleMinesLimited_2023-Sustainability-Performance_data,2557832000.0,direct_unit,gj→MJ factor=1000.0,MJ,False,QC-MAIN-e7e6a960,Open-pit mining and beneficiation at Canadian Malartic,"Open-pit, concentrator",Hybrid free-miling-refactory,Ag,9.6731885,0.00663810906589986,mining,1755281.3933325885,"Ag, usable ore",metal_economic
TECH-e7e6a960-2023.0-2.0,2023.0,Energy,Electricity consumption|Grid electricity,kWh,674524386.0,,QC-MAIN-e7e6a960,,CMP-6265c407,AgnicoEagleMinesLimited_2023-Sustainability-Performance_data,2428287789.6,direct_unit,kwh→MJ factor=3.6,MJ,False,QC-MAIN-e7e6a960,Open-pit mining and beneficiation at Canadian Malartic,"Open-pit, concentrator",Hybrid free-miling-refactory,Au,18.7851143425,0.9933618909341001,mining,128408510.3997414,"Au, usable ore",metal_economic
TECH-e7e6a960-2023.0-2.0,2023.0,Energy,Electricity consumption|Grid electricity,kWh,674524386.0,,QC-MAIN-e7e6a960,,CMP-6265c407,AgnicoEagleMinesLimited_2023-Sustainability-Performance_data,2428287789.6,direct_unit,kwh→MJ factor=3.6,MJ,False,QC-MAIN-e7e6a960,Open-pit mining and beneficiation at Canadian Malartic,"Open-pit, concentrator",Hybrid free-miling-refactory,Ag,9.6731885,0.00663810906589986,mining,1666383.2396895492,"Ag, usable ore",metal_economic
TECH-e7e6a960-2023.0-3.0,2023.0,Energy,Light Fuel & Gasoline,GJ,42833.0,,QC-MAIN-e7e6a960,,CMP-6265c407,AgnicoEagleMinesLimited_2023-Sustainability-Performance_data,42833000.0,direct_unit,gj→MJ factor=1000.0,MJ,False,QC-MAIN-e7e6a960,Open-pit mining and beneficiation at Canadian Malartic,"Open-pit, concentrator",Hybrid free-miling-refactory,Au,18.7851143425,0.9933618909341001,mining,2265020.5422554677,"Au, usable ore",metal_economic
TECH-e7e6a960-2023.0-3.0,2023.0,Energy,Light Fuel & Gasoline,GJ,42833.0,,QC-MAIN-e7e6a960,,CMP-6265c407,AgnicoEagleMinesLimited_2023-Sustainability-Performance_data,42833000.0,direct_unit,gj→MJ factor=1000.0,MJ,False,QC-MAIN-e7e6a960,Open-pit mining and beneficiation at Canadian Malartic,"Open-pit, concentrator",Hybrid free-miling-refactory,Ag,9.6731885,0.00663810906589986,mining,29393.6301995654,"Ag, usable ore",metal_economic
TECH-e7e6a960-2023.0-4.0,2023.0,Energy,Natural gas,GJ,162805.0,,QC-MAIN-e7e6a960,,CMP-6265c407,AgnicoEagleMinesLimited_2023-Sustainability-Performance_data,162805000.0,direct_unit,gj→MJ factor=1000.0,MJ,False,QC-MAIN-e7e6a960,Open-pit mining and beneficiation at Canadian Malartic,"Open-pit, concentrator",Hybrid free-miling-refactory,Au,18.7851143425,0.9933618909341001,mining,8609172.11920485,"Au, usable ore",metal_economic
TECH-e7e6a960-2023.0-4.0,2023.0,Energy,Natural gas,GJ,162805.0,,QC-MAIN-e7e6a960,,CMP-6265c407,AgnicoEagleMinesLimited_2023-Sustainability-Performance_data,162805000.0,direct_unit,gj→MJ factor=1000.0,MJ,False,QC-MAIN-e7e6a960,Open-pit mining and beneficiation at Canadian Malartic,"Open-pit, concentrator",Hybrid free-miling-refactory,Ag,9.6731885,0.00663810906589986,mining,111722.96978124914,"Ag, usable ore",metal_economic
TECH-e7e6a960-2023.0-5.0,2023.0,Energy,Propane,GJ,1463.60937,,QC-MAIN-e7e6a960,,CMP-6265c407,AgnicoEagleMinesLimited_2023-Sustainability-Performance_data,1463609.37,direct_unit,gj→MJ factor=1000.0,MJ,False,QC-MAIN-e7e6a960,Open-pit mining and beneficiation at Canadian Malartic,"Open-pit, concentrator",Hybrid free-miling-refactory,Au,18.7851143425,0.9933618909341001,mining,77396.0565192161,"Au, usable ore",metal_economic
TECH-e7e6a960-2023.0-5.0,2023.0,Energy,Propane,GJ,1463.60937,,QC-MAIN-e7e6a960,,CMP-6265c407,AgnicoEagleMinesLimited_2023-Sustainability-Performance_data,1463609.37,direct_unit,gj→MJ factor=1000.0,MJ,False,QC-MAIN-e7e6a960,Open-pit mining and beneficiation at Canadian Malartic,"Open-pit, concentrator",Hybrid free-miling-refactory,Ag,9.6731885,0.00663810906589986,mining,1004.3842966497534,"Ag, usable ore",metal_economic
TECH-b86f7d07-2023.0-1.0,2023.0,Energy,Diesel|Mobile equipment,gallons,2785135.0,,QC-MAIN-b86f7d07,,CMP-7e360a1f,HeclaMiningCompany_SR_2023,378542030.2939668,lhv+density,"diesel MJ/kg=43.0, dens=0.835 kg/L",MJ,False,QC-MAIN-b86f7d07,Open-pit and underground mining and beneficiation at Casa Berardi,"Open-pit, underground, concentrator",Free-miling,Au,2.69356309999999,0.9963866796430149,mining,140027993.65269464,"Au, usable ore",metal_economic
TECH-b86f7d07-2023.0-1.0,2023.0,Energy,Diesel|Mobile equipment,gallons,2785135.0,,QC-MAIN-b86f7d07,,CMP-7e360a1f,HeclaMiningCompany_SR_2023,378542030.2939668,lhv+density,"diesel MJ/kg=43.0, dens=0.835 kg/L",MJ,False,QC-MAIN-b86f7d07,Open-pit and underground mining and beneficiation at Casa Berardi,"Open-pit, underground, concentrator",Free-miling,Ag,0.7527047,0.0036133203569852276,mining,1817171.626583053,"Ag, usable ore",metal_economic
TECH-b86f7d07-2023.0-2.0,2023.0,Energy,Electricity consumption|Not specified,kWh,137676647.0,,QC-MAIN-b86f7d07,,CMP-7e360a1f,HeclaMiningCompany_SR_2023,495635929.2,direct_unit,kwh→MJ factor=3.6,MJ,False,QC-MAIN-b86f7d07,Open-pit and underground mining and beneficiation at Casa Berardi,"Open-pit, underground, concentrator",Free-miling,Au,2.69356309999999,0.9963866796430149,mining,183342665.2627407,"Au, usable ore",metal_economic
TECH-b86f7d07-2023.0-2.0,2023.0,Energy,Electricity consumption|Not specified,kWh,137676647.0,,QC-MAIN-b86f7d07,,CMP-7e360a1f,HeclaMiningCompany_SR_2023,495635929.2,direct_unit,kwh→MJ factor=3.6,MJ,False,QC-MAIN-b86f7d07,Open-pit and underground mining and beneficiation at Casa Berardi,"Open-pit, underground, concentrator",Free-miling,Ag,0.7527047,0.0036133203569852276,mining,2379274.890447275,"Ag, usable ore",metal_economic
TECH-b86f7d07-2023.0-3.0,2023.0,Energy,Gasoline|Mobile equipment,gallons,144321.0,,QC-MAIN-b86f7d07,,CMP-7e360a1f,HeclaMiningCompany_SR_2023,17908178.0536758,lhv+density,"gasoline MJ/kg=44.0, dens=0.745 kg/L",MJ,False,QC-MAIN-b86f7d07,Open-pit and underground mining and beneficiation at Casa Berardi,"Open-pit, underground, concentrator",Free-miling,Au,2.69356309999999,0.9963866796430149,mining,6624485.6373916045,"Au, usable ore",metal_economic
TECH-b86f7d07-2023.0-3.0,2023.0,Energy,Gasoline|Mobile equipment,gallons,144321.0,,QC-MAIN-b86f7d07,,CMP-7e360a1f,HeclaMiningCompany_SR_2023,17908178.0536758,lhv+density,"gasoline MJ/kg=44.0, dens=0.745 kg/L",MJ,False,QC-MAIN-b86f7d07,Open-pit and underground mining and beneficiation at Casa Berardi,"Open-pit, underground, concentrator",Free-miling,Ag,0.7527047,0.0036133203569852276,mining,85967.2914462509,"Ag, usable ore",metal_economic
TECH-b86f7d07-2023.0-4.0,2023.0,Energy,Propane,gallons,494423.0,,QC-MAIN-b86f7d07,,CMP-7e360a1f,HeclaMiningCompany_SR_2023,42813081.77158993,lhv+density,"propane MJ/kg=46.4, dens=0.493 kg/L",MJ,False,QC-MAIN-b86f7d07,Open-pit and underground mining and beneficiation at Casa Berardi,"Open-pit, underground, concentrator",Free-miling,Au,2.69356309999999,0.9963866796430149,mining,15837157.99777608,"Au, usable ore",metal_economic
TECH-b86f7d07-2023.0-4.0,2023.0,Energy,Propane,gallons,494423.0,,QC-MAIN-b86f7d07,,CMP-7e360a1f,HeclaMiningCompany_SR_2023,42813081.77158993,lhv+density,"propane MJ/kg=46.4, dens=0.493 kg/L",MJ,False,QC-MAIN-b86f7d07,Open-pit and underground mining and beneficiation at Casa Berardi,"Open-pit, underground, concentrator",Free-miling,Ag,0.7527047,0.0036133203569852276,mining,205522.00605437835,"Ag, usable ore",metal_economic
TECH-599152a0-2023.0-1.0,2023.0,Energy,Diesel,TJ,80.96,Share of primary energy source derived from the all group,BC-MAIN-599152a0,,CMP-12afc634,HudbayMineralsInc_Hudbay-2023-Integrated-Annual-Report-Performance-Data,80960000.0,direct_unit,tj→MJ factor=1000000.0,MJ,False,BC-MAIN-599152a0,Open-pit mining and beneficiation at Copper Mountain,"Open-pit, concentrator","Porphyry sulfide, flotation-based",Au,0.275203767999999,0.0948587647028309,mining,27905742.883364946,"Au, usable ore",metal_economic
TECH-599152a0-2023.0-1.0,2023.0,Energy,Diesel,TJ,80.96,Share of primary energy source derived from the all group,BC-MAIN-599152a0,,CMP-12afc634,HudbayMineralsInc_Hudbay-2023-Integrated-Annual-Report-Performance-Data,80960000.0,direct_unit,tj→MJ factor=1000000.0,MJ,False,BC-MAIN-599152a0,Open-pit mining and beneficiation at Copper Mountain,"Open-pit, concentrator","Porphyry sulfide, flotation-based",Ag,6.789334187,0.030369060449188304,mining,362138.47576896206,"Ag, usable ore",metal_economic
TECH-599152a0-2023.0-1.0,2023.0,Energy,Diesel,TJ,80.96,Share of primary energy source derived from the all group,BC-MAIN-599152a0,,CMP-12afc634,HudbayMineralsInc_Hudbay-2023-Integrated-Annual-Report-Performance-Data,80960000.0,direct_unit,tj→MJ factor=1000000.0,MJ,False,BC-MAIN-599152a0,Open-pit mining and beneficiation at Copper Mountain,"Open-pit, concentrator","Porphyry sulfide, flotation-based",Cu,19050.0,0.8747721748479808,mining,3717.6669436059065,"Cu, usable ore",metal_economic
TECH-599152a0-2023.0-2.0,2023.0,Energy,Electricity consumption,TJ,1968.0,,BC-MAIN-599152a0,,CMP-12afc634,HudbayMineralsInc_Hudbay-2023-Integrated-Annual-Report-Performance-Data,1968000000.0,direct_unit,tj→MJ factor=1000000.0,MJ,False,BC-MAIN-599152a0,Open-pit mining and beneficiation at Copper Mountain,"Open-pit, concentrator","Porphyry sulfide, flotation-based",Au,0.275203767999999,0.0948587647028309,mining,678341180.7616379,"Au, usable ore",metal_economic
TECH-599152a0-2023.0-2.0,2023.0,Energy,Electricity consumption,TJ,1968.0,,BC-MAIN-599152a0,,CMP-12afc634,HudbayMineralsInc_Hudbay-2023-Integrated-Annual-Report-Performance-Data,1968000000.0,direct_unit,tj→MJ factor=1000000.0,MJ,False,BC-MAIN-599152a0,Open-pit mining and beneficiation at Copper Mountain,"Open-pit, concentrator","Porphyry sulfide, flotation-based",Ag,6.789334187,0.030369060449188304,mining,8802970.853672398,"Ag, usable ore",metal_economic
TECH-599152a0-2023.0-2.0,2023.0,Energy,Electricity consumption,TJ,1968.0,,BC-MAIN-599152a0,,CMP-12afc634,HudbayMineralsInc_Hudbay-2023-Integrated-Annual-Report-Performance-Data,1968000000.0,direct_unit,tj→MJ factor=1000000.0,MJ,False,BC-MAIN-599152a0,Open-pit mining and beneficiation at Copper Mountain,"Open-pit, concentrator","Porphyry sulfide, flotation-based",Cu,19050.0,0.8747721748479808,mining,90370.16483468903,"Cu, usable ore",metal_economic
TECH-599152a0-2023.0-3.0,2023.0,Energy,Gasoline,TJ,0.368,Share of primary energy source derived from the all group,BC-MAIN-599152a0,,CMP-12afc634,HudbayMineralsInc_Hudbay-2023-Integrated-Annual-Report-Performance-Data,368000.0,direct_unit,tj→MJ factor=1000000.0,MJ,False,BC-MAIN-599152a0,Open-pit mining and beneficiation at Copper Mountain,"Open-pit, concentrator","Porphyry sulfide, flotation-based",Au,0.275203767999999,0.0948587647028309,mining,126844.28583347703,"Au, usable ore",metal_economic
TECH-599152a0-2023.0-3.0,2023.0,Energy,Gasoline,TJ,0.368,Share of primary energy source derived from the all group,BC-MAIN-599152a0,,CMP-12afc634,HudbayMineralsInc_Hudbay-2023-Integrated-Annual-Report-Performance-Data,368000.0,direct_unit,tj→MJ factor=1000000.0,MJ,False,BC-MAIN-599152a0,Open-pit mining and beneficiation at Copper Mountain,"Open-pit, concentrator","Porphyry sulfide, flotation-based",Ag,6.789334187,0.030369060449188304,mining,1646.0839807680093,"Ag, usable ore",metal_economic
TECH-599152a0-2023.0-3.0,2023.0,Energy,Gasoline,TJ,0.368,Share of primary energy source derived from the all group,BC-MAIN-599152a0,,CMP-12afc634,HudbayMineralsInc_Hudbay-2023-Integrated-Annual-Report-Performance-Data,368000.0,direct_unit,tj→MJ factor=1000000.0,MJ,False,BC-MAIN-599152a0,Open-pit mining and beneficiation at Copper Mountain,"Open-pit, concentrator","Porphyry sulfide, flotation-based",Cu,19050.0,0.8747721748479808,mining,16.898486107299576,"Cu, usable ore",metal_economic
TECH-599152a0-2023.0-4.0,2023.0,Energy,Propane,TJ,10.12,Share of primary energy source derived from the all group,BC-MAIN-599152a0,,CMP-12afc634,HudbayMineralsInc_Hudbay-2023-Integrated-Annual-Report-Performance-Data,10120000.0,direct_unit,tj→MJ factor=1000000.0,MJ,False,BC-MAIN-599152a0,Open-pit mining and beneficiation at Copper Mountain,"Open-pit, concentrator","Porphyry sulfide, flotation-based",Au,0.275203767999999,0.0948587647028309,mining,3488217.860420618,"Au, usable ore",metal_economic
TECH-599152a0-2023.0-4.0,2023.0,Energy,Propane,TJ,10.12,Share of primary energy source derived from the all group,BC-MAIN-599152a0,,CMP-12afc634,HudbayMineralsInc_Hudbay-2023-Integrated-Annual-Report-Performance-Data,10120000.0,direct_unit,tj→MJ factor=1000000.0,MJ,False,BC-MAIN-599152a0,Open-pit mining and beneficiation at Copper Mountain,"Open-pit, concentrator","Porphyry sulfide, flotation-based",Ag,6.789334187,0.030369060449188304,mining,45267.30947112026,"Ag, usable ore",metal_economic
TECH-599152a0-2023.0-4.0,2023.0,Energy,Propane,TJ,10.12,Share of primary energy source derived from the all group,BC-MAIN-599152a0,,CMP-12afc634,HudbayMineralsInc_Hudbay-2023-Integrated-Annual-Report-Performance-Data,10120000.0,direct_unit,tj→MJ factor=1000000.0,MJ,False,BC-MAIN-599152a0,Open-pit mining and beneficiation at Copper Mountain,"Open-pit, concentrator","Porphyry sulfide, flotation-based",Cu,19050.0,0.8747721748479808,mining,464.7083679507383,"Cu, usable ore",metal_economic
TECH-aeafbb59-2023.0-1.0,2023.0,Energy,Diesel,GJ,3947008.0,,ON-MAIN-aeafbb59,,CMP-6265c407,AgnicoEagleMinesLimited_2023-Sustainability-Performance_data,3947008000.0,direct_unit,gj→MJ factor=1000.0,MJ,False,ON-MAIN-aeafbb59,Open-pit mining and beneficiation at Detour Lake,"Open-pit, concentrator",Free-miling,Au,21.070941661,0.9984889572357906,mining,187036913.94180843,"Au, usable ore",metal_economic
TECH-aeafbb59-2023.0-1.0,2023.0,Energy,Diesel,GJ,3947008.0,,ON-MAIN-aeafbb59,,CMP-6265c407,AgnicoEagleMinesLimited_2023-Sustainability-Performance_data,3947008000.0,direct_unit,gj→MJ factor=1000.0,MJ,False,ON-MAIN-aeafbb59,Open-pit mining and beneficiation at Detour Lake,"Open-pit, concentrator",Free-miling,Ag,2.4571765,0.0015110427642093859,mining,2427215.9035692224,"Ag, usable ore",metal_economic
TECH-aeafbb59-2023.0-2.0,2023.0,Energy,Electricity consumption|Grid electricity,kWh,830958937.0,,ON-MAIN-aeafbb59,,CMP-6265c407,AgnicoEagleMinesLimited_2023-Sustainability-Performance_data,2991452173.2,direct_unit,kwh→MJ factor=3.6,MJ,False,ON-MAIN-aeafbb59,Open-pit mining and beneficiation at Detour Lake,"Open-pit, concentrator",Free-miling,Au,21.070941661,0.9984889572357906,mining,141755978.87813863,"Au, usable ore",metal_economic
TECH-aeafbb59-2023.0-2.0,2023.0,Energy,Electricity consumption|Grid electricity,kWh,830958937.0,,ON-MAIN-aeafbb59,,CMP-6265c407,AgnicoEagleMinesLimited_2023-Sustainability-Performance_data,2991452173.2,direct_unit,kwh→MJ factor=3.6,MJ,False,ON-MAIN-aeafbb59,Open-pit mining and beneficiation at Detour Lake,"Open-pit, concentrator",Free-miling,Ag,2.4571765,0.0015110427642093859,mining,1839596.0407371235,"Ag, usable ore",metal_economic
TECH-aeafbb59-2023.0-3.0,2023.0,Energy,Explosives,GJ,65074.0,,ON-MAIN-aeafbb59,,CMP-6265c407,AgnicoEagleMinesLimited_2023-Sustainability-Performance_data,65074000.0,direct_unit,gj→MJ factor=1000.0,MJ,False,ON-MAIN-aeafbb59,Open-pit mining and beneficiation at Detour Lake,"Open-pit, concentrator",Free-miling,Au,21.070941661,0.9984889572357906,mining,3083662.3938561166,"Au, usable ore",metal_economic
TECH-aeafbb59-2023.0-3.0,2023.0,Energy,Explosives,GJ,65074.0,,ON-MAIN-aeafbb59,,CMP-6265c407,AgnicoEagleMinesLimited_2023-Sustainability-Performance_data,65074000.0,direct_unit,gj→MJ factor=1000.0,MJ,False,ON-MAIN-aeafbb59,Open-pit mining and beneficiation at Detour Lake,"Open-pit, concentrator",Free-miling,Ag,2.4571765,0.0015110427642093859,mining,40017.311266879515,"Ag, usable ore",metal_economic
TECH-aeafbb59-2023.0-4.0,2023.0,Energy,Light Fuel & Gasoline,GJ,71904.0,,ON-MAIN-aeafbb59,,CMP-6265c407,AgnicoEagleMinesLimited_2023-Sustainability-Performance_data,71904000.0,direct_unit,gj→MJ factor=1000.0,MJ,False,ON-MAIN-aeafbb59,Open-pit mining and beneficiation at Detour Lake,"Open-pit, concentrator",Free-miling,Au,21.070941661,0.9984889572357906,mining,3407315.6831888347,"Au, usable ore",metal_economic
TECH-aeafbb59-2023.0-4.0,2023.0,Energy,Light Fuel & Gasoline,GJ,71904.0,,ON-MAIN-aeafbb59,,CMP-6265c407,AgnicoEagleMinesLimited_2023-Sustainability-Performance_data,71904000.0,direct_unit,gj→MJ factor=1000.0,MJ,False,ON-MAIN-aeafbb59,Open-pit mining and beneficiation at Detour Lake,"Open-pit, concentrator",Free-miling,Ag,2.4571765,0.0015110427642093859,mining,44217.42553606209,"Ag, usable ore",metal_economic
TECH-aeafbb59-2023.0-5.0,2023.0,Energy,Propane,GJ,182468.0,,ON-MAIN-aeafbb59,,CMP-6265c407,AgnicoEagleMinesLimited_2023-Sustainability-Performance_data,182468000.0,direct_unit,gj→MJ factor=1000.0,MJ,False,ON-MAIN-aeafbb59,Open-pit mining and beneficiation at Detour Lake,"Open-pit, concentrator",Free-miling,Au,21.070941661,0.9984889572357906,mining,8646613.235426405,"Au, usable ore",metal_economic
TECH-aeafbb59-2023.0-5.0,2023.0,Energy,Propane,GJ,182468.0,,ON-MAIN-aeafbb59,,CMP-6265c407,AgnicoEagleMinesLimited_2023-Sustainability-Performance_data,182468000.0,direct_unit,gj→MJ factor=1000.0,MJ,False,ON-MAIN-aeafbb59,Open-pit mining and beneficiation at Detour Lake,"Open-pit, concentrator",Free-miling,Ag,2.4571765,0.0015110427642093859,mining,112208.85072755588,"Ag, usable ore",metal_economic
TECH-cb85213a-2023.0-1.0,2023.0,Energy,Diesel,kl,2829.0,,ON-MAIN-cb85213a,,CMP-3d2c4955,WesdomeGoldMinesLtd._ESG_data_2023,101575245.0,lhv+density,"diesel MJ/kg=43.0, dens=0.835 kg/L",MJ,False,ON-MAIN-cb85213a,Underground mining and beneficiation at Eagle River,"Underground, concentrator",Free-miling,Au,2.7205298345,1.0,mining,37336567.2053614,"Au, usable ore",metal_economic
TECH-cb85213a-2023.0-2.0,2023.0,Energy,Electricity consumption|Generated on-site,MWh,34190.62,Given in MW in the Excel file but does not make sense,ON-MAIN-cb85213a,,CMP-3d2c4955,WesdomeGoldMinesLtd._ESG_data_2023,123086232.0,direct_unit,mwh→MJ factor=3600.0,MJ,False,ON-MAIN-cb85213a,Underground mining and beneficiation at Eagle River,"Underground, concentrator",Free-miling,Au,2.7205298345,1.0,mining,45243478.1045589,"Au, usable ore",metal_economic
TECH-cb85213a-2023.0-3.0,2023.0,Energy,Electricity consumption|Grid electricity,MWh,38555.38,Given in MW in the Excel file but does not make sense,ON-MAIN-cb85213a,,CMP-3d2c4955,WesdomeGoldMinesLtd._ESG_data_2023,138799368.0,direct_unit,mwh→MJ factor=3600.0,MJ,False,ON-MAIN-cb85213a,Underground mining and beneficiation at Eagle River,"Underground, concentrator",Free-miling,Au,2.7205298345,1.0,mining,51019241.26684301,"Au, usable ore",metal_economic
TECH-cb85213a-2023.0-5.0,2023.0,Energy,Gasoline,kl,369.0,,ON-MAIN-cb85213a,,CMP-3d2c4955,WesdomeGoldMinesLtd._ESG_data_2023,12095820.0,lhv+density,"gasoline MJ/kg=44.0, dens=0.745 kg/L",MJ,False,ON-MAIN-cb85213a,Underground mining and beneficiation at Eagle River,"Underground, concentrator",Free-miling,Au,2.7205298345,1.0,mining,4446126.576745688,"Au, usable ore",metal_economic
TECH-cb85213a-2023.0-6.0,2023.0,Energy,Propane,kl,2528.0,,ON-MAIN-cb85213a,,CMP-3d2c4955,WesdomeGoldMinesLtd._ESG_data_2023,57828505.6,lhv+density,"propane MJ/kg=46.4, dens=0.493 kg/L",MJ,False,ON-MAIN-cb85213a,Underground mining and beneficiation at Eagle River,"Underground, concentrator",Free-miling,Au,2.7205298345,1.0,mining,21256339.43309729,"Au, usable ore",metal_economic
TECH-6dc537e6-2023.0-1.0,2023.0,Energy,Aviation fuel,GJ,21662.09888,,QC-MAIN-6dc537e6,,CMP-4a434d72,NewmontCorporation_2023-Performance-data,21662098.88,direct_unit,gj→MJ factor=1000.0,MJ,False,QC-MAIN-6dc537e6,Underground mining and beneficiation at Éléonore,"Underground, concentrator",Free-miling,Au,7.216012,0.9993384328257033,mining,2999962.8529518275,"Au, usable ore",metal_economic
TECH-6dc537e6-2023.0-1.0,2023.0,Energy,Aviation fuel,GJ,21662.09888,,QC-MAIN-6dc537e6,,CMP-4a434d72,NewmontCorporation_2023-Performance-data,21662098.88,direct_unit,gj→MJ factor=1000.0,MJ,False,QC-MAIN-6dc537e6,Underground mining and beneficiation at Éléonore,"Underground, concentrator",Free-miling,Ag,0.368109922499999,0.0006615671742966747,mining,38931.12537703136,"Ag, usable ore",metal_economic
TECH-6dc537e6-2023.0-3.0,2023.0,Energy,Diesel,GJ,385327.7974,,QC-MAIN-6dc537e6,,CMP-4a434d72,NewmontCorporation_2023-Performance-data,385327797.4,direct_unit,gj→MJ factor=1000.0,MJ,False,QC-MAIN-6dc537e6,Underground mining and beneficiation at Éléonore,"Underground, concentrator",Free-miling,Au,7.216012,0.9993384328257033,mining,53363669.181522444,"Au, usable ore",metal_economic
TECH-6dc537e6-2023.0-3.0,2023.0,Energy,Diesel,GJ,385327.7974,,QC-MAIN-6dc537e6,,CMP-4a434d72,NewmontCorporation_2023-Performance-data,385327797.4,direct_unit,gj→MJ factor=1000.0,MJ,False,QC-MAIN-6dc537e6,Underground mining and beneficiation at Éléonore,"Underground, concentrator",Free-miling,Ag,0.368109922499999,0.0006615671742966747,mining,692511.1400763184,"Ag, usable ore",metal_economic
TECH-6dc537e6-2023.0-4.0,2023.0,Energy,Electricity consumption|Generated on-site,GJ,3531.1068,,QC-MAIN-6dc537e6,,CMP-4a434d72,NewmontCorporation_2023-Performance-data,3531106.8,direct_unit,gj→MJ factor=1000.0,MJ,False,QC-MAIN-6dc537e6,Underground mining and beneficiation at Éléonore,"Underground, concentrator",Free-miling,Au,7.216012,0.9993384328257033,mining,489019.52153796086,"Au, usable ore",metal_economic
TECH-6dc537e6-2023.0-4.0,2023.0,Energy,Electricity consumption|Generated on-site,GJ,3531.1068,,QC-MAIN-6dc537e6,,CMP-4a434d72,NewmontCorporation_2023-Performance-data,3531106.8,direct_unit,gj→MJ factor=1000.0,MJ,False,QC-MAIN-6dc537e6,Underground mining and beneficiation at Éléonore,"Underground, concentrator",Free-miling,Ag,0.368109922499999,0.0006615671742966747,mining,6346.105347963771,"Ag, usable ore",metal_economic
TECH-6dc537e6-2023.0-5.0,2023.0,Energy,Electricity consumption|Grid electricity,GJ,892229.95044,,QC-MAIN-6dc537e6,,CMP-4a434d72,NewmontCorporation_2023-Performance-data,892229950.44,direct_unit,gj→MJ factor=1000.0,MJ,False,QC-MAIN-6dc537e6,Underground mining and beneficiation at Éléonore,"Underground, concentrator",Free-miling,Au,7.216012,0.9993384328257033,mining,123564051.77719557,"Au, usable ore",metal_economic
TECH-6dc537e6-2023.0-5.0,2023.0,Energy,Electricity consumption|Grid electricity,GJ,892229.95044,,QC-MAIN-6dc537e6,,CMP-4a434d72,NewmontCorporation_2023-Performance-data,892229950.44,direct_unit,gj→MJ factor=1000.0,MJ,False,QC-MAIN-6dc537e6,Underground mining and beneficiation at Éléonore,"Underground, concentrator",Free-miling,Ag,0.368109922499999,0.0006615671742966747,mining,1603515.719235888,"Ag, usable ore",metal_economic
TECH-6dc537e6-2023.0-6.0,2023.0,Energy,Gasoline,GJ,10018.1179,,QC-MAIN-6dc537e6,,CMP-4a434d72,NewmontCorporation_2023-Performance-data,10018117.9,direct_unit,gj→MJ factor=1000.0,MJ,False,QC-MAIN-6dc537e6,Underground mining and beneficiation at Éléonore,"Underground, concentrator",Free-miling,Au,7.216012,0.9993384328257033,mining,1387399.3338770953,"Au, usable ore",metal_economic
TECH-6dc537e6-2023.0-6.0,2023.0,Energy,Gasoline,GJ,10018.1179,,QC-MAIN-6dc537e6,,CMP-4a434d72,NewmontCorporation_2023-Performance-data,10018117.9,direct_unit,gj→MJ factor=1000.0,MJ,False,QC-MAIN-6dc537e6,Underground mining and beneficiation at Éléonore,"Underground, concentrator",Free-miling,Ag,0.368109922499999,0.0006615671742966747,mining,18004.562077171267,"Ag, usable ore",metal_economic
TECH-6dc537e6-2023.0-11.0,2023.0,Energy,Propane,GJ,142393.17415,,QC-MAIN-6dc537e6,,CMP-4a434d72,NewmontCorporation_2023-Performance-data,142393174.15,direct_unit,gj→MJ factor=1000.0,MJ,False,QC-MAIN-6dc537e6,Underground mining and beneficiation at Éléonore,"Underground, concentrator",Free-miling,Au,7.216012,0.9993384328257033,mining,19719891.194767755,"Au, usable ore",metal_economic
TECH-6dc537e6-2023.0-11.0,2023.0,Energy,Propane,GJ,142393.17415,,QC-MAIN-6dc537e6,,CMP-4a434d72,NewmontCorporation_2023-Performance-data,142393174.15,direct_unit,gj→MJ factor=1000.0,MJ,False,QC-MAIN-6dc537e6,Underground mining and beneficiation at Éléonore,"Underground, concentrator",Free-miling,Ag,0.368109922499999,0.0006615671742966747,mining,255909.02092988286,"Ag, usable ore",metal_economic
TECH-6b4800fe-2023.0-1.0,2023.0,Energy,Diesel,GJ,1683653.0,,BC-MAIN-6b4800fe,,CMP-e35f138c,TasekoMinesLimited_ESG_2023,1683653000.0,direct_unit,gj→MJ factor=1000.0,MJ,False,BC-MAIN-6b4800fe,Open-pit mining and beneficiation at Gibraltar,"Open-pit, concentrator","Porphyry sulfide, flotation-based",Cu,55610.3792,0.960110067742726,mining,29068.1743073826,"Cu, usable ore",metal_economic
TECH-6b4800fe-2023.0-1.0,2023.0,Energy,Diesel,GJ,1683653.0,,BC-MAIN-6b4800fe,,CMP-e35f138c,TasekoMinesLimited_ESG_2023,1683653000.0,direct_unit,gj→MJ factor=1000.0,MJ,False,BC-MAIN-6b4800fe,Open-pit mining and beneficiation at Gibraltar,"Open-pit, concentrator","Porphyry sulfide, flotation-based",Mo,545.217584,0.03988993225727399,mining,123181.65460114017,"Mo, usable ore",metal_economic
TECH-6b4800fe-2023.0-2.0,2023.0,Energy,Electricity consumption|Grid electricity,GJ,1695665.0,,BC-MAIN-6b4800fe,,CMP-e35f138c,TasekoMinesLimited_ESG_2023,1695665000.0,direct_unit,gj→MJ factor=1000.0,MJ,False,BC-MAIN-6b4800fe,Open-pit mining and beneficiation at Gibraltar,"Open-pit, concentrator","Porphyry sulfide, flotation-based",Cu,55610.3792,0.960110067742726,mining,29275.560811478324,"Cu, usable ore",metal_economic
TECH-6b4800fe-2023.0-2.0,2023.0,Energy,Electricity consumption|Grid electricity,GJ,1695665.0,,BC-MAIN-6b4800fe,,CMP-e35f138c,TasekoMinesLimited_ESG_2023,1695665000.0,direct_unit,gj→MJ factor=1000.0,MJ,False,BC-MAIN-6b4800fe,Open-pit mining and beneficiation at Gibraltar,"Open-pit, concentrator","Porphyry sulfide, flotation-based",Mo,545.217584,0.03988993225727399,mining,124060.49248226467,"Mo, usable ore",metal_economic
TECH-6b4800fe-2023.0-3.0,2023.0,Energy,Gasoline,GJ,38791.0,,BC-MAIN-6b4800fe,,CMP-e35f138c,TasekoMinesLimited_ESG_2023,38791000.0,direct_unit,gj→MJ factor=1000.0,MJ,False,BC-MAIN-6b4800fe,Open-pit mining and beneficiation at Gibraltar,"Open-pit, concentrator","Porphyry sulfide, flotation-based",Cu,55610.3792,0.960110067742726,mining,669.72443226584,"Cu, usable ore",metal_economic
TECH-6b4800fe-2023.0-3.0,2023.0,Energy,Gasoline,GJ,38791.0,,BC-MAIN-6b4800fe,,CMP-e35f138c,TasekoMinesLimited_ESG_2023,38791000.0,direct_unit,gj→MJ factor=1000.0,MJ,False,BC-MAIN-6b4800fe,Open-pit mining and beneficiation at Gibraltar,"Open-pit, concentrator","Porphyry sulfide, flotation-based",Mo,545.217584,0.03988993225727399,mining,2838.0786086164003,"Mo, usable ore",metal_economic
TECH-6b4800fe-2023.0-4.0,2023.0,Energy,Natural gas,GJ,186977.0,,BC-MAIN-6b4800fe,,CMP-e35f138c,TasekoMinesLimited_ESG_2023,186977000.0,direct_unit,gj→MJ factor=1000.0,MJ,False,BC-MAIN-6b4800fe,Open-pit mining and beneficiation at Gibraltar,"Open-pit, concentrator","Porphyry sulfide, flotation-based",Cu,55610.3792,0.960110067742726,mining,3228.1473839748905,"Cu, usable ore",metal_economic
TECH-6b4800fe-2023.0-4.0,2023.0,Energy,Natural gas,GJ,186977.0,,BC-MAIN-6b4800fe,,CMP-e35f138c,TasekoMinesLimited_ESG_2023,186977000.0,direct_unit,gj→MJ factor=1000.0,MJ,False,BC-MAIN-6b4800fe,Open-pit mining and beneficiation at Gibraltar,"Open-pit, concentrator","Porphyry sulfide, flotation-based",Mo,545.217584,0.03988993225727399,mining,13679.85934890229,"Mo, usable ore",metal_economic
TECH-6b4800fe-2023.0-5.0,2023.0,Energy,Propane,GJ,453.0,,BC-MAIN-6b4800fe,,CMP-e35f138c,TasekoMinesLimited_ESG_2023,453000.0,direct_unit,gj→MJ factor=1000.0,MJ,False,BC-MAIN-6b4800fe,Open-pit mining and beneficiation at Gibraltar,"Open-pit, concentrator","Porphyry sulfide, flotation-based",Cu,55610.3792,0.960110067742726,mining,7.821019510103517,"Cu, usable ore",metal_economic
TECH-6b4800fe-2023.0-5.0,2023.0,Energy,Propane,GJ,453.0,,BC-MAIN-6b4800fe,,CMP-e35f138c,TasekoMinesLimited_ESG_2023,453000.0,direct_unit,gj→MJ factor=1000.0,MJ,False,BC-MAIN-6b4800fe,Open-pit mining and beneficiation at Gibraltar,"Open-pit, concentrator","Porphyry sulfide, flotation-based",Mo,545.217584,0.03988993225727399,mining,33.14298702542418,"Mo, usable ore",metal_economic
TECH-c0660aec-2023.0-1.0,2023.0,Energy,Diesel,GJ,129455.0,,QC-MAIN-c0660aec,,CMP-6265c407,AgnicoEagleMinesLimited_2023-Sustainability-Performance_data,129455000.0,direct_unit,gj→MJ factor=1000.0,MJ,False,QC-MAIN-c0660aec,Underground mining and beneficiation at Goldex,"Underground, concentrator",Free-miling,Au,4.38505127595036,0.9988154287172059,mining,29486918.895050477,"Au, usable ore",metal_economic
TECH-c0660aec-2023.0-1.0,2023.0,Energy,Diesel,GJ,129455.0,,QC-MAIN-c0660aec,,CMP-6265c407,AgnicoEagleMinesLimited_2023-Sustainability-Performance_data,129455000.0,direct_unit,gj→MJ factor=1000.0,MJ,False,QC-MAIN-c0660aec,Underground mining and beneficiation at Goldex,"Underground, concentrator",Free-miling,Cu,39.036758,0.0011845712827941936,mining,3928.3148312193944,"Cu, usable ore",metal_economic
TECH-c0660aec-2023.0-2.0,2023.0,Energy,Electricity consumption|Grid electricity,kWh,178921745.0,,QC-MAIN-c0660aec,,CMP-6265c407,AgnicoEagleMinesLimited_2023-Sustainability-Performance_data,644118282.0,direct_unit,kwh→MJ factor=3.6,MJ,False,QC-MAIN-c0660aec,Underground mining and beneficiation at Goldex,"Underground, concentrator",Free-miling,Au,4.38505127595036,0.9988154287172059,mining,146715565.56450698,"Au, usable ore",metal_economic
TECH-c0660aec-2023.0-2.0,2023.0,Energy,Electricity consumption|Grid electricity,kWh,178921745.0,,QC-MAIN-c0660aec,,CMP-6265c407,AgnicoEagleMinesLimited_2023-Sustainability-Performance_data,644118282.0,direct_unit,kwh→MJ factor=3.6,MJ,False,QC-MAIN-c0660aec,Underground mining and beneficiation at Goldex,"Underground, concentrator",Free-miling,Cu,39.036758,0.0011845712827941936,mining,19545.78347873899,"Cu, usable ore",metal_economic
TECH-c0660aec-2023.0-3.0,2023.0,Energy,Explosives,GJ,11047.0,,QC-MAIN-c0660aec,,CMP-6265c407,AgnicoEagleMinesLimited_2023-Sustainability-Performance_data,11047000.0,direct_unit,gj→MJ factor=1000.0,MJ,False,QC-MAIN-c0660aec,Underground mining and beneficiation at Goldex,"Underground, concentrator",Free-miling,Au,4.38505127595036,0.9988154287172059,mining,2516256.5604543868,"Au, usable ore",metal_economic
TECH-c0660aec-2023.0-3.0,2023.0,Energy,Explosives,GJ,11047.0,,QC-MAIN-c0660aec,,CMP-6265c407,AgnicoEagleMinesLimited_2023-Sustainability-Performance_data,11047000.0,direct_unit,gj→MJ factor=1000.0,MJ,False,QC-MAIN-c0660aec,Underground mining and beneficiation at Goldex,"Underground, concentrator",Free-miling,Cu,39.036758,0.0011845712827941936,mining,335.221458734546,"Cu, usable ore",metal_economic
TECH-c0660aec-2023.0-4.0,2023.0,Energy,Light Fuel & Gasoline,GJ,1347.0,,QC-MAIN-c0660aec,,CMP-6265c407,AgnicoEagleMinesLimited_2023-Sustainability-Performance_data,1347000.0,direct_unit,gj→MJ factor=1000.0,MJ,False,QC-MAIN-c0660aec,Underground mining and beneficiation at Goldex,"Underground, concentrator",Free-miling,Au,4.38505127595036,0.9988154287172059,mining,306816.1117889073,"Au, usable ore",metal_economic
TECH-c0660aec-2023.0-4.0,2023.0,Energy,Light Fuel & Gasoline,GJ,1347.0,,QC-MAIN-c0660aec,,CMP-6265c407,AgnicoEagleMinesLimited_2023-Sustainability-Performance_data,1347000.0,direct_unit,gj→MJ factor=1000.0,MJ,False,QC-MAIN-c0660aec,Underground mining and beneficiation at Goldex,"Underground, concentrator",Free-miling,Cu,39.036758,0.0011845712827941936,mining,40.87474471942006,"Cu, usable ore",metal_economic
TECH-c0660aec-2023.0-5.0,2023.0,Energy,Natural gas,GJ,86234.0,,QC-MAIN-c0660aec,,CMP-6265c407,AgnicoEagleMinesLimited_2023-Sustainability-Performance_data,86234000.0,direct_unit,gj→MJ factor=1000.0,MJ,False,QC-MAIN-c0660aec,Underground mining and beneficiation at Goldex,"Underground, concentrator",Free-miling,Au,4.38505127595036,0.9988154287172059,mining,19642153.366001956,"Au, usable ore",metal_economic
TECH-c0660aec-2023.0-5.0,2023.0,Energy,Natural gas,GJ,86234.0,,QC-MAIN-c0660aec,,CMP-6265c407,AgnicoEagleMinesLimited_2023-Sustainability-Performance_data,86234000.0,direct_unit,gj→MJ factor=1000.0,MJ,False,QC-MAIN-c0660aec,Underground mining and beneficiation at Goldex,"Underground, concentrator",Free-miling,Cu,39.036758,0.0011845712827941936,mining,2616.7726326165325,"Cu, usable ore",metal_economic
TECH-6e9be24e-2023.0-1.0,2023.0,Energy,Electricity consumption|Non-renewable electricity use,GJ,619000.0,,ON-MAIN-6e9be24e,,CMP-79bcdb91,BarrickGoldCorporation_Barrick_2023_Performance-Data,619000000.0,direct_unit,gj→MJ factor=1000.0,MJ,False,ON-MAIN-6e9be24e,Open-pit and underground mining and beneficiation at Hemlo (Williams),"Open-pit, underground, concentrator",Free-miling,Au,4.3869931575,1.0,mining,141098920.78171083,"Au, usable ore",metal_economic
TECH-6e9be24e-2023.0-2.0,2023.0,Energy,Non-renewable fuel use,GJ,301000.0,,ON-MAIN-6e9be24e,,CMP-79bcdb91,BarrickGoldCorporation_Barrick_2023_Performance-Data,301000000.0,direct_unit,gj→MJ factor=1000.0,MJ,False,ON-MAIN-6e9be24e,Open-pit and underground mining and beneficiation at Hemlo (Williams),"Open-pit, underground, concentrator",Free-miling,Au,4.3869931575,1.0,mining,68611914.62890947,"Au, usable ore",metal_economic
TECH-687b8c8d-2023.0-1.0,2023.0,Energy,Diesel,GJ,211308.0,,ON-MAIN-687b8c8d,,CMP-3a4ccc7f,AlamosGoldInc_Data_2023,211308000.0,direct_unit,gj→MJ factor=1000.0,MJ,False,ON-MAIN-687b8c8d,Underground mining and beneficiation at Island,"Underground, concentrator",Free-miling,Au,4.0869999,1.0,mining,51702472.51535288,"Au, usable ore",metal_economic
TECH-687b8c8d-2023.0-2.0,2023.0,Energy,Electricity consumption|Generated on-site,GJ,717.0,,ON-MAIN-687b8c8d,,CMP-3a4ccc7f,AlamosGoldInc_Data_2023,717000.0,direct_unit,gj→MJ factor=1000.0,MJ,False,ON-MAIN-687b8c8d,Underground mining and beneficiation at Island,"Underground, concentrator",Free-miling,Au,4.0869999,1.0,mining,175434.30818288005,"Au, usable ore",metal_economic
TECH-687b8c8d-2023.0-3.0,2023.0,Energy,Electricity consumption|Grid electricity,GJ,334179.0,,ON-MAIN-687b8c8d,,CMP-3a4ccc7f,AlamosGoldInc_Data_2023,334179000.0,direct_unit,gj→MJ factor=1000.0,MJ,False,ON-MAIN-687b8c8d,Underground mining and beneficiation at Island,"Underground, concentrator",Free-miling,Au,4.0869999,1.0,mining,81766334.27370526,"Au, usable ore",metal_economic
TECH-687b8c8d-2023.0-4.0,2023.0,Energy,Gasoline,GJ,14406.0,,ON-MAIN-687b8c8d,,CMP-3a4ccc7f,AlamosGoldInc_Data_2023,14406000.0,direct_unit,gj→MJ factor=1000.0,MJ,False,ON-MAIN-687b8c8d,Underground mining and beneficiation at Island,"Underground, concentrator",Free-miling,Au,4.0869999,1.0,mining,3524834.9284275733,"Au, usable ore",metal_economic
TECH-687b8c8d-2023.0-5.0,2023.0,Energy,Propane,GJ,72011.0,,ON-MAIN-687b8c8d,,CMP-3a4ccc7f,AlamosGoldInc_Data_2023,72011000.0,direct_unit,gj→MJ factor=1000.0,MJ,False,ON-MAIN-687b8c8d,Underground mining and beneficiation at Island,"Underground, concentrator",Free-miling,Au,4.0869999,1.0,mining,17619525.755310148,"Au, usable ore",metal_economic
TECH-44857446-2023.0-1.0,2023.0,Energy,Diesel|Mobile equipment,gallons,409793.0,,YT-MAIN-44857446,,CMP-7e360a1f,HeclaMiningCompany_SR_2023,55697075.44526765,lhv+density,"diesel MJ/kg=43.0, dens=0.835 kg/L",MJ,False,YT-MAIN-44857446,Underground mining and beneficiation at Keno Hill Silver District,"Underground, concentrator",High-grade polymetallic Pb-Zn-Ag,Ag,46.7354037195,0.8400656382176023,mining,1001151.0655092568,"Ag, usable ore",metal_economic
TECH-44857446-2023.0-1.0,2023.0,Energy,Diesel|Mobile equipment,gallons,409793.0,,YT-MAIN-44857446,,CMP-7e360a1f,HeclaMiningCompany_SR_2023,55697075.44526765,lhv+density,"diesel MJ/kg=43.0, dens=0.835 kg/L",MJ,False,YT-MAIN-44857446,Underground mining and beneficiation at Keno Hill Silver District,"Underground, concentrator",High-grade polymetallic Pb-Zn-Ag,Zn,1339.0,0.09236316898100091,mining,3841.940546003594,"Zn, usable ore",metal_economic
TECH-44857446-2023.0-1.0,2023.0,Energy,Diesel|Mobile equipment,gallons,409793.0,,YT-MAIN-44857446,,CMP-7e360a1f,HeclaMiningCompany_SR_2023,55697075.44526765,lhv+density,"diesel MJ/kg=43.0, dens=0.835 kg/L",MJ,False,YT-MAIN-44857446,Underground mining and beneficiation at Keno Hill Silver District,"Underground, concentrator",High-grade polymetallic Pb-Zn-Ag,Pb,1225.0,0.06757119280139672,mining,3072.259447662138,"Pb, usable ore",metal_economic
TECH-44857446-2023.0-2.0,2023.0,Energy,Electricity consumption|Not specified,kWh,17595388.0,,YT-MAIN-44857446,,CMP-7e360a1f,HeclaMiningCompany_SR_2023,63343396.8,direct_unit,kwh→MJ factor=3.6,MJ,False,YT-MAIN-44857446,Underground mining and beneficiation at Keno Hill Silver District,"Underground, concentrator",High-grade polymetallic Pb-Zn-Ag,Ag,46.7354037195,0.8400656382176023,mining,1138593.161172592,"Ag, usable ore",metal_economic
TECH-44857446-2023.0-2.0,2023.0,Energy,Electricity consumption|Not specified,kWh,17595388.0,,YT-MAIN-44857446,,CMP-7e360a1f,HeclaMiningCompany_SR_2023,63343396.8,direct_unit,kwh→MJ factor=3.6,MJ,False,YT-MAIN-44857446,Underground mining and beneficiation at Keno Hill Silver District,"Underground, concentrator",High-grade polymetallic Pb-Zn-Ag,Zn,1339.0,0.09236316898100091,mining,4369.377791238979,"Zn, usable ore",metal_economic
TECH-44857446-2023.0-2.0,2023.0,Energy,Electricity consumption|Not specified,kWh,17595388.0,,YT-MAIN-44857446,,CMP-7e360a1f,HeclaMiningCompany_SR_2023,63343396.8,direct_unit,kwh→MJ factor=3.6,MJ,False,YT-MAIN-44857446,Underground mining and beneficiation at Keno Hill Silver District,"Underground, concentrator",High-grade polymetallic Pb-Zn-Ag,Pb,1225.0,0.06757119280139672,mining,3494.031737035245,"Pb, usable ore",metal_economic
TECH-44857446-2023.0-3.0,2023.0,Energy,Gasoline|Mobile equipment,gallons,67158.0,,YT-MAIN-44857446,,CMP-7e360a1f,HeclaMiningCompany_SR_2023,8333350.1134884,lhv+density,"gasoline MJ/kg=44.0, dens=0.745 kg/L",MJ,False,YT-MAIN-44857446,Underground mining and beneficiation at Keno Hill Silver District,"Underground, concentrator",High-grade polymetallic Pb-Zn-Ag,Ag,46.7354037195,0.8400656382176023,mining,149791.38991918945,"Ag, usable ore",metal_economic
TECH-44857446-2023.0-3.0,2023.0,Energy,Gasoline|Mobile equipment,gallons,67158.0,,YT-MAIN-44857446,,CMP-7e360a1f,HeclaMiningCompany_SR_2023,8333350.1134884,lhv+density,"gasoline MJ/kg=44.0, dens=0.745 kg/L",MJ,False,YT-MAIN-44857446,Underground mining and beneficiation at Keno Hill Silver District,"Underground, concentrator",High-grade polymetallic Pb-Zn-Ag,Zn,1339.0,0.09236316898100091,mining,574.8279497460584,"Zn, usable ore",metal_economic
TECH-44857446-2023.0-3.0,2023.0,Energy,Gasoline|Mobile equipment,gallons,67158.0,,YT-MAIN-44857446,,CMP-7e360a1f,HeclaMiningCompany_SR_2023,8333350.1134884,lhv+density,"gasoline MJ/kg=44.0, dens=0.745 kg/L",MJ,False,YT-MAIN-44857446,Underground mining and beneficiation at Keno Hill Silver District,"Underground, concentrator",High-grade polymetallic Pb-Zn-Ag,Pb,1225.0,0.06757119280139672,mining,459.6689038367885,"Pb, usable ore",metal_economic
TECH-44857446-2023.0-4.0,2023.0,Energy,Propane,gallons,422621.0,,YT-MAIN-44857446,,CMP-7e360a1f,HeclaMiningCompany_SR_2023,36595602.20983067,lhv+density,"propane MJ/kg=46.4, dens=0.493 kg/L",MJ,False,YT-MAIN-44857446,Underground mining and beneficiation at Keno Hill Silver District,"Underground, concentrator",High-grade polymetallic Pb-Zn-Ag,Ag,46.7354037195,0.8400656382176023,mining,657803.4098276492,"Ag, usable ore",metal_economic
TECH-44857446-2023.0-4.0,2023.0,Energy,Propane,gallons,422621.0,,YT-MAIN-44857446,,CMP-7e360a1f,HeclaMiningCompany_SR_2023,36595602.20983067,lhv+density,"propane MJ/kg=46.4, dens=0.493 kg/L",MJ,False,YT-MAIN-44857446,Underground mining and beneficiation at Keno Hill Silver District,"Underground, concentrator",High-grade polymetallic Pb-Zn-Ag,Zn,1339.0,0.09236316898100091,mining,2524.3359155101425,"Zn, usable ore",metal_economic
TECH-44857446-2023.0-4.0,2023.0,Energy,Propane,gallons,422621.0,,YT-MAIN-44857446,,CMP-7e360a1f,HeclaMiningCompany_SR_2023,36595602.20983067,lhv+density,"propane MJ/kg=46.4, dens=0.493 kg/L",MJ,False,YT-MAIN-44857446,Underground mining and beneficiation at Keno Hill Silver District,"Underground, concentrator",High-grade polymetallic Pb-Zn-Ag,Pb,1225.0,0.06757119280139672,mining,2018.6191776356638,"Pb, usable ore",metal_economic
TECH-9de9bb0d-2023.0-1.0,2023.0,Energy,Diesel,kl,1188.0,,QC-MAIN-9de9bb0d,,CMP-3d2c4955,WesdomeGoldMinesLtd._ESG_data_2023,42655140.0,lhv+density,"diesel MJ/kg=43.0, dens=0.835 kg/L",MJ,False,QC-MAIN-9de9bb0d,Open-pit mining and beneficiation at Kiena,"Open-pit, concentrator",Free-miling,Au,1.1053250795,0.9989391993518907,mining,38549646.78727604,"Au, usable ore",metal_economic
TECH-9de9bb0d-2023.0-1.0,2023.0,Energy,Diesel,kl,1188.0,,QC-MAIN-9de9bb0d,,CMP-3d2c4955,WesdomeGoldMinesLtd._ESG_data_2023,42655140.0,lhv+density,"diesel MJ/kg=43.0, dens=0.835 kg/L",MJ,False,QC-MAIN-9de9bb0d,Open-pit mining and beneficiation at Kiena,"Open-pit, concentrator",Free-miling,Ag,0.090448978,0.0010608006481092256,mining,500266.57191405474,"Ag, usable ore",metal_economic
TECH-9de9bb0d-2023.0-2.0,2023.0,Energy,Electricity consumption|Generated on-site,MWh,10684.5,Given in MW in the Excel file but does not make sense,QC-MAIN-9de9bb0d,,CMP-3d2c4955,WesdomeGoldMinesLtd._ESG_data_2023,38464200.0,direct_unit,mwh→MJ factor=3600.0,MJ,False,QC-MAIN-9de9bb0d,Open-pit mining and beneficiation at Kiena,"Open-pit, concentrator",Free-miling,Au,1.1053250795,0.9989391993518907,mining,34762078.47296112,"Au, usable ore",metal_economic
TECH-9de9bb0d-2023.0-2.0,2023.0,Energy,Electricity consumption|Generated on-site,MWh,10684.5,Given in MW in the Excel file but does not make sense,QC-MAIN-9de9bb0d,,CMP-3d2c4955,WesdomeGoldMinesLtd._ESG_data_2023,38464200.0,direct_unit,mwh→MJ factor=3600.0,MJ,False,QC-MAIN-9de9bb0d,Open-pit mining and beneficiation at Kiena,"Open-pit, concentrator",Free-miling,Ag,0.090448978,0.0010608006481092256,mining,451114.53099008894,"Ag, usable ore",metal_economic
TECH-9de9bb0d-2023.0-3.0,2023.0,Energy,Electricity consumption|Grid electricity,MWh,32053.5,Given in MW in the Excel file but does not make sense,QC-MAIN-9de9bb0d,,CMP-3d2c4955,WesdomeGoldMinesLtd._ESG_data_2023,115392600.0,direct_unit,mwh→MJ factor=3600.0,MJ,False,QC-MAIN-9de9bb0d,Open-pit mining and beneficiation at Kiena,"Open-pit, concentrator",Free-miling,Au,1.1053250795,0.9989391993518907,mining,104286235.41888337,"Au, usable ore",metal_economic
TECH-9de9bb0d-2023.0-3.0,2023.0,Energy,Electricity consumption|Grid electricity,MWh,32053.5,Given in MW in the Excel file but does not make sense,QC-MAIN-9de9bb0d,,CMP-3d2c4955,WesdomeGoldMinesLtd._ESG_data_2023,115392600.0,direct_unit,mwh→MJ factor=3600.0,MJ,False,QC-MAIN-9de9bb0d,Open-pit mining and beneficiation at Kiena,"Open-pit, concentrator",Free-miling,Ag,0.090448978,0.0010608006481092256,mining,1353343.5929702667,"Ag, usable ore",metal_economic
TECH-9de9bb0d-2023.0-5.0,2023.0,Energy,Gasoline,kl,36.0,,QC-MAIN-9de9bb0d,,CMP-3d2c4955,WesdomeGoldMinesLtd._ESG_data_2023,1180080.0,lhv+density,"gasoline MJ/kg=44.0, dens=0.745 kg/L",MJ,False,QC-MAIN-9de9bb0d,Open-pit mining and beneficiation at Kiena,"Open-pit, concentrator",Free-miling,Au,1.1053250795,0.9989391993518907,mining,1066499.0709379623,"Au, usable ore",metal_economic
TECH-9de9bb0d-2023.0-5.0,2023.0,Energy,Gasoline,kl,36.0,,QC-MAIN-9de9bb0d,,CMP-3d2c4955,WesdomeGoldMinesLtd._ESG_data_2023,1180080.0,lhv+density,"gasoline MJ/kg=44.0, dens=0.745 kg/L",MJ,False,QC-MAIN-9de9bb0d,Open-pit mining and beneficiation at Kiena,"Open-pit, concentrator",Free-miling,Ag,0.090448978,0.0010608006481092256,mining,13840.174388932674,"Ag, usable ore",metal_economic
TECH-9de9bb0d-2023.0-6.0,2023.0,Energy,Natural gas,m3,1528.0,Expressed initially in kl,QC-MAIN-9de9bb0d,,CMP-3d2c4955,WesdomeGoldMinesLtd._ESG_data_2023,58064.0,lhv_factor,natural_gas MJ/m3=38.0,MJ,False,QC-MAIN-9de9bb0d,Open-pit mining and beneficiation at Kiena,"Open-pit, concentrator",Free-miling,Au,1.1053250795,0.9989391993518907,mining,52475.42713624656,"Au, usable ore",metal_economic
TECH-9de9bb0d-2023.0-6.0,2023.0,Energy,Natural gas,m3,1528.0,Expressed initially in kl,QC-MAIN-9de9bb0d,,CMP-3d2c4955,WesdomeGoldMinesLtd._ESG_data_2023,58064.0,lhv_factor,natural_gas MJ/m3=38.0,MJ,False,QC-MAIN-9de9bb0d,Open-pit mining and beneficiation at Kiena,"Open-pit, concentrator",Free-miling,Ag,0.090448978,0.0010608006481092256,mining,680.984243202992,"Ag, usable ore",metal_economic
TECH-a3c56a83-2023.0-1.0,2023.0,Energy,Diesel,kl,13849.0,,ON-MAIN-a3c56a83,,CMP-967076a1,ImpalaCanadaLtd_ESG_2024,497248345.0,lhv+density,"diesel MJ/kg=43.0, dens=0.835 kg/L",MJ,False,ON-MAIN-a3c56a83,Open-pit and underground mining and beneficiation at Lac des Iles,"Open-pit, underground, concentrator","Porphyry sulfide, flotation-based",Au,0.59407685,0.4669926650366748,mining,390877594.0631686,"Au, usable ore",metal_economic
TECH-a3c56a83-2023.0-1.0,2023.0,Energy,Diesel,kl,13849.0,,ON-MAIN-a3c56a83,,CMP-967076a1,ImpalaCanadaLtd_ESG_2024,497248345.0,lhv+density,"diesel MJ/kg=43.0, dens=0.835 kg/L",MJ,False,ON-MAIN-a3c56a83,Open-pit and underground mining and beneficiation at Lac des Iles,"Open-pit, underground, concentrator","Porphyry sulfide, flotation-based",Pt,0.6780563,0.5330073349633252,mining,390877594.0631687,"Pt, usable ore",metal_economic
TECH-a3c56a83-2023.0-1.0,2023.0,Energy,Diesel,kl,13849.0,,ON-MAIN-a3c56a83,,CMP-967076a1,ImpalaCanadaLtd_ESG_2024,497248345.0,lhv+density,"diesel MJ/kg=43.0, dens=0.835 kg/L",MJ,False,ON-MAIN-a3c56a83,Open-pit and underground mining and beneficiation at Lac des Iles,"Open-pit, underground, concentrator","Porphyry sulfide, flotation-based",Pd,0.7775875,,mining,,"Pd, usable ore",metal_economic
TECH-a3c56a83-2023.0-2.0,2023.0,Energy,Electricity consumption|Not specified,GWh,326.0,,ON-MAIN-a3c56a83,,CMP-967076a1,ImpalaCanadaLtd_ESG_2024,1173600000.0,direct_unit,gwh→MJ factor=3600000.0,MJ,False,ON-MAIN-a3c56a83,Open-pit and underground mining and beneficiation at Lac des Iles,"Open-pit, underground, concentrator","Porphyry sulfide, flotation-based",Au,0.59407685,0.4669926650366748,mining,922544939.57649,"Au, usable ore",metal_economic
TECH-a3c56a83-2023.0-2.0,2023.0,Energy,Electricity consumption|Not specified,GWh,326.0,,ON-MAIN-a3c56a83,,CMP-967076a1,ImpalaCanadaLtd_ESG_2024,1173600000.0,direct_unit,gwh→MJ factor=3600000.0,MJ,False,ON-MAIN-a3c56a83,Open-pit and underground mining and beneficiation at Lac des Iles,"Open-pit, underground, concentrator","Porphyry sulfide, flotation-based",Pt,0.6780563,0.5330073349633252,mining,922544939.5764902,"Pt, usable ore",metal_economic
TECH-a3c56a83-2023.0-2.0,2023.0,Energy,Electricity consumption|Not specified,GWh,326.0,,ON-MAIN-a3c56a83,,CMP-967076a1,ImpalaCanadaLtd_ESG_2024,1173600000.0,direct_unit,gwh→MJ factor=3600000.0,MJ,False,ON-MAIN-a3c56a83,Open-pit and underground mining and beneficiation at Lac des Iles,"Open-pit, underground, concentrator","Porphyry sulfide, flotation-based",Pd,0.7775875,,mining,,"Pd, usable ore",metal_economic
TECH-a3c56a83-2023.0-3.0,2023.0,Energy,Petrol,kl,422.0,,ON-MAIN-a3c56a83,,CMP-967076a1,ImpalaCanadaLtd_ESG_2024,13833160.0,lhv+density,"gasoline MJ/kg=44.0, dens=0.745 kg/L",MJ,False,ON-MAIN-a3c56a83,Open-pit and underground mining and beneficiation at Lac des Iles,"Open-pit, underground, concentrator","Porphyry sulfide, flotation-based",Au,0.59407685,0.4669926650366748,mining,10873987.522453919,"Au, usable ore",metal_economic
TECH-a3c56a83-2023.0-3.0,2023.0,Energy,Petrol,kl,422.0,,ON-MAIN-a3c56a83,,CMP-967076a1,ImpalaCanadaLtd_ESG_2024,13833160.0,lhv+density,"gasoline MJ/kg=44.0, dens=0.745 kg/L",MJ,False,ON-MAIN-a3c56a83,Open-pit and underground mining and beneficiation at Lac des Iles,"Open-pit, underground, concentrator","Porphyry sulfide, flotation-based",Pt,0.6780563,0.5330073349633252,mining,10873987.52245392,"Pt, usable ore",metal_economic
TECH-a3c56a83-2023.0-3.0,2023.0,Energy,Petrol,kl,422.0,,ON-MAIN-a3c56a83,,CMP-967076a1,ImpalaCanadaLtd_ESG_2024,13833160.0,lhv+density,"gasoline MJ/kg=44.0, dens=0.745 kg/L",MJ,False,ON-MAIN-a3c56a83,Open-pit and underground mining and beneficiation at Lac des Iles,"Open-pit, underground, concentrator","Porphyry sulfide, flotation-based",Pd,0.7775875,,mining,,"Pd, usable ore",metal_economic
TECH-f9e41c2a-2023.0-1.0,2023.0,Energy,Diesel|Mobile equipment,GJ,191632.0,,QC-MAIN-f9e41c2a,,CMP-64d60fd7,EldoradoGold_ESG_2023,191632000.0,direct_unit,gj→MJ factor=1000.0,MJ,False,QC-MAIN-f9e41c2a,Underground mining and beneficiation at Lamaque,"Underground, concentrator",Free-miling,Au,5.5074656415,0.9946873687025972,mining,34610098.77263637,"Au, usable ore",metal_economic
TECH-f9e41c2a-2023.0-1.0,2023.0,Energy,Diesel|Mobile equipment,GJ,191632.0,,QC-MAIN-f9e41c2a,,CMP-64d60fd7,EldoradoGold_ESG_2023,191632000.0,direct_unit,gj→MJ factor=1000.0,MJ,False,QC-MAIN-f9e41c2a,Underground mining and beneficiation at Lamaque,"Underground, concentrator",Free-miling,Ag,2.266698666,0.0053126312974027855,mining,449142.2596460339,"Ag, usable ore",metal_economic
TECH-f9e41c2a-2023.0-2.0,2023.0,Energy,Diesel|Stationary equipment,GJ,181.0,,QC-MAIN-f9e41c2a,,CMP-64d60fd7,EldoradoGold_ESG_2023,181000.0,direct_unit,gj→MJ factor=1000.0,MJ,False,QC-MAIN-f9e41c2a,Underground mining and beneficiation at Lamaque,"Underground, concentrator",Free-miling,Au,5.5074656415,0.9946873687025972,mining,32689.884141725714,"Au, usable ore",metal_economic
TECH-f9e41c2a-2023.0-2.0,2023.0,Energy,Diesel|Stationary equipment,GJ,181.0,,QC-MAIN-f9e41c2a,,CMP-64d60fd7,EldoradoGold_ESG_2023,181000.0,direct_unit,gj→MJ factor=1000.0,MJ,False,QC-MAIN-f9e41c2a,Underground mining and beneficiation at Lamaque,"Underground, concentrator",Free-miling,Ag,2.266698666,0.0053126312974027855,mining,424.2232455744977,"Ag, usable ore",metal_economic
TECH-f9e41c2a-2023.0-3.0,2023.0,Energy,Electricity consumption|Grid electricity,GJ,276713.0,,QC-MAIN-f9e41c2a,,CMP-64d60fd7,EldoradoGold_ESG_2023,276713000.0,direct_unit,gj→MJ factor=1000.0,MJ,False,QC-MAIN-f9e41c2a,Underground mining and beneficiation at Lamaque,"Underground, concentrator",Free-miling,Au,5.5074656415,0.9946873687025972,mining,49976330.997289225,"Au, usable ore",metal_economic
TECH-f9e41c2a-2023.0-3.0,2023.0,Energy,Electricity consumption|Grid electricity,GJ,276713.0,,QC-MAIN-f9e41c2a,,CMP-64d60fd7,EldoradoGold_ESG_2023,276713000.0,direct_unit,gj→MJ factor=1000.0,MJ,False,QC-MAIN-f9e41c2a,Underground mining and beneficiation at Lamaque,"Underground, concentrator",Free-miling,Ag,2.266698666,0.0053126312974027855,mining,648552.9665892594,"Ag, usable ore",metal_economic
TECH-f9e41c2a-2023.0-4.0,2023.0,Energy,Gasoline,GJ,3549.0,,QC-MAIN-f9e41c2a,,CMP-64d60fd7,EldoradoGold_ESG_2023,3549000.0,direct_unit,gj→MJ factor=1000.0,MJ,False,QC-MAIN-f9e41c2a,Underground mining and beneficiation at Lamaque,"Underground, concentrator",Free-miling,Au,5.5074656415,0.9946873687025972,mining,640974.579110412,"Au, usable ore",metal_economic
TECH-f9e41c2a-2023.0-4.0,2023.0,Energy,Gasoline,GJ,3549.0,,QC-MAIN-f9e41c2a,,CMP-64d60fd7,EldoradoGold_ESG_2023,3549000.0,direct_unit,gj→MJ factor=1000.0,MJ,False,QC-MAIN-f9e41c2a,Underground mining and beneficiation at Lamaque,"Underground, concentrator",Free-miling,Ag,2.266698666,0.0053126312974027855,mining,8318.056898032553,"Ag, usable ore",metal_economic
TECH-f9e41c2a-2023.0-5.0,2023.0,Energy,LPG|Mobile equipment,GJ,45.0,,QC-MAIN-f9e41c2a,,CMP-64d60fd7,EldoradoGold_ESG_2023,45000.0,direct_unit,gj→MJ factor=1000.0,MJ,False,QC-MAIN-f9e41c2a,Underground mining and beneficiation at Lamaque,"Underground, concentrator",Free-miling,Au,5.5074656415,0.9946873687025972,mining,8127.319261755013,"Au, usable ore",metal_economic
TECH-f9e41c2a-2023.0-5.0,2023.0,Energy,LPG|Mobile equipment,GJ,45.0,,QC-MAIN-f9e41c2a,,CMP-64d60fd7,EldoradoGold_ESG_2023,45000.0,direct_unit,gj→MJ factor=1000.0,MJ,False,QC-MAIN-f9e41c2a,Underground mining and beneficiation at Lamaque,"Underground, concentrator",Free-miling,Ag,2.266698666,0.0053126312974027855,mining,105.46986768426736,"Ag, usable ore",metal_economic
TECH-f9e41c2a-2023.0-6.0,2023.0,Energy,LPG|Stationary equipment,GJ,187.0,,QC-MAIN-f9e41c2a,,CMP-64d60fd7,EldoradoGold_ESG_2023,187000.0,direct_unit,gj→MJ factor=1000.0,MJ,False,QC-MAIN-f9e41c2a,Underground mining and beneficiation at Lamaque,"Underground, concentrator",Free-miling,Au,5.5074656415,0.9946873687025972,mining,33773.526709959726,"Au, usable ore",metal_economic
TECH-f9e41c2a-2023.0-6.0,2023.0,Energy,LPG|Stationary equipment,GJ,187.0,,QC-MAIN-f9e41c2a,,CMP-64d60fd7,EldoradoGold_ESG_2023,187000.0,direct_unit,gj→MJ factor=1000.0,MJ,False,QC-MAIN-f9e41c2a,Underground mining and beneficiation at Lamaque,"Underground, concentrator",Free-miling,Ag,2.266698666,0.0053126312974027855,mining,438.2858945990666,"Ag, usable ore",metal_economic
TECH-f9e41c2a-2023.0-7.0,2023.0,Energy,Natural gas,GJ,76904.0,,QC-MAIN-f9e41c2a,,CMP-64d60fd7,EldoradoGold_ESG_2023,76904000.0,direct_unit,gj→MJ factor=1000.0,MJ,False,QC-MAIN-f9e41c2a,Underground mining and beneficiation at Lamaque,"Underground, concentrator",Free-miling,Au,5.5074656415,0.9946873687025972,mining,13889408.01124461,"Au, usable ore",metal_economic
TECH-f9e41c2a-2023.0-7.0,2023.0,Energy,Natural gas,GJ,76904.0,,QC-MAIN-f9e41c2a,,CMP-64d60fd7,EldoradoGold_ESG_2023,76904000.0,direct_unit,gj→MJ factor=1000.0,MJ,False,QC-MAIN-f9e41c2a,Underground mining and beneficiation at Lamaque,"Underground, concentrator",Free-miling,Ag,2.266698666,0.0053126312974027855,mining,180245.6600975755,"Ag, usable ore",metal_economic
TECH-e51eda66-2023.0-1.0,2023.0,Energy,Diesel,GJ,391146.0,,QC-MAIN-e51eda66,,CMP-6265c407,AgnicoEagleMinesLimited_2023-Sustainability-Performance_data,391146000.0,direct_unit,gj→MJ factor=1000.0,MJ,False,QC-MAIN-e51eda66,Underground mining and beneficiation at LaRonde,"Underground, concentrator","Porphyry sulfide, flotation-based",Au,7.34014606849999,0.9065728489889606,mining,48309984.60812666,"Au, usable ore",metal_economic
TECH-e51eda66-2023.0-1.0,2023.0,Energy,Diesel,GJ,391146.0,,QC-MAIN-e51eda66,,CMP-6265c407,AgnicoEagleMinesLimited_2023-Sustainability-Performance_data,391146000.0,direct_unit,gj→MJ factor=1000.0,MJ,False,QC-MAIN-e51eda66,Underground mining and beneficiation at LaRonde,"Underground, concentrator","Porphyry sulfide, flotation-based",Ag,2.266698666,0.0036330625547482363,mining,626928.4520942819,"Ag, usable ore",metal_economic
TECH-e51eda66-2023.0-1.0,2023.0,Energy,Diesel,GJ,391146.0,,QC-MAIN-e51eda66,,CMP-6265c407,AgnicoEagleMinesLimited_2023-Sustainability-Performance_data,391146000.0,direct_unit,gj→MJ factor=1000.0,MJ,False,QC-MAIN-e51eda66,Underground mining and beneficiation at LaRonde,"Underground, concentrator","Porphyry sulfide, flotation-based",Cu,2577.960375,0.04241809250106339,mining,6435.966731808645,"Cu, usable ore",metal_economic
TECH-e51eda66-2023.0-1.0,2023.0,Energy,Diesel,GJ,391146.0,,QC-MAIN-e51eda66,,CMP-6265c407,AgnicoEagleMinesLimited_2023-Sustainability-Performance_data,391146000.0,direct_unit,gj→MJ factor=1000.0,MJ,False,QC-MAIN-e51eda66,Underground mining and beneficiation at LaRonde,"Underground, concentrator","Porphyry sulfide, flotation-based",Zn,7702.438517,0.047375995955227755,mining,2405.8525456586276,"Zn, usable ore",metal_economic
TECH-e51eda66-2023.0-2.0,2023.0,Energy,Electricity consumption|Grid electricity,kWh,469220285.0,,QC-MAIN-e51eda66,,CMP-6265c407,AgnicoEagleMinesLimited_2023-Sustainability-Performance_data,1689193026.0,direct_unit,kwh→MJ factor=3.6,MJ,False,QC-MAIN-e51eda66,Underground mining and beneficiation at LaRonde,"Underground, concentrator","Porphyry sulfide, flotation-based",Au,7.34014606849999,0.9065728489889606,mining,208630253.3739701,"Au, usable ore",metal_economic
TECH-e51eda66-2023.0-2.0,2023.0,Energy,Electricity consumption|Grid electricity,kWh,469220285.0,,QC-MAIN-e51eda66,,CMP-6265c407,AgnicoEagleMinesLimited_2023-Sustainability-Performance_data,1689193026.0,direct_unit,kwh→MJ factor=3.6,MJ,False,QC-MAIN-e51eda66,Underground mining and beneficiation at LaRonde,"Underground, concentrator","Porphyry sulfide, flotation-based",Ag,2.266698666,0.0036330625547482363,mining,2707437.041612687,"Ag, usable ore",metal_economic
TECH-e51eda66-2023.0-2.0,2023.0,Energy,Electricity consumption|Grid electricity,kWh,469220285.0,,QC-MAIN-e51eda66,,CMP-6265c407,AgnicoEagleMinesLimited_2023-Sustainability-Performance_data,1689193026.0,direct_unit,kwh→MJ factor=3.6,MJ,False,QC-MAIN-e51eda66,Underground mining and beneficiation at LaRonde,"Underground, concentrator","Porphyry sulfide, flotation-based",Cu,2577.960375,0.04241809250106339,mining,27794.199912409116,"Cu, usable ore",metal_economic
TECH-e51eda66-2023.0-2.0,2023.0,Energy,Electricity consumption|Grid electricity,kWh,469220285.0,,QC-MAIN-e51eda66,,CMP-6265c407,AgnicoEagleMinesLimited_2023-Sustainability-Performance_data,1689193026.0,direct_unit,kwh→MJ factor=3.6,MJ,False,QC-MAIN-e51eda66,Underground mining and beneficiation at LaRonde,"Underground, concentrator","Porphyry sulfide, flotation-based",Zn,7702.438517,0.047375995955227755,mining,10389.852744783024,"Zn, usable ore",metal_economic
TECH-e51eda66-2023.0-3.0,2023.0,Energy,Explosives,GJ,6280.0,,QC-MAIN-e51eda66,,CMP-6265c407,AgnicoEagleMinesLimited_2023-Sustainability-Performance_data,6280000.0,direct_unit,gj→MJ factor=1000.0,MJ,False,QC-MAIN-e51eda66,Underground mining and beneficiation at LaRonde,"Underground, concentrator","Porphyry sulfide, flotation-based",Au,7.34014606849999,0.9065728489889606,mining,775635.4490114573,"Au, usable ore",metal_economic
TECH-e51eda66-2023.0-3.0,2023.0,Energy,Explosives,GJ,6280.0,,QC-MAIN-e51eda66,,CMP-6265c407,AgnicoEagleMinesLimited_2023-Sustainability-Performance_data,6280000.0,direct_unit,gj→MJ factor=1000.0,MJ,False,QC-MAIN-e51eda66,Underground mining and beneficiation at LaRonde,"Underground, concentrator","Porphyry sulfide, flotation-based",Ag,2.266698666,0.0036330625547482363,mining,10065.57827295202,"Ag, usable ore",metal_economic
TECH-e51eda66-2023.0-3.0,2023.0,Energy,Explosives,GJ,6280.0,,QC-MAIN-e51eda66,,CMP-6265c407,AgnicoEagleMinesLimited_2023-Sustainability-Performance_data,6280000.0,direct_unit,gj→MJ factor=1000.0,MJ,False,QC-MAIN-e51eda66,Underground mining and beneficiation at LaRonde,"Underground, concentrator","Porphyry sulfide, flotation-based",Cu,2577.960375,0.04241809250106339,mining,103.33192995903907,"Cu, usable ore",metal_economic
TECH-e51eda66-2023.0-3.0,2023.0,Energy,Explosives,GJ,6280.0,,QC-MAIN-e51eda66,,CMP-6265c407,AgnicoEagleMinesLimited_2023-Sustainability-Performance_data,6280000.0,direct_unit,gj→MJ factor=1000.0,MJ,False,QC-MAIN-e51eda66,Underground mining and beneficiation at LaRonde,"Underground, concentrator","Porphyry sulfide, flotation-based",Zn,7702.438517,0.047375995955227755,mining,38.62689120363287,"Zn, usable ore",metal_economic
TECH-e51eda66-2023.0-4.0,2023.0,Energy,Light Fuel & Gasoline,GJ,8329.0,,QC-MAIN-e51eda66,,CMP-6265c407,AgnicoEagleMinesLimited_2023-Sustainability-Performance_data,8329000.0,direct_unit,gj→MJ factor=1000.0,MJ,False,QC-MAIN-e51eda66,Underground mining and beneficiation at LaRonde,"Underground, concentrator","Porphyry sulfide, flotation-based",Au,7.34014606849999,0.9065728489889606,mining,1028705.0405758644,"Au, usable ore",metal_economic
TECH-e51eda66-2023.0-4.0,2023.0,Energy,Light Fuel & Gasoline,GJ,8329.0,,QC-MAIN-e51eda66,,CMP-6265c407,AgnicoEagleMinesLimited_2023-Sustainability-Performance_data,8329000.0,direct_unit,gj→MJ factor=1000.0,MJ,False,QC-MAIN-e51eda66,Underground mining and beneficiation at LaRonde,"Underground, concentrator","Porphyry sulfide, flotation-based",Ag,2.266698666,0.0036330625547482363,mining,13349.713604365821,"Ag, usable ore",metal_economic
TECH-e51eda66-2023.0-4.0,2023.0,Energy,Light Fuel & Gasoline,GJ,8329.0,,QC-MAIN-e51eda66,,CMP-6265c407,AgnicoEagleMinesLimited_2023-Sustainability-Performance_data,8329000.0,direct_unit,gj→MJ factor=1000.0,MJ,False,QC-MAIN-e51eda66,Underground mining and beneficiation at LaRonde,"Underground, concentrator","Porphyry sulfide, flotation-based",Cu,2577.960375,0.04241809250106339,mining,137.0464402275217,"Cu, usable ore",metal_economic
TECH-e51eda66-2023.0-4.0,2023.0,Energy,Light Fuel & Gasoline,GJ,8329.0,,QC-MAIN-e51eda66,,CMP-6265c407,AgnicoEagleMinesLimited_2023-Sustainability-Performance_data,8329000.0,direct_unit,gj→MJ factor=1000.0,MJ,False,QC-MAIN-e51eda66,Underground mining and beneficiation at LaRonde,"Underground, concentrator","Porphyry sulfide, flotation-based",Zn,7702.438517,0.047375995955227755,mining,51.22983707564621,"Zn, usable ore",metal_economic
TECH-e51eda66-2023.0-5.0,2023.0,Energy,Natural gas,GJ,297435.0,,QC-MAIN-e51eda66,,CMP-6265c407,AgnicoEagleMinesLimited_2023-Sustainability-Performance_data,297435000.0,direct_unit,gj→MJ factor=1000.0,MJ,False,QC-MAIN-e51eda66,Underground mining and beneficiation at LaRonde,"Underground, concentrator","Porphyry sulfide, flotation-based",Au,7.34014606849999,0.9065728489889606,mining,36735848.69056095,"Au, usable ore",metal_economic
TECH-e51eda66-2023.0-5.0,2023.0,Energy,Natural gas,GJ,297435.0,,QC-MAIN-e51eda66,,CMP-6265c407,AgnicoEagleMinesLimited_2023-Sustainability-Performance_data,297435000.0,direct_unit,gj→MJ factor=1000.0,MJ,False,QC-MAIN-e51eda66,Underground mining and beneficiation at LaRonde,"Underground, concentrator","Porphyry sulfide, flotation-based",Ag,2.266698666,0.0036330625547482363,mining,476728.5467540579,"Ag, usable ore",metal_economic
TECH-e51eda66-2023.0-5.0,2023.0,Energy,Natural gas,GJ,297435.0,,QC-MAIN-e51eda66,,CMP-6265c407,AgnicoEagleMinesLimited_2023-Sustainability-Performance_data,297435000.0,direct_unit,gj→MJ factor=1000.0,MJ,False,QC-MAIN-e51eda66,Underground mining and beneficiation at LaRonde,"Underground, concentrator","Porphyry sulfide, flotation-based",Cu,2577.960375,0.04241809250106339,mining,4894.033851491526,"Cu, usable ore",metal_economic
TECH-e51eda66-2023.0-5.0,2023.0,Energy,Natural gas,GJ,297435.0,,QC-MAIN-e51eda66,,CMP-6265c407,AgnicoEagleMinesLimited_2023-Sustainability-Performance_data,297435000.0,direct_unit,gj→MJ factor=1000.0,MJ,False,QC-MAIN-e51eda66,Underground mining and beneficiation at LaRonde,"Underground, concentrator","Porphyry sulfide, flotation-based",Zn,7702.438517,0.047375995955227755,mining,1829.4569084637808,"Zn, usable ore",metal_economic
TECH-1f126a43-2023.0-1.0,2023.0,Energy,Diesel,GJ,91423.0,,ON-MAIN-1f126a43,,CMP-6265c407,AgnicoEagleMinesLimited_2023-Sustainability-Performance_data,91423000.0,direct_unit,gj→MJ factor=1000.0,MJ,False,ON-MAIN-1f126a43,Underground mining and beneficiation at Macassa,"Underground, concentrator",Free-miling,Au,7.1082383725,1.0,mining,12861555.171488447,"Au, usable ore",metal_economic
TECH-1f126a43-2023.0-2.0,2023.0,Energy,Electricity consumption|Grid electricity,kWh,182554670.0,,ON-MAIN-1f126a43,,CMP-6265c407,AgnicoEagleMinesLimited_2023-Sustainability-Performance_data,657196812.0,direct_unit,kwh→MJ factor=3.6,MJ,False,ON-MAIN-1f126a43,Underground mining and beneficiation at Macassa,"Underground, concentrator",Free-miling,Au,7.1082383725,1.0,mining,92455651.81698611,"Au, usable ore",metal_economic
TECH-1f126a43-2023.0-3.0,2023.0,Energy,Explosives,GJ,82576.0,,ON-MAIN-1f126a43,,CMP-6265c407,AgnicoEagleMinesLimited_2023-Sustainability-Performance_data,82576000.0,direct_unit,gj→MJ factor=1000.0,MJ,False,ON-MAIN-1f126a43,Underground mining and beneficiation at Macassa,"Underground, concentrator",Free-miling,Au,7.1082383725,1.0,mining,11616942.99947311,"Au, usable ore",metal_economic
TECH-1f126a43-2023.0-4.0,2023.0,Energy,Light Fuel & Gasoline,GJ,6440.0,,ON-MAIN-1f126a43,,CMP-6265c407,AgnicoEagleMinesLimited_2023-Sustainability-Performance_data,6440000.0,direct_unit,gj→MJ factor=1000.0,MJ,False,ON-MAIN-1f126a43,Underground mining and beneficiation at Macassa,"Underground, concentrator",Free-miling,Au,7.1082383725,1.0,mining,905991.0012183543,"Au, usable ore",metal_economic
TECH-1f126a43-2023.0-5.0,2023.0,Energy,Natural gas,GJ,327090.0,,ON-MAIN-1f126a43,,CMP-6265c407,AgnicoEagleMinesLimited_2023-Sustainability-Performance_data,327090000.0,direct_unit,gj→MJ factor=1000.0,MJ,False,ON-MAIN-1f126a43,Underground mining and beneficiation at Macassa,"Underground, concentrator",Free-miling,Au,7.1082383725,1.0,mining,46015620.58827818,"Au, usable ore",metal_economic
TECH-1f126a43-2023.0-6.0,2023.0,Energy,Propane,GJ,658.0,,ON-MAIN-1f126a43,,CMP-6265c407,AgnicoEagleMinesLimited_2023-Sustainability-Performance_data,658000.0,direct_unit,gj→MJ factor=1000.0,MJ,False,ON-MAIN-1f126a43,Underground mining and beneficiation at Macassa,"Underground, concentrator",Free-miling,Au,7.1082383725,1.0,mining,92568.64577665794,"Au, usable ore",metal_economic
TECH-GRP-0a2c0d69-2023.0-1.0,2023.0,Energy,Diesel,GJ,3590887.0,,,GRP-0a2c0d69,CMP-6265c407,AgnicoEagleMinesLimited_2023-Sustainability-Performance_data,3590887000.0,direct_unit,gj→MJ factor=1000.0,MJ,False,GRP-0a2c0d69,Open-pit and underground mining at Meadowbank complex,"Open-pit, underground",Free-miling,Au,13.4263118300476,0.996256182622859,mining,266450192.73601714,"Au, usable ore",metal_economic
TECH-GRP-0a2c0d69-2023.0-1.0,2023.0,Energy,Diesel,GJ,3590887.0,,,GRP-0a2c0d69,CMP-6265c407,AgnicoEagleMinesLimited_2023-Sustainability-Performance_data,3590887000.0,direct_unit,gj→MJ factor=1000.0,MJ,False,GRP-0a2c0d69,Open-pit and underground mining at Meadowbank complex,"Open-pit, underground",Free-miling,Ag,3.8879375,0.003743817377141018,mining,3457778.1021299283,"Ag, usable ore",metal_economic
TECH-GRP-0a2c0d69-2023.0-2.0,2023.0,Energy,Electricity consumption|Generated on-site,kWh,164987364.0,,,GRP-0a2c0d69,CMP-6265c407,AgnicoEagleMinesLimited_2023-Sustainability-Performance_data,593954510.4,direct_unit,kwh→MJ factor=3.6,MJ,False,GRP-0a2c0d69,Open-pit and underground mining at Meadowbank complex,"Open-pit, underground",Free-miling,Au,13.4263118300476,0.996256182622859,mining,44072479.52177461,"Au, usable ore",metal_economic
TECH-GRP-0a2c0d69-2023.0-2.0,2023.0,Energy,Electricity consumption|Generated on-site,kWh,164987364.0,,,GRP-0a2c0d69,CMP-6265c407,AgnicoEagleMinesLimited_2023-Sustainability-Performance_data,593954510.4,direct_unit,kwh→MJ factor=3.6,MJ,False,GRP-0a2c0d69,Open-pit and underground mining at Meadowbank complex,"Open-pit, underground",Free-miling,Ag,3.8879375,0.003743817377141018,mining,571937.490576123,"Ag, usable ore",metal_economic
TECH-GRP-0a2c0d69-2023.0-3.0,2023.0,Energy,Explosives,GJ,45318.0,,,GRP-0a2c0d69,CMP-6265c407,AgnicoEagleMinesLimited_2023-Sustainability-Performance_data,45318000.0,direct_unit,gj→MJ factor=1000.0,MJ,False,GRP-0a2c0d69,Open-pit and underground mining at Meadowbank complex,"Open-pit, underground",Free-miling,Au,13.4263118300476,0.996256182622859,mining,3362676.0837672767,"Au, usable ore",metal_economic
TECH-GRP-0a2c0d69-2023.0-3.0,2023.0,Energy,Explosives,GJ,45318.0,,,GRP-0a2c0d69,CMP-6265c407,AgnicoEagleMinesLimited_2023-Sustainability-Performance_data,45318000.0,direct_unit,gj→MJ factor=1000.0,MJ,False,GRP-0a2c0d69,Open-pit and underground mining at Meadowbank complex,"Open-pit, underground",Free-miling,Ag,3.8879375,0.003743817377141018,mining,43638.1284157157,"Ag, usable ore",metal_economic
TECH-GRP-0a2c0d69-2023.0-4.0,2023.0,Energy,Light Fuel & Gasoline,GJ,51161.0,,,GRP-0a2c0d69,CMP-6265c407,AgnicoEagleMinesLimited_2023-Sustainability-Performance_data,51161000.0,direct_unit,gj→MJ factor=1000.0,MJ,False,GRP-0a2c0d69,Open-pit and underground mining at Meadowbank complex,"Open-pit, underground",Free-miling,Au,13.4263118300476,0.996256182622859,mining,3796237.06080625,"Au, usable ore",metal_economic
TECH-GRP-0a2c0d69-2023.0-4.0,2023.0,Energy,Light Fuel & Gasoline,GJ,51161.0,,,GRP-0a2c0d69,CMP-6265c407,AgnicoEagleMinesLimited_2023-Sustainability-Performance_data,51161000.0,direct_unit,gj→MJ factor=1000.0,MJ,False,GRP-0a2c0d69,Open-pit and underground mining at Meadowbank complex,"Open-pit, underground",Free-miling,Ag,3.8879375,0.003743817377141018,mining,49264.537002436795,"Ag, usable ore",metal_economic
TECH-GRP-0a2c0d69-2023.0-5.0,2023.0,Energy,Lubricating Oils & Greases,GJ,7311.0,,,GRP-0a2c0d69,CMP-6265c407,AgnicoEagleMinesLimited_2023-Sustainability-Performance_data,7311000.0,direct_unit,gj→MJ factor=1000.0,MJ,False,GRP-0a2c0d69,Open-pit and underground mining at Meadowbank complex,"Open-pit, underground",Free-miling,Au,13.4263118300476,0.996256182622859,mining,542489.1841745566,"Au, usable ore",metal_economic
TECH-GRP-0a2c0d69-2023.0-5.0,2023.0,Energy,Lubricating Oils & Greases,GJ,7311.0,,,GRP-0a2c0d69,CMP-6265c407,AgnicoEagleMinesLimited_2023-Sustainability-Performance_data,7311000.0,direct_unit,gj→MJ factor=1000.0,MJ,False,GRP-0a2c0d69,Open-pit and underground mining at Meadowbank complex,"Open-pit, underground",Free-miling,Ag,3.8879375,0.003743817377141018,mining,7039.991986568195,"Ag, usable ore",metal_economic
TECH-GRP-0a2c0d69-2023.0-6.0,2023.0,Energy,Propane,GJ,235.0,,,GRP-0a2c0d69,CMP-6265c407,AgnicoEagleMinesLimited_2023-Sustainability-Performance_data,235000.0,direct_unit,gj→MJ factor=1000.0,MJ,False,GRP-0a2c0d69,Open-pit and underground mining at Meadowbank complex,"Open-pit, underground",Free-miling,Au,13.4263118300476,0.996256182622859,mining,17437.41735481067,"Au, usable ore",metal_economic
TECH-GRP-0a2c0d69-2023.0-6.0,2023.0,Energy,Propane,GJ,235.0,,,GRP-0a2c0d69,CMP-6265c407,AgnicoEagleMinesLimited_2023-Sustainability-Performance_data,235000.0,direct_unit,gj→MJ factor=1000.0,MJ,False,GRP-0a2c0d69,Open-pit and underground mining at Meadowbank complex,"Open-pit, underground",Free-miling,Ag,3.8879375,0.003743817377141018,mining,226.28889575208945,"Ag, usable ore",metal_economic
TECH-8b0264c9-2023.0-1.0,2023.0,Energy,Diesel,GJ,1944158.0,,NU-MAIN-8b0264c9,,CMP-6265c407,AgnicoEagleMinesLimited_2023-Sustainability-Performance_data,1944158000.0,direct_unit,gj→MJ factor=1000.0,MJ,False,NU-MAIN-8b0264c9,Open-pit and underground mining and beneficiation at Meliadine,"Open-pit, underground, concentrator",Free-miling,Au,11.3260595934999,0.9990387030204059,mining,171488510.25836366,"Au, usable ore",metal_economic
TECH-8b0264c9-2023.0-1.0,2023.0,Energy,Diesel,GJ,1944158.0,,NU-MAIN-8b0264c9,,CMP-6265c407,AgnicoEagleMinesLimited_2023-Sustainability-Performance_data,1944158000.0,direct_unit,gj→MJ factor=1000.0,MJ,False,NU-MAIN-8b0264c9,Open-pit and underground mining and beneficiation at Meliadine,"Open-pit, underground, concentrator",Free-miling,Ag,0.8397945,0.0009612969795941015,mining,2225441.1207190678,"Ag, usable ore",metal_economic
TECH-8b0264c9-2023.0-2.0,2023.0,Energy,Electricity consumption|Generated on-site,kWh,132709926.0,,NU-MAIN-8b0264c9,,CMP-6265c407,AgnicoEagleMinesLimited_2023-Sustainability-Performance_data,477755733.6,direct_unit,kwh→MJ factor=3.6,MJ,False,NU-MAIN-8b0264c9,Open-pit and underground mining and beneficiation at Meliadine,"Open-pit, underground, concentrator",Free-miling,Au,11.3260595934999,0.9990387030204059,mining,42141440.67635227,"Au, usable ore",metal_economic
TECH-8b0264c9-2023.0-2.0,2023.0,Energy,Electricity consumption|Generated on-site,kWh,132709926.0,,NU-MAIN-8b0264c9,,CMP-6265c407,AgnicoEagleMinesLimited_2023-Sustainability-Performance_data,477755733.6,direct_unit,kwh→MJ factor=3.6,MJ,False,NU-MAIN-8b0264c9,Open-pit and underground mining and beneficiation at Meliadine,"Open-pit, underground, concentrator",Free-miling,Ag,0.8397945,0.0009612969795941015,mining,546878.0084811752,"Ag, usable ore",metal_economic
TECH-8b0264c9-2023.0-3.0,2023.0,Energy,Explosives,GJ,18198.0,,NU-MAIN-8b0264c9,,CMP-6265c407,AgnicoEagleMinesLimited_2023-Sustainability-Performance_data,18198000.0,direct_unit,gj→MJ factor=1000.0,MJ,False,NU-MAIN-8b0264c9,Open-pit and underground mining and beneficiation at Meliadine,"Open-pit, underground, concentrator",Free-miling,Au,11.3260595934999,0.9990387030204059,mining,1605192.5356281241,"Au, usable ore",metal_economic
TECH-8b0264c9-2023.0-3.0,2023.0,Energy,Explosives,GJ,18198.0,,NU-MAIN-8b0264c9,,CMP-6265c407,AgnicoEagleMinesLimited_2023-Sustainability-Performance_data,18198000.0,direct_unit,gj→MJ factor=1000.0,MJ,False,NU-MAIN-8b0264c9,Open-pit and underground mining and beneficiation at Meliadine,"Open-pit, underground, concentrator",Free-miling,Ag,0.8397945,0.0009612969795941015,mining,20830.908555192324,"Ag, usable ore",metal_economic
TECH-8b0264c9-2023.0-4.0,2023.0,Energy,Light Fuel & Gasoline,GJ,5290.0,,NU-MAIN-8b0264c9,,CMP-6265c407,AgnicoEagleMinesLimited_2023-Sustainability-Performance_data,5290000.0,direct_unit,gj→MJ factor=1000.0,MJ,False,NU-MAIN-8b0264c9,Open-pit and underground mining and beneficiation at Meliadine,"Open-pit, underground, concentrator",Free-miling,Au,11.3260595934999,0.9990387030204059,mining,466615.4804633903,"Au, usable ore",metal_economic
TECH-8b0264c9-2023.0-4.0,2023.0,Energy,Light Fuel & Gasoline,GJ,5290.0,,NU-MAIN-8b0264c9,,CMP-6265c407,AgnicoEagleMinesLimited_2023-Sustainability-Performance_data,5290000.0,direct_unit,gj→MJ factor=1000.0,MJ,False,NU-MAIN-8b0264c9,Open-pit and underground mining and beneficiation at Meliadine,"Open-pit, underground, concentrator",Free-miling,Ag,0.8397945,0.0009612969795941015,mining,6055.363570555412,"Ag, usable ore",metal_economic
TECH-ed23117f-2023.0-1.0,2023.0,Energy,Diesel,GJ,929608.636977058,"Data initially in tCO2eq; back calculated with emission factors: 74.1kgCO2eq/GJ for diesel, 69.9kgCO2eq/GJ for gasoline, 59.9kgCO2eq/GJ for propane, BC mix 12kgCO2eq/MWh",BC-MAIN-ed23117f,,CMP-fa032e20,CenterraGoldInc_Data,929608636.977058,direct_unit,gj→MJ factor=1000.0,MJ,False,BC-MAIN-ed23117f,Open-pit mining and beneficiation at Mount Milligan,"Open-pit, concentrator","Porphyry sulfide, flotation-based",Au,4.8021004685,0.5622849655905816,mining,108849234.59725665,"Au, usable ore",metal_economic
TECH-ed23117f-2023.0-1.0,2023.0,Energy,Diesel,GJ,929608.636977058,"Data initially in tCO2eq; back calculated with emission factors: 74.1kgCO2eq/GJ for diesel, 69.9kgCO2eq/GJ for gasoline, 59.9kgCO2eq/GJ for propane, BC mix 12kgCO2eq/MWh",BC-MAIN-ed23117f,,CMP-fa032e20,CenterraGoldInc_Data,929608636.977058,direct_unit,gj→MJ factor=1000.0,MJ,False,BC-MAIN-ed23117f,Open-pit mining and beneficiation at Mount Milligan,"Open-pit, concentrator","Porphyry sulfide, flotation-based",Cu,28060.108304,0.43771503440941845,mining,14501.144190655208,"Cu, usable ore",metal_economic
TECH-ed23117f-2023.0-2.0,2023.0,Energy,Electricity consumption|Grid electricity,GJ,365541.6666666667,"Data initially in tCO2eq; back calculated with emission factors: 74.1kgCO2eq/GJ for diesel, 69.9kgCO2eq/GJ for gasoline, 59.9kgCO2eq/GJ for propane, BC mix 12kgCO2eq/MWh. 62% of electricity come from the grid.",BC-MAIN-ed23117f,,CMP-fa032e20,CenterraGoldInc_Data,365541666.6666667,direct_unit,gj→MJ factor=1000.0,MJ,False,BC-MAIN-ed23117f,Open-pit mining and beneficiation at Mount Milligan,"Open-pit, concentrator","Porphyry sulfide, flotation-based",Au,4.8021004685,0.5622849655905816,mining,42801808.25283592,"Au, usable ore",metal_economic
TECH-ed23117f-2023.0-2.0,2023.0,Energy,Electricity consumption|Grid electricity,GJ,365541.6666666667,"Data initially in tCO2eq; back calculated with emission factors: 74.1kgCO2eq/GJ for diesel, 69.9kgCO2eq/GJ for gasoline, 59.9kgCO2eq/GJ for propane, BC mix 12kgCO2eq/MWh. 62% of electricity come from the grid.",BC-MAIN-ed23117f,,CMP-fa032e20,CenterraGoldInc_Data,365541666.6666667,direct_unit,gj→MJ factor=1000.0,MJ,False,BC-MAIN-ed23117f,Open-pit mining and beneficiation at Mount Milligan,"Open-pit, concentrator","Porphyry sulfide, flotation-based",Cu,28060.108304,0.43771503440941845,mining,5702.154869454568,"Cu, usable ore",metal_economic
TECH-ed23117f-nan-nan,,Energy,Electricity consumption|Generated on-site,GJ,36282.05128205128,"Data initially in tCO2eq; back calculated with emission factors: 74.1kgCO2eq/GJ for diesel, 69.9kgCO2eq/GJ for gasoline, 59.9kgCO2eq/GJ for propane, BC mix 12kgCO2eq/MWh. 62% of electricity come from the grid.",BC-MAIN-ed23117f,,CMP-fa032e20,CenterraGoldInc_Data,36282051.28205128,direct_unit,gj→MJ factor=1000.0,MJ,False,BC-MAIN-ed23117f,Open-pit mining and beneficiation at Mount Milligan,"Open-pit, concentrator","Porphyry sulfide, flotation-based",Au,4.8021004685,0.5622849655905816,mining,4248318.437006046,"Au, usable ore",metal_economic
TECH-ed23117f-nan-nan,,Energy,Electricity consumption|Generated on-site,GJ,36282.05128205128,"Data initially in tCO2eq; back calculated with emission factors: 74.1kgCO2eq/GJ for diesel, 69.9kgCO2eq/GJ for gasoline, 59.9kgCO2eq/GJ for propane, BC mix 12kgCO2eq/MWh. 62% of electricity come from the grid.",BC-MAIN-ed23117f,,CMP-fa032e20,CenterraGoldInc_Data,36282051.28205128,direct_unit,gj→MJ factor=1000.0,MJ,False,BC-MAIN-ed23117f,Open-pit mining and beneficiation at Mount Milligan,"Open-pit, concentrator","Porphyry sulfide, flotation-based",Cu,28060.108304,0.43771503440941845,mining,565.9707066456147,"Cu, usable ore",metal_economic
TECH-ed23117f-2023.0-3.0,2023.0,Energy,Explosives,GJ,2587.5,"Data initially in tCO2eq; back calculated with emission factors: 74.1kgCO2eq/GJ for diesel, 69.9kgCO2eq/GJ for gasoline, 59.9kgCO2eq/GJ for propane, BC mix 12kgCO2eq/MWh, explosives 3.75GJ/tCO2",BC-MAIN-ed23117f,,CMP-fa032e20,CenterraGoldInc_Data,2587500.0,direct_unit,gj→MJ factor=1000.0,MJ,False,BC-MAIN-ed23117f,Open-pit mining and beneficiation at Mount Milligan,"Open-pit, concentrator","Porphyry sulfide, flotation-based",Au,4.8021004685,0.5622849655905816,mining,302974.1584977898,"Au, usable ore",metal_economic
TECH-ed23117f-2023.0-3.0,2023.0,Energy,Explosives,GJ,2587.5,"Data initially in tCO2eq; back calculated with emission factors: 74.1kgCO2eq/GJ for diesel, 69.9kgCO2eq/GJ for gasoline, 59.9kgCO2eq/GJ for propane, BC mix 12kgCO2eq/MWh, explosives 3.75GJ/tCO2",BC-MAIN-ed23117f,,CMP-fa032e20,CenterraGoldInc_Data,2587500.0,direct_unit,gj→MJ factor=1000.0,MJ,False,BC-MAIN-ed23117f,Open-pit mining and beneficiation at Mount Milligan,"Open-pit, concentrator","Porphyry sulfide, flotation-based",Cu,28060.108304,0.43771503440941845,mining,40.36291090768594,"Cu, usable ore",metal_economic
TECH-ed23117f-2023.0-4.0,2023.0,Energy,Gasoline,GJ,21012.14574898786,"Data initially in tCO2eq; back calculated with emission factors: 74.1kgCO2eq/GJ for diesel, 69.9kgCO2eq/GJ for gasoline, 59.9kgCO2eq/GJ for propane, BC mix 12kgCO2eq/MWh",BC-MAIN-ed23117f,,CMP-fa032e20,CenterraGoldInc_Data,21012145.74898786,direct_unit,gj→MJ factor=1000.0,MJ,False,BC-MAIN-ed23117f,Open-pit mining and beneficiation at Mount Milligan,"Open-pit, concentrator","Porphyry sulfide, flotation-based",Au,4.8021004685,0.5622849655905816,mining,2460342.8701574914,"Au, usable ore",metal_economic
TECH-ed23117f-2023.0-4.0,2023.0,Energy,Gasoline,GJ,21012.14574898786,"Data initially in tCO2eq; back calculated with emission factors: 74.1kgCO2eq/GJ for diesel, 69.9kgCO2eq/GJ for gasoline, 59.9kgCO2eq/GJ for propane, BC mix 12kgCO2eq/MWh",BC-MAIN-ed23117f,,CMP-fa032e20,CenterraGoldInc_Data,21012145.74898786,direct_unit,gj→MJ factor=1000.0,MJ,False,BC-MAIN-ed23117f,Open-pit mining and beneficiation at Mount Milligan,"Open-pit, concentrator","Porphyry sulfide, flotation-based",Cu,28060.108304,0.43771503440941845,mining,327.7725089258778,"Cu, usable ore",metal_economic
TECH-ed23117f-2023.0-5.0,2023.0,Energy,Propane,GJ,22737.89649415693,"Data initially in tCO2eq; back calculated with emission factors: 74.1kgCO2eq/GJ for diesel, 69.9kgCO2eq/GJ for gasoline, 59.9kgCO2eq/GJ for propane, BC mix 12kgCO2eq/MWh",BC-MAIN-ed23117f,,CMP-fa032e20,CenterraGoldInc_Data,22737896.49415693,direct_unit,gj→MJ factor=1000.0,MJ,False,BC-MAIN-ed23117f,Open-pit mining and beneficiation at Mount Milligan,"Open-pit, concentrator","Porphyry sulfide, flotation-based",Au,4.8021004685,0.5622849655905816,mining,2662413.5483389534,"Au, usable ore",metal_economic
TECH-ed23117f-2023.0-5.0,2023.0,Energy,Propane,GJ,22737.89649415693,"Data initially in tCO2eq; back calculated with emission factors: 74.1kgCO2eq/GJ for diesel, 69.9kgCO2eq/GJ for gasoline, 59.9kgCO2eq/GJ for propane, BC mix 12kgCO2eq/MWh",BC-MAIN-ed23117f,,CMP-fa032e20,CenterraGoldInc_Data,22737896.49415693,direct_unit,gj→MJ factor=1000.0,MJ,False,BC-MAIN-ed23117f,Open-pit mining and beneficiation at Mount Milligan,"Open-pit, concentrator","Porphyry sulfide, flotation-based",Cu,28060.108304,0.43771503440941845,mining,354.6928272161702,"Cu, usable ore",metal_economic
TECH-fefeaee4-2023.0-1.0,2023.0,Energy,Aviation fuel,GJ,27653.22904,,ON-MAIN-fefeaee4,,CMP-4a434d72,NewmontCorporation_2023-Performance-data,27653229.04,direct_unit,gj→MJ factor=1000.0,MJ,False,ON-MAIN-fefeaee4,Underground mining and beneficiation at Musselwhite,"Underground, concentrator",Free-miling,Au,5.59863,1.0,mining,4939284.975074259,"Au, usable ore",metal_economic
TECH-fefeaee4-2023.0-2.0,2023.0,Energy,Biodiesel,GJ,11770.3702287417,,ON-MAIN-fefeaee4,,CMP-4a434d72,NewmontCorporation_2023-Performance-data,11770370.2287417,direct_unit,gj→MJ factor=1000.0,MJ,False,ON-MAIN-fefeaee4,Underground mining and beneficiation at Musselwhite,"Underground, concentrator",Free-miling,Au,5.59863,1.0,mining,2102366.155424041,"Au, usable ore",metal_economic
TECH-fefeaee4-2023.0-4.0,2023.0,Energy,Diesel,GJ,308614.730821,,ON-MAIN-fefeaee4,,CMP-4a434d72,NewmontCorporation_2023-Performance-data,308614730.821,direct_unit,gj→MJ factor=1000.0,MJ,False,ON-MAIN-fefeaee4,Underground mining and beneficiation at Musselwhite,"Underground, concentrator",Free-miling,Au,5.59863,1.0,mining,55123258.87243843,"Au, usable ore",metal_economic
TECH-fefeaee4-2023.0-5.0,2023.0,Energy,Electricity consumption|Generated on-site,GJ,3808.98428206273,,ON-MAIN-fefeaee4,,CMP-4a434d72,NewmontCorporation_2023-Performance-data,3808984.28206273,direct_unit,gj→MJ factor=1000.0,MJ,False,ON-MAIN-fefeaee4,Underground mining and beneficiation at Musselwhite,"Underground, concentrator",Free-miling,Au,5.59863,1.0,mining,680342.205515051,"Au, usable ore",metal_economic
TECH-fefeaee4-2023.0-6.0,2023.0,Energy,Electricity consumption|Grid electricity,GJ,509889.6,,ON-MAIN-fefeaee4,,CMP-4a434d72,NewmontCorporation_2023-Performance-data,509889600.0,direct_unit,gj→MJ factor=1000.0,MJ,False,ON-MAIN-fefeaee4,Underground mining and beneficiation at Musselwhite,"Underground, concentrator",Free-miling,Au,5.59863,1.0,mining,91073994.8880351,"Au, usable ore",metal_economic
TECH-fefeaee4-2023.0-7.0,2023.0,Energy,Gasoline,GJ,5437.635,,ON-MAIN-fefeaee4,,CMP-4a434d72,NewmontCorporation_2023-Performance-data,5437635.0,direct_unit,gj→MJ factor=1000.0,MJ,False,ON-MAIN-fefeaee4,Underground mining and beneficiation at Musselwhite,"Underground, concentrator",Free-miling,Au,5.59863,1.0,mining,971243.8578723724,"Au, usable ore",metal_economic
TECH-fefeaee4-2023.0-12.0,2023.0,Energy,Propane,GJ,229891.86895,,ON-MAIN-fefeaee4,,CMP-4a434d72,NewmontCorporation_2023-Performance-data,229891868.95,direct_unit,gj→MJ factor=1000.0,MJ,False,ON-MAIN-fefeaee4,Underground mining and beneficiation at Musselwhite,"Underground, concentrator",Free-miling,Au,5.59863,1.0,mining,41062165.02072828,"Au, usable ore",metal_economic
TECH-fefeaee4-2023.0-14.0,2023.0,Energy,Solar,GJ,1483.2,,ON-MAIN-fefeaee4,,CMP-4a434d72,NewmontCorporation_2023-Performance-data,1483200.0,direct_unit,gj→MJ factor=1000.0,MJ,False,ON-MAIN-fefeaee4,Underground mining and beneficiation at Musselwhite,"Underground, concentrator",Free-miling,Au,5.59863,1.0,mining,264921.9541209189,"Au, usable ore",metal_economic
TECH-aa76f6f2-2023.0-4.0,2023.0,Energy,Diesel,l,4761600.1,,BC-MAIN-aa76f6f2,,CMP-d94be190,NewGoldInc_ESG_data_2023,170965251.5905,lhv+density,"diesel MJ/kg=43.0, dens=0.835 kg/L",MJ,False,BC-MAIN-aa76f6f2,Underground mining and beneficiation at New Afton,"Underground, concentrator","Porphyry sulfide, flotation-based",Au,2.0974023155,0.42271710025276227,mining,34456877.854209706,"Au, usable ore",metal_economic
TECH-aa76f6f2-2023.0-4.0,2023.0,Energy,Diesel,l,4761600.1,,BC-MAIN-aa76f6f2,,CMP-d94be190,NewGoldInc_ESG_data_2023,170965251.5905,lhv+density,"diesel MJ/kg=43.0, dens=0.835 kg/L",MJ,False,BC-MAIN-aa76f6f2,Underground mining and beneficiation at New Afton,"Underground, concentrator","Porphyry sulfide, flotation-based",Cu,21500.2608,0.5772828997472378,mining,4590.4241400727515,"Cu, usable ore",metal_economic
TECH-aa76f6f2-2023.0-5.0,2023.0,Energy,Electricity consumption|Generated on-site,GJ,56414.6765,,BC-MAIN-aa76f6f2,,CMP-d94be190,NewGoldInc_ESG_data_2023,56414676.5,direct_unit,gj→MJ factor=1000.0,MJ,False,BC-MAIN-aa76f6f2,Underground mining and beneficiation at New Afton,"Underground, concentrator","Porphyry sulfide, flotation-based",Au,2.0974023155,0.42271710025276227,mining,11369992.435663281,"Au, usable ore",metal_economic
TECH-aa76f6f2-2023.0-5.0,2023.0,Energy,Electricity consumption|Generated on-site,GJ,56414.6765,,BC-MAIN-aa76f6f2,,CMP-d94be190,NewGoldInc_ESG_data_2023,56414676.5,direct_unit,gj→MJ factor=1000.0,MJ,False,BC-MAIN-aa76f6f2,Underground mining and beneficiation at New Afton,"Underground, concentrator","Porphyry sulfide, flotation-based",Cu,21500.2608,0.5772828997472378,mining,1514.7364183704392,"Cu, usable ore",metal_economic
TECH-aa76f6f2-2023.0-6.0,2023.0,Energy,Electricity consumption|Grid electricity,GJ,171984.8235,,BC-MAIN-aa76f6f2,,CMP-d94be190,NewGoldInc_ESG_data_2023,171984823.5,direct_unit,gj→MJ factor=1000.0,MJ,False,BC-MAIN-aa76f6f2,Underground mining and beneficiation at New Afton,"Underground, concentrator","Porphyry sulfide, flotation-based",Au,2.0974023155,0.42271710025276227,mining,34662365.60345931,"Au, usable ore",metal_economic
TECH-aa76f6f2-2023.0-6.0,2023.0,Energy,Electricity consumption|Grid electricity,GJ,171984.8235,,BC-MAIN-aa76f6f2,,CMP-d94be190,NewGoldInc_ESG_data_2023,171984823.5,direct_unit,gj→MJ factor=1000.0,MJ,False,BC-MAIN-aa76f6f2,Underground mining and beneficiation at New Afton,"Underground, concentrator","Porphyry sulfide, flotation-based",Cu,21500.2608,0.5772828997472378,mining,4617.7996883924725,"Cu, usable ore",metal_economic
TECH-aa76f6f2-2023.0-7.0,2023.0,Energy,Explosives,kg,522600.0,,BC-MAIN-aa76f6f2,,CMP-d94be190,NewGoldInc_ESG_data_2023,2090400.0,lhv_factor,explosives MJ/kg=4.0,MJ,False,BC-MAIN-aa76f6f2,Underground mining and beneficiation at New Afton,"Underground, concentrator","Porphyry sulfide, flotation-based",Au,2.0974023155,0.42271710025276227,mining,421305.8314268721,"Au, usable ore",metal_economic
TECH-aa76f6f2-2023.0-7.0,2023.0,Energy,Explosives,kg,522600.0,,BC-MAIN-aa76f6f2,,CMP-d94be190,NewGoldInc_ESG_data_2023,2090400.0,lhv_factor,explosives MJ/kg=4.0,MJ,False,BC-MAIN-aa76f6f2,Underground mining and beneficiation at New Afton,"Underground, concentrator","Porphyry sulfide, flotation-based",Cu,21500.2608,0.5772828997472378,mining,56.12732723835731,"Cu, usable ore",metal_economic
TECH-aa76f6f2-2023.0-9.0,2023.0,Energy,Gasoline,l,119418.4,,BC-MAIN-aa76f6f2,,CMP-d94be190,NewGoldInc_ESG_data_2023,3914535.152,lhv+density,"gasoline MJ/kg=44.0, dens=0.745 kg/L",MJ,False,BC-MAIN-aa76f6f2,Underground mining and beneficiation at New Afton,"Underground, concentrator","Porphyry sulfide, flotation-based",Au,2.0974023155,0.42271710025276227,mining,788947.8027473579,"Au, usable ore",metal_economic
TECH-aa76f6f2-2023.0-9.0,2023.0,Energy,Gasoline,l,119418.4,,BC-MAIN-aa76f6f2,,CMP-d94be190,NewGoldInc_ESG_data_2023,3914535.152,lhv+density,"gasoline MJ/kg=44.0, dens=0.745 kg/L",MJ,False,BC-MAIN-aa76f6f2,Underground mining and beneficiation at New Afton,"Underground, concentrator","Porphyry sulfide, flotation-based",Cu,21500.2608,0.5772828997472378,mining,105.10543219592266,"Cu, usable ore",metal_economic
TECH-aa76f6f2-2023.0-11.0,2023.0,Energy,Natural gas,GJ,59198.0,,BC-MAIN-aa76f6f2,,CMP-d94be190,NewGoldInc_ESG_data_2023,59198000.0,direct_unit,gj→MJ factor=1000.0,MJ,False,BC-MAIN-aa76f6f2,Underground mining and beneficiation at New Afton,"Underground, concentrator","Porphyry sulfide, flotation-based",Au,2.0974023155,0.42271710025276227,mining,11930952.2621546,"Au, usable ore",metal_economic
TECH-aa76f6f2-2023.0-11.0,2023.0,Energy,Natural gas,GJ,59198.0,,BC-MAIN-aa76f6f2,,CMP-d94be190,NewGoldInc_ESG_data_2023,59198000.0,direct_unit,gj→MJ factor=1000.0,MJ,False,BC-MAIN-aa76f6f2,Underground mining and beneficiation at New Afton,"Underground, concentrator","Porphyry sulfide, flotation-based",Cu,21500.2608,0.5772828997472378,mining,1589.4687705014715,"Cu, usable ore",metal_economic
TECH-aa76f6f2-2023.0-13.0,2023.0,Energy,Propane,l,31049.5,,BC-MAIN-aa76f6f2,,CMP-d94be190,NewGoldInc_ESG_data_2023,710263.5224,lhv+density,"propane MJ/kg=46.4, dens=0.493 kg/L",MJ,False,BC-MAIN-aa76f6f2,Underground mining and beneficiation at New Afton,"Underground, concentrator","Porphyry sulfide, flotation-based",Au,2.0974023155,0.42271710025276227,mining,143148.7580543967,"Au, usable ore",metal_economic
TECH-aa76f6f2-2023.0-13.0,2023.0,Energy,Propane,l,31049.5,,BC-MAIN-aa76f6f2,,CMP-d94be190,NewGoldInc_ESG_data_2023,710263.5224,lhv+density,"propane MJ/kg=46.4, dens=0.493 kg/L",MJ,False,BC-MAIN-aa76f6f2,Underground mining and beneficiation at New Afton,"Underground, concentrator","Porphyry sulfide, flotation-based",Cu,21500.2608,0.5772828997472378,mining,19.07060521776365,"Cu, usable ore",metal_economic
TECH-GRP-0d911886-2023.0-1.0,2023.0,Energy,Biodiesel,GJ,23524.436671511,,,GRP-0d911886,CMP-4a434d72,NewmontCorporation_2023-Performance-data,23524436.671511,direct_unit,gj→MJ factor=1000.0,MJ,False,GRP-0d911886,Open-pit and underground mining at Porcupine complex,"Open-pit, underground",Free-miling,Au,8.08691,1.0,mining,2908952.4517412707,"Au, usable ore",metal_economic
TECH-GRP-0d911886-2023.0-3.0,2023.0,Energy,Diesel,GJ,623021.868616,,,GRP-0d911886,CMP-4a434d72,NewmontCorporation_2023-Performance-data,623021868.616,direct_unit,gj→MJ factor=1000.0,MJ,False,GRP-0d911886,Open-pit and underground mining at Porcupine complex,"Open-pit, underground",Free-miling,Au,8.08691,1.0,mining,77040781.78389522,"Au, usable ore",metal_economic
TECH-GRP-0d911886-2023.0-4.0,2023.0,Energy,Electricity consumption|Generated on-site,GJ,91025.4822599152,,,GRP-0d911886,CMP-4a434d72,NewmontCorporation_2023-Performance-data,91025482.2599152,direct_unit,gj→MJ factor=1000.0,MJ,False,GRP-0d911886,Open-pit and underground mining at Porcupine complex,"Open-pit, underground",Free-miling,Au,8.08691,1.0,mining,11255903.955888616,"Au, usable ore",metal_economic
TECH-GRP-0d911886-2023.0-5.0,2023.0,Energy,Electricity consumption|Grid electricity,GJ,723967.2,,,GRP-0d911886,CMP-4a434d72,NewmontCorporation_2023-Performance-data,723967200.0,direct_unit,gj→MJ factor=1000.0,MJ,False,GRP-0d911886,Open-pit and underground mining at Porcupine complex,"Open-pit, underground",Free-miling,Au,8.08691,1.0,mining,89523340.80631539,"Au, usable ore",metal_economic
TECH-GRP-0d911886-2023.0-6.0,2023.0,Energy,Gasoline,GJ,17195.8465,,,GRP-0d911886,CMP-4a434d72,NewmontCorporation_2023-Performance-data,17195846.5,direct_unit,gj→MJ factor=1000.0,MJ,False,GRP-0d911886,Open-pit and underground mining at Porcupine complex,"Open-pit, underground",Free-miling,Au,8.08691,1.0,mining,2126380.347994475,"Au, usable ore",metal_economic
TECH-GRP-0d911886-2023.0-11.0,2023.0,Energy,Natural gas,GJ,166705.0,,,GRP-0d911886,CMP-4a434d72,NewmontCorporation_2023-Performance-data,166705000.0,direct_unit,gj→MJ factor=1000.0,MJ,False,GRP-0d911886,Open-pit and underground mining at Porcupine complex,"Open-pit, underground",Free-miling,Au,8.08691,1.0,mining,20614177.72672133,"Au, usable ore",metal_economic
TECH-GRP-0d911886-2023.0-13.0,2023.0,Energy,Propane,GJ,6336.0580703,,,GRP-0d911886,CMP-4a434d72,NewmontCorporation_2023-Performance-data,6336058.0703,direct_unit,gj→MJ factor=1000.0,MJ,False,GRP-0d911886,Open-pit and underground mining at Porcupine complex,"Open-pit, underground",Free-miling,Au,8.08691,1.0,mining,783495.558909398,"Au, usable ore",metal_economic
TECH-0aadf28f-2023.0-6.0,2023.0,Energy,Diesel,l,42378137.86,,ON-MAIN-0aadf28f,,CMP-d94be190,NewGoldInc_ESG_data_2023,1521587039.8633,lhv+density,"diesel MJ/kg=43.0, dens=0.835 kg/L",MJ,False,ON-MAIN-0aadf28f,Open-pit and underground mining and beneficiation at Rainy River,"Open-pit, underground, concentrator",Free-miling,Au,7.89235760749999,1.0,mining,192792460.19178838,"Au, usable ore",metal_economic
TECH-0aadf28f-2023.0-7.0,2023.0,Energy,Electricity consumption,GJ,2919222.0,,ON-MAIN-0aadf28f,,CMP-d94be190,NewGoldInc_ESG_data_2023,2919222000.0,direct_unit,gj→MJ factor=1000.0,MJ,False,ON-MAIN-0aadf28f,Open-pit and underground mining and beneficiation at Rainy River,"Open-pit, underground, concentrator",Free-miling,Au,7.89235760749999,1.0,mining,369879590.50739247,"Au, usable ore",metal_economic
TECH-0aadf28f-2023.0-8.0,2023.0,Energy,Explosives,kg,14805627.0,,ON-MAIN-0aadf28f,,CMP-d94be190,NewGoldInc_ESG_data_2023,59222508.0,lhv_factor,explosives MJ/kg=4.0,MJ,False,ON-MAIN-0aadf28f,Open-pit and underground mining and beneficiation at Rainy River,"Open-pit, underground, concentrator",Free-miling,Au,7.89235760749999,1.0,mining,7503779.091778828,"Au, usable ore",metal_economic
TECH-0aadf28f-2023.0-10.0,2023.0,Energy,Gasoline,l,1147190.1,,ON-MAIN-0aadf28f,,CMP-d94be190,NewGoldInc_ESG_data_2023,37604891.478,lhv+density,"gasoline MJ/kg=44.0, dens=0.745 kg/L",MJ,False,ON-MAIN-0aadf28f,Open-pit and underground mining and beneficiation at Rainy River,"Open-pit, underground, concentrator",Free-miling,Au,7.89235760749999,1.0,mining,4764722.196858468,"Au, usable ore",metal_economic
TECH-0aadf28f-2023.0-12.0,2023.0,Energy,Propane,l,3691412.93,,ON-MAIN-0aadf28f,,CMP-d94be190,NewGoldInc_ESG_data_2023,84441809.056336,lhv+density,"propane MJ/kg=46.4, dens=0.493 kg/L",MJ,False,ON-MAIN-0aadf28f,Open-pit and underground mining and beneficiation at Rainy River,"Open-pit, underground, concentrator",Free-miling,Au,7.89235760749999,1.0,mining,10699186.891391262,"Au, usable ore",metal_economic
TECH-8eb8be0d-2023.0-1.0,2023.0,Energy,Acetylene,GJ,2.0,,BC-MAIN-8eb8be0d,,CMP-4a434d72,NewmontCorporation_2023-Performance-data,2000.0,direct_unit,gj→MJ factor=1000.0,MJ,False,BC-MAIN-8eb8be0d,Open-pit mining and beneficiation at Red Chris,"Open-pit, concentrator",Hybrid free-miling-refactory,Au,0.1555175,0.24339693192888107,mining,3130.154894836672,"Au, usable ore",metal_economic
TECH-8eb8be0d-2023.0-1.0,2023.0,Energy,Acetylene,GJ,2.0,,BC-MAIN-8eb8be0d,,CMP-4a434d72,NewmontCorporation_2023-Performance-data,2000.0,direct_unit,gj→MJ factor=1000.0,MJ,False,BC-MAIN-8eb8be0d,Open-pit mining and beneficiation at Red Chris,"Open-pit, concentrator",Hybrid free-miling-refactory,Cu,3628.736,0.7566030680711189,mining,0.4170064000638894,"Cu, usable ore",metal_economic
TECH-8eb8be0d-2023.0-2.0,2023.0,Energy,Aviation fuel,GJ,121071.915388,,BC-MAIN-8eb8be0d,,CMP-4a434d72,NewmontCorporation_2023-Performance-data,121071915.388,direct_unit,gj→MJ factor=1000.0,MJ,False,BC-MAIN-8eb8be0d,Open-pit mining and beneficiation at Red Chris,"Open-pit, concentrator",Hybrid free-miling-refactory,Au,0.1555175,0.24339693192888107,mining,189486924.2894998,"Au, usable ore",metal_economic
TECH-8eb8be0d-2023.0-2.0,2023.0,Energy,Aviation fuel,GJ,121071.915388,,BC-MAIN-8eb8be0d,,CMP-4a434d72,NewmontCorporation_2023-Performance-data,121071915.388,direct_unit,gj→MJ factor=1000.0,MJ,False,BC-MAIN-8eb8be0d,Open-pit mining and beneficiation at Red Chris,"Open-pit, concentrator",Hybrid free-miling-refactory,Cu,3628.736,0.7566030680711189,mining,25243.881792394848,"Cu, usable ore",metal_economic
TECH-8eb8be0d-2023.0-3.0,2023.0,Energy,Diesel,GJ,1361713.858312,,BC-MAIN-8eb8be0d,,CMP-4a434d72,NewmontCorporation_2023-Performance-data,1361713858.312,direct_unit,gj→MJ factor=1000.0,MJ,False,BC-MAIN-8eb8be0d,Open-pit mining and beneficiation at Red Chris,"Open-pit, concentrator",Hybrid free-miling-refactory,Au,0.1555175,0.24339693192888107,mining,2131187649.4811184,"Au, usable ore",metal_economic
TECH-8eb8be0d-2023.0-3.0,2023.0,Energy,Diesel,GJ,1361713.858312,,BC-MAIN-8eb8be0d,,CMP-4a434d72,NewmontCorporation_2023-Performance-data,1361713858.312,direct_unit,gj→MJ factor=1000.0,MJ,False,BC-MAIN-8eb8be0d,Open-pit mining and beneficiation at Red Chris,"Open-pit, concentrator",Hybrid free-miling-refactory,Cu,3628.736,0.7566030680711189,mining,283921.6969858982,"Cu, usable ore",metal_economic
TECH-8eb8be0d-2023.0-4.0,2023.0,Energy,Electricity consumption|Generated on-site,GJ,5528.5667,,BC-MAIN-8eb8be0d,,CMP-4a434d72,NewmontCorporation_2023-Performance-data,5528566.7,direct_unit,gj→MJ factor=1000.0,MJ,False,BC-MAIN-8eb8be0d,Open-pit mining and beneficiation at Red Chris,"Open-pit, concentrator",Hybrid free-miling-refactory,Au,0.1555175,0.24339693192888107,mining,8652635.058718013,"Au, usable ore",metal_economic
TECH-8eb8be0d-2023.0-4.0,2023.0,Energy,Electricity consumption|Generated on-site,GJ,5528.5667,,BC-MAIN-8eb8be0d,,CMP-4a434d72,NewmontCorporation_2023-Performance-data,5528566.7,direct_unit,gj→MJ factor=1000.0,MJ,False,BC-MAIN-8eb8be0d,Open-pit mining and beneficiation at Red Chris,"Open-pit, concentrator",Hybrid free-miling-refactory,Cu,3628.736,0.7566030680711189,mining,1152.7238485400485,"Cu, usable ore",metal_economic
TECH-8eb8be0d-2023.0-5.0,2023.0,Energy,Electricity consumption|Grid electricity,GJ,1274584.3416,,BC-MAIN-8eb8be0d,,CMP-4a434d72,NewmontCorporation_2023-Performance-data,1274584341.6,direct_unit,gj→MJ factor=1000.0,MJ,False,BC-MAIN-8eb8be0d,Open-pit mining and beneficiation at Red Chris,"Open-pit, concentrator",Hybrid free-miling-refactory,Au,0.1555175,0.24339693192888107,mining,1994823207.870708,"Au, usable ore",metal_economic
TECH-8eb8be0d-2023.0-5.0,2023.0,Energy,Electricity consumption|Grid electricity,GJ,1274584.3416,,BC-MAIN-8eb8be0d,,CMP-4a434d72,NewmontCorporation_2023-Performance-data,1274584341.6,direct_unit,gj→MJ factor=1000.0,MJ,False,BC-MAIN-8eb8be0d,Open-pit mining and beneficiation at Red Chris,"Open-pit, concentrator",Hybrid free-miling-refactory,Cu,3628.736,0.7566030680711189,mining,265754.9139342093,"Cu, usable ore",metal_economic
TECH-8eb8be0d-2023.0-6.0,2023.0,Energy,Gasoline,GJ,25050.76,,BC-MAIN-8eb8be0d,,CMP-4a434d72,NewmontCorporation_2023-Performance-data,25050760.0,direct_unit,gj→MJ factor=1000.0,MJ,False,BC-MAIN-8eb8be0d,Open-pit mining and beneficiation at Red Chris,"Open-pit, concentrator",Hybrid free-miling-refactory,Au,0.1555175,0.24339693192888107,mining,39206379.51668936,"Au, usable ore",metal_economic
TECH-8eb8be0d-2023.0-6.0,2023.0,Energy,Gasoline,GJ,25050.76,,BC-MAIN-8eb8be0d,,CMP-4a434d72,NewmontCorporation_2023-Performance-data,25050760.0,direct_unit,gj→MJ factor=1000.0,MJ,False,BC-MAIN-8eb8be0d,Open-pit mining and beneficiation at Red Chris,"Open-pit, concentrator",Hybrid free-miling-refactory,Cu,3628.736,0.7566030680711189,mining,5223.163623232239,"Cu, usable ore",metal_economic
TECH-8eb8be0d-2023.0-7.0,2023.0,Energy,Propane,GJ,80313.1858,,BC-MAIN-8eb8be0d,,CMP-4a434d72,NewmontCorporation_2023-Performance-data,80313185.80000001,direct_unit,gj→MJ factor=1000.0,MJ,False,BC-MAIN-8eb8be0d,Open-pit mining and beneficiation at Red Chris,"Open-pit, concentrator",Hybrid free-miling-refactory,Au,0.1555175,0.24339693192888107,mining,125696355.82589856,"Au, usable ore",metal_economic
TECH-8eb8be0d-2023.0-7.0,2023.0,Energy,Propane,GJ,80313.1858,,BC-MAIN-8eb8be0d,,CMP-4a434d72,NewmontCorporation_2023-Performance-data,80313185.80000001,direct_unit,gj→MJ factor=1000.0,MJ,False,BC-MAIN-8eb8be0d,Open-pit mining and beneficiation at Red Chris,"Open-pit, concentrator",Hybrid free-miling-refactory,Cu,3628.736,0.7566030680711189,mining,16745.556244060142,"Cu, usable ore",metal_economic
TECH-7f050560-2024.0-1.0,2024.0,Energy,Diesel,l,3116555.8,,ON-MAIN-7f050560,,CMP-ca642bce,EvolutionMiningLtd_EVN_FY24-ESG-Performance-Data_web,111899935.999,lhv+density,"diesel MJ/kg=43.0, dens=0.835 kg/L",MJ,False,ON-MAIN-7f050560,Underground mining and beneficiation at Red Lake,"Underground, concentrator",Hybrid free-miling-refactory,Au,3.50536445,1.0,mining,31922482.696200103,"Au, usable ore",metal_economic
TECH-7f050560-2024.0-2.0,2024.0,Energy,Electricity consumption|Grid electricity,kWh,248298644.3585,,ON-MAIN-7f050560,,CMP-ca642bce,EvolutionMiningLtd_EVN_FY24-ESG-Performance-Data_web,893875119.6906,direct_unit,kwh→MJ factor=3.6,MJ,False,ON-MAIN-7f050560,Underground mining and beneficiation at Red Lake,"Underground, concentrator",Hybrid free-miling-refactory,Au,3.50536445,1.0,mining,255002049.69859838,"Au, usable ore",metal_economic
TECH-7f050560-2024.0-3.0,2024.0,Energy,Gasoline,l,151631.5,,ON-MAIN-7f050560,,CMP-ca642bce,EvolutionMiningLtd_EVN_FY24-ESG-Performance-Data_web,4970480.57,lhv+density,"gasoline MJ/kg=44.0, dens=0.745 kg/L",MJ,False,ON-MAIN-7f050560,Underground mining and beneficiation at Red Lake,"Underground, concentrator",Hybrid free-miling-refactory,Au,3.50536445,1.0,mining,1417963.9923032825,"Au, usable ore",metal_economic
TECH-7f050560-2024.0-4.0,2024.0,Energy,LPG,l,640677.799999999,,ON-MAIN-7f050560,,CMP-ca642bce,EvolutionMiningLtd_EVN_FY24-ESG-Performance-Data_web,14655632.81055998,lhv+density,"propane MJ/kg=46.4, dens=0.493 kg/L",MJ,False,ON-MAIN-7f050560,Underground mining and beneficiation at Red Lake,"Underground, concentrator",Hybrid free-miling-refactory,Au,3.50536445,1.0,mining,4180915.5708645303,"Au, usable ore",metal_economic
TECH-7f050560-2024.0-5.0,2024.0,Energy,Natural gas,GJ,307233.0,,ON-MAIN-7f050560,,CMP-ca642bce,EvolutionMiningLtd_EVN_FY24-ESG-Performance-Data_web,307233000.0,direct_unit,gj→MJ factor=1000.0,MJ,False,ON-MAIN-7f050560,Underground mining and beneficiation at Red Lake,"Underground, concentrator",Hybrid free-miling-refactory,Au,3.50536445,1.0,mining,87646521.31963055,"Au, usable ore",metal_economic
TECH-GRP-14bfbb82-2023.0-1.0,2023.0,Energy,Diesel,GJ,131655.0,,,GRP-14bfbb82,CMP-4a73c5f8,SSRMiningInc_ESG_2023,131655000.0,direct_unit,gj→MJ factor=1000.0,MJ,False,GRP-14bfbb82,Underground mining and beneficiation at Seabee Gold Operation,"Underground, concentrator",Free-miling,Au,1.2054783495,1.0,mining,109213906.7073307,"Au, usable ore",metal_economic
TECH-GRP-14bfbb82-2023.0-2.0,2023.0,Energy,Electricity consumption|Generated on-site,kWh,452775.0,,,GRP-14bfbb82,CMP-4a73c5f8,SSRMiningInc_ESG_2023,1629990.0,direct_unit,kwh→MJ factor=3.6,MJ,False,GRP-14bfbb82,Underground mining and beneficiation at Seabee Gold Operation,"Underground, concentrator",Free-miling,Au,1.2054783495,1.0,mining,1352152.0321589152,"Au, usable ore",metal_economic
TECH-GRP-14bfbb82-2023.0-3.0,2023.0,Energy,Electricity consumption|Grid electricity,kWh,53673624.0,,,GRP-14bfbb82,CMP-4a73c5f8,SSRMiningInc_ESG_2023,193225046.4,direct_unit,kwh→MJ factor=3.6,MJ,False,GRP-14bfbb82,Underground mining and beneficiation at Seabee Gold Operation,"Underground, concentrator",Free-miling,Au,1.2054783495,1.0,mining,160289105.54896697,"Au, usable ore",metal_economic
TECH-GRP-14bfbb82-2023.0-4.0,2023.0,Energy,Other,GJ,10277.0,"Other types are electricity, diesel, natural gas, propane",,GRP-14bfbb82,CMP-4a73c5f8,SSRMiningInc_ESG_2023,10277000.0,direct_unit,gj→MJ factor=1000.0,MJ,False,GRP-14bfbb82,Underground mining and beneficiation at Seabee Gold Operation,"Underground, concentrator",Free-miling,Au,1.2054783495,1.0,mining,8525246.433718717,"Au, usable ore",metal_economic
TECH-GRP-14bfbb82-2023.0-5.0,2023.0,Energy,Propane,GJ,40177.0,,,GRP-14bfbb82,CMP-4a73c5f8,SSRMiningInc_ESG_2023,40177000.0,direct_unit,gj→MJ factor=1000.0,MJ,False,GRP-14bfbb82,Underground mining and beneficiation at Seabee Gold Operation,"Underground, concentrator",Free-miling,Au,1.2054783495,1.0,mining,33328678.210325666,"Au, usable ore",metal_economic
TECH-GRP-a13779f8-2023.0-1.0,2023.0,Energy,Diesel,TJ,387.2,Share of primary energy source derived from the all group,,GRP-a13779f8,CMP-12afc634,HudbayMineralsInc_Hudbay-2023-Integrated-Annual-Report-Performance-Data,387200000.0,direct_unit,tj→MJ factor=1000000.0,MJ,False,GRP-a13779f8,Underground mining and beneficiation at Snow Lake,"Underground, concentrator",Free-miling,Au,5.8276450705,0.6124179191730442,mining,40690230.00459731,"Au, usable ore",metal_economic
TECH-GRP-a13779f8-2023.0-1.0,2023.0,Energy,Diesel,TJ,387.2,Share of primary energy source derived from the all group,,GRP-a13779f8,CMP-12afc634,HudbayMineralsInc_Hudbay-2023-Integrated-Annual-Report-Performance-Data,387200000.0,direct_unit,tj→MJ factor=1000000.0,MJ,False,GRP-a13779f8,Underground mining and beneficiation at Snow Lake,"Underground, concentrator",Free-miling,Ag,26.4915663305,0.036127966204618486,mining,528045.3537518049,"Ag, usable ore",metal_economic
TECH-GRP-a13779f8-2023.0-1.0,2023.0,Energy,Diesel,TJ,387.2,Share of primary energy source derived from the all group,,GRP-a13779f8,CMP-12afc634,HudbayMineralsInc_Hudbay-2023-Integrated-Annual-Report-Performance-Data,387200000.0,direct_unit,tj→MJ factor=1000000.0,MJ,False,GRP-a13779f8,Underground mining and beneficiation at Snow Lake,"Underground, concentrator",Free-miling,Cu,12154.0,0.1701574307878526,mining,5420.845581788425,"Cu, usable ore",metal_economic
TECH-GRP-a13779f8-2023.0-1.0,2023.0,Energy,Diesel,TJ,387.2,Share of primary energy source derived from the all group,,GRP-a13779f8,CMP-12afc634,HudbayMineralsInc_Hudbay-2023-Integrated-Annual-Report-Performance-Data,387200000.0,direct_unit,tj→MJ factor=1000000.0,MJ,False,GRP-a13779f8,Underground mining and beneficiation at Snow Lake,"Underground, concentrator",Free-miling,Zn,34642.0,0.1812966838344847,mining,2026.3863512704945,"Zn, usable ore",metal_economic
TECH-GRP-a13779f8-2023.0-2.0,2023.0,Energy,Electricity consumption,TJ,764.0,,,GRP-a13779f8,CMP-12afc634,HudbayMineralsInc_Hudbay-2023-Integrated-Annual-Report-Performance-Data,764000000.0,direct_unit,tj→MJ factor=1000000.0,MJ,False,GRP-a13779f8,Underground mining and beneficiation at Snow Lake,"Underground, concentrator",Free-miling,Au,5.8276450705,0.6124179191730442,mining,80287540.6082447,"Au, usable ore",metal_economic
TECH-GRP-a13779f8-2023.0-2.0,2023.0,Energy,Electricity consumption,TJ,764.0,,,GRP-a13779f8,CMP-12afc634,HudbayMineralsInc_Hudbay-2023-Integrated-Annual-Report-Performance-Data,764000000.0,direct_unit,tj→MJ factor=1000000.0,MJ,False,GRP-a13779f8,Underground mining and beneficiation at Snow Lake,"Underground, concentrator",Free-miling,Ag,26.4915663305,0.036127966204618486,mining,1041907.6711425077,"Ag, usable ore",metal_economic
TECH-GRP-a13779f8-2023.0-2.0,2023.0,Energy,Electricity consumption,TJ,764.0,,,GRP-a13779f8,CMP-12afc634,HudbayMineralsInc_Hudbay-2023-Integrated-Annual-Report-Performance-Data,764000000.0,direct_unit,tj→MJ factor=1000000.0,MJ,False,GRP-a13779f8,Underground mining and beneficiation at Snow Lake,"Underground, concentrator",Free-miling,Cu,12154.0,0.1701574307878526,mining,10696.089939272617,"Cu, usable ore",metal_economic
TECH-GRP-a13779f8-2023.0-2.0,2023.0,Energy,Electricity consumption,TJ,764.0,,,GRP-a13779f8,CMP-12afc634,HudbayMineralsInc_Hudbay-2023-Integrated-Annual-Report-Performance-Data,764000000.0,direct_unit,tj→MJ factor=1000000.0,MJ,False,GRP-a13779f8,Underground mining and beneficiation at Snow Lake,"Underground, concentrator",Free-miling,Zn,34642.0,0.1812966838344847,mining,3998.3449699655416,"Zn, usable ore",metal_economic
TECH-GRP-a13779f8-2023.0-3.0,2023.0,Energy,Gasoline,TJ,1.76,Share of primary energy source derived from the all group,,GRP-a13779f8,CMP-12afc634,HudbayMineralsInc_Hudbay-2023-Integrated-Annual-Report-Performance-Data,1760000.0,direct_unit,tj→MJ factor=1000000.0,MJ,False,GRP-a13779f8,Underground mining and beneficiation at Snow Lake,"Underground, concentrator",Free-miling,Au,5.8276450705,0.6124179191730442,mining,184955.59092998778,"Au, usable ore",metal_economic
TECH-GRP-a13779f8-2023.0-3.0,2023.0,Energy,Gasoline,TJ,1.76,Share of primary energy source derived from the all group,,GRP-a13779f8,CMP-12afc634,HudbayMineralsInc_Hudbay-2023-Integrated-Annual-Report-Performance-Data,1760000.0,direct_unit,tj→MJ factor=1000000.0,MJ,False,GRP-a13779f8,Underground mining and beneficiation at Snow Lake,"Underground, concentrator",Free-miling,Ag,26.4915663305,0.036127966204618486,mining,2400.2061534172954,"Ag, usable ore",metal_economic
TECH-GRP-a13779f8-2023.0-3.0,2023.0,Energy,Gasoline,TJ,1.76,Share of primary energy source derived from the all group,,GRP-a13779f8,CMP-12afc634,HudbayMineralsInc_Hudbay-2023-Integrated-Annual-Report-Performance-Data,1760000.0,direct_unit,tj→MJ factor=1000000.0,MJ,False,GRP-a13779f8,Underground mining and beneficiation at Snow Lake,"Underground, concentrator",Free-miling,Cu,12154.0,0.1701574307878526,mining,24.640207189947386,"Cu, usable ore",metal_economic
TECH-GRP-a13779f8-2023.0-3.0,2023.0,Energy,Gasoline,TJ,1.76,Share of primary energy source derived from the all group,,GRP-a13779f8,CMP-12afc634,HudbayMineralsInc_Hudbay-2023-Integrated-Annual-Report-Performance-Data,1760000.0,direct_unit,tj→MJ factor=1000000.0,MJ,False,GRP-a13779f8,Underground mining and beneficiation at Snow Lake,"Underground, concentrator",Free-miling,Zn,34642.0,0.1812966838344847,mining,9.210847051229521,"Zn, usable ore",metal_economic
TECH-GRP-a13779f8-2023.0-4.0,2023.0,Energy,Propane,TJ,48.4,Share of primary energy source derived from the all group,,GRP-a13779f8,CMP-12afc634,HudbayMineralsInc_Hudbay-2023-Integrated-Annual-Report-Performance-Data,48400000.0,direct_unit,tj→MJ factor=1000000.0,MJ,False,GRP-a13779f8,Underground mining and beneficiation at Snow Lake,"Underground, concentrator",Free-miling,Au,5.8276450705,0.6124179191730442,mining,5086278.750574664,"Au, usable ore",metal_economic
TECH-GRP-a13779f8-2023.0-4.0,2023.0,Energy,Propane,TJ,48.4,Share of primary energy source derived from the all group,,GRP-a13779f8,CMP-12afc634,HudbayMineralsInc_Hudbay-2023-Integrated-Annual-Report-Performance-Data,48400000.0,direct_unit,tj→MJ factor=1000000.0,MJ,False,GRP-a13779f8,Underground mining and beneficiation at Snow Lake,"Underground, concentrator",Free-miling,Ag,26.4915663305,0.036127966204618486,mining,66005.66921897561,"Ag, usable ore",metal_economic
TECH-GRP-a13779f8-2023.0-4.0,2023.0,Energy,Propane,TJ,48.4,Share of primary energy source derived from the all group,,GRP-a13779f8,CMP-12afc634,HudbayMineralsInc_Hudbay-2023-Integrated-Annual-Report-Performance-Data,48400000.0,direct_unit,tj→MJ factor=1000000.0,MJ,False,GRP-a13779f8,Underground mining and beneficiation at Snow Lake,"Underground, concentrator",Free-miling,Cu,12154.0,0.1701574307878526,mining,677.6056977235531,"Cu, usable ore",metal_economic
TECH-GRP-a13779f8-2023.0-4.0,2023.0,Energy,Propane,TJ,48.4,Share of primary energy source derived from the all group,,GRP-a13779f8,CMP-12afc634,HudbayMineralsInc_Hudbay-2023-Integrated-Annual-Report-Performance-Data,48400000.0,direct_unit,tj→MJ factor=1000000.0,MJ,False,GRP-a13779f8,Underground mining and beneficiation at Snow Lake,"Underground, concentrator",Free-miling,Zn,34642.0,0.1812966838344847,mining,253.29829390881181,"Zn, usable ore",metal_economic
TECH-GRP-147b3123-2023.0-1.0,2023.0,Energy,Ammonium nitrate,GJ,20.7,,,GRP-147b3123,CMP-48a36546,PanAmericanSilverCorp_ESG_data_2023,20700.0,direct_unit,gj→MJ factor=1000.0,MJ,False,GRP-147b3123,Underground mining and beneficiation at Timmins Operation,"Underground, concentrator",Free-miling,Au,4.13365515,1.0,mining,5007.674624236615,"Au, usable ore",metal_economic
TECH-GRP-147b3123-2023.0-2.0,2023.0,Energy,Diesel,GJ,384285.8,,,GRP-147b3123,CMP-48a36546,PanAmericanSilverCorp_ESG_data_2023,384285800.0,direct_unit,gj→MJ factor=1000.0,MJ,False,GRP-147b3123,Underground mining and beneficiation at Timmins Operation,"Underground, concentrator",Free-miling,Au,4.13365515,1.0,mining,92965132.80746219,"Au, usable ore",metal_economic
TECH-GRP-147b3123-2023.0-3.0,2023.0,Energy,Dynamite,GJ,4889.799999999999,,,GRP-147b3123,CMP-48a36546,PanAmericanSilverCorp_ESG_data_2023,4889799.999999999,direct_unit,gj→MJ factor=1000.0,MJ,False,GRP-147b3123,Underground mining and beneficiation at Timmins Operation,"Underground, concentrator",Free-miling,Au,4.13365515,1.0,mining,1182924.0279030048,"Au, usable ore",metal_economic
TECH-GRP-147b3123-2023.0-4.0,2023.0,Energy,Electricity consumption|Grid electricity,GJ,738226.8,,,GRP-147b3123,CMP-48a36546,PanAmericanSilverCorp_ESG_data_2023,738226800.0,direct_unit,gj→MJ factor=1000.0,MJ,False,GRP-147b3123,Underground mining and beneficiation at Timmins Operation,"Underground, concentrator",Free-miling,Au,4.13365515,1.0,mining,178589353.2991014,"Au, usable ore",metal_economic
TECH-GRP-147b3123-2023.0-5.0,2023.0,Energy,Emulsions,GJ,2026.3,"Explosives, treated as energy consumption",,GRP-147b3123,CMP-48a36546,PanAmericanSilverCorp_ESG_data_2023,2026300.0,direct_unit,gj→MJ factor=1000.0,MJ,False,GRP-147b3123,Underground mining and beneficiation at Timmins Operation,"Underground, concentrator",Free-miling,Au,4.13365515,1.0,mining,490195.70488360646,"Au, usable ore",metal_economic
TECH-GRP-147b3123-2023.0-6.0,2023.0,Energy,Gasoline,GJ,2946.1,,,GRP-147b3123,CMP-48a36546,PanAmericanSilverCorp_ESG_data_2023,2946100.0,direct_unit,gj→MJ factor=1000.0,MJ,False,GRP-147b3123,Underground mining and beneficiation at Timmins Operation,"Underground, concentrator",Free-miling,Au,4.13365515,1.0,mining,712710.6381866422,"Au, usable ore",metal_economic
TECH-GRP-147b3123-2023.0-7.0,2023.0,Energy,Natural gas,GJ,159325.59885,,,GRP-147b3123,CMP-48a36546,PanAmericanSilverCorp_ESG_data_2023,159325598.85,direct_unit,gj→MJ factor=1000.0,MJ,False,GRP-147b3123,Underground mining and beneficiation at Timmins Operation,"Underground, concentrator",Free-miling,Au,4.13365515,1.0,mining,38543514.8962535,"Au, usable ore",metal_economic
TECH-02884fb5-2023.0-1.0,2023.0,Energy,ANFO,GJ,1530.9,"Explosives, treated as energy consumption",QC-MAIN-02884fb5,,CMP-3d0a95b7,IAMGOLDCorporation_2023_iamgold-esg-performance-data-final_protected,1530900.0,direct_unit,gj→MJ factor=1000.0,MJ,False,QC-MAIN-02884fb5,Underground mining and beneficiation at Westwood-Doyon,"Underground, concentrator",Free-miling,Au,2.8926255,0.994897522565433,mining,526541.9312992371,"Au, usable ore",metal_economic
TECH-02884fb5-2023.0-1.0,2023.0,Energy,ANFO,GJ,1530.9,"Explosives, treated as energy consumption",QC-MAIN-02884fb5,,CMP-3d0a95b7,IAMGOLDCorporation_2023_iamgold-esg-performance-data-final_protected,1530900.0,direct_unit,gj→MJ factor=1000.0,MJ,False,QC-MAIN-02884fb5,Underground mining and beneficiation at Westwood-Doyon,"Underground, concentrator",Free-miling,Ag,1.143178039,0.005102477434567,mining,6833.041256995858,"Ag, usable ore",metal_economic
TECH-02884fb5-2023.0-7.0,2023.0,Energy,Diesel,GJ,206946.0,,QC-MAIN-02884fb5,,CMP-3d0a95b7,IAMGOLDCorporation_2023_iamgold-esg-performance-data-final_protected,206946000.0,direct_unit,gj→MJ factor=1000.0,MJ,False,QC-MAIN-02884fb5,Underground mining and beneficiation at Westwood-Doyon,"Underground, concentrator",Free-miling,Au,2.8926255,0.994897522565433,mining,71177573.0058475,"Au, usable ore",metal_economic
TECH-02884fb5-2023.0-7.0,2023.0,Energy,Diesel,GJ,206946.0,,QC-MAIN-02884fb5,,CMP-3d0a95b7,IAMGOLDCorporation_2023_iamgold-esg-performance-data-final_protected,206946000.0,direct_unit,gj→MJ factor=1000.0,MJ,False,QC-MAIN-02884fb5,Underground mining and beneficiation at Westwood-Doyon,"Underground, concentrator",Free-miling,Ag,1.143178039,0.005102477434567,mining,923685.7769745019,"Ag, usable ore",metal_economic
TECH-02884fb5-2023.0-8.0,2023.0,Energy,Electricity consumption|Grid electricity,GJ,525946.7,,QC-MAIN-02884fb5,,CMP-3d0a95b7,IAMGOLDCorporation_2023_iamgold-esg-performance-data-final_protected,525946699.9999999,direct_unit,gj→MJ factor=1000.0,MJ,False,QC-MAIN-02884fb5,Underground mining and beneficiation at Westwood-Doyon,"Underground, concentrator",Free-miling,Au,2.8926255,0.994897522565433,mining,180895545.87396982,"Au, usable ore",metal_economic
TECH-02884fb5-2023.0-8.0,2023.0,Energy,Electricity consumption|Grid electricity,GJ,525946.7,,QC-MAIN-02884fb5,,CMP-3d0a95b7,IAMGOLDCorporation_2023_iamgold-esg-performance-data-final_protected,525946699.9999999,direct_unit,gj→MJ factor=1000.0,MJ,False,QC-MAIN-02884fb5,Underground mining and beneficiation at Westwood-Doyon,"Underground, concentrator",Free-miling,Ag,1.143178039,0.005102477434567,mining,2347518.126644995,"Ag, usable ore",metal_economic
TECH-02884fb5-2023.0-9.0,2023.0,Energy,Emulsion ANFO,GJ,4260.6,"Explosives, treated as energy consumption",QC-MAIN-02884fb5,,CMP-3d0a95b7,IAMGOLDCorporation_2023_iamgold-esg-performance-data-final_protected,4260600.0,direct_unit,gj→MJ factor=1000.0,MJ,False,QC-MAIN-02884fb5,Underground mining and beneficiation at Westwood-Doyon,"Underground, concentrator",Free-miling,Au,2.8926255,0.994897522565433,mining,1465402.4119756545,"Au, usable ore",metal_economic
TECH-02884fb5-2023.0-9.0,2023.0,Energy,Emulsion ANFO,GJ,4260.6,"Explosives, treated as energy consumption",QC-MAIN-02884fb5,,CMP-3d0a95b7,IAMGOLDCorporation_2023_iamgold-esg-performance-data-final_protected,4260600.0,direct_unit,gj→MJ factor=1000.0,MJ,False,QC-MAIN-02884fb5,Underground mining and beneficiation at Westwood-Doyon,"Underground, concentrator",Free-miling,Ag,1.143178039,0.005102477434567,mining,19016.823815766253,"Ag, usable ore",metal_economic
TECH-02884fb5-2023.0-12.0,2023.0,Energy,Gasoline,GJ,3350.8,,QC-MAIN-02884fb5,,CMP-3d0a95b7,IAMGOLDCorporation_2023_iamgold-esg-performance-data-final_protected,3350800.0,direct_unit,gj→MJ factor=1000.0,MJ,False,QC-MAIN-02884fb5,Underground mining and beneficiation at Westwood-Doyon,"Underground, concentrator",Free-miling,Au,2.8926255,0.994897522565433,mining,1152483.3126902368,"Au, usable ore",metal_economic
TECH-02884fb5-2023.0-12.0,2023.0,Energy,Gasoline,GJ,3350.8,,QC-MAIN-02884fb5,,CMP-3d0a95b7,IAMGOLDCorporation_2023_iamgold-esg-performance-data-final_protected,3350800.0,direct_unit,gj→MJ factor=1000.0,MJ,False,QC-MAIN-02884fb5,Underground mining and beneficiation at Westwood-Doyon,"Underground, concentrator",Free-miling,Ag,1.143178039,0.005102477434567,mining,14956.00930429272,"Ag, usable ore",metal_economic
TECH-02884fb5-2023.0-17.0,2023.0,Energy,Natural gas,GJ,63958.3,,QC-MAIN-02884fb5,,CMP-3d0a95b7,IAMGOLDCorporation_2023_iamgold-esg-performance-data-final_protected,63958300.0,direct_unit,gj→MJ factor=1000.0,MJ,False,QC-MAIN-02884fb5,Underground mining and beneficiation at Westwood-Doyon,"Underground, concentrator",Free-miling,Au,2.8926255,0.994897522565433,mining,21997992.556415178,"Au, usable ore",metal_economic
TECH-02884fb5-2023.0-17.0,2023.0,Energy,Natural gas,GJ,63958.3,,QC-MAIN-02884fb5,,CMP-3d0a95b7,IAMGOLDCorporation_2023_iamgold-esg-performance-data-final_protected,63958300.0,direct_unit,gj→MJ factor=1000.0,MJ,False,QC-MAIN-02884fb5,Underground mining and beneficiation at Westwood-Doyon,"Underground, concentrator",Free-miling,Ag,1.143178039,0.005102477434567,mining,285472.4035713098,"Ag, usable ore",metal_economic
TECH-02884fb5-2023.0-18.0,2023.0,Energy,Propane,GJ,33.0,,QC-MAIN-02884fb5,,CMP-3d0a95b7,IAMGOLDCorporation_2023_iamgold-esg-performance-data-final_protected,33000.0,direct_unit,gj→MJ factor=1000.0,MJ,False,QC-MAIN-02884fb5,Underground mining and beneficiation at Westwood-Doyon,"Underground, concentrator",Free-miling,Au,2.8926255,0.994897522565433,mining,11350.110218090551,"Au, usable ore",metal_economic
TECH-02884fb5-2023.0-18.0,2023.0,Energy,Propane,GJ,33.0,,QC-MAIN-02884fb5,,CMP-3d0a95b7,IAMGOLDCorporation_2023_iamgold-esg-performance-data-final_protected,33000.0,direct_unit,gj→MJ factor=1000.0,MJ,False,QC-MAIN-02884fb5,Underground mining and beneficiation at Westwood-Doyon,"Underground, concentrator",Free-miling,Ag,1.143178039,0.005102477434567,mining,147.29267847727698,"Ag, usable ore",metal_economic
TECH-7607a50e-2023.0-1.0,2023.0,Energy,Diesel,GJ,140100.0,,ON-MAIN-7607a50e,,CMP-3a4ccc7f,AlamosGoldInc_Data_2023,140100000.0,direct_unit,gj→MJ factor=1000.0,MJ,False,ON-MAIN-7607a50e,Underground mining and beneficiation at Young-Davidson,"Underground, concentrator",Free-miling,Au,5.75725784999999,1.0,mining,24334501.537046887,"Au, usable ore",metal_economic
TECH-7607a50e-2023.0-2.0,2023.0,Energy,Electricity consumption|Generated on-site,GJ,475.0,,ON-MAIN-7607a50e,,CMP-3a4ccc7f,AlamosGoldInc_Data_2023,475000.0,direct_unit,gj→MJ factor=1000.0,MJ,False,ON-MAIN-7607a50e,Underground mining and beneficiation at Young-Davidson,"Underground, concentrator",Free-miling,Au,5.75725784999999,1.0,mining,82504.55553245732,"Au, usable ore",metal_economic
TECH-7607a50e-2023.0-3.0,2023.0,Energy,Electricity consumption|Grid electricity,GJ,960748.0,,ON-MAIN-7607a50e,,CMP-3a4ccc7f,AlamosGoldInc_Data_2023,960748000.0,direct_unit,gj→MJ factor=1000.0,MJ,False,ON-MAIN-7607a50e,Underground mining and beneficiation at Young-Davidson,"Underground, concentrator",Free-miling,Au,5.75725784999999,1.0,mining,166875972.03936276,"Au, usable ore",metal_economic
TECH-7607a50e-2023.0-4.0,2023.0,Energy,Gasoline,GJ,2124.0,,ON-MAIN-7607a50e,,CMP-3a4ccc7f,AlamosGoldInc_Data_2023,2124000.0,direct_unit,gj→MJ factor=1000.0,MJ,False,ON-MAIN-7607a50e,Underground mining and beneficiation at Young-Davidson,"Underground, concentrator",Free-miling,Au,5.75725784999999,1.0,mining,368925.63358092494,"Au, usable ore",metal_economic
TECH-7607a50e-2023.0-5.0,2023.0,Energy,Naphta,GJ,6344.0,,ON-MAIN-7607a50e,,CMP-3a4ccc7f,AlamosGoldInc_Data_2023,6344000.0,direct_unit,gj→MJ factor=1000.0,MJ,False,ON-MAIN-7607a50e,Underground mining and beneficiation at Young-Davidson,"Underground, concentrator",Free-miling,Au,5.75725784999999,1.0,mining,1101913.4743113879,"Au, usable ore",metal_economic
TECH-7607a50e-2023.0-6.0,2023.0,Energy,Natural gas,GJ,221612.0,,ON-MAIN-7607a50e,,CMP-3a4ccc7f,AlamosGoldInc_Data_2023,221612000.0,direct_unit,gj→MJ factor=1000.0,MJ,False,ON-MAIN-7607a50e,Underground mining and beneficiation at Young-Davidson,"Underground, concentrator",Free-miling,Au,5.75725784999999,1.0,mining,38492630.654018804,"Au, usable ore",metal_economic
