main_id,facility_group_id,compartment_name,substance_name,flow_direction,release_pathway,unit,value,site_id,activity_name,ore_processed_t,value_normalized,functional_unit,allocation_factor,normalization_key
BC-MAIN-599152a0,,Air,GHG,,,tCO2eq,229916.00098382577,BC-MAIN-599152a0,"Au and Ag and Cu, Open-pit mining and beneficiation at Copper Mountain",6862152.0,0.03350494145041173,Ore processed,1,ore
BC-MAIN-6b4800fe,,Air,GHG,,,tCO2eq,131638.00056328773,BC-MAIN-6b4800fe,"Cu and Mo, Open-pit mining and beneficiation at Gibraltar",30000000.0,0.004387933352109591,Ore processed,1,ore
BC-MAIN-bf503b6b,,Air,GHG,,,tCO2eq,2412130.010321664,BC-MAIN-bf503b6b,"Cu and Mo, Open-pit mining and beneficiation at Highland Valley",215221530000.0,1.1207661288913168e-05,Ore processed,1,ore
BC-MAIN-e34feb4d,,Air,GHG,,,tCO2eq,0.0,BC-MAIN-e34feb4d,,,,Ore processed,1,ore
QC-MAIN-e51eda66,,Air,GHG,,,tCO2eq,67116.0002871938,QC-MAIN-e51eda66,"Au and Ag and Cu and Zn, Underground mining and beneficiation at LaRonde",1501500.0,0.04469930089057197,Ore processed,1,ore
ON-MAIN-7001a391,,Air,GHG,,,tCO2eq,7782.000033299693,ON-MAIN-7001a391,,317660.0,0.024497890931498123,Ore processed,1,ore
NL-MAIN-c139de6d,,Air,GHG,,,tCO2eq,0.0,NL-MAIN-c139de6d,,,,Ore processed,1,ore
YT-MAIN-752fbcae,,Air,GHG,,,tCO2eq,0.0,YT-MAIN-752fbcae,,,,Ore processed,1,ore
BC-MAIN-ed23117f,,Air,GHG,,,tCO2eq,79566.00034046818,BC-MAIN-ed23117f,"Au and Cu, Open-pit mining and beneficiation at Mount Milligan",21680000.0,0.0036700184658887535,Ore processed,1,ore
BC-MAIN-3f490561,,Air,GHG,,,tCO2eq,71379.00030543547,BC-MAIN-3f490561,"Au and Cu, Open-pit mining and beneficiation at Mount Polley",5948239.0,0.01200002224279076,Ore processed,1,ore
BC-MAIN-23155c25,,Air,GHG,,,tCO2eq,540.0000023106958,BC-MAIN-23155c25,,,,Ore processed,1,ore
BC-MAIN-aa76f6f2,,Air,GHG,,,tCO2eq,15908.000068071386,BC-MAIN-aa76f6f2,"Au and Cu, Underground mining and beneficiation at New Afton",3065000.0,0.005190212093987402,Ore processed,1,ore
QC-MAIN-a97821c0,,Air,GHG,,,tCO2eq,8219.000035169645,QC-MAIN-a97821c0,"Cu and Ni and Co and Pt, Underground mining and beneficiation at Raglan",1500000.0,0.005479333356779763,Ore processed,1,ore
BC-MAIN-8eb8be0d,,Air,GHG,,,tCO2eq,84511.00036162816,BC-MAIN-8eb8be0d,"Au and Cu, Open-pit mining and beneficiation at Red Chris",1139000.0,0.07419754202074465,Ore processed,1,ore
MB-MAIN-e0a6250e,,Air,GHG,,,tCO2eq,4433.000018969101,MB-MAIN-e0a6250e,"Cu and Ni, Open-pit and underground mining and beneficiation at Thompson (T-1 and T-3)",464705.882352941,0.009539367129427182,Ore processed,1,ore
QC-MAIN-b2148882,,Air,GHG,,,tCO2eq,0.0,QC-MAIN-b2148882,,,,Ore processed,1,ore
NL-MAIN-2d8801d6,,Air,GHG,,,tCO2eq,11440.000048952515,NL-MAIN-2d8801d6,"Cu and Ni, Open-pit and underground mining and beneficiation at Voisey’s Bay",794117.647058823,0.014405925987569844,Ore processed,1,ore
ON-MAIN-f8313ebd,,Air,GHG,,,tCO2eq,16200.000069320871,ON-MAIN-f8313ebd,"Ag and Cu and Zn, Underground mining and beneficiation at Kidd Creek",1340000.0,0.012089552290537963,Ore processed,1,ore
ON-MAIN-a3c56a83,,Air,GHG,,,tCO2eq,59145.00025308537,ON-MAIN-a3c56a83,"Au and Pt and Pd, Open-pit and underground mining and beneficiation at Lac des Iles",3798000.0,0.015572669892860812,Ore processed,1,ore
NL-MAIN-b64bae7a,,Air,GHG,,,tCO2eq,576072.0024650502,NL-MAIN-b64bae7a,,3560000.0,0.16181797822051971,Ore processed,1,ore
ON-MAIN-1f126a43,,Air,Ammonia (total),Emission,Stack Emissions,tonnes,0.636,ON-MAIN-1f126a43,"Au, Underground mining and beneficiation at Macassa",441588.0,1.4402565287100193e-06,Ore processed,1,ore
ON-MAIN-1f126a43,,Air,Arsenic (and its compounds),Emission,Stack Emissions,kg,0.116,ON-MAIN-1f126a43,"Au, Underground mining and beneficiation at Macassa",441588.0,2.626882976892488e-07,Ore processed,1,ore
ON-MAIN-1f126a43,,Air,Carbon monoxide,Emission,Stack Emissions,tonnes,76.208,ON-MAIN-1f126a43,"Au, Underground mining and beneficiation at Macassa",441588.0,0.00017257715336467476,Ore processed,1,ore
ON-MAIN-1f126a43,,Air,Chromium (and its compounds),Emission,Stack Emissions,tonnes,0.00105,ON-MAIN-1f126a43,"Au, Underground mining and beneficiation at Macassa",441588.0,2.3777820049457863e-09,Ore processed,1,ore
ON-MAIN-1f126a43,,Air,Cobalt (and its compounds),Emission,Stack Emissions,kg,0.18,ON-MAIN-1f126a43,"Au, Underground mining and beneficiation at Macassa",441588.0,4.0761977227642053e-07,Ore processed,1,ore
ON-MAIN-1f126a43,,Air,Copper (and its compounds),Emission,Stack Emissions,tonnes,0.00105,ON-MAIN-1f126a43,"Au, Underground mining and beneficiation at Macassa",441588.0,2.3777820049457863e-09,Ore processed,1,ore
ON-MAIN-1f126a43,,Air,Cyanides (ionic),Emission,Stack Emissions,tonnes,0.098,ON-MAIN-1f126a43,"Au, Underground mining and beneficiation at Macassa",441588.0,2.2192632046160675e-07,Ore processed,1,ore
ON-MAIN-1f126a43,,Air,Lead (and its compounds),Emission,Stack Emissions,kg,0.29,ON-MAIN-1f126a43,"Au, Underground mining and beneficiation at Macassa",441588.0,6.56720744223122e-07,Ore processed,1,ore
ON-MAIN-1f126a43,,Air,Manganese (and its compounds),Emission,Stack Emissions,tonnes,0.012,ON-MAIN-1f126a43,"Au, Underground mining and beneficiation at Macassa",441588.0,2.7174651485094705e-08,Ore processed,1,ore
ON-MAIN-1f126a43,,Air,Nitric acid,Emission,Stack Emissions,tonnes,0.105,ON-MAIN-1f126a43,"Au, Underground mining and beneficiation at Macassa",441588.0,2.3777820049457866e-07,Ore processed,1,ore
ON-MAIN-1f126a43,,Air,Nitrogen oxides (expressed as nitrogen dioxide),Emission,Stack Emissions,tonnes,140.902,ON-MAIN-1f126a43,"Au, Underground mining and beneficiation at Macassa",441588.0,0.0003190802286294011,Ore processed,1,ore
ON-MAIN-1f126a43,,Air,Phosphorus (total),Emission,Stack Emissions,tonnes,0.001,ON-MAIN-1f126a43,"Au, Underground mining and beneficiation at Macassa",441588.0,2.2645542904245586e-09,Ore processed,1,ore
ON-MAIN-1f126a43,,Air,PM10 - Particulate Matter <= 10 Micrometers,Emission,Stack Emissions,tonnes,21.207,ON-MAIN-1f126a43,"Au, Underground mining and beneficiation at Macassa",441588.0,4.8024402837033614e-05,Ore processed,1,ore
ON-MAIN-1f126a43,,Air,PM2.5 - Particulate Matter <= 2.5 Micrometers,Emission,Stack Emissions,tonnes,21.207,ON-MAIN-1f126a43,"Au, Underground mining and beneficiation at Macassa",441588.0,4.8024402837033614e-05,Ore processed,1,ore
ON-MAIN-1f126a43,,Air,Thallium (and its compounds),Emission,Stack Emissions,kg,0.008,ON-MAIN-1f126a43,"Au, Underground mining and beneficiation at Macassa",441588.0,1.811643432339647e-08,Ore processed,1,ore
ON-MAIN-1f126a43,,Air,Total particulate matter,Emission,Stack Emissions,tonnes,21.207,ON-MAIN-1f126a43,"Au, Underground mining and beneficiation at Macassa",441588.0,4.8024402837033614e-05,Ore processed,1,ore
ON-MAIN-1f126a43,,Air,Vanadium (and its compounds),Emission,Stack Emissions,tonnes,0.00158,ON-MAIN-1f126a43,"Au, Underground mining and beneficiation at Macassa",441588.0,3.5779957788708026e-09,Ore processed,1,ore
ON-MAIN-1f126a43,,Air,Zinc (and its compounds),Emission,Stack Emissions,tonnes,0.0008,ON-MAIN-1f126a43,"Au, Underground mining and beneficiation at Macassa",441588.0,1.811643432339647e-09,Ore processed,1,ore
QC-MAIN-e7e6a960,,Air,Carbon monoxide,Emission,Stack Emissions,tonnes,3.03,QC-MAIN-e7e6a960,"Au and Ag, Open-pit mining and beneficiation at Canadian Malartic",17332900.0,1.7481206260925751e-07,Ore processed,1,ore
QC-MAIN-e7e6a960,,Air,Nitrogen oxides (expressed as nitrogen dioxide),Emission,Stack Emissions,tonnes,9.03,QC-MAIN-e7e6a960,"Au and Ag, Open-pit mining and beneficiation at Canadian Malartic",17332900.0,5.209745628256091e-07,Ore processed,1,ore
QC-MAIN-e7e6a960,,Air,PM10 - Particulate Matter <= 10 Micrometers,Emission,Stack Emissions,tonnes,1.73,QC-MAIN-e7e6a960,"Au and Ag, Open-pit mining and beneficiation at Canadian Malartic",17332900.0,9.981018756238137e-08,Ore processed,1,ore
QC-MAIN-e7e6a960,,Air,PM2.5 - Particulate Matter <= 2.5 Micrometers,Emission,Stack Emissions,tonnes,0.61,QC-MAIN-e7e6a960,"Au and Ag, Open-pit mining and beneficiation at Canadian Malartic",17332900.0,3.519318752199574e-08,Ore processed,1,ore
QC-MAIN-e7e6a960,,Air,Total particulate matter,Emission,Stack Emissions,tonnes,7.86,QC-MAIN-e7e6a960,"Au and Ag, Open-pit mining and beneficiation at Canadian Malartic",17332900.0,4.5347287528342056e-07,Ore processed,1,ore
QC-MAIN-e7e6a960,,Air,Volatile Organic Compounds (Total),Emission,Stack Emissions,tonnes,0.5,QC-MAIN-e7e6a960,"Au and Ag, Open-pit mining and beneficiation at Canadian Malartic",17332900.0,2.8846875018029298e-08,Ore processed,1,ore
NU-MAIN-8b0264c9,,Air,Arsenic (and its compounds),Emission,Stack Emissions,kg,0.950969,NU-MAIN-8b0264c9,"Au and Ag, Open-pit and underground mining and beneficiation at Meliadine",1918143.0,4.957758623835657e-07,Ore processed,1,ore
NU-MAIN-8b0264c9,,Air,Cadmium (and its compounds),Emission,Stack Emissions,kg,0.203747,NU-MAIN-8b0264c9,"Au and Ag, Open-pit and underground mining and beneficiation at Meliadine",1918143.0,1.0622096475601663e-07,Ore processed,1,ore
NU-MAIN-8b0264c9,,Air,Carbon monoxide,Emission,Stack Emissions,tonnes,434.002636,NU-MAIN-8b0264c9,"Au and Ag, Open-pit and underground mining and beneficiation at Meliadine",1918143.0,0.00022626187724272904,Ore processed,1,ore
NU-MAIN-8b0264c9,,Air,Chromium (and its compounds),Emission,Stack Emissions,tonnes,0.000219,NU-MAIN-8b0264c9,"Au and Ag, Open-pit and underground mining and beneficiation at Meliadine",1918143.0,1.1417292662747251e-10,Ore processed,1,ore
NU-MAIN-8b0264c9,,Air,Cobalt (and its compounds),Emission,Stack Emissions,kg,0.002818,NU-MAIN-8b0264c9,"Au and Ag, Open-pit and underground mining and beneficiation at Meliadine",1918143.0,1.4691292567863815e-09,Ore processed,1,ore
NU-MAIN-8b0264c9,,Air,Copper (and its compounds),Emission,Stack Emissions,tonnes,0.000968,NU-MAIN-8b0264c9,"Au and Ag, Open-pit and underground mining and beneficiation at Meliadine",1918143.0,5.046547624447187e-10,Ore processed,1,ore
NU-MAIN-8b0264c9,,Air,Dioxins and furans - total,Emission,Stack Emissions,g TEQ,0.001444,NU-MAIN-8b0264c9,"Au and Ag, Open-pit and underground mining and beneficiation at Meliadine",1918143.0,7.528114431510059e-10,Ore processed,1,ore
NU-MAIN-8b0264c9,,Air,Hydrochloric acid,Emission,Stack Emissions,tonnes,2.18248,NU-MAIN-8b0264c9,"Au and Ag, Open-pit and underground mining and beneficiation at Meliadine",1918143.0,1.1378088077896173e-06,Ore processed,1,ore
NU-MAIN-8b0264c9,,Air,Lead (and its compounds),Emission,Stack Emissions,kg,1.624417,NU-MAIN-8b0264c9,"Au and Ag, Open-pit and underground mining and beneficiation at Meliadine",1918143.0,8.468696025270274e-07,Ore processed,1,ore
NU-MAIN-8b0264c9,,Air,Manganese (and its compounds),Emission,Stack Emissions,tonnes,0.000408,NU-MAIN-8b0264c9,"Au and Ag, Open-pit and underground mining and beneficiation at Meliadine",1918143.0,2.1270572631967481e-10,Ore processed,1,ore
NU-MAIN-8b0264c9,,Air,Nickel (and its compounds),Emission,Stack Emissions,tonnes,0.000184,NU-MAIN-8b0264c9,"Au and Ag, Open-pit and underground mining and beneficiation at Meliadine",1918143.0,9.592611186965726e-11,Ore processed,1,ore
NU-MAIN-8b0264c9,,Air,Nitrogen oxides (expressed as nitrogen dioxide),Emission,Stack Emissions,tonnes,1636.562586,NU-MAIN-8b0264c9,"Au and Ag, Open-pit and underground mining and beneficiation at Meliadine",1918143.0,0.0008532015527518022,Ore processed,1,ore
NU-MAIN-8b0264c9,,Air,PM10 - Particulate Matter <= 10 Micrometers,Emission,Stack Emissions,tonnes,26.086918,NU-MAIN-8b0264c9,"Au and Ag, Open-pit and underground mining and beneficiation at Meliadine",1918143.0,1.3600090295666174e-05,Ore processed,1,ore
NU-MAIN-8b0264c9,,Air,PM2.5 - Particulate Matter <= 2.5 Micrometers,Emission,Stack Emissions,tonnes,24.895701,NU-MAIN-8b0264c9,"Au and Ag, Open-pit and underground mining and beneficiation at Meliadine",1918143.0,1.2979064126084446e-05,Ore processed,1,ore
NU-MAIN-8b0264c9,,Air,Selenium (and its compounds),Emission,Stack Emissions,kg,0.884657,NU-MAIN-8b0264c9,"Au and Ag, Open-pit and underground mining and beneficiation at Meliadine",1918143.0,4.6120492580584454e-07,Ore processed,1,ore
NU-MAIN-8b0264c9,,Air,Thallium (and its compounds),Emission,Stack Emissions,kg,0.002537,NU-MAIN-8b0264c9,"Au and Ag, Open-pit and underground mining and beneficiation at Meliadine",1918143.0,1.3226334011593506e-09,Ore processed,1,ore
NU-MAIN-8b0264c9,,Air,Total particulate matter,Emission,Stack Emissions,tonnes,32.814761,NU-MAIN-8b0264c9,"Au and Ag, Open-pit and underground mining and beneficiation at Meliadine",1918143.0,1.7107567579685143e-05,Ore processed,1,ore
NU-MAIN-8b0264c9,,Air,Vanadium (and its compounds),Emission,Stack Emissions,tonnes,5e-06,NU-MAIN-8b0264c9,"Au and Ag, Open-pit and underground mining and beneficiation at Meliadine",1918143.0,2.6066878225450346e-12,Ore processed,1,ore
NU-MAIN-8b0264c9,,Air,Volatile Organic Compounds (Total),Emission,Stack Emissions,tonnes,41.799029,NU-MAIN-8b0264c9,"Au and Ag, Open-pit and underground mining and beneficiation at Meliadine",1918143.0,2.179140397770135e-05,Ore processed,1,ore
NU-MAIN-8b0264c9,,Air,Zinc (and its compounds),Emission,Stack Emissions,tonnes,0.00608,NU-MAIN-8b0264c9,"Au and Ag, Open-pit and underground mining and beneficiation at Meliadine",1918143.0,3.169732392214762e-09,Ore processed,1,ore
QC-MAIN-c0660aec,,Air,Arsenic (and its compounds),Emission,Stack Emissions,kg,0.37,QC-MAIN-c0660aec,"Au and Cu, Underground mining and beneficiation at Goldex",2886927.328724,1.2816394660115577e-07,Ore processed,1,ore
QC-MAIN-c0660aec,,Air,Chromium (and its compounds),Emission,Stack Emissions,tonnes,1e-06,QC-MAIN-c0660aec,"Au and Cu, Underground mining and beneficiation at Goldex",2886927.328724,3.463890448679885e-13,Ore processed,1,ore
QC-MAIN-c0660aec,,Air,Cobalt (and its compounds),Emission,Stack Emissions,kg,0.00012,QC-MAIN-c0660aec,"Au and Cu, Underground mining and beneficiation at Goldex",2886927.328724,4.156668538415863e-11,Ore processed,1,ore
QC-MAIN-c0660aec,,Air,Copper (and its compounds),Emission,Stack Emissions,tonnes,3e-06,QC-MAIN-c0660aec,"Au and Cu, Underground mining and beneficiation at Goldex",2886927.328724,1.0391671346039656e-12,Ore processed,1,ore
QC-MAIN-c0660aec,,Air,Lead (and its compounds),Emission,Stack Emissions,kg,9.36,QC-MAIN-c0660aec,"Au and Cu, Underground mining and beneficiation at Goldex",2886927.328724,3.242201459964373e-06,Ore processed,1,ore
QC-MAIN-c0660aec,,Air,Manganese (and its compounds),Emission,Stack Emissions,tonnes,3e-06,QC-MAIN-c0660aec,"Au and Cu, Underground mining and beneficiation at Goldex",2886927.328724,1.0391671346039656e-12,Ore processed,1,ore
QC-MAIN-c0660aec,,Air,Nickel (and its compounds),Emission,Stack Emissions,tonnes,1e-06,QC-MAIN-c0660aec,"Au and Cu, Underground mining and beneficiation at Goldex",2886927.328724,3.463890448679885e-13,Ore processed,1,ore
QC-MAIN-c0660aec,,Air,Total particulate matter,Emission,Stack Emissions,tonnes,0.019,QC-MAIN-c0660aec,"Au and Cu, Underground mining and beneficiation at Goldex",2886927.328724,6.581391852491782e-09,Ore processed,1,ore
QC-MAIN-c0660aec,,Air,Vanadium (and its compounds),Emission,Stack Emissions,tonnes,1e-06,QC-MAIN-c0660aec,"Au and Cu, Underground mining and beneficiation at Goldex",2886927.328724,3.463890448679885e-13,Ore processed,1,ore
QC-MAIN-c0660aec,,Air,Zinc (and its compounds),Emission,Stack Emissions,tonnes,6e-06,QC-MAIN-c0660aec,"Au and Cu, Underground mining and beneficiation at Goldex",2886927.328724,2.0783342692079312e-12,Ore processed,1,ore
ON-MAIN-687b8c8d,,Air,Ammonia (total),Emission,Stack Emissions,tonnes,0.483,ON-MAIN-687b8c8d,"Au, Underground mining and beneficiation at Island",439008.0,1.1002077410890006e-06,Ore processed,1,ore
ON-MAIN-7607a50e,,Air,Antimony (and its compounds),Emission,Stack Emissions,tonnes,7e-06,ON-MAIN-7607a50e,"Au, Underground mining and beneficiation at Young-Davidson",2878047.0,2.432204894499638e-12,Ore processed,1,ore
ON-MAIN-687b8c8d,,Air,Arsenic (and its compounds),Emission,Stack Emissions,kg,1.8225,ON-MAIN-687b8c8d,"Au, Underground mining and beneficiation at Island",439008.0,4.151404985786136e-06,Ore processed,1,ore
ON-MAIN-7607a50e,,Air,Arsenic (and its compounds),Emission,Stack Emissions,kg,0.032638,ON-MAIN-7607a50e,"Au, Underground mining and beneficiation at Young-Davidson",2878047.0,1.1340329049525598e-08,Ore processed,1,ore
ON-MAIN-687b8c8d,,Air,Cadmium (and its compounds),Emission,Stack Emissions,kg,0.0138,ON-MAIN-687b8c8d,"Au, Underground mining and beneficiation at Island",439008.0,3.143450688825716e-08,Ore processed,1,ore
ON-MAIN-7607a50e,,Air,Cadmium (and its compounds),Emission,Stack Emissions,kg,0.106318,ON-MAIN-7607a50e,"Au, Underground mining and beneficiation at Young-Davidson",2878047.0,3.6941022853344646e-08,Ore processed,1,ore
ON-MAIN-7607a50e,,Air,Carbon disulphide,Emission,Stack Emissions,tonnes,30.228766,ON-MAIN-7607a50e,"Au, Underground mining and beneficiation at Young-Davidson",2878047.0,1.0503221802840606e-05,Ore processed,1,ore
ON-MAIN-687b8c8d,,Air,Carbon monoxide,Emission,Stack Emissions,tonnes,96.4102,ON-MAIN-687b8c8d,"Au, Underground mining and beneficiation at Island",439008.0,0.0002196092098549457,Ore processed,1,ore
ON-MAIN-7607a50e,,Air,Carbon monoxide,Emission,Stack Emissions,tonnes,214.673254,ON-MAIN-7607a50e,"Au, Underground mining and beneficiation at Young-Davidson",2878047.0,7.458990558528057e-05,Ore processed,1,ore
ON-MAIN-687b8c8d,,Air,Chromium (and its compounds),Emission,Stack Emissions,tonnes,0.002,ON-MAIN-687b8c8d,"Au, Underground mining and beneficiation at Island",439008.0,4.555725635979299e-09,Ore processed,1,ore
ON-MAIN-7607a50e,,Air,Chromium (and its compounds),Emission,Stack Emissions,tonnes,0.000909,ON-MAIN-7607a50e,"Au, Underground mining and beneficiation at Young-Davidson",2878047.0,3.158391784428816e-10,Ore processed,1,ore
ON-MAIN-687b8c8d,,Air,Cobalt (and its compounds),Emission,Stack Emissions,kg,0.3701,ON-MAIN-687b8c8d,"Au, Underground mining and beneficiation at Island",439008.0,8.430370289379692e-07,Ore processed,1,ore
ON-MAIN-7607a50e,,Air,Cobalt (and its compounds),Emission,Stack Emissions,kg,0.096206,ON-MAIN-7607a50e,"Au, Underground mining and beneficiation at Young-Davidson",2878047.0,3.3427529154318887e-08,Ore processed,1,ore
ON-MAIN-687b8c8d,,Air,Copper (and its compounds),Emission,Stack Emissions,tonnes,0.0013,ON-MAIN-687b8c8d,"Au, Underground mining and beneficiation at Island",439008.0,2.9612216633865442e-09,Ore processed,1,ore
ON-MAIN-7607a50e,,Air,Copper (and its compounds),Emission,Stack Emissions,tonnes,0.001595,ON-MAIN-7607a50e,"Au, Underground mining and beneficiation at Young-Davidson",2878047.0,5.541952581038461e-10,Ore processed,1,ore
ON-MAIN-687b8c8d,,Air,Lead (and its compounds),Emission,Stack Emissions,kg,0.3765,ON-MAIN-687b8c8d,"Au, Underground mining and beneficiation at Island",439008.0,8.57615350973103e-07,Ore processed,1,ore
ON-MAIN-7607a50e,,Air,Lead (and its compounds),Emission,Stack Emissions,kg,0.327258,ON-MAIN-7607a50e,"Au, Underground mining and beneficiation at Young-Davidson",2878047.0,1.1370835848059465e-07,Ore processed,1,ore
ON-MAIN-687b8c8d,,Air,Manganese (and its compounds),Emission,Stack Emissions,tonnes,0.0169,ON-MAIN-687b8c8d,"Au, Underground mining and beneficiation at Island",439008.0,3.849588162402507e-08,Ore processed,1,ore
ON-MAIN-7607a50e,,Air,Manganese (and its compounds),Emission,Stack Emissions,tonnes,0.009174,ON-MAIN-7607a50e,"Au, Underground mining and beneficiation at Young-Davidson",2878047.0,3.1875782431628114e-09,Ore processed,1,ore
ON-MAIN-687b8c8d,,Air,Mercury (and its compounds),Emission,Stack Emissions,tonnes,1.55e-05,ON-MAIN-687b8c8d,"Au, Underground mining and beneficiation at Island",439008.0,3.530687367883957e-11,Ore processed,1,ore
ON-MAIN-687b8c8d,,Air,Nickel (and its compounds),Emission,Stack Emissions,tonnes,0.0017,ON-MAIN-687b8c8d,"Au, Underground mining and beneficiation at Island",439008.0,3.872366790582404e-09,Ore processed,1,ore
ON-MAIN-7607a50e,,Air,Nickel (and its compounds),Emission,Stack Emissions,tonnes,0.000378,ON-MAIN-7607a50e,"Au, Underground mining and beneficiation at Young-Davidson",2878047.0,1.3133906430298048e-10,Ore processed,1,ore
ON-MAIN-7607a50e,,Air,Nitrate ion in solution at pH >= 6.0,Emission,Stack Emissions,tonnes,0.0002,ON-MAIN-7607a50e,"Au, Underground mining and beneficiation at Young-Davidson",2878047.0,6.949156841427538e-11,Ore processed,1,ore
ON-MAIN-687b8c8d,,Air,Nitrogen oxides (expressed as nitrogen dioxide),Emission,Stack Emissions,tonnes,440.1722,ON-MAIN-687b8c8d,"Au, Underground mining and beneficiation at Island",439008.0,0.0010026518878927034,Ore processed,1,ore
ON-MAIN-7607a50e,,Air,Nitrogen oxides (expressed as nitrogen dioxide),Emission,Stack Emissions,tonnes,33.825137,ON-MAIN-7607a50e,"Au, Underground mining and beneficiation at Young-Davidson",2878047.0,1.1752809109788685e-05,Ore processed,1,ore
ON-MAIN-7607a50e,,Air,Phosphorus (total),Emission,Stack Emissions,tonnes,0.008252,ON-MAIN-7607a50e,"Au, Underground mining and beneficiation at Young-Davidson",2878047.0,2.8672221127730023e-09,Ore processed,1,ore
ON-MAIN-687b8c8d,,Air,PM10 - Particulate Matter <= 10 Micrometers,Emission,Stack Emissions,tonnes,43.1072,ON-MAIN-687b8c8d,"Au, Underground mining and beneficiation at Island",439008.0,9.819228806764341e-05,Ore processed,1,ore
ON-MAIN-7607a50e,,Air,PM10 - Particulate Matter <= 10 Micrometers,Emission,Stack Emissions,tonnes,4.766211,ON-MAIN-7607a50e,"Au, Underground mining and beneficiation at Young-Davidson",2878047.0,1.6560573889168593e-06,Ore processed,1,ore
ON-MAIN-687b8c8d,,Air,PM2.5 - Particulate Matter <= 2.5 Micrometers,Emission,Stack Emissions,tonnes,36.8965,ON-MAIN-687b8c8d,"Au, Underground mining and beneficiation at Island",439008.0,8.40451654639551e-05,Ore processed,1,ore
ON-MAIN-7607a50e,,Air,PM2.5 - Particulate Matter <= 2.5 Micrometers,Emission,Stack Emissions,tonnes,2.941035,ON-MAIN-7607a50e,"Au, Underground mining and beneficiation at Young-Davidson",2878047.0,1.0218856745563918e-06,Ore processed,1,ore
ON-MAIN-687b8c8d,,Air,Selenium (and its compounds),Emission,Stack Emissions,kg,1.8958,ON-MAIN-687b8c8d,"Au, Underground mining and beneficiation at Island",439008.0,4.318372330344777e-06,Ore processed,1,ore
ON-MAIN-7607a50e,,Air,Selenium (and its compounds),Emission,Stack Emissions,kg,0.006421,ON-MAIN-7607a50e,"Au, Underground mining and beneficiation at Young-Davidson",2878047.0,2.231026803940311e-09,Ore processed,1,ore
ON-MAIN-7607a50e,,Air,Silver (and its compounds),Emission,Stack Emissions,tonnes,5e-06,ON-MAIN-7607a50e,"Au, Underground mining and beneficiation at Young-Davidson",2878047.0,1.7372892103568846e-12,Ore processed,1,ore
ON-MAIN-7607a50e,,Air,Thallium (and its compounds),Emission,Stack Emissions,kg,0.005316,ON-MAIN-7607a50e,"Au, Underground mining and beneficiation at Young-Davidson",2878047.0,1.8470858884514397e-09,Ore processed,1,ore
ON-MAIN-687b8c8d,,Air,Total particulate matter,Emission,Stack Emissions,tonnes,56.1228,ON-MAIN-687b8c8d,"Au, Underground mining and beneficiation at Island",439008.0,0.00012784003936146948,Ore processed,1,ore
ON-MAIN-7607a50e,,Air,Total particulate matter,Emission,Stack Emissions,tonnes,8.412956,ON-MAIN-7607a50e,"Au, Underground mining and beneficiation at Young-Davidson",2878047.0,2.923147537201442e-06,Ore processed,1,ore
ON-MAIN-7607a50e,,Air,Total reduced sulphur (expressed as hydrogen sulphide),Emission,Stack Emissions,tonnes,27.054746,ON-MAIN-7607a50e,"Au, Underground mining and beneficiation at Young-Davidson",2878047.0,9.400383662949216e-06,Ore processed,1,ore
ON-MAIN-7607a50e,,Air,Vanadium (and its compounds),Emission,Stack Emissions,tonnes,0.000756,ON-MAIN-7607a50e,"Au, Underground mining and beneficiation at Young-Davidson",2878047.0,2.6267812860596095e-10,Ore processed,1,ore
ON-MAIN-7607a50e,,Air,Volatile Organic Compounds (Total),Emission,Stack Emissions,tonnes,30.752677,ON-MAIN-7607a50e,"Au, Underground mining and beneficiation at Young-Davidson",2878047.0,1.0685258788338063e-05,Ore processed,1,ore
ON-MAIN-687b8c8d,,Air,Zinc (and its compounds),Emission,Stack Emissions,tonnes,0.0015,ON-MAIN-687b8c8d,"Au, Underground mining and beneficiation at Island",439008.0,3.416794226984474e-09,Ore processed,1,ore
ON-MAIN-7607a50e,,Air,Zinc (and its compounds),Emission,Stack Emissions,tonnes,0.0032,ON-MAIN-7607a50e,"Au, Underground mining and beneficiation at Young-Davidson",2878047.0,1.111865094628406e-09,Ore processed,1,ore
BC-MAIN-e34feb4d,,Air,Nitrogen oxides (expressed as nitrogen dioxide),Emission,Stack Emissions,tonnes,64.607,BC-MAIN-e34feb4d,,,,Ore processed,1,ore
BC-MAIN-e34feb4d,,Air,PM10 - Particulate Matter <= 10 Micrometers,Emission,Stack Emissions,tonnes,4.519,BC-MAIN-e34feb4d,,,,Ore processed,1,ore
BC-MAIN-e34feb4d,,Air,PM2.5 - Particulate Matter <= 2.5 Micrometers,Emission,Stack Emissions,tonnes,4.519,BC-MAIN-e34feb4d,,,,Ore processed,1,ore
BC-MAIN-e34feb4d,,Air,Total particulate matter,Emission,Stack Emissions,tonnes,4.519,BC-MAIN-e34feb4d,,,,Ore processed,1,ore
SK-MAIN-91cf5448,,Air,PM10 - Particulate Matter <= 10 Micrometers,Emission,Stack Emissions,tonnes,0.256,SK-MAIN-91cf5448,"U, Underground mining at Cigar Lake",43726.856187782,5.854525623809438e-06,Ore processed,1,ore
SK-MAIN-91cf5448,,Air,PM2.5 - Particulate Matter <= 2.5 Micrometers,Emission,Stack Emissions,tonnes,0.254,SK-MAIN-91cf5448,"U, Underground mining at Cigar Lake",43726.856187782,5.808787142373427e-06,Ore processed,1,ore
SK-MAIN-91cf5448,,Air,Total particulate matter,Emission,Stack Emissions,tonnes,0.271,SK-MAIN-91cf5448,"U, Underground mining at Cigar Lake",43726.856187782,6.197564234579522e-06,Ore processed,1,ore
BC-MAIN-599152a0,,Air,Carbon monoxide,Emission,Stack Emissions,tonnes,10.5047,BC-MAIN-599152a0,"Au and Ag and Cu, Open-pit mining and beneficiation at Copper Mountain",6862152.0,1.5308171547351327e-06,Ore processed,1,ore
BC-MAIN-599152a0,,Air,Nitrogen oxides (expressed as nitrogen dioxide),Emission,Stack Emissions,tonnes,46.0267,BC-MAIN-599152a0,"Au and Ag and Cu, Open-pit mining and beneficiation at Copper Mountain",6862152.0,6.707327380681745e-06,Ore processed,1,ore
BC-MAIN-599152a0,,Air,PM10 - Particulate Matter <= 10 Micrometers,Emission,Stack Emissions,tonnes,13.1382,BC-MAIN-599152a0,"Au and Ag and Cu, Open-pit mining and beneficiation at Copper Mountain",6862152.0,1.9145888928137994e-06,Ore processed,1,ore
BC-MAIN-599152a0,,Air,PM2.5 - Particulate Matter <= 2.5 Micrometers,Emission,Stack Emissions,tonnes,13.1382,BC-MAIN-599152a0,"Au and Ag and Cu, Open-pit mining and beneficiation at Copper Mountain",6862152.0,1.9145888928137994e-06,Ore processed,1,ore
BC-MAIN-599152a0,,Air,Total particulate matter,Emission,Stack Emissions,tonnes,13.1382,BC-MAIN-599152a0,"Au and Ag and Cu, Open-pit mining and beneficiation at Copper Mountain",6862152.0,1.9145888928137994e-06,Ore processed,1,ore
ON-MAIN-7f050560,,Air,Arsenic (and its compounds),Emission,Stack Emissions,kg,19.1064,ON-MAIN-7f050560,"Au, Underground mining and beneficiation at Red Lake",841000.0,2.2718668252080856e-05,Ore processed,1,ore
ON-MAIN-7f050560,,Air,Cadmium (and its compounds),Emission,Stack Emissions,kg,0.1762,ON-MAIN-7f050560,"Au, Underground mining and beneficiation at Red Lake",841000.0,2.0951248513674197e-07,Ore processed,1,ore
ON-MAIN-7f050560,,Air,Carbon monoxide,Emission,Stack Emissions,tonnes,170.6614,ON-MAIN-7f050560,"Au, Underground mining and beneficiation at Red Lake",841000.0,0.00020292675386444708,Ore processed,1,ore
ON-MAIN-7f050560,,Air,Cobalt (and its compounds),Emission,Stack Emissions,kg,2.0602,ON-MAIN-7f050560,"Au, Underground mining and beneficiation at Red Lake",841000.0,2.449702734839477e-06,Ore processed,1,ore
ON-MAIN-7f050560,,Air,Lead (and its compounds),Emission,Stack Emissions,kg,0.5794,ON-MAIN-7f050560,"Au, Underground mining and beneficiation at Red Lake",841000.0,6.889417360285375e-07,Ore processed,1,ore
ON-MAIN-7f050560,,Air,Mercury (and its compounds),Emission,Stack Emissions,tonnes,0.013563200000000001,ON-MAIN-7f050560,"Au, Underground mining and beneficiation at Red Lake",841000.0,1.6127467300832343e-08,Ore processed,1,ore
ON-MAIN-7f050560,,Air,PM10 - Particulate Matter <= 10 Micrometers,Emission,Stack Emissions,tonnes,22.7451,ON-MAIN-7f050560,"Au, Underground mining and beneficiation at Red Lake",841000.0,2.7045303210463735e-05,Ore processed,1,ore
ON-MAIN-7f050560,,Air,PM2.5 - Particulate Matter <= 2.5 Micrometers,Emission,Stack Emissions,tonnes,17.3179,ON-MAIN-7f050560,"Au, Underground mining and beneficiation at Red Lake",841000.0,2.059203329369798e-05,Ore processed,1,ore
ON-MAIN-7f050560,,Air,Selenium (and its compounds),Emission,Stack Emissions,kg,0.1394,ON-MAIN-7f050560,"Au, Underground mining and beneficiation at Red Lake",841000.0,1.6575505350772888e-07,Ore processed,1,ore
ON-MAIN-7f050560,,Air,Thallium (and its compounds),Emission,Stack Emissions,kg,0.0103,ON-MAIN-7f050560,"Au, Underground mining and beneficiation at Red Lake",841000.0,1.2247324613555291e-08,Ore processed,1,ore
ON-MAIN-7f050560,,Air,Total particulate matter,Emission,Stack Emissions,tonnes,37.877,ON-MAIN-7f050560,"Au, Underground mining and beneficiation at Red Lake",841000.0,4.503804994054697e-05,Ore processed,1,ore
ON-MAIN-7001a391,,Air,Antimony (and its compounds),Emission,Stack Emissions,tonnes,6e-06,ON-MAIN-7001a391,,317660.0,1.8888119372914438e-11,Ore processed,1,ore
ON-MAIN-7001a391,,Air,Arsenic (and its compounds),Emission,Stack Emissions,kg,0.005,ON-MAIN-7001a391,,317660.0,1.5740099477428697e-08,Ore processed,1,ore
ON-MAIN-7001a391,,Air,Cadmium (and its compounds),Emission,Stack Emissions,kg,0.02,ON-MAIN-7001a391,,317660.0,6.296039790971479e-08,Ore processed,1,ore
ON-MAIN-7001a391,,Air,Carbon monoxide,Emission,Stack Emissions,tonnes,21.76677,ON-MAIN-7001a391,,317660.0,6.852222502046214e-05,Ore processed,1,ore
ON-MAIN-7001a391,,Air,Chromium (and its compounds),Emission,Stack Emissions,tonnes,0.000197,ON-MAIN-7001a391,,317660.0,6.201599194106907e-10,Ore processed,1,ore
ON-MAIN-7001a391,,Air,Cobalt (and its compounds),Emission,Stack Emissions,kg,0.018,ON-MAIN-7001a391,,317660.0,5.6664358118743304e-08,Ore processed,1,ore
ON-MAIN-7001a391,,Air,Copper (and its compounds),Emission,Stack Emissions,tonnes,0.001262,ON-MAIN-7001a391,,317660.0,3.972801108103004e-09,Ore processed,1,ore
ON-MAIN-7001a391,,Air,Lead (and its compounds),Emission,Stack Emissions,kg,0.042,ON-MAIN-7001a391,,317660.0,1.3221683561040107e-07,Ore processed,1,ore
ON-MAIN-7001a391,,Air,Manganese (and its compounds),Emission,Stack Emissions,tonnes,0.000481,ON-MAIN-7001a391,,317660.0,1.5141975697286406e-09,Ore processed,1,ore
ON-MAIN-7001a391,,Air,Nickel (and its compounds),Emission,Stack Emissions,tonnes,0.000365,ON-MAIN-7001a391,,317660.0,1.149027261852295e-09,Ore processed,1,ore
ON-MAIN-7001a391,,Air,Nitrogen oxides (expressed as nitrogen dioxide),Emission,Stack Emissions,tonnes,81.695002,ON-MAIN-7001a391,,317660.0,0.00025717749165774726,Ore processed,1,ore
ON-MAIN-9a34108c,,Air,Nitrogen oxides (expressed as nitrogen dioxide),Emission,Stack Emissions,tonnes,30.323947,ON-MAIN-9a34108c,,,,Ore processed,1,ore
ON-MAIN-7001a391,,Air,PM10 - Particulate Matter <= 10 Micrometers,Emission,Stack Emissions,tonnes,5.888895,ON-MAIN-7001a391,,317660.0,1.853835862242649e-05,Ore processed,1,ore
ON-MAIN-9a34108c,,Air,PM10 - Particulate Matter <= 10 Micrometers,Emission,Stack Emissions,tonnes,2.153357,ON-MAIN-9a34108c,,,,Ore processed,1,ore
ON-MAIN-7001a391,,Air,PM2.5 - Particulate Matter <= 2.5 Micrometers,Emission,Stack Emissions,tonnes,5.659484,ON-MAIN-7001a391,,317660.0,1.7816168230183216e-05,Ore processed,1,ore
ON-MAIN-9a34108c,,Air,PM2.5 - Particulate Matter <= 2.5 Micrometers,Emission,Stack Emissions,tonnes,2.114952,ON-MAIN-9a34108c,,,,Ore processed,1,ore
ON-MAIN-7001a391,,Air,Selenium (and its compounds),Emission,Stack Emissions,kg,0.035,ON-MAIN-7001a391,,317660.0,1.1018069634200089e-07,Ore processed,1,ore
ON-MAIN-7001a391,,Air,Total particulate matter,Emission,Stack Emissions,tonnes,6.153531,ON-MAIN-7001a391,,317660.0,1.9371438015488258e-05,Ore processed,1,ore
ON-MAIN-7001a391,,Air,Vanadium (and its compounds),Emission,Stack Emissions,tonnes,6.5e-05,ON-MAIN-7001a391,,317660.0,2.0462129320657306e-10,Ore processed,1,ore
ON-MAIN-7001a391,,Air,Zinc (and its compounds),Emission,Stack Emissions,tonnes,0.000517,ON-MAIN-7001a391,,317660.0,1.6275262859661273e-09,Ore processed,1,ore
BC-MAIN-6b4800fe,,Air,Carbon monoxide,Emission,Stack Emissions,tonnes,7.369848,BC-MAIN-6b4800fe,"Cu and Mo, Open-pit mining and beneficiation at Gibraltar",30000000.0,2.456616e-07,Ore processed,1,ore
BC-MAIN-6b4800fe,,Air,Chromium (and its compounds),Emission,Stack Emissions,tonnes,0.004725,BC-MAIN-6b4800fe,"Cu and Mo, Open-pit mining and beneficiation at Gibraltar",30000000.0,1.575e-10,Ore processed,1,ore
BC-MAIN-6b4800fe,,Air,Cobalt (and its compounds),Emission,Stack Emissions,kg,0.008567,BC-MAIN-6b4800fe,"Cu and Mo, Open-pit mining and beneficiation at Gibraltar",30000000.0,2.855666666666667e-10,Ore processed,1,ore
BC-MAIN-6b4800fe,,Air,Lead (and its compounds),Emission,Stack Emissions,kg,0.002895,BC-MAIN-6b4800fe,"Cu and Mo, Open-pit mining and beneficiation at Gibraltar",30000000.0,9.65e-11,Ore processed,1,ore
BC-MAIN-6b4800fe,,Air,Manganese (and its compounds),Emission,Stack Emissions,tonnes,0.008388,BC-MAIN-6b4800fe,"Cu and Mo, Open-pit mining and beneficiation at Gibraltar",30000000.0,2.796e-10,Ore processed,1,ore
BC-MAIN-6b4800fe,,Air,Mercury (and its compounds),Emission,Stack Emissions,tonnes,2.2900000000000003e-07,BC-MAIN-6b4800fe,"Cu and Mo, Open-pit mining and beneficiation at Gibraltar",30000000.0,7.633333333333334e-15,Ore processed,1,ore
BC-MAIN-6b4800fe,,Air,Nickel (and its compounds),Emission,Stack Emissions,tonnes,0.000609,BC-MAIN-6b4800fe,"Cu and Mo, Open-pit mining and beneficiation at Gibraltar",30000000.0,2.0299999999999997e-11,Ore processed,1,ore
BC-MAIN-6b4800fe,,Air,Nitrogen oxides (expressed as nitrogen dioxide),Emission,Stack Emissions,tonnes,11.275428,BC-MAIN-6b4800fe,"Cu and Mo, Open-pit mining and beneficiation at Gibraltar",30000000.0,3.758476e-07,Ore processed,1,ore
BC-MAIN-6b4800fe,,Air,PM10 - Particulate Matter <= 10 Micrometers,Emission,Stack Emissions,tonnes,0.440843,BC-MAIN-6b4800fe,"Cu and Mo, Open-pit mining and beneficiation at Gibraltar",30000000.0,1.4694766666666666e-08,Ore processed,1,ore
BC-MAIN-6b4800fe,,Air,PM2.5 - Particulate Matter <= 2.5 Micrometers,Emission,Stack Emissions,tonnes,0.394358,BC-MAIN-6b4800fe,"Cu and Mo, Open-pit mining and beneficiation at Gibraltar",30000000.0,1.3145266666666666e-08,Ore processed,1,ore
BC-MAIN-6b4800fe,,Air,Sulphur dioxide,Emission,Stack Emissions,tonnes,0.268033,BC-MAIN-6b4800fe,"Cu and Mo, Open-pit mining and beneficiation at Gibraltar",30000000.0,8.934433333333334e-09,Ore processed,1,ore
BC-MAIN-6b4800fe,,Air,Total particulate matter,Emission,Stack Emissions,tonnes,72.973643,BC-MAIN-6b4800fe,"Cu and Mo, Open-pit mining and beneficiation at Gibraltar",30000000.0,2.4324547666666666e-06,Ore processed,1,ore
BC-MAIN-6b4800fe,,Air,Zinc (and its compounds),Emission,Stack Emissions,tonnes,0.002712,BC-MAIN-6b4800fe,"Cu and Mo, Open-pit mining and beneficiation at Gibraltar",30000000.0,9.04e-11,Ore processed,1,ore
QC-MAIN-a97821c0,,Air,Acenaphthylene,Emission,Stack Emissions,kg,7.191,QC-MAIN-a97821c0,"Cu and Ni and Co and Pt, Underground mining and beneficiation at Raglan",1500000.0,4.794e-06,Ore processed,1,ore
QC-MAIN-a97821c0,,Air,Arsenic (and its compounds),Emission,Stack Emissions,kg,0.30637,QC-MAIN-a97821c0,"Cu and Ni and Co and Pt, Underground mining and beneficiation at Raglan",1500000.0,2.0424666666666665e-07,Ore processed,1,ore
QC-MAIN-a97821c0,,Air,Cadmium (and its compounds),Emission,Stack Emissions,kg,0.92009,QC-MAIN-a97821c0,"Cu and Ni and Co and Pt, Underground mining and beneficiation at Raglan",1500000.0,6.133933333333333e-07,Ore processed,1,ore
QC-MAIN-a97821c0,,Air,Carbon monoxide,Emission,Stack Emissions,tonnes,668.19247,QC-MAIN-a97821c0,"Cu and Ni and Co and Pt, Underground mining and beneficiation at Raglan",1500000.0,0.00044546164666666664,Ore processed,1,ore
QC-MAIN-a97821c0,,Air,Chromium (and its compounds),Emission,Stack Emissions,tonnes,0.1103,QC-MAIN-a97821c0,"Cu and Ni and Co and Pt, Underground mining and beneficiation at Raglan",1500000.0,7.353333333333333e-08,Ore processed,1,ore
QC-MAIN-a97821c0,,Air,Cobalt (and its compounds),Emission,Stack Emissions,kg,5.97454,QC-MAIN-a97821c0,"Cu and Ni and Co and Pt, Underground mining and beneficiation at Raglan",1500000.0,3.983026666666666e-06,Ore processed,1,ore
QC-MAIN-a97821c0,,Air,Copper (and its compounds),Emission,Stack Emissions,tonnes,0.0953,QC-MAIN-a97821c0,"Cu and Ni and Co and Pt, Underground mining and beneficiation at Raglan",1500000.0,6.353333333333333e-08,Ore processed,1,ore
QC-MAIN-a97821c0,,Air,Fluorene,Emission,Stack Emissions,kg,10.137,QC-MAIN-a97821c0,"Cu and Ni and Co and Pt, Underground mining and beneficiation at Raglan",1500000.0,6.758e-06,Ore processed,1,ore
QC-MAIN-a97821c0,,Air,i-Butyl alcohol,Emission,Stack Emissions,tonnes,0.0252,QC-MAIN-a97821c0,"Cu and Ni and Co and Pt, Underground mining and beneficiation at Raglan",1500000.0,1.68e-08,Ore processed,1,ore
QC-MAIN-a97821c0,,Air,Lead (and its compounds),Emission,Stack Emissions,kg,77.832271,QC-MAIN-a97821c0,"Cu and Ni and Co and Pt, Underground mining and beneficiation at Raglan",1500000.0,5.188818066666667e-05,Ore processed,1,ore
QC-MAIN-a97821c0,,Air,Manganese (and its compounds),Emission,Stack Emissions,tonnes,0.0049,QC-MAIN-a97821c0,"Cu and Ni and Co and Pt, Underground mining and beneficiation at Raglan",1500000.0,3.2666666666666666e-09,Ore processed,1,ore
QC-MAIN-a97821c0,,Air,Mercury (and its compounds),Emission,Stack Emissions,tonnes,2.6276e-05,QC-MAIN-a97821c0,"Cu and Ni and Co and Pt, Underground mining and beneficiation at Raglan",1500000.0,1.7517333333333333e-11,Ore processed,1,ore
QC-MAIN-a97821c0,,Air,Nickel (and its compounds),Emission,Stack Emissions,tonnes,0.3119,QC-MAIN-a97821c0,"Cu and Ni and Co and Pt, Underground mining and beneficiation at Raglan",1500000.0,2.0793333333333333e-07,Ore processed,1,ore
QC-MAIN-a97821c0,,Air,Nitrogen oxides (expressed as nitrogen dioxide),Emission,Stack Emissions,tonnes,2521.211404,QC-MAIN-a97821c0,"Cu and Ni and Co and Pt, Underground mining and beneficiation at Raglan",1500000.0,0.0016808076026666667,Ore processed,1,ore
QC-MAIN-a97821c0,,Air,"PAHs, total unspeciated",Emission,Stack Emissions,kg,61.3369,QC-MAIN-a97821c0,"Cu and Ni and Co and Pt, Underground mining and beneficiation at Raglan",1500000.0,4.0891266666666666e-05,Ore processed,1,ore
QC-MAIN-a97821c0,,Air,Phenanthrene,Emission,Stack Emissions,kg,31.905,QC-MAIN-a97821c0,"Cu and Ni and Co and Pt, Underground mining and beneficiation at Raglan",1500000.0,2.127e-05,Ore processed,1,ore
QC-MAIN-a97821c0,,Air,Phosphorus (total),Emission,Stack Emissions,tonnes,0.02043,QC-MAIN-a97821c0,"Cu and Ni and Co and Pt, Underground mining and beneficiation at Raglan",1500000.0,1.362e-08,Ore processed,1,ore
QC-MAIN-a97821c0,,Air,PM10 - Particulate Matter <= 10 Micrometers,Emission,Stack Emissions,tonnes,46.5534,QC-MAIN-a97821c0,"Cu and Ni and Co and Pt, Underground mining and beneficiation at Raglan",1500000.0,3.1035600000000005e-05,Ore processed,1,ore
QC-MAIN-a97821c0,,Air,PM2.5 - Particulate Matter <= 2.5 Micrometers,Emission,Stack Emissions,tonnes,40.9198,QC-MAIN-a97821c0,"Cu and Ni and Co and Pt, Underground mining and beneficiation at Raglan",1500000.0,2.727986666666667e-05,Ore processed,1,ore
QC-MAIN-a97821c0,,Air,Selenium (and its compounds),Emission,Stack Emissions,kg,0.1513,QC-MAIN-a97821c0,"Cu and Ni and Co and Pt, Underground mining and beneficiation at Raglan",1500000.0,1.0086666666666666e-07,Ore processed,1,ore
QC-MAIN-a97821c0,,Air,Thallium (and its compounds),Emission,Stack Emissions,kg,0.2046,QC-MAIN-a97821c0,"Cu and Ni and Co and Pt, Underground mining and beneficiation at Raglan",1500000.0,1.364e-07,Ore processed,1,ore
QC-MAIN-a97821c0,,Air,Total particulate matter,Emission,Stack Emissions,tonnes,57.5641,QC-MAIN-a97821c0,"Cu and Ni and Co and Pt, Underground mining and beneficiation at Raglan",1500000.0,3.837606666666667e-05,Ore processed,1,ore
QC-MAIN-a97821c0,,Air,Vanadium (and its compounds),Emission,Stack Emissions,tonnes,0.00016,QC-MAIN-a97821c0,"Cu and Ni and Co and Pt, Underground mining and beneficiation at Raglan",1500000.0,1.0666666666666667e-10,Ore processed,1,ore
QC-MAIN-a97821c0,,Air,Volatile Organic Compounds (Total),Emission,Stack Emissions,tonnes,66.0286,QC-MAIN-a97821c0,"Cu and Ni and Co and Pt, Underground mining and beneficiation at Raglan",1500000.0,4.401906666666667e-05,Ore processed,1,ore
QC-MAIN-a97821c0,,Air,Zinc (and its compounds),Emission,Stack Emissions,tonnes,0.0286,QC-MAIN-a97821c0,"Cu and Ni and Co and Pt, Underground mining and beneficiation at Raglan",1500000.0,1.9066666666666665e-08,Ore processed,1,ore
ON-MAIN-f8313ebd,,Air,Arsenic (and its compounds),Emission,Stack Emissions,kg,2.324,ON-MAIN-f8313ebd,"Ag and Cu and Zn, Underground mining and beneficiation at Kidd Creek",1340000.0,1.7343283582089552e-06,Ore processed,1,ore
ON-MAIN-f8313ebd,,Air,Cadmium (and its compounds),Emission,Stack Emissions,kg,0.283,ON-MAIN-f8313ebd,"Ag and Cu and Zn, Underground mining and beneficiation at Kidd Creek",1340000.0,2.1119402985074624e-07,Ore processed,1,ore
ON-MAIN-f8313ebd,,Air,Carbon monoxide,Emission,Stack Emissions,tonnes,69.526,ON-MAIN-f8313ebd,"Ag and Cu and Zn, Underground mining and beneficiation at Kidd Creek",1340000.0,5.188507462686567e-05,Ore processed,1,ore
ON-MAIN-f8313ebd,,Air,Copper (and its compounds),Emission,Stack Emissions,tonnes,0.917,ON-MAIN-f8313ebd,"Ag and Cu and Zn, Underground mining and beneficiation at Kidd Creek",1340000.0,6.843283582089552e-07,Ore processed,1,ore
ON-MAIN-f8313ebd,,Air,Lead (and its compounds),Emission,Stack Emissions,kg,56.777,ON-MAIN-f8313ebd,"Ag and Cu and Zn, Underground mining and beneficiation at Kidd Creek",1340000.0,4.237089552238806e-05,Ore processed,1,ore
ON-MAIN-f8313ebd,,Air,Nitrogen oxides (expressed as nitrogen dioxide),Emission,Stack Emissions,tonnes,175.679,ON-MAIN-f8313ebd,"Ag and Cu and Zn, Underground mining and beneficiation at Kidd Creek",1340000.0,0.00013110373134328358,Ore processed,1,ore
ON-MAIN-f8313ebd,,Air,PM10 - Particulate Matter <= 10 Micrometers,Emission,Stack Emissions,tonnes,72.822,ON-MAIN-f8313ebd,"Ag and Cu and Zn, Underground mining and beneficiation at Kidd Creek",1340000.0,5.4344776119402985e-05,Ore processed,1,ore
ON-MAIN-f8313ebd,,Air,PM2.5 - Particulate Matter <= 2.5 Micrometers,Emission,Stack Emissions,tonnes,20.535,ON-MAIN-f8313ebd,"Ag and Cu and Zn, Underground mining and beneficiation at Kidd Creek",1340000.0,1.5324626865671643e-05,Ore processed,1,ore
ON-MAIN-f8313ebd,,Air,Selenium (and its compounds),Emission,Stack Emissions,kg,0.40597,ON-MAIN-f8313ebd,"Ag and Cu and Zn, Underground mining and beneficiation at Kidd Creek",1340000.0,3.0296268656716417e-07,Ore processed,1,ore
ON-MAIN-f8313ebd,,Air,Total particulate matter,Emission,Stack Emissions,tonnes,89.663,ON-MAIN-f8313ebd,"Ag and Cu and Zn, Underground mining and beneficiation at Kidd Creek",1340000.0,6.691268656716418e-05,Ore processed,1,ore
ON-MAIN-f8313ebd,,Air,Zinc (and its compounds),Emission,Stack Emissions,tonnes,1.675,ON-MAIN-f8313ebd,"Ag and Cu and Zn, Underground mining and beneficiation at Kidd Creek",1340000.0,1.25e-06,Ore processed,1,ore
ON-MAIN-3b3e5365,,Air,Ammonia (total),Emission,Stack Emissions,tonnes,10.300651,ON-MAIN-3b3e5365,,,,Ore processed,1,ore
ON-MAIN-3b3e5365,,Air,Arsenic (and its compounds),Emission,Stack Emissions,kg,6.867491,ON-MAIN-3b3e5365,,,,Ore processed,1,ore
ON-MAIN-fefeaee4,,Air,Arsenic (and its compounds),Emission,Stack Emissions,kg,1.76,ON-MAIN-fefeaee4,"Au, Underground mining and beneficiation at Musselwhite",1028000.0,1.7120622568093385e-06,Ore processed,1,ore
ON-MAIN-3b3e5365,,Air,Cadmium (and its compounds),Emission,Stack Emissions,kg,0.095199,ON-MAIN-3b3e5365,,,,Ore processed,1,ore
ON-MAIN-fefeaee4,,Air,Cadmium (and its compounds),Emission,Stack Emissions,kg,0.4035,ON-MAIN-fefeaee4,"Au, Underground mining and beneficiation at Musselwhite",1028000.0,3.925097276264592e-07,Ore processed,1,ore
ON-MAIN-3b3e5365,,Air,Carbon monoxide,Emission,Stack Emissions,tonnes,36.075722,ON-MAIN-3b3e5365,,,,Ore processed,1,ore
ON-MAIN-fefeaee4,,Air,Carbon monoxide,Emission,Stack Emissions,tonnes,192.691139,ON-MAIN-fefeaee4,"Au, Underground mining and beneficiation at Musselwhite",1028000.0,0.00018744274221789883,Ore processed,1,ore
ON-MAIN-3b3e5365,,Air,Chromium (and its compounds),Emission,Stack Emissions,tonnes,0.005082,ON-MAIN-3b3e5365,,,,Ore processed,1,ore
ON-MAIN-3b3e5365,,Air,Cobalt (and its compounds),Emission,Stack Emissions,kg,0.563539,ON-MAIN-3b3e5365,,,,Ore processed,1,ore
ON-MAIN-fefeaee4,,Air,Cobalt (and its compounds),Emission,Stack Emissions,kg,9.5e-05,ON-MAIN-fefeaee4,"Au, Underground mining and beneficiation at Musselwhite",1028000.0,9.24124513618677e-11,Ore processed,1,ore
ON-MAIN-3b3e5365,,Air,Copper (and its compounds),Emission,Stack Emissions,tonnes,0.002321,ON-MAIN-3b3e5365,,,,Ore processed,1,ore
ON-MAIN-3b3e5365,,Air,Cyanides (ionic),Emission,Stack Emissions,tonnes,0.038111,ON-MAIN-3b3e5365,,,,Ore processed,1,ore
ON-MAIN-3b3e5365,,Air,Lead (and its compounds),Emission,Stack Emissions,kg,60.836422,ON-MAIN-3b3e5365,,,,Ore processed,1,ore
ON-MAIN-fefeaee4,,Air,Lead (and its compounds),Emission,Stack Emissions,kg,76.863328,ON-MAIN-fefeaee4,"Au, Underground mining and beneficiation at Musselwhite",1028000.0,7.476977431906614e-05,Ore processed,1,ore
ON-MAIN-3b3e5365,,Air,Manganese (and its compounds),Emission,Stack Emissions,tonnes,0.035428,ON-MAIN-3b3e5365,,,,Ore processed,1,ore
ON-MAIN-3b3e5365,,Air,Mercury (and its compounds),Emission,Stack Emissions,tonnes,0.09064181,ON-MAIN-3b3e5365,,,,Ore processed,1,ore
ON-MAIN-fefeaee4,,Air,Mercury (and its compounds),Emission,Stack Emissions,tonnes,0.00027130700000000004,ON-MAIN-fefeaee4,"Au, Underground mining and beneficiation at Musselwhite",1028000.0,2.639173151750973e-10,Ore processed,1,ore
ON-MAIN-3b3e5365,,Air,Nickel (and its compounds),Emission,Stack Emissions,tonnes,0.00247,ON-MAIN-3b3e5365,,,,Ore processed,1,ore
ON-MAIN-3b3e5365,,Air,Nitrogen oxides (expressed as nitrogen dioxide),Emission,Stack Emissions,tonnes,148.126537,ON-MAIN-3b3e5365,,,,Ore processed,1,ore
ON-MAIN-fefeaee4,,Air,Nitrogen oxides (expressed as nitrogen dioxide),Emission,Stack Emissions,tonnes,298.175639,ON-MAIN-fefeaee4,"Au, Underground mining and beneficiation at Musselwhite",1028000.0,0.000290054123540856,Ore processed,1,ore
ON-MAIN-3b3e5365,,Air,PM10 - Particulate Matter <= 10 Micrometers,Emission,Stack Emissions,tonnes,18.475774,ON-MAIN-3b3e5365,,,,Ore processed,1,ore
ON-MAIN-fefeaee4,,Air,PM10 - Particulate Matter <= 10 Micrometers,Emission,Stack Emissions,tonnes,28.311683,ON-MAIN-fefeaee4,"Au, Underground mining and beneficiation at Musselwhite",1028000.0,2.754054766536965e-05,Ore processed,1,ore
ON-MAIN-3b3e5365,,Air,PM2.5 - Particulate Matter <= 2.5 Micrometers,Emission,Stack Emissions,tonnes,14.238435,ON-MAIN-3b3e5365,,,,Ore processed,1,ore
ON-MAIN-fefeaee4,,Air,PM2.5 - Particulate Matter <= 2.5 Micrometers,Emission,Stack Emissions,tonnes,26.902601,ON-MAIN-fefeaee4,"Au, Underground mining and beneficiation at Musselwhite",1028000.0,2.61698453307393e-05,Ore processed,1,ore
ON-MAIN-3b3e5365,,Air,Selenium (and its compounds),Emission,Stack Emissions,kg,1.818454,ON-MAIN-3b3e5365,,,,Ore processed,1,ore
ON-MAIN-fefeaee4,,Air,Selenium (and its compounds),Emission,Stack Emissions,kg,0.43284,ON-MAIN-fefeaee4,"Au, Underground mining and beneficiation at Musselwhite",1028000.0,4.2105058365758754e-07,Ore processed,1,ore
ON-MAIN-3b3e5365,,Air,Thallium (and its compounds),Emission,Stack Emissions,kg,0.004678,ON-MAIN-3b3e5365,,,,Ore processed,1,ore
ON-MAIN-fefeaee4,,Air,Thallium (and its compounds),Emission,Stack Emissions,kg,0.0316,ON-MAIN-fefeaee4,"Au, Underground mining and beneficiation at Musselwhite",1028000.0,3.0739299610894946e-08,Ore processed,1,ore
ON-MAIN-3b3e5365,,Air,Total particulate matter,Emission,Stack Emissions,tonnes,31.164513,ON-MAIN-3b3e5365,,,,Ore processed,1,ore
ON-MAIN-fefeaee4,,Air,Total particulate matter,Emission,Stack Emissions,tonnes,30.948952,ON-MAIN-fefeaee4,"Au, Underground mining and beneficiation at Musselwhite",1028000.0,3.0105984435797664e-05,Ore processed,1,ore
ON-MAIN-3b3e5365,,Air,Vanadium (and its compounds),Emission,Stack Emissions,tonnes,0.001407,ON-MAIN-3b3e5365,,,,Ore processed,1,ore
ON-MAIN-3b3e5365,,Air,Zinc (and its compounds),Emission,Stack Emissions,tonnes,0.004923,ON-MAIN-3b3e5365,,,,Ore processed,1,ore
QC-MAIN-b86f7d07,,Air,Carbon monoxide,Emission,Stack Emissions,tonnes,51.75,QC-MAIN-b86f7d07,"Au and Ag, Open-pit and underground mining and beneficiation at Casa Berardi",1361450.0,3.80109442138896e-05,Ore processed,1,ore
BC-MAIN-3f490561,,Air,Chromium (and its compounds),Emission,Stack Emissions,tonnes,1.186,BC-MAIN-3f490561,"Au and Cu, Open-pit mining and beneficiation at Mount Polley",5948239.0,1.9938674286624998e-07,Ore processed,1,ore
BC-MAIN-3f490561,,Air,Lead (and its compounds),Emission,Stack Emissions,kg,0.1601,BC-MAIN-3f490561,"Au and Cu, Open-pit mining and beneficiation at Mount Polley",5948239.0,2.6915529117105077e-08,Ore processed,1,ore
BC-MAIN-3f490561,,Air,Manganese (and its compounds),Emission,Stack Emissions,tonnes,2.718,BC-MAIN-3f490561,"Au and Cu, Open-pit mining and beneficiation at Mount Polley",5948239.0,4.5694196215047846e-07,Ore processed,1,ore
BC-MAIN-3f490561,,Air,Nickel (and its compounds),Emission,Stack Emissions,tonnes,1.9e-05,BC-MAIN-3f490561,"Au and Cu, Open-pit mining and beneficiation at Mount Polley",5948239.0,3.194222693472808e-12,Ore processed,1,ore
NL-MAIN-dd723db4,,Air,1-Nitropyrene,Emission,Stack Emissions,kg,7.087,NL-MAIN-dd723db4,,16478000.0,4.3008860298579925e-07,Ore processed,1,ore
NL-MAIN-dd723db4,,Air,Aluminum (fume or dust only),Emission,Stack Emissions,tonnes,15.357,NL-MAIN-dd723db4,,16478000.0,9.319698992596189e-07,Ore processed,1,ore
NL-MAIN-dd723db4,,Air,Ammonia (total),Emission,Stack Emissions,tonnes,0.943,NL-MAIN-dd723db4,,16478000.0,5.7227818910061896e-08,Ore processed,1,ore
NL-MAIN-dd723db4,,Air,Arsenic (and its compounds),Emission,Stack Emissions,kg,413.7,NL-MAIN-dd723db4,,16478000.0,2.5106202209005948e-05,Ore processed,1,ore
NL-MAIN-dd723db4,,Air,Cadmium (and its compounds),Emission,Stack Emissions,kg,42.7,NL-MAIN-dd723db4,,16478000.0,2.591333899745115e-06,Ore processed,1,ore
NL-MAIN-dd723db4,,Air,Carbon monoxide,Emission,Stack Emissions,tonnes,3755.802,NL-MAIN-dd723db4,,16478000.0,0.00022792826799368856,Ore processed,1,ore
NL-MAIN-dd723db4,,Air,Chromium (and its compounds),Emission,Stack Emissions,tonnes,2.515,NL-MAIN-dd723db4,,16478000.0,1.5262774608569002e-07,Ore processed,1,ore
NL-MAIN-dd723db4,,Air,Cobalt (and its compounds),Emission,Stack Emissions,kg,4116.0,NL-MAIN-dd723db4,,16478000.0,0.0002497875955819881,Ore processed,1,ore
NL-MAIN-dd723db4,,Air,Copper (and its compounds),Emission,Stack Emissions,tonnes,0.288,NL-MAIN-dd723db4,,16478000.0,1.7477849253550188e-08,Ore processed,1,ore
NL-MAIN-dd723db4,,Air,Dioxins and furans - total,Emission,Stack Emissions,g TEQ,1.073,NL-MAIN-dd723db4,,16478000.0,6.511712586478941e-08,Ore processed,1,ore
NL-MAIN-dd723db4,,Air,Hexachlorobenzene,Emission,Stack Emissions,grams,276.793,NL-MAIN-dd723db4,,16478000.0,1.6797730307076103e-05,Ore processed,1,ore
NL-MAIN-dd723db4,,Air,Hydrochloric acid,Emission,Stack Emissions,tonnes,117.382,NL-MAIN-dd723db4,,16478000.0,7.1235586843063484e-06,Ore processed,1,ore
NL-MAIN-dd723db4,,Air,Lead (and its compounds),Emission,Stack Emissions,kg,1471.7,NL-MAIN-dd723db4,,16478000.0,8.931302342517296e-05,Ore processed,1,ore
NL-MAIN-dd723db4,,Air,Manganese (and its compounds),Emission,Stack Emissions,tonnes,17.003,NL-MAIN-dd723db4,,16478000.0,1.0318606627017842e-06,Ore processed,1,ore
NL-MAIN-dd723db4,,Air,Mercury (and its compounds),Emission,Stack Emissions,tonnes,0.0205,NL-MAIN-dd723db4,,16478000.0,1.2440830197839544e-09,Ore processed,1,ore
NL-MAIN-dd723db4,,Air,Methanol,Emission,Stack Emissions,tonnes,441.082,NL-MAIN-dd723db4,,16478000.0,2.6767933001577862e-05,Ore processed,1,ore
NL-MAIN-dd723db4,,Air,Nickel (and its compounds),Emission,Stack Emissions,tonnes,2.444,NL-MAIN-dd723db4,,16478000.0,1.4831897074887728e-07,Ore processed,1,ore
NL-MAIN-dd723db4,,Air,Nitrogen oxides (expressed as nitrogen dioxide),Emission,Stack Emissions,tonnes,3678.939,NL-MAIN-dd723db4,,16478000.0,0.0002232636849132176,Ore processed,1,ore
NL-MAIN-dd723db4,,Air,"PAHs, total unspeciated",Emission,Stack Emissions,kg,34.34,NL-MAIN-dd723db4,,16478000.0,2.0839907755795607e-06,Ore processed,1,ore
NL-MAIN-dd723db4,,Air,Phenanthrene,Emission,Stack Emissions,kg,13.83,NL-MAIN-dd723db4,,16478000.0,8.39300886029858e-07,Ore processed,1,ore
NL-MAIN-dd723db4,,Air,Phosphorus (total),Emission,Stack Emissions,tonnes,0.567,NL-MAIN-dd723db4,,16478000.0,3.440951571792693e-08,Ore processed,1,ore
NL-MAIN-dd723db4,,Air,PM10 - Particulate Matter <= 10 Micrometers,Emission,Stack Emissions,tonnes,1833.289,NL-MAIN-dd723db4,,16478000.0,0.0001112567665978881,Ore processed,1,ore
NL-MAIN-dd723db4,,Air,PM2.5 - Particulate Matter <= 2.5 Micrometers,Emission,Stack Emissions,tonnes,380.467,NL-MAIN-dd723db4,,16478000.0,2.308939191649472e-05,Ore processed,1,ore
NL-MAIN-dd723db4,,Air,Quinoline,Emission,Stack Emissions,kg,3.6,NL-MAIN-dd723db4,,16478000.0,2.1847311566937736e-07,Ore processed,1,ore
NL-MAIN-dd723db4,,Air,Selenium (and its compounds),Emission,Stack Emissions,kg,214.0,NL-MAIN-dd723db4,,16478000.0,1.2987012987012988e-05,Ore processed,1,ore
NL-MAIN-dd723db4,,Air,Sulphur dioxide,Emission,Stack Emissions,tonnes,4810.651,NL-MAIN-dd723db4,,16478000.0,0.00029194386454666827,Ore processed,1,ore
NL-MAIN-dd723db4,,Air,Sulphuric acid,Emission,Stack Emissions,tonnes,93.319,NL-MAIN-dd723db4,,16478000.0,5.663247966986285e-06,Ore processed,1,ore
NL-MAIN-dd723db4,,Air,Thallium (and its compounds),Emission,Stack Emissions,kg,207.0,NL-MAIN-dd723db4,,16478000.0,1.2562204150989197e-05,Ore processed,1,ore
NL-MAIN-dd723db4,,Air,Total particulate matter,Emission,Stack Emissions,tonnes,6497.524,NL-MAIN-dd723db4,,16478000.0,0.00039431508678237654,Ore processed,1,ore
NL-MAIN-dd723db4,,Air,Vanadium (and its compounds),Emission,Stack Emissions,tonnes,1.435,NL-MAIN-dd723db4,,16478000.0,8.708581138487681e-08,Ore processed,1,ore
NL-MAIN-dd723db4,,Air,Volatile Organic Compounds (Total),Emission,Stack Emissions,tonnes,23.836,NL-MAIN-dd723db4,,16478000.0,1.4465347736375772e-06,Ore processed,1,ore
NL-MAIN-dd723db4,,Air,Zinc (and its compounds),Emission,Stack Emissions,tonnes,1.347,NL-MAIN-dd723db4,,16478000.0,8.174535744629202e-08,Ore processed,1,ore
ON-MAIN-aeafbb59,,Air,Antimony (and its compounds),Emission,Stack Emissions,tonnes,0.00053,ON-MAIN-aeafbb59,"Au and Ag, Open-pit mining and beneficiation at Detour Lake",25434853.5024164,2.0837548757638733e-11,Ore processed,1,ore
ON-MAIN-aeafbb59,,Air,Arsenic (and its compounds),Emission,Stack Emissions,kg,0.981,ON-MAIN-aeafbb59,"Au and Ag, Open-pit mining and beneficiation at Detour Lake",25434853.5024164,3.856912326649735e-08,Ore processed,1,ore
ON-MAIN-aeafbb59,,Air,Cadmium (and its compounds),Emission,Stack Emissions,kg,0.106,ON-MAIN-aeafbb59,"Au and Ag, Open-pit mining and beneficiation at Detour Lake",25434853.5024164,4.167509751527747e-09,Ore processed,1,ore
ON-MAIN-aeafbb59,,Air,Carbon monoxide,Emission,Stack Emissions,tonnes,40.977,ON-MAIN-aeafbb59,"Au and Ag, Open-pit mining and beneficiation at Detour Lake",25434853.5024164,1.611057048003325e-06,Ore processed,1,ore
ON-MAIN-aeafbb59,,Air,Chromium (and its compounds),Emission,Stack Emissions,tonnes,0.024,ON-MAIN-aeafbb59,"Au and Ag, Open-pit mining and beneficiation at Detour Lake",25434853.5024164,9.43587113553452e-10,Ore processed,1,ore
ON-MAIN-aeafbb59,,Air,Cobalt (and its compounds),Emission,Stack Emissions,kg,7.76,ON-MAIN-aeafbb59,"Au and Ag, Open-pit mining and beneficiation at Detour Lake",25434853.5024164,3.0509316671561614e-07,Ore processed,1,ore
ON-MAIN-aeafbb59,,Air,Copper (and its compounds),Emission,Stack Emissions,tonnes,0.031,ON-MAIN-aeafbb59,"Au and Ag, Open-pit mining and beneficiation at Detour Lake",25434853.5024164,1.218800021673209e-09,Ore processed,1,ore
ON-MAIN-aeafbb59,,Air,Lead (and its compounds),Emission,Stack Emissions,kg,11.204,ON-MAIN-aeafbb59,"Au and Ag, Open-pit mining and beneficiation at Detour Lake",25434853.5024164,4.404979175105366e-07,Ore processed,1,ore
ON-MAIN-aeafbb59,,Air,Manganese (and its compounds),Emission,Stack Emissions,tonnes,0.255,ON-MAIN-aeafbb59,"Au and Ag, Open-pit mining and beneficiation at Detour Lake",25434853.5024164,1.0025613081505428e-08,Ore processed,1,ore
ON-MAIN-aeafbb59,,Air,Mercury (and its compounds),Emission,Stack Emissions,tonnes,1e-06,ON-MAIN-aeafbb59,"Au and Ag, Open-pit mining and beneficiation at Detour Lake",25434853.5024164,3.931612973139383e-14,Ore processed,1,ore
ON-MAIN-aeafbb59,,Air,Nickel (and its compounds),Emission,Stack Emissions,tonnes,0.013,ON-MAIN-aeafbb59,"Au and Ag, Open-pit mining and beneficiation at Detour Lake",25434853.5024164,5.111096865081199e-10,Ore processed,1,ore
ON-MAIN-aeafbb59,,Air,Nitrogen oxides (expressed as nitrogen dioxide),Emission,Stack Emissions,tonnes,180.177,ON-MAIN-aeafbb59,"Au and Ag, Open-pit mining and beneficiation at Detour Lake",25434853.5024164,7.083862306613347e-06,Ore processed,1,ore
ON-MAIN-aeafbb59,,Air,Phosphorus (total),Emission,Stack Emissions,tonnes,0.104,ON-MAIN-aeafbb59,"Au and Ag, Open-pit mining and beneficiation at Detour Lake",25434853.5024164,4.088877492064959e-09,Ore processed,1,ore
ON-MAIN-aeafbb59,,Air,PM10 - Particulate Matter <= 10 Micrometers,Emission,Stack Emissions,tonnes,45.27,ON-MAIN-aeafbb59,"Au and Ag, Open-pit mining and beneficiation at Detour Lake",25434853.5024164,1.7798411929401992e-06,Ore processed,1,ore
ON-MAIN-aeafbb59,,Air,PM2.5 - Particulate Matter <= 2.5 Micrometers,Emission,Stack Emissions,tonnes,33.68,ON-MAIN-aeafbb59,"Au and Ag, Open-pit mining and beneficiation at Detour Lake",25434853.5024164,1.3241672493533443e-06,Ore processed,1,ore
ON-MAIN-aeafbb59,,Air,Selenium (and its compounds),Emission,Stack Emissions,kg,1.012,ON-MAIN-aeafbb59,"Au and Ag, Open-pit mining and beneficiation at Detour Lake",25434853.5024164,3.9787923288170565e-08,Ore processed,1,ore
ON-MAIN-aeafbb59,,Air,Sulphur dioxide,Emission,Stack Emissions,tonnes,7.025,ON-MAIN-aeafbb59,"Au and Ag, Open-pit mining and beneficiation at Detour Lake",25434853.5024164,2.761958113630417e-07,Ore processed,1,ore
ON-MAIN-aeafbb59,,Air,Thallium (and its compounds),Emission,Stack Emissions,kg,0.583,ON-MAIN-aeafbb59,"Au and Ag, Open-pit mining and beneficiation at Detour Lake",25434853.5024164,2.2921303633402603e-08,Ore processed,1,ore
ON-MAIN-aeafbb59,,Air,Total particulate matter,Emission,Stack Emissions,tonnes,222.149,ON-MAIN-aeafbb59,"Au and Ag, Open-pit mining and beneficiation at Detour Lake",25434853.5024164,8.73403890369941e-06,Ore processed,1,ore
ON-MAIN-aeafbb59,,Air,Vanadium (and its compounds),Emission,Stack Emissions,tonnes,0.042,ON-MAIN-aeafbb59,"Au and Ag, Open-pit mining and beneficiation at Detour Lake",25434853.5024164,1.6512774487185412e-09,Ore processed,1,ore
ON-MAIN-aeafbb59,,Air,Volatile Organic Compounds (Total),Emission,Stack Emissions,tonnes,12.212,ON-MAIN-aeafbb59,"Au and Ag, Open-pit mining and beneficiation at Detour Lake",25434853.5024164,4.801285762797815e-07,Ore processed,1,ore
ON-MAIN-aeafbb59,,Air,Zinc (and its compounds),Emission,Stack Emissions,tonnes,0.016,ON-MAIN-aeafbb59,"Au and Ag, Open-pit mining and beneficiation at Detour Lake",25434853.5024164,6.290580757023014e-10,Ore processed,1,ore
QC-MAIN-e51eda66,,Air,Arsenic (and its compounds),Emission,Stack Emissions,kg,0.764,QC-MAIN-e51eda66,"Au and Ag and Cu and Zn, Underground mining and beneficiation at LaRonde",1501500.0,5.088245088245088e-07,Ore processed,1,ore
QC-MAIN-e51eda66,,Air,Cadmium (and its compounds),Emission,Stack Emissions,kg,2.38,QC-MAIN-e51eda66,"Au and Ag and Cu and Zn, Underground mining and beneficiation at LaRonde",1501500.0,1.585081585081585e-06,Ore processed,1,ore
QC-MAIN-e51eda66,,Air,Chromium (and its compounds),Emission,Stack Emissions,tonnes,0.01,QC-MAIN-e51eda66,"Au and Ag and Cu and Zn, Underground mining and beneficiation at LaRonde",1501500.0,6.6600066600066605e-09,Ore processed,1,ore
QC-MAIN-e51eda66,,Air,Cobalt (and its compounds),Emission,Stack Emissions,kg,0.51,QC-MAIN-e51eda66,"Au and Ag and Cu and Zn, Underground mining and beneficiation at LaRonde",1501500.0,3.3966033966033966e-07,Ore processed,1,ore
QC-MAIN-e51eda66,,Air,Copper (and its compounds),Emission,Stack Emissions,tonnes,0.01,QC-MAIN-e51eda66,"Au and Ag and Cu and Zn, Underground mining and beneficiation at LaRonde",1501500.0,6.6600066600066605e-09,Ore processed,1,ore
QC-MAIN-e51eda66,,Air,Hydrochloric acid,Emission,Stack Emissions,tonnes,1.89,QC-MAIN-e51eda66,"Au and Ag and Cu and Zn, Underground mining and beneficiation at LaRonde",1501500.0,1.2587412587412587e-06,Ore processed,1,ore
QC-MAIN-e51eda66,,Air,Lead (and its compounds),Emission,Stack Emissions,kg,10.69,QC-MAIN-e51eda66,"Au and Ag and Cu and Zn, Underground mining and beneficiation at LaRonde",1501500.0,7.1195471195471195e-06,Ore processed,1,ore
QC-MAIN-e51eda66,,Air,Manganese (and its compounds),Emission,Stack Emissions,tonnes,0.00265,QC-MAIN-e51eda66,"Au and Ag and Cu and Zn, Underground mining and beneficiation at LaRonde",1501500.0,1.764901764901765e-09,Ore processed,1,ore
QC-MAIN-e51eda66,,Air,Nickel (and its compounds),Emission,Stack Emissions,tonnes,0.0193,QC-MAIN-e51eda66,"Au and Ag and Cu and Zn, Underground mining and beneficiation at LaRonde",1501500.0,1.2853812853812854e-08,Ore processed,1,ore
QC-MAIN-e51eda66,,Air,PM10 - Particulate Matter <= 10 Micrometers,Emission,Stack Emissions,tonnes,0.044,QC-MAIN-e51eda66,"Au and Ag and Cu and Zn, Underground mining and beneficiation at LaRonde",1501500.0,2.9304029304029303e-08,Ore processed,1,ore
QC-MAIN-e51eda66,,Air,PM2.5 - Particulate Matter <= 2.5 Micrometers,Emission,Stack Emissions,tonnes,0.044,QC-MAIN-e51eda66,"Au and Ag and Cu and Zn, Underground mining and beneficiation at LaRonde",1501500.0,2.9304029304029303e-08,Ore processed,1,ore
QC-MAIN-e51eda66,,Air,Selenium (and its compounds),Emission,Stack Emissions,kg,2.07,QC-MAIN-e51eda66,"Au and Ag and Cu and Zn, Underground mining and beneficiation at LaRonde",1501500.0,1.3786213786213786e-06,Ore processed,1,ore
QC-MAIN-e51eda66,,Air,Total particulate matter,Emission,Stack Emissions,tonnes,0.044,QC-MAIN-e51eda66,"Au and Ag and Cu and Zn, Underground mining and beneficiation at LaRonde",1501500.0,2.9304029304029303e-08,Ore processed,1,ore
QC-MAIN-e51eda66,,Air,Vanadium (and its compounds),Emission,Stack Emissions,tonnes,0.0001,QC-MAIN-e51eda66,"Au and Ag and Cu and Zn, Underground mining and beneficiation at LaRonde",1501500.0,6.66000666000666e-11,Ore processed,1,ore
QC-MAIN-e51eda66,,Air,Zinc (and its compounds),Emission,Stack Emissions,tonnes,0.0357,QC-MAIN-e51eda66,"Au and Ag and Cu and Zn, Underground mining and beneficiation at LaRonde",1501500.0,2.3776223776223778e-08,Ore processed,1,ore
ON-MAIN-4e0734b5,,Air,Arsenic (and its compounds),Emission,Stack Emissions,kg,0.000872,ON-MAIN-4e0734b5,"Au and Ag, Open-pit and underground mining and beneficiation at Fox Complex",457000.0,1.9080962800875273e-09,Ore processed,1,ore
ON-MAIN-4e0734b5,,Air,Cadmium (and its compounds),Emission,Stack Emissions,kg,1e-06,ON-MAIN-4e0734b5,"Au and Ag, Open-pit and underground mining and beneficiation at Fox Complex",457000.0,2.188183807439825e-12,Ore processed,1,ore
ON-MAIN-4e0734b5,,Air,Chromium (and its compounds),Emission,Stack Emissions,tonnes,0.000257,ON-MAIN-4e0734b5,"Au and Ag, Open-pit and underground mining and beneficiation at Fox Complex",457000.0,5.62363238512035e-10,Ore processed,1,ore
ON-MAIN-4e0734b5,,Air,Cobalt (and its compounds),Emission,Stack Emissions,kg,0.000382,ON-MAIN-4e0734b5,"Au and Ag, Open-pit and underground mining and beneficiation at Fox Complex",457000.0,8.358862144420132e-10,Ore processed,1,ore
ON-MAIN-4e0734b5,,Air,Copper (and its compounds),Emission,Stack Emissions,tonnes,1e-06,ON-MAIN-4e0734b5,"Au and Ag, Open-pit and underground mining and beneficiation at Fox Complex",457000.0,2.188183807439825e-12,Ore processed,1,ore
ON-MAIN-4e0734b5,,Air,Lead (and its compounds),Emission,Stack Emissions,kg,0.016274,ON-MAIN-4e0734b5,"Au and Ag, Open-pit and underground mining and beneficiation at Fox Complex",457000.0,3.561050328227571e-08,Ore processed,1,ore
ON-MAIN-4e0734b5,,Air,Manganese (and its compounds),Emission,Stack Emissions,tonnes,0.002326,ON-MAIN-4e0734b5,"Au and Ag, Open-pit and underground mining and beneficiation at Fox Complex",457000.0,5.089715536105032e-09,Ore processed,1,ore
ON-MAIN-4e0734b5,,Air,Nickel (and its compounds),Emission,Stack Emissions,tonnes,0.000175,ON-MAIN-4e0734b5,"Au and Ag, Open-pit and underground mining and beneficiation at Fox Complex",457000.0,3.829321663019694e-10,Ore processed,1,ore
ON-MAIN-4e0734b5,,Air,Nitrogen oxides (expressed as nitrogen dioxide),Emission,Stack Emissions,tonnes,26.721286,ON-MAIN-4e0734b5,"Au and Ag, Open-pit and underground mining and beneficiation at Fox Complex",457000.0,5.847108533916849e-05,Ore processed,1,ore
ON-MAIN-4e0734b5,,Air,PM10 - Particulate Matter <= 10 Micrometers,Emission,Stack Emissions,tonnes,1.815138,ON-MAIN-4e0734b5,"Au and Ag, Open-pit and underground mining and beneficiation at Fox Complex",457000.0,3.9718555798687085e-06,Ore processed,1,ore
ON-MAIN-4e0734b5,,Air,PM2.5 - Particulate Matter <= 2.5 Micrometers,Emission,Stack Emissions,tonnes,1.80369,ON-MAIN-4e0734b5,"Au and Ag, Open-pit and underground mining and beneficiation at Fox Complex",457000.0,3.946805251641138e-06,Ore processed,1,ore
ON-MAIN-4e0734b5,,Air,Total particulate matter,Emission,Stack Emissions,tonnes,1.818359,ON-MAIN-4e0734b5,"Au and Ag, Open-pit and underground mining and beneficiation at Fox Complex",457000.0,3.978903719912473e-06,Ore processed,1,ore
ON-MAIN-4e0734b5,,Air,Vanadium (and its compounds),Emission,Stack Emissions,tonnes,1e-06,ON-MAIN-4e0734b5,"Au and Ag, Open-pit and underground mining and beneficiation at Fox Complex",457000.0,2.188183807439825e-12,Ore processed,1,ore
QC-MAIN-089f3c60,,Air,Carbon monoxide,Emission,Stack Emissions,tonnes,32.78,QC-MAIN-089f3c60,,11187000.0,2.930186823992134e-06,Ore processed,1,ore
QC-MAIN-089f3c60,,Air,Nitrogen oxides (expressed as nitrogen dioxide),Emission,Stack Emissions,tonnes,151.08,QC-MAIN-089f3c60,,11187000.0,1.3504961115580585e-05,Ore processed,1,ore
QC-MAIN-089f3c60,,Air,PM10 - Particulate Matter <= 10 Micrometers,Emission,Stack Emissions,tonnes,10.51,QC-MAIN-089f3c60,,11187000.0,9.394833288638598e-07,Ore processed,1,ore
QC-MAIN-089f3c60,,Air,PM2.5 - Particulate Matter <= 2.5 Micrometers,Emission,Stack Emissions,tonnes,10.26,QC-MAIN-089f3c60,,11187000.0,9.17135961383749e-07,Ore processed,1,ore
QC-MAIN-089f3c60,,Air,Total particulate matter,Emission,Stack Emissions,tonnes,10.84,QC-MAIN-089f3c60,,11187000.0,9.68981853937606e-07,Ore processed,1,ore
QC-MAIN-089f3c60,,Air,Volatile Organic Compounds (Total),Emission,Stack Emissions,tonnes,11.86,QC-MAIN-089f3c60,,11187000.0,1.0601591132564583e-06,Ore processed,1,ore
BC-MAIN-23155c25,,Air,Acenaphthene,Emission,Stack Emissions,kg,0.0994,BC-MAIN-23155c25,,,,Ore processed,1,ore
BC-MAIN-23155c25,,Air,Acenaphthylene,Emission,Stack Emissions,kg,0.1585,BC-MAIN-23155c25,,,,Ore processed,1,ore
BC-MAIN-23155c25,,Air,Anthracene,Emission,Stack Emissions,kg,0.1198,BC-MAIN-23155c25,,,,Ore processed,1,ore
BC-MAIN-23155c25,,Air,Arsenic (and its compounds),Emission,Stack Emissions,kg,0.00146,BC-MAIN-23155c25,,,,Ore processed,1,ore
BC-MAIN-23155c25,,Air,Benz[a]anthracene,Emission,Stack Emissions,kg,0.1153,BC-MAIN-23155c25,,,,Ore processed,1,ore
BC-MAIN-23155c25,,Air,Benzo[a]pyrene,Emission,Stack Emissions,kg,0.0059,BC-MAIN-23155c25,,,,Ore processed,1,ore
BC-MAIN-23155c25,,Air,Benzo[b]fluoranthene,Emission,Stack Emissions,kg,0.007,BC-MAIN-23155c25,,,,Ore processed,1,ore
BC-MAIN-23155c25,,Air,Benzo[ghi]perylene,Emission,Stack Emissions,kg,0.0212,BC-MAIN-23155c25,,,,Ore processed,1,ore
BC-MAIN-23155c25,,Air,Benzo[k]fluoranthene,Emission,Stack Emissions,kg,0.007,BC-MAIN-23155c25,,,,Ore processed,1,ore
BC-MAIN-23155c25,,Air,Cadmium (and its compounds),Emission,Stack Emissions,kg,0.0011,BC-MAIN-23155c25,,,,Ore processed,1,ore
BC-MAIN-23155c25,,Air,Carbon monoxide,Emission,Stack Emissions,tonnes,72.94,BC-MAIN-23155c25,,,,Ore processed,1,ore
BC-MAIN-23155c25,,Air,Chromium (and its compounds),Emission,Stack Emissions,tonnes,0.0011,BC-MAIN-23155c25,,,,Ore processed,1,ore
BC-MAIN-23155c25,,Air,Copper (and its compounds),Emission,Stack Emissions,tonnes,0.002191,BC-MAIN-23155c25,,,,Ore processed,1,ore
BC-MAIN-23155c25,,Air,"Dibenz[a,h]anthracene",Emission,Stack Emissions,kg,0.0225,BC-MAIN-23155c25,,,,Ore processed,1,ore
BC-MAIN-23155c25,,Air,Fluoranthene,Emission,Stack Emissions,kg,0.4873,BC-MAIN-23155c25,,,,Ore processed,1,ore
BC-MAIN-23155c25,,Air,Fluorene,Emission,Stack Emissions,kg,1.8331,BC-MAIN-23155c25,,,,Ore processed,1,ore
BC-MAIN-23155c25,,Air,"Indeno[1,2,3-cd]pyrene",Emission,Stack Emissions,kg,0.0173,BC-MAIN-23155c25,,,,Ore processed,1,ore
BC-MAIN-23155c25,,Air,Lead (and its compounds),Emission,Stack Emissions,kg,0.003287,BC-MAIN-23155c25,,,,Ore processed,1,ore
BC-MAIN-23155c25,,Air,Manganese (and its compounds),Emission,Stack Emissions,tonnes,0.002191,BC-MAIN-23155c25,,,,Ore processed,1,ore
BC-MAIN-23155c25,,Air,Mercury (and its compounds),Emission,Stack Emissions,tonnes,1.9e-05,BC-MAIN-23155c25,,,,Ore processed,1,ore
BC-MAIN-23155c25,,Air,Nickel (and its compounds),Emission,Stack Emissions,tonnes,0.001096,BC-MAIN-23155c25,,,,Ore processed,1,ore
BC-MAIN-23155c25,,Air,Nitrogen oxides (expressed as nitrogen dioxide),Emission,Stack Emissions,tonnes,328.3833,BC-MAIN-23155c25,,,,Ore processed,1,ore
BC-MAIN-23155c25,,Air,Phenanthrene,Emission,Stack Emissions,kg,1.8613,BC-MAIN-23155c25,,,,Ore processed,1,ore
BC-MAIN-23155c25,,Air,PM10 - Particulate Matter <= 10 Micrometers,Emission,Stack Emissions,tonnes,33.96,BC-MAIN-23155c25,,,,Ore processed,1,ore
BC-MAIN-23155c25,,Air,PM2.5 - Particulate Matter <= 2.5 Micrometers,Emission,Stack Emissions,tonnes,21.16,BC-MAIN-23155c25,,,,Ore processed,1,ore
BC-MAIN-23155c25,,Air,Pyrene,Emission,Stack Emissions,kg,0.3093,BC-MAIN-23155c25,,,,Ore processed,1,ore
BC-MAIN-23155c25,,Air,Selenium (and its compounds),Emission,Stack Emissions,kg,0.005478,BC-MAIN-23155c25,,,,Ore processed,1,ore
BC-MAIN-23155c25,,Air,Sulphur dioxide,Emission,Stack Emissions,tonnes,18.26,BC-MAIN-23155c25,,,,Ore processed,1,ore
BC-MAIN-23155c25,,Air,Total particulate matter,Emission,Stack Emissions,tonnes,66.66,BC-MAIN-23155c25,,,,Ore processed,1,ore
BC-MAIN-23155c25,,Air,Volatile Organic Compounds (Total),Emission,Stack Emissions,tonnes,22.98,BC-MAIN-23155c25,,,,Ore processed,1,ore
BC-MAIN-23155c25,,Air,Zinc (and its compounds),Emission,Stack Emissions,tonnes,0.001461,BC-MAIN-23155c25,,,,Ore processed,1,ore
ON-MAIN-0aadf28f,,Air,Ammonia (total),Emission,Stack Emissions,tonnes,0.77,ON-MAIN-0aadf28f,"Au, Open-pit and underground mining and beneficiation at Rainy River",8764000.0,8.78594249201278e-08,Ore processed,1,ore
BC-MAIN-aa76f6f2,,Air,Arsenic (and its compounds),Emission,Stack Emissions,kg,2.368354,BC-MAIN-aa76f6f2,"Au and Cu, Underground mining and beneficiation at New Afton",3065000.0,7.727092985318108e-07,Ore processed,1,ore
BC-MAIN-aa76f6f2,,Air,Cadmium (and its compounds),Emission,Stack Emissions,kg,1.127727,BC-MAIN-aa76f6f2,"Au and Cu, Underground mining and beneficiation at New Afton",3065000.0,3.6793703099510603e-07,Ore processed,1,ore
ON-MAIN-0aadf28f,,Air,Carbon monoxide,Emission,Stack Emissions,tonnes,7.331,ON-MAIN-0aadf28f,"Au, Open-pit and underground mining and beneficiation at Rainy River",8764000.0,8.364901871291648e-07,Ore processed,1,ore
BC-MAIN-aa76f6f2,,Air,Chromium (and its compounds),Emission,Stack Emissions,tonnes,0.001968,BC-MAIN-aa76f6f2,"Au and Cu, Underground mining and beneficiation at New Afton",3065000.0,6.420880913539968e-10,Ore processed,1,ore
BC-MAIN-aa76f6f2,,Air,Cobalt (and its compounds),Emission,Stack Emissions,kg,0.851472,BC-MAIN-aa76f6f2,"Au and Cu, Underground mining and beneficiation at New Afton",3065000.0,2.7780489396411093e-07,Ore processed,1,ore
BC-MAIN-aa76f6f2,,Air,Copper (and its compounds),Emission,Stack Emissions,tonnes,0.009007,BC-MAIN-aa76f6f2,"Au and Cu, Underground mining and beneficiation at New Afton",3065000.0,2.9386623164763457e-09,Ore processed,1,ore
ON-MAIN-0aadf28f,,Air,Copper (and its compounds),Emission,Stack Emissions,tonnes,0.445,ON-MAIN-0aadf28f,"Au, Open-pit and underground mining and beneficiation at Rainy River",8764000.0,5.077590141487905e-08,Ore processed,1,ore
BC-MAIN-aa76f6f2,,Air,Lead (and its compounds),Emission,Stack Emissions,kg,1.179446,BC-MAIN-aa76f6f2,"Au and Cu, Underground mining and beneficiation at New Afton",3065000.0,3.848110929853181e-07,Ore processed,1,ore
BC-MAIN-aa76f6f2,,Air,Manganese (and its compounds),Emission,Stack Emissions,tonnes,0.008389,BC-MAIN-aa76f6f2,"Au and Cu, Underground mining and beneficiation at New Afton",3065000.0,2.7370309951060363e-09,Ore processed,1,ore
BC-MAIN-aa76f6f2,,Air,Mercury (and its compounds),Emission,Stack Emissions,tonnes,7.821e-06,BC-MAIN-aa76f6f2,"Au and Cu, Underground mining and beneficiation at New Afton",3065000.0,2.5517128874388257e-12,Ore processed,1,ore
BC-MAIN-aa76f6f2,,Air,Nickel (and its compounds),Emission,Stack Emissions,tonnes,0.005538,BC-MAIN-aa76f6f2,"Au and Cu, Underground mining and beneficiation at New Afton",3065000.0,1.8068515497553019e-09,Ore processed,1,ore
ON-MAIN-0aadf28f,,Air,Nitrogen oxides (expressed as nitrogen dioxide),Emission,Stack Emissions,tonnes,62.412,ON-MAIN-0aadf28f,"Au, Open-pit and underground mining and beneficiation at Rainy River",8764000.0,7.121405750798722e-06,Ore processed,1,ore
BC-MAIN-aa76f6f2,,Air,Phosphorus (total),Emission,Stack Emissions,tonnes,0.009827,BC-MAIN-aa76f6f2,"Au and Cu, Underground mining and beneficiation at New Afton",3065000.0,3.206199021207178e-09,Ore processed,1,ore
BC-MAIN-aa76f6f2,,Air,PM10 - Particulate Matter <= 10 Micrometers,Emission,Stack Emissions,tonnes,6.844,BC-MAIN-aa76f6f2,"Au and Cu, Underground mining and beneficiation at New Afton",3065000.0,2.232952691680261e-06,Ore processed,1,ore
ON-MAIN-0aadf28f,,Air,PM10 - Particulate Matter <= 10 Micrometers,Emission,Stack Emissions,tonnes,1.533,ON-MAIN-0aadf28f,"Au, Open-pit and underground mining and beneficiation at Rainy River",8764000.0,1.7492012779552714e-07,Ore processed,1,ore
BC-MAIN-aa76f6f2,,Air,PM2.5 - Particulate Matter <= 2.5 Micrometers,Emission,Stack Emissions,tonnes,3.794,BC-MAIN-aa76f6f2,"Au and Cu, Underground mining and beneficiation at New Afton",3065000.0,1.2378466557911908e-06,Ore processed,1,ore
ON-MAIN-0aadf28f,,Air,PM2.5 - Particulate Matter <= 2.5 Micrometers,Emission,Stack Emissions,tonnes,1.533,ON-MAIN-0aadf28f,"Au, Open-pit and underground mining and beneficiation at Rainy River",8764000.0,1.7492012779552714e-07,Ore processed,1,ore
BC-MAIN-aa76f6f2,,Air,Selenium (and its compounds),Emission,Stack Emissions,kg,9.934,BC-MAIN-aa76f6f2,"Au and Cu, Underground mining and beneficiation at New Afton",3065000.0,3.2411092985318107e-06,Ore processed,1,ore
ON-MAIN-0aadf28f,,Air,Sulphur dioxide,Emission,Stack Emissions,tonnes,1.484,ON-MAIN-0aadf28f,"Au, Open-pit and underground mining and beneficiation at Rainy River",8764000.0,1.693290734824281e-07,Ore processed,1,ore
BC-MAIN-aa76f6f2,,Air,Total particulate matter,Emission,Stack Emissions,tonnes,7.749,BC-MAIN-aa76f6f2,"Au and Cu, Underground mining and beneficiation at New Afton",3065000.0,2.528221859706362e-06,Ore processed,1,ore
ON-MAIN-0aadf28f,,Air,Total particulate matter,Emission,Stack Emissions,tonnes,1.533,ON-MAIN-0aadf28f,"Au, Open-pit and underground mining and beneficiation at Rainy River",8764000.0,1.7492012779552714e-07,Ore processed,1,ore
BC-MAIN-aa76f6f2,,Air,Vanadium (and its compounds),Emission,Stack Emissions,tonnes,0.003992,BC-MAIN-aa76f6f2,"Au and Cu, Underground mining and beneficiation at New Afton",3065000.0,1.3024469820554648e-09,Ore processed,1,ore
BC-MAIN-aa76f6f2,,Air,Zinc (and its compounds),Emission,Stack Emissions,tonnes,0.010066,BC-MAIN-aa76f6f2,"Au and Cu, Underground mining and beneficiation at New Afton",3065000.0,3.2841761827079938e-09,Ore processed,1,ore
BC-MAIN-8eb8be0d,,Air,Arsenic (and its compounds),Emission,Stack Emissions,kg,0.6542,BC-MAIN-8eb8be0d,"Au and Cu, Open-pit mining and beneficiation at Red Chris",1139000.0,5.743634767339772e-07,Ore processed,1,ore
BC-MAIN-8eb8be0d,,Air,Cadmium (and its compounds),Emission,Stack Emissions,kg,1.6661,BC-MAIN-8eb8be0d,"Au and Cu, Open-pit mining and beneficiation at Red Chris",1139000.0,1.462774363476734e-06,Ore processed,1,ore
BC-MAIN-8eb8be0d,,Air,Carbon monoxide,Emission,Stack Emissions,tonnes,51.5033,BC-MAIN-8eb8be0d,"Au and Cu, Open-pit mining and beneficiation at Red Chris",1139000.0,4.521799824407375e-05,Ore processed,1,ore
BC-MAIN-8eb8be0d,,Air,Dioxins and furans - total,Emission,Stack Emissions,g TEQ,1.07,BC-MAIN-8eb8be0d,"Au and Cu, Open-pit mining and beneficiation at Red Chris",1139000.0,9.394205443371379e-07,Ore processed,1,ore
BC-MAIN-8eb8be0d,,Air,Hexachlorobenzene,Emission,Stack Emissions,grams,0.3057,BC-MAIN-8eb8be0d,"Au and Cu, Open-pit mining and beneficiation at Red Chris",1139000.0,2.6839332748024585e-07,Ore processed,1,ore
BC-MAIN-8eb8be0d,,Air,Lead (and its compounds),Emission,Stack Emissions,kg,32.7099,BC-MAIN-8eb8be0d,"Au and Cu, Open-pit mining and beneficiation at Red Chris",1139000.0,2.87180860403863e-05,Ore processed,1,ore
BC-MAIN-8eb8be0d,,Air,Mercury (and its compounds),Emission,Stack Emissions,tonnes,0.000856,BC-MAIN-8eb8be0d,"Au and Cu, Open-pit mining and beneficiation at Red Chris",1139000.0,7.515364354697103e-10,Ore processed,1,ore
BC-MAIN-8eb8be0d,,Air,Nitrogen oxides (expressed as nitrogen dioxide),Emission,Stack Emissions,tonnes,236.8105,BC-MAIN-8eb8be0d,"Au and Cu, Open-pit mining and beneficiation at Red Chris",1139000.0,0.00020791088674275678,Ore processed,1,ore
BC-MAIN-8eb8be0d,,Air,PM10 - Particulate Matter <= 10 Micrometers,Emission,Stack Emissions,tonnes,20.4465,BC-MAIN-8eb8be0d,"Au and Cu, Open-pit mining and beneficiation at Red Chris",1139000.0,1.7951273046532045e-05,Ore processed,1,ore
BC-MAIN-8eb8be0d,,Air,PM2.5 - Particulate Matter <= 2.5 Micrometers,Emission,Stack Emissions,tonnes,20.4465,BC-MAIN-8eb8be0d,"Au and Cu, Open-pit mining and beneficiation at Red Chris",1139000.0,1.7951273046532045e-05,Ore processed,1,ore
BC-MAIN-8eb8be0d,,Air,Total particulate matter,Emission,Stack Emissions,tonnes,20.4656,BC-MAIN-8eb8be0d,"Au and Cu, Open-pit mining and beneficiation at Red Chris",1139000.0,1.7968042142230025e-05,Ore processed,1,ore
QC-MAIN-dc1a16f9,,Air,Arsenic (and its compounds),Emission,Stack Emissions,kg,0.025,QC-MAIN-dc1a16f9,,,,Ore processed,1,ore
QC-MAIN-dc1a16f9,,Air,Cadmium (and its compounds),Emission,Stack Emissions,kg,0.0561,QC-MAIN-dc1a16f9,,,,Ore processed,1,ore
QC-MAIN-dc1a16f9,,Air,Cobalt (and its compounds),Emission,Stack Emissions,kg,0.782,QC-MAIN-dc1a16f9,,,,Ore processed,1,ore
QC-MAIN-dc1a16f9,,Air,Lead (and its compounds),Emission,Stack Emissions,kg,0.255,QC-MAIN-dc1a16f9,,,,Ore processed,1,ore
QC-MAIN-dc1a16f9,,Air,Mercury (and its compounds),Emission,Stack Emissions,tonnes,9e-07,QC-MAIN-dc1a16f9,,,,Ore processed,1,ore
QC-MAIN-dc1a16f9,,Air,Selenium (and its compounds),Emission,Stack Emissions,kg,0.029,QC-MAIN-dc1a16f9,,,,Ore processed,1,ore
QC-MAIN-dc1a16f9,,Air,Thallium (and its compounds),Emission,Stack Emissions,kg,0.317,QC-MAIN-dc1a16f9,,,,Ore processed,1,ore
SK-MAIN-60ba74c4,,Air,Ammonia (total),Emission,Stack Emissions,tonnes,37.786684,SK-MAIN-60ba74c4,"U, and beneficiation at McClean Lake",0.0,inf,Ore processed,1,ore
SK-MAIN-60ba74c4,,Air,Arsenic (and its compounds),Emission,Stack Emissions,kg,1.469707,SK-MAIN-60ba74c4,"U, and beneficiation at McClean Lake",0.0,inf,Ore processed,1,ore
SK-MAIN-60ba74c4,,Air,Cadmium (and its compounds),Emission,Stack Emissions,kg,0.041117,SK-MAIN-60ba74c4,"U, and beneficiation at McClean Lake",0.0,inf,Ore processed,1,ore
SK-MAIN-60ba74c4,,Air,Copper (and its compounds),Emission,Stack Emissions,tonnes,0.000288,SK-MAIN-60ba74c4,"U, and beneficiation at McClean Lake",0.0,inf,Ore processed,1,ore
SK-MAIN-60ba74c4,,Air,Dioxins and furans - total,Emission,Stack Emissions,g TEQ,0.001365,SK-MAIN-60ba74c4,"U, and beneficiation at McClean Lake",0.0,inf,Ore processed,1,ore
SK-MAIN-60ba74c4,,Air,Lead (and its compounds),Emission,Stack Emissions,kg,0.043476,SK-MAIN-60ba74c4,"U, and beneficiation at McClean Lake",0.0,inf,Ore processed,1,ore
SK-MAIN-60ba74c4,,Air,Manganese (and its compounds),Emission,Stack Emissions,tonnes,0.00024,SK-MAIN-60ba74c4,"U, and beneficiation at McClean Lake",0.0,inf,Ore processed,1,ore
SK-MAIN-60ba74c4,,Air,Nickel (and its compounds),Emission,Stack Emissions,tonnes,0.000379,SK-MAIN-60ba74c4,"U, and beneficiation at McClean Lake",0.0,inf,Ore processed,1,ore
SK-MAIN-60ba74c4,,Air,Nitrogen oxides (expressed as nitrogen dioxide),Emission,Stack Emissions,tonnes,32.963913,SK-MAIN-60ba74c4,"U, and beneficiation at McClean Lake",0.0,inf,Ore processed,1,ore
SK-MAIN-60ba74c4,,Air,PM10 - Particulate Matter <= 10 Micrometers,Emission,Stack Emissions,tonnes,0.763993,SK-MAIN-60ba74c4,"U, and beneficiation at McClean Lake",0.0,inf,Ore processed,1,ore
SK-MAIN-60ba74c4,,Air,PM2.5 - Particulate Matter <= 2.5 Micrometers,Emission,Stack Emissions,tonnes,0.534851,SK-MAIN-60ba74c4,"U, and beneficiation at McClean Lake",0.0,inf,Ore processed,1,ore
SK-MAIN-60ba74c4,,Air,Selenium (and its compounds),Emission,Stack Emissions,kg,0.619255,SK-MAIN-60ba74c4,"U, and beneficiation at McClean Lake",0.0,inf,Ore processed,1,ore
SK-MAIN-60ba74c4,,Air,Sulphur dioxide,Emission,Stack Emissions,tonnes,80.26529,SK-MAIN-60ba74c4,"U, and beneficiation at McClean Lake",0.0,inf,Ore processed,1,ore
SK-MAIN-60ba74c4,,Air,Thallium (and its compounds),Emission,Stack Emissions,kg,7e-06,SK-MAIN-60ba74c4,"U, and beneficiation at McClean Lake",0.0,inf,Ore processed,1,ore
SK-MAIN-60ba74c4,,Air,Total particulate matter,Emission,Stack Emissions,tonnes,103.149704,SK-MAIN-60ba74c4,"U, and beneficiation at McClean Lake",0.0,inf,Ore processed,1,ore
SK-MAIN-60ba74c4,,Air,Vanadium (and its compounds),Emission,Stack Emissions,tonnes,5e-06,SK-MAIN-60ba74c4,"U, and beneficiation at McClean Lake",0.0,inf,Ore processed,1,ore
SK-MAIN-60ba74c4,,Air,Volatile Organic Compounds (Total),Emission,Stack Emissions,tonnes,0.340456,SK-MAIN-60ba74c4,"U, and beneficiation at McClean Lake",0.0,inf,Ore processed,1,ore
SK-MAIN-60ba74c4,,Air,Zinc (and its compounds),Emission,Stack Emissions,tonnes,0.001102,SK-MAIN-60ba74c4,"U, and beneficiation at McClean Lake",0.0,inf,Ore processed,1,ore
BC-MAIN-857b7b89,,Air,Carbon monoxide,Emission,Stack Emissions,tonnes,24.693,BC-MAIN-857b7b89,"Au, Underground mining and beneficiation at Brucejack",166000.0,0.00014875301204819277,Ore processed,1,ore
BC-MAIN-857b7b89,,Air,Dioxins and furans - total,Emission,Stack Emissions,g TEQ,2.2e-05,BC-MAIN-857b7b89,"Au, Underground mining and beneficiation at Brucejack",166000.0,1.325301204819277e-10,Ore processed,1,ore
BC-MAIN-857b7b89,,Air,Hexachlorobenzene,Emission,Stack Emissions,grams,0.0023,BC-MAIN-857b7b89,"Au, Underground mining and beneficiation at Brucejack",166000.0,1.3855421686746988e-08,Ore processed,1,ore
BC-MAIN-857b7b89,,Air,Nitrogen oxides (expressed as nitrogen dioxide),Emission,Stack Emissions,tonnes,90.104,BC-MAIN-857b7b89,"Au, Underground mining and beneficiation at Brucejack",166000.0,0.0005427951807228915,Ore processed,1,ore
BC-MAIN-857b7b89,,Air,PM10 - Particulate Matter <= 10 Micrometers,Emission,Stack Emissions,tonnes,1.427,BC-MAIN-857b7b89,"Au, Underground mining and beneficiation at Brucejack",166000.0,8.596385542168675e-06,Ore processed,1,ore
BC-MAIN-857b7b89,,Air,PM2.5 - Particulate Matter <= 2.5 Micrometers,Emission,Stack Emissions,tonnes,1.381,BC-MAIN-857b7b89,"Au, Underground mining and beneficiation at Brucejack",166000.0,8.319277108433735e-06,Ore processed,1,ore
BC-MAIN-857b7b89,,Air,Total particulate matter,Emission,Stack Emissions,tonnes,1.77,BC-MAIN-857b7b89,"Au, Underground mining and beneficiation at Brucejack",166000.0,1.066265060240964e-05,Ore processed,1,ore
ON-MAIN-8825d90d,,Air,Arsenic (and its compounds),Emission,Stack Emissions,kg,0.093668,ON-MAIN-8825d90d,"Au, Open-pit mining and beneficiation at Magino",1165551.0,8.036370780858152e-08,Ore processed,1,ore
ON-MAIN-8825d90d,,Air,Carbon monoxide,Emission,Stack Emissions,tonnes,20.78366,ON-MAIN-8825d90d,"Au, Open-pit mining and beneficiation at Magino",1165551.0,1.7831617835684583e-05,Ore processed,1,ore
ON-MAIN-8825d90d,,Air,Chromium (and its compounds),Emission,Stack Emissions,tonnes,0.000486,ON-MAIN-8825d90d,"Au, Open-pit mining and beneficiation at Magino",1165551.0,4.1697017118942026e-10,Ore processed,1,ore
ON-MAIN-8825d90d,,Air,Cobalt (and its compounds),Emission,Stack Emissions,kg,0.232258,ON-MAIN-8825d90d,"Au, Open-pit mining and beneficiation at Magino",1165551.0,1.9926884366278266e-07,Ore processed,1,ore
ON-MAIN-8825d90d,,Air,Copper (and its compounds),Emission,Stack Emissions,tonnes,0.000928,ON-MAIN-8825d90d,"Au, Open-pit mining and beneficiation at Magino",1165551.0,7.961899565098396e-10,Ore processed,1,ore
ON-MAIN-8825d90d,,Air,Hydrogen cyanide,Emission,Stack Emissions,tonnes,2.357473,ON-MAIN-8825d90d,"Au, Open-pit mining and beneficiation at Magino",1165551.0,2.0226253505852597e-06,Ore processed,1,ore
ON-MAIN-8825d90d,,Air,Lead (and its compounds),Emission,Stack Emissions,kg,0.024373,ON-MAIN-8825d90d,"Au, Open-pit mining and beneficiation at Magino",1165551.0,2.0911139881480946e-08,Ore processed,1,ore
ON-MAIN-8825d90d,,Air,Manganese (and its compounds),Emission,Stack Emissions,tonnes,0.014069,ON-MAIN-8825d90d,"Au, Open-pit mining and beneficiation at Magino",1165551.0,1.2070685881613074e-08,Ore processed,1,ore
ON-MAIN-8825d90d,,Air,Nickel (and its compounds),Emission,Stack Emissions,tonnes,0.00347,ON-MAIN-8825d90d,"Au, Open-pit mining and beneficiation at Magino",1165551.0,2.9771327037598528e-09,Ore processed,1,ore
ON-MAIN-8825d90d,,Air,Nitrogen oxides (expressed as nitrogen dioxide),Emission,Stack Emissions,tonnes,200.592948,ON-MAIN-8825d90d,"Au, Open-pit mining and beneficiation at Magino",1165551.0,0.00017210139067273762,Ore processed,1,ore
ON-MAIN-8825d90d,,Air,PM10 - Particulate Matter <= 10 Micrometers,Emission,Stack Emissions,tonnes,2.808925,ON-MAIN-8825d90d,"Au, Open-pit mining and beneficiation at Magino",1165551.0,2.4099546051609924e-06,Ore processed,1,ore
ON-MAIN-8825d90d,,Air,PM2.5 - Particulate Matter <= 2.5 Micrometers,Emission,Stack Emissions,tonnes,2.40327,ON-MAIN-8825d90d,"Au, Open-pit mining and beneficiation at Magino",1165551.0,2.0619174965316835e-06,Ore processed,1,ore
ON-MAIN-8825d90d,,Air,Selenium (and its compounds),Emission,Stack Emissions,kg,0.023895,ON-MAIN-8825d90d,"Au, Open-pit mining and beneficiation at Magino",1165551.0,2.0501033416813164e-08,Ore processed,1,ore
ON-MAIN-8825d90d,,Air,Thallium (and its compounds),Emission,Stack Emissions,kg,0.001959,ON-MAIN-8825d90d,"Au, Open-pit mining and beneficiation at Magino",1165551.0,1.6807501344857496e-09,Ore processed,1,ore
ON-MAIN-8825d90d,,Air,Total particulate matter,Emission,Stack Emissions,tonnes,6.816918,ON-MAIN-8825d90d,"Au, Open-pit mining and beneficiation at Magino",1165551.0,5.848665566757697e-06,Ore processed,1,ore
ON-MAIN-8825d90d,,Air,Vanadium (and its compounds),Emission,Stack Emissions,tonnes,0.000174,ON-MAIN-8825d90d,"Au, Open-pit mining and beneficiation at Magino",1165551.0,1.492856168455949e-10,Ore processed,1,ore
ON-MAIN-7f050560,,Air,Arsenic (and its compounds),Emission,Stack Emissions,kg,1.119783,ON-MAIN-7f050560,"Au, Underground mining and beneficiation at Red Lake",841000.0,1.3314898929845422e-06,Ore processed,1,ore
ON-MAIN-7f050560,,Air,Cobalt (and its compounds),Emission,Stack Emissions,kg,0.142689,ON-MAIN-7f050560,"Au, Underground mining and beneficiation at Red Lake",841000.0,1.6966587395957196e-07,Ore processed,1,ore
ON-MAIN-7f050560,,Air,PM10 - Particulate Matter <= 10 Micrometers,Emission,Stack Emissions,tonnes,2.094518,ON-MAIN-7f050560,"Au, Underground mining and beneficiation at Red Lake",841000.0,2.4905089179548155e-06,Ore processed,1,ore
ON-MAIN-7f050560,,Air,PM2.5 - Particulate Matter <= 2.5 Micrometers,Emission,Stack Emissions,tonnes,1.070544,ON-MAIN-7f050560,"Au, Underground mining and beneficiation at Red Lake",841000.0,1.2729417360285373e-06,Ore processed,1,ore
NL-MAIN-b64bae7a,,Air,Arsenic (and its compounds),Emission,Stack Emissions,kg,51.832,NL-MAIN-b64bae7a,,3560000.0,1.4559550561797753e-05,Ore processed,1,ore
NL-MAIN-b64bae7a,,Air,Cadmium (and its compounds),Emission,Stack Emissions,kg,3.1,NL-MAIN-b64bae7a,,3560000.0,8.707865168539327e-07,Ore processed,1,ore
NL-MAIN-b64bae7a,,Air,Carbon monoxide,Emission,Stack Emissions,tonnes,138.958,NL-MAIN-b64bae7a,,3560000.0,3.903314606741573e-05,Ore processed,1,ore
NL-MAIN-b64bae7a,,Air,Cobalt (and its compounds),Emission,Stack Emissions,kg,125.609,NL-MAIN-b64bae7a,,3560000.0,3.5283426966292136e-05,Ore processed,1,ore
NL-MAIN-b64bae7a,,Air,Lead (and its compounds),Emission,Stack Emissions,kg,35.693,NL-MAIN-b64bae7a,,3560000.0,1.0026123595505617e-05,Ore processed,1,ore
NL-MAIN-b64bae7a,,Air,Manganese (and its compounds),Emission,Stack Emissions,tonnes,40.333,NL-MAIN-b64bae7a,,3560000.0,1.1329494382022472e-05,Ore processed,1,ore
NL-MAIN-b64bae7a,,Air,Nitrogen oxides (expressed as nitrogen dioxide),Emission,Stack Emissions,tonnes,232.968,NL-MAIN-b64bae7a,,3560000.0,6.544044943820224e-05,Ore processed,1,ore
NL-MAIN-b64bae7a,,Air,Phosphorus (total),Emission,Stack Emissions,tonnes,0.905,NL-MAIN-b64bae7a,,3560000.0,2.542134831460674e-07,Ore processed,1,ore
NL-MAIN-b64bae7a,,Air,PM10 - Particulate Matter <= 10 Micrometers,Emission,Stack Emissions,tonnes,881.928,NL-MAIN-b64bae7a,,3560000.0,0.00024773258426966294,Ore processed,1,ore
NL-MAIN-b64bae7a,,Air,PM2.5 - Particulate Matter <= 2.5 Micrometers,Emission,Stack Emissions,tonnes,161.234,NL-MAIN-b64bae7a,,3560000.0,4.529044943820225e-05,Ore processed,1,ore
NL-MAIN-b64bae7a,,Air,Sulphur dioxide,Emission,Stack Emissions,tonnes,175.254,NL-MAIN-b64bae7a,,3560000.0,4.9228651685393255e-05,Ore processed,1,ore
NL-MAIN-b64bae7a,,Air,Total particulate matter,Emission,Stack Emissions,tonnes,2450.239,NL-MAIN-b64bae7a,,3560000.0,0.000688269382022472,Ore processed,1,ore
BC-MAIN-bf503b6b,,Air,Arsenic (and its compounds),Emission,Stack Emissions,kg,2e-06,BC-MAIN-bf503b6b,"Cu and Mo, Open-pit mining and beneficiation at Highland Valley",215221530000.0,9.292750590519452e-18,Ore processed,1,ore
BC-MAIN-bf503b6b,,Air,Cadmium (and its compounds),Emission,Stack Emissions,kg,1e-06,BC-MAIN-bf503b6b,"Cu and Mo, Open-pit mining and beneficiation at Highland Valley",215221530000.0,4.646375295259726e-18,Ore processed,1,ore
BC-MAIN-bf503b6b,,Air,Carbon monoxide,Emission,Stack Emissions,tonnes,10.031,BC-MAIN-bf503b6b,"Cu and Mo, Open-pit mining and beneficiation at Highland Valley",215221530000.0,4.6607790586750317e-11,Ore processed,1,ore
BC-MAIN-bf503b6b,,Air,Cobalt (and its compounds),Emission,Stack Emissions,kg,1.021,BC-MAIN-bf503b6b,"Cu and Mo, Open-pit mining and beneficiation at Highland Valley",215221530000.0,4.74394917646018e-12,Ore processed,1,ore
BC-MAIN-bf503b6b,,Air,Lead (and its compounds),Emission,Stack Emissions,kg,1.021,BC-MAIN-bf503b6b,"Cu and Mo, Open-pit mining and beneficiation at Highland Valley",215221530000.0,4.74394917646018e-12,Ore processed,1,ore
BC-MAIN-bf503b6b,,Air,Nitrogen oxides (expressed as nitrogen dioxide),Emission,Stack Emissions,tonnes,11.432,BC-MAIN-bf503b6b,"Cu and Mo, Open-pit mining and beneficiation at Highland Valley",215221530000.0,5.311736237540919e-11,Ore processed,1,ore
BC-MAIN-bf503b6b,,Air,PM10 - Particulate Matter <= 10 Micrometers,Emission,Stack Emissions,tonnes,1.368,BC-MAIN-bf503b6b,"Cu and Mo, Open-pit mining and beneficiation at Highland Valley",215221530000.0,6.3562414039153055e-12,Ore processed,1,ore
BC-MAIN-bf503b6b,,Air,PM2.5 - Particulate Matter <= 2.5 Micrometers,Emission,Stack Emissions,tonnes,0.937,BC-MAIN-bf503b6b,"Cu and Mo, Open-pit mining and beneficiation at Highland Valley",215221530000.0,4.353653651658364e-12,Ore processed,1,ore
BC-MAIN-bf503b6b,,Air,Total particulate matter,Emission,Stack Emissions,tonnes,7.743,BC-MAIN-bf503b6b,"Cu and Mo, Open-pit mining and beneficiation at Highland Valley",215221530000.0,3.597688391119606e-11,Ore processed,1,ore
BC-MAIN-bf503b6b,,Air,Volatile Organic Compounds (Total),Emission,Stack Emissions,tonnes,6.071,BC-MAIN-bf503b6b,"Cu and Mo, Open-pit mining and beneficiation at Highland Valley",215221530000.0,2.8208144417521796e-11,Ore processed,1,ore
NL-MAIN-2d8801d6,,Air,Ammonia (total),Emission,Stack Emissions,tonnes,6.6,NL-MAIN-2d8801d6,"Cu and Ni, Open-pit and underground mining and beneficiation at Voisey’s Bay",794117.647058823,8.311111111111116e-06,Ore processed,1,ore
NL-MAIN-2d8801d6,,Air,Arsenic (and its compounds),Emission,Stack Emissions,kg,0.832,NL-MAIN-2d8801d6,"Cu and Ni, Open-pit and underground mining and beneficiation at Voisey’s Bay",794117.647058823,1.0477037037037043e-06,Ore processed,1,ore
NL-MAIN-2d8801d6,,Air,Cadmium (and its compounds),Emission,Stack Emissions,kg,0.604,NL-MAIN-2d8801d6,"Cu and Ni, Open-pit and underground mining and beneficiation at Voisey’s Bay",794117.647058823,7.60592592592593e-07,Ore processed,1,ore
NL-MAIN-2d8801d6,,Air,Carbon monoxide,Emission,Stack Emissions,tonnes,262.886,NL-MAIN-2d8801d6,"Cu and Ni, Open-pit and underground mining and beneficiation at Voisey’s Bay",794117.647058823,0.00033104162962962986,Ore processed,1,ore
NL-MAIN-2d8801d6,,Air,Chromium (and its compounds),Emission,Stack Emissions,tonnes,0.002,NL-MAIN-2d8801d6,"Cu and Ni, Open-pit and underground mining and beneficiation at Voisey’s Bay",794117.647058823,2.51851851851852e-09,Ore processed,1,ore
NL-MAIN-2d8801d6,,Air,Cobalt (and its compounds),Emission,Stack Emissions,kg,0.01,NL-MAIN-2d8801d6,"Cu and Ni, Open-pit and underground mining and beneficiation at Voisey’s Bay",794117.647058823,1.25925925925926e-08,Ore processed,1,ore
NL-MAIN-2d8801d6,,Air,Copper (and its compounds),Emission,Stack Emissions,tonnes,0.002,NL-MAIN-2d8801d6,"Cu and Ni, Open-pit and underground mining and beneficiation at Voisey’s Bay",794117.647058823,2.51851851851852e-09,Ore processed,1,ore
NL-MAIN-2d8801d6,,Air,Hexachlorobenzene,Emission,Stack Emissions,grams,4.808,NL-MAIN-2d8801d6,"Cu and Ni, Open-pit and underground mining and beneficiation at Voisey’s Bay",794117.647058823,6.054518518518522e-06,Ore processed,1,ore
NL-MAIN-2d8801d6,,Air,Lead (and its compounds),Emission,Stack Emissions,kg,2.302,NL-MAIN-2d8801d6,"Cu and Ni, Open-pit and underground mining and beneficiation at Voisey’s Bay",794117.647058823,2.8988148148148167e-06,Ore processed,1,ore
NL-MAIN-2d8801d6,,Air,Manganese (and its compounds),Emission,Stack Emissions,tonnes,0.001,NL-MAIN-2d8801d6,"Cu and Ni, Open-pit and underground mining and beneficiation at Voisey’s Bay",794117.647058823,1.25925925925926e-09,Ore processed,1,ore
NL-MAIN-2d8801d6,,Air,Mercury (and its compounds),Emission,Stack Emissions,tonnes,0.0007800000000000001,NL-MAIN-2d8801d6,"Cu and Ni, Open-pit and underground mining and beneficiation at Voisey’s Bay",794117.647058823,9.82222222222223e-10,Ore processed,1,ore
NL-MAIN-2d8801d6,,Air,Nickel (and its compounds),Emission,Stack Emissions,tonnes,0.001,NL-MAIN-2d8801d6,"Cu and Ni, Open-pit and underground mining and beneficiation at Voisey’s Bay",794117.647058823,1.25925925925926e-09,Ore processed,1,ore
NL-MAIN-2d8801d6,,Air,Nitrogen oxides (expressed as nitrogen dioxide),Emission,Stack Emissions,tonnes,3224.385,NL-MAIN-2d8801d6,"Cu and Ni, Open-pit and underground mining and beneficiation at Voisey’s Bay",794117.647058823,0.004060336666666669,Ore processed,1,ore
NL-MAIN-2d8801d6,,Air,"PAHs, total unspeciated",Emission,Stack Emissions,kg,136.966,NL-MAIN-2d8801d6,"Cu and Ni, Open-pit and underground mining and beneficiation at Voisey’s Bay",794117.647058823,0.00017247570370370382,Ore processed,1,ore
NL-MAIN-2d8801d6,,Air,Phenanthrene,Emission,Stack Emissions,kg,25.626,NL-MAIN-2d8801d6,"Cu and Ni, Open-pit and underground mining and beneficiation at Voisey’s Bay",794117.647058823,3.2269777777777796e-05,Ore processed,1,ore
NL-MAIN-2d8801d6,,Air,Phosphorus (total),Emission,Stack Emissions,tonnes,0.00015,NL-MAIN-2d8801d6,"Cu and Ni, Open-pit and underground mining and beneficiation at Voisey’s Bay",794117.647058823,1.88888888888889e-10,Ore processed,1,ore
NL-MAIN-2d8801d6,,Air,PM10 - Particulate Matter <= 10 Micrometers,Emission,Stack Emissions,tonnes,19.039,NL-MAIN-2d8801d6,"Cu and Ni, Open-pit and underground mining and beneficiation at Voisey’s Bay",794117.647058823,2.3975037037037056e-05,Ore processed,1,ore
NL-MAIN-2d8801d6,,Air,PM2.5 - Particulate Matter <= 2.5 Micrometers,Emission,Stack Emissions,tonnes,17.998,NL-MAIN-2d8801d6,"Cu and Ni, Open-pit and underground mining and beneficiation at Voisey’s Bay",794117.647058823,2.2664148148148163e-05,Ore processed,1,ore
NL-MAIN-2d8801d6,,Air,Selenium (and its compounds),Emission,Stack Emissions,kg,0.076,NL-MAIN-2d8801d6,"Cu and Ni, Open-pit and underground mining and beneficiation at Voisey’s Bay",794117.647058823,9.570370370370377e-08,Ore processed,1,ore
NL-MAIN-2d8801d6,,Air,Silver (and its compounds),Emission,Stack Emissions,tonnes,1.9e-05,NL-MAIN-2d8801d6,"Cu and Ni, Open-pit and underground mining and beneficiation at Voisey’s Bay",794117.647058823,2.3925925925925943e-11,Ore processed,1,ore
NL-MAIN-2d8801d6,,Air,Total particulate matter,Emission,Stack Emissions,tonnes,30.207,NL-MAIN-2d8801d6,"Cu and Ni, Open-pit and underground mining and beneficiation at Voisey’s Bay",794117.647058823,3.803844444444447e-05,Ore processed,1,ore
NL-MAIN-2d8801d6,,Air,Vanadium (and its compounds),Emission,Stack Emissions,tonnes,1.1e-05,NL-MAIN-2d8801d6,"Cu and Ni, Open-pit and underground mining and beneficiation at Voisey’s Bay",794117.647058823,1.385185185185186e-11,Ore processed,1,ore
NL-MAIN-2d8801d6,,Air,Volatile Organic Compounds (Total),Emission,Stack Emissions,tonnes,52.087,NL-MAIN-2d8801d6,"Cu and Ni, Open-pit and underground mining and beneficiation at Voisey’s Bay",794117.647058823,6.559103703703708e-05,Ore processed,1,ore
NL-MAIN-2d8801d6,,Air,Zinc (and its compounds),Emission,Stack Emissions,tonnes,0.002,NL-MAIN-2d8801d6,"Cu and Ni, Open-pit and underground mining and beneficiation at Voisey’s Bay",794117.647058823,2.51851851851852e-09,Ore processed,1,ore
YT-MAIN-e05ed9fe,,Air,Arsenic (and its compounds),Emission,Stack Emissions,kg,0.0051,YT-MAIN-e05ed9fe,,,,Ore processed,1,ore
YT-MAIN-e05ed9fe,,Air,Carbon monoxide,Emission,Stack Emissions,tonnes,42.5506,YT-MAIN-e05ed9fe,,,,Ore processed,1,ore
YT-MAIN-e05ed9fe,,Air,Nitrogen oxides (expressed as nitrogen dioxide),Emission,Stack Emissions,tonnes,197.3845,YT-MAIN-e05ed9fe,,,,Ore processed,1,ore
YT-MAIN-e05ed9fe,,Air,PM10 - Particulate Matter <= 10 Micrometers,Emission,Stack Emissions,tonnes,14.0105,YT-MAIN-e05ed9fe,,,,Ore processed,1,ore
YT-MAIN-e05ed9fe,,Air,PM2.5 - Particulate Matter <= 2.5 Micrometers,Emission,Stack Emissions,tonnes,14.0105,YT-MAIN-e05ed9fe,,,,Ore processed,1,ore
YT-MAIN-e05ed9fe,,Air,Sulphur dioxide,Emission,Stack Emissions,tonnes,13.0801,YT-MAIN-e05ed9fe,,,,Ore processed,1,ore
YT-MAIN-e05ed9fe,,Air,Total particulate matter,Emission,Stack Emissions,tonnes,14.037,YT-MAIN-e05ed9fe,,,,Ore processed,1,ore
YT-MAIN-e05ed9fe,,Air,Volatile Organic Compounds (Total),Emission,Stack Emissions,tonnes,15.7326,YT-MAIN-e05ed9fe,,,,Ore processed,1,ore
ON-MAIN-cb85213a,,Air,Carbon monoxide,Emission,Stack Emissions,tonnes,49.312857,ON-MAIN-cb85213a,"Au, Underground mining and beneficiation at Eagle River",222627.0,0.00022150438626042664,Ore processed,1,ore
ON-MAIN-cb85213a,,Air,Chromium (and its compounds),Emission,Stack Emissions,tonnes,0.002063,ON-MAIN-cb85213a,"Au, Underground mining and beneficiation at Eagle River",222627.0,9.266620850121505e-09,Ore processed,1,ore
ON-MAIN-cb85213a,,Air,Cobalt (and its compounds),Emission,Stack Emissions,kg,0.00091,ON-MAIN-cb85213a,"Au, Underground mining and beneficiation at Eagle River",222627.0,4.087554519442835e-09,Ore processed,1,ore
ON-MAIN-cb85213a,,Air,Lead (and its compounds),Emission,Stack Emissions,kg,0.13203,ON-MAIN-cb85213a,"Au, Underground mining and beneficiation at Eagle River",222627.0,5.930547507714698e-07,Ore processed,1,ore
ON-MAIN-cb85213a,,Air,Manganese (and its compounds),Emission,Stack Emissions,tonnes,0.019006,ON-MAIN-cb85213a,"Au, Underground mining and beneficiation at Eagle River",222627.0,8.53714958203632e-08,Ore processed,1,ore
ON-MAIN-cb85213a,,Air,Nickel (and its compounds),Emission,Stack Emissions,tonnes,0.001394,ON-MAIN-cb85213a,"Au, Underground mining and beneficiation at Eagle River",222627.0,6.2615945056080354e-09,Ore processed,1,ore
ON-MAIN-cb85213a,,Air,Nitrogen oxides (expressed as nitrogen dioxide),Emission,Stack Emissions,tonnes,164.458578,ON-MAIN-cb85213a,"Au, Underground mining and beneficiation at Eagle River",222627.0,0.0007387180261154306,Ore processed,1,ore
ON-MAIN-cb85213a,,Air,PM10 - Particulate Matter <= 10 Micrometers,Emission,Stack Emissions,tonnes,1.202337,ON-MAIN-cb85213a,"Au, Underground mining and beneficiation at Eagle River",222627.0,5.400679162904769e-06,Ore processed,1,ore
ON-MAIN-cb85213a,,Air,PM10 - Particulate Matter <= 10 Micrometers,Emission,Stack Emissions,tonnes,11.165898,ON-MAIN-cb85213a,"Au, Underground mining and beneficiation at Eagle River",222627.0,5.0155183333557926e-05,Ore processed,1,ore
ON-MAIN-cb85213a,,Air,PM2.5 - Particulate Matter <= 2.5 Micrometers,Emission,Stack Emissions,tonnes,1.134085,ON-MAIN-cb85213a,"Au, Underground mining and beneficiation at Eagle River",222627.0,5.09410359031025e-06,Ore processed,1,ore
ON-MAIN-cb85213a,,Air,PM2.5 - Particulate Matter <= 2.5 Micrometers,Emission,Stack Emissions,tonnes,11.165898,ON-MAIN-cb85213a,"Au, Underground mining and beneficiation at Eagle River",222627.0,5.0155183333557926e-05,Ore processed,1,ore
ON-MAIN-cb85213a,,Air,Total particulate matter,Emission,Stack Emissions,tonnes,11.165898,ON-MAIN-cb85213a,"Au, Underground mining and beneficiation at Eagle River",222627.0,5.0155183333557926e-05,Ore processed,1,ore
ON-MAIN-6e9be24e,,Air,Ammonia (total),Emission,Stack Emissions,tonnes,3.567718,ON-MAIN-6e9be24e,"Au, Open-pit and underground mining and beneficiation at Hemlo (Williams)",1266009.0,2.818082651861085e-06,Ore processed,1,ore
ON-MAIN-6e9be24e,,Air,Antimony (and its compounds),Emission,Stack Emissions,tonnes,0.001028,ON-MAIN-6e9be24e,"Au, Open-pit and underground mining and beneficiation at Hemlo (Williams)",1266009.0,8.120005465995898e-10,Ore processed,1,ore
ON-MAIN-6e9be24e,,Air,Arsenic (and its compounds),Emission,Stack Emissions,kg,1.812416,ON-MAIN-6e9be24e,"Au, Open-pit and underground mining and beneficiation at Hemlo (Williams)",1266009.0,1.4315980376126868e-06,Ore processed,1,ore
ON-MAIN-6e9be24e,,Air,Cadmium (and its compounds),Emission,Stack Emissions,kg,0.530323,ON-MAIN-6e9be24e,"Au, Open-pit and underground mining and beneficiation at Hemlo (Williams)",1266009.0,4.1889354657036405e-07,Ore processed,1,ore
ON-MAIN-6e9be24e,,Air,Carbon monoxide,Emission,Stack Emissions,tonnes,732.672002,ON-MAIN-6e9be24e,"Au, Open-pit and underground mining and beneficiation at Hemlo (Williams)",1266009.0,0.0005787257452356184,Ore processed,1,ore
ON-MAIN-6e9be24e,,Air,Chromium (and its compounds),Emission,Stack Emissions,tonnes,0.002507,ON-MAIN-6e9be24e,"Au, Open-pit and underground mining and beneficiation at Hemlo (Williams)",1266009.0,1.9802386870867426e-09,Ore processed,1,ore
ON-MAIN-6e9be24e,,Air,Cobalt (and its compounds),Emission,Stack Emissions,kg,0.449416,ON-MAIN-6e9be24e,"Au, Open-pit and underground mining and beneficiation at Hemlo (Williams)",1266009.0,3.5498641794805566e-07,Ore processed,1,ore
ON-MAIN-6e9be24e,,Air,Copper (and its compounds),Emission,Stack Emissions,tonnes,0.005832,ON-MAIN-6e9be24e,"Au, Open-pit and underground mining and beneficiation at Hemlo (Williams)",1266009.0,4.606602322732303e-09,Ore processed,1,ore
ON-MAIN-6e9be24e,,Air,Lead (and its compounds),Emission,Stack Emissions,kg,51.50023,ON-MAIN-6e9be24e,"Au, Open-pit and underground mining and beneficiation at Hemlo (Williams)",1266009.0,4.067919738327295e-05,Ore processed,1,ore
ON-MAIN-6e9be24e,,Air,Manganese (and its compounds),Emission,Stack Emissions,tonnes,0.005372,ON-MAIN-6e9be24e,"Au, Open-pit and underground mining and beneficiation at Hemlo (Williams)",1266009.0,4.2432557746429926e-09,Ore processed,1,ore
ON-MAIN-6e9be24e,,Air,Mercury (and its compounds),Emission,Stack Emissions,tonnes,0.000207519,ON-MAIN-6e9be24e,"Au, Open-pit and underground mining and beneficiation at Hemlo (Williams)",1266009.0,1.6391589633249052e-10,Ore processed,1,ore
ON-MAIN-6e9be24e,,Air,Nickel (and its compounds),Emission,Stack Emissions,tonnes,0.00651,ON-MAIN-6e9be24e,"Au, Open-pit and underground mining and beneficiation at Hemlo (Williams)",1266009.0,5.142143539263939e-09,Ore processed,1,ore
ON-MAIN-6e9be24e,,Air,Nitrogen oxides (expressed as nitrogen dioxide),Emission,Stack Emissions,tonnes,104.591182,ON-MAIN-6e9be24e,"Au, Open-pit and underground mining and beneficiation at Hemlo (Williams)",1266009.0,8.261488030495834e-05,Ore processed,1,ore
ON-MAIN-6e9be24e,,Air,Phosphorus (total),Emission,Stack Emissions,tonnes,0.034131,ON-MAIN-6e9be24e,"Au, Open-pit and underground mining and beneficiation at Hemlo (Williams)",1266009.0,2.6959523984426652e-08,Ore processed,1,ore
ON-MAIN-6e9be24e,,Air,PM10 - Particulate Matter <= 10 Micrometers,Emission,Stack Emissions,tonnes,0.148665,ON-MAIN-6e9be24e,"Au, Open-pit and underground mining and beneficiation at Hemlo (Williams)",1266009.0,1.1742807515586381e-07,Ore processed,1,ore
ON-MAIN-6e9be24e,,Air,PM2.5 - Particulate Matter <= 2.5 Micrometers,Emission,Stack Emissions,tonnes,0.139925,ON-MAIN-6e9be24e,"Au, Open-pit and underground mining and beneficiation at Hemlo (Williams)",1266009.0,1.1052449074216691e-07,Ore processed,1,ore
ON-MAIN-6e9be24e,,Air,Selenium (and its compounds),Emission,Stack Emissions,kg,1.908177,ON-MAIN-6e9be24e,"Au, Open-pit and underground mining and beneficiation at Hemlo (Williams)",1266009.0,1.5072381002030792e-06,Ore processed,1,ore
ON-MAIN-6e9be24e,,Air,Thallium (and its compounds),Emission,Stack Emissions,kg,0.756757,ON-MAIN-6e9be24e,"Au, Open-pit and underground mining and beneficiation at Hemlo (Williams)",1266009.0,5.977500949835269e-07,Ore processed,1,ore
ON-MAIN-6e9be24e,,Air,Total particulate matter,Emission,Stack Emissions,tonnes,29.653988,ON-MAIN-6e9be24e,"Au, Open-pit and underground mining and beneficiation at Hemlo (Williams)",1266009.0,2.3423204732351822e-05,Ore processed,1,ore
ON-MAIN-6e9be24e,,Air,Vanadium (and its compounds),Emission,Stack Emissions,tonnes,0.000585,ON-MAIN-6e9be24e,"Au, Open-pit and underground mining and beneficiation at Hemlo (Williams)",1266009.0,4.6208202311357976e-10,Ore processed,1,ore
ON-MAIN-6e9be24e,,Air,Zinc (and its compounds),Emission,Stack Emissions,tonnes,0.00817,ON-MAIN-6e9be24e,"Au, Open-pit and underground mining and beneficiation at Hemlo (Williams)",1266009.0,6.453350647586234e-09,Ore processed,1,ore
QC-MAIN-e7e6a960,,Air,PM10 - Particulate Matter <= 10 Micrometers,Emission,Storage / Handling,tonnes,20.97,QC-MAIN-e7e6a960,"Au and Ag, Open-pit mining and beneficiation at Canadian Malartic",17332900.0,1.2098379382561487e-06,Ore processed,1,ore
QC-MAIN-e7e6a960,,Air,PM2.5 - Particulate Matter <= 2.5 Micrometers,Emission,Storage / Handling,tonnes,3.18,QC-MAIN-e7e6a960,"Au and Ag, Open-pit mining and beneficiation at Canadian Malartic",17332900.0,1.8346612511466633e-07,Ore processed,1,ore
QC-MAIN-e7e6a960,,Air,Total particulate matter,Emission,Storage / Handling,tonnes,44.34,QC-MAIN-e7e6a960,"Au and Ag, Open-pit mining and beneficiation at Canadian Malartic",17332900.0,2.558140876598838e-06,Ore processed,1,ore
QC-MAIN-a97821c0,,Air,PM10 - Particulate Matter <= 10 Micrometers,Emission,Storage / Handling,tonnes,44.3785,QC-MAIN-a97821c0,"Cu and Ni and Co and Pt, Underground mining and beneficiation at Raglan",1500000.0,2.9585666666666667e-05,Ore processed,1,ore
QC-MAIN-a97821c0,,Air,PM2.5 - Particulate Matter <= 2.5 Micrometers,Emission,Storage / Handling,tonnes,15.5816,QC-MAIN-a97821c0,"Cu and Ni and Co and Pt, Underground mining and beneficiation at Raglan",1500000.0,1.0387733333333334e-05,Ore processed,1,ore
QC-MAIN-a97821c0,,Air,Total particulate matter,Emission,Storage / Handling,tonnes,89.756,QC-MAIN-a97821c0,"Cu and Ni and Co and Pt, Underground mining and beneficiation at Raglan",1500000.0,5.983733333333333e-05,Ore processed,1,ore
BC-MAIN-3f490561,,Air,Volatile Organic Compounds (Total),Emission,Storage / Handling,tonnes,16.78,BC-MAIN-3f490561,"Au and Cu, Open-pit mining and beneficiation at Mount Polley",5948239.0,2.82100298928809e-06,Ore processed,1,ore
NL-MAIN-dd723db4,,Air,PM10 - Particulate Matter <= 10 Micrometers,Emission,Storage / Handling,tonnes,8.471,NL-MAIN-dd723db4,,16478000.0,5.140793785653599e-07,Ore processed,1,ore
NL-MAIN-dd723db4,,Air,PM2.5 - Particulate Matter <= 2.5 Micrometers,Emission,Storage / Handling,tonnes,2.662,NL-MAIN-dd723db4,,16478000.0,1.6154873164218959e-07,Ore processed,1,ore
NL-MAIN-dd723db4,,Air,Total particulate matter,Emission,Storage / Handling,tonnes,17.91,NL-MAIN-dd723db4,,16478000.0,1.0869037504551523e-06,Ore processed,1,ore
QC-MAIN-e51eda66,,Air,PM10 - Particulate Matter <= 10 Micrometers,Emission,Storage / Handling,tonnes,15.342,QC-MAIN-e51eda66,"Au and Ag and Cu and Zn, Underground mining and beneficiation at LaRonde",1501500.0,1.0217782217782218e-05,Ore processed,1,ore
QC-MAIN-e51eda66,,Air,PM2.5 - Particulate Matter <= 2.5 Micrometers,Emission,Storage / Handling,tonnes,6.137,QC-MAIN-e51eda66,"Au and Ag and Cu and Zn, Underground mining and beneficiation at LaRonde",1501500.0,4.087246087246087e-06,Ore processed,1,ore
QC-MAIN-e51eda66,,Air,Total particulate matter,Emission,Storage / Handling,tonnes,30.683,QC-MAIN-e51eda66,"Au and Ag and Cu and Zn, Underground mining and beneficiation at LaRonde",1501500.0,2.0434898434898436e-05,Ore processed,1,ore
ON-MAIN-0aadf28f,,Air,PM10 - Particulate Matter <= 10 Micrometers,Emission,Storage / Handling,tonnes,16.22,ON-MAIN-0aadf28f,"Au, Open-pit and underground mining and beneficiation at Rainy River",8764000.0,1.8507530807850295e-06,Ore processed,1,ore
ON-MAIN-0aadf28f,,Air,PM2.5 - Particulate Matter <= 2.5 Micrometers,Emission,Storage / Handling,tonnes,4.584,ON-MAIN-0aadf28f,"Au, Open-pit and underground mining and beneficiation at Rainy River",8764000.0,5.230488361478777e-07,Ore processed,1,ore
ON-MAIN-0aadf28f,,Air,Total particulate matter,Emission,Storage / Handling,tonnes,40.55,ON-MAIN-0aadf28f,"Au, Open-pit and underground mining and beneficiation at Rainy River",8764000.0,4.626882701962574e-06,Ore processed,1,ore
QC-MAIN-dc1a16f9,,Air,Volatile Organic Compounds (Total),Emission,Storage / Handling,tonnes,19.7,QC-MAIN-dc1a16f9,,,,Ore processed,1,ore
YT-MAIN-e05ed9fe,,Air,PM10 - Particulate Matter <= 10 Micrometers,Emission,Storage / Handling,tonnes,9.5383,YT-MAIN-e05ed9fe,,,,Ore processed,1,ore
YT-MAIN-e05ed9fe,,Air,PM2.5 - Particulate Matter <= 2.5 Micrometers,Emission,Storage / Handling,tonnes,1.4307,YT-MAIN-e05ed9fe,,,,Ore processed,1,ore
YT-MAIN-e05ed9fe,,Air,Total particulate matter,Emission,Storage / Handling,tonnes,19.0765,YT-MAIN-e05ed9fe,,,,Ore processed,1,ore
ON-MAIN-1f126a43,,Air,Arsenic (and its compounds),Emission,Fugitive Emissions,kg,0.31,ON-MAIN-1f126a43,"Au, Underground mining and beneficiation at Macassa",441588.0,7.020118300316132e-07,Ore processed,1,ore
ON-MAIN-1f126a43,,Air,Chromium (and its compounds),Emission,Fugitive Emissions,tonnes,0.00234,ON-MAIN-1f126a43,"Au, Underground mining and beneficiation at Macassa",441588.0,5.299057039593467e-09,Ore processed,1,ore
ON-MAIN-1f126a43,,Air,Cobalt (and its compounds),Emission,Fugitive Emissions,kg,0.55,ON-MAIN-1f126a43,"Au, Underground mining and beneficiation at Macassa",441588.0,1.2455048597335074e-06,Ore processed,1,ore
ON-MAIN-1f126a43,,Air,Copper (and its compounds),Emission,Fugitive Emissions,tonnes,0.00157,ON-MAIN-1f126a43,"Au, Underground mining and beneficiation at Macassa",441588.0,3.555350235966557e-09,Ore processed,1,ore
ON-MAIN-1f126a43,,Air,Lead (and its compounds),Emission,Fugitive Emissions,kg,1.31,ON-MAIN-1f126a43,"Au, Underground mining and beneficiation at Macassa",441588.0,2.9665661204561717e-06,Ore processed,1,ore
ON-MAIN-1f126a43,,Air,Manganese (and its compounds),Emission,Fugitive Emissions,tonnes,0.03,ON-MAIN-1f126a43,"Au, Underground mining and beneficiation at Macassa",441588.0,6.793662871273676e-08,Ore processed,1,ore
ON-MAIN-1f126a43,,Air,Nickel (and its compounds),Emission,Fugitive Emissions,tonnes,0.00133,ON-MAIN-1f126a43,"Au, Underground mining and beneficiation at Macassa",441588.0,3.011857206264663e-09,Ore processed,1,ore
ON-MAIN-1f126a43,,Air,Phosphorus (total),Emission,Fugitive Emissions,tonnes,0.047,ON-MAIN-1f126a43,"Au, Underground mining and beneficiation at Macassa",441588.0,1.0643405164995425e-07,Ore processed,1,ore
ON-MAIN-1f126a43,,Air,PM10 - Particulate Matter <= 10 Micrometers,Emission,Fugitive Emissions,tonnes,16.363,ON-MAIN-1f126a43,"Au, Underground mining and beneficiation at Macassa",441588.0,3.705490185421705e-05,Ore processed,1,ore
ON-MAIN-1f126a43,,Air,PM2.5 - Particulate Matter <= 2.5 Micrometers,Emission,Fugitive Emissions,tonnes,2.306,ON-MAIN-1f126a43,"Au, Underground mining and beneficiation at Macassa",441588.0,5.222062193719033e-06,Ore processed,1,ore
ON-MAIN-1f126a43,,Air,Selenium (and its compounds),Emission,Fugitive Emissions,kg,0.01689,ON-MAIN-1f126a43,"Au, Underground mining and beneficiation at Macassa",441588.0,3.824832196527079e-08,Ore processed,1,ore
ON-MAIN-1f126a43,,Air,Thallium (and its compounds),Emission,Fugitive Emissions,kg,0.029,ON-MAIN-1f126a43,"Au, Underground mining and beneficiation at Macassa",441588.0,6.56720744223122e-08,Ore processed,1,ore
ON-MAIN-1f126a43,,Air,Total particulate matter,Emission,Fugitive Emissions,tonnes,34.147,ON-MAIN-1f126a43,"Au, Underground mining and beneficiation at Macassa",441588.0,7.73277353551274e-05,Ore processed,1,ore
ON-MAIN-1f126a43,,Air,Vanadium (and its compounds),Emission,Fugitive Emissions,tonnes,0.00436,ON-MAIN-1f126a43,"Au, Underground mining and beneficiation at Macassa",441588.0,9.873456706251077e-09,Ore processed,1,ore
ON-MAIN-1f126a43,,Air,Zinc (and its compounds),Emission,Fugitive Emissions,tonnes,0.00225,ON-MAIN-1f126a43,"Au, Underground mining and beneficiation at Macassa",441588.0,5.095247153455256e-09,Ore processed,1,ore
QC-MAIN-e7e6a960,,Air,Arsenic (and its compounds),Emission,Fugitive Emissions,kg,4.54,QC-MAIN-e7e6a960,"Au and Ag, Open-pit mining and beneficiation at Canadian Malartic",17332900.0,2.6192962516370604e-07,Ore processed,1,ore
QC-MAIN-e7e6a960,,Air,Cadmium (and its compounds),Emission,Fugitive Emissions,kg,0.156,QC-MAIN-e7e6a960,"Au and Ag, Open-pit mining and beneficiation at Canadian Malartic",17332900.0,9.000225005625141e-09,Ore processed,1,ore
QC-MAIN-e7e6a960,,Air,Carbon monoxide,Emission,Fugitive Emissions,tonnes,619.2,QC-MAIN-e7e6a960,"Au and Ag, Open-pit mining and beneficiation at Canadian Malartic",17332900.0,3.572397002232749e-05,Ore processed,1,ore
QC-MAIN-e7e6a960,,Air,Chromium (and its compounds),Emission,Fugitive Emissions,tonnes,1.1211,QC-MAIN-e7e6a960,"Au and Ag, Open-pit mining and beneficiation at Canadian Malartic",17332900.0,6.468046316542529e-08,Ore processed,1,ore
QC-MAIN-e7e6a960,,Air,Cobalt (and its compounds),Emission,Fugitive Emissions,kg,63.845,QC-MAIN-e7e6a960,"Au and Ag, Open-pit mining and beneficiation at Canadian Malartic",17332900.0,3.6834574710521607e-06,Ore processed,1,ore
QC-MAIN-e7e6a960,,Air,Copper (and its compounds),Emission,Fugitive Emissions,tonnes,0.146,QC-MAIN-e7e6a960,"Au and Ag, Open-pit mining and beneficiation at Canadian Malartic",17332900.0,8.423287505264554e-09,Ore processed,1,ore
QC-MAIN-e7e6a960,,Air,Ethylene glycol,Emission,Fugitive Emissions,tonnes,19.05,QC-MAIN-e7e6a960,"Au and Ag, Open-pit mining and beneficiation at Canadian Malartic",17332900.0,1.0990659381869163e-06,Ore processed,1,ore
QC-MAIN-e7e6a960,,Air,Lead (and its compounds),Emission,Fugitive Emissions,kg,11.949,QC-MAIN-e7e6a960,"Au and Ag, Open-pit mining and beneficiation at Canadian Malartic",17332900.0,6.893826191808642e-07,Ore processed,1,ore
QC-MAIN-e7e6a960,,Air,Manganese (and its compounds),Emission,Fugitive Emissions,tonnes,1.138,QC-MAIN-e7e6a960,"Au and Ag, Open-pit mining and beneficiation at Canadian Malartic",17332900.0,6.565548754103468e-08,Ore processed,1,ore
QC-MAIN-e7e6a960,,Air,Mercury (and its compounds),Emission,Fugitive Emissions,tonnes,2.9000000000000004e-05,QC-MAIN-e7e6a960,"Au and Ag, Open-pit mining and beneficiation at Canadian Malartic",17332900.0,1.6731187510456994e-12,Ore processed,1,ore
QC-MAIN-e7e6a960,,Air,Nickel (and its compounds),Emission,Fugitive Emissions,tonnes,0.487,QC-MAIN-e7e6a960,"Au and Ag, Open-pit mining and beneficiation at Canadian Malartic",17332900.0,2.8096856267560533e-08,Ore processed,1,ore
QC-MAIN-e7e6a960,,Air,Nitrogen oxides (expressed as nitrogen dioxide),Emission,Fugitive Emissions,tonnes,145.93,QC-MAIN-e7e6a960,"Au and Ag, Open-pit mining and beneficiation at Canadian Malartic",17332900.0,8.419248942762031e-06,Ore processed,1,ore
QC-MAIN-e7e6a960,,Air,PM10 - Particulate Matter <= 10 Micrometers,Emission,Fugitive Emissions,tonnes,182.17,QC-MAIN-e7e6a960,"Au and Ag, Open-pit mining and beneficiation at Canadian Malartic",17332900.0,1.0510070444068794e-05,Ore processed,1,ore
QC-MAIN-e7e6a960,,Air,PM2.5 - Particulate Matter <= 2.5 Micrometers,Emission,Fugitive Emissions,tonnes,111.11,QC-MAIN-e7e6a960,"Au and Ag, Open-pit mining and beneficiation at Canadian Malartic",17332900.0,6.41035256650647e-06,Ore processed,1,ore
QC-MAIN-e7e6a960,,Air,Selenium (and its compounds),Emission,Fugitive Emissions,kg,0.613,QC-MAIN-e7e6a960,"Au and Ag, Open-pit mining and beneficiation at Canadian Malartic",17332900.0,3.5366268772103916e-08,Ore processed,1,ore
QC-MAIN-e7e6a960,,Air,Thallium (and its compounds),Emission,Fugitive Emissions,kg,9.538,QC-MAIN-e7e6a960,"Au and Ag, Open-pit mining and beneficiation at Canadian Malartic",17332900.0,5.502829878439268e-07,Ore processed,1,ore
QC-MAIN-e7e6a960,,Air,Total particulate matter,Emission,Fugitive Emissions,tonnes,354.76,QC-MAIN-e7e6a960,"Au and Ag, Open-pit mining and beneficiation at Canadian Malartic",17332900.0,2.0467434762792146e-05,Ore processed,1,ore
QC-MAIN-e7e6a960,,Air,Vanadium (and its compounds),Emission,Fugitive Emissions,tonnes,0.173,QC-MAIN-e7e6a960,"Au and Ag, Open-pit mining and beneficiation at Canadian Malartic",17332900.0,9.981018756238137e-09,Ore processed,1,ore
QC-MAIN-e7e6a960,,Air,Volatile Organic Compounds (Total),Emission,Fugitive Emissions,tonnes,27.5,QC-MAIN-e7e6a960,"Au and Ag, Open-pit mining and beneficiation at Canadian Malartic",17332900.0,1.5865781259916112e-06,Ore processed,1,ore
QC-MAIN-e7e6a960,,Air,Zinc (and its compounds),Emission,Fugitive Emissions,tonnes,0.126,QC-MAIN-e7e6a960,"Au and Ag, Open-pit mining and beneficiation at Canadian Malartic",17332900.0,7.2694125045433826e-09,Ore processed,1,ore
NU-MAIN-8b0264c9,,Air,Arsenic (and its compounds),Emission,Fugitive Emissions,kg,10.450041,NU-MAIN-8b0264c9,"Au and Ag, Open-pit and underground mining and beneficiation at Meliadine",1918143.0,5.447998923959267e-06,Ore processed,1,ore
NU-MAIN-8b0264c9,,Air,Cadmium (and its compounds),Emission,Fugitive Emissions,kg,0.004496,NU-MAIN-8b0264c9,"Au and Ag, Open-pit and underground mining and beneficiation at Meliadine",1918143.0,2.343933690032495e-09,Ore processed,1,ore
NU-MAIN-8b0264c9,,Air,Carbon monoxide,Emission,Fugitive Emissions,tonnes,139.139712,NU-MAIN-8b0264c9,"Au and Ag, Open-pit and underground mining and beneficiation at Meliadine",1918143.0,7.253875858056464e-05,Ore processed,1,ore
NU-MAIN-8b0264c9,,Air,Cobalt (and its compounds),Emission,Fugitive Emissions,kg,1.081616,NU-MAIN-8b0264c9,"Au and Ag, Open-pit and underground mining and beneficiation at Meliadine",1918143.0,5.63887051173974e-07,Ore processed,1,ore
NU-MAIN-8b0264c9,,Air,Copper (and its compounds),Emission,Fugitive Emissions,tonnes,0.002539,NU-MAIN-8b0264c9,"Au and Ag, Open-pit and underground mining and beneficiation at Meliadine",1918143.0,1.3236760762883685e-09,Ore processed,1,ore
NU-MAIN-8b0264c9,,Air,Cyanides (ionic),Emission,Fugitive Emissions,tonnes,3.518127,NU-MAIN-8b0264c9,"Au and Ag, Open-pit and underground mining and beneficiation at Meliadine",1918143.0,1.8341317618133787e-06,Ore processed,1,ore
NU-MAIN-8b0264c9,,Air,Hydrogen sulphide,Emission,Fugitive Emissions,tonnes,69.569856,NU-MAIN-8b0264c9,"Au and Ag, Open-pit and underground mining and beneficiation at Meliadine",1918143.0,3.626937929028232e-05,Ore processed,1,ore
NU-MAIN-8b0264c9,,Air,Lead (and its compounds),Emission,Fugitive Emissions,kg,0.57485,NU-MAIN-8b0264c9,"Au and Ag, Open-pit and underground mining and beneficiation at Meliadine",1918143.0,2.996908989580026e-07,Ore processed,1,ore
NU-MAIN-8b0264c9,,Air,Manganese (and its compounds),Emission,Fugitive Emissions,tonnes,0.036073,NU-MAIN-8b0264c9,"Au and Ag, Open-pit and underground mining and beneficiation at Meliadine",1918143.0,1.8806209964533408e-08,Ore processed,1,ore
NU-MAIN-8b0264c9,,Air,Nickel (and its compounds),Emission,Fugitive Emissions,tonnes,0.002941,NU-MAIN-8b0264c9,"Au and Ag, Open-pit and underground mining and beneficiation at Meliadine",1918143.0,1.5332537772209893e-09,Ore processed,1,ore
NU-MAIN-8b0264c9,,Air,Phosphorus (total),Emission,Fugitive Emissions,tonnes,0.014506,NU-MAIN-8b0264c9,"Au and Ag, Open-pit and underground mining and beneficiation at Meliadine",1918143.0,7.562522710767655e-09,Ore processed,1,ore
NU-MAIN-8b0264c9,,Air,PM10 - Particulate Matter <= 10 Micrometers,Emission,Fugitive Emissions,tonnes,77.010091,NU-MAIN-8b0264c9,"Au and Ag, Open-pit and underground mining and beneficiation at Meliadine",1918143.0,4.014825328455699e-05,Ore processed,1,ore
NU-MAIN-8b0264c9,,Air,PM2.5 - Particulate Matter <= 2.5 Micrometers,Emission,Fugitive Emissions,tonnes,19.829679,NU-MAIN-8b0264c9,"Au and Ag, Open-pit and underground mining and beneficiation at Meliadine",1918143.0,1.0337956554855398e-05,Ore processed,1,ore
NU-MAIN-8b0264c9,,Air,Selenium (and its compounds),Emission,Fugitive Emissions,kg,0.011622,NU-MAIN-8b0264c9,"Au and Ag, Open-pit and underground mining and beneficiation at Meliadine",1918143.0,6.058985174723678e-09,Ore processed,1,ore
NU-MAIN-8b0264c9,,Air,Thallium (and its compounds),Emission,Fugitive Emissions,kg,0.010684,NU-MAIN-8b0264c9,"Au and Ag, Open-pit and underground mining and beneficiation at Meliadine",1918143.0,5.56997053921423e-09,Ore processed,1,ore
NU-MAIN-8b0264c9,,Air,Total particulate matter,Emission,Fugitive Emissions,tonnes,211.275012,NU-MAIN-8b0264c9,"Au and Ag, Open-pit and underground mining and beneficiation at Meliadine",1918143.0,0.00011014560019769121,Ore processed,1,ore
NU-MAIN-8b0264c9,,Air,Total reduced sulphur (expressed as hydrogen sulphide),Emission,Fugitive Emissions,tonnes,69.569856,NU-MAIN-8b0264c9,"Au and Ag, Open-pit and underground mining and beneficiation at Meliadine",1918143.0,3.626937929028232e-05,Ore processed,1,ore
NU-MAIN-8b0264c9,,Air,Vanadium (and its compounds),Emission,Fugitive Emissions,tonnes,0.004866,NU-MAIN-8b0264c9,"Au and Ag, Open-pit and underground mining and beneficiation at Meliadine",1918143.0,2.5368285889008275e-09,Ore processed,1,ore
NU-MAIN-8b0264c9,,Air,Zinc (and its compounds),Emission,Fugitive Emissions,tonnes,0.002843,NU-MAIN-8b0264c9,"Au and Ag, Open-pit and underground mining and beneficiation at Meliadine",1918143.0,1.4821626958991065e-09,Ore processed,1,ore
ON-MAIN-7607a50e,,Air,Antimony (and its compounds),Emission,Fugitive Emissions,tonnes,0.000162,ON-MAIN-7607a50e,"Au, Underground mining and beneficiation at Young-Davidson",2878047.0,5.628817041556306e-11,Ore processed,1,ore
ON-MAIN-687b8c8d,,Air,Arsenic (and its compounds),Emission,Fugitive Emissions,kg,0.1979,ON-MAIN-687b8c8d,"Au, Underground mining and beneficiation at Island",439008.0,4.507890516801516e-07,Ore processed,1,ore
ON-MAIN-7607a50e,,Air,Arsenic (and its compounds),Emission,Fugitive Emissions,kg,0.429262,ON-MAIN-7607a50e,"Au, Underground mining and beneficiation at Young-Davidson",2878047.0,1.4915044820324338e-07,Ore processed,1,ore
ON-MAIN-687b8c8d,,Air,Cadmium (and its compounds),Emission,Fugitive Emissions,kg,0.0003,ON-MAIN-687b8c8d,"Au, Underground mining and beneficiation at Island",439008.0,6.833588453968947e-10,Ore processed,1,ore
ON-MAIN-7607a50e,,Air,Cadmium (and its compounds),Emission,Fugitive Emissions,kg,0.039515,ON-MAIN-7607a50e,"Au, Underground mining and beneficiation at Young-Davidson",2878047.0,1.3729796629450458e-08,Ore processed,1,ore
ON-MAIN-687b8c8d,,Air,Carbon monoxide,Emission,Fugitive Emissions,tonnes,225.7542,ON-MAIN-687b8c8d,"Au, Underground mining and beneficiation at Island",439008.0,0.0005142370981849989,Ore processed,1,ore
ON-MAIN-687b8c8d,,Air,Chromium (and its compounds),Emission,Fugitive Emissions,tonnes,0.0004,ON-MAIN-687b8c8d,"Au, Underground mining and beneficiation at Island",439008.0,9.111451271958598e-10,Ore processed,1,ore
ON-MAIN-7607a50e,,Air,Chromium (and its compounds),Emission,Fugitive Emissions,tonnes,0.014797,ON-MAIN-7607a50e,"Au, Underground mining and beneficiation at Young-Davidson",2878047.0,5.1413336891301635e-09,Ore processed,1,ore
ON-MAIN-687b8c8d,,Air,Cobalt (and its compounds),Emission,Fugitive Emissions,kg,0.0866,ON-MAIN-687b8c8d,"Au, Underground mining and beneficiation at Island",439008.0,1.9726292003790362e-07,Ore processed,1,ore
ON-MAIN-7607a50e,,Air,Cobalt (and its compounds),Emission,Fugitive Emissions,kg,2.149523,ON-MAIN-7607a50e,"Au, Underground mining and beneficiation at Young-Davidson",2878047.0,7.468686230627921e-07,Ore processed,1,ore
ON-MAIN-687b8c8d,,Air,Copper (and its compounds),Emission,Fugitive Emissions,tonnes,0.0003,ON-MAIN-687b8c8d,"Au, Underground mining and beneficiation at Island",439008.0,6.833588453968947e-10,Ore processed,1,ore
ON-MAIN-7607a50e,,Air,Copper (and its compounds),Emission,Fugitive Emissions,tonnes,0.03209,ON-MAIN-7607a50e,"Au, Underground mining and beneficiation at Young-Davidson",2878047.0,1.1149922152070484e-08,Ore processed,1,ore
ON-MAIN-687b8c8d,,Air,Lead (and its compounds),Emission,Fugitive Emissions,kg,0.0216,ON-MAIN-687b8c8d,"Au, Underground mining and beneficiation at Island",439008.0,4.920183686857643e-08,Ore processed,1,ore
ON-MAIN-7607a50e,,Air,Lead (and its compounds),Emission,Fugitive Emissions,kg,6.876554,ON-MAIN-7607a50e,"Au, Underground mining and beneficiation at Young-Davidson",2878047.0,2.3893126137272947e-06,Ore processed,1,ore
ON-MAIN-687b8c8d,,Air,Manganese (and its compounds),Emission,Fugitive Emissions,tonnes,0.0033,ON-MAIN-687b8c8d,"Au, Underground mining and beneficiation at Island",439008.0,7.516947299365842e-09,Ore processed,1,ore
ON-MAIN-7607a50e,,Air,Manganese (and its compounds),Emission,Fugitive Emissions,tonnes,0.157311,ON-MAIN-7607a50e,"Au, Underground mining and beneficiation at Young-Davidson",2878047.0,5.465894059409037e-08,Ore processed,1,ore
ON-MAIN-687b8c8d,,Air,Mercury (and its compounds),Emission,Fugitive Emissions,tonnes,4.9e-06,ON-MAIN-687b8c8d,"Au, Underground mining and beneficiation at Island",439008.0,1.1161527808149282e-11,Ore processed,1,ore
ON-MAIN-7607a50e,,Air,Mercury (and its compounds),Emission,Fugitive Emissions,tonnes,1.18e-07,ON-MAIN-7607a50e,"Au, Underground mining and beneficiation at Young-Davidson",2878047.0,4.100002536442247e-14,Ore processed,1,ore
ON-MAIN-687b8c8d,,Air,Nickel (and its compounds),Emission,Fugitive Emissions,tonnes,0.0002,ON-MAIN-687b8c8d,"Au, Underground mining and beneficiation at Island",439008.0,4.555725635979299e-10,Ore processed,1,ore
ON-MAIN-7607a50e,,Air,Nickel (and its compounds),Emission,Fugitive Emissions,tonnes,0.005837,ON-MAIN-7607a50e,"Au, Underground mining and beneficiation at Young-Davidson",2878047.0,2.028111424170627e-09,Ore processed,1,ore
ON-MAIN-7607a50e,,Air,Phosphorus (total),Emission,Fugitive Emissions,tonnes,0.203862,ON-MAIN-7607a50e,"Au, Underground mining and beneficiation at Young-Davidson",2878047.0,7.083345060035502e-08,Ore processed,1,ore
ON-MAIN-687b8c8d,,Air,PM10 - Particulate Matter <= 10 Micrometers,Emission,Fugitive Emissions,tonnes,25.8298,ON-MAIN-687b8c8d,"Au, Underground mining and beneficiation at Island",439008.0,5.8836741016109046e-05,Ore processed,1,ore
ON-MAIN-7607a50e,,Air,PM10 - Particulate Matter <= 10 Micrometers,Emission,Fugitive Emissions,tonnes,17.132195,ON-MAIN-7607a50e,"Au, Underground mining and beneficiation at Young-Davidson",2878047.0,5.952715504646032e-06,Ore processed,1,ore
ON-MAIN-687b8c8d,,Air,PM2.5 - Particulate Matter <= 2.5 Micrometers,Emission,Fugitive Emissions,tonnes,23.2921,ON-MAIN-687b8c8d,"Au, Underground mining and beneficiation at Island",439008.0,5.305620854289672e-05,Ore processed,1,ore
ON-MAIN-7607a50e,,Air,PM2.5 - Particulate Matter <= 2.5 Micrometers,Emission,Fugitive Emissions,tonnes,1.370978,ON-MAIN-7607a50e,"Au, Underground mining and beneficiation at Young-Davidson",2878047.0,4.7635705740733214e-07,Ore processed,1,ore
ON-MAIN-687b8c8d,,Air,Selenium (and its compounds),Emission,Fugitive Emissions,kg,0.0026,ON-MAIN-687b8c8d,"Au, Underground mining and beneficiation at Island",439008.0,5.9224433267730884e-09,Ore processed,1,ore
ON-MAIN-7607a50e,,Air,Selenium (and its compounds),Emission,Fugitive Emissions,kg,0.107657,ON-MAIN-7607a50e,"Au, Underground mining and beneficiation at Young-Davidson",2878047.0,3.740626890387822e-08,Ore processed,1,ore
ON-MAIN-7607a50e,,Air,Silver (and its compounds),Emission,Fugitive Emissions,tonnes,0.000133,ON-MAIN-7607a50e,"Au, Underground mining and beneficiation at Young-Davidson",2878047.0,4.621189299549313e-11,Ore processed,1,ore
ON-MAIN-7607a50e,,Air,Thallium (and its compounds),Emission,Fugitive Emissions,kg,0.134719,ON-MAIN-7607a50e,"Au, Underground mining and beneficiation at Young-Davidson",2878047.0,4.680917302601382e-08,Ore processed,1,ore
ON-MAIN-687b8c8d,,Air,Total particulate matter,Emission,Fugitive Emissions,tonnes,42.1782,ON-MAIN-687b8c8d,"Au, Underground mining and beneficiation at Island",439008.0,9.607615350973103e-05,Ore processed,1,ore
ON-MAIN-7607a50e,,Air,Total particulate matter,Emission,Fugitive Emissions,tonnes,153.795999,ON-MAIN-7607a50e,"Au, Underground mining and beneficiation at Young-Davidson",2878047.0,5.343762593175163e-05,Ore processed,1,ore
ON-MAIN-7607a50e,,Air,Vanadium (and its compounds),Emission,Fugitive Emissions,tonnes,0.013265,ON-MAIN-7607a50e,"Au, Underground mining and beneficiation at Young-Davidson",2878047.0,4.609028275076815e-09,Ore processed,1,ore
ON-MAIN-7607a50e,,Air,Volatile Organic Compounds (Total),Emission,Fugitive Emissions,tonnes,0.446133,ON-MAIN-7607a50e,"Au, Underground mining and beneficiation at Young-Davidson",2878047.0,1.5501240945682958e-07,Ore processed,1,ore
ON-MAIN-687b8c8d,,Air,Zinc (and its compounds),Emission,Fugitive Emissions,tonnes,0.0003,ON-MAIN-687b8c8d,"Au, Underground mining and beneficiation at Island",439008.0,6.833588453968947e-10,Ore processed,1,ore
ON-MAIN-7607a50e,,Air,Zinc (and its compounds),Emission,Fugitive Emissions,tonnes,0.009048,ON-MAIN-7607a50e,"Au, Underground mining and beneficiation at Young-Davidson",2878047.0,3.1437985550618182e-09,Ore processed,1,ore
SK-MAIN-91cf5448,,Air,PM10 - Particulate Matter <= 10 Micrometers,Emission,Fugitive Emissions,tonnes,6.419,SK-MAIN-91cf5448,"U, Underground mining at Cigar Lake",43726.856187782,0.00014679765616887805,Ore processed,1,ore
SK-MAIN-91cf5448,,Air,PM2.5 - Particulate Matter <= 2.5 Micrometers,Emission,Fugitive Emissions,tonnes,1.956,SK-MAIN-91cf5448,"U, Underground mining at Cigar Lake",43726.856187782,4.473223484441898e-05,Ore processed,1,ore
SK-MAIN-91cf5448,,Air,Total particulate matter,Emission,Fugitive Emissions,tonnes,18.239,SK-MAIN-91cf5448,"U, Underground mining at Cigar Lake",43726.856187782,0.00041711208145570446,Ore processed,1,ore
BC-MAIN-ed23117f,,Air,Antimony (and its compounds),Emission,Fugitive Emissions,tonnes,0.019,BC-MAIN-ed23117f,"Au and Cu, Open-pit mining and beneficiation at Mount Milligan",21680000.0,8.763837638376383e-10,Ore processed,1,ore
BC-MAIN-ed23117f,,Air,Arsenic (and its compounds),Emission,Fugitive Emissions,kg,70.251,BC-MAIN-ed23117f,"Au and Cu, Open-pit mining and beneficiation at Mount Milligan",21680000.0,3.2403597785977862e-06,Ore processed,1,ore
BC-MAIN-ed23117f,,Air,Cadmium (and its compounds),Emission,Fugitive Emissions,kg,1.972,BC-MAIN-ed23117f,"Au and Cu, Open-pit mining and beneficiation at Mount Milligan",21680000.0,9.095940959409594e-08,Ore processed,1,ore
BC-MAIN-ed23117f,,Air,Carbon monoxide,Emission,Fugitive Emissions,tonnes,150.427,BC-MAIN-ed23117f,"Au and Cu, Open-pit mining and beneficiation at Mount Milligan",21680000.0,6.938514760147601e-06,Ore processed,1,ore
BC-MAIN-ed23117f,,Air,Chromium (and its compounds),Emission,Fugitive Emissions,tonnes,1.272,BC-MAIN-ed23117f,"Au and Cu, Open-pit mining and beneficiation at Mount Milligan",21680000.0,5.867158671586716e-08,Ore processed,1,ore
BC-MAIN-ed23117f,,Air,Cobalt (and its compounds),Emission,Fugitive Emissions,kg,153.855,BC-MAIN-ed23117f,"Au and Cu, Open-pit mining and beneficiation at Mount Milligan",21680000.0,7.0966328413284124e-06,Ore processed,1,ore
BC-MAIN-ed23117f,,Air,Copper (and its compounds),Emission,Fugitive Emissions,tonnes,13.701,BC-MAIN-ed23117f,"Au and Cu, Open-pit mining and beneficiation at Mount Milligan",21680000.0,6.319649446494466e-07,Ore processed,1,ore
BC-MAIN-ed23117f,,Air,Lead (and its compounds),Emission,Fugitive Emissions,kg,49.872,BC-MAIN-ed23117f,"Au and Cu, Open-pit mining and beneficiation at Mount Milligan",21680000.0,2.300369003690037e-06,Ore processed,1,ore
BC-MAIN-ed23117f,,Air,Manganese (and its compounds),Emission,Fugitive Emissions,tonnes,4.883,BC-MAIN-ed23117f,"Au and Cu, Open-pit mining and beneficiation at Mount Milligan",21680000.0,2.2523062730627307e-07,Ore processed,1,ore
BC-MAIN-ed23117f,,Air,Mercury (and its compounds),Emission,Fugitive Emissions,tonnes,0.002637,BC-MAIN-ed23117f,"Au and Cu, Open-pit mining and beneficiation at Mount Milligan",21680000.0,1.2163284132841327e-10,Ore processed,1,ore
BC-MAIN-ed23117f,,Air,Nickel (and its compounds),Emission,Fugitive Emissions,tonnes,0.231,BC-MAIN-ed23117f,"Au and Cu, Open-pit mining and beneficiation at Mount Milligan",21680000.0,1.0654981549815499e-08,Ore processed,1,ore
BC-MAIN-ed23117f,,Air,Nitrogen oxides (expressed as nitrogen dioxide),Emission,Fugitive Emissions,tonnes,60.999,BC-MAIN-ed23117f,"Au and Cu, Open-pit mining and beneficiation at Mount Milligan",21680000.0,2.8136070110701108e-06,Ore processed,1,ore
BC-MAIN-ed23117f,,Air,Phosphorus (total),Emission,Fugitive Emissions,tonnes,11.186,BC-MAIN-ed23117f,"Au and Cu, Open-pit mining and beneficiation at Mount Milligan",21680000.0,5.159594095940959e-07,Ore processed,1,ore
BC-MAIN-ed23117f,,Air,PM10 - Particulate Matter <= 10 Micrometers,Emission,Fugitive Emissions,tonnes,1964.406,BC-MAIN-ed23117f,"Au and Cu, Open-pit mining and beneficiation at Mount Milligan",21680000.0,9.06091328413284e-05,Ore processed,1,ore
BC-MAIN-ed23117f,,Air,PM2.5 - Particulate Matter <= 2.5 Micrometers,Emission,Fugitive Emissions,tonnes,0.743,BC-MAIN-ed23117f,"Au and Cu, Open-pit mining and beneficiation at Mount Milligan",21680000.0,3.427121771217712e-08,Ore processed,1,ore
BC-MAIN-ed23117f,,Air,Selenium (and its compounds),Emission,Fugitive Emissions,kg,31.646,BC-MAIN-ed23117f,"Au and Cu, Open-pit mining and beneficiation at Mount Milligan",21680000.0,1.4596863468634688e-06,Ore processed,1,ore
BC-MAIN-ed23117f,,Air,Thallium (and its compounds),Emission,Fugitive Emissions,kg,7.243,BC-MAIN-ed23117f,"Au and Cu, Open-pit mining and beneficiation at Mount Milligan",21680000.0,3.340867158671587e-07,Ore processed,1,ore
BC-MAIN-ed23117f,,Air,Total particulate matter,Emission,Fugitive Emissions,tonnes,9451.033,BC-MAIN-ed23117f,"Au and Cu, Open-pit mining and beneficiation at Mount Milligan",21680000.0,0.00043593325645756455,Ore processed,1,ore
BC-MAIN-ed23117f,,Air,Vanadium (and its compounds),Emission,Fugitive Emissions,tonnes,0.938,BC-MAIN-ed23117f,"Au and Cu, Open-pit mining and beneficiation at Mount Milligan",21680000.0,4.326568265682657e-08,Ore processed,1,ore
BC-MAIN-ed23117f,,Air,Zinc (and its compounds),Emission,Fugitive Emissions,tonnes,0.372,BC-MAIN-ed23117f,"Au and Cu, Open-pit mining and beneficiation at Mount Milligan",21680000.0,1.7158671586715866e-08,Ore processed,1,ore
BC-MAIN-599152a0,,Air,Arsenic (and its compounds),Emission,Fugitive Emissions,kg,24.0936,BC-MAIN-599152a0,"Au and Ag and Cu, Open-pit mining and beneficiation at Copper Mountain",6862152.0,3.5110851522962473e-06,Ore processed,1,ore
BC-MAIN-599152a0,,Air,Cadmium (and its compounds),Emission,Fugitive Emissions,kg,0.4708,BC-MAIN-599152a0,"Au and Ag and Cu, Open-pit mining and beneficiation at Copper Mountain",6862152.0,6.860821503225228e-08,Ore processed,1,ore
BC-MAIN-599152a0,,Air,Carbon monoxide,Emission,Fugitive Emissions,tonnes,225.2297,BC-MAIN-599152a0,"Au and Ag and Cu, Open-pit mining and beneficiation at Copper Mountain",6862152.0,3.282202143001205e-05,Ore processed,1,ore
BC-MAIN-599152a0,,Air,Cobalt (and its compounds),Emission,Fugitive Emissions,kg,67.8099,BC-MAIN-599152a0,"Au and Ag and Cu, Open-pit mining and beneficiation at Copper Mountain",6862152.0,9.881725149778087e-06,Ore processed,1,ore
BC-MAIN-599152a0,,Air,Copper (and its compounds),Emission,Fugitive Emissions,tonnes,3.5793,BC-MAIN-599152a0,"Au and Ag and Cu, Open-pit mining and beneficiation at Copper Mountain",6862152.0,5.216002210385314e-07,Ore processed,1,ore
BC-MAIN-599152a0,,Air,Lead (and its compounds),Emission,Fugitive Emissions,kg,18.4635,BC-MAIN-599152a0,"Au and Ag and Cu, Open-pit mining and beneficiation at Copper Mountain",6862152.0,2.6906282460662484e-06,Ore processed,1,ore
BC-MAIN-599152a0,,Air,Manganese (and its compounds),Emission,Fugitive Emissions,tonnes,2.0803,BC-MAIN-599152a0,"Au and Ag and Cu, Open-pit mining and beneficiation at Copper Mountain",6862152.0,3.0315562814697196e-07,Ore processed,1,ore
BC-MAIN-599152a0,,Air,Mercury (and its compounds),Emission,Fugitive Emissions,tonnes,0.0001652,BC-MAIN-599152a0,"Au and Ag and Cu, Open-pit mining and beneficiation at Copper Mountain",6862152.0,2.407408055082429e-11,Ore processed,1,ore
BC-MAIN-599152a0,,Air,Nitrogen oxides (expressed as nitrogen dioxide),Emission,Fugitive Emissions,tonnes,47.6999,BC-MAIN-599152a0,"Au and Ag and Cu, Open-pit mining and beneficiation at Copper Mountain",6862152.0,6.951157596042758e-06,Ore processed,1,ore
BC-MAIN-599152a0,,Air,Phosphorus (total),Emission,Fugitive Emissions,tonnes,5.2515,BC-MAIN-599152a0,"Au and Ag and Cu, Open-pit mining and beneficiation at Copper Mountain",6862152.0,7.652847095196959e-07,Ore processed,1,ore
BC-MAIN-599152a0,,Air,PM10 - Particulate Matter <= 10 Micrometers,Emission,Fugitive Emissions,tonnes,1118.9568,BC-MAIN-599152a0,"Au and Ag and Cu, Open-pit mining and beneficiation at Copper Mountain",6862152.0,0.00016306208314826017,Ore processed,1,ore
BC-MAIN-599152a0,,Air,PM2.5 - Particulate Matter <= 2.5 Micrometers,Emission,Fugitive Emissions,tonnes,390.4457,BC-MAIN-599152a0,"Au and Ag and Cu, Open-pit mining and beneficiation at Copper Mountain",6862152.0,5.6898433610913895e-05,Ore processed,1,ore
BC-MAIN-599152a0,,Air,Selenium (and its compounds),Emission,Fugitive Emissions,kg,4.1532,BC-MAIN-599152a0,"Au and Ag and Cu, Open-pit mining and beneficiation at Copper Mountain",6862152.0,6.052328773830717e-07,Ore processed,1,ore
BC-MAIN-599152a0,,Air,Thallium (and its compounds),Emission,Fugitive Emissions,kg,0.217,BC-MAIN-599152a0,"Au and Ag and Cu, Open-pit mining and beneficiation at Copper Mountain",6862152.0,3.162273292693021e-08,Ore processed,1,ore
BC-MAIN-599152a0,,Air,Total particulate matter,Emission,Fugitive Emissions,tonnes,3955.7019,BC-MAIN-599152a0,"Au and Ag and Cu, Open-pit mining and beneficiation at Copper Mountain",6862152.0,0.0005764520954942415,Ore processed,1,ore
ON-MAIN-7f050560,,Air,Arsenic (and its compounds),Emission,Fugitive Emissions,kg,3.4905,ON-MAIN-7f050560,"Au, Underground mining and beneficiation at Red Lake",841000.0,4.150416171224733e-06,Ore processed,1,ore
ON-MAIN-7f050560,,Air,Cadmium (and its compounds),Emission,Fugitive Emissions,kg,0.0008,ON-MAIN-7f050560,"Au, Underground mining and beneficiation at Red Lake",841000.0,9.512485136741975e-10,Ore processed,1,ore
ON-MAIN-7f050560,,Air,Carbon monoxide,Emission,Fugitive Emissions,tonnes,909.1068,ON-MAIN-7f050560,"Au, Underground mining and beneficiation at Red Lake",841000.0,0.0010809831153388823,Ore processed,1,ore
ON-MAIN-7f050560,,Air,Cobalt (and its compounds),Emission,Fugitive Emissions,kg,0.2693,ON-MAIN-7f050560,"Au, Underground mining and beneficiation at Red Lake",841000.0,3.202140309155767e-07,Ore processed,1,ore
ON-MAIN-7f050560,,Air,Lead (and its compounds),Emission,Fugitive Emissions,kg,20.4196,ON-MAIN-7f050560,"Au, Underground mining and beneficiation at Red Lake",841000.0,2.428014268727705e-05,Ore processed,1,ore
ON-MAIN-7f050560,,Air,Mercury (and its compounds),Emission,Fugitive Emissions,tonnes,1.4e-06,ON-MAIN-7f050560,"Au, Underground mining and beneficiation at Red Lake",841000.0,1.6646848989298453e-12,Ore processed,1,ore
ON-MAIN-7f050560,,Air,PM10 - Particulate Matter <= 10 Micrometers,Emission,Fugitive Emissions,tonnes,97.1451,ON-MAIN-7f050560,"Au, Underground mining and beneficiation at Red Lake",841000.0,0.0001155114149821641,Ore processed,1,ore
ON-MAIN-7f050560,,Air,PM2.5 - Particulate Matter <= 2.5 Micrometers,Emission,Fugitive Emissions,tonnes,94.9892,ON-MAIN-7f050560,"Au, Underground mining and beneficiation at Red Lake",841000.0,0.00011294791914387633,Ore processed,1,ore
ON-MAIN-7f050560,,Air,Selenium (and its compounds),Emission,Fugitive Emissions,kg,0.0016,ON-MAIN-7f050560,"Au, Underground mining and beneficiation at Red Lake",841000.0,1.902497027348395e-09,Ore processed,1,ore
ON-MAIN-7f050560,,Air,Thallium (and its compounds),Emission,Fugitive Emissions,kg,0.0018,ON-MAIN-7f050560,"Au, Underground mining and beneficiation at Red Lake",841000.0,2.140309155766944e-09,Ore processed,1,ore
ON-MAIN-7f050560,,Air,Total particulate matter,Emission,Fugitive Emissions,tonnes,150.6113,ON-MAIN-7f050560,"Au, Underground mining and beneficiation at Red Lake",841000.0,0.0001790859690844233,Ore processed,1,ore
ON-MAIN-7001a391,,Air,Antimony (and its compounds),Emission,Fugitive Emissions,tonnes,0.000934,ON-MAIN-7001a391,,317660.0,2.9402505823836807e-09,Ore processed,1,ore
ON-MAIN-7001a391,,Air,Arsenic (and its compounds),Emission,Fugitive Emissions,kg,0.26,ON-MAIN-7001a391,,317660.0,8.184851728262923e-07,Ore processed,1,ore
ON-MAIN-7001a391,,Air,Cadmium (and its compounds),Emission,Fugitive Emissions,kg,0.373,ON-MAIN-7001a391,,317660.0,1.1742114210161808e-06,Ore processed,1,ore
ON-MAIN-7001a391,,Air,Chromium (and its compounds),Emission,Fugitive Emissions,tonnes,0.004934,ON-MAIN-7001a391,,317660.0,1.5532330164326637e-08,Ore processed,1,ore
ON-MAIN-7001a391,,Air,Cobalt (and its compounds),Emission,Fugitive Emissions,kg,2.886,ON-MAIN-7001a391,,317660.0,9.085185418371844e-06,Ore processed,1,ore
ON-MAIN-7001a391,,Air,Copper (and its compounds),Emission,Fugitive Emissions,tonnes,0.212071,ON-MAIN-7001a391,,317660.0,6.676037272555562e-07,Ore processed,1,ore
ON-MAIN-7001a391,,Air,Lead (and its compounds),Emission,Fugitive Emissions,kg,5.767,ON-MAIN-7001a391,,317660.0,1.8154630737266262e-05,Ore processed,1,ore
ON-MAIN-7001a391,,Air,Manganese (and its compounds),Emission,Fugitive Emissions,tonnes,0.028247,ON-MAIN-7001a391,,317660.0,8.892211798778569e-08,Ore processed,1,ore
ON-MAIN-7001a391,,Air,Nickel (and its compounds),Emission,Fugitive Emissions,tonnes,0.053378,ON-MAIN-7001a391,,317660.0,1.680350059812378e-07,Ore processed,1,ore
ON-MAIN-9a34108c,,Air,Nitrogen oxides (expressed as nitrogen dioxide),Emission,Fugitive Emissions,tonnes,0.000595,ON-MAIN-9a34108c,,,,Ore processed,1,ore
ON-MAIN-7001a391,,Air,PM10 - Particulate Matter <= 10 Micrometers,Emission,Fugitive Emissions,tonnes,14.395253,ON-MAIN-7001a391,,317660.0,4.5316542844550775e-05,Ore processed,1,ore
ON-MAIN-9a34108c,,Air,PM10 - Particulate Matter <= 10 Micrometers,Emission,Fugitive Emissions,tonnes,0.979899,ON-MAIN-9a34108c,,,,Ore processed,1,ore
ON-MAIN-7001a391,,Air,PM2.5 - Particulate Matter <= 2.5 Micrometers,Emission,Fugitive Emissions,tonnes,2.447486,ON-MAIN-7001a391,,317660.0,7.70473462192281e-06,Ore processed,1,ore
ON-MAIN-9a34108c,,Air,PM2.5 - Particulate Matter <= 2.5 Micrometers,Emission,Fugitive Emissions,tonnes,0.221386,ON-MAIN-9a34108c,,,,Ore processed,1,ore
ON-MAIN-7001a391,,Air,Selenium (and its compounds),Emission,Fugitive Emissions,kg,5.826,ON-MAIN-7001a391,,317660.0,1.8340363911099918e-05,Ore processed,1,ore
ON-MAIN-7001a391,,Air,Total particulate matter,Emission,Fugitive Emissions,tonnes,30.906242,ON-MAIN-7001a391,,317660.0,9.729346471069697e-05,Ore processed,1,ore
ON-MAIN-7001a391,,Air,Vanadium (and its compounds),Emission,Fugitive Emissions,tonnes,0.004876,ON-MAIN-7001a391,,317660.0,1.5349745010388465e-08,Ore processed,1,ore
ON-MAIN-7001a391,,Air,Zinc (and its compounds),Emission,Fugitive Emissions,tonnes,0.009233,ON-MAIN-7001a391,,317660.0,2.9065667695019832e-08,Ore processed,1,ore
BC-MAIN-6b4800fe,,Air,Arsenic (and its compounds),Emission,Fugitive Emissions,kg,0.012317,BC-MAIN-6b4800fe,"Cu and Mo, Open-pit mining and beneficiation at Gibraltar",30000000.0,4.1056666666666667e-10,Ore processed,1,ore
BC-MAIN-6b4800fe,,Air,Cadmium (and its compounds),Emission,Fugitive Emissions,kg,0.003332,BC-MAIN-6b4800fe,"Cu and Mo, Open-pit mining and beneficiation at Gibraltar",30000000.0,1.1106666666666667e-10,Ore processed,1,ore
BC-MAIN-6b4800fe,,Air,Chromium (and its compounds),Emission,Fugitive Emissions,tonnes,6.2e-05,BC-MAIN-6b4800fe,"Cu and Mo, Open-pit mining and beneficiation at Gibraltar",30000000.0,2.066666666666667e-12,Ore processed,1,ore
BC-MAIN-6b4800fe,,Air,Cobalt (and its compounds),Emission,Fugitive Emissions,kg,0.048699,BC-MAIN-6b4800fe,"Cu and Mo, Open-pit mining and beneficiation at Gibraltar",30000000.0,1.6233e-09,Ore processed,1,ore
BC-MAIN-6b4800fe,,Air,Copper (and its compounds),Emission,Fugitive Emissions,tonnes,0.002529,BC-MAIN-6b4800fe,"Cu and Mo, Open-pit mining and beneficiation at Gibraltar",30000000.0,8.43e-11,Ore processed,1,ore
BC-MAIN-6b4800fe,,Air,Lead (and its compounds),Emission,Fugitive Emissions,kg,0.008769,BC-MAIN-6b4800fe,"Cu and Mo, Open-pit mining and beneficiation at Gibraltar",30000000.0,2.923e-10,Ore processed,1,ore
BC-MAIN-6b4800fe,,Air,Manganese (and its compounds),Emission,Fugitive Emissions,tonnes,0.00488,BC-MAIN-6b4800fe,"Cu and Mo, Open-pit mining and beneficiation at Gibraltar",30000000.0,1.6266666666666665e-10,Ore processed,1,ore
BC-MAIN-6b4800fe,,Air,Nickel (and its compounds),Emission,Fugitive Emissions,tonnes,4.2e-05,BC-MAIN-6b4800fe,"Cu and Mo, Open-pit mining and beneficiation at Gibraltar",30000000.0,1.3999999999999999e-12,Ore processed,1,ore
BC-MAIN-6b4800fe,,Air,PM10 - Particulate Matter <= 10 Micrometers,Emission,Fugitive Emissions,tonnes,218.777483,BC-MAIN-6b4800fe,"Cu and Mo, Open-pit mining and beneficiation at Gibraltar",30000000.0,7.292582766666666e-06,Ore processed,1,ore
BC-MAIN-6b4800fe,,Air,PM2.5 - Particulate Matter <= 2.5 Micrometers,Emission,Fugitive Emissions,tonnes,78.879409,BC-MAIN-6b4800fe,"Cu and Mo, Open-pit mining and beneficiation at Gibraltar",30000000.0,2.629313633333333e-06,Ore processed,1,ore
BC-MAIN-6b4800fe,,Air,Selenium (and its compounds),Emission,Fugitive Emissions,kg,0.055155,BC-MAIN-6b4800fe,"Cu and Mo, Open-pit mining and beneficiation at Gibraltar",30000000.0,1.8385e-09,Ore processed,1,ore
BC-MAIN-6b4800fe,,Air,Total particulate matter,Emission,Fugitive Emissions,tonnes,457.620478,BC-MAIN-6b4800fe,"Cu and Mo, Open-pit mining and beneficiation at Gibraltar",30000000.0,1.5254015933333334e-05,Ore processed,1,ore
BC-MAIN-6b4800fe,,Air,Zinc (and its compounds),Emission,Fugitive Emissions,tonnes,0.000774,BC-MAIN-6b4800fe,"Cu and Mo, Open-pit mining and beneficiation at Gibraltar",30000000.0,2.5799999999999998e-11,Ore processed,1,ore
QC-MAIN-a97821c0,,Air,Carbon monoxide,Emission,Fugitive Emissions,tonnes,67.13164,QC-MAIN-a97821c0,"Cu and Ni and Co and Pt, Underground mining and beneficiation at Raglan",1500000.0,4.475442666666667e-05,Ore processed,1,ore
QC-MAIN-a97821c0,,Air,Chromium (and its compounds),Emission,Fugitive Emissions,tonnes,6e-05,QC-MAIN-a97821c0,"Cu and Ni and Co and Pt, Underground mining and beneficiation at Raglan",1500000.0,4.0000000000000004e-11,Ore processed,1,ore
QC-MAIN-a97821c0,,Air,Cobalt (and its compounds),Emission,Fugitive Emissions,kg,0.0014,QC-MAIN-a97821c0,"Cu and Ni and Co and Pt, Underground mining and beneficiation at Raglan",1500000.0,9.333333333333334e-10,Ore processed,1,ore
QC-MAIN-a97821c0,,Air,i-Butyl alcohol,Emission,Fugitive Emissions,tonnes,15.4625,QC-MAIN-a97821c0,"Cu and Ni and Co and Pt, Underground mining and beneficiation at Raglan",1500000.0,1.0308333333333334e-05,Ore processed,1,ore
QC-MAIN-a97821c0,,Air,Manganese (and its compounds),Emission,Fugitive Emissions,tonnes,0.0026,QC-MAIN-a97821c0,"Cu and Ni and Co and Pt, Underground mining and beneficiation at Raglan",1500000.0,1.7333333333333333e-09,Ore processed,1,ore
QC-MAIN-a97821c0,,Air,Nickel (and its compounds),Emission,Fugitive Emissions,tonnes,0.000141,QC-MAIN-a97821c0,"Cu and Ni and Co and Pt, Underground mining and beneficiation at Raglan",1500000.0,9.400000000000001e-11,Ore processed,1,ore
QC-MAIN-a97821c0,,Air,Nitrogen oxides (expressed as nitrogen dioxide),Emission,Fugitive Emissions,tonnes,12.969392,QC-MAIN-a97821c0,"Cu and Ni and Co and Pt, Underground mining and beneficiation at Raglan",1500000.0,8.646261333333332e-06,Ore processed,1,ore
QC-MAIN-a97821c0,,Air,PM10 - Particulate Matter <= 10 Micrometers,Emission,Fugitive Emissions,tonnes,0.8816,QC-MAIN-a97821c0,"Cu and Ni and Co and Pt, Underground mining and beneficiation at Raglan",1500000.0,5.877333333333334e-07,Ore processed,1,ore
QC-MAIN-a97821c0,,Air,PM2.5 - Particulate Matter <= 2.5 Micrometers,Emission,Fugitive Emissions,tonnes,0.5593,QC-MAIN-a97821c0,"Cu and Ni and Co and Pt, Underground mining and beneficiation at Raglan",1500000.0,3.7286666666666666e-07,Ore processed,1,ore
QC-MAIN-a97821c0,,Air,Total particulate matter,Emission,Fugitive Emissions,tonnes,1.8213,QC-MAIN-a97821c0,"Cu and Ni and Co and Pt, Underground mining and beneficiation at Raglan",1500000.0,1.2142e-06,Ore processed,1,ore
QC-MAIN-a97821c0,,Air,Volatile Organic Compounds (Total),Emission,Fugitive Emissions,tonnes,0.2459,QC-MAIN-a97821c0,"Cu and Ni and Co and Pt, Underground mining and beneficiation at Raglan",1500000.0,1.6393333333333333e-07,Ore processed,1,ore
ON-MAIN-f8313ebd,,Air,Carbon monoxide,Emission,Fugitive Emissions,tonnes,0.027,ON-MAIN-f8313ebd,"Ag and Cu and Zn, Underground mining and beneficiation at Kidd Creek",1340000.0,2.0149253731343283e-08,Ore processed,1,ore
ON-MAIN-f8313ebd,,Air,Copper (and its compounds),Emission,Fugitive Emissions,tonnes,0.035,ON-MAIN-f8313ebd,"Ag and Cu and Zn, Underground mining and beneficiation at Kidd Creek",1340000.0,2.611940298507463e-08,Ore processed,1,ore
ON-MAIN-f8313ebd,,Air,Lead (and its compounds),Emission,Fugitive Emissions,kg,1.594,ON-MAIN-f8313ebd,"Ag and Cu and Zn, Underground mining and beneficiation at Kidd Creek",1340000.0,1.1895522388059702e-06,Ore processed,1,ore
ON-MAIN-f8313ebd,,Air,PM10 - Particulate Matter <= 10 Micrometers,Emission,Fugitive Emissions,tonnes,0.652,ON-MAIN-f8313ebd,"Ag and Cu and Zn, Underground mining and beneficiation at Kidd Creek",1340000.0,4.865671641791045e-07,Ore processed,1,ore
ON-MAIN-f8313ebd,,Air,PM2.5 - Particulate Matter <= 2.5 Micrometers,Emission,Fugitive Emissions,tonnes,0.034,ON-MAIN-f8313ebd,"Ag and Cu and Zn, Underground mining and beneficiation at Kidd Creek",1340000.0,2.537313432835821e-08,Ore processed,1,ore
ON-MAIN-f8313ebd,,Air,Total particulate matter,Emission,Fugitive Emissions,tonnes,1.518,ON-MAIN-f8313ebd,"Ag and Cu and Zn, Underground mining and beneficiation at Kidd Creek",1340000.0,1.1328358208955223e-06,Ore processed,1,ore
ON-MAIN-f8313ebd,,Air,Zinc (and its compounds),Emission,Fugitive Emissions,tonnes,0.08,ON-MAIN-f8313ebd,"Ag and Cu and Zn, Underground mining and beneficiation at Kidd Creek",1340000.0,5.970149253731343e-08,Ore processed,1,ore
ON-MAIN-3b3e5365,,Air,Arsenic (and its compounds),Emission,Fugitive Emissions,kg,21.148381,ON-MAIN-3b3e5365,,,,Ore processed,1,ore
ON-MAIN-fefeaee4,,Air,Arsenic (and its compounds),Emission,Fugitive Emissions,kg,3.918,ON-MAIN-fefeaee4,"Au, Underground mining and beneficiation at Musselwhite",1028000.0,3.811284046692607e-06,Ore processed,1,ore
ON-MAIN-3b3e5365,,Air,Cadmium (and its compounds),Emission,Fugitive Emissions,kg,0.140027,ON-MAIN-3b3e5365,,,,Ore processed,1,ore
ON-MAIN-3b3e5365,,Air,Carbon monoxide,Emission,Fugitive Emissions,tonnes,31.0127,ON-MAIN-3b3e5365,,,,Ore processed,1,ore
ON-MAIN-fefeaee4,,Air,Carbon monoxide,Emission,Fugitive Emissions,tonnes,33.53805,ON-MAIN-fefeaee4,"Au, Underground mining and beneficiation at Musselwhite",1028000.0,3.262456225680934e-05,Ore processed,1,ore
QC-MAIN-6dc537e6,,Air,Carbon monoxide,Emission,Fugitive Emissions,tonnes,159.04,QC-MAIN-6dc537e6,"Au and Ag, Underground mining and beneficiation at Éléonore",1661000.0,9.574954846478025e-05,Ore processed,1,ore
ON-MAIN-3b3e5365,,Air,Chromium (and its compounds),Emission,Fugitive Emissions,tonnes,0.039773,ON-MAIN-3b3e5365,,,,Ore processed,1,ore
QC-MAIN-6dc537e6,,Air,Chromium (and its compounds),Emission,Fugitive Emissions,tonnes,3e-05,QC-MAIN-6dc537e6,"Au and Ag, Underground mining and beneficiation at Éléonore",1661000.0,1.8061408789885613e-11,Ore processed,1,ore
ON-MAIN-3b3e5365,,Air,Cobalt (and its compounds),Emission,Fugitive Emissions,kg,8.742762,ON-MAIN-3b3e5365,,,,Ore processed,1,ore
ON-MAIN-fefeaee4,,Air,Cobalt (and its compounds),Emission,Fugitive Emissions,kg,0.000979,ON-MAIN-fefeaee4,"Au, Underground mining and beneficiation at Musselwhite",1028000.0,9.523346303501947e-10,Ore processed,1,ore
QC-MAIN-6dc537e6,,Air,Cobalt (and its compounds),Emission,Fugitive Emissions,kg,0.00022,QC-MAIN-6dc537e6,"Au and Ag, Underground mining and beneficiation at Éléonore",1661000.0,1.3245033112582783e-10,Ore processed,1,ore
ON-MAIN-3b3e5365,,Air,Copper (and its compounds),Emission,Fugitive Emissions,tonnes,0.033748,ON-MAIN-3b3e5365,,,,Ore processed,1,ore
ON-MAIN-3b3e5365,,Air,Lead (and its compounds),Emission,Fugitive Emissions,kg,2.696152,ON-MAIN-3b3e5365,,,,Ore processed,1,ore
ON-MAIN-fefeaee4,,Air,Lead (and its compounds),Emission,Fugitive Emissions,kg,13.055331,ON-MAIN-fefeaee4,"Au, Underground mining and beneficiation at Musselwhite",1028000.0,1.269973832684825e-05,Ore processed,1,ore
QC-MAIN-6dc537e6,,Air,Lead (and its compounds),Emission,Fugitive Emissions,kg,0.381,QC-MAIN-6dc537e6,"Au and Ag, Underground mining and beneficiation at Éléonore",1661000.0,2.2937989163154727e-07,Ore processed,1,ore
ON-MAIN-3b3e5365,,Air,Manganese (and its compounds),Emission,Fugitive Emissions,tonnes,0.304121,ON-MAIN-3b3e5365,,,,Ore processed,1,ore
QC-MAIN-6dc537e6,,Air,Manganese (and its compounds),Emission,Fugitive Emissions,tonnes,0.00027,QC-MAIN-6dc537e6,"Au and Ag, Underground mining and beneficiation at Éléonore",1661000.0,1.625526791089705e-10,Ore processed,1,ore
ON-MAIN-3b3e5365,,Air,Mercury (and its compounds),Emission,Fugitive Emissions,tonnes,2.147e-06,ON-MAIN-3b3e5365,,,,Ore processed,1,ore
ON-MAIN-fefeaee4,,Air,Mercury (and its compounds),Emission,Fugitive Emissions,tonnes,7.12e-07,ON-MAIN-fefeaee4,"Au, Underground mining and beneficiation at Musselwhite",1028000.0,6.926070038910506e-13,Ore processed,1,ore
QC-MAIN-6dc537e6,,Air,Mercury (and its compounds),Emission,Fugitive Emissions,tonnes,2e-06,QC-MAIN-6dc537e6,"Au and Ag, Underground mining and beneficiation at Éléonore",1661000.0,1.2040939193257074e-12,Ore processed,1,ore
ON-MAIN-3b3e5365,,Air,Nickel (and its compounds),Emission,Fugitive Emissions,tonnes,0.000358,ON-MAIN-3b3e5365,,,,Ore processed,1,ore
QC-MAIN-6dc537e6,,Air,Nickel (and its compounds),Emission,Fugitive Emissions,tonnes,3e-05,QC-MAIN-6dc537e6,"Au and Ag, Underground mining and beneficiation at Éléonore",1661000.0,1.8061408789885613e-11,Ore processed,1,ore
ON-MAIN-3b3e5365,,Air,Nitrogen oxides (expressed as nitrogen dioxide),Emission,Fugitive Emissions,tonnes,6.797679,ON-MAIN-3b3e5365,,,,Ore processed,1,ore
QC-MAIN-6dc537e6,,Air,Nitrogen oxides (expressed as nitrogen dioxide),Emission,Fugitive Emissions,tonnes,110.9,QC-MAIN-6dc537e6,"Au and Ag, Underground mining and beneficiation at Éléonore",1661000.0,6.676700782661047e-05,Ore processed,1,ore
ON-MAIN-3b3e5365,,Air,PM10 - Particulate Matter <= 10 Micrometers,Emission,Fugitive Emissions,tonnes,10.932114,ON-MAIN-3b3e5365,,,,Ore processed,1,ore
ON-MAIN-fefeaee4,,Air,PM10 - Particulate Matter <= 10 Micrometers,Emission,Fugitive Emissions,tonnes,39.579759,ON-MAIN-fefeaee4,"Au, Underground mining and beneficiation at Musselwhite",1028000.0,3.850171108949417e-05,Ore processed,1,ore
QC-MAIN-6dc537e6,,Air,PM10 - Particulate Matter <= 10 Micrometers,Emission,Fugitive Emissions,tonnes,765.0,QC-MAIN-6dc537e6,"Au and Ag, Underground mining and beneficiation at Éléonore",1661000.0,0.0004605659241420831,Ore processed,1,ore
ON-MAIN-3b3e5365,,Air,PM2.5 - Particulate Matter <= 2.5 Micrometers,Emission,Fugitive Emissions,tonnes,1.830757,ON-MAIN-3b3e5365,,,,Ore processed,1,ore
ON-MAIN-fefeaee4,,Air,PM2.5 - Particulate Matter <= 2.5 Micrometers,Emission,Fugitive Emissions,tonnes,8.878198,ON-MAIN-fefeaee4,"Au, Underground mining and beneficiation at Musselwhite",1028000.0,8.636379377431906e-06,Ore processed,1,ore
QC-MAIN-6dc537e6,,Air,PM2.5 - Particulate Matter <= 2.5 Micrometers,Emission,Fugitive Emissions,tonnes,308.16,QC-MAIN-6dc537e6,"Au and Ag, Underground mining and beneficiation at Éléonore",1661000.0,0.000185526791089705,Ore processed,1,ore
ON-MAIN-3b3e5365,,Air,Selenium (and its compounds),Emission,Fugitive Emissions,kg,0.009143,ON-MAIN-3b3e5365,,,,Ore processed,1,ore
ON-MAIN-fefeaee4,,Air,Selenium (and its compounds),Emission,Fugitive Emissions,kg,0.28135,ON-MAIN-fefeaee4,"Au, Underground mining and beneficiation at Musselwhite",1028000.0,2.7368677042801554e-07,Ore processed,1,ore
ON-MAIN-3b3e5365,,Air,Thallium (and its compounds),Emission,Fugitive Emissions,kg,0.004816,ON-MAIN-3b3e5365,,,,Ore processed,1,ore
ON-MAIN-fefeaee4,,Air,Thallium (and its compounds),Emission,Fugitive Emissions,kg,0.0099,ON-MAIN-fefeaee4,"Au, Underground mining and beneficiation at Musselwhite",1028000.0,9.63035019455253e-09,Ore processed,1,ore
ON-MAIN-3b3e5365,,Air,Total particulate matter,Emission,Fugitive Emissions,tonnes,25.431217,ON-MAIN-3b3e5365,,,,Ore processed,1,ore
ON-MAIN-fefeaee4,,Air,Total particulate matter,Emission,Fugitive Emissions,tonnes,77.562468,ON-MAIN-fefeaee4,"Au, Underground mining and beneficiation at Musselwhite",1028000.0,7.544987159533073e-05,Ore processed,1,ore
QC-MAIN-6dc537e6,,Air,Total particulate matter,Emission,Fugitive Emissions,tonnes,1528.15,QC-MAIN-6dc537e6,"Au and Ag, Underground mining and beneficiation at Éléonore",1661000.0,0.0009200180614087899,Ore processed,1,ore
ON-MAIN-3b3e5365,,Air,Vanadium (and its compounds),Emission,Fugitive Emissions,tonnes,0.019423,ON-MAIN-3b3e5365,,,,Ore processed,1,ore
ON-MAIN-3b3e5365,,Air,Zinc (and its compounds),Emission,Fugitive Emissions,tonnes,0.000456,ON-MAIN-3b3e5365,,,,Ore processed,1,ore
QC-MAIN-6dc537e6,,Air,Zinc (and its compounds),Emission,Fugitive Emissions,tonnes,0.00038,QC-MAIN-6dc537e6,"Au and Ag, Underground mining and beneficiation at Éléonore",1661000.0,2.287778446718844e-10,Ore processed,1,ore
QC-MAIN-b86f7d07,,Air,PM10 - Particulate Matter <= 10 Micrometers,Emission,Fugitive Emissions,tonnes,3.332,QC-MAIN-b86f7d07,"Au and Ag, Open-pit and underground mining and beneficiation at Casa Berardi",1361450.0,2.447390649674979e-06,Ore processed,1,ore
QC-MAIN-b86f7d07,,Air,PM2.5 - Particulate Matter <= 2.5 Micrometers,Emission,Fugitive Emissions,tonnes,0.541,QC-MAIN-b86f7d07,"Au and Ag, Open-pit and underground mining and beneficiation at Casa Berardi",1361450.0,3.973704506224981e-07,Ore processed,1,ore
QC-MAIN-b86f7d07,,Air,Total particulate matter,Emission,Fugitive Emissions,tonnes,6.996,QC-MAIN-b86f7d07,"Au and Ag, Open-pit and underground mining and beneficiation at Casa Berardi",1361450.0,5.138638951118293e-06,Ore processed,1,ore
BC-MAIN-3f490561,,Air,Carbon monoxide,Emission,Fugitive Emissions,tonnes,154.85,BC-MAIN-3f490561,"Au and Cu, Open-pit mining and beneficiation at Mount Polley",5948239.0,2.6032914951803382e-05,Ore processed,1,ore
BC-MAIN-3f490561,,Air,Nitrogen oxides (expressed as nitrogen dioxide),Emission,Fugitive Emissions,tonnes,36.44,BC-MAIN-3f490561,"Au and Cu, Open-pit mining and beneficiation at Mount Polley",5948239.0,6.12618289211311e-06,Ore processed,1,ore
BC-MAIN-3f490561,,Air,PM10 - Particulate Matter <= 10 Micrometers,Emission,Fugitive Emissions,tonnes,27.27,BC-MAIN-3f490561,"Au and Cu, Open-pit mining and beneficiation at Mount Polley",5948239.0,4.584550150052814e-06,Ore processed,1,ore
BC-MAIN-3f490561,,Air,PM2.5 - Particulate Matter <= 2.5 Micrometers,Emission,Fugitive Emissions,tonnes,1.645,BC-MAIN-3f490561,"Au and Cu, Open-pit mining and beneficiation at Mount Polley",5948239.0,2.7655243846119835e-07,Ore processed,1,ore
BC-MAIN-3f490561,,Air,Sulphur dioxide,Emission,Fugitive Emissions,tonnes,4.55,BC-MAIN-3f490561,"Au and Cu, Open-pit mining and beneficiation at Mount Polley",5948239.0,7.64932276594804e-07,Ore processed,1,ore
BC-MAIN-3f490561,,Air,Total particulate matter,Emission,Fugitive Emissions,tonnes,68.15,BC-MAIN-3f490561,"Au and Cu, Open-pit mining and beneficiation at Mount Polley",5948239.0,1.145717245053536e-05,Ore processed,1,ore
NL-MAIN-dd723db4,,Air,Carbon monoxide,Emission,Fugitive Emissions,tonnes,1310.854,NL-MAIN-dd723db4,,16478000.0,7.955176599101833e-05,Ore processed,1,ore
NL-MAIN-dd723db4,,Air,Nitrogen oxides (expressed as nitrogen dioxide),Emission,Fugitive Emissions,tonnes,308.436,NL-MAIN-dd723db4,,16478000.0,1.8718048306833352e-05,Ore processed,1,ore
NL-MAIN-dd723db4,,Air,PM10 - Particulate Matter <= 10 Micrometers,Emission,Fugitive Emissions,tonnes,202.048,NL-MAIN-dd723db4,,16478000.0,1.2261682242990655e-05,Ore processed,1,ore
NL-MAIN-dd723db4,,Air,PM2.5 - Particulate Matter <= 2.5 Micrometers,Emission,Fugitive Emissions,tonnes,28.091,NL-MAIN-dd723db4,,16478000.0,1.7047578589634665e-06,Ore processed,1,ore
NL-MAIN-dd723db4,,Air,Sulphur dioxide,Emission,Fugitive Emissions,tonnes,0.012,NL-MAIN-dd723db4,,16478000.0,7.282437188979245e-10,Ore processed,1,ore
NL-MAIN-dd723db4,,Air,Total particulate matter,Emission,Fugitive Emissions,tonnes,402.249,NL-MAIN-dd723db4,,16478000.0,2.4411275640247603e-05,Ore processed,1,ore
NL-MAIN-dd723db4,,Air,Volatile Organic Compounds (Total),Emission,Fugitive Emissions,tonnes,442.837,NL-MAIN-dd723db4,,16478000.0,2.6874438645466684e-05,Ore processed,1,ore
ON-MAIN-aeafbb59,,Air,Antimony (and its compounds),Emission,Fugitive Emissions,tonnes,0.000955,ON-MAIN-aeafbb59,"Au and Ag, Open-pit mining and beneficiation at Detour Lake",25434853.5024164,3.7546903893481114e-11,Ore processed,1,ore
ON-MAIN-aeafbb59,,Air,Arsenic (and its compounds),Emission,Fugitive Emissions,kg,2.529,ON-MAIN-aeafbb59,"Au and Ag, Open-pit mining and beneficiation at Detour Lake",25434853.5024164,9.9430492090695e-08,Ore processed,1,ore
ON-MAIN-aeafbb59,,Air,Cadmium (and its compounds),Emission,Fugitive Emissions,kg,0.274,ON-MAIN-aeafbb59,"Au and Ag, Open-pit mining and beneficiation at Detour Lake",25434853.5024164,1.0772619546401912e-08,Ore processed,1,ore
ON-MAIN-aeafbb59,,Air,Carbon monoxide,Emission,Fugitive Emissions,tonnes,1138.731,ON-MAIN-aeafbb59,"Au and Ag, Open-pit mining and beneficiation at Detour Lake",25434853.5024164,4.4770495725159835e-05,Ore processed,1,ore
ON-MAIN-aeafbb59,,Air,Chromium (and its compounds),Emission,Fugitive Emissions,tonnes,0.078,ON-MAIN-aeafbb59,"Au and Ag, Open-pit mining and beneficiation at Detour Lake",25434853.5024164,3.0666581190487193e-09,Ore processed,1,ore
ON-MAIN-aeafbb59,,Air,Cobalt (and its compounds),Emission,Fugitive Emissions,kg,22.965,ON-MAIN-aeafbb59,"Au and Ag, Open-pit mining and beneficiation at Detour Lake",25434853.5024164,9.028949192814595e-07,Ore processed,1,ore
ON-MAIN-aeafbb59,,Air,Copper (and its compounds),Emission,Fugitive Emissions,tonnes,0.116,ON-MAIN-aeafbb59,"Au and Ag, Open-pit mining and beneficiation at Detour Lake",25434853.5024164,4.560671048841685e-09,Ore processed,1,ore
ON-MAIN-aeafbb59,,Air,Hydrogen cyanide,Emission,Fugitive Emissions,tonnes,37.063,ON-MAIN-aeafbb59,"Au and Ag, Open-pit mining and beneficiation at Detour Lake",25434853.5024164,1.4571737162346499e-06,Ore processed,1,ore
ON-MAIN-aeafbb59,,Air,Lead (and its compounds),Emission,Fugitive Emissions,kg,2.109,ON-MAIN-aeafbb59,"Au and Ag, Open-pit mining and beneficiation at Detour Lake",25434853.5024164,8.29177176035096e-08,Ore processed,1,ore
ON-MAIN-aeafbb59,,Air,Manganese (and its compounds),Emission,Fugitive Emissions,tonnes,0.614,ON-MAIN-aeafbb59,"Au and Ag, Open-pit mining and beneficiation at Detour Lake",25434853.5024164,2.4140103655075816e-08,Ore processed,1,ore
ON-MAIN-aeafbb59,,Air,Mercury (and its compounds),Emission,Fugitive Emissions,tonnes,5.7e-05,ON-MAIN-aeafbb59,"Au and Ag, Open-pit mining and beneficiation at Detour Lake",25434853.5024164,2.241019394689449e-12,Ore processed,1,ore
ON-MAIN-aeafbb59,,Air,Nickel (and its compounds),Emission,Fugitive Emissions,tonnes,0.041,ON-MAIN-aeafbb59,"Au and Ag, Open-pit mining and beneficiation at Detour Lake",25434853.5024164,1.6119613189871473e-09,Ore processed,1,ore
ON-MAIN-aeafbb59,,Air,Nitrogen oxides (expressed as nitrogen dioxide),Emission,Fugitive Emissions,tonnes,267.937,ON-MAIN-aeafbb59,"Au and Ag, Open-pit mining and beneficiation at Detour Lake",25434853.5024164,1.053424585184047e-05,Ore processed,1,ore
ON-MAIN-aeafbb59,,Air,Phosphorus (total),Emission,Fugitive Emissions,tonnes,0.408,ON-MAIN-aeafbb59,"Au and Ag, Open-pit mining and beneficiation at Detour Lake",25434853.5024164,1.6040980930408685e-08,Ore processed,1,ore
ON-MAIN-aeafbb59,,Air,PM10 - Particulate Matter <= 10 Micrometers,Emission,Fugitive Emissions,tonnes,239.617,ON-MAIN-aeafbb59,"Au and Ag, Open-pit mining and beneficiation at Detour Lake",25434853.5024164,9.420813057847397e-06,Ore processed,1,ore
ON-MAIN-aeafbb59,,Air,PM2.5 - Particulate Matter <= 2.5 Micrometers,Emission,Fugitive Emissions,tonnes,66.402,ON-MAIN-aeafbb59,"Au and Ag, Open-pit mining and beneficiation at Detour Lake",25434853.5024164,2.6106696464240137e-06,Ore processed,1,ore
ON-MAIN-aeafbb59,,Air,Selenium (and its compounds),Emission,Fugitive Emissions,kg,1.75,ON-MAIN-aeafbb59,"Au and Ag, Open-pit mining and beneficiation at Detour Lake",25434853.5024164,6.880322702993921e-08,Ore processed,1,ore
ON-MAIN-aeafbb59,,Air,Sulphur dioxide,Emission,Fugitive Emissions,tonnes,33.492,ON-MAIN-aeafbb59,"Au and Ag, Open-pit mining and beneficiation at Detour Lake",25434853.5024164,1.3167758169638422e-06,Ore processed,1,ore
ON-MAIN-aeafbb59,,Air,Thallium (and its compounds),Emission,Fugitive Emissions,kg,0.994,ON-MAIN-aeafbb59,"Au and Ag, Open-pit mining and beneficiation at Detour Lake",25434853.5024164,3.9080232953005475e-08,Ore processed,1,ore
ON-MAIN-aeafbb59,,Air,Total particulate matter,Emission,Fugitive Emissions,tonnes,614.438,ON-MAIN-aeafbb59,"Au and Ag, Open-pit mining and beneficiation at Detour Lake",25434853.5024164,2.4157324119898166e-05,Ore processed,1,ore
ON-MAIN-aeafbb59,,Air,Vanadium (and its compounds),Emission,Fugitive Emissions,tonnes,0.0968,ON-MAIN-aeafbb59,"Au and Ag, Open-pit mining and beneficiation at Detour Lake",25434853.5024164,3.805801357998923e-09,Ore processed,1,ore
ON-MAIN-aeafbb59,,Air,Zinc (and its compounds),Emission,Fugitive Emissions,tonnes,0.044,ON-MAIN-aeafbb59,"Au and Ag, Open-pit mining and beneficiation at Detour Lake",25434853.5024164,1.7299097081813287e-09,Ore processed,1,ore
ON-MAIN-4e0734b5,,Air,Arsenic (and its compounds),Emission,Fugitive Emissions,kg,1.510735,ON-MAIN-4e0734b5,"Au and Ag, Open-pit and underground mining and beneficiation at Fox Complex",457000.0,3.3057658643326036e-06,Ore processed,1,ore
ON-MAIN-4e0734b5,,Air,Cadmium (and its compounds),Emission,Fugitive Emissions,kg,0.002833,ON-MAIN-4e0734b5,"Au and Ag, Open-pit and underground mining and beneficiation at Fox Complex",457000.0,6.199124726477024e-09,Ore processed,1,ore
ON-MAIN-4e0734b5,,Air,Chromium (and its compounds),Emission,Fugitive Emissions,tonnes,0.016629,ON-MAIN-4e0734b5,"Au and Ag, Open-pit and underground mining and beneficiation at Fox Complex",457000.0,3.6387308533916854e-08,Ore processed,1,ore
ON-MAIN-4e0734b5,,Air,Cobalt (and its compounds),Emission,Fugitive Emissions,kg,1.52752,ON-MAIN-4e0734b5,"Au and Ag, Open-pit and underground mining and beneficiation at Fox Complex",457000.0,3.3424945295404813e-06,Ore processed,1,ore
ON-MAIN-4e0734b5,,Air,Copper (and its compounds),Emission,Fugitive Emissions,tonnes,0.002043,ON-MAIN-4e0734b5,"Au and Ag, Open-pit and underground mining and beneficiation at Fox Complex",457000.0,4.470459518599563e-09,Ore processed,1,ore
ON-MAIN-4e0734b5,,Air,Lead (and its compounds),Emission,Fugitive Emissions,kg,0.163021,ON-MAIN-4e0734b5,"Au and Ag, Open-pit and underground mining and beneficiation at Fox Complex",457000.0,3.567199124726477e-07,Ore processed,1,ore
ON-MAIN-4e0734b5,,Air,Manganese (and its compounds),Emission,Fugitive Emissions,tonnes,0.033985,ON-MAIN-4e0734b5,"Au and Ag, Open-pit and underground mining and beneficiation at Fox Complex",457000.0,7.436542669584245e-08,Ore processed,1,ore
ON-MAIN-4e0734b5,,Air,Nickel (and its compounds),Emission,Fugitive Emissions,tonnes,0.003211,ON-MAIN-4e0734b5,"Au and Ag, Open-pit and underground mining and beneficiation at Fox Complex",457000.0,7.026258205689278e-09,Ore processed,1,ore
ON-MAIN-4e0734b5,,Air,PM10 - Particulate Matter <= 10 Micrometers,Emission,Fugitive Emissions,tonnes,17.490508,ON-MAIN-4e0734b5,"Au and Ag, Open-pit and underground mining and beneficiation at Fox Complex",457000.0,3.827244638949671e-05,Ore processed,1,ore
ON-MAIN-4e0734b5,,Air,PM2.5 - Particulate Matter <= 2.5 Micrometers,Emission,Fugitive Emissions,tonnes,7.551442,ON-MAIN-4e0734b5,"Au and Ag, Open-pit and underground mining and beneficiation at Fox Complex",457000.0,1.6523943107221005e-05,Ore processed,1,ore
ON-MAIN-4e0734b5,,Air,Total particulate matter,Emission,Fugitive Emissions,tonnes,36.174828,ON-MAIN-4e0734b5,"Au and Ag, Open-pit and underground mining and beneficiation at Fox Complex",457000.0,7.915717286652078e-05,Ore processed,1,ore
ON-MAIN-4e0734b5,,Air,Vanadium (and its compounds),Emission,Fugitive Emissions,tonnes,0.003713,ON-MAIN-4e0734b5,"Au and Ag, Open-pit and underground mining and beneficiation at Fox Complex",457000.0,8.12472647702407e-09,Ore processed,1,ore
ON-MAIN-4e0734b5,,Air,Zinc (and its compounds),Emission,Fugitive Emissions,tonnes,0.001408,ON-MAIN-4e0734b5,"Au and Ag, Open-pit and underground mining and beneficiation at Fox Complex",457000.0,3.0809628008752735e-09,Ore processed,1,ore
QC-MAIN-089f3c60,,Air,Arsenic (and its compounds),Emission,Fugitive Emissions,kg,2.74,QC-MAIN-089f3c60,,11187000.0,2.4492714758201485e-07,Ore processed,1,ore
QC-MAIN-089f3c60,,Air,Cadmium (and its compounds),Emission,Fugitive Emissions,kg,0.113,QC-MAIN-089f3c60,,11187000.0,1.01010101010101e-08,Ore processed,1,ore
QC-MAIN-089f3c60,,Air,Carbon monoxide,Emission,Fugitive Emissions,tonnes,389.87,QC-MAIN-089f3c60,,11187000.0,3.485027263788326e-05,Ore processed,1,ore
QC-MAIN-089f3c60,,Air,Chromium (and its compounds),Emission,Fugitive Emissions,tonnes,1.35152,QC-MAIN-089f3c60,,11187000.0,1.2081165638687762e-07,Ore processed,1,ore
QC-MAIN-089f3c60,,Air,Cobalt (and its compounds),Emission,Fugitive Emissions,kg,298.783,QC-MAIN-089f3c60,,11187000.0,2.6708053991239833e-05,Ore processed,1,ore
QC-MAIN-089f3c60,,Air,Copper (and its compounds),Emission,Fugitive Emissions,tonnes,0.1715,QC-MAIN-089f3c60,,11187000.0,1.533029409135604e-08,Ore processed,1,ore
QC-MAIN-089f3c60,,Air,Lead (and its compounds),Emission,Fugitive Emissions,kg,10.576,QC-MAIN-089f3c60,,11187000.0,9.453830338786091e-07,Ore processed,1,ore
QC-MAIN-089f3c60,,Air,Manganese (and its compounds),Emission,Fugitive Emissions,tonnes,3.0989,QC-MAIN-089f3c60,,11187000.0,2.7700902833646196e-07,Ore processed,1,ore
QC-MAIN-089f3c60,,Air,Mercury (and its compounds),Emission,Fugitive Emissions,tonnes,0.000211,QC-MAIN-089f3c60,,11187000.0,1.886117815321355e-11,Ore processed,1,ore
QC-MAIN-089f3c60,,Air,Nickel (and its compounds),Emission,Fugitive Emissions,tonnes,0.52036,QC-MAIN-089f3c60,,11187000.0,4.6514704567801914e-08,Ore processed,1,ore
QC-MAIN-089f3c60,,Air,Nitrogen oxides (expressed as nitrogen dioxide),Emission,Fugitive Emissions,tonnes,84.27,QC-MAIN-089f3c60,,11187000.0,7.532850630195762e-06,Ore processed,1,ore
QC-MAIN-089f3c60,,Air,PM10 - Particulate Matter <= 10 Micrometers,Emission,Fugitive Emissions,tonnes,1091.19,QC-MAIN-089f3c60,,11187000.0,9.75408956824886e-05,Ore processed,1,ore
QC-MAIN-089f3c60,,Air,PM2.5 - Particulate Matter <= 2.5 Micrometers,Emission,Fugitive Emissions,tonnes,173.63,QC-MAIN-089f3c60,,11187000.0,1.5520693662286584e-05,Ore processed,1,ore
QC-MAIN-089f3c60,,Air,Selenium (and its compounds),Emission,Fugitive Emissions,kg,2.039,QC-MAIN-089f3c60,,11187000.0,1.8226512916778406e-07,Ore processed,1,ore
QC-MAIN-089f3c60,,Air,Thallium (and its compounds),Emission,Fugitive Emissions,kg,2.06,QC-MAIN-089f3c60,,11187000.0,1.8414230803611334e-07,Ore processed,1,ore
QC-MAIN-089f3c60,,Air,Total particulate matter,Emission,Fugitive Emissions,tonnes,2181.72,QC-MAIN-089f3c60,,11187000.0,0.0001950227943148297,Ore processed,1,ore
QC-MAIN-089f3c60,,Air,Vanadium (and its compounds),Emission,Fugitive Emissions,tonnes,0.2683,QC-MAIN-089f3c60,,11187000.0,2.3983194779654956e-08,Ore processed,1,ore
QC-MAIN-089f3c60,,Air,Zinc (and its compounds),Emission,Fugitive Emissions,tonnes,0.29421,QC-MAIN-089f3c60,,11187000.0,2.6299275945293647e-08,Ore processed,1,ore
BC-MAIN-aa76f6f2,,Air,Arsenic (and its compounds),Emission,Fugitive Emissions,kg,0.127926,BC-MAIN-aa76f6f2,"Au and Cu, Underground mining and beneficiation at New Afton",3065000.0,4.1737683523654166e-08,Ore processed,1,ore
BC-MAIN-aa76f6f2,,Air,Cadmium (and its compounds),Emission,Fugitive Emissions,kg,0.027141,BC-MAIN-aa76f6f2,"Au and Cu, Underground mining and beneficiation at New Afton",3065000.0,8.855138662316475e-09,Ore processed,1,ore
BC-MAIN-aa76f6f2,,Air,Chromium (and its compounds),Emission,Fugitive Emissions,tonnes,0.000464,BC-MAIN-aa76f6f2,"Au and Cu, Underground mining and beneficiation at New Afton",3065000.0,1.5138662316476347e-10,Ore processed,1,ore
BC-MAIN-aa76f6f2,,Air,Cobalt (and its compounds),Emission,Fugitive Emissions,kg,0.085675,BC-MAIN-aa76f6f2,"Au and Cu, Underground mining and beneficiation at New Afton",3065000.0,2.795269168026101e-08,Ore processed,1,ore
BC-MAIN-aa76f6f2,,Air,Copper (and its compounds),Emission,Fugitive Emissions,tonnes,0.006843,BC-MAIN-aa76f6f2,"Au and Cu, Underground mining and beneficiation at New Afton",3065000.0,2.232626427406199e-09,Ore processed,1,ore
BC-MAIN-aa76f6f2,,Air,Lead (and its compounds),Emission,Fugitive Emissions,kg,0.204369,BC-MAIN-aa76f6f2,"Au and Cu, Underground mining and beneficiation at New Afton",3065000.0,6.667830342577487e-08,Ore processed,1,ore
BC-MAIN-aa76f6f2,,Air,Manganese (and its compounds),Emission,Fugitive Emissions,tonnes,0.01212,BC-MAIN-aa76f6f2,"Au and Cu, Underground mining and beneficiation at New Afton",3065000.0,3.9543230016313215e-09,Ore processed,1,ore
BC-MAIN-aa76f6f2,,Air,Nickel (and its compounds),Emission,Fugitive Emissions,tonnes,0.000392,BC-MAIN-aa76f6f2,"Au and Cu, Underground mining and beneficiation at New Afton",3065000.0,1.2789559543230016e-10,Ore processed,1,ore
BC-MAIN-aa76f6f2,,Air,Phosphorus (total),Emission,Fugitive Emissions,tonnes,0.12203,BC-MAIN-aa76f6f2,"Au and Cu, Underground mining and beneficiation at New Afton",3065000.0,3.9814029363784664e-08,Ore processed,1,ore
BC-MAIN-aa76f6f2,,Air,PM10 - Particulate Matter <= 10 Micrometers,Emission,Fugitive Emissions,tonnes,10.652,BC-MAIN-aa76f6f2,"Au and Cu, Underground mining and beneficiation at New Afton",3065000.0,3.4753670473083194e-06,Ore processed,1,ore
ON-MAIN-0aadf28f,,Air,PM10 - Particulate Matter <= 10 Micrometers,Emission,Fugitive Emissions,tonnes,137.144,ON-MAIN-0aadf28f,"Au, Open-pit and underground mining and beneficiation at Rainy River",8764000.0,1.564856230031949e-05,Ore processed,1,ore
BC-MAIN-aa76f6f2,,Air,PM2.5 - Particulate Matter <= 2.5 Micrometers,Emission,Fugitive Emissions,tonnes,1.602,BC-MAIN-aa76f6f2,"Au and Cu, Underground mining and beneficiation at New Afton",3065000.0,5.226753670473084e-07,Ore processed,1,ore
ON-MAIN-0aadf28f,,Air,PM2.5 - Particulate Matter <= 2.5 Micrometers,Emission,Fugitive Emissions,tonnes,28.949,ON-MAIN-0aadf28f,"Au, Open-pit and underground mining and beneficiation at Rainy River",8764000.0,3.3031720675490645e-06,Ore processed,1,ore
BC-MAIN-aa76f6f2,,Air,Total particulate matter,Emission,Fugitive Emissions,tonnes,21.518,BC-MAIN-aa76f6f2,"Au and Cu, Underground mining and beneficiation at New Afton",3065000.0,7.020554649265906e-06,Ore processed,1,ore
ON-MAIN-0aadf28f,,Air,Total particulate matter,Emission,Fugitive Emissions,tonnes,378.465,ON-MAIN-0aadf28f,"Au, Open-pit and underground mining and beneficiation at Rainy River",8764000.0,4.3184048379735275e-05,Ore processed,1,ore
BC-MAIN-aa76f6f2,,Air,Vanadium (and its compounds),Emission,Fugitive Emissions,tonnes,0.000681,BC-MAIN-aa76f6f2,"Au and Cu, Underground mining and beneficiation at New Afton",3065000.0,2.2218597063621532e-10,Ore processed,1,ore
BC-MAIN-aa76f6f2,,Air,Zinc (and its compounds),Emission,Fugitive Emissions,tonnes,0.004827,BC-MAIN-aa76f6f2,"Au and Cu, Underground mining and beneficiation at New Afton",3065000.0,1.5748776508972266e-09,Ore processed,1,ore
BC-MAIN-8eb8be0d,,Air,Arsenic (and its compounds),Emission,Fugitive Emissions,kg,10.7679,BC-MAIN-8eb8be0d,"Au and Cu, Open-pit mining and beneficiation at Red Chris",1139000.0,9.453819139596137e-06,Ore processed,1,ore
BC-MAIN-8eb8be0d,,Air,Cadmium (and its compounds),Emission,Fugitive Emissions,kg,0.4786,BC-MAIN-8eb8be0d,"Au and Cu, Open-pit mining and beneficiation at Red Chris",1139000.0,4.2019315188762076e-07,Ore processed,1,ore
BC-MAIN-8eb8be0d,,Air,Carbon monoxide,Emission,Fugitive Emissions,tonnes,123.6578,BC-MAIN-8eb8be0d,"Au and Cu, Open-pit mining and beneficiation at Red Chris",1139000.0,0.00010856698858647936,Ore processed,1,ore
BC-MAIN-8eb8be0d,,Air,Cobalt (and its compounds),Emission,Fugitive Emissions,kg,8.2876,BC-MAIN-8eb8be0d,"Au and Cu, Open-pit mining and beneficiation at Red Chris",1139000.0,7.276207199297629e-06,Ore processed,1,ore
BC-MAIN-8eb8be0d,,Air,Lead (and its compounds),Emission,Fugitive Emissions,kg,16.2536,BC-MAIN-8eb8be0d,"Au and Cu, Open-pit mining and beneficiation at Red Chris",1139000.0,1.4270061457418787e-05,Ore processed,1,ore
BC-MAIN-8eb8be0d,,Air,Mercury (and its compounds),Emission,Fugitive Emissions,tonnes,0.0005022,BC-MAIN-8eb8be0d,"Au and Cu, Open-pit mining and beneficiation at Red Chris",1139000.0,4.409130816505706e-10,Ore processed,1,ore
BC-MAIN-8eb8be0d,,Air,Nitrogen oxides (expressed as nitrogen dioxide),Emission,Fugitive Emissions,tonnes,24.5924,BC-MAIN-8eb8be0d,"Au and Cu, Open-pit mining and beneficiation at Red Chris",1139000.0,2.1591220368744513e-05,Ore processed,1,ore
BC-MAIN-8eb8be0d,,Air,PM10 - Particulate Matter <= 10 Micrometers,Emission,Fugitive Emissions,tonnes,138.2087,BC-MAIN-8eb8be0d,"Au and Cu, Open-pit mining and beneficiation at Red Chris",1139000.0,0.00012134214223002633,Ore processed,1,ore
BC-MAIN-8eb8be0d,,Air,PM2.5 - Particulate Matter <= 2.5 Micrometers,Emission,Fugitive Emissions,tonnes,34.0673,BC-MAIN-8eb8be0d,"Au and Cu, Open-pit mining and beneficiation at Red Chris",1139000.0,2.990983318700615e-05,Ore processed,1,ore
BC-MAIN-8eb8be0d,,Air,Selenium (and its compounds),Emission,Fugitive Emissions,kg,6.3966,BC-MAIN-8eb8be0d,"Au and Cu, Open-pit mining and beneficiation at Red Chris",1139000.0,5.615978928884987e-06,Ore processed,1,ore
BC-MAIN-8eb8be0d,,Air,Thallium (and its compounds),Emission,Fugitive Emissions,kg,0.1081,BC-MAIN-8eb8be0d,"Au and Cu, Open-pit mining and beneficiation at Red Chris",1139000.0,9.490781387181738e-08,Ore processed,1,ore
BC-MAIN-8eb8be0d,,Air,Total particulate matter,Emission,Fugitive Emissions,tonnes,585.8049,BC-MAIN-8eb8be0d,"Au and Cu, Open-pit mining and beneficiation at Red Chris",1139000.0,0.0005143151009657594,Ore processed,1,ore
QC-MAIN-dc1a16f9,,Air,Arsenic (and its compounds),Emission,Fugitive Emissions,kg,0.0126,QC-MAIN-dc1a16f9,,,,Ore processed,1,ore
QC-MAIN-dc1a16f9,,Air,Cadmium (and its compounds),Emission,Fugitive Emissions,kg,0.0886,QC-MAIN-dc1a16f9,,,,Ore processed,1,ore
QC-MAIN-dc1a16f9,,Air,Carbon monoxide,Emission,Fugitive Emissions,tonnes,115.49,QC-MAIN-dc1a16f9,,,,Ore processed,1,ore
QC-MAIN-dc1a16f9,,Air,Cobalt (and its compounds),Emission,Fugitive Emissions,kg,0.393,QC-MAIN-dc1a16f9,,,,Ore processed,1,ore
QC-MAIN-dc1a16f9,,Air,Lead (and its compounds),Emission,Fugitive Emissions,kg,0.402,QC-MAIN-dc1a16f9,,,,Ore processed,1,ore
QC-MAIN-dc1a16f9,,Air,Mercury (and its compounds),Emission,Fugitive Emissions,tonnes,1.4499999999999999e-06,QC-MAIN-dc1a16f9,,,,Ore processed,1,ore
QC-MAIN-dc1a16f9,,Air,Nitrogen oxides (expressed as nitrogen dioxide),Emission,Fugitive Emissions,tonnes,27.17,QC-MAIN-dc1a16f9,,,,Ore processed,1,ore
QC-MAIN-dc1a16f9,,Air,PM10 - Particulate Matter <= 10 Micrometers,Emission,Fugitive Emissions,tonnes,23.05,QC-MAIN-dc1a16f9,,,,Ore processed,1,ore
QC-MAIN-dc1a16f9,,Air,PM2.5 - Particulate Matter <= 2.5 Micrometers,Emission,Fugitive Emissions,tonnes,16.28,QC-MAIN-dc1a16f9,,,,Ore processed,1,ore
QC-MAIN-dc1a16f9,,Air,Selenium (and its compounds),Emission,Fugitive Emissions,kg,0.045,QC-MAIN-dc1a16f9,,,,Ore processed,1,ore
QC-MAIN-dc1a16f9,,Air,Sulphur dioxide,Emission,Fugitive Emissions,tonnes,3.4,QC-MAIN-dc1a16f9,,,,Ore processed,1,ore
QC-MAIN-dc1a16f9,,Air,Thallium (and its compounds),Emission,Fugitive Emissions,kg,0.5,QC-MAIN-dc1a16f9,,,,Ore processed,1,ore
QC-MAIN-dc1a16f9,,Air,Total particulate matter,Emission,Fugitive Emissions,tonnes,89.35,QC-MAIN-dc1a16f9,,,,Ore processed,1,ore
SK-MAIN-60ba74c4,,Air,Arsenic (and its compounds),Emission,Fugitive Emissions,kg,3e-05,SK-MAIN-60ba74c4,"U, and beneficiation at McClean Lake",0.0,inf,Ore processed,1,ore
SK-MAIN-60ba74c4,,Air,Cadmium (and its compounds),Emission,Fugitive Emissions,kg,3e-06,SK-MAIN-60ba74c4,"U, and beneficiation at McClean Lake",0.0,inf,Ore processed,1,ore
SK-MAIN-60ba74c4,,Air,Cobalt (and its compounds),Emission,Fugitive Emissions,kg,1e-06,SK-MAIN-60ba74c4,"U, and beneficiation at McClean Lake",0.0,inf,Ore processed,1,ore
SK-MAIN-60ba74c4,,Air,Copper (and its compounds),Emission,Fugitive Emissions,tonnes,2e-06,SK-MAIN-60ba74c4,"U, and beneficiation at McClean Lake",0.0,inf,Ore processed,1,ore
SK-MAIN-60ba74c4,,Air,Lead (and its compounds),Emission,Fugitive Emissions,kg,1.2e-05,SK-MAIN-60ba74c4,"U, and beneficiation at McClean Lake",0.0,inf,Ore processed,1,ore
SK-MAIN-60ba74c4,,Air,PM10 - Particulate Matter <= 10 Micrometers,Emission,Fugitive Emissions,tonnes,1.3e-05,SK-MAIN-60ba74c4,"U, and beneficiation at McClean Lake",0.0,inf,Ore processed,1,ore
SK-MAIN-60ba74c4,,Air,Selenium (and its compounds),Emission,Fugitive Emissions,kg,1e-06,SK-MAIN-60ba74c4,"U, and beneficiation at McClean Lake",0.0,inf,Ore processed,1,ore
SK-MAIN-60ba74c4,,Air,Total particulate matter,Emission,Fugitive Emissions,tonnes,17.501458,SK-MAIN-60ba74c4,"U, and beneficiation at McClean Lake",0.0,inf,Ore processed,1,ore
SK-MAIN-60ba74c4,,Air,Volatile Organic Compounds (Total),Emission,Fugitive Emissions,tonnes,252.183252,SK-MAIN-60ba74c4,"U, and beneficiation at McClean Lake",0.0,inf,Ore processed,1,ore
BC-MAIN-857b7b89,,Air,Carbon monoxide,Emission,Fugitive Emissions,tonnes,46.65,BC-MAIN-857b7b89,"Au, Underground mining and beneficiation at Brucejack",166000.0,0.0002810240963855422,Ore processed,1,ore
BC-MAIN-857b7b89,,Air,Nitrogen oxides (expressed as nitrogen dioxide),Emission,Fugitive Emissions,tonnes,10.962,BC-MAIN-857b7b89,"Au, Underground mining and beneficiation at Brucejack",166000.0,6.603614457831325e-05,Ore processed,1,ore
BC-MAIN-857b7b89,,Air,PM10 - Particulate Matter <= 10 Micrometers,Emission,Fugitive Emissions,tonnes,1.185,BC-MAIN-857b7b89,"Au, Underground mining and beneficiation at Brucejack",166000.0,7.13855421686747e-06,Ore processed,1,ore
BC-MAIN-857b7b89,,Air,PM2.5 - Particulate Matter <= 2.5 Micrometers,Emission,Fugitive Emissions,tonnes,0.265,BC-MAIN-857b7b89,"Au, Underground mining and beneficiation at Brucejack",166000.0,1.5963855421686747e-06,Ore processed,1,ore
BC-MAIN-857b7b89,,Air,Total particulate matter,Emission,Fugitive Emissions,tonnes,2.573,BC-MAIN-857b7b89,"Au, Underground mining and beneficiation at Brucejack",166000.0,1.55e-05,Ore processed,1,ore
ON-MAIN-8825d90d,,Air,Arsenic (and its compounds),Emission,Fugitive Emissions,kg,1.066256,ON-MAIN-8825d90d,"Au, Open-pit mining and beneficiation at Magino",1165551.0,9.148085326167624e-07,Ore processed,1,ore
ON-MAIN-8825d90d,,Air,Carbon monoxide,Emission,Fugitive Emissions,tonnes,70.737,ON-MAIN-8825d90d,"Au, Open-pit mining and beneficiation at Magino",1165551.0,6.0689751027625555e-05,Ore processed,1,ore
ON-MAIN-8825d90d,,Air,Chromium (and its compounds),Emission,Fugitive Emissions,tonnes,0.005527,ON-MAIN-8825d90d,"Au, Open-pit mining and beneficiation at Magino",1165551.0,4.74196324313565e-09,Ore processed,1,ore
ON-MAIN-8825d90d,,Air,Cobalt (and its compounds),Emission,Fugitive Emissions,kg,2.643879,ON-MAIN-8825d90d,"Au, Open-pit mining and beneficiation at Magino",1165551.0,2.2683511918397394e-06,Ore processed,1,ore
ON-MAIN-8825d90d,,Air,Copper (and its compounds),Emission,Fugitive Emissions,tonnes,0.010559,ON-MAIN-8825d90d,"Au, Open-pit mining and beneficiation at Magino",1165551.0,9.05923464524504e-09,Ore processed,1,ore
ON-MAIN-8825d90d,,Air,Lead (and its compounds),Emission,Fugitive Emissions,kg,0.277444,ON-MAIN-8825d90d,"Au, Open-pit mining and beneficiation at Magino",1165551.0,2.3803677402361631e-07,Ore processed,1,ore
ON-MAIN-8825d90d,,Air,Manganese (and its compounds),Emission,Fugitive Emissions,tonnes,0.160156,ON-MAIN-8825d90d,"Au, Open-pit mining and beneficiation at Magino",1165551.0,1.3740797270990285e-07,Ore processed,1,ore
ON-MAIN-8825d90d,,Air,Nickel (and its compounds),Emission,Fugitive Emissions,tonnes,0.003949,ON-MAIN-8825d90d,"Au, Open-pit mining and beneficiation at Magino",1165551.0,3.388097131742841e-09,Ore processed,1,ore
ON-MAIN-8825d90d,,Air,Nitrogen oxides (expressed as nitrogen dioxide),Emission,Fugitive Emissions,tonnes,0.8322,ON-MAIN-8825d90d,"Au, Open-pit mining and beneficiation at Magino",1165551.0,7.139970709132419e-07,Ore processed,1,ore
ON-MAIN-8825d90d,,Air,PM10 - Particulate Matter <= 10 Micrometers,Emission,Fugitive Emissions,tonnes,53.345354,ON-MAIN-8825d90d,"Au, Open-pit mining and beneficiation at Magino",1165551.0,4.576835676860129e-05,Ore processed,1,ore
ON-MAIN-8825d90d,,Air,PM2.5 - Particulate Matter <= 2.5 Micrometers,Emission,Fugitive Emissions,tonnes,9.153672,ON-MAIN-8825d90d,"Au, Open-pit mining and beneficiation at Magino",1165551.0,7.853514775415233e-06,Ore processed,1,ore
ON-MAIN-8825d90d,,Air,Selenium (and its compounds),Emission,Fugitive Emissions,kg,0.272004,ON-MAIN-8825d90d,"Au, Open-pit mining and beneficiation at Magino",1165551.0,2.3336945358890347e-07,Ore processed,1,ore
ON-MAIN-8825d90d,,Air,Thallium (and its compounds),Emission,Fugitive Emissions,kg,0.022304,ON-MAIN-8825d90d,"Au, Open-pit mining and beneficiation at Magino",1165551.0,1.9136013782322695e-08,Ore processed,1,ore
ON-MAIN-8825d90d,,Air,Total particulate matter,Emission,Fugitive Emissions,tonnes,136.932537,ON-MAIN-8825d90d,"Au, Open-pit mining and beneficiation at Magino",1165551.0,0.00011748309340389223,Ore processed,1,ore
ON-MAIN-8825d90d,,Air,Vanadium (and its compounds),Emission,Fugitive Emissions,tonnes,0.001986,ON-MAIN-8825d90d,"Au, Open-pit mining and beneficiation at Magino",1165551.0,1.703915143996273e-09,Ore processed,1,ore
ON-MAIN-7f050560,,Air,Arsenic (and its compounds),Emission,Fugitive Emissions,kg,0.052195,ON-MAIN-7f050560,"Au, Underground mining and beneficiation at Red Lake",841000.0,6.206302021403092e-08,Ore processed,1,ore
ON-MAIN-7f050560,,Air,Cobalt (and its compounds),Emission,Fugitive Emissions,kg,0.00665,ON-MAIN-7f050560,"Au, Underground mining and beneficiation at Red Lake",841000.0,7.907253269916765e-09,Ore processed,1,ore
ON-MAIN-7f050560,,Air,PM10 - Particulate Matter <= 10 Micrometers,Emission,Fugitive Emissions,tonnes,0.083759,ON-MAIN-7f050560,"Au, Underground mining and beneficiation at Red Lake",841000.0,9.959453032104637e-08,Ore processed,1,ore
ON-MAIN-7f050560,,Air,PM2.5 - Particulate Matter <= 2.5 Micrometers,Emission,Fugitive Emissions,tonnes,0.012683,ON-MAIN-7f050560,"Au, Underground mining and beneficiation at Red Lake",841000.0,1.5080856123662305e-08,Ore processed,1,ore
NL-MAIN-b64bae7a,,Air,Carbon monoxide,Emission,Fugitive Emissions,tonnes,227.921,NL-MAIN-b64bae7a,,3560000.0,6.402275280898876e-05,Ore processed,1,ore
NL-MAIN-b64bae7a,,Air,Nitrogen oxides (expressed as nitrogen dioxide),Emission,Fugitive Emissions,tonnes,53.598,NL-MAIN-b64bae7a,,3560000.0,1.505561797752809e-05,Ore processed,1,ore
NL-MAIN-b64bae7a,,Air,PM10 - Particulate Matter <= 10 Micrometers,Emission,Fugitive Emissions,tonnes,26.191,NL-MAIN-b64bae7a,,3560000.0,7.357022471910112e-06,Ore processed,1,ore
NL-MAIN-b64bae7a,,Air,PM2.5 - Particulate Matter <= 2.5 Micrometers,Emission,Fugitive Emissions,tonnes,9.142,NL-MAIN-b64bae7a,,3560000.0,2.5679775280898876e-06,Ore processed,1,ore
NL-MAIN-b64bae7a,,Air,Sulphur dioxide,Emission,Fugitive Emissions,tonnes,6.7,NL-MAIN-b64bae7a,,3560000.0,1.8820224719101124e-06,Ore processed,1,ore
NL-MAIN-b64bae7a,,Air,Total particulate matter,Emission,Fugitive Emissions,tonnes,52.996,NL-MAIN-b64bae7a,,3560000.0,1.4886516853932586e-05,Ore processed,1,ore
BC-MAIN-bf503b6b,,Air,Carbon monoxide,Emission,Fugitive Emissions,tonnes,697.767,BC-MAIN-bf503b6b,"Cu and Mo, Open-pit mining and beneficiation at Highland Valley",215221530000.0,3.2420873506474937e-09,Ore processed,1,ore
BC-MAIN-bf503b6b,,Air,Nitrogen oxides (expressed as nitrogen dioxide),Emission,Fugitive Emissions,tonnes,164.18,BC-MAIN-bf503b6b,"Cu and Mo, Open-pit mining and beneficiation at Highland Valley",215221530000.0,7.628418959757418e-10,Ore processed,1,ore
BC-MAIN-bf503b6b,,Air,PM10 - Particulate Matter <= 10 Micrometers,Emission,Fugitive Emissions,tonnes,2903.201,BC-MAIN-bf503b6b,"Cu and Mo, Open-pit mining and beneficiation at Highland Valley",215221530000.0,1.3489361403573333e-08,Ore processed,1,ore
BC-MAIN-bf503b6b,,Air,PM2.5 - Particulate Matter <= 2.5 Micrometers,Emission,Fugitive Emissions,tonnes,1323.423,BC-MAIN-bf503b6b,"Cu and Mo, Open-pit mining and beneficiation at Highland Valley",215221530000.0,6.149119932378512e-09,Ore processed,1,ore
BC-MAIN-bf503b6b,,Air,Total particulate matter,Emission,Fugitive Emissions,tonnes,5660.244,BC-MAIN-bf503b6b,"Cu and Mo, Open-pit mining and beneficiation at Highland Valley",215221530000.0,2.629961788674209e-08,Ore processed,1,ore
BC-MAIN-bf503b6b,,Air,Volatile Organic Compounds (Total),Emission,Fugitive Emissions,tonnes,39.775,BC-MAIN-bf503b6b,"Cu and Mo, Open-pit mining and beneficiation at Highland Valley",215221530000.0,1.848095773689556e-10,Ore processed,1,ore
NL-MAIN-2d8801d6,,Air,Arsenic (and its compounds),Emission,Fugitive Emissions,kg,0.887,NL-MAIN-2d8801d6,"Cu and Ni, Open-pit and underground mining and beneficiation at Voisey’s Bay",794117.647058823,1.1169629629629638e-06,Ore processed,1,ore
NL-MAIN-2d8801d6,,Air,Cadmium (and its compounds),Emission,Fugitive Emissions,kg,0.828,NL-MAIN-2d8801d6,"Cu and Ni, Open-pit and underground mining and beneficiation at Voisey’s Bay",794117.647058823,1.0426666666666672e-06,Ore processed,1,ore
NL-MAIN-2d8801d6,,Air,Carbon monoxide,Emission,Fugitive Emissions,tonnes,72.238,NL-MAIN-2d8801d6,"Cu and Ni, Open-pit and underground mining and beneficiation at Voisey’s Bay",794117.647058823,9.096637037037042e-05,Ore processed,1,ore
NL-MAIN-2d8801d6,,Air,Chromium (and its compounds),Emission,Fugitive Emissions,tonnes,0.014,NL-MAIN-2d8801d6,"Cu and Ni, Open-pit and underground mining and beneficiation at Voisey’s Bay",794117.647058823,1.762962962962964e-08,Ore processed,1,ore
NL-MAIN-2d8801d6,,Air,Cobalt (and its compounds),Emission,Fugitive Emissions,kg,14.388,NL-MAIN-2d8801d6,"Cu and Ni, Open-pit and underground mining and beneficiation at Voisey’s Bay",794117.647058823,1.8118222222222233e-05,Ore processed,1,ore
NL-MAIN-2d8801d6,,Air,Copper (and its compounds),Emission,Fugitive Emissions,tonnes,0.176,NL-MAIN-2d8801d6,"Cu and Ni, Open-pit and underground mining and beneficiation at Voisey’s Bay",794117.647058823,2.2162962962962975e-07,Ore processed,1,ore
NL-MAIN-2d8801d6,,Air,Lead (and its compounds),Emission,Fugitive Emissions,kg,6.258,NL-MAIN-2d8801d6,"Cu and Ni, Open-pit and underground mining and beneficiation at Voisey’s Bay",794117.647058823,7.880444444444449e-06,Ore processed,1,ore
NL-MAIN-2d8801d6,,Air,Manganese (and its compounds),Emission,Fugitive Emissions,tonnes,0.029,NL-MAIN-2d8801d6,"Cu and Ni, Open-pit and underground mining and beneficiation at Voisey’s Bay",794117.647058823,3.651851851851854e-08,Ore processed,1,ore
NL-MAIN-2d8801d6,,Air,Mercury (and its compounds),Emission,Fugitive Emissions,tonnes,8.2e-05,NL-MAIN-2d8801d6,"Cu and Ni, Open-pit and underground mining and beneficiation at Voisey’s Bay",794117.647058823,1.0325925925925932e-10,Ore processed,1,ore
NL-MAIN-2d8801d6,,Air,Nickel (and its compounds),Emission,Fugitive Emissions,tonnes,0.282,NL-MAIN-2d8801d6,"Cu and Ni, Open-pit and underground mining and beneficiation at Voisey’s Bay",794117.647058823,3.551111111111113e-07,Ore processed,1,ore
NL-MAIN-2d8801d6,,Air,Nitrogen oxides (expressed as nitrogen dioxide),Emission,Fugitive Emissions,tonnes,16.997,NL-MAIN-2d8801d6,"Cu and Ni, Open-pit and underground mining and beneficiation at Voisey’s Bay",794117.647058823,2.1403629629629645e-05,Ore processed,1,ore
NL-MAIN-2d8801d6,,Air,Phosphorus (total),Emission,Fugitive Emissions,tonnes,0.054,NL-MAIN-2d8801d6,"Cu and Ni, Open-pit and underground mining and beneficiation at Voisey’s Bay",794117.647058823,6.800000000000004e-08,Ore processed,1,ore
NL-MAIN-2d8801d6,,Air,PM10 - Particulate Matter <= 10 Micrometers,Emission,Fugitive Emissions,tonnes,27.106,NL-MAIN-2d8801d6,"Cu and Ni, Open-pit and underground mining and beneficiation at Voisey’s Bay",794117.647058823,3.41334814814815e-05,Ore processed,1,ore
NL-MAIN-2d8801d6,,Air,PM2.5 - Particulate Matter <= 2.5 Micrometers,Emission,Fugitive Emissions,tonnes,19.687,NL-MAIN-2d8801d6,"Cu and Ni, Open-pit and underground mining and beneficiation at Voisey’s Bay",794117.647058823,2.4791037037037052e-05,Ore processed,1,ore
NL-MAIN-2d8801d6,,Air,Selenium (and its compounds),Emission,Fugitive Emissions,kg,1.564,NL-MAIN-2d8801d6,"Cu and Ni, Open-pit and underground mining and beneficiation at Voisey’s Bay",794117.647058823,1.9694814814814828e-06,Ore processed,1,ore
NL-MAIN-2d8801d6,,Air,Silver (and its compounds),Emission,Fugitive Emissions,tonnes,0.000258,NL-MAIN-2d8801d6,"Cu and Ni, Open-pit and underground mining and beneficiation at Voisey’s Bay",794117.647058823,3.248888888888891e-10,Ore processed,1,ore
NL-MAIN-2d8801d6,,Air,Total particulate matter,Emission,Fugitive Emissions,tonnes,64.36,NL-MAIN-2d8801d6,"Cu and Ni, Open-pit and underground mining and beneficiation at Voisey’s Bay",794117.647058823,8.104592592592597e-05,Ore processed,1,ore
NL-MAIN-2d8801d6,,Air,Vanadium (and its compounds),Emission,Fugitive Emissions,tonnes,0.002283,NL-MAIN-2d8801d6,"Cu and Ni, Open-pit and underground mining and beneficiation at Voisey’s Bay",794117.647058823,2.8748888888888905e-09,Ore processed,1,ore
NL-MAIN-2d8801d6,,Air,Volatile Organic Compounds (Total),Emission,Fugitive Emissions,tonnes,0.609,NL-MAIN-2d8801d6,"Cu and Ni, Open-pit and underground mining and beneficiation at Voisey’s Bay",794117.647058823,7.668888888888893e-07,Ore processed,1,ore
NL-MAIN-2d8801d6,,Air,Zinc (and its compounds),Emission,Fugitive Emissions,tonnes,0.017,NL-MAIN-2d8801d6,"Cu and Ni, Open-pit and underground mining and beneficiation at Voisey’s Bay",794117.647058823,2.140740740740742e-08,Ore processed,1,ore
ON-MAIN-cb85213a,,Air,Arsenic (and its compounds),Emission,Fugitive Emissions,kg,0.005382,ON-MAIN-cb85213a,"Au, Underground mining and beneficiation at Eagle River",222627.0,2.4174965300704765e-08,Ore processed,1,ore
ON-MAIN-cb85213a,,Air,Arsenic (and its compounds),Emission,Fugitive Emissions,kg,0.004928,ON-MAIN-cb85213a,"Au, Underground mining and beneficiation at Eagle River",222627.0,2.2135679859136582e-08,Ore processed,1,ore
ON-MAIN-cb85213a,,Air,Cadmium (and its compounds),Emission,Fugitive Emissions,kg,0.000223,ON-MAIN-cb85213a,"Au, Underground mining and beneficiation at Eagle River",222627.0,1.0016754481711562e-09,Ore processed,1,ore
ON-MAIN-cb85213a,,Air,Cadmium (and its compounds),Emission,Fugitive Emissions,kg,0.000464,ON-MAIN-cb85213a,"Au, Underground mining and beneficiation at Eagle River",222627.0,2.0842036231005222e-09,Ore processed,1,ore
ON-MAIN-cb85213a,,Air,Chromium (and its compounds),Emission,Fugitive Emissions,tonnes,0.000318,ON-MAIN-cb85213a,"Au, Underground mining and beneficiation at Eagle River",222627.0,1.428398172728375e-09,Ore processed,1,ore
ON-MAIN-cb85213a,,Air,Chromium (and its compounds),Emission,Fugitive Emissions,tonnes,0.000667,ON-MAIN-cb85213a,"Au, Underground mining and beneficiation at Eagle River",222627.0,2.9960427082070006e-09,Ore processed,1,ore
ON-MAIN-cb85213a,,Air,Cobalt (and its compounds),Emission,Fugitive Emissions,kg,0.026576,ON-MAIN-cb85213a,"Au, Underground mining and beneficiation at Eagle River",222627.0,1.193745592403437e-07,Ore processed,1,ore
ON-MAIN-cb85213a,,Air,Cobalt (and its compounds),Emission,Fugitive Emissions,kg,0.055078,ON-MAIN-cb85213a,"Au, Underground mining and beneficiation at Eagle River",222627.0,2.474003602438159e-07,Ore processed,1,ore
ON-MAIN-cb85213a,,Air,Copper (and its compounds),Emission,Fugitive Emissions,tonnes,6.8e-05,ON-MAIN-cb85213a,"Au, Underground mining and beneficiation at Eagle River",222627.0,3.054436344199041e-10,Ore processed,1,ore
ON-MAIN-cb85213a,,Air,Copper (and its compounds),Emission,Fugitive Emissions,tonnes,0.142043,ON-MAIN-cb85213a,"Au, Underground mining and beneficiation at Eagle River",222627.0,6.380313259398006e-07,Ore processed,1,ore
ON-MAIN-cb85213a,,Air,Lead (and its compounds),Emission,Fugitive Emissions,kg,0.016819,ON-MAIN-cb85213a,"Au, Underground mining and beneficiation at Eagle River",222627.0,7.55478895192407e-08,Ore processed,1,ore
ON-MAIN-cb85213a,,Air,Lead (and its compounds),Emission,Fugitive Emissions,kg,0.034786,ON-MAIN-cb85213a,"Au, Underground mining and beneficiation at Eagle River",222627.0,1.5625238627839388e-07,Ore processed,1,ore
ON-MAIN-cb85213a,,Air,Manganese (and its compounds),Emission,Fugitive Emissions,tonnes,0.00076,ON-MAIN-cb85213a,"Au, Underground mining and beneficiation at Eagle River",222627.0,3.4137817964577524e-09,Ore processed,1,ore
ON-MAIN-cb85213a,,Air,Manganese (and its compounds),Emission,Fugitive Emissions,tonnes,0.001565,ON-MAIN-cb85213a,"Au, Underground mining and beneficiation at Eagle River",222627.0,7.029695409811029e-09,Ore processed,1,ore
ON-MAIN-cb85213a,,Air,Nickel (and its compounds),Emission,Fugitive Emissions,tonnes,0.000101,ON-MAIN-cb85213a,"Au, Underground mining and beneficiation at Eagle River",222627.0,4.5367363347662237e-10,Ore processed,1,ore
ON-MAIN-cb85213a,,Air,Nickel (and its compounds),Emission,Fugitive Emissions,tonnes,0.000212,ON-MAIN-cb85213a,"Au, Underground mining and beneficiation at Eagle River",222627.0,9.522654484855835e-10,Ore processed,1,ore
ON-MAIN-cb85213a,,Air,Phosphorus (total),Emission,Fugitive Emissions,tonnes,0.000634,ON-MAIN-cb85213a,"Au, Underground mining and beneficiation at Eagle River",222627.0,2.8478127091502826e-09,Ore processed,1,ore
ON-MAIN-cb85213a,,Air,Phosphorus (total),Emission,Fugitive Emissions,tonnes,0.001304,ON-MAIN-cb85213a,"Au, Underground mining and beneficiation at Eagle River",222627.0,5.857330871816986e-09,Ore processed,1,ore
ON-MAIN-cb85213a,,Air,PM10 - Particulate Matter <= 10 Micrometers,Emission,Fugitive Emissions,tonnes,0.597862,ON-MAIN-cb85213a,"Au, Underground mining and beneficiation at Eagle River",222627.0,2.6854873847287168e-06,Ore processed,1,ore
ON-MAIN-cb85213a,,Air,PM10 - Particulate Matter <= 10 Micrometers,Emission,Fugitive Emissions,tonnes,1.142314,ON-MAIN-cb85213a,"Au, Underground mining and beneficiation at Eagle River",222627.0,5.131066761893211e-06,Ore processed,1,ore
ON-MAIN-cb85213a,,Air,PM2.5 - Particulate Matter <= 2.5 Micrometers,Emission,Fugitive Emissions,tonnes,0.057719,ON-MAIN-cb85213a,"Au, Underground mining and beneficiation at Eagle River",222627.0,2.5926325198650655e-07,Ore processed,1,ore
ON-MAIN-cb85213a,,Air,PM2.5 - Particulate Matter <= 2.5 Micrometers,Emission,Fugitive Emissions,tonnes,0.193732,ON-MAIN-cb85213a,"Au, Underground mining and beneficiation at Eagle River",222627.0,8.702089144623069e-07,Ore processed,1,ore
ON-MAIN-cb85213a,,Air,Selenium (and its compounds),Emission,Fugitive Emissions,kg,0.001015,ON-MAIN-cb85213a,"Au, Underground mining and beneficiation at Eagle River",222627.0,4.559195425532393e-09,Ore processed,1,ore
ON-MAIN-cb85213a,,Air,Total particulate matter,Emission,Fugitive Emissions,tonnes,2.900959,ON-MAIN-cb85213a,"Au, Underground mining and beneficiation at Eagle River",222627.0,1.3030580297987216e-05,Ore processed,1,ore
ON-MAIN-cb85213a,,Air,Vanadium (and its compounds),Emission,Fugitive Emissions,tonnes,0.000132,ON-MAIN-cb85213a,"Au, Underground mining and beneficiation at Eagle River",222627.0,5.929199962268728e-10,Ore processed,1,ore
ON-MAIN-cb85213a,,Air,Vanadium (and its compounds),Emission,Fugitive Emissions,tonnes,0.000272,ON-MAIN-cb85213a,"Au, Underground mining and beneficiation at Eagle River",222627.0,1.2217745376796165e-09,Ore processed,1,ore
ON-MAIN-cb85213a,,Air,Zinc (and its compounds),Emission,Fugitive Emissions,tonnes,8.4e-05,ON-MAIN-cb85213a,"Au, Underground mining and beneficiation at Eagle River",222627.0,3.773127248716463e-10,Ore processed,1,ore
ON-MAIN-cb85213a,,Air,Zinc (and its compounds),Emission,Fugitive Emissions,tonnes,0.000174,ON-MAIN-cb85213a,"Au, Underground mining and beneficiation at Eagle River",222627.0,7.815763586626959e-10,Ore processed,1,ore
ON-MAIN-6e9be24e,,Air,Antimony (and its compounds),Emission,Fugitive Emissions,tonnes,2.2e-05,ON-MAIN-6e9be24e,"Au, Open-pit and underground mining and beneficiation at Hemlo (Williams)",1266009.0,1.7377443604271376e-11,Ore processed,1,ore
ON-MAIN-6e9be24e,,Air,Arsenic (and its compounds),Emission,Fugitive Emissions,kg,0.059503,ON-MAIN-6e9be24e,"Au, Open-pit and underground mining and beneficiation at Hemlo (Williams)",1266009.0,4.700045576295271e-08,Ore processed,1,ore
ON-MAIN-6e9be24e,,Air,Cadmium (and its compounds),Emission,Fugitive Emissions,kg,0.001637,ON-MAIN-6e9be24e,"Au, Open-pit and underground mining and beneficiation at Hemlo (Williams)",1266009.0,1.2930397809178292e-09,Ore processed,1,ore
ON-MAIN-6e9be24e,,Air,Chromium (and its compounds),Emission,Fugitive Emissions,tonnes,0.001611,ON-MAIN-6e9be24e,"Au, Open-pit and underground mining and beneficiation at Hemlo (Williams)",1266009.0,1.2725028021127812e-09,Ore processed,1,ore
ON-MAIN-6e9be24e,,Air,Cobalt (and its compounds),Emission,Fugitive Emissions,kg,0.064536,ON-MAIN-6e9be24e,"Au, Open-pit and underground mining and beneficiation at Hemlo (Williams)",1266009.0,5.097594092932988e-08,Ore processed,1,ore
ON-MAIN-6e9be24e,,Air,Copper (and its compounds),Emission,Fugitive Emissions,tonnes,0.000236,ON-MAIN-6e9be24e,"Au, Open-pit and underground mining and beneficiation at Hemlo (Williams)",1266009.0,1.8641257684582022e-10,Ore processed,1,ore
ON-MAIN-6e9be24e,,Air,Lead (and its compounds),Emission,Fugitive Emissions,kg,0.102256,ON-MAIN-6e9be24e,"Au, Open-pit and underground mining and beneficiation at Hemlo (Williams)",1266009.0,8.077035787265335e-08,Ore processed,1,ore
ON-MAIN-6e9be24e,,Air,Manganese (and its compounds),Emission,Fugitive Emissions,tonnes,0.003979,ON-MAIN-6e9be24e,"Au, Open-pit and underground mining and beneficiation at Hemlo (Williams)",1266009.0,3.1429476409725365e-09,Ore processed,1,ore
ON-MAIN-6e9be24e,,Air,Mercury (and its compounds),Emission,Fugitive Emissions,tonnes,1.532e-06,ON-MAIN-6e9be24e,"Au, Open-pit and underground mining and beneficiation at Hemlo (Williams)",1266009.0,1.210101981897443e-12,Ore processed,1,ore
ON-MAIN-6e9be24e,,Air,Nickel (and its compounds),Emission,Fugitive Emissions,tonnes,0.00024,ON-MAIN-6e9be24e,"Au, Open-pit and underground mining and beneficiation at Hemlo (Williams)",1266009.0,1.8957211204659682e-10,Ore processed,1,ore
ON-MAIN-6e9be24e,,Air,Phosphorus (total),Emission,Fugitive Emissions,tonnes,0.003099,ON-MAIN-6e9be24e,"Au, Open-pit and underground mining and beneficiation at Hemlo (Williams)",1266009.0,2.4478498968016817e-09,Ore processed,1,ore
ON-MAIN-6e9be24e,,Air,PM10 - Particulate Matter <= 10 Micrometers,Emission,Fugitive Emissions,tonnes,5.802672,ON-MAIN-6e9be24e,"Au, Open-pit and underground mining and beneficiation at Hemlo (Williams)",1266009.0,4.583436610640209e-06,Ore processed,1,ore
ON-MAIN-6e9be24e,,Air,PM2.5 - Particulate Matter <= 2.5 Micrometers,Emission,Fugitive Emissions,tonnes,2.246988,ON-MAIN-6e9be24e,"Au, Open-pit and underground mining and beneficiation at Hemlo (Williams)",1266009.0,1.7748594204306605e-06,Ore processed,1,ore
ON-MAIN-6e9be24e,,Air,Selenium (and its compounds),Emission,Fugitive Emissions,kg,0.005317,ON-MAIN-6e9be24e,"Au, Open-pit and underground mining and beneficiation at Hemlo (Williams)",1266009.0,4.199812165632313e-09,Ore processed,1,ore
ON-MAIN-6e9be24e,,Air,Thallium (and its compounds),Emission,Fugitive Emissions,kg,0.0063,ON-MAIN-6e9be24e,"Au, Open-pit and underground mining and beneficiation at Hemlo (Williams)",1266009.0,4.976267941223167e-09,Ore processed,1,ore
ON-MAIN-6e9be24e,,Air,Total particulate matter,Emission,Fugitive Emissions,tonnes,11.347774,ON-MAIN-6e9be24e,"Au, Open-pit and underground mining and beneficiation at Hemlo (Williams)",1266009.0,8.963422850864409e-06,Ore processed,1,ore
ON-MAIN-6e9be24e,,Air,Vanadium (and its compounds),Emission,Fugitive Emissions,tonnes,0.000634,ON-MAIN-6e9be24e,"Au, Open-pit and underground mining and beneficiation at Hemlo (Williams)",1266009.0,5.007863293230933e-10,Ore processed,1,ore
ON-MAIN-6e9be24e,,Air,Zinc (and its compounds),Emission,Fugitive Emissions,tonnes,0.000429,ON-MAIN-6e9be24e,"Au, Open-pit and underground mining and beneficiation at Hemlo (Williams)",1266009.0,3.3886015028329184e-10,Ore processed,1,ore
QC-MAIN-e7e6a960,,Air,Carbon monoxide,Emission,Other,tonnes,24.26,QC-MAIN-e7e6a960,"Au and Ag, Open-pit mining and beneficiation at Canadian Malartic",17332900.0,1.3996503758747815e-06,Ore processed,1,ore
QC-MAIN-e7e6a960,,Air,Nitrogen oxides (expressed as nitrogen dioxide),Emission,Other,tonnes,112.49,QC-MAIN-e7e6a960,"Au and Ag, Open-pit mining and beneficiation at Canadian Malartic",17332900.0,6.489969941556231e-06,Ore processed,1,ore
QC-MAIN-e7e6a960,,Air,PM10 - Particulate Matter <= 10 Micrometers,Emission,Other,tonnes,7.98,QC-MAIN-e7e6a960,"Au and Ag, Open-pit mining and beneficiation at Canadian Malartic",17332900.0,4.603961252877476e-07,Ore processed,1,ore
QC-MAIN-e7e6a960,,Air,PM2.5 - Particulate Matter <= 2.5 Micrometers,Emission,Other,tonnes,7.97,QC-MAIN-e7e6a960,"Au and Ag, Open-pit mining and beneficiation at Canadian Malartic",17332900.0,4.5981918778738696e-07,Ore processed,1,ore
QC-MAIN-e7e6a960,,Air,Total particulate matter,Emission,Other,tonnes,7.99,QC-MAIN-e7e6a960,"Au and Ag, Open-pit mining and beneficiation at Canadian Malartic",17332900.0,4.6097306278810817e-07,Ore processed,1,ore
QC-MAIN-e7e6a960,,Air,Volatile Organic Compounds (Total),Emission,Other,tonnes,8.95,QC-MAIN-e7e6a960,"Au and Ag, Open-pit mining and beneficiation at Canadian Malartic",17332900.0,5.163590628227244e-07,Ore processed,1,ore
NU-MAIN-8b0264c9,,Air,Chromium (and its compounds),Emission,Other,tonnes,0.0004,NU-MAIN-8b0264c9,"Au and Ag, Open-pit and underground mining and beneficiation at Meliadine",1918143.0,2.0853502580360276e-10,Ore processed,1,ore
NU-MAIN-8b0264c9,,Air,Cobalt (and its compounds),Emission,Other,kg,1e-06,NU-MAIN-8b0264c9,"Au and Ag, Open-pit and underground mining and beneficiation at Meliadine",1918143.0,5.213375645090068e-13,Ore processed,1,ore
NU-MAIN-8b0264c9,,Air,Lead (and its compounds),Emission,Other,kg,1.3e-05,NU-MAIN-8b0264c9,"Au and Ag, Open-pit and underground mining and beneficiation at Meliadine",1918143.0,6.777388338617089e-12,Ore processed,1,ore
NU-MAIN-8b0264c9,,Air,Manganese (and its compounds),Emission,Other,tonnes,0.00309,NU-MAIN-8b0264c9,"Au and Ag, Open-pit and underground mining and beneficiation at Meliadine",1918143.0,1.6109330743328312e-09,Ore processed,1,ore
NU-MAIN-8b0264c9,,Air,Nickel (and its compounds),Emission,Other,tonnes,0.000275,NU-MAIN-8b0264c9,"Au and Ag, Open-pit and underground mining and beneficiation at Meliadine",1918143.0,1.433678302399769e-10,Ore processed,1,ore
NU-MAIN-8b0264c9,,Air,PM10 - Particulate Matter <= 10 Micrometers,Emission,Other,tonnes,0.045926,NU-MAIN-8b0264c9,"Au and Ag, Open-pit and underground mining and beneficiation at Meliadine",1918143.0,2.3942948987640653e-08,Ore processed,1,ore
NU-MAIN-8b0264c9,,Air,PM2.5 - Particulate Matter <= 2.5 Micrometers,Emission,Other,tonnes,0.034445,NU-MAIN-8b0264c9,"Au and Ag, Open-pit and underground mining and beneficiation at Meliadine",1918143.0,1.7957472409512744e-08,Ore processed,1,ore
NU-MAIN-8b0264c9,,Air,Total particulate matter,Emission,Other,tonnes,0.045926,NU-MAIN-8b0264c9,"Au and Ag, Open-pit and underground mining and beneficiation at Meliadine",1918143.0,2.3942948987640653e-08,Ore processed,1,ore
NU-MAIN-8b0264c9,,Air,Zinc (and its compounds),Emission,Other,tonnes,0.002336,NU-MAIN-8b0264c9,"Au and Ag, Open-pit and underground mining and beneficiation at Meliadine",1918143.0,1.21784455069304e-09,Ore processed,1,ore
BC-MAIN-ed23117f,,Air,PM10 - Particulate Matter <= 10 Micrometers,Emission,Other,tonnes,2.022,BC-MAIN-ed23117f,"Au and Cu, Open-pit mining and beneficiation at Mount Milligan",21680000.0,9.326568265682656e-08,Ore processed,1,ore
BC-MAIN-ed23117f,,Air,PM2.5 - Particulate Matter <= 2.5 Micrometers,Emission,Other,tonnes,2.022,BC-MAIN-ed23117f,"Au and Cu, Open-pit mining and beneficiation at Mount Milligan",21680000.0,9.326568265682656e-08,Ore processed,1,ore
BC-MAIN-ed23117f,,Air,Total particulate matter,Emission,Other,tonnes,2.022,BC-MAIN-ed23117f,"Au and Cu, Open-pit mining and beneficiation at Mount Milligan",21680000.0,9.326568265682656e-08,Ore processed,1,ore
BC-MAIN-6b4800fe,,Air,Carbon monoxide,Emission,Other,tonnes,1074.357024,BC-MAIN-6b4800fe,"Cu and Mo, Open-pit mining and beneficiation at Gibraltar",30000000.0,3.5811900799999995e-05,Ore processed,1,ore
BC-MAIN-6b4800fe,,Air,Nitrogen oxides (expressed as nitrogen dioxide),Emission,Other,tonnes,252.789888,BC-MAIN-6b4800fe,"Cu and Mo, Open-pit mining and beneficiation at Gibraltar",30000000.0,8.4263296e-06,Ore processed,1,ore
BC-MAIN-6b4800fe,,Air,PM10 - Particulate Matter <= 10 Micrometers,Emission,Other,tonnes,117.764132,BC-MAIN-6b4800fe,"Cu and Mo, Open-pit mining and beneficiation at Gibraltar",30000000.0,3.925471066666666e-06,Ore processed,1,ore
BC-MAIN-6b4800fe,,Air,PM2.5 - Particulate Matter <= 2.5 Micrometers,Emission,Other,tonnes,16.308575,BC-MAIN-6b4800fe,"Cu and Mo, Open-pit mining and beneficiation at Gibraltar",30000000.0,5.436191666666667e-07,Ore processed,1,ore
BC-MAIN-6b4800fe,,Air,Sulphur dioxide,Emission,Other,tonnes,31.598736,BC-MAIN-6b4800fe,"Cu and Mo, Open-pit mining and beneficiation at Gibraltar",30000000.0,1.0532912e-06,Ore processed,1,ore
BC-MAIN-6b4800fe,,Air,Total particulate matter,Emission,Other,tonnes,226.269047,BC-MAIN-6b4800fe,"Cu and Mo, Open-pit mining and beneficiation at Gibraltar",30000000.0,7.542301566666666e-06,Ore processed,1,ore
BC-MAIN-3f490561,,Air,Carbon monoxide,Emission,Other,tonnes,274.25,BC-MAIN-3f490561,"Au and Cu, Open-pit mining and beneficiation at Mount Polley",5948239.0,4.6106082825521976e-05,Ore processed,1,ore
BC-MAIN-3f490561,,Air,Mercury (and its compounds),Emission,Other,tonnes,7.9e-05,BC-MAIN-3f490561,"Au and Cu, Open-pit mining and beneficiation at Mount Polley",5948239.0,1.32812417254922e-11,Ore processed,1,ore
BC-MAIN-3f490561,,Air,Nitrogen oxides (expressed as nitrogen dioxide),Emission,Other,tonnes,1251.09,BC-MAIN-3f490561,"Au and Cu, Open-pit mining and beneficiation at Mount Polley",5948239.0,0.00021032947734615236,Ore processed,1,ore
BC-MAIN-3f490561,,Air,PM10 - Particulate Matter <= 10 Micrometers,Emission,Other,tonnes,87.79,BC-MAIN-3f490561,"Au and Cu, Open-pit mining and beneficiation at Mount Polley",5948239.0,1.4758990013683043e-05,Ore processed,1,ore
BC-MAIN-3f490561,,Air,PM2.5 - Particulate Matter <= 2.5 Micrometers,Emission,Other,tonnes,87.8,BC-MAIN-3f490561,"Au and Cu, Open-pit mining and beneficiation at Mount Polley",5948239.0,1.476067118352171e-05,Ore processed,1,ore
BC-MAIN-3f490561,,Air,Sulphur dioxide,Emission,Other,tonnes,82.05,BC-MAIN-3f490561,"Au and Cu, Open-pit mining and beneficiation at Mount Polley",5948239.0,1.3793998526286519e-05,Ore processed,1,ore
BC-MAIN-3f490561,,Air,Total particulate matter,Emission,Other,tonnes,87.81,BC-MAIN-3f490561,"Au and Cu, Open-pit mining and beneficiation at Mount Polley",5948239.0,1.4762352353360382e-05,Ore processed,1,ore
BC-MAIN-3f490561,,Air,Volatile Organic Compounds (Total),Emission,Other,tonnes,101.14,BC-MAIN-3f490561,"Au and Cu, Open-pit mining and beneficiation at Mount Polley",5948239.0,1.7003351748307357e-05,Ore processed,1,ore
QC-MAIN-e51eda66,,Air,Carbon monoxide,Emission,Other,tonnes,63.19,QC-MAIN-e51eda66,"Au and Ag and Cu and Zn, Underground mining and beneficiation at LaRonde",1501500.0,4.2084582084582085e-05,Ore processed,1,ore
QC-MAIN-e51eda66,,Air,Nitrogen oxides (expressed as nitrogen dioxide),Emission,Other,tonnes,38.42,QC-MAIN-e51eda66,"Au and Ag and Cu and Zn, Underground mining and beneficiation at LaRonde",1501500.0,2.558774558774559e-05,Ore processed,1,ore
ON-MAIN-0aadf28f,,Air,Carbon monoxide,Emission,Other,tonnes,243.284,ON-MAIN-0aadf28f,"Au, Open-pit and underground mining and beneficiation at Rainy River",8764000.0,2.7759470561387493e-05,Ore processed,1,ore
ON-MAIN-0aadf28f,,Air,PM10 - Particulate Matter <= 10 Micrometers,Emission,Other,tonnes,12.102,ON-MAIN-0aadf28f,"Au, Open-pit and underground mining and beneficiation at Rainy River",8764000.0,1.3808763121862164e-06,Ore processed,1,ore
ON-MAIN-0aadf28f,,Air,PM2.5 - Particulate Matter <= 2.5 Micrometers,Emission,Other,tonnes,12.102,ON-MAIN-0aadf28f,"Au, Open-pit and underground mining and beneficiation at Rainy River",8764000.0,1.3808763121862164e-06,Ore processed,1,ore
ON-MAIN-0aadf28f,,Air,Sulphur dioxide,Emission,Other,tonnes,14.966,ON-MAIN-0aadf28f,"Au, Open-pit and underground mining and beneficiation at Rainy River",8764000.0,1.7076677316293928e-06,Ore processed,1,ore
ON-MAIN-0aadf28f,,Air,Total particulate matter,Emission,Other,tonnes,23.032,ON-MAIN-0aadf28f,"Au, Open-pit and underground mining and beneficiation at Rainy River",8764000.0,2.6280237334550436e-06,Ore processed,1,ore
SK-MAIN-60ba74c4,,Air,Cobalt (and its compounds),Emission,Other,kg,0.001924,SK-MAIN-60ba74c4,"U, and beneficiation at McClean Lake",0.0,inf,Ore processed,1,ore
SK-MAIN-60ba74c4,,Air,Copper (and its compounds),Emission,Other,tonnes,2.2e-05,SK-MAIN-60ba74c4,"U, and beneficiation at McClean Lake",0.0,inf,Ore processed,1,ore
SK-MAIN-60ba74c4,,Air,Manganese (and its compounds),Emission,Other,tonnes,0.001797,SK-MAIN-60ba74c4,"U, and beneficiation at McClean Lake",0.0,inf,Ore processed,1,ore
SK-MAIN-60ba74c4,,Air,Nickel (and its compounds),Emission,Other,tonnes,9.3e-05,SK-MAIN-60ba74c4,"U, and beneficiation at McClean Lake",0.0,inf,Ore processed,1,ore
SK-MAIN-60ba74c4,,Air,PM10 - Particulate Matter <= 10 Micrometers,Emission,Other,tonnes,10.523907,SK-MAIN-60ba74c4,"U, and beneficiation at McClean Lake",0.0,inf,Ore processed,1,ore
SK-MAIN-60ba74c4,,Air,PM2.5 - Particulate Matter <= 2.5 Micrometers,Emission,Other,tonnes,0.73577,SK-MAIN-60ba74c4,"U, and beneficiation at McClean Lake",0.0,inf,Ore processed,1,ore
SK-MAIN-60ba74c4,,Air,Total particulate matter,Emission,Other,tonnes,31.376599,SK-MAIN-60ba74c4,"U, and beneficiation at McClean Lake",0.0,inf,Ore processed,1,ore
SK-MAIN-60ba74c4,,Air,Volatile Organic Compounds (Total),Emission,Other,tonnes,0.719226,SK-MAIN-60ba74c4,"U, and beneficiation at McClean Lake",0.0,inf,Ore processed,1,ore
SK-MAIN-60ba74c4,,Air,Zinc (and its compounds),Emission,Other,tonnes,0.002844,SK-MAIN-60ba74c4,"U, and beneficiation at McClean Lake",0.0,inf,Ore processed,1,ore
YT-MAIN-e05ed9fe,,Air,Carbon monoxide,Emission,Other,tonnes,164.3711,YT-MAIN-e05ed9fe,,,,Ore processed,1,ore
YT-MAIN-e05ed9fe,,Air,Nitrogen oxides (expressed as nitrogen dioxide),Emission,Other,tonnes,41.6503,YT-MAIN-e05ed9fe,,,,Ore processed,1,ore
YT-MAIN-e05ed9fe,,Air,PM10 - Particulate Matter <= 10 Micrometers,Emission,Other,tonnes,63.6085,YT-MAIN-e05ed9fe,,,,Ore processed,1,ore
YT-MAIN-e05ed9fe,,Air,PM2.5 - Particulate Matter <= 2.5 Micrometers,Emission,Other,tonnes,11.3942,YT-MAIN-e05ed9fe,,,,Ore processed,1,ore
YT-MAIN-e05ed9fe,,Air,Sulphur dioxide,Emission,Other,tonnes,4.776,YT-MAIN-e05ed9fe,,,,Ore processed,1,ore
YT-MAIN-e05ed9fe,,Air,Total particulate matter,Emission,Other,tonnes,122.5797,YT-MAIN-e05ed9fe,,,,Ore processed,1,ore
ON-MAIN-1f126a43,,Water,Ammonia (total),Emission,Direct Discharge,tonnes,20.754,ON-MAIN-1f126a43,"Au, Underground mining and beneficiation at Macassa",441588.0,4.699855974347129e-05,Ore processed,1,ore
ON-MAIN-1f126a43,,Water,Arsenic (and its compounds),Emission,Direct Discharge,kg,9.608,ON-MAIN-1f126a43,"Au, Underground mining and beneficiation at Macassa",441588.0,2.175783762239916e-05,Ore processed,1,ore
ON-MAIN-1f126a43,,Water,Cadmium (and its compounds),Emission,Direct Discharge,kg,0.934,ON-MAIN-1f126a43,"Au, Underground mining and beneficiation at Macassa",441588.0,2.115093707256538e-06,Ore processed,1,ore
ON-MAIN-1f126a43,,Water,Chromium (and its compounds),Emission,Direct Discharge,tonnes,0.00522,ON-MAIN-1f126a43,"Au, Underground mining and beneficiation at Macassa",441588.0,1.1820973396016196e-08,Ore processed,1,ore
ON-MAIN-1f126a43,,Water,Cobalt (and its compounds),Emission,Direct Discharge,kg,89.59,ON-MAIN-1f126a43,"Au, Underground mining and beneficiation at Macassa",441588.0,0.0002028814188791362,Ore processed,1,ore
ON-MAIN-1f126a43,,Water,Copper (and its compounds),Emission,Direct Discharge,tonnes,0.114,ON-MAIN-1f126a43,"Au, Underground mining and beneficiation at Macassa",441588.0,2.581591891083997e-07,Ore processed,1,ore
ON-MAIN-1f126a43,,Water,Cyanides (ionic),Emission,Direct Discharge,tonnes,0.0897,ON-MAIN-1f126a43,"Au, Underground mining and beneficiation at Macassa",441588.0,2.0313051985108293e-07,Ore processed,1,ore
ON-MAIN-1f126a43,,Water,Lead (and its compounds),Emission,Direct Discharge,kg,0.93,ON-MAIN-1f126a43,"Au, Underground mining and beneficiation at Macassa",441588.0,2.1060354900948398e-06,Ore processed,1,ore
ON-MAIN-1f126a43,,Water,Manganese (and its compounds),Emission,Direct Discharge,tonnes,0.759,ON-MAIN-1f126a43,"Au, Underground mining and beneficiation at Macassa",441588.0,1.71879670643224e-06,Ore processed,1,ore
ON-MAIN-1f126a43,,Water,Mercury (and its compounds),Emission,Direct Discharge,tonnes,0.00017999999999999998,ON-MAIN-1f126a43,"Au, Underground mining and beneficiation at Macassa",441588.0,4.0761977227642053e-10,Ore processed,1,ore
ON-MAIN-1f126a43,,Water,Nickel (and its compounds),Emission,Direct Discharge,tonnes,0.033,ON-MAIN-1f126a43,"Au, Underground mining and beneficiation at Macassa",441588.0,7.473029158401044e-08,Ore processed,1,ore
ON-MAIN-1f126a43,,Water,Nitrate ion in solution at pH >= 6.0,Emission,Direct Discharge,tonnes,47.43,ON-MAIN-1f126a43,"Au, Underground mining and beneficiation at Macassa",441588.0,0.00010740780999483681,Ore processed,1,ore
ON-MAIN-1f126a43,,Water,Phosphorus (total),Emission,Direct Discharge,tonnes,0.044,ON-MAIN-1f126a43,"Au, Underground mining and beneficiation at Macassa",441588.0,9.964038877868058e-08,Ore processed,1,ore
ON-MAIN-1f126a43,,Water,Selenium (and its compounds),Emission,Direct Discharge,kg,21.0,ON-MAIN-1f126a43,"Au, Underground mining and beneficiation at Macassa",441588.0,4.7555640098915734e-05,Ore processed,1,ore
ON-MAIN-1f126a43,,Water,Thallium (and its compounds),Emission,Direct Discharge,kg,0.3032,ON-MAIN-1f126a43,"Au, Underground mining and beneficiation at Macassa",441588.0,6.866128608567263e-07,Ore processed,1,ore
ON-MAIN-1f126a43,,Water,Vanadium (and its compounds),Emission,Direct Discharge,tonnes,0.037,ON-MAIN-1f126a43,"Au, Underground mining and beneficiation at Macassa",441588.0,8.378850874570867e-08,Ore processed,1,ore
ON-MAIN-1f126a43,,Water,Zinc (and its compounds),Emission,Direct Discharge,tonnes,0.056,ON-MAIN-1f126a43,"Au, Underground mining and beneficiation at Macassa",441588.0,1.268150402637753e-07,Ore processed,1,ore
QC-MAIN-e7e6a960,,Water,Arsenic (and its compounds),Emission,Direct Discharge,kg,2.2264,QC-MAIN-e7e6a960,"Au and Ag, Open-pit mining and beneficiation at Canadian Malartic",17332900.0,1.2844936508028084e-07,Ore processed,1,ore
QC-MAIN-e7e6a960,,Water,Cadmium (and its compounds),Emission,Direct Discharge,kg,0.6735,QC-MAIN-e7e6a960,"Au and Ag, Open-pit mining and beneficiation at Canadian Malartic",17332900.0,3.885674064928546e-08,Ore processed,1,ore
QC-MAIN-e7e6a960,,Water,Chromium (and its compounds),Emission,Direct Discharge,tonnes,0.0037,QC-MAIN-e7e6a960,"Au and Ag, Open-pit mining and beneficiation at Canadian Malartic",17332900.0,2.1346687513341681e-10,Ore processed,1,ore
QC-MAIN-e7e6a960,,Water,Cobalt (and its compounds),Emission,Direct Discharge,kg,112.7972,QC-MAIN-e7e6a960,"Au and Ag, Open-pit mining and beneficiation at Canadian Malartic",17332900.0,6.507693461567308e-06,Ore processed,1,ore
QC-MAIN-e7e6a960,,Water,Copper (and its compounds),Emission,Direct Discharge,tonnes,0.0844,QC-MAIN-e7e6a960,"Au and Ag, Open-pit mining and beneficiation at Canadian Malartic",17332900.0,4.869352503043346e-09,Ore processed,1,ore
QC-MAIN-e7e6a960,,Water,Cyanides (ionic),Emission,Direct Discharge,tonnes,0.0986,QC-MAIN-e7e6a960,"Au and Ag, Open-pit mining and beneficiation at Canadian Malartic",17332900.0,5.688603753555377e-09,Ore processed,1,ore
QC-MAIN-e7e6a960,,Water,Lead (and its compounds),Emission,Direct Discharge,kg,0.887,QC-MAIN-e7e6a960,"Au and Ag, Open-pit mining and beneficiation at Canadian Malartic",17332900.0,5.117435628198397e-08,Ore processed,1,ore
QC-MAIN-e7e6a960,,Water,Manganese (and its compounds),Emission,Direct Discharge,tonnes,2.3686,QC-MAIN-e7e6a960,"Au and Ag, Open-pit mining and beneficiation at Canadian Malartic",17332900.0,1.3665341633540837e-07,Ore processed,1,ore
QC-MAIN-e7e6a960,,Water,Mercury (and its compounds),Emission,Direct Discharge,tonnes,4.5100000000000005e-05,QC-MAIN-e7e6a960,"Au and Ag, Open-pit mining and beneficiation at Canadian Malartic",17332900.0,2.6019881266262428e-12,Ore processed,1,ore
QC-MAIN-e7e6a960,,Water,Nickel (and its compounds),Emission,Direct Discharge,tonnes,0.3669,QC-MAIN-e7e6a960,"Au and Ag, Open-pit mining and beneficiation at Canadian Malartic",17332900.0,2.11678368882299e-08,Ore processed,1,ore
QC-MAIN-e7e6a960,,Water,Selenium (and its compounds),Emission,Direct Discharge,kg,6.107,QC-MAIN-e7e6a960,"Au and Ag, Open-pit mining and beneficiation at Canadian Malartic",17332900.0,3.5233573147020987e-07,Ore processed,1,ore
QC-MAIN-e7e6a960,,Water,Thallium (and its compounds),Emission,Direct Discharge,kg,0.7468,QC-MAIN-e7e6a960,"Au and Ag, Open-pit mining and beneficiation at Canadian Malartic",17332900.0,4.3085692526928556e-08,Ore processed,1,ore
QC-MAIN-e7e6a960,,Water,Vanadium (and its compounds),Emission,Direct Discharge,tonnes,0.0039,QC-MAIN-e7e6a960,"Au and Ag, Open-pit mining and beneficiation at Canadian Malartic",17332900.0,2.250056251406285e-10,Ore processed,1,ore
QC-MAIN-e7e6a960,,Water,Zinc (and its compounds),Emission,Direct Discharge,tonnes,0.0516,QC-MAIN-e7e6a960,"Au and Ag, Open-pit mining and beneficiation at Canadian Malartic",17332900.0,2.9769975018606232e-09,Ore processed,1,ore
NU-MAIN-8b0264c9,,Water,Arsenic (and its compounds),Emission,Direct Discharge,kg,2.552407,NU-MAIN-8b0264c9,"Au and Ag, Open-pit and underground mining and beneficiation at Meliadine",1918143.0,1.3306656490157409e-06,Ore processed,1,ore
NU-MAIN-8b0264c9,,Water,Cadmium (and its compounds),Emission,Direct Discharge,kg,0.006672,NU-MAIN-8b0264c9,"Au and Ag, Open-pit and underground mining and beneficiation at Meliadine",1918143.0,3.478364230404094e-09,Ore processed,1,ore
NU-MAIN-8b0264c9,,Water,Cobalt (and its compounds),Emission,Direct Discharge,kg,0.545431,NU-MAIN-8b0264c9,"Au and Ag, Open-pit and underground mining and beneficiation at Meliadine",1918143.0,2.843536691477121e-07,Ore processed,1,ore
NU-MAIN-8b0264c9,,Water,Copper (and its compounds),Emission,Direct Discharge,tonnes,0.00126,NU-MAIN-8b0264c9,"Au and Ag, Open-pit and underground mining and beneficiation at Meliadine",1918143.0,6.568853312813488e-10,Ore processed,1,ore
NU-MAIN-8b0264c9,,Water,Cyanides (ionic),Emission,Direct Discharge,tonnes,0.000593,NU-MAIN-8b0264c9,"Au and Ag, Open-pit and underground mining and beneficiation at Meliadine",1918143.0,3.0915317575384106e-10,Ore processed,1,ore
NU-MAIN-8b0264c9,,Water,Lead (and its compounds),Emission,Direct Discharge,kg,0.063545,NU-MAIN-8b0264c9,"Au and Ag, Open-pit and underground mining and beneficiation at Meliadine",1918143.0,3.312839553672484e-08,Ore processed,1,ore
NU-MAIN-8b0264c9,,Water,Manganese (and its compounds),Emission,Direct Discharge,tonnes,0.025815,NU-MAIN-8b0264c9,"Au and Ag, Open-pit and underground mining and beneficiation at Meliadine",1918143.0,1.3458329227800013e-08,Ore processed,1,ore
NU-MAIN-8b0264c9,,Water,Nickel (and its compounds),Emission,Direct Discharge,tonnes,0.002478,NU-MAIN-8b0264c9,"Au and Ag, Open-pit and underground mining and beneficiation at Meliadine",1918143.0,1.2918744848533192e-09,Ore processed,1,ore
NU-MAIN-8b0264c9,,Water,Phosphorus (total),Emission,Direct Discharge,tonnes,0.017517,NU-MAIN-8b0264c9,"Au and Ag, Open-pit and underground mining and beneficiation at Meliadine",1918143.0,9.132270117504274e-09,Ore processed,1,ore
NU-MAIN-8b0264c9,,Water,Selenium (and its compounds),Emission,Direct Discharge,kg,0.381272,NU-MAIN-8b0264c9,"Au and Ag, Open-pit and underground mining and beneficiation at Meliadine",1918143.0,1.9877141589547807e-07,Ore processed,1,ore
NU-MAIN-8b0264c9,,Water,Thallium (and its compounds),Emission,Direct Discharge,kg,0.009532,NU-MAIN-8b0264c9,"Au and Ag, Open-pit and underground mining and beneficiation at Meliadine",1918143.0,4.969389664899854e-09,Ore processed,1,ore
NU-MAIN-8b0264c9,,Water,Zinc (and its compounds),Emission,Direct Discharge,tonnes,0.001631,NU-MAIN-8b0264c9,"Au and Ag, Open-pit and underground mining and beneficiation at Meliadine",1918143.0,8.503015677141903e-10,Ore processed,1,ore
QC-MAIN-c0660aec,,Water,Arsenic (and its compounds),Emission,Direct Discharge,kg,0.5256,QC-MAIN-c0660aec,"Au and Cu, Underground mining and beneficiation at Goldex",2886927.328724,1.8206208198261477e-07,Ore processed,1,ore
QC-MAIN-c0660aec,,Water,Cadmium (and its compounds),Emission,Direct Discharge,kg,0.0131,QC-MAIN-c0660aec,"Au and Cu, Underground mining and beneficiation at Goldex",2886927.328724,4.53769648777065e-09,Ore processed,1,ore
QC-MAIN-c0660aec,,Water,Chromium (and its compounds),Emission,Direct Discharge,tonnes,0.0023,QC-MAIN-c0660aec,"Au and Cu, Underground mining and beneficiation at Goldex",2886927.328724,7.966948031963737e-10,Ore processed,1,ore
QC-MAIN-c0660aec,,Water,Cobalt (and its compounds),Emission,Direct Discharge,kg,0.3285,QC-MAIN-c0660aec,"Au and Cu, Underground mining and beneficiation at Goldex",2886927.328724,1.1378880123913424e-07,Ore processed,1,ore
QC-MAIN-c0660aec,,Water,Copper (and its compounds),Emission,Direct Discharge,tonnes,0.0022,QC-MAIN-c0660aec,"Au and Cu, Underground mining and beneficiation at Goldex",2886927.328724,7.620558987095749e-10,Ore processed,1,ore
QC-MAIN-c0660aec,,Water,Lead (and its compounds),Emission,Direct Discharge,kg,0.1117,QC-MAIN-c0660aec,"Au and Cu, Underground mining and beneficiation at Goldex",2886927.328724,3.869165631175432e-08,Ore processed,1,ore
QC-MAIN-c0660aec,,Water,Manganese (and its compounds),Emission,Direct Discharge,tonnes,0.087,QC-MAIN-c0660aec,"Au and Cu, Underground mining and beneficiation at Goldex",2886927.328724,3.0135846903515e-08,Ore processed,1,ore
QC-MAIN-c0660aec,,Water,Nickel (and its compounds),Emission,Direct Discharge,tonnes,0.0016,QC-MAIN-c0660aec,"Au and Cu, Underground mining and beneficiation at Goldex",2886927.328724,5.542224717887817e-10,Ore processed,1,ore
QC-MAIN-c0660aec,,Water,Zinc (and its compounds),Emission,Direct Discharge,tonnes,0.0034,QC-MAIN-c0660aec,"Au and Cu, Underground mining and beneficiation at Goldex",2886927.328724,1.177722752551161e-09,Ore processed,1,ore
ON-MAIN-687b8c8d,,Water,Ammonia (total),Emission,Direct Discharge,tonnes,10.24,ON-MAIN-687b8c8d,"Au, Underground mining and beneficiation at Island",439008.0,2.3325315256214012e-05,Ore processed,1,ore
ON-MAIN-7607a50e,,Water,Ammonia (total),Emission,Direct Discharge,tonnes,1.829343,ON-MAIN-7607a50e,"Au, Underground mining and beneficiation at Young-Davidson",2878047.0,6.356195711883788e-07,Ore processed,1,ore
ON-MAIN-7607a50e,,Water,Antimony (and its compounds),Emission,Direct Discharge,tonnes,0.0017,ON-MAIN-7607a50e,"Au, Underground mining and beneficiation at Young-Davidson",2878047.0,5.906783315213406e-10,Ore processed,1,ore
ON-MAIN-687b8c8d,,Water,Arsenic (and its compounds),Emission,Direct Discharge,kg,4.9773,ON-MAIN-687b8c8d,"Au, Underground mining and beneficiation at Island",439008.0,1.1337606603979882e-05,Ore processed,1,ore
ON-MAIN-7607a50e,,Water,Arsenic (and its compounds),Emission,Direct Discharge,kg,6.456504,ON-MAIN-7607a50e,"Au, Underground mining and beneficiation at Young-Davidson",2878047.0,2.243362947165213e-06,Ore processed,1,ore
ON-MAIN-687b8c8d,,Water,Cadmium (and its compounds),Emission,Direct Discharge,kg,0.0282,ON-MAIN-687b8c8d,"Au, Underground mining and beneficiation at Island",439008.0,6.423573146730811e-08,Ore processed,1,ore
ON-MAIN-7607a50e,,Water,Cadmium (and its compounds),Emission,Direct Discharge,kg,0.106532,ON-MAIN-7607a50e,"Au, Underground mining and beneficiation at Young-Davidson",2878047.0,3.701537883154792e-08,Ore processed,1,ore
ON-MAIN-687b8c8d,,Water,Chromium (and its compounds),Emission,Direct Discharge,tonnes,0.0016,ON-MAIN-687b8c8d,"Au, Underground mining and beneficiation at Island",439008.0,3.6445805087834393e-09,Ore processed,1,ore
ON-MAIN-7607a50e,,Water,Chromium (and its compounds),Emission,Direct Discharge,tonnes,0.00226,ON-MAIN-7607a50e,"Au, Underground mining and beneficiation at Young-Davidson",2878047.0,7.852547230813117e-10,Ore processed,1,ore
ON-MAIN-687b8c8d,,Water,Cobalt (and its compounds),Emission,Direct Discharge,kg,14.5471,ON-MAIN-687b8c8d,"Au, Underground mining and beneficiation at Island",439008.0,3.313629819957723e-05,Ore processed,1,ore
ON-MAIN-7607a50e,,Water,Cobalt (and its compounds),Emission,Direct Discharge,kg,10.222798,ON-MAIN-7607a50e,"Au, Underground mining and beneficiation at Young-Davidson",2878047.0,3.5519913330115872e-06,Ore processed,1,ore
ON-MAIN-687b8c8d,,Water,Copper (and its compounds),Emission,Direct Discharge,tonnes,0.0212,ON-MAIN-687b8c8d,"Au, Underground mining and beneficiation at Island",439008.0,4.8290691741380565e-08,Ore processed,1,ore
ON-MAIN-7607a50e,,Water,Copper (and its compounds),Emission,Direct Discharge,tonnes,0.027978,ON-MAIN-7607a50e,"Au, Underground mining and beneficiation at Young-Davidson",2878047.0,9.721175505472982e-09,Ore processed,1,ore
ON-MAIN-687b8c8d,,Water,Cyanides (ionic),Emission,Direct Discharge,tonnes,0.0118,ON-MAIN-687b8c8d,"Au, Underground mining and beneficiation at Island",439008.0,2.6878781252277863e-08,Ore processed,1,ore
ON-MAIN-687b8c8d,,Water,Lead (and its compounds),Emission,Direct Discharge,kg,0.173,ON-MAIN-687b8c8d,"Au, Underground mining and beneficiation at Island",439008.0,3.940702675122093e-07,Ore processed,1,ore
ON-MAIN-7607a50e,,Water,Lead (and its compounds),Emission,Direct Discharge,kg,0.333586,ON-MAIN-7607a50e,"Au, Underground mining and beneficiation at Young-Davidson",2878047.0,1.1590707170522232e-07,Ore processed,1,ore
ON-MAIN-687b8c8d,,Water,Manganese (and its compounds),Emission,Direct Discharge,tonnes,0.1223,ON-MAIN-687b8c8d,"Au, Underground mining and beneficiation at Island",439008.0,2.785826226401341e-07,Ore processed,1,ore
ON-MAIN-687b8c8d,,Water,Mercury (and its compounds),Emission,Direct Discharge,tonnes,0.000173,ON-MAIN-687b8c8d,"Au, Underground mining and beneficiation at Island",439008.0,3.9407026751220936e-10,Ore processed,1,ore
ON-MAIN-7607a50e,,Water,Mercury (and its compounds),Emission,Direct Discharge,tonnes,0.000172173,ON-MAIN-7607a50e,"Au, Underground mining and beneficiation at Young-Davidson",2878047.0,5.982285904295516e-11,Ore processed,1,ore
ON-MAIN-687b8c8d,,Water,Nickel (and its compounds),Emission,Direct Discharge,tonnes,0.0155,ON-MAIN-687b8c8d,"Au, Underground mining and beneficiation at Island",439008.0,3.530687367883956e-08,Ore processed,1,ore
ON-MAIN-7607a50e,,Water,Nickel (and its compounds),Emission,Direct Discharge,tonnes,0.010761,ON-MAIN-7607a50e,"Au, Underground mining and beneficiation at Young-Davidson",2878047.0,3.738993838530086e-09,Ore processed,1,ore
ON-MAIN-687b8c8d,,Water,Nitrate ion in solution at pH >= 6.0,Emission,Direct Discharge,tonnes,19.6176,ON-MAIN-687b8c8d,"Au, Underground mining and beneficiation at Island",439008.0,4.4686201618193744e-05,Ore processed,1,ore
ON-MAIN-7607a50e,,Water,Nitrate ion in solution at pH >= 6.0,Emission,Direct Discharge,tonnes,95.663868,ON-MAIN-7607a50e,"Au, Underground mining and beneficiation at Young-Davidson",2878047.0,3.323916113948104e-05,Ore processed,1,ore
ON-MAIN-7607a50e,,Water,Phosphorus (total),Emission,Direct Discharge,tonnes,0.215217,ON-MAIN-7607a50e,"Au, Underground mining and beneficiation at Young-Davidson",2878047.0,7.477883439707551e-08,Ore processed,1,ore
ON-MAIN-687b8c8d,,Water,Selenium (and its compounds),Emission,Direct Discharge,kg,1.4547,ON-MAIN-687b8c8d,"Au, Underground mining and beneficiation at Island",439008.0,3.313607041329543e-06,Ore processed,1,ore
ON-MAIN-7607a50e,,Water,Selenium (and its compounds),Emission,Direct Discharge,kg,8.71628,ON-MAIN-7607a50e,"Au, Underground mining and beneficiation at Young-Davidson",2878047.0,3.028539839689901e-06,Ore processed,1,ore
ON-MAIN-7607a50e,,Water,Silver (and its compounds),Emission,Direct Discharge,tonnes,0.000204,ON-MAIN-7607a50e,"Au, Underground mining and beneficiation at Young-Davidson",2878047.0,7.088139978256088e-11,Ore processed,1,ore
ON-MAIN-7607a50e,,Water,Thallium (and its compounds),Emission,Direct Discharge,kg,0.161413,ON-MAIN-7607a50e,"Au, Underground mining and beneficiation at Young-Davidson",2878047.0,5.608421266226716e-08,Ore processed,1,ore
ON-MAIN-7607a50e,,Water,Vanadium (and its compounds),Emission,Direct Discharge,tonnes,0.001722,ON-MAIN-7607a50e,"Au, Underground mining and beneficiation at Young-Davidson",2878047.0,5.983224040469109e-10,Ore processed,1,ore
ON-MAIN-687b8c8d,,Water,Zinc (and its compounds),Emission,Direct Discharge,tonnes,0.0036,ON-MAIN-687b8c8d,"Au, Underground mining and beneficiation at Island",439008.0,8.200306144762737e-09,Ore processed,1,ore
ON-MAIN-7607a50e,,Water,Zinc (and its compounds),Emission,Direct Discharge,tonnes,0.01937,ON-MAIN-7607a50e,"Au, Underground mining and beneficiation at Young-Davidson",2878047.0,6.73025840092257e-09,Ore processed,1,ore
SK-MAIN-91cf5448,,Water,Arsenic (and its compounds),Emission,Direct Discharge,kg,31.102,SK-MAIN-91cf5448,"U, Underground mining at Cigar Lake",43726.856187782,0.0007112791248114107,Ore processed,1,ore
SK-MAIN-91cf5448,,Water,Cadmium (and its compounds),Emission,Direct Discharge,kg,0.003,SK-MAIN-91cf5448,"U, Underground mining at Cigar Lake",43726.856187782,6.860772215401685e-08,Ore processed,1,ore
SK-MAIN-91cf5448,,Water,Cobalt (and its compounds),Emission,Direct Discharge,kg,0.092,SK-MAIN-91cf5448,"U, Underground mining at Cigar Lake",43726.856187782,2.1039701460565166e-06,Ore processed,1,ore
SK-MAIN-91cf5448,,Water,Lead (and its compounds),Emission,Direct Discharge,kg,0.034,SK-MAIN-91cf5448,"U, Underground mining at Cigar Lake",43726.856187782,7.77554184412191e-07,Ore processed,1,ore
BC-MAIN-599152a0,,Water,Arsenic (and its compounds),Emission,Direct Discharge,kg,0.0253,BC-MAIN-599152a0,"Au and Ag and Cu, Open-pit mining and beneficiation at Copper Mountain",6862152.0,3.6868900601443977e-09,Ore processed,1,ore
BC-MAIN-599152a0,,Water,Cadmium (and its compounds),Emission,Direct Discharge,kg,0.0003,BC-MAIN-599152a0,"Au and Ag and Cu, Open-pit mining and beneficiation at Copper Mountain",6862152.0,4.371806395428139e-11,Ore processed,1,ore
BC-MAIN-599152a0,,Water,Cobalt (and its compounds),Emission,Direct Discharge,kg,0.0024,BC-MAIN-599152a0,"Au and Ag and Cu, Open-pit mining and beneficiation at Copper Mountain",6862152.0,3.497445116342511e-10,Ore processed,1,ore
BC-MAIN-599152a0,,Water,Copper (and its compounds),Emission,Direct Discharge,tonnes,0.0001,BC-MAIN-599152a0,"Au and Ag and Cu, Open-pit mining and beneficiation at Copper Mountain",6862152.0,1.4572687984760466e-11,Ore processed,1,ore
BC-MAIN-599152a0,,Water,Lead (and its compounds),Emission,Direct Discharge,kg,0.0019,BC-MAIN-599152a0,"Au and Ag and Cu, Open-pit mining and beneficiation at Copper Mountain",6862152.0,2.7688107171044887e-10,Ore processed,1,ore
BC-MAIN-599152a0,,Water,Manganese (and its compounds),Emission,Direct Discharge,tonnes,0.0001,BC-MAIN-599152a0,"Au and Ag and Cu, Open-pit mining and beneficiation at Copper Mountain",6862152.0,1.4572687984760466e-11,Ore processed,1,ore
BC-MAIN-599152a0,,Water,Mercury (and its compounds),Emission,Direct Discharge,tonnes,1.0000000000000001e-07,BC-MAIN-599152a0,"Au and Ag and Cu, Open-pit mining and beneficiation at Copper Mountain",6862152.0,1.4572687984760466e-14,Ore processed,1,ore
BC-MAIN-599152a0,,Water,Phosphorus (total),Emission,Direct Discharge,tonnes,0.0021,BC-MAIN-599152a0,"Au and Ag and Cu, Open-pit mining and beneficiation at Copper Mountain",6862152.0,3.0602644767996976e-10,Ore processed,1,ore
BC-MAIN-599152a0,,Water,Selenium (and its compounds),Emission,Direct Discharge,kg,0.5255,BC-MAIN-599152a0,"Au and Ag and Cu, Open-pit mining and beneficiation at Copper Mountain",6862152.0,7.657947535991624e-08,Ore processed,1,ore
BC-MAIN-599152a0,,Water,Thallium (and its compounds),Emission,Direct Discharge,kg,0.0002,BC-MAIN-599152a0,"Au and Ag and Cu, Open-pit mining and beneficiation at Copper Mountain",6862152.0,2.914537596952093e-11,Ore processed,1,ore
ON-MAIN-7f050560,,Water,Arsenic (and its compounds),Emission,Direct Discharge,kg,53.7593,ON-MAIN-7f050560,"Au, Underground mining and beneficiation at Red Lake",841000.0,6.39230677764566e-05,Ore processed,1,ore
ON-MAIN-7f050560,,Water,Cadmium (and its compounds),Emission,Direct Discharge,kg,0.028,ON-MAIN-7f050560,"Au, Underground mining and beneficiation at Red Lake",841000.0,3.329369797859691e-08,Ore processed,1,ore
ON-MAIN-7f050560,,Water,Cobalt (and its compounds),Emission,Direct Discharge,kg,14.5311,ON-MAIN-7f050560,"Au, Underground mining and beneficiation at Red Lake",841000.0,1.7278359096313912e-05,Ore processed,1,ore
ON-MAIN-7f050560,,Water,Lead (and its compounds),Emission,Direct Discharge,kg,0.1588,ON-MAIN-7f050560,"Au, Underground mining and beneficiation at Red Lake",841000.0,1.8882282996432818e-07,Ore processed,1,ore
ON-MAIN-7f050560,,Water,Mercury (and its compounds),Emission,Direct Discharge,tonnes,3.8e-06,ON-MAIN-7f050560,"Au, Underground mining and beneficiation at Red Lake",841000.0,4.518430439952438e-12,Ore processed,1,ore
ON-MAIN-7f050560,,Water,Nitrate ion in solution at pH >= 6.0,Emission,Direct Discharge,tonnes,114.69277,ON-MAIN-7f050560,"Au, Underground mining and beneficiation at Red Lake",841000.0,0.0001363766587395957,Ore processed,1,ore
NL-MAIN-c139de6d,,Water,Ammonia (total),Emission,Direct Discharge,tonnes,0.004,NL-MAIN-c139de6d,,,,Ore processed,1,ore
NL-MAIN-c139de6d,,Water,Copper (and its compounds),Emission,Direct Discharge,tonnes,0.0085,NL-MAIN-c139de6d,,,,Ore processed,1,ore
NL-MAIN-c139de6d,,Water,Lead (and its compounds),Emission,Direct Discharge,kg,23.0,NL-MAIN-c139de6d,,,,Ore processed,1,ore
NL-MAIN-c139de6d,,Water,Nickel (and its compounds),Emission,Direct Discharge,tonnes,0.005,NL-MAIN-c139de6d,,,,Ore processed,1,ore
NL-MAIN-c139de6d,,Water,Zinc (and its compounds),Emission,Direct Discharge,tonnes,0.005,NL-MAIN-c139de6d,,,,Ore processed,1,ore
BC-MAIN-6b4800fe,,Water,Arsenic (and its compounds),Emission,Direct Discharge,kg,0.593561,BC-MAIN-6b4800fe,"Cu and Mo, Open-pit mining and beneficiation at Gibraltar",30000000.0,1.9785366666666667e-08,Ore processed,1,ore
BC-MAIN-6b4800fe,,Water,Cadmium (and its compounds),Emission,Direct Discharge,kg,0.007399,BC-MAIN-6b4800fe,"Cu and Mo, Open-pit mining and beneficiation at Gibraltar",30000000.0,2.4663333333333335e-10,Ore processed,1,ore
BC-MAIN-6b4800fe,,Water,Chromium (and its compounds),Emission,Direct Discharge,tonnes,0.00036,BC-MAIN-6b4800fe,"Cu and Mo, Open-pit mining and beneficiation at Gibraltar",30000000.0,1.2e-11,Ore processed,1,ore
BC-MAIN-6b4800fe,,Water,Cobalt (and its compounds),Emission,Direct Discharge,kg,0.468545,BC-MAIN-6b4800fe,"Cu and Mo, Open-pit mining and beneficiation at Gibraltar",30000000.0,1.5618166666666666e-08,Ore processed,1,ore
BC-MAIN-6b4800fe,,Water,Copper (and its compounds),Emission,Direct Discharge,tonnes,0.00516,BC-MAIN-6b4800fe,"Cu and Mo, Open-pit mining and beneficiation at Gibraltar",30000000.0,1.72e-10,Ore processed,1,ore
BC-MAIN-6b4800fe,,Water,Lead (and its compounds),Emission,Direct Discharge,kg,0.060865,BC-MAIN-6b4800fe,"Cu and Mo, Open-pit mining and beneficiation at Gibraltar",30000000.0,2.0288333333333336e-09,Ore processed,1,ore
BC-MAIN-6b4800fe,,Water,Manganese (and its compounds),Emission,Direct Discharge,tonnes,0.284101,BC-MAIN-6b4800fe,"Cu and Mo, Open-pit mining and beneficiation at Gibraltar",30000000.0,9.470033333333333e-09,Ore processed,1,ore
BC-MAIN-6b4800fe,,Water,Mercury (and its compounds),Emission,Direct Discharge,tonnes,2.047e-06,BC-MAIN-6b4800fe,"Cu and Mo, Open-pit mining and beneficiation at Gibraltar",30000000.0,6.823333333333333e-14,Ore processed,1,ore
BC-MAIN-6b4800fe,,Water,Nickel (and its compounds),Emission,Direct Discharge,tonnes,0.000671,BC-MAIN-6b4800fe,"Cu and Mo, Open-pit mining and beneficiation at Gibraltar",30000000.0,2.2366666666666668e-11,Ore processed,1,ore
BC-MAIN-6b4800fe,,Water,Selenium (and its compounds),Emission,Direct Discharge,kg,0.224809,BC-MAIN-6b4800fe,"Cu and Mo, Open-pit mining and beneficiation at Gibraltar",30000000.0,7.493633333333334e-09,Ore processed,1,ore
BC-MAIN-6b4800fe,,Water,Zinc (and its compounds),Emission,Direct Discharge,tonnes,0.003147,BC-MAIN-6b4800fe,"Cu and Mo, Open-pit mining and beneficiation at Gibraltar",30000000.0,1.0490000000000001e-10,Ore processed,1,ore
QC-MAIN-a97821c0,,Water,Arsenic (and its compounds),Emission,Direct Discharge,kg,0.01546,QC-MAIN-a97821c0,"Cu and Ni and Co and Pt, Underground mining and beneficiation at Raglan",1500000.0,1.0306666666666667e-08,Ore processed,1,ore
QC-MAIN-a97821c0,,Water,Cadmium (and its compounds),Emission,Direct Discharge,kg,0.089,QC-MAIN-a97821c0,"Cu and Ni and Co and Pt, Underground mining and beneficiation at Raglan",1500000.0,5.933333333333333e-08,Ore processed,1,ore
QC-MAIN-a97821c0,,Water,Chromium (and its compounds),Emission,Direct Discharge,tonnes,0.0005,QC-MAIN-a97821c0,"Cu and Ni and Co and Pt, Underground mining and beneficiation at Raglan",1500000.0,3.333333333333333e-10,Ore processed,1,ore
QC-MAIN-a97821c0,,Water,Cobalt (and its compounds),Emission,Direct Discharge,kg,6.82333,QC-MAIN-a97821c0,"Cu and Ni and Co and Pt, Underground mining and beneficiation at Raglan",1500000.0,4.548886666666667e-06,Ore processed,1,ore
QC-MAIN-a97821c0,,Water,Copper (and its compounds),Emission,Direct Discharge,tonnes,0.0074,QC-MAIN-a97821c0,"Cu and Ni and Co and Pt, Underground mining and beneficiation at Raglan",1500000.0,4.933333333333334e-09,Ore processed,1,ore
QC-MAIN-a97821c0,,Water,Lead (and its compounds),Emission,Direct Discharge,kg,0.318529,QC-MAIN-a97821c0,"Cu and Ni and Co and Pt, Underground mining and beneficiation at Raglan",1500000.0,2.1235266666666668e-07,Ore processed,1,ore
QC-MAIN-a97821c0,,Water,Manganese (and its compounds),Emission,Direct Discharge,tonnes,0.0914,QC-MAIN-a97821c0,"Cu and Ni and Co and Pt, Underground mining and beneficiation at Raglan",1500000.0,6.093333333333334e-08,Ore processed,1,ore
QC-MAIN-a97821c0,,Water,Mercury (and its compounds),Emission,Direct Discharge,tonnes,9.76e-07,QC-MAIN-a97821c0,"Cu and Ni and Co and Pt, Underground mining and beneficiation at Raglan",1500000.0,6.506666666666668e-13,Ore processed,1,ore
QC-MAIN-a97821c0,,Water,Nickel (and its compounds),Emission,Direct Discharge,tonnes,0.5614,QC-MAIN-a97821c0,"Cu and Ni and Co and Pt, Underground mining and beneficiation at Raglan",1500000.0,3.7426666666666666e-07,Ore processed,1,ore
QC-MAIN-a97821c0,,Water,Nitrate ion in solution at pH >= 6.0,Emission,Direct Discharge,tonnes,22.4626,QC-MAIN-a97821c0,"Cu and Ni and Co and Pt, Underground mining and beneficiation at Raglan",1500000.0,1.4975066666666665e-05,Ore processed,1,ore
QC-MAIN-a97821c0,,Water,Phosphorus (total),Emission,Direct Discharge,tonnes,0.1161,QC-MAIN-a97821c0,"Cu and Ni and Co and Pt, Underground mining and beneficiation at Raglan",1500000.0,7.739999999999999e-08,Ore processed,1,ore
QC-MAIN-a97821c0,,Water,Selenium (and its compounds),Emission,Direct Discharge,kg,5.594,QC-MAIN-a97821c0,"Cu and Ni and Co and Pt, Underground mining and beneficiation at Raglan",1500000.0,3.7293333333333334e-06,Ore processed,1,ore
QC-MAIN-a97821c0,,Water,Thallium (and its compounds),Emission,Direct Discharge,kg,0.1889,QC-MAIN-a97821c0,"Cu and Ni and Co and Pt, Underground mining and beneficiation at Raglan",1500000.0,1.2593333333333334e-07,Ore processed,1,ore
QC-MAIN-a97821c0,,Water,Zinc (and its compounds),Emission,Direct Discharge,tonnes,0.0098,QC-MAIN-a97821c0,"Cu and Ni and Co and Pt, Underground mining and beneficiation at Raglan",1500000.0,6.533333333333333e-09,Ore processed,1,ore
ON-MAIN-f8313ebd,,Water,Arsenic (and its compounds),Emission,Direct Discharge,kg,2.396,ON-MAIN-f8313ebd,"Ag and Cu and Zn, Underground mining and beneficiation at Kidd Creek",1340000.0,1.7880597014925373e-06,Ore processed,1,ore
ON-MAIN-f8313ebd,,Water,Cadmium (and its compounds),Emission,Direct Discharge,kg,3.041,ON-MAIN-f8313ebd,"Ag and Cu and Zn, Underground mining and beneficiation at Kidd Creek",1340000.0,2.269402985074627e-06,Ore processed,1,ore
ON-MAIN-f8313ebd,,Water,Copper (and its compounds),Emission,Direct Discharge,tonnes,0.043,ON-MAIN-f8313ebd,"Ag and Cu and Zn, Underground mining and beneficiation at Kidd Creek",1340000.0,3.2089552238805965e-08,Ore processed,1,ore
ON-MAIN-f8313ebd,,Water,Lead (and its compounds),Emission,Direct Discharge,kg,0.623,ON-MAIN-f8313ebd,"Ag and Cu and Zn, Underground mining and beneficiation at Kidd Creek",1340000.0,4.649253731343284e-07,Ore processed,1,ore
ON-MAIN-f8313ebd,,Water,Nitrate ion in solution at pH >= 6.0,Emission,Direct Discharge,tonnes,29.685,ON-MAIN-f8313ebd,"Ag and Cu and Zn, Underground mining and beneficiation at Kidd Creek",1340000.0,2.2152985074626864e-05,Ore processed,1,ore
ON-MAIN-f8313ebd,,Water,Selenium (and its compounds),Emission,Direct Discharge,kg,23.623,ON-MAIN-f8313ebd,"Ag and Cu and Zn, Underground mining and beneficiation at Kidd Creek",1340000.0,1.7629104477611943e-05,Ore processed,1,ore
ON-MAIN-f8313ebd,,Water,Zinc (and its compounds),Emission,Direct Discharge,tonnes,0.66,ON-MAIN-f8313ebd,"Ag and Cu and Zn, Underground mining and beneficiation at Kidd Creek",1340000.0,4.925373134328358e-07,Ore processed,1,ore
ON-MAIN-3b3e5365,,Water,Ammonia (total),Emission,Direct Discharge,tonnes,1.309989,ON-MAIN-3b3e5365,,,,Ore processed,1,ore
ON-MAIN-fefeaee4,,Water,Ammonia (total),Emission,Direct Discharge,tonnes,1.29,ON-MAIN-fefeaee4,"Au, Underground mining and beneficiation at Musselwhite",1028000.0,1.254863813229572e-06,Ore processed,1,ore
QC-MAIN-6dc537e6,,Water,Antimony (and its compounds),Emission,Direct Discharge,tonnes,0.803,QC-MAIN-6dc537e6,"Au and Ag, Underground mining and beneficiation at Éléonore",1661000.0,4.834437086092716e-07,Ore processed,1,ore
ON-MAIN-3b3e5365,,Water,Arsenic (and its compounds),Emission,Direct Discharge,kg,32.249507,ON-MAIN-3b3e5365,,,,Ore processed,1,ore
ON-MAIN-fefeaee4,,Water,Arsenic (and its compounds),Emission,Direct Discharge,kg,2.61631,ON-MAIN-fefeaee4,"Au, Underground mining and beneficiation at Musselwhite",1028000.0,2.5450486381322958e-06,Ore processed,1,ore
QC-MAIN-6dc537e6,,Water,Arsenic (and its compounds),Emission,Direct Discharge,kg,13.59,QC-MAIN-6dc537e6,"Au and Ag, Underground mining and beneficiation at Éléonore",1661000.0,8.181818181818181e-06,Ore processed,1,ore
ON-MAIN-3b3e5365,,Water,Cadmium (and its compounds),Emission,Direct Discharge,kg,0.272129,ON-MAIN-3b3e5365,,,,Ore processed,1,ore
ON-MAIN-fefeaee4,,Water,Cadmium (and its compounds),Emission,Direct Discharge,kg,0.015999,ON-MAIN-fefeaee4,"Au, Underground mining and beneficiation at Musselwhite",1028000.0,1.5563229571984434e-08,Ore processed,1,ore
QC-MAIN-6dc537e6,,Water,Cadmium (and its compounds),Emission,Direct Discharge,kg,0.032,QC-MAIN-6dc537e6,"Au and Ag, Underground mining and beneficiation at Éléonore",1661000.0,1.926550270921132e-08,Ore processed,1,ore
ON-MAIN-3b3e5365,,Water,Chromium (and its compounds),Emission,Direct Discharge,tonnes,0.00979,ON-MAIN-3b3e5365,,,,Ore processed,1,ore
QC-MAIN-6dc537e6,,Water,Chromium (and its compounds),Emission,Direct Discharge,tonnes,0.0025,QC-MAIN-6dc537e6,"Au and Ag, Underground mining and beneficiation at Éléonore",1661000.0,1.5051173991571343e-09,Ore processed,1,ore
ON-MAIN-3b3e5365,,Water,Cobalt (and its compounds),Emission,Direct Discharge,kg,49.326755,ON-MAIN-3b3e5365,,,,Ore processed,1,ore
ON-MAIN-fefeaee4,,Water,Cobalt (and its compounds),Emission,Direct Discharge,kg,0.030874,ON-MAIN-fefeaee4,"Au, Underground mining and beneficiation at Musselwhite",1028000.0,3.003307392996109e-08,Ore processed,1,ore
QC-MAIN-6dc537e6,,Water,Cobalt (and its compounds),Emission,Direct Discharge,kg,365.1,QC-MAIN-6dc537e6,"Au and Ag, Underground mining and beneficiation at Éléonore",1661000.0,0.0002198073449729079,Ore processed,1,ore
ON-MAIN-3b3e5365,,Water,Copper (and its compounds),Emission,Direct Discharge,tonnes,0.011749,ON-MAIN-3b3e5365,,,,Ore processed,1,ore
QC-MAIN-6dc537e6,,Water,Copper (and its compounds),Emission,Direct Discharge,tonnes,0.0122,QC-MAIN-6dc537e6,"Au and Ag, Underground mining and beneficiation at Éléonore",1661000.0,7.344972907886816e-09,Ore processed,1,ore
ON-MAIN-3b3e5365,,Water,Cyanides (ionic),Emission,Direct Discharge,tonnes,0.06416,ON-MAIN-3b3e5365,,,,Ore processed,1,ore
QC-MAIN-6dc537e6,,Water,Cyanides (ionic),Emission,Direct Discharge,tonnes,0.034,QC-MAIN-6dc537e6,"Au and Ag, Underground mining and beneficiation at Éléonore",1661000.0,2.0469596628537027e-08,Ore processed,1,ore
ON-MAIN-3b3e5365,,Water,Lead (and its compounds),Emission,Direct Discharge,kg,1.184436,ON-MAIN-3b3e5365,,,,Ore processed,1,ore
ON-MAIN-fefeaee4,,Water,Lead (and its compounds),Emission,Direct Discharge,kg,0.133797,ON-MAIN-fefeaee4,"Au, Underground mining and beneficiation at Musselwhite",1028000.0,1.3015272373540855e-07,Ore processed,1,ore
QC-MAIN-6dc537e6,,Water,Lead (and its compounds),Emission,Direct Discharge,kg,0.239,QC-MAIN-6dc537e6,"Au and Ag, Underground mining and beneficiation at Éléonore",1661000.0,1.4388922335942203e-07,Ore processed,1,ore
QC-MAIN-6dc537e6,,Water,Manganese (and its compounds),Emission,Direct Discharge,tonnes,0.044,QC-MAIN-6dc537e6,"Au and Ag, Underground mining and beneficiation at Éléonore",1661000.0,2.6490066225165563e-08,Ore processed,1,ore
ON-MAIN-3b3e5365,,Water,Mercury (and its compounds),Emission,Direct Discharge,tonnes,3.6682e-05,ON-MAIN-3b3e5365,,,,Ore processed,1,ore
ON-MAIN-fefeaee4,,Water,Mercury (and its compounds),Emission,Direct Discharge,tonnes,2.97e-06,ON-MAIN-fefeaee4,"Au, Underground mining and beneficiation at Musselwhite",1028000.0,2.8891050583657585e-12,Ore processed,1,ore
QC-MAIN-6dc537e6,,Water,Mercury (and its compounds),Emission,Direct Discharge,tonnes,3.7e-05,QC-MAIN-6dc537e6,"Au and Ag, Underground mining and beneficiation at Éléonore",1661000.0,2.2275737507525587e-11,Ore processed,1,ore
ON-MAIN-3b3e5365,,Water,Nickel (and its compounds),Emission,Direct Discharge,tonnes,0.102652,ON-MAIN-3b3e5365,,,,Ore processed,1,ore
QC-MAIN-6dc537e6,,Water,Nickel (and its compounds),Emission,Direct Discharge,tonnes,0.0976,QC-MAIN-6dc537e6,"Au and Ag, Underground mining and beneficiation at Éléonore",1661000.0,5.8759783263094526e-08,Ore processed,1,ore
ON-MAIN-fefeaee4,,Water,Nitrate ion in solution at pH >= 6.0,Emission,Direct Discharge,tonnes,106.087,ON-MAIN-fefeaee4,"Au, Underground mining and beneficiation at Musselwhite",1028000.0,0.00010319747081712062,Ore processed,1,ore
QC-MAIN-6dc537e6,,Water,Nitrate ion in solution at pH >= 6.0,Emission,Direct Discharge,tonnes,136.96,QC-MAIN-6dc537e6,"Au and Ag, Underground mining and beneficiation at Éléonore",1661000.0,8.245635159542444e-05,Ore processed,1,ore
ON-MAIN-3b3e5365,,Water,Selenium (and its compounds),Emission,Direct Discharge,kg,7.035554,ON-MAIN-3b3e5365,,,,Ore processed,1,ore
ON-MAIN-fefeaee4,,Water,Selenium (and its compounds),Emission,Direct Discharge,kg,1.640923,ON-MAIN-fefeaee4,"Au, Underground mining and beneficiation at Musselwhite",1028000.0,1.5962285992217898e-06,Ore processed,1,ore
QC-MAIN-6dc537e6,,Water,Selenium (and its compounds),Emission,Direct Discharge,kg,1.152,QC-MAIN-6dc537e6,"Au and Ag, Underground mining and beneficiation at Éléonore",1661000.0,6.935580975316075e-07,Ore processed,1,ore
ON-MAIN-3b3e5365,,Water,Thallium (and its compounds),Emission,Direct Discharge,kg,0.557416,ON-MAIN-3b3e5365,,,,Ore processed,1,ore
ON-MAIN-fefeaee4,,Water,Thallium (and its compounds),Emission,Direct Discharge,kg,0.01542,ON-MAIN-fefeaee4,"Au, Underground mining and beneficiation at Musselwhite",1028000.0,1.5e-08,Ore processed,1,ore
QC-MAIN-6dc537e6,,Water,Thallium (and its compounds),Emission,Direct Discharge,kg,0.362,QC-MAIN-6dc537e6,"Au and Ag, Underground mining and beneficiation at Éléonore",1661000.0,2.1794099939795302e-07,Ore processed,1,ore
ON-MAIN-3b3e5365,,Water,Vanadium (and its compounds),Emission,Direct Discharge,tonnes,0.007587,ON-MAIN-3b3e5365,,,,Ore processed,1,ore
QC-MAIN-6dc537e6,,Water,Vanadium (and its compounds),Emission,Direct Discharge,tonnes,0.0024,QC-MAIN-6dc537e6,"Au and Ag, Underground mining and beneficiation at Éléonore",1661000.0,1.4449127031908488e-09,Ore processed,1,ore
ON-MAIN-3b3e5365,,Water,Zinc (and its compounds),Emission,Direct Discharge,tonnes,0.130976,ON-MAIN-3b3e5365,,,,Ore processed,1,ore
QC-MAIN-6dc537e6,,Water,Zinc (and its compounds),Emission,Direct Discharge,tonnes,0.0063,QC-MAIN-6dc537e6,"Au and Ag, Underground mining and beneficiation at Éléonore",1661000.0,3.792895845875978e-09,Ore processed,1,ore
QC-MAIN-b86f7d07,,Water,Ammonia (total),Emission,Direct Discharge,tonnes,43.13,QC-MAIN-b86f7d07,"Au and Ag, Open-pit and underground mining and beneficiation at Casa Berardi",1361450.0,3.167945939990452e-05,Ore processed,1,ore
QC-MAIN-b86f7d07,,Water,Arsenic (and its compounds),Emission,Direct Discharge,kg,64.07,QC-MAIN-b86f7d07,"Au and Ag, Open-pit and underground mining and beneficiation at Casa Berardi",1361450.0,4.706011972529288e-05,Ore processed,1,ore
QC-MAIN-b86f7d07,,Water,Cadmium (and its compounds),Emission,Direct Discharge,kg,0.31,QC-MAIN-b86f7d07,"Au and Ag, Open-pit and underground mining and beneficiation at Casa Berardi",1361450.0,2.276984097836865e-07,Ore processed,1,ore
QC-MAIN-b86f7d07,,Water,Chromium (and its compounds),Emission,Direct Discharge,tonnes,0.001,QC-MAIN-b86f7d07,"Au and Ag, Open-pit and underground mining and beneficiation at Casa Berardi",1361450.0,7.345109993022145e-10,Ore processed,1,ore
QC-MAIN-b86f7d07,,Water,Cobalt (and its compounds),Emission,Direct Discharge,kg,97.47,QC-MAIN-b86f7d07,"Au and Ag, Open-pit and underground mining and beneficiation at Casa Berardi",1361450.0,7.159278710198685e-05,Ore processed,1,ore
QC-MAIN-b86f7d07,,Water,Copper (and its compounds),Emission,Direct Discharge,tonnes,0.27,QC-MAIN-b86f7d07,"Au and Ag, Open-pit and underground mining and beneficiation at Casa Berardi",1361450.0,1.9831796981159794e-07,Ore processed,1,ore
QC-MAIN-b86f7d07,,Water,Lead (and its compounds),Emission,Direct Discharge,kg,0.855,QC-MAIN-b86f7d07,"Au and Ag, Open-pit and underground mining and beneficiation at Casa Berardi",1361450.0,6.280069044033934e-07,Ore processed,1,ore
QC-MAIN-b86f7d07,,Water,Manganese (and its compounds),Emission,Direct Discharge,tonnes,1.12,QC-MAIN-b86f7d07,"Au and Ag, Open-pit and underground mining and beneficiation at Casa Berardi",1361450.0,8.226523192184804e-07,Ore processed,1,ore
QC-MAIN-b86f7d07,,Water,Mercury (and its compounds),Emission,Direct Discharge,tonnes,3e-05,QC-MAIN-b86f7d07,"Au and Ag, Open-pit and underground mining and beneficiation at Casa Berardi",1361450.0,2.2035329979066438e-11,Ore processed,1,ore
QC-MAIN-b86f7d07,,Water,Nickel (and its compounds),Emission,Direct Discharge,tonnes,0.24,QC-MAIN-b86f7d07,"Au and Ag, Open-pit and underground mining and beneficiation at Casa Berardi",1361450.0,1.7628263983253148e-07,Ore processed,1,ore
QC-MAIN-b86f7d07,,Water,Nitrate ion in solution at pH >= 6.0,Emission,Direct Discharge,tonnes,33.5,QC-MAIN-b86f7d07,"Au and Ag, Open-pit and underground mining and beneficiation at Casa Berardi",1361450.0,2.4606118476624187e-05,Ore processed,1,ore
QC-MAIN-b86f7d07,,Water,Selenium (and its compounds),Emission,Direct Discharge,kg,10.25,QC-MAIN-b86f7d07,"Au and Ag, Open-pit and underground mining and beneficiation at Casa Berardi",1361450.0,7.528737742847699e-06,Ore processed,1,ore
QC-MAIN-b86f7d07,,Water,Zinc (and its compounds),Emission,Direct Discharge,tonnes,0.02,QC-MAIN-b86f7d07,"Au and Ag, Open-pit and underground mining and beneficiation at Casa Berardi",1361450.0,1.4690219986044292e-08,Ore processed,1,ore
BC-MAIN-3f490561,,Water,Antimony (and its compounds),Emission,Direct Discharge,tonnes,0.0056,BC-MAIN-3f490561,"Au and Cu, Open-pit mining and beneficiation at Mount Polley",5948239.0,9.414551096551433e-10,Ore processed,1,ore
BC-MAIN-3f490561,,Water,Arsenic (and its compounds),Emission,Direct Discharge,kg,7.9454,BC-MAIN-3f490561,"Au and Cu, Open-pit mining and beneficiation at Mount Polley",5948239.0,1.3357566836167813e-06,Ore processed,1,ore
BC-MAIN-3f490561,,Water,Cadmium (and its compounds),Emission,Direct Discharge,kg,0.27948,BC-MAIN-3f490561,"Au and Cu, Open-pit mining and beneficiation at Mount Polley",5948239.0,4.6985334651146335e-08,Ore processed,1,ore
BC-MAIN-3f490561,,Water,Cobalt (and its compounds),Emission,Direct Discharge,kg,1.4555,BC-MAIN-3f490561,"Au and Cu, Open-pit mining and beneficiation at Mount Polley",5948239.0,2.446942700184038e-07,Ore processed,1,ore
BC-MAIN-3f490561,,Water,Copper (and its compounds),Emission,Direct Discharge,tonnes,0.064,BC-MAIN-3f490561,"Au and Cu, Open-pit mining and beneficiation at Mount Polley",5948239.0,1.0759486967487352e-08,Ore processed,1,ore
BC-MAIN-3f490561,,Water,Lead (and its compounds),Emission,Direct Discharge,kg,0.447,BC-MAIN-3f490561,"Au and Cu, Open-pit mining and beneficiation at Mount Polley",5948239.0,7.514829178854448e-08,Ore processed,1,ore
BC-MAIN-3f490561,,Water,Manganese (and its compounds),Emission,Direct Discharge,tonnes,0.601,BC-MAIN-3f490561,"Au and Cu, Open-pit mining and beneficiation at Mount Polley",5948239.0,1.0103830730406091e-07,Ore processed,1,ore
BC-MAIN-3f490561,,Water,Nickel (and its compounds),Emission,Direct Discharge,tonnes,0.0049,BC-MAIN-3f490561,"Au and Cu, Open-pit mining and beneficiation at Mount Polley",5948239.0,8.237732209482504e-10,Ore processed,1,ore
BC-MAIN-3f490561,,Water,Nitrate ion in solution at pH >= 6.0,Emission,Direct Discharge,tonnes,25.407,BC-MAIN-3f490561,"Au and Cu, Open-pit mining and beneficiation at Mount Polley",5948239.0,4.271348209108612e-06,Ore processed,1,ore
BC-MAIN-3f490561,,Water,Phosphorus (total),Emission,Direct Discharge,tonnes,0.067,BC-MAIN-3f490561,"Au and Cu, Open-pit mining and beneficiation at Mount Polley",5948239.0,1.1263837919088323e-08,Ore processed,1,ore
BC-MAIN-3f490561,,Water,Selenium (and its compounds),Emission,Direct Discharge,kg,268.969,BC-MAIN-3f490561,"Au and Cu, Open-pit mining and beneficiation at Mount Polley",5948239.0,4.52182570337204e-05,Ore processed,1,ore
BC-MAIN-3f490561,,Water,Vanadium (and its compounds),Emission,Direct Discharge,tonnes,0.0093,BC-MAIN-3f490561,"Au and Cu, Open-pit mining and beneficiation at Mount Polley",5948239.0,1.5634879499630057e-09,Ore processed,1,ore
BC-MAIN-3f490561,,Water,Zinc (and its compounds),Emission,Direct Discharge,tonnes,0.0434,BC-MAIN-3f490561,"Au and Cu, Open-pit mining and beneficiation at Mount Polley",5948239.0,7.296277099827361e-09,Ore processed,1,ore
NL-MAIN-dd723db4,,Water,Ammonia (total),Emission,Direct Discharge,tonnes,64.02,NL-MAIN-dd723db4,,16478000.0,3.885180240320427e-06,Ore processed,1,ore
NL-MAIN-dd723db4,,Water,Arsenic (and its compounds),Emission,Direct Discharge,kg,4.5,NL-MAIN-dd723db4,,16478000.0,2.7309139458672166e-07,Ore processed,1,ore
NL-MAIN-dd723db4,,Water,Cadmium (and its compounds),Emission,Direct Discharge,kg,27.3,NL-MAIN-dd723db4,,16478000.0,1.6567544604927783e-06,Ore processed,1,ore
NL-MAIN-dd723db4,,Water,Chromium (and its compounds),Emission,Direct Discharge,tonnes,0.25773,NL-MAIN-dd723db4,,16478000.0,1.5640854472630174e-08,Ore processed,1,ore
NL-MAIN-dd723db4,,Water,Cobalt (and its compounds),Emission,Direct Discharge,kg,11.0,NL-MAIN-dd723db4,,16478000.0,6.675567423230975e-07,Ore processed,1,ore
NL-MAIN-dd723db4,,Water,Copper (and its compounds),Emission,Direct Discharge,tonnes,0.404,NL-MAIN-dd723db4,,16478000.0,2.4517538536230125e-08,Ore processed,1,ore
NL-MAIN-dd723db4,,Water,Lead (and its compounds),Emission,Direct Discharge,kg,4.9,NL-MAIN-dd723db4,,16478000.0,2.9736618521665255e-07,Ore processed,1,ore
NL-MAIN-dd723db4,,Water,Manganese (and its compounds),Emission,Direct Discharge,tonnes,561.17,NL-MAIN-dd723db4,,16478000.0,3.405571064449569e-05,Ore processed,1,ore
NL-MAIN-dd723db4,,Water,Nitrate ion in solution at pH >= 6.0,Emission,Direct Discharge,tonnes,475.498,NL-MAIN-dd723db4,,16478000.0,2.8856535987377108e-05,Ore processed,1,ore
NL-MAIN-dd723db4,,Water,Phosphorus (total),Emission,Direct Discharge,tonnes,0.453,NL-MAIN-dd723db4,,16478000.0,2.749120038839665e-08,Ore processed,1,ore
NL-MAIN-dd723db4,,Water,Thallium (and its compounds),Emission,Direct Discharge,kg,6435.0,NL-MAIN-dd723db4,,16478000.0,0.00039052069425901204,Ore processed,1,ore
NL-MAIN-dd723db4,,Water,Zinc (and its compounds),Emission,Direct Discharge,tonnes,1.969,NL-MAIN-dd723db4,,16478000.0,1.1949265687583444e-07,Ore processed,1,ore
ON-MAIN-aeafbb59,,Water,Arsenic (and its compounds),Emission,Direct Discharge,kg,2.300132,ON-MAIN-aeafbb59,"Au and Ag, Open-pit mining and beneficiation at Detour Lake",25434853.5024164,9.043228811133037e-08,Ore processed,1,ore
ON-MAIN-aeafbb59,,Water,Copper (and its compounds),Emission,Direct Discharge,tonnes,0.0085,ON-MAIN-aeafbb59,"Au and Ag, Open-pit mining and beneficiation at Detour Lake",25434853.5024164,3.3418710271684765e-10,Ore processed,1,ore
ON-MAIN-aeafbb59,,Water,Lead (and its compounds),Emission,Direct Discharge,kg,0.52703,ON-MAIN-aeafbb59,"Au and Ag, Open-pit mining and beneficiation at Detour Lake",25434853.5024164,2.0720779852336495e-08,Ore processed,1,ore
ON-MAIN-aeafbb59,,Water,Nickel (and its compounds),Emission,Direct Discharge,tonnes,0.039067,ON-MAIN-aeafbb59,"Au and Ag, Open-pit mining and beneficiation at Detour Lake",25434853.5024164,1.5359632402163628e-09,Ore processed,1,ore
ON-MAIN-aeafbb59,,Water,Zinc (and its compounds),Emission,Direct Discharge,tonnes,0.0263,ON-MAIN-aeafbb59,"Au and Ag, Open-pit mining and beneficiation at Detour Lake",25434853.5024164,1.0340142119356578e-09,Ore processed,1,ore
QC-MAIN-e51eda66,,Water,Ammonia (total),Emission,Direct Discharge,tonnes,23.3435,QC-MAIN-e51eda66,"Au and Ag and Cu and Zn, Underground mining and beneficiation at LaRonde",1501500.0,1.5546786546786547e-05,Ore processed,1,ore
QC-MAIN-e51eda66,,Water,Arsenic (and its compounds),Emission,Direct Discharge,kg,3.5633,QC-MAIN-e51eda66,"Au and Ag and Cu and Zn, Underground mining and beneficiation at LaRonde",1501500.0,2.373160173160173e-06,Ore processed,1,ore
QC-MAIN-e51eda66,,Water,Cadmium (and its compounds),Emission,Direct Discharge,kg,6.132,QC-MAIN-e51eda66,"Au and Ag and Cu and Zn, Underground mining and beneficiation at LaRonde",1501500.0,4.083916083916084e-06,Ore processed,1,ore
QC-MAIN-e51eda66,,Water,Chromium (and its compounds),Emission,Direct Discharge,tonnes,0.0043,QC-MAIN-e51eda66,"Au and Ag and Cu and Zn, Underground mining and beneficiation at LaRonde",1501500.0,2.863802863802864e-09,Ore processed,1,ore
QC-MAIN-e51eda66,,Water,Cobalt (and its compounds),Emission,Direct Discharge,kg,63.1622,QC-MAIN-e51eda66,"Au and Ag and Cu and Zn, Underground mining and beneficiation at LaRonde",1501500.0,4.206606726606726e-05,Ore processed,1,ore
QC-MAIN-e51eda66,,Water,Copper (and its compounds),Emission,Direct Discharge,tonnes,0.0811,QC-MAIN-e51eda66,"Au and Ag and Cu and Zn, Underground mining and beneficiation at LaRonde",1501500.0,5.4012654012654015e-08,Ore processed,1,ore
QC-MAIN-e51eda66,,Water,Cyanides (ionic),Emission,Direct Discharge,tonnes,0.037,QC-MAIN-e51eda66,"Au and Ag and Cu and Zn, Underground mining and beneficiation at LaRonde",1501500.0,2.464202464202464e-08,Ore processed,1,ore
QC-MAIN-e51eda66,,Water,Lead (and its compounds),Emission,Direct Discharge,kg,0.3744,QC-MAIN-e51eda66,"Au and Ag and Cu and Zn, Underground mining and beneficiation at LaRonde",1501500.0,2.4935064935064937e-07,Ore processed,1,ore
QC-MAIN-e51eda66,,Water,Manganese (and its compounds),Emission,Direct Discharge,tonnes,5.7431,QC-MAIN-e51eda66,"Au and Ag and Cu and Zn, Underground mining and beneficiation at LaRonde",1501500.0,3.824908424908425e-06,Ore processed,1,ore
QC-MAIN-e51eda66,,Water,Mercury (and its compounds),Emission,Direct Discharge,tonnes,2.05e-05,QC-MAIN-e51eda66,"Au and Ag and Cu and Zn, Underground mining and beneficiation at LaRonde",1501500.0,1.3653013653013654e-11,Ore processed,1,ore
QC-MAIN-e51eda66,,Water,Nickel (and its compounds),Emission,Direct Discharge,tonnes,0.0313,QC-MAIN-e51eda66,"Au and Ag and Cu and Zn, Underground mining and beneficiation at LaRonde",1501500.0,2.0845820845820845e-08,Ore processed,1,ore
QC-MAIN-e51eda66,,Water,Nitrate ion in solution at pH >= 6.0,Emission,Direct Discharge,tonnes,305.6764,QC-MAIN-e51eda66,"Au and Ag and Cu and Zn, Underground mining and beneficiation at LaRonde",1501500.0,0.000203580685980686,Ore processed,1,ore
QC-MAIN-e51eda66,,Water,Selenium (and its compounds),Emission,Direct Discharge,kg,282.9503,QC-MAIN-e51eda66,"Au and Ag and Cu and Zn, Underground mining and beneficiation at LaRonde",1501500.0,0.00018844508824508827,Ore processed,1,ore
QC-MAIN-e51eda66,,Water,Zinc (and its compounds),Emission,Direct Discharge,tonnes,0.258,QC-MAIN-e51eda66,"Au and Ag and Cu and Zn, Underground mining and beneficiation at LaRonde",1501500.0,1.7182817182817183e-07,Ore processed,1,ore
QC-MAIN-a555d9b9,,Water,Ammonia (total),Emission,Direct Discharge,tonnes,8.724,QC-MAIN-a555d9b9,"Nb, Underground mining and beneficiation at Niobec",2200000.0,3.965454545454545e-06,Ore processed,1,ore
QC-MAIN-a555d9b9,,Water,Arsenic (and its compounds),Emission,Direct Discharge,kg,13.109,QC-MAIN-a555d9b9,"Nb, Underground mining and beneficiation at Niobec",2200000.0,5.958636363636364e-06,Ore processed,1,ore
QC-MAIN-a555d9b9,,Water,Cadmium (and its compounds),Emission,Direct Discharge,kg,3.933,QC-MAIN-a555d9b9,"Nb, Underground mining and beneficiation at Niobec",2200000.0,1.7877272727272727e-06,Ore processed,1,ore
QC-MAIN-a555d9b9,,Water,Chromium (and its compounds),Emission,Direct Discharge,tonnes,0.033,QC-MAIN-a555d9b9,"Nb, Underground mining and beneficiation at Niobec",2200000.0,1.5000000000000002e-08,Ore processed,1,ore
QC-MAIN-a555d9b9,,Water,Cobalt (and its compounds),Emission,Direct Discharge,kg,32.773,QC-MAIN-a555d9b9,"Nb, Underground mining and beneficiation at Niobec",2200000.0,1.4896818181818184e-05,Ore processed,1,ore
QC-MAIN-a555d9b9,,Water,Copper (and its compounds),Emission,Direct Discharge,tonnes,0.002,QC-MAIN-a555d9b9,"Nb, Underground mining and beneficiation at Niobec",2200000.0,9.090909090909091e-10,Ore processed,1,ore
QC-MAIN-a555d9b9,,Water,Fluorine,Emission,Direct Discharge,tonnes,87.963,QC-MAIN-a555d9b9,"Nb, Underground mining and beneficiation at Niobec",2200000.0,3.9983181818181814e-05,Ore processed,1,ore
QC-MAIN-a555d9b9,,Water,Lead (and its compounds),Emission,Direct Discharge,kg,1.966,QC-MAIN-a555d9b9,"Nb, Underground mining and beneficiation at Niobec",2200000.0,8.936363636363637e-07,Ore processed,1,ore
QC-MAIN-a555d9b9,,Water,Manganese (and its compounds),Emission,Direct Discharge,tonnes,12.087,QC-MAIN-a555d9b9,"Nb, Underground mining and beneficiation at Niobec",2200000.0,5.494090909090909e-06,Ore processed,1,ore
QC-MAIN-a555d9b9,,Water,Nitrate ion in solution at pH >= 6.0,Emission,Direct Discharge,tonnes,6.968,QC-MAIN-a555d9b9,"Nb, Underground mining and beneficiation at Niobec",2200000.0,3.1672727272727272e-06,Ore processed,1,ore
QC-MAIN-a555d9b9,,Water,Phosphorus (total),Emission,Direct Discharge,tonnes,2.091,QC-MAIN-a555d9b9,"Nb, Underground mining and beneficiation at Niobec",2200000.0,9.504545454545455e-07,Ore processed,1,ore
QC-MAIN-a555d9b9,,Water,Selenium (and its compounds),Emission,Direct Discharge,kg,13.109,QC-MAIN-a555d9b9,"Nb, Underground mining and beneficiation at Niobec",2200000.0,5.958636363636364e-06,Ore processed,1,ore
QC-MAIN-a555d9b9,,Water,Zinc (and its compounds),Emission,Direct Discharge,tonnes,0.111,QC-MAIN-a555d9b9,"Nb, Underground mining and beneficiation at Niobec",2200000.0,5.0454545454545456e-08,Ore processed,1,ore
ON-MAIN-4e0734b5,,Water,Arsenic (and its compounds),Emission,Direct Discharge,kg,56.865302,ON-MAIN-4e0734b5,"Au and Ag, Open-pit and underground mining and beneficiation at Fox Complex",457000.0,0.00012443173304157548,Ore processed,1,ore
ON-MAIN-4e0734b5,,Water,Cadmium (and its compounds),Emission,Direct Discharge,kg,0.026649,ON-MAIN-4e0734b5,"Au and Ag, Open-pit and underground mining and beneficiation at Fox Complex",457000.0,5.831291028446389e-08,Ore processed,1,ore
ON-MAIN-4e0734b5,,Water,Chromium (and its compounds),Emission,Direct Discharge,tonnes,0.001739,ON-MAIN-4e0734b5,"Au and Ag, Open-pit and underground mining and beneficiation at Fox Complex",457000.0,3.805251641137856e-09,Ore processed,1,ore
ON-MAIN-4e0734b5,,Water,Cobalt (and its compounds),Emission,Direct Discharge,kg,1.881207,ON-MAIN-4e0734b5,"Au and Ag, Open-pit and underground mining and beneficiation at Fox Complex",457000.0,4.1164266958424505e-06,Ore processed,1,ore
ON-MAIN-4e0734b5,,Water,Copper (and its compounds),Emission,Direct Discharge,tonnes,0.002191,ON-MAIN-4e0734b5,"Au and Ag, Open-pit and underground mining and beneficiation at Fox Complex",457000.0,4.794310722100656e-09,Ore processed,1,ore
ON-MAIN-4e0734b5,,Water,Lead (and its compounds),Emission,Direct Discharge,kg,0.117434,ON-MAIN-4e0734b5,"Au and Ag, Open-pit and underground mining and beneficiation at Fox Complex",457000.0,2.5696717724288837e-07,Ore processed,1,ore
ON-MAIN-4e0734b5,,Water,Nickel (and its compounds),Emission,Direct Discharge,tonnes,0.017954,ON-MAIN-4e0734b5,"Au and Ag, Open-pit and underground mining and beneficiation at Fox Complex",457000.0,3.928665207877462e-08,Ore processed,1,ore
ON-MAIN-4e0734b5,,Water,Nitrate ion in solution at pH >= 6.0,Emission,Direct Discharge,tonnes,11.398956,ON-MAIN-4e0734b5,"Au and Ag, Open-pit and underground mining and beneficiation at Fox Complex",457000.0,2.4943010940919037e-05,Ore processed,1,ore
ON-MAIN-4e0734b5,,Water,Vanadium (and its compounds),Emission,Direct Discharge,tonnes,0.001874,ON-MAIN-4e0734b5,"Au and Ag, Open-pit and underground mining and beneficiation at Fox Complex",457000.0,4.100656455142232e-09,Ore processed,1,ore
ON-MAIN-4e0734b5,,Water,Zinc (and its compounds),Emission,Direct Discharge,tonnes,0.018677,ON-MAIN-4e0734b5,"Au and Ag, Open-pit and underground mining and beneficiation at Fox Complex",457000.0,4.0868708971553606e-08,Ore processed,1,ore
QC-MAIN-089f3c60,,Water,Arsenic (and its compounds),Emission,Direct Discharge,kg,1.3,QC-MAIN-089f3c60,,11187000.0,1.1620631089657638e-07,Ore processed,1,ore
QC-MAIN-089f3c60,,Water,Cadmium (and its compounds),Emission,Direct Discharge,kg,0.04323,QC-MAIN-089f3c60,,11187000.0,3.864306784660767e-09,Ore processed,1,ore
QC-MAIN-089f3c60,,Water,Chromium (and its compounds),Emission,Direct Discharge,tonnes,0.00169,QC-MAIN-089f3c60,,11187000.0,1.5106820416554932e-10,Ore processed,1,ore
QC-MAIN-089f3c60,,Water,Cobalt (and its compounds),Emission,Direct Discharge,kg,6.87,QC-MAIN-089f3c60,,11187000.0,6.14105658353446e-07,Ore processed,1,ore
QC-MAIN-089f3c60,,Water,Copper (and its compounds),Emission,Direct Discharge,tonnes,0.00169,QC-MAIN-089f3c60,,11187000.0,1.5106820416554932e-10,Ore processed,1,ore
QC-MAIN-089f3c60,,Water,Lead (and its compounds),Emission,Direct Discharge,kg,0.614,QC-MAIN-089f3c60,,11187000.0,5.488513453115223e-08,Ore processed,1,ore
QC-MAIN-089f3c60,,Water,Manganese (and its compounds),Emission,Direct Discharge,tonnes,0.37646,QC-MAIN-089f3c60,,11187000.0,3.3651559846250114e-08,Ore processed,1,ore
QC-MAIN-089f3c60,,Water,Mercury (and its compounds),Emission,Direct Discharge,tonnes,1e-06,QC-MAIN-089f3c60,,11187000.0,8.938946992044337e-14,Ore processed,1,ore
QC-MAIN-089f3c60,,Water,Nickel (and its compounds),Emission,Direct Discharge,tonnes,0.01624,QC-MAIN-089f3c60,,11187000.0,1.4516849915080005e-09,Ore processed,1,ore
QC-MAIN-089f3c60,,Water,Selenium (and its compounds),Emission,Direct Discharge,kg,1.013,QC-MAIN-089f3c60,,11187000.0,9.055153302940913e-08,Ore processed,1,ore
QC-MAIN-089f3c60,,Water,Thallium (and its compounds),Emission,Direct Discharge,kg,0.279,QC-MAIN-089f3c60,,11187000.0,2.49396621078037e-08,Ore processed,1,ore
QC-MAIN-089f3c60,,Water,Zinc (and its compounds),Emission,Direct Discharge,tonnes,0.00771,QC-MAIN-089f3c60,,11187000.0,6.891928130866183e-10,Ore processed,1,ore
BC-MAIN-23155c25,,Water,Ammonia (total),Emission,Direct Discharge,tonnes,0.965684,BC-MAIN-23155c25,,,,Ore processed,1,ore
BC-MAIN-23155c25,,Water,Antimony (and its compounds),Emission,Direct Discharge,tonnes,0.053456,BC-MAIN-23155c25,,,,Ore processed,1,ore
BC-MAIN-23155c25,,Water,Arsenic (and its compounds),Emission,Direct Discharge,kg,7.43,BC-MAIN-23155c25,,,,Ore processed,1,ore
BC-MAIN-23155c25,,Water,Cadmium (and its compounds),Emission,Direct Discharge,kg,23.4,BC-MAIN-23155c25,,,,Ore processed,1,ore
BC-MAIN-23155c25,,Water,Chromium (and its compounds),Emission,Direct Discharge,tonnes,0.007342,BC-MAIN-23155c25,,,,Ore processed,1,ore
BC-MAIN-23155c25,,Water,Cobalt (and its compounds),Emission,Direct Discharge,kg,10.8,BC-MAIN-23155c25,,,,Ore processed,1,ore
BC-MAIN-23155c25,,Water,Copper (and its compounds),Emission,Direct Discharge,tonnes,0.5001,BC-MAIN-23155c25,,,,Ore processed,1,ore
BC-MAIN-23155c25,,Water,Lead (and its compounds),Emission,Direct Discharge,kg,72.8,BC-MAIN-23155c25,,,,Ore processed,1,ore
BC-MAIN-23155c25,,Water,Manganese (and its compounds),Emission,Direct Discharge,tonnes,2.0,BC-MAIN-23155c25,,,,Ore processed,1,ore
BC-MAIN-23155c25,,Water,Mercury (and its compounds),Emission,Direct Discharge,tonnes,8e-05,BC-MAIN-23155c25,,,,Ore processed,1,ore
BC-MAIN-23155c25,,Water,Nickel (and its compounds),Emission,Direct Discharge,tonnes,0.019077,BC-MAIN-23155c25,,,,Ore processed,1,ore
BC-MAIN-23155c25,,Water,Nitrate ion in solution at pH >= 6.0,Emission,Direct Discharge,tonnes,24.72,BC-MAIN-23155c25,,,,Ore processed,1,ore
BC-MAIN-23155c25,,Water,Phosphorus (total),Emission,Direct Discharge,tonnes,0.377181,BC-MAIN-23155c25,,,,Ore processed,1,ore
BC-MAIN-23155c25,,Water,Selenium (and its compounds),Emission,Direct Discharge,kg,30.7,BC-MAIN-23155c25,,,,Ore processed,1,ore
BC-MAIN-23155c25,,Water,Silver (and its compounds),Emission,Direct Discharge,tonnes,0.000674,BC-MAIN-23155c25,,,,Ore processed,1,ore
BC-MAIN-23155c25,,Water,Thallium (and its compounds),Emission,Direct Discharge,kg,0.3,BC-MAIN-23155c25,,,,Ore processed,1,ore
BC-MAIN-23155c25,,Water,Vanadium (and its compounds),Emission,Direct Discharge,tonnes,0.023921,BC-MAIN-23155c25,,,,Ore processed,1,ore
BC-MAIN-23155c25,,Water,Zinc (and its compounds),Emission,Direct Discharge,tonnes,5.582286,BC-MAIN-23155c25,,,,Ore processed,1,ore
QC-MAIN-dc1a16f9,,Water,Arsenic (and its compounds),Emission,Direct Discharge,kg,0.16,QC-MAIN-dc1a16f9,,,,Ore processed,1,ore
QC-MAIN-dc1a16f9,,Water,Lead (and its compounds),Emission,Direct Discharge,kg,0.11,QC-MAIN-dc1a16f9,,,,Ore processed,1,ore
SK-MAIN-60ba74c4,,Water,Ammonia (total),Emission,Direct Discharge,tonnes,6.162929,SK-MAIN-60ba74c4,"U, and beneficiation at McClean Lake",0.0,inf,Ore processed,1,ore
SK-MAIN-60ba74c4,,Water,Arsenic (and its compounds),Emission,Direct Discharge,kg,30.787181,SK-MAIN-60ba74c4,"U, and beneficiation at McClean Lake",0.0,inf,Ore processed,1,ore
SK-MAIN-60ba74c4,,Water,Cadmium (and its compounds),Emission,Direct Discharge,kg,0.008961,SK-MAIN-60ba74c4,"U, and beneficiation at McClean Lake",0.0,inf,Ore processed,1,ore
SK-MAIN-60ba74c4,,Water,Cobalt (and its compounds),Emission,Direct Discharge,kg,5.087947,SK-MAIN-60ba74c4,"U, and beneficiation at McClean Lake",0.0,inf,Ore processed,1,ore
SK-MAIN-60ba74c4,,Water,Copper (and its compounds),Emission,Direct Discharge,tonnes,0.00225,SK-MAIN-60ba74c4,"U, and beneficiation at McClean Lake",0.0,inf,Ore processed,1,ore
SK-MAIN-60ba74c4,,Water,Lead (and its compounds),Emission,Direct Discharge,kg,0.603944,SK-MAIN-60ba74c4,"U, and beneficiation at McClean Lake",0.0,inf,Ore processed,1,ore
SK-MAIN-60ba74c4,,Water,Manganese (and its compounds),Emission,Direct Discharge,tonnes,0.03541,SK-MAIN-60ba74c4,"U, and beneficiation at McClean Lake",0.0,inf,Ore processed,1,ore
SK-MAIN-60ba74c4,,Water,Nickel (and its compounds),Emission,Direct Discharge,tonnes,0.035775,SK-MAIN-60ba74c4,"U, and beneficiation at McClean Lake",0.0,inf,Ore processed,1,ore
SK-MAIN-60ba74c4,,Water,Nitrate ion in solution at pH >= 6.0,Emission,Direct Discharge,tonnes,9.9772,SK-MAIN-60ba74c4,"U, and beneficiation at McClean Lake",0.0,inf,Ore processed,1,ore
SK-MAIN-60ba74c4,,Water,Selenium (and its compounds),Emission,Direct Discharge,kg,10.147343,SK-MAIN-60ba74c4,"U, and beneficiation at McClean Lake",0.0,inf,Ore processed,1,ore
SK-MAIN-60ba74c4,,Water,Thallium (and its compounds),Emission,Direct Discharge,kg,0.47874,SK-MAIN-60ba74c4,"U, and beneficiation at McClean Lake",0.0,inf,Ore processed,1,ore
SK-MAIN-60ba74c4,,Water,Vanadium (and its compounds),Emission,Direct Discharge,tonnes,0.000671,SK-MAIN-60ba74c4,"U, and beneficiation at McClean Lake",0.0,inf,Ore processed,1,ore
SK-MAIN-60ba74c4,,Water,Zinc (and its compounds),Emission,Direct Discharge,tonnes,0.002507,SK-MAIN-60ba74c4,"U, and beneficiation at McClean Lake",0.0,inf,Ore processed,1,ore
ON-MAIN-8825d90d,,Water,Arsenic (and its compounds),Emission,Direct Discharge,kg,2.454149,ON-MAIN-8825d90d,"Au, Open-pit mining and beneficiation at Magino",1165551.0,2.1055698120459765e-06,Ore processed,1,ore
ON-MAIN-8825d90d,,Water,Chromium (and its compounds),Emission,Direct Discharge,tonnes,0.000546,ON-MAIN-8825d90d,"Au, Open-pit mining and beneficiation at Magino",1165551.0,4.684479701016944e-10,Ore processed,1,ore
ON-MAIN-8825d90d,,Water,Cobalt (and its compounds),Emission,Direct Discharge,kg,1.550734,ON-MAIN-8825d90d,"Au, Open-pit mining and beneficiation at Magino",1165551.0,1.3304728836404414e-06,Ore processed,1,ore
ON-MAIN-8825d90d,,Water,Copper (and its compounds),Emission,Direct Discharge,tonnes,0.006804,ON-MAIN-8825d90d,"Au, Open-pit mining and beneficiation at Magino",1165551.0,5.837582396651884e-09,Ore processed,1,ore
ON-MAIN-8825d90d,,Water,Cyanides (ionic),Emission,Direct Discharge,tonnes,0.008132,ON-MAIN-8825d90d,"Au, Open-pit mining and beneficiation at Magino",1165551.0,6.976957679243551e-09,Ore processed,1,ore
ON-MAIN-8825d90d,,Water,Lead (and its compounds),Emission,Direct Discharge,kg,0.059006,ON-MAIN-8825d90d,"Au, Open-pit mining and beneficiation at Magino",1165551.0,5.062498337696077e-08,Ore processed,1,ore
ON-MAIN-8825d90d,,Water,Manganese (and its compounds),Emission,Direct Discharge,tonnes,0.460652,ON-MAIN-8825d90d,"Au, Open-pit mining and beneficiation at Magino",1165551.0,3.952225170756149e-07,Ore processed,1,ore
ON-MAIN-8825d90d,,Water,Mercury (and its compounds),Emission,Direct Discharge,tonnes,4.032e-06,ON-MAIN-8825d90d,"Au, Open-pit mining and beneficiation at Magino",1165551.0,3.45930808690482e-12,Ore processed,1,ore
ON-MAIN-8825d90d,,Water,Nickel (and its compounds),Emission,Direct Discharge,tonnes,0.001713,ON-MAIN-8825d90d,"Au, Open-pit mining and beneficiation at Magino",1165551.0,1.4696911589454257e-09,Ore processed,1,ore
ON-MAIN-8825d90d,,Water,Phosphorus (total),Emission,Direct Discharge,tonnes,0.048319,ON-MAIN-8825d90d,"Au, Open-pit mining and beneficiation at Magino",1165551.0,4.1455929427369545e-08,Ore processed,1,ore
ON-MAIN-8825d90d,,Water,Selenium (and its compounds),Emission,Direct Discharge,kg,0.281555,ON-MAIN-8825d90d,"Au, Open-pit mining and beneficiation at Magino",1165551.0,2.415638612124223e-07,Ore processed,1,ore
ON-MAIN-8825d90d,,Water,Thallium (and its compounds),Emission,Direct Discharge,kg,0.01997,ON-MAIN-8825d90d,"Au, Open-pit mining and beneficiation at Magino",1165551.0,1.7133527404635234e-08,Ore processed,1,ore
ON-MAIN-8825d90d,,Water,Vanadium (and its compounds),Emission,Direct Discharge,tonnes,0.00054,ON-MAIN-8825d90d,"Au, Open-pit mining and beneficiation at Magino",1165551.0,4.6330019021046697e-10,Ore processed,1,ore
ON-MAIN-8825d90d,,Water,Zinc (and its compounds),Emission,Direct Discharge,tonnes,0.003863,ON-MAIN-8825d90d,"Au, Open-pit mining and beneficiation at Magino",1165551.0,3.314312286635248e-09,Ore processed,1,ore
NL-MAIN-842ba1b4,,Water,Ammonia (total),Emission,Direct Discharge,tonnes,0.005,NL-MAIN-842ba1b4,,,,Ore processed,1,ore
NL-MAIN-842ba1b4,,Water,Arsenic (and its compounds),Emission,Direct Discharge,kg,0.003,NL-MAIN-842ba1b4,,,,Ore processed,1,ore
NL-MAIN-842ba1b4,,Water,Copper (and its compounds),Emission,Direct Discharge,tonnes,0.0922,NL-MAIN-842ba1b4,,,,Ore processed,1,ore
NL-MAIN-842ba1b4,,Water,Lead (and its compounds),Emission,Direct Discharge,kg,4.2,NL-MAIN-842ba1b4,,,,Ore processed,1,ore
NL-MAIN-842ba1b4,,Water,Zinc (and its compounds),Emission,Direct Discharge,tonnes,0.1723,NL-MAIN-842ba1b4,,,,Ore processed,1,ore
ON-MAIN-7f050560,,Water,Arsenic (and its compounds),Emission,Direct Discharge,kg,1.6565,ON-MAIN-7f050560,"Au, Underground mining and beneficiation at Red Lake",841000.0,1.969678953626635e-06,Ore processed,1,ore
ON-MAIN-7f050560,,Water,Cobalt (and its compounds),Emission,Direct Discharge,kg,20.374976,ON-MAIN-7f050560,"Au, Underground mining and beneficiation at Red Lake",841000.0,2.4227082045184303e-05,Ore processed,1,ore
ON-MAIN-7f050560,,Water,Nitrate ion in solution at pH >= 6.0,Emission,Direct Discharge,tonnes,19.945238,ON-MAIN-7f050560,"Au, Underground mining and beneficiation at Red Lake",841000.0,2.371609750297265e-05,Ore processed,1,ore
NL-MAIN-b64bae7a,,Water,Ammonia (total),Emission,Direct Discharge,tonnes,0.1754,NL-MAIN-b64bae7a,,3560000.0,4.926966292134832e-08,Ore processed,1,ore
NL-MAIN-b64bae7a,,Water,Arsenic (and its compounds),Emission,Direct Discharge,kg,15.241,NL-MAIN-b64bae7a,,3560000.0,4.281179775280899e-06,Ore processed,1,ore
NL-MAIN-b64bae7a,,Water,Cadmium (and its compounds),Emission,Direct Discharge,kg,0.002,NL-MAIN-b64bae7a,,3560000.0,5.617977528089888e-10,Ore processed,1,ore
NL-MAIN-b64bae7a,,Water,Cobalt (and its compounds),Emission,Direct Discharge,kg,0.957,NL-MAIN-b64bae7a,,3560000.0,2.6882022471910113e-07,Ore processed,1,ore
NL-MAIN-b64bae7a,,Water,Lead (and its compounds),Emission,Direct Discharge,kg,7.647,NL-MAIN-b64bae7a,,3560000.0,2.1480337078651688e-06,Ore processed,1,ore
NL-MAIN-b64bae7a,,Water,Manganese (and its compounds),Emission,Direct Discharge,tonnes,0.588,NL-MAIN-b64bae7a,,3560000.0,1.6516853932584268e-07,Ore processed,1,ore
NL-MAIN-b64bae7a,,Water,Nitrate ion in solution at pH >= 6.0,Emission,Direct Discharge,tonnes,3.809,NL-MAIN-b64bae7a,,3560000.0,1.0699438202247192e-06,Ore processed,1,ore
BC-MAIN-bf503b6b,,Water,Arsenic (and its compounds),Emission,Direct Discharge,kg,2.661,BC-MAIN-bf503b6b,"Cu and Mo, Open-pit mining and beneficiation at Highland Valley",215221530000.0,1.2364004660686131e-11,Ore processed,1,ore
BC-MAIN-bf503b6b,,Water,Cadmium (and its compounds),Emission,Direct Discharge,kg,0.14,BC-MAIN-bf503b6b,"Cu and Mo, Open-pit mining and beneficiation at Highland Valley",215221530000.0,6.504925413363617e-13,Ore processed,1,ore
BC-MAIN-bf503b6b,,Water,Cobalt (and its compounds),Emission,Direct Discharge,kg,0.129,BC-MAIN-bf503b6b,"Cu and Mo, Open-pit mining and beneficiation at Highland Valley",215221530000.0,5.993824130885047e-13,Ore processed,1,ore
BC-MAIN-bf503b6b,,Water,Lead (and its compounds),Emission,Direct Discharge,kg,0.048,BC-MAIN-bf503b6b,"Cu and Mo, Open-pit mining and beneficiation at Highland Valley",215221530000.0,2.2302601417246686e-13,Ore processed,1,ore
BC-MAIN-bf503b6b,,Water,Selenium (and its compounds),Emission,Direct Discharge,kg,0.264,BC-MAIN-bf503b6b,"Cu and Mo, Open-pit mining and beneficiation at Highland Valley",215221530000.0,1.2266430779485678e-12,Ore processed,1,ore
NL-MAIN-2d8801d6,,Water,Ammonia (total),Emission,Direct Discharge,tonnes,6.652,NL-MAIN-2d8801d6,"Cu and Ni, Open-pit and underground mining and beneficiation at Voisey’s Bay",794117.647058823,8.376592592592598e-06,Ore processed,1,ore
NL-MAIN-2d8801d6,,Water,Arsenic (and its compounds),Emission,Direct Discharge,kg,4.285,NL-MAIN-2d8801d6,"Cu and Ni, Open-pit and underground mining and beneficiation at Voisey’s Bay",794117.647058823,5.395925925925929e-06,Ore processed,1,ore
NL-MAIN-2d8801d6,,Water,Cadmium (and its compounds),Emission,Direct Discharge,kg,0.277,NL-MAIN-2d8801d6,"Cu and Ni, Open-pit and underground mining and beneficiation at Voisey’s Bay",794117.647058823,3.4881481481481505e-07,Ore processed,1,ore
NL-MAIN-2d8801d6,,Water,Chromium (and its compounds),Emission,Direct Discharge,tonnes,0.004,NL-MAIN-2d8801d6,"Cu and Ni, Open-pit and underground mining and beneficiation at Voisey’s Bay",794117.647058823,5.03703703703704e-09,Ore processed,1,ore
NL-MAIN-2d8801d6,,Water,Cobalt (and its compounds),Emission,Direct Discharge,kg,3.286,NL-MAIN-2d8801d6,"Cu and Ni, Open-pit and underground mining and beneficiation at Voisey’s Bay",794117.647058823,4.137925925925929e-06,Ore processed,1,ore
NL-MAIN-2d8801d6,,Water,Copper (and its compounds),Emission,Direct Discharge,tonnes,0.006,NL-MAIN-2d8801d6,"Cu and Ni, Open-pit and underground mining and beneficiation at Voisey’s Bay",794117.647058823,7.55555555555556e-09,Ore processed,1,ore
NL-MAIN-2d8801d6,,Water,Lead (and its compounds),Emission,Direct Discharge,kg,5.226,NL-MAIN-2d8801d6,"Cu and Ni, Open-pit and underground mining and beneficiation at Voisey’s Bay",794117.647058823,6.580888888888893e-06,Ore processed,1,ore
NL-MAIN-2d8801d6,,Water,Manganese (and its compounds),Emission,Direct Discharge,tonnes,0.05,NL-MAIN-2d8801d6,"Cu and Ni, Open-pit and underground mining and beneficiation at Voisey’s Bay",794117.647058823,6.296296296296301e-08,Ore processed,1,ore
NL-MAIN-2d8801d6,,Water,Mercury (and its compounds),Emission,Direct Discharge,tonnes,4.4e-05,NL-MAIN-2d8801d6,"Cu and Ni, Open-pit and underground mining and beneficiation at Voisey’s Bay",794117.647058823,5.540740740740744e-11,Ore processed,1,ore
NL-MAIN-2d8801d6,,Water,Nickel (and its compounds),Emission,Direct Discharge,tonnes,0.199,NL-MAIN-2d8801d6,"Cu and Ni, Open-pit and underground mining and beneficiation at Voisey’s Bay",794117.647058823,2.505925925925928e-07,Ore processed,1,ore
NL-MAIN-2d8801d6,,Water,Phosphorus (total),Emission,Direct Discharge,tonnes,0.052,NL-MAIN-2d8801d6,"Cu and Ni, Open-pit and underground mining and beneficiation at Voisey’s Bay",794117.647058823,6.548148148148152e-08,Ore processed,1,ore
NL-MAIN-2d8801d6,,Water,Selenium (and its compounds),Emission,Direct Discharge,kg,6.108,NL-MAIN-2d8801d6,"Cu and Ni, Open-pit and underground mining and beneficiation at Voisey’s Bay",794117.647058823,7.69155555555556e-06,Ore processed,1,ore
NL-MAIN-2d8801d6,,Water,Silver (and its compounds),Emission,Direct Discharge,tonnes,0.00046,NL-MAIN-2d8801d6,"Cu and Ni, Open-pit and underground mining and beneficiation at Voisey’s Bay",794117.647058823,5.792592592592596e-10,Ore processed,1,ore
NL-MAIN-2d8801d6,,Water,Vanadium (and its compounds),Emission,Direct Discharge,tonnes,0.004,NL-MAIN-2d8801d6,"Cu and Ni, Open-pit and underground mining and beneficiation at Voisey’s Bay",794117.647058823,5.03703703703704e-09,Ore processed,1,ore
NL-MAIN-2d8801d6,,Water,Zinc (and its compounds),Emission,Direct Discharge,tonnes,0.019,NL-MAIN-2d8801d6,"Cu and Ni, Open-pit and underground mining and beneficiation at Voisey’s Bay",794117.647058823,2.392592592592594e-08,Ore processed,1,ore
ON-MAIN-cb85213a,,Water,Arsenic (and its compounds),Emission,Direct Discharge,kg,0.5452,ON-MAIN-cb85213a,"Au, Underground mining and beneficiation at Eagle River",222627.0,2.448939257143114e-06,Ore processed,1,ore
ON-MAIN-cb85213a,,Water,Copper (and its compounds),Emission,Direct Discharge,tonnes,0.007002,ON-MAIN-cb85213a,"Au, Underground mining and beneficiation at Eagle River",222627.0,3.1451710708943663e-08,Ore processed,1,ore
ON-MAIN-cb85213a,,Water,Cyanides (ionic),Emission,Direct Discharge,tonnes,0.006789,ON-MAIN-cb85213a,"Au, Underground mining and beneficiation at Eagle River",222627.0,3.049495344230484e-08,Ore processed,1,ore
ON-MAIN-cb85213a,,Water,Lead (and its compounds),Emission,Direct Discharge,kg,0.14374,ON-MAIN-cb85213a,"Au, Underground mining and beneficiation at Eagle River",222627.0,6.456539413458386e-07,Ore processed,1,ore
ON-MAIN-cb85213a,,Water,Nickel (and its compounds),Emission,Direct Discharge,tonnes,0.001633,ON-MAIN-cb85213a,"Au, Underground mining and beneficiation at Eagle River",222627.0,7.335139044230933e-09,Ore processed,1,ore
ON-MAIN-cb85213a,,Water,Zinc (and its compounds),Emission,Direct Discharge,tonnes,0.003055,ON-MAIN-cb85213a,"Au, Underground mining and beneficiation at Eagle River",222627.0,1.3722504458129518e-08,Ore processed,1,ore
ON-MAIN-6e9be24e,,Water,Ammonia (total),Emission,Direct Discharge,tonnes,24.352935,ON-MAIN-6e9be24e,"Au, Open-pit and underground mining and beneficiation at Hemlo (Williams)",1266009.0,1.9235988843681205e-05,Ore processed,1,ore
ON-MAIN-6e9be24e,,Water,Antimony (and its compounds),Emission,Direct Discharge,tonnes,0.179879,ON-MAIN-6e9be24e,"Au, Open-pit and underground mining and beneficiation at Hemlo (Williams)",1266009.0,1.4208350809512413e-07,Ore processed,1,ore
ON-MAIN-6e9be24e,,Water,Arsenic (and its compounds),Emission,Direct Discharge,kg,5.426793,ON-MAIN-6e9be24e,"Au, Open-pit and underground mining and beneficiation at Hemlo (Williams)",1266009.0,4.28653587770703e-06,Ore processed,1,ore
ON-MAIN-6e9be24e,,Water,Cadmium (and its compounds),Emission,Direct Discharge,kg,0.489454,ON-MAIN-6e9be24e,"Au, Open-pit and underground mining and beneficiation at Hemlo (Williams)",1266009.0,3.8661178554022915e-07,Ore processed,1,ore
ON-MAIN-6e9be24e,,Water,Chromium (and its compounds),Emission,Direct Discharge,tonnes,0.005093,ON-MAIN-6e9be24e,"Au, Open-pit and underground mining and beneficiation at Hemlo (Williams)",1266009.0,4.0228781943888235e-09,Ore processed,1,ore
ON-MAIN-6e9be24e,,Water,Cobalt (and its compounds),Emission,Direct Discharge,kg,25.902142,ON-MAIN-6e9be24e,"Au, Open-pit and underground mining and beneficiation at Hemlo (Williams)",1266009.0,2.045968235612859e-05,Ore processed,1,ore
ON-MAIN-6e9be24e,,Water,Copper (and its compounds),Emission,Direct Discharge,tonnes,0.027463,ON-MAIN-6e9be24e,"Au, Open-pit and underground mining and beneficiation at Hemlo (Williams)",1266009.0,2.1692578804732038e-08,Ore processed,1,ore
ON-MAIN-6e9be24e,,Water,Cyanides (ionic),Emission,Direct Discharge,tonnes,0.02389,ON-MAIN-6e9be24e,"Au, Open-pit and underground mining and beneficiation at Hemlo (Williams)",1266009.0,1.8870323986638327e-08,Ore processed,1,ore
ON-MAIN-6e9be24e,,Water,Lead (and its compounds),Emission,Direct Discharge,kg,0.708965,ON-MAIN-6e9be24e,"Au, Open-pit and underground mining and beneficiation at Hemlo (Williams)",1266009.0,5.59999968404648e-07,Ore processed,1,ore
ON-MAIN-6e9be24e,,Water,Manganese (and its compounds),Emission,Direct Discharge,tonnes,0.316644,ON-MAIN-6e9be24e,"Au, Open-pit and underground mining and beneficiation at Hemlo (Williams)",1266009.0,2.501119660286775e-07,Ore processed,1,ore
ON-MAIN-6e9be24e,,Water,Mercury (and its compounds),Emission,Direct Discharge,tonnes,1.4473e-05,ON-MAIN-6e9be24e,"Au, Open-pit and underground mining and beneficiation at Hemlo (Williams)",1266009.0,1.1431988240209983e-11,Ore processed,1,ore
ON-MAIN-6e9be24e,,Water,Nickel (and its compounds),Emission,Direct Discharge,tonnes,0.028024,ON-MAIN-6e9be24e,"Au, Open-pit and underground mining and beneficiation at Hemlo (Williams)",1266009.0,2.2135703616640957e-08,Ore processed,1,ore
ON-MAIN-6e9be24e,,Water,Nitrate ion in solution at pH >= 6.0,Emission,Direct Discharge,tonnes,224.781388,ON-MAIN-6e9be24e,"Au, Open-pit and underground mining and beneficiation at Hemlo (Williams)",1266009.0,0.00017755117696635647,Ore processed,1,ore
ON-MAIN-6e9be24e,,Water,Selenium (and its compounds),Emission,Direct Discharge,kg,2.073336,ON-MAIN-6e9be24e,"Au, Open-pit and underground mining and beneficiation at Hemlo (Williams)",1266009.0,1.6376945187593452e-06,Ore processed,1,ore
ON-MAIN-6e9be24e,,Water,Vanadium (and its compounds),Emission,Direct Discharge,tonnes,0.005403,ON-MAIN-6e9be24e,"Au, Open-pit and underground mining and beneficiation at Hemlo (Williams)",1266009.0,4.267742172449011e-09,Ore processed,1,ore
ON-MAIN-6e9be24e,,Water,Zinc (and its compounds),Emission,Direct Discharge,tonnes,0.036415,ON-MAIN-6e9be24e,"Au, Open-pit and underground mining and beneficiation at Hemlo (Williams)",1266009.0,2.87636185840701e-08,Ore processed,1,ore
ON-MAIN-1f126a43,,Water,Ammonia (total),Emission,Waterbody,tonnes,,ON-MAIN-1f126a43,"Au, Underground mining and beneficiation at Macassa",441588.0,,Ore processed,1,ore
ON-MAIN-1f126a43,,Water,Arsenic (and its compounds),Emission,Waterbody,kg,,ON-MAIN-1f126a43,"Au, Underground mining and beneficiation at Macassa",441588.0,,Ore processed,1,ore
ON-MAIN-1f126a43,,Water,Cadmium (and its compounds),Emission,Waterbody,kg,,ON-MAIN-1f126a43,"Au, Underground mining and beneficiation at Macassa",441588.0,,Ore processed,1,ore
ON-MAIN-1f126a43,,Water,Chromium (and its compounds),Emission,Waterbody,tonnes,,ON-MAIN-1f126a43,"Au, Underground mining and beneficiation at Macassa",441588.0,,Ore processed,1,ore
ON-MAIN-1f126a43,,Water,Cobalt (and its compounds),Emission,Waterbody,kg,,ON-MAIN-1f126a43,"Au, Underground mining and beneficiation at Macassa",441588.0,,Ore processed,1,ore
ON-MAIN-1f126a43,,Water,Copper (and its compounds),Emission,Waterbody,tonnes,,ON-MAIN-1f126a43,"Au, Underground mining and beneficiation at Macassa",441588.0,,Ore processed,1,ore
ON-MAIN-1f126a43,,Water,Cyanides (ionic),Emission,Waterbody,tonnes,,ON-MAIN-1f126a43,"Au, Underground mining and beneficiation at Macassa",441588.0,,Ore processed,1,ore
ON-MAIN-1f126a43,,Water,Lead (and its compounds),Emission,Waterbody,kg,,ON-MAIN-1f126a43,"Au, Underground mining and beneficiation at Macassa",441588.0,,Ore processed,1,ore
ON-MAIN-1f126a43,,Water,Manganese (and its compounds),Emission,Waterbody,tonnes,,ON-MAIN-1f126a43,"Au, Underground mining and beneficiation at Macassa",441588.0,,Ore processed,1,ore
ON-MAIN-1f126a43,,Water,Mercury (and its compounds),Emission,Waterbody,tonnes,,ON-MAIN-1f126a43,"Au, Underground mining and beneficiation at Macassa",441588.0,,Ore processed,1,ore
ON-MAIN-1f126a43,,Water,Nickel (and its compounds),Emission,Waterbody,tonnes,,ON-MAIN-1f126a43,"Au, Underground mining and beneficiation at Macassa",441588.0,,Ore processed,1,ore
ON-MAIN-1f126a43,,Water,Nitrate ion in solution at pH >= 6.0,Emission,Waterbody,tonnes,,ON-MAIN-1f126a43,"Au, Underground mining and beneficiation at Macassa",441588.0,,Ore processed,1,ore
ON-MAIN-1f126a43,,Water,Phosphorus (total),Emission,Waterbody,tonnes,,ON-MAIN-1f126a43,"Au, Underground mining and beneficiation at Macassa",441588.0,,Ore processed,1,ore
ON-MAIN-1f126a43,,Water,Selenium (and its compounds),Emission,Waterbody,kg,,ON-MAIN-1f126a43,"Au, Underground mining and beneficiation at Macassa",441588.0,,Ore processed,1,ore
ON-MAIN-1f126a43,,Water,Thallium (and its compounds),Emission,Waterbody,kg,,ON-MAIN-1f126a43,"Au, Underground mining and beneficiation at Macassa",441588.0,,Ore processed,1,ore
ON-MAIN-1f126a43,,Water,Vanadium (and its compounds),Emission,Waterbody,tonnes,,ON-MAIN-1f126a43,"Au, Underground mining and beneficiation at Macassa",441588.0,,Ore processed,1,ore
ON-MAIN-1f126a43,,Water,Zinc (and its compounds),Emission,Waterbody,tonnes,,ON-MAIN-1f126a43,"Au, Underground mining and beneficiation at Macassa",441588.0,,Ore processed,1,ore
QC-MAIN-e7e6a960,,Water,Arsenic (and its compounds),Emission,Waterbody,kg,,QC-MAIN-e7e6a960,"Au and Ag, Open-pit mining and beneficiation at Canadian Malartic",17332900.0,,Ore processed,1,ore
QC-MAIN-e7e6a960,,Water,Cadmium (and its compounds),Emission,Waterbody,kg,,QC-MAIN-e7e6a960,"Au and Ag, Open-pit mining and beneficiation at Canadian Malartic",17332900.0,,Ore processed,1,ore
QC-MAIN-e7e6a960,,Water,Chromium (and its compounds),Emission,Waterbody,tonnes,,QC-MAIN-e7e6a960,"Au and Ag, Open-pit mining and beneficiation at Canadian Malartic",17332900.0,,Ore processed,1,ore
QC-MAIN-e7e6a960,,Water,Cobalt (and its compounds),Emission,Waterbody,kg,,QC-MAIN-e7e6a960,"Au and Ag, Open-pit mining and beneficiation at Canadian Malartic",17332900.0,,Ore processed,1,ore
QC-MAIN-e7e6a960,,Water,Copper (and its compounds),Emission,Waterbody,tonnes,,QC-MAIN-e7e6a960,"Au and Ag, Open-pit mining and beneficiation at Canadian Malartic",17332900.0,,Ore processed,1,ore
QC-MAIN-e7e6a960,,Water,Cyanides (ionic),Emission,Waterbody,tonnes,,QC-MAIN-e7e6a960,"Au and Ag, Open-pit mining and beneficiation at Canadian Malartic",17332900.0,,Ore processed,1,ore
QC-MAIN-e7e6a960,,Water,Lead (and its compounds),Emission,Waterbody,kg,,QC-MAIN-e7e6a960,"Au and Ag, Open-pit mining and beneficiation at Canadian Malartic",17332900.0,,Ore processed,1,ore
QC-MAIN-e7e6a960,,Water,Manganese (and its compounds),Emission,Waterbody,tonnes,,QC-MAIN-e7e6a960,"Au and Ag, Open-pit mining and beneficiation at Canadian Malartic",17332900.0,,Ore processed,1,ore
QC-MAIN-e7e6a960,,Water,Mercury (and its compounds),Emission,Waterbody,tonnes,,QC-MAIN-e7e6a960,"Au and Ag, Open-pit mining and beneficiation at Canadian Malartic",17332900.0,,Ore processed,1,ore
QC-MAIN-e7e6a960,,Water,Nickel (and its compounds),Emission,Waterbody,tonnes,,QC-MAIN-e7e6a960,"Au and Ag, Open-pit mining and beneficiation at Canadian Malartic",17332900.0,,Ore processed,1,ore
QC-MAIN-e7e6a960,,Water,Selenium (and its compounds),Emission,Waterbody,kg,,QC-MAIN-e7e6a960,"Au and Ag, Open-pit mining and beneficiation at Canadian Malartic",17332900.0,,Ore processed,1,ore
QC-MAIN-e7e6a960,,Water,Thallium (and its compounds),Emission,Waterbody,kg,,QC-MAIN-e7e6a960,"Au and Ag, Open-pit mining and beneficiation at Canadian Malartic",17332900.0,,Ore processed,1,ore
QC-MAIN-e7e6a960,,Water,Vanadium (and its compounds),Emission,Waterbody,tonnes,,QC-MAIN-e7e6a960,"Au and Ag, Open-pit mining and beneficiation at Canadian Malartic",17332900.0,,Ore processed,1,ore
QC-MAIN-e7e6a960,,Water,Zinc (and its compounds),Emission,Waterbody,tonnes,,QC-MAIN-e7e6a960,"Au and Ag, Open-pit mining and beneficiation at Canadian Malartic",17332900.0,,Ore processed,1,ore
NU-MAIN-8b0264c9,,Water,Arsenic (and its compounds),Emission,Waterbody,kg,,NU-MAIN-8b0264c9,"Au and Ag, Open-pit and underground mining and beneficiation at Meliadine",1918143.0,,Ore processed,1,ore
NU-MAIN-8b0264c9,,Water,Cadmium (and its compounds),Emission,Waterbody,kg,,NU-MAIN-8b0264c9,"Au and Ag, Open-pit and underground mining and beneficiation at Meliadine",1918143.0,,Ore processed,1,ore
NU-MAIN-8b0264c9,,Water,Cobalt (and its compounds),Emission,Waterbody,kg,,NU-MAIN-8b0264c9,"Au and Ag, Open-pit and underground mining and beneficiation at Meliadine",1918143.0,,Ore processed,1,ore
NU-MAIN-8b0264c9,,Water,Copper (and its compounds),Emission,Waterbody,tonnes,,NU-MAIN-8b0264c9,"Au and Ag, Open-pit and underground mining and beneficiation at Meliadine",1918143.0,,Ore processed,1,ore
NU-MAIN-8b0264c9,,Water,Cyanides (ionic),Emission,Waterbody,tonnes,,NU-MAIN-8b0264c9,"Au and Ag, Open-pit and underground mining and beneficiation at Meliadine",1918143.0,,Ore processed,1,ore
NU-MAIN-8b0264c9,,Water,Lead (and its compounds),Emission,Waterbody,kg,,NU-MAIN-8b0264c9,"Au and Ag, Open-pit and underground mining and beneficiation at Meliadine",1918143.0,,Ore processed,1,ore
NU-MAIN-8b0264c9,,Water,Manganese (and its compounds),Emission,Waterbody,tonnes,,NU-MAIN-8b0264c9,"Au and Ag, Open-pit and underground mining and beneficiation at Meliadine",1918143.0,,Ore processed,1,ore
NU-MAIN-8b0264c9,,Water,Nickel (and its compounds),Emission,Waterbody,tonnes,,NU-MAIN-8b0264c9,"Au and Ag, Open-pit and underground mining and beneficiation at Meliadine",1918143.0,,Ore processed,1,ore
NU-MAIN-8b0264c9,,Water,Phosphorus (total),Emission,Waterbody,tonnes,,NU-MAIN-8b0264c9,"Au and Ag, Open-pit and underground mining and beneficiation at Meliadine",1918143.0,,Ore processed,1,ore
NU-MAIN-8b0264c9,,Water,Selenium (and its compounds),Emission,Waterbody,kg,,NU-MAIN-8b0264c9,"Au and Ag, Open-pit and underground mining and beneficiation at Meliadine",1918143.0,,Ore processed,1,ore
NU-MAIN-8b0264c9,,Water,Thallium (and its compounds),Emission,Waterbody,kg,,NU-MAIN-8b0264c9,"Au and Ag, Open-pit and underground mining and beneficiation at Meliadine",1918143.0,,Ore processed,1,ore
NU-MAIN-8b0264c9,,Water,Zinc (and its compounds),Emission,Waterbody,tonnes,,NU-MAIN-8b0264c9,"Au and Ag, Open-pit and underground mining and beneficiation at Meliadine",1918143.0,,Ore processed,1,ore
QC-MAIN-c0660aec,,Water,Arsenic (and its compounds),Emission,Waterbody,kg,,QC-MAIN-c0660aec,"Au and Cu, Underground mining and beneficiation at Goldex",2886927.328724,,Ore processed,1,ore
QC-MAIN-c0660aec,,Water,Cadmium (and its compounds),Emission,Waterbody,kg,,QC-MAIN-c0660aec,"Au and Cu, Underground mining and beneficiation at Goldex",2886927.328724,,Ore processed,1,ore
QC-MAIN-c0660aec,,Water,Chromium (and its compounds),Emission,Waterbody,tonnes,,QC-MAIN-c0660aec,"Au and Cu, Underground mining and beneficiation at Goldex",2886927.328724,,Ore processed,1,ore
QC-MAIN-c0660aec,,Water,Cobalt (and its compounds),Emission,Waterbody,kg,,QC-MAIN-c0660aec,"Au and Cu, Underground mining and beneficiation at Goldex",2886927.328724,,Ore processed,1,ore
QC-MAIN-c0660aec,,Water,Copper (and its compounds),Emission,Waterbody,tonnes,,QC-MAIN-c0660aec,"Au and Cu, Underground mining and beneficiation at Goldex",2886927.328724,,Ore processed,1,ore
QC-MAIN-c0660aec,,Water,Lead (and its compounds),Emission,Waterbody,kg,,QC-MAIN-c0660aec,"Au and Cu, Underground mining and beneficiation at Goldex",2886927.328724,,Ore processed,1,ore
QC-MAIN-c0660aec,,Water,Manganese (and its compounds),Emission,Waterbody,tonnes,,QC-MAIN-c0660aec,"Au and Cu, Underground mining and beneficiation at Goldex",2886927.328724,,Ore processed,1,ore
QC-MAIN-c0660aec,,Water,Nickel (and its compounds),Emission,Waterbody,tonnes,,QC-MAIN-c0660aec,"Au and Cu, Underground mining and beneficiation at Goldex",2886927.328724,,Ore processed,1,ore
QC-MAIN-c0660aec,,Water,Zinc (and its compounds),Emission,Waterbody,tonnes,,QC-MAIN-c0660aec,"Au and Cu, Underground mining and beneficiation at Goldex",2886927.328724,,Ore processed,1,ore
ON-MAIN-687b8c8d,,Water,Ammonia (total),Emission,Waterbody,tonnes,,ON-MAIN-687b8c8d,"Au, Underground mining and beneficiation at Island",439008.0,,Ore processed,1,ore
ON-MAIN-7607a50e,,Water,Ammonia (total),Emission,Waterbody,tonnes,,ON-MAIN-7607a50e,"Au, Underground mining and beneficiation at Young-Davidson",2878047.0,,Ore processed,1,ore
ON-MAIN-7607a50e,,Water,Antimony (and its compounds),Emission,Waterbody,tonnes,,ON-MAIN-7607a50e,"Au, Underground mining and beneficiation at Young-Davidson",2878047.0,,Ore processed,1,ore
ON-MAIN-687b8c8d,,Water,Arsenic (and its compounds),Emission,Waterbody,kg,,ON-MAIN-687b8c8d,"Au, Underground mining and beneficiation at Island",439008.0,,Ore processed,1,ore
ON-MAIN-7607a50e,,Water,Arsenic (and its compounds),Emission,Waterbody,kg,,ON-MAIN-7607a50e,"Au, Underground mining and beneficiation at Young-Davidson",2878047.0,,Ore processed,1,ore
ON-MAIN-687b8c8d,,Water,Cadmium (and its compounds),Emission,Waterbody,kg,,ON-MAIN-687b8c8d,"Au, Underground mining and beneficiation at Island",439008.0,,Ore processed,1,ore
ON-MAIN-7607a50e,,Water,Cadmium (and its compounds),Emission,Waterbody,kg,,ON-MAIN-7607a50e,"Au, Underground mining and beneficiation at Young-Davidson",2878047.0,,Ore processed,1,ore
ON-MAIN-687b8c8d,,Water,Chromium (and its compounds),Emission,Waterbody,tonnes,,ON-MAIN-687b8c8d,"Au, Underground mining and beneficiation at Island",439008.0,,Ore processed,1,ore
ON-MAIN-7607a50e,,Water,Chromium (and its compounds),Emission,Waterbody,tonnes,,ON-MAIN-7607a50e,"Au, Underground mining and beneficiation at Young-Davidson",2878047.0,,Ore processed,1,ore
ON-MAIN-687b8c8d,,Water,Cobalt (and its compounds),Emission,Waterbody,kg,,ON-MAIN-687b8c8d,"Au, Underground mining and beneficiation at Island",439008.0,,Ore processed,1,ore
ON-MAIN-7607a50e,,Water,Cobalt (and its compounds),Emission,Waterbody,kg,,ON-MAIN-7607a50e,"Au, Underground mining and beneficiation at Young-Davidson",2878047.0,,Ore processed,1,ore
ON-MAIN-687b8c8d,,Water,Copper (and its compounds),Emission,Waterbody,tonnes,,ON-MAIN-687b8c8d,"Au, Underground mining and beneficiation at Island",439008.0,,Ore processed,1,ore
ON-MAIN-7607a50e,,Water,Copper (and its compounds),Emission,Waterbody,tonnes,,ON-MAIN-7607a50e,"Au, Underground mining and beneficiation at Young-Davidson",2878047.0,,Ore processed,1,ore
ON-MAIN-687b8c8d,,Water,Cyanides (ionic),Emission,Waterbody,tonnes,,ON-MAIN-687b8c8d,"Au, Underground mining and beneficiation at Island",439008.0,,Ore processed,1,ore
ON-MAIN-687b8c8d,,Water,Lead (and its compounds),Emission,Waterbody,kg,,ON-MAIN-687b8c8d,"Au, Underground mining and beneficiation at Island",439008.0,,Ore processed,1,ore
ON-MAIN-7607a50e,,Water,Lead (and its compounds),Emission,Waterbody,kg,,ON-MAIN-7607a50e,"Au, Underground mining and beneficiation at Young-Davidson",2878047.0,,Ore processed,1,ore
ON-MAIN-687b8c8d,,Water,Manganese (and its compounds),Emission,Waterbody,tonnes,,ON-MAIN-687b8c8d,"Au, Underground mining and beneficiation at Island",439008.0,,Ore processed,1,ore
ON-MAIN-687b8c8d,,Water,Mercury (and its compounds),Emission,Waterbody,tonnes,,ON-MAIN-687b8c8d,"Au, Underground mining and beneficiation at Island",439008.0,,Ore processed,1,ore
ON-MAIN-7607a50e,,Water,Mercury (and its compounds),Emission,Waterbody,tonnes,,ON-MAIN-7607a50e,"Au, Underground mining and beneficiation at Young-Davidson",2878047.0,,Ore processed,1,ore
ON-MAIN-687b8c8d,,Water,Nickel (and its compounds),Emission,Waterbody,tonnes,,ON-MAIN-687b8c8d,"Au, Underground mining and beneficiation at Island",439008.0,,Ore processed,1,ore
ON-MAIN-7607a50e,,Water,Nickel (and its compounds),Emission,Waterbody,tonnes,,ON-MAIN-7607a50e,"Au, Underground mining and beneficiation at Young-Davidson",2878047.0,,Ore processed,1,ore
ON-MAIN-687b8c8d,,Water,Nitrate ion in solution at pH >= 6.0,Emission,Waterbody,tonnes,,ON-MAIN-687b8c8d,"Au, Underground mining and beneficiation at Island",439008.0,,Ore processed,1,ore
ON-MAIN-7607a50e,,Water,Nitrate ion in solution at pH >= 6.0,Emission,Waterbody,tonnes,,ON-MAIN-7607a50e,"Au, Underground mining and beneficiation at Young-Davidson",2878047.0,,Ore processed,1,ore
ON-MAIN-7607a50e,,Water,Phosphorus (total),Emission,Waterbody,tonnes,,ON-MAIN-7607a50e,"Au, Underground mining and beneficiation at Young-Davidson",2878047.0,,Ore processed,1,ore
ON-MAIN-687b8c8d,,Water,Selenium (and its compounds),Emission,Waterbody,kg,,ON-MAIN-687b8c8d,"Au, Underground mining and beneficiation at Island",439008.0,,Ore processed,1,ore
ON-MAIN-7607a50e,,Water,Selenium (and its compounds),Emission,Waterbody,kg,,ON-MAIN-7607a50e,"Au, Underground mining and beneficiation at Young-Davidson",2878047.0,,Ore processed,1,ore
ON-MAIN-7607a50e,,Water,Silver (and its compounds),Emission,Waterbody,tonnes,,ON-MAIN-7607a50e,"Au, Underground mining and beneficiation at Young-Davidson",2878047.0,,Ore processed,1,ore
ON-MAIN-7607a50e,,Water,Thallium (and its compounds),Emission,Waterbody,kg,,ON-MAIN-7607a50e,"Au, Underground mining and beneficiation at Young-Davidson",2878047.0,,Ore processed,1,ore
ON-MAIN-7607a50e,,Water,Vanadium (and its compounds),Emission,Waterbody,tonnes,,ON-MAIN-7607a50e,"Au, Underground mining and beneficiation at Young-Davidson",2878047.0,,Ore processed,1,ore
ON-MAIN-687b8c8d,,Water,Zinc (and its compounds),Emission,Waterbody,tonnes,,ON-MAIN-687b8c8d,"Au, Underground mining and beneficiation at Island",439008.0,,Ore processed,1,ore
ON-MAIN-7607a50e,,Water,Zinc (and its compounds),Emission,Waterbody,tonnes,,ON-MAIN-7607a50e,"Au, Underground mining and beneficiation at Young-Davidson",2878047.0,,Ore processed,1,ore
SK-MAIN-91cf5448,,Water,Arsenic (and its compounds),Emission,Waterbody,kg,,SK-MAIN-91cf5448,"U, Underground mining at Cigar Lake",43726.856187782,,Ore processed,1,ore
SK-MAIN-91cf5448,,Water,Cadmium (and its compounds),Emission,Waterbody,kg,,SK-MAIN-91cf5448,"U, Underground mining at Cigar Lake",43726.856187782,,Ore processed,1,ore
SK-MAIN-91cf5448,,Water,Cobalt (and its compounds),Emission,Waterbody,kg,,SK-MAIN-91cf5448,"U, Underground mining at Cigar Lake",43726.856187782,,Ore processed,1,ore
SK-MAIN-91cf5448,,Water,Lead (and its compounds),Emission,Waterbody,kg,,SK-MAIN-91cf5448,"U, Underground mining at Cigar Lake",43726.856187782,,Ore processed,1,ore
BC-MAIN-599152a0,,Water,Arsenic (and its compounds),Emission,Waterbody,kg,,BC-MAIN-599152a0,"Au and Ag and Cu, Open-pit mining and beneficiation at Copper Mountain",6862152.0,,Ore processed,1,ore
BC-MAIN-599152a0,,Water,Cadmium (and its compounds),Emission,Waterbody,kg,,BC-MAIN-599152a0,"Au and Ag and Cu, Open-pit mining and beneficiation at Copper Mountain",6862152.0,,Ore processed,1,ore
BC-MAIN-599152a0,,Water,Cobalt (and its compounds),Emission,Waterbody,kg,,BC-MAIN-599152a0,"Au and Ag and Cu, Open-pit mining and beneficiation at Copper Mountain",6862152.0,,Ore processed,1,ore
BC-MAIN-599152a0,,Water,Copper (and its compounds),Emission,Waterbody,tonnes,,BC-MAIN-599152a0,"Au and Ag and Cu, Open-pit mining and beneficiation at Copper Mountain",6862152.0,,Ore processed,1,ore
BC-MAIN-599152a0,,Water,Lead (and its compounds),Emission,Waterbody,kg,,BC-MAIN-599152a0,"Au and Ag and Cu, Open-pit mining and beneficiation at Copper Mountain",6862152.0,,Ore processed,1,ore
BC-MAIN-599152a0,,Water,Manganese (and its compounds),Emission,Waterbody,tonnes,,BC-MAIN-599152a0,"Au and Ag and Cu, Open-pit mining and beneficiation at Copper Mountain",6862152.0,,Ore processed,1,ore
BC-MAIN-599152a0,,Water,Mercury (and its compounds),Emission,Waterbody,tonnes,,BC-MAIN-599152a0,"Au and Ag and Cu, Open-pit mining and beneficiation at Copper Mountain",6862152.0,,Ore processed,1,ore
BC-MAIN-599152a0,,Water,Phosphorus (total),Emission,Waterbody,tonnes,,BC-MAIN-599152a0,"Au and Ag and Cu, Open-pit mining and beneficiation at Copper Mountain",6862152.0,,Ore processed,1,ore
BC-MAIN-599152a0,,Water,Selenium (and its compounds),Emission,Waterbody,kg,,BC-MAIN-599152a0,"Au and Ag and Cu, Open-pit mining and beneficiation at Copper Mountain",6862152.0,,Ore processed,1,ore
BC-MAIN-599152a0,,Water,Thallium (and its compounds),Emission,Waterbody,kg,,BC-MAIN-599152a0,"Au and Ag and Cu, Open-pit mining and beneficiation at Copper Mountain",6862152.0,,Ore processed,1,ore
ON-MAIN-7f050560,,Water,Arsenic (and its compounds),Emission,Waterbody,kg,,ON-MAIN-7f050560,"Au, Underground mining and beneficiation at Red Lake",841000.0,,Ore processed,1,ore
ON-MAIN-7f050560,,Water,Cadmium (and its compounds),Emission,Waterbody,kg,,ON-MAIN-7f050560,"Au, Underground mining and beneficiation at Red Lake",841000.0,,Ore processed,1,ore
ON-MAIN-7f050560,,Water,Cobalt (and its compounds),Emission,Waterbody,kg,,ON-MAIN-7f050560,"Au, Underground mining and beneficiation at Red Lake",841000.0,,Ore processed,1,ore
ON-MAIN-7f050560,,Water,Lead (and its compounds),Emission,Waterbody,kg,,ON-MAIN-7f050560,"Au, Underground mining and beneficiation at Red Lake",841000.0,,Ore processed,1,ore
ON-MAIN-7f050560,,Water,Mercury (and its compounds),Emission,Waterbody,tonnes,,ON-MAIN-7f050560,"Au, Underground mining and beneficiation at Red Lake",841000.0,,Ore processed,1,ore
ON-MAIN-7f050560,,Water,Nitrate ion in solution at pH >= 6.0,Emission,Waterbody,tonnes,,ON-MAIN-7f050560,"Au, Underground mining and beneficiation at Red Lake",841000.0,,Ore processed,1,ore
NL-MAIN-c139de6d,,Water,Ammonia (total),Emission,Waterbody,tonnes,,NL-MAIN-c139de6d,,,,Ore processed,1,ore
NL-MAIN-c139de6d,,Water,Copper (and its compounds),Emission,Waterbody,tonnes,,NL-MAIN-c139de6d,,,,Ore processed,1,ore
NL-MAIN-c139de6d,,Water,Lead (and its compounds),Emission,Waterbody,kg,,NL-MAIN-c139de6d,,,,Ore processed,1,ore
NL-MAIN-c139de6d,,Water,Nickel (and its compounds),Emission,Waterbody,tonnes,,NL-MAIN-c139de6d,,,,Ore processed,1,ore
NL-MAIN-c139de6d,,Water,Zinc (and its compounds),Emission,Waterbody,tonnes,,NL-MAIN-c139de6d,,,,Ore processed,1,ore
BC-MAIN-6b4800fe,,Water,Arsenic (and its compounds),Emission,Waterbody,kg,,BC-MAIN-6b4800fe,"Cu and Mo, Open-pit mining and beneficiation at Gibraltar",30000000.0,,Ore processed,1,ore
BC-MAIN-6b4800fe,,Water,Cadmium (and its compounds),Emission,Waterbody,kg,,BC-MAIN-6b4800fe,"Cu and Mo, Open-pit mining and beneficiation at Gibraltar",30000000.0,,Ore processed,1,ore
BC-MAIN-6b4800fe,,Water,Chromium (and its compounds),Emission,Waterbody,tonnes,,BC-MAIN-6b4800fe,"Cu and Mo, Open-pit mining and beneficiation at Gibraltar",30000000.0,,Ore processed,1,ore
BC-MAIN-6b4800fe,,Water,Cobalt (and its compounds),Emission,Waterbody,kg,,BC-MAIN-6b4800fe,"Cu and Mo, Open-pit mining and beneficiation at Gibraltar",30000000.0,,Ore processed,1,ore
BC-MAIN-6b4800fe,,Water,Copper (and its compounds),Emission,Waterbody,tonnes,,BC-MAIN-6b4800fe,"Cu and Mo, Open-pit mining and beneficiation at Gibraltar",30000000.0,,Ore processed,1,ore
BC-MAIN-6b4800fe,,Water,Lead (and its compounds),Emission,Waterbody,kg,,BC-MAIN-6b4800fe,"Cu and Mo, Open-pit mining and beneficiation at Gibraltar",30000000.0,,Ore processed,1,ore
BC-MAIN-6b4800fe,,Water,Manganese (and its compounds),Emission,Waterbody,tonnes,,BC-MAIN-6b4800fe,"Cu and Mo, Open-pit mining and beneficiation at Gibraltar",30000000.0,,Ore processed,1,ore
BC-MAIN-6b4800fe,,Water,Mercury (and its compounds),Emission,Waterbody,tonnes,,BC-MAIN-6b4800fe,"Cu and Mo, Open-pit mining and beneficiation at Gibraltar",30000000.0,,Ore processed,1,ore
BC-MAIN-6b4800fe,,Water,Nickel (and its compounds),Emission,Waterbody,tonnes,,BC-MAIN-6b4800fe,"Cu and Mo, Open-pit mining and beneficiation at Gibraltar",30000000.0,,Ore processed,1,ore
BC-MAIN-6b4800fe,,Water,Selenium (and its compounds),Emission,Waterbody,kg,,BC-MAIN-6b4800fe,"Cu and Mo, Open-pit mining and beneficiation at Gibraltar",30000000.0,,Ore processed,1,ore
BC-MAIN-6b4800fe,,Water,Zinc (and its compounds),Emission,Waterbody,tonnes,,BC-MAIN-6b4800fe,"Cu and Mo, Open-pit mining and beneficiation at Gibraltar",30000000.0,,Ore processed,1,ore
QC-MAIN-a97821c0,,Water,Arsenic (and its compounds),Emission,Waterbody,kg,,QC-MAIN-a97821c0,"Cu and Ni and Co and Pt, Underground mining and beneficiation at Raglan",1500000.0,,Ore processed,1,ore
QC-MAIN-a97821c0,,Water,Cadmium (and its compounds),Emission,Waterbody,kg,,QC-MAIN-a97821c0,"Cu and Ni and Co and Pt, Underground mining and beneficiation at Raglan",1500000.0,,Ore processed,1,ore
QC-MAIN-a97821c0,,Water,Chromium (and its compounds),Emission,Waterbody,tonnes,,QC-MAIN-a97821c0,"Cu and Ni and Co and Pt, Underground mining and beneficiation at Raglan",1500000.0,,Ore processed,1,ore
QC-MAIN-a97821c0,,Water,Cobalt (and its compounds),Emission,Waterbody,kg,,QC-MAIN-a97821c0,"Cu and Ni and Co and Pt, Underground mining and beneficiation at Raglan",1500000.0,,Ore processed,1,ore
QC-MAIN-a97821c0,,Water,Copper (and its compounds),Emission,Waterbody,tonnes,,QC-MAIN-a97821c0,"Cu and Ni and Co and Pt, Underground mining and beneficiation at Raglan",1500000.0,,Ore processed,1,ore
QC-MAIN-a97821c0,,Water,Lead (and its compounds),Emission,Waterbody,kg,,QC-MAIN-a97821c0,"Cu and Ni and Co and Pt, Underground mining and beneficiation at Raglan",1500000.0,,Ore processed,1,ore
QC-MAIN-a97821c0,,Water,Manganese (and its compounds),Emission,Waterbody,tonnes,,QC-MAIN-a97821c0,"Cu and Ni and Co and Pt, Underground mining and beneficiation at Raglan",1500000.0,,Ore processed,1,ore
QC-MAIN-a97821c0,,Water,Mercury (and its compounds),Emission,Waterbody,tonnes,,QC-MAIN-a97821c0,"Cu and Ni and Co and Pt, Underground mining and beneficiation at Raglan",1500000.0,,Ore processed,1,ore
QC-MAIN-a97821c0,,Water,Nickel (and its compounds),Emission,Waterbody,tonnes,,QC-MAIN-a97821c0,"Cu and Ni and Co and Pt, Underground mining and beneficiation at Raglan",1500000.0,,Ore processed,1,ore
QC-MAIN-a97821c0,,Water,Nitrate ion in solution at pH >= 6.0,Emission,Waterbody,tonnes,,QC-MAIN-a97821c0,"Cu and Ni and Co and Pt, Underground mining and beneficiation at Raglan",1500000.0,,Ore processed,1,ore
QC-MAIN-a97821c0,,Water,Phosphorus (total),Emission,Waterbody,tonnes,,QC-MAIN-a97821c0,"Cu and Ni and Co and Pt, Underground mining and beneficiation at Raglan",1500000.0,,Ore processed,1,ore
QC-MAIN-a97821c0,,Water,Selenium (and its compounds),Emission,Waterbody,kg,,QC-MAIN-a97821c0,"Cu and Ni and Co and Pt, Underground mining and beneficiation at Raglan",1500000.0,,Ore processed,1,ore
QC-MAIN-a97821c0,,Water,Thallium (and its compounds),Emission,Waterbody,kg,,QC-MAIN-a97821c0,"Cu and Ni and Co and Pt, Underground mining and beneficiation at Raglan",1500000.0,,Ore processed,1,ore
QC-MAIN-a97821c0,,Water,Zinc (and its compounds),Emission,Waterbody,tonnes,,QC-MAIN-a97821c0,"Cu and Ni and Co and Pt, Underground mining and beneficiation at Raglan",1500000.0,,Ore processed,1,ore
ON-MAIN-f8313ebd,,Water,Arsenic (and its compounds),Emission,Waterbody,kg,,ON-MAIN-f8313ebd,"Ag and Cu and Zn, Underground mining and beneficiation at Kidd Creek",1340000.0,,Ore processed,1,ore
ON-MAIN-f8313ebd,,Water,Cadmium (and its compounds),Emission,Waterbody,kg,,ON-MAIN-f8313ebd,"Ag and Cu and Zn, Underground mining and beneficiation at Kidd Creek",1340000.0,,Ore processed,1,ore
ON-MAIN-f8313ebd,,Water,Copper (and its compounds),Emission,Waterbody,tonnes,,ON-MAIN-f8313ebd,"Ag and Cu and Zn, Underground mining and beneficiation at Kidd Creek",1340000.0,,Ore processed,1,ore
ON-MAIN-f8313ebd,,Water,Lead (and its compounds),Emission,Waterbody,kg,,ON-MAIN-f8313ebd,"Ag and Cu and Zn, Underground mining and beneficiation at Kidd Creek",1340000.0,,Ore processed,1,ore
ON-MAIN-f8313ebd,,Water,Nitrate ion in solution at pH >= 6.0,Emission,Waterbody,tonnes,,ON-MAIN-f8313ebd,"Ag and Cu and Zn, Underground mining and beneficiation at Kidd Creek",1340000.0,,Ore processed,1,ore
ON-MAIN-f8313ebd,,Water,Selenium (and its compounds),Emission,Waterbody,kg,,ON-MAIN-f8313ebd,"Ag and Cu and Zn, Underground mining and beneficiation at Kidd Creek",1340000.0,,Ore processed,1,ore
ON-MAIN-f8313ebd,,Water,Zinc (and its compounds),Emission,Waterbody,tonnes,,ON-MAIN-f8313ebd,"Ag and Cu and Zn, Underground mining and beneficiation at Kidd Creek",1340000.0,,Ore processed,1,ore
ON-MAIN-3b3e5365,,Water,Ammonia (total),Emission,Waterbody,tonnes,,ON-MAIN-3b3e5365,,,,Ore processed,1,ore
ON-MAIN-fefeaee4,,Water,Ammonia (total),Emission,Waterbody,tonnes,,ON-MAIN-fefeaee4,"Au, Underground mining and beneficiation at Musselwhite",1028000.0,,Ore processed,1,ore
QC-MAIN-6dc537e6,,Water,Antimony (and its compounds),Emission,Waterbody,tonnes,,QC-MAIN-6dc537e6,"Au and Ag, Underground mining and beneficiation at Éléonore",1661000.0,,Ore processed,1,ore
ON-MAIN-3b3e5365,,Water,Arsenic (and its compounds),Emission,Waterbody,kg,,ON-MAIN-3b3e5365,,,,Ore processed,1,ore
ON-MAIN-fefeaee4,,Water,Arsenic (and its compounds),Emission,Waterbody,kg,,ON-MAIN-fefeaee4,"Au, Underground mining and beneficiation at Musselwhite",1028000.0,,Ore processed,1,ore
QC-MAIN-6dc537e6,,Water,Arsenic (and its compounds),Emission,Waterbody,kg,,QC-MAIN-6dc537e6,"Au and Ag, Underground mining and beneficiation at Éléonore",1661000.0,,Ore processed,1,ore
ON-MAIN-3b3e5365,,Water,Cadmium (and its compounds),Emission,Waterbody,kg,,ON-MAIN-3b3e5365,,,,Ore processed,1,ore
ON-MAIN-fefeaee4,,Water,Cadmium (and its compounds),Emission,Waterbody,kg,,ON-MAIN-fefeaee4,"Au, Underground mining and beneficiation at Musselwhite",1028000.0,,Ore processed,1,ore
QC-MAIN-6dc537e6,,Water,Cadmium (and its compounds),Emission,Waterbody,kg,,QC-MAIN-6dc537e6,"Au and Ag, Underground mining and beneficiation at Éléonore",1661000.0,,Ore processed,1,ore
ON-MAIN-3b3e5365,,Water,Chromium (and its compounds),Emission,Waterbody,tonnes,,ON-MAIN-3b3e5365,,,,Ore processed,1,ore
QC-MAIN-6dc537e6,,Water,Chromium (and its compounds),Emission,Waterbody,tonnes,,QC-MAIN-6dc537e6,"Au and Ag, Underground mining and beneficiation at Éléonore",1661000.0,,Ore processed,1,ore
ON-MAIN-3b3e5365,,Water,Cobalt (and its compounds),Emission,Waterbody,kg,,ON-MAIN-3b3e5365,,,,Ore processed,1,ore
ON-MAIN-fefeaee4,,Water,Cobalt (and its compounds),Emission,Waterbody,kg,,ON-MAIN-fefeaee4,"Au, Underground mining and beneficiation at Musselwhite",1028000.0,,Ore processed,1,ore
QC-MAIN-6dc537e6,,Water,Cobalt (and its compounds),Emission,Waterbody,kg,,QC-MAIN-6dc537e6,"Au and Ag, Underground mining and beneficiation at Éléonore",1661000.0,,Ore processed,1,ore
ON-MAIN-3b3e5365,,Water,Copper (and its compounds),Emission,Waterbody,tonnes,,ON-MAIN-3b3e5365,,,,Ore processed,1,ore
QC-MAIN-6dc537e6,,Water,Copper (and its compounds),Emission,Waterbody,tonnes,,QC-MAIN-6dc537e6,"Au and Ag, Underground mining and beneficiation at Éléonore",1661000.0,,Ore processed,1,ore
ON-MAIN-3b3e5365,,Water,Cyanides (ionic),Emission,Waterbody,tonnes,,ON-MAIN-3b3e5365,,,,Ore processed,1,ore
QC-MAIN-6dc537e6,,Water,Cyanides (ionic),Emission,Waterbody,tonnes,,QC-MAIN-6dc537e6,"Au and Ag, Underground mining and beneficiation at Éléonore",1661000.0,,Ore processed,1,ore
ON-MAIN-3b3e5365,,Water,Lead (and its compounds),Emission,Waterbody,kg,,ON-MAIN-3b3e5365,,,,Ore processed,1,ore
ON-MAIN-fefeaee4,,Water,Lead (and its compounds),Emission,Waterbody,kg,,ON-MAIN-fefeaee4,"Au, Underground mining and beneficiation at Musselwhite",1028000.0,,Ore processed,1,ore
QC-MAIN-6dc537e6,,Water,Lead (and its compounds),Emission,Waterbody,kg,,QC-MAIN-6dc537e6,"Au and Ag, Underground mining and beneficiation at Éléonore",1661000.0,,Ore processed,1,ore
QC-MAIN-6dc537e6,,Water,Manganese (and its compounds),Emission,Waterbody,tonnes,,QC-MAIN-6dc537e6,"Au and Ag, Underground mining and beneficiation at Éléonore",1661000.0,,Ore processed,1,ore
ON-MAIN-3b3e5365,,Water,Mercury (and its compounds),Emission,Waterbody,tonnes,,ON-MAIN-3b3e5365,,,,Ore processed,1,ore
ON-MAIN-fefeaee4,,Water,Mercury (and its compounds),Emission,Waterbody,tonnes,,ON-MAIN-fefeaee4,"Au, Underground mining and beneficiation at Musselwhite",1028000.0,,Ore processed,1,ore
QC-MAIN-6dc537e6,,Water,Mercury (and its compounds),Emission,Waterbody,tonnes,,QC-MAIN-6dc537e6,"Au and Ag, Underground mining and beneficiation at Éléonore",1661000.0,,Ore processed,1,ore
ON-MAIN-3b3e5365,,Water,Nickel (and its compounds),Emission,Waterbody,tonnes,,ON-MAIN-3b3e5365,,,,Ore processed,1,ore
QC-MAIN-6dc537e6,,Water,Nickel (and its compounds),Emission,Waterbody,tonnes,,QC-MAIN-6dc537e6,"Au and Ag, Underground mining and beneficiation at Éléonore",1661000.0,,Ore processed,1,ore
ON-MAIN-fefeaee4,,Water,Nitrate ion in solution at pH >= 6.0,Emission,Waterbody,tonnes,,ON-MAIN-fefeaee4,"Au, Underground mining and beneficiation at Musselwhite",1028000.0,,Ore processed,1,ore
QC-MAIN-6dc537e6,,Water,Nitrate ion in solution at pH >= 6.0,Emission,Waterbody,tonnes,,QC-MAIN-6dc537e6,"Au and Ag, Underground mining and beneficiation at Éléonore",1661000.0,,Ore processed,1,ore
ON-MAIN-3b3e5365,,Water,Selenium (and its compounds),Emission,Waterbody,kg,,ON-MAIN-3b3e5365,,,,Ore processed,1,ore
ON-MAIN-fefeaee4,,Water,Selenium (and its compounds),Emission,Waterbody,kg,,ON-MAIN-fefeaee4,"Au, Underground mining and beneficiation at Musselwhite",1028000.0,,Ore processed,1,ore
QC-MAIN-6dc537e6,,Water,Selenium (and its compounds),Emission,Waterbody,kg,,QC-MAIN-6dc537e6,"Au and Ag, Underground mining and beneficiation at Éléonore",1661000.0,,Ore processed,1,ore
ON-MAIN-3b3e5365,,Water,Thallium (and its compounds),Emission,Waterbody,kg,,ON-MAIN-3b3e5365,,,,Ore processed,1,ore
ON-MAIN-fefeaee4,,Water,Thallium (and its compounds),Emission,Waterbody,kg,,ON-MAIN-fefeaee4,"Au, Underground mining and beneficiation at Musselwhite",1028000.0,,Ore processed,1,ore
QC-MAIN-6dc537e6,,Water,Thallium (and its compounds),Emission,Waterbody,kg,,QC-MAIN-6dc537e6,"Au and Ag, Underground mining and beneficiation at Éléonore",1661000.0,,Ore processed,1,ore
ON-MAIN-3b3e5365,,Water,Vanadium (and its compounds),Emission,Waterbody,tonnes,,ON-MAIN-3b3e5365,,,,Ore processed,1,ore
QC-MAIN-6dc537e6,,Water,Vanadium (and its compounds),Emission,Waterbody,tonnes,,QC-MAIN-6dc537e6,"Au and Ag, Underground mining and beneficiation at Éléonore",1661000.0,,Ore processed,1,ore
ON-MAIN-3b3e5365,,Water,Zinc (and its compounds),Emission,Waterbody,tonnes,,ON-MAIN-3b3e5365,,,,Ore processed,1,ore
QC-MAIN-6dc537e6,,Water,Zinc (and its compounds),Emission,Waterbody,tonnes,,QC-MAIN-6dc537e6,"Au and Ag, Underground mining and beneficiation at Éléonore",1661000.0,,Ore processed,1,ore
QC-MAIN-b86f7d07,,Water,Ammonia (total),Emission,Waterbody,tonnes,,QC-MAIN-b86f7d07,"Au and Ag, Open-pit and underground mining and beneficiation at Casa Berardi",1361450.0,,Ore processed,1,ore
QC-MAIN-b86f7d07,,Water,Arsenic (and its compounds),Emission,Waterbody,kg,,QC-MAIN-b86f7d07,"Au and Ag, Open-pit and underground mining and beneficiation at Casa Berardi",1361450.0,,Ore processed,1,ore
QC-MAIN-b86f7d07,,Water,Cadmium (and its compounds),Emission,Waterbody,kg,,QC-MAIN-b86f7d07,"Au and Ag, Open-pit and underground mining and beneficiation at Casa Berardi",1361450.0,,Ore processed,1,ore
QC-MAIN-b86f7d07,,Water,Chromium (and its compounds),Emission,Waterbody,tonnes,,QC-MAIN-b86f7d07,"Au and Ag, Open-pit and underground mining and beneficiation at Casa Berardi",1361450.0,,Ore processed,1,ore
QC-MAIN-b86f7d07,,Water,Cobalt (and its compounds),Emission,Waterbody,kg,,QC-MAIN-b86f7d07,"Au and Ag, Open-pit and underground mining and beneficiation at Casa Berardi",1361450.0,,Ore processed,1,ore
QC-MAIN-b86f7d07,,Water,Copper (and its compounds),Emission,Waterbody,tonnes,,QC-MAIN-b86f7d07,"Au and Ag, Open-pit and underground mining and beneficiation at Casa Berardi",1361450.0,,Ore processed,1,ore
QC-MAIN-b86f7d07,,Water,Lead (and its compounds),Emission,Waterbody,kg,,QC-MAIN-b86f7d07,"Au and Ag, Open-pit and underground mining and beneficiation at Casa Berardi",1361450.0,,Ore processed,1,ore
QC-MAIN-b86f7d07,,Water,Manganese (and its compounds),Emission,Waterbody,tonnes,,QC-MAIN-b86f7d07,"Au and Ag, Open-pit and underground mining and beneficiation at Casa Berardi",1361450.0,,Ore processed,1,ore
QC-MAIN-b86f7d07,,Water,Mercury (and its compounds),Emission,Waterbody,tonnes,,QC-MAIN-b86f7d07,"Au and Ag, Open-pit and underground mining and beneficiation at Casa Berardi",1361450.0,,Ore processed,1,ore
QC-MAIN-b86f7d07,,Water,Nickel (and its compounds),Emission,Waterbody,tonnes,,QC-MAIN-b86f7d07,"Au and Ag, Open-pit and underground mining and beneficiation at Casa Berardi",1361450.0,,Ore processed,1,ore
QC-MAIN-b86f7d07,,Water,Nitrate ion in solution at pH >= 6.0,Emission,Waterbody,tonnes,,QC-MAIN-b86f7d07,"Au and Ag, Open-pit and underground mining and beneficiation at Casa Berardi",1361450.0,,Ore processed,1,ore
QC-MAIN-b86f7d07,,Water,Selenium (and its compounds),Emission,Waterbody,kg,,QC-MAIN-b86f7d07,"Au and Ag, Open-pit and underground mining and beneficiation at Casa Berardi",1361450.0,,Ore processed,1,ore
QC-MAIN-b86f7d07,,Water,Zinc (and its compounds),Emission,Waterbody,tonnes,,QC-MAIN-b86f7d07,"Au and Ag, Open-pit and underground mining and beneficiation at Casa Berardi",1361450.0,,Ore processed,1,ore
BC-MAIN-3f490561,,Water,Antimony (and its compounds),Emission,Waterbody,tonnes,,BC-MAIN-3f490561,"Au and Cu, Open-pit mining and beneficiation at Mount Polley",5948239.0,,Ore processed,1,ore
BC-MAIN-3f490561,,Water,Arsenic (and its compounds),Emission,Waterbody,kg,,BC-MAIN-3f490561,"Au and Cu, Open-pit mining and beneficiation at Mount Polley",5948239.0,,Ore processed,1,ore
BC-MAIN-3f490561,,Water,Cadmium (and its compounds),Emission,Waterbody,kg,,BC-MAIN-3f490561,"Au and Cu, Open-pit mining and beneficiation at Mount Polley",5948239.0,,Ore processed,1,ore
BC-MAIN-3f490561,,Water,Cobalt (and its compounds),Emission,Waterbody,kg,,BC-MAIN-3f490561,"Au and Cu, Open-pit mining and beneficiation at Mount Polley",5948239.0,,Ore processed,1,ore
BC-MAIN-3f490561,,Water,Copper (and its compounds),Emission,Waterbody,tonnes,,BC-MAIN-3f490561,"Au and Cu, Open-pit mining and beneficiation at Mount Polley",5948239.0,,Ore processed,1,ore
BC-MAIN-3f490561,,Water,Lead (and its compounds),Emission,Waterbody,kg,,BC-MAIN-3f490561,"Au and Cu, Open-pit mining and beneficiation at Mount Polley",5948239.0,,Ore processed,1,ore
BC-MAIN-3f490561,,Water,Manganese (and its compounds),Emission,Waterbody,tonnes,,BC-MAIN-3f490561,"Au and Cu, Open-pit mining and beneficiation at Mount Polley",5948239.0,,Ore processed,1,ore
BC-MAIN-3f490561,,Water,Nickel (and its compounds),Emission,Waterbody,tonnes,,BC-MAIN-3f490561,"Au and Cu, Open-pit mining and beneficiation at Mount Polley",5948239.0,,Ore processed,1,ore
BC-MAIN-3f490561,,Water,Nitrate ion in solution at pH >= 6.0,Emission,Waterbody,tonnes,,BC-MAIN-3f490561,"Au and Cu, Open-pit mining and beneficiation at Mount Polley",5948239.0,,Ore processed,1,ore
BC-MAIN-3f490561,,Water,Phosphorus (total),Emission,Waterbody,tonnes,,BC-MAIN-3f490561,"Au and Cu, Open-pit mining and beneficiation at Mount Polley",5948239.0,,Ore processed,1,ore
BC-MAIN-3f490561,,Water,Selenium (and its compounds),Emission,Waterbody,kg,,BC-MAIN-3f490561,"Au and Cu, Open-pit mining and beneficiation at Mount Polley",5948239.0,,Ore processed,1,ore
BC-MAIN-3f490561,,Water,Vanadium (and its compounds),Emission,Waterbody,tonnes,,BC-MAIN-3f490561,"Au and Cu, Open-pit mining and beneficiation at Mount Polley",5948239.0,,Ore processed,1,ore
BC-MAIN-3f490561,,Water,Zinc (and its compounds),Emission,Waterbody,tonnes,,BC-MAIN-3f490561,"Au and Cu, Open-pit mining and beneficiation at Mount Polley",5948239.0,,Ore processed,1,ore
NL-MAIN-dd723db4,,Water,Ammonia (total),Emission,Waterbody,tonnes,,NL-MAIN-dd723db4,,16478000.0,,Ore processed,1,ore
NL-MAIN-dd723db4,,Water,Arsenic (and its compounds),Emission,Waterbody,kg,,NL-MAIN-dd723db4,,16478000.0,,Ore processed,1,ore
NL-MAIN-dd723db4,,Water,Cadmium (and its compounds),Emission,Waterbody,kg,,NL-MAIN-dd723db4,,16478000.0,,Ore processed,1,ore
NL-MAIN-dd723db4,,Water,Chromium (and its compounds),Emission,Waterbody,tonnes,,NL-MAIN-dd723db4,,16478000.0,,Ore processed,1,ore
NL-MAIN-dd723db4,,Water,Cobalt (and its compounds),Emission,Waterbody,kg,,NL-MAIN-dd723db4,,16478000.0,,Ore processed,1,ore
NL-MAIN-dd723db4,,Water,Copper (and its compounds),Emission,Waterbody,tonnes,,NL-MAIN-dd723db4,,16478000.0,,Ore processed,1,ore
NL-MAIN-dd723db4,,Water,Lead (and its compounds),Emission,Waterbody,kg,,NL-MAIN-dd723db4,,16478000.0,,Ore processed,1,ore
NL-MAIN-dd723db4,,Water,Manganese (and its compounds),Emission,Waterbody,tonnes,,NL-MAIN-dd723db4,,16478000.0,,Ore processed,1,ore
NL-MAIN-dd723db4,,Water,Nitrate ion in solution at pH >= 6.0,Emission,Waterbody,tonnes,,NL-MAIN-dd723db4,,16478000.0,,Ore processed,1,ore
NL-MAIN-dd723db4,,Water,Phosphorus (total),Emission,Waterbody,tonnes,,NL-MAIN-dd723db4,,16478000.0,,Ore processed,1,ore
NL-MAIN-dd723db4,,Water,Thallium (and its compounds),Emission,Waterbody,kg,,NL-MAIN-dd723db4,,16478000.0,,Ore processed,1,ore
NL-MAIN-dd723db4,,Water,Zinc (and its compounds),Emission,Waterbody,tonnes,,NL-MAIN-dd723db4,,16478000.0,,Ore processed,1,ore
ON-MAIN-aeafbb59,,Water,Arsenic (and its compounds),Emission,Waterbody,kg,,ON-MAIN-aeafbb59,"Au and Ag, Open-pit mining and beneficiation at Detour Lake",25434853.5024164,,Ore processed,1,ore
ON-MAIN-aeafbb59,,Water,Copper (and its compounds),Emission,Waterbody,tonnes,,ON-MAIN-aeafbb59,"Au and Ag, Open-pit mining and beneficiation at Detour Lake",25434853.5024164,,Ore processed,1,ore
ON-MAIN-aeafbb59,,Water,Lead (and its compounds),Emission,Waterbody,kg,,ON-MAIN-aeafbb59,"Au and Ag, Open-pit mining and beneficiation at Detour Lake",25434853.5024164,,Ore processed,1,ore
ON-MAIN-aeafbb59,,Water,Nickel (and its compounds),Emission,Waterbody,tonnes,,ON-MAIN-aeafbb59,"Au and Ag, Open-pit mining and beneficiation at Detour Lake",25434853.5024164,,Ore processed,1,ore
ON-MAIN-aeafbb59,,Water,Zinc (and its compounds),Emission,Waterbody,tonnes,,ON-MAIN-aeafbb59,"Au and Ag, Open-pit mining and beneficiation at Detour Lake",25434853.5024164,,Ore processed,1,ore
QC-MAIN-e51eda66,,Water,Ammonia (total),Emission,Waterbody,tonnes,,QC-MAIN-e51eda66,"Au and Ag and Cu and Zn, Underground mining and beneficiation at LaRonde",1501500.0,,Ore processed,1,ore
QC-MAIN-e51eda66,,Water,Arsenic (and its compounds),Emission,Waterbody,kg,,QC-MAIN-e51eda66,"Au and Ag and Cu and Zn, Underground mining and beneficiation at LaRonde",1501500.0,,Ore processed,1,ore
QC-MAIN-e51eda66,,Water,Cadmium (and its compounds),Emission,Waterbody,kg,,QC-MAIN-e51eda66,"Au and Ag and Cu and Zn, Underground mining and beneficiation at LaRonde",1501500.0,,Ore processed,1,ore
QC-MAIN-e51eda66,,Water,Chromium (and its compounds),Emission,Waterbody,tonnes,,QC-MAIN-e51eda66,"Au and Ag and Cu and Zn, Underground mining and beneficiation at LaRonde",1501500.0,,Ore processed,1,ore
QC-MAIN-e51eda66,,Water,Cobalt (and its compounds),Emission,Waterbody,kg,,QC-MAIN-e51eda66,"Au and Ag and Cu and Zn, Underground mining and beneficiation at LaRonde",1501500.0,,Ore processed,1,ore
QC-MAIN-e51eda66,,Water,Copper (and its compounds),Emission,Waterbody,tonnes,,QC-MAIN-e51eda66,"Au and Ag and Cu and Zn, Underground mining and beneficiation at LaRonde",1501500.0,,Ore processed,1,ore
QC-MAIN-e51eda66,,Water,Cyanides (ionic),Emission,Waterbody,tonnes,,QC-MAIN-e51eda66,"Au and Ag and Cu and Zn, Underground mining and beneficiation at LaRonde",1501500.0,,Ore processed,1,ore
QC-MAIN-e51eda66,,Water,Lead (and its compounds),Emission,Waterbody,kg,,QC-MAIN-e51eda66,"Au and Ag and Cu and Zn, Underground mining and beneficiation at LaRonde",1501500.0,,Ore processed,1,ore
QC-MAIN-e51eda66,,Water,Manganese (and its compounds),Emission,Waterbody,tonnes,,QC-MAIN-e51eda66,"Au and Ag and Cu and Zn, Underground mining and beneficiation at LaRonde",1501500.0,,Ore processed,1,ore
QC-MAIN-e51eda66,,Water,Mercury (and its compounds),Emission,Waterbody,tonnes,,QC-MAIN-e51eda66,"Au and Ag and Cu and Zn, Underground mining and beneficiation at LaRonde",1501500.0,,Ore processed,1,ore
QC-MAIN-e51eda66,,Water,Nickel (and its compounds),Emission,Waterbody,tonnes,,QC-MAIN-e51eda66,"Au and Ag and Cu and Zn, Underground mining and beneficiation at LaRonde",1501500.0,,Ore processed,1,ore
QC-MAIN-e51eda66,,Water,Nitrate ion in solution at pH >= 6.0,Emission,Waterbody,tonnes,,QC-MAIN-e51eda66,"Au and Ag and Cu and Zn, Underground mining and beneficiation at LaRonde",1501500.0,,Ore processed,1,ore
QC-MAIN-e51eda66,,Water,Selenium (and its compounds),Emission,Waterbody,kg,,QC-MAIN-e51eda66,"Au and Ag and Cu and Zn, Underground mining and beneficiation at LaRonde",1501500.0,,Ore processed,1,ore
QC-MAIN-e51eda66,,Water,Zinc (and its compounds),Emission,Waterbody,tonnes,,QC-MAIN-e51eda66,"Au and Ag and Cu and Zn, Underground mining and beneficiation at LaRonde",1501500.0,,Ore processed,1,ore
QC-MAIN-a555d9b9,,Water,Ammonia (total),Emission,Waterbody,tonnes,,QC-MAIN-a555d9b9,"Nb, Underground mining and beneficiation at Niobec",2200000.0,,Ore processed,1,ore
QC-MAIN-a555d9b9,,Water,Arsenic (and its compounds),Emission,Waterbody,kg,,QC-MAIN-a555d9b9,"Nb, Underground mining and beneficiation at Niobec",2200000.0,,Ore processed,1,ore
QC-MAIN-a555d9b9,,Water,Cadmium (and its compounds),Emission,Waterbody,kg,,QC-MAIN-a555d9b9,"Nb, Underground mining and beneficiation at Niobec",2200000.0,,Ore processed,1,ore
QC-MAIN-a555d9b9,,Water,Chromium (and its compounds),Emission,Waterbody,tonnes,,QC-MAIN-a555d9b9,"Nb, Underground mining and beneficiation at Niobec",2200000.0,,Ore processed,1,ore
QC-MAIN-a555d9b9,,Water,Cobalt (and its compounds),Emission,Waterbody,kg,,QC-MAIN-a555d9b9,"Nb, Underground mining and beneficiation at Niobec",2200000.0,,Ore processed,1,ore
QC-MAIN-a555d9b9,,Water,Copper (and its compounds),Emission,Waterbody,tonnes,,QC-MAIN-a555d9b9,"Nb, Underground mining and beneficiation at Niobec",2200000.0,,Ore processed,1,ore
QC-MAIN-a555d9b9,,Water,Fluorine,Emission,Waterbody,tonnes,,QC-MAIN-a555d9b9,"Nb, Underground mining and beneficiation at Niobec",2200000.0,,Ore processed,1,ore
QC-MAIN-a555d9b9,,Water,Lead (and its compounds),Emission,Waterbody,kg,,QC-MAIN-a555d9b9,"Nb, Underground mining and beneficiation at Niobec",2200000.0,,Ore processed,1,ore
QC-MAIN-a555d9b9,,Water,Manganese (and its compounds),Emission,Waterbody,tonnes,,QC-MAIN-a555d9b9,"Nb, Underground mining and beneficiation at Niobec",2200000.0,,Ore processed,1,ore
QC-MAIN-a555d9b9,,Water,Nitrate ion in solution at pH >= 6.0,Emission,Waterbody,tonnes,,QC-MAIN-a555d9b9,"Nb, Underground mining and beneficiation at Niobec",2200000.0,,Ore processed,1,ore
QC-MAIN-a555d9b9,,Water,Phosphorus (total),Emission,Waterbody,tonnes,,QC-MAIN-a555d9b9,"Nb, Underground mining and beneficiation at Niobec",2200000.0,,Ore processed,1,ore
QC-MAIN-a555d9b9,,Water,Selenium (and its compounds),Emission,Waterbody,kg,,QC-MAIN-a555d9b9,"Nb, Underground mining and beneficiation at Niobec",2200000.0,,Ore processed,1,ore
QC-MAIN-a555d9b9,,Water,Zinc (and its compounds),Emission,Waterbody,tonnes,,QC-MAIN-a555d9b9,"Nb, Underground mining and beneficiation at Niobec",2200000.0,,Ore processed,1,ore
ON-MAIN-4e0734b5,,Water,Arsenic (and its compounds),Emission,Waterbody,kg,,ON-MAIN-4e0734b5,"Au and Ag, Open-pit and underground mining and beneficiation at Fox Complex",457000.0,,Ore processed,1,ore
ON-MAIN-4e0734b5,,Water,Cadmium (and its compounds),Emission,Waterbody,kg,,ON-MAIN-4e0734b5,"Au and Ag, Open-pit and underground mining and beneficiation at Fox Complex",457000.0,,Ore processed,1,ore
ON-MAIN-4e0734b5,,Water,Chromium (and its compounds),Emission,Waterbody,tonnes,,ON-MAIN-4e0734b5,"Au and Ag, Open-pit and underground mining and beneficiation at Fox Complex",457000.0,,Ore processed,1,ore
ON-MAIN-4e0734b5,,Water,Cobalt (and its compounds),Emission,Waterbody,kg,,ON-MAIN-4e0734b5,"Au and Ag, Open-pit and underground mining and beneficiation at Fox Complex",457000.0,,Ore processed,1,ore
ON-MAIN-4e0734b5,,Water,Copper (and its compounds),Emission,Waterbody,tonnes,,ON-MAIN-4e0734b5,"Au and Ag, Open-pit and underground mining and beneficiation at Fox Complex",457000.0,,Ore processed,1,ore
ON-MAIN-4e0734b5,,Water,Lead (and its compounds),Emission,Waterbody,kg,,ON-MAIN-4e0734b5,"Au and Ag, Open-pit and underground mining and beneficiation at Fox Complex",457000.0,,Ore processed,1,ore
ON-MAIN-4e0734b5,,Water,Nickel (and its compounds),Emission,Waterbody,tonnes,,ON-MAIN-4e0734b5,"Au and Ag, Open-pit and underground mining and beneficiation at Fox Complex",457000.0,,Ore processed,1,ore
ON-MAIN-4e0734b5,,Water,Nitrate ion in solution at pH >= 6.0,Emission,Waterbody,tonnes,,ON-MAIN-4e0734b5,"Au and Ag, Open-pit and underground mining and beneficiation at Fox Complex",457000.0,,Ore processed,1,ore
ON-MAIN-4e0734b5,,Water,Vanadium (and its compounds),Emission,Waterbody,tonnes,,ON-MAIN-4e0734b5,"Au and Ag, Open-pit and underground mining and beneficiation at Fox Complex",457000.0,,Ore processed,1,ore
ON-MAIN-4e0734b5,,Water,Zinc (and its compounds),Emission,Waterbody,tonnes,,ON-MAIN-4e0734b5,"Au and Ag, Open-pit and underground mining and beneficiation at Fox Complex",457000.0,,Ore processed,1,ore
QC-MAIN-089f3c60,,Water,Arsenic (and its compounds),Emission,Waterbody,kg,,QC-MAIN-089f3c60,,11187000.0,,Ore processed,1,ore
QC-MAIN-089f3c60,,Water,Cadmium (and its compounds),Emission,Waterbody,kg,,QC-MAIN-089f3c60,,11187000.0,,Ore processed,1,ore
QC-MAIN-089f3c60,,Water,Chromium (and its compounds),Emission,Waterbody,tonnes,,QC-MAIN-089f3c60,,11187000.0,,Ore processed,1,ore
QC-MAIN-089f3c60,,Water,Cobalt (and its compounds),Emission,Waterbody,kg,,QC-MAIN-089f3c60,,11187000.0,,Ore processed,1,ore
QC-MAIN-089f3c60,,Water,Copper (and its compounds),Emission,Waterbody,tonnes,,QC-MAIN-089f3c60,,11187000.0,,Ore processed,1,ore
QC-MAIN-089f3c60,,Water,Lead (and its compounds),Emission,Waterbody,kg,,QC-MAIN-089f3c60,,11187000.0,,Ore processed,1,ore
QC-MAIN-089f3c60,,Water,Manganese (and its compounds),Emission,Waterbody,tonnes,,QC-MAIN-089f3c60,,11187000.0,,Ore processed,1,ore
QC-MAIN-089f3c60,,Water,Mercury (and its compounds),Emission,Waterbody,tonnes,,QC-MAIN-089f3c60,,11187000.0,,Ore processed,1,ore
QC-MAIN-089f3c60,,Water,Nickel (and its compounds),Emission,Waterbody,tonnes,,QC-MAIN-089f3c60,,11187000.0,,Ore processed,1,ore
QC-MAIN-089f3c60,,Water,Selenium (and its compounds),Emission,Waterbody,kg,,QC-MAIN-089f3c60,,11187000.0,,Ore processed,1,ore
QC-MAIN-089f3c60,,Water,Thallium (and its compounds),Emission,Waterbody,kg,,QC-MAIN-089f3c60,,11187000.0,,Ore processed,1,ore
QC-MAIN-089f3c60,,Water,Zinc (and its compounds),Emission,Waterbody,tonnes,,QC-MAIN-089f3c60,,11187000.0,,Ore processed,1,ore
BC-MAIN-23155c25,,Water,Ammonia (total),Emission,Waterbody,tonnes,,BC-MAIN-23155c25,,,,Ore processed,1,ore
BC-MAIN-23155c25,,Water,Antimony (and its compounds),Emission,Waterbody,tonnes,,BC-MAIN-23155c25,,,,Ore processed,1,ore
BC-MAIN-23155c25,,Water,Arsenic (and its compounds),Emission,Waterbody,kg,,BC-MAIN-23155c25,,,,Ore processed,1,ore
BC-MAIN-23155c25,,Water,Cadmium (and its compounds),Emission,Waterbody,kg,,BC-MAIN-23155c25,,,,Ore processed,1,ore
BC-MAIN-23155c25,,Water,Chromium (and its compounds),Emission,Waterbody,tonnes,,BC-MAIN-23155c25,,,,Ore processed,1,ore
BC-MAIN-23155c25,,Water,Cobalt (and its compounds),Emission,Waterbody,kg,,BC-MAIN-23155c25,,,,Ore processed,1,ore
BC-MAIN-23155c25,,Water,Copper (and its compounds),Emission,Waterbody,tonnes,,BC-MAIN-23155c25,,,,Ore processed,1,ore
BC-MAIN-23155c25,,Water,Lead (and its compounds),Emission,Waterbody,kg,,BC-MAIN-23155c25,,,,Ore processed,1,ore
BC-MAIN-23155c25,,Water,Manganese (and its compounds),Emission,Waterbody,tonnes,,BC-MAIN-23155c25,,,,Ore processed,1,ore
BC-MAIN-23155c25,,Water,Mercury (and its compounds),Emission,Waterbody,tonnes,,BC-MAIN-23155c25,,,,Ore processed,1,ore
BC-MAIN-23155c25,,Water,Nickel (and its compounds),Emission,Waterbody,tonnes,,BC-MAIN-23155c25,,,,Ore processed,1,ore
BC-MAIN-23155c25,,Water,Nitrate ion in solution at pH >= 6.0,Emission,Waterbody,tonnes,,BC-MAIN-23155c25,,,,Ore processed,1,ore
BC-MAIN-23155c25,,Water,Phosphorus (total),Emission,Waterbody,tonnes,,BC-MAIN-23155c25,,,,Ore processed,1,ore
BC-MAIN-23155c25,,Water,Selenium (and its compounds),Emission,Waterbody,kg,,BC-MAIN-23155c25,,,,Ore processed,1,ore
BC-MAIN-23155c25,,Water,Silver (and its compounds),Emission,Waterbody,tonnes,,BC-MAIN-23155c25,,,,Ore processed,1,ore
BC-MAIN-23155c25,,Water,Thallium (and its compounds),Emission,Waterbody,kg,,BC-MAIN-23155c25,,,,Ore processed,1,ore
BC-MAIN-23155c25,,Water,Vanadium (and its compounds),Emission,Waterbody,tonnes,,BC-MAIN-23155c25,,,,Ore processed,1,ore
BC-MAIN-23155c25,,Water,Zinc (and its compounds),Emission,Waterbody,tonnes,,BC-MAIN-23155c25,,,,Ore processed,1,ore
QC-MAIN-dc1a16f9,,Water,Arsenic (and its compounds),Emission,Waterbody,kg,,QC-MAIN-dc1a16f9,,,,Ore processed,1,ore
QC-MAIN-dc1a16f9,,Water,Lead (and its compounds),Emission,Waterbody,kg,,QC-MAIN-dc1a16f9,,,,Ore processed,1,ore
SK-MAIN-60ba74c4,,Water,Ammonia (total),Emission,Waterbody,tonnes,,SK-MAIN-60ba74c4,"U, and beneficiation at McClean Lake",0.0,,Ore processed,1,ore
SK-MAIN-60ba74c4,,Water,Arsenic (and its compounds),Emission,Waterbody,kg,,SK-MAIN-60ba74c4,"U, and beneficiation at McClean Lake",0.0,,Ore processed,1,ore
SK-MAIN-60ba74c4,,Water,Cadmium (and its compounds),Emission,Waterbody,kg,,SK-MAIN-60ba74c4,"U, and beneficiation at McClean Lake",0.0,,Ore processed,1,ore
SK-MAIN-60ba74c4,,Water,Cobalt (and its compounds),Emission,Waterbody,kg,,SK-MAIN-60ba74c4,"U, and beneficiation at McClean Lake",0.0,,Ore processed,1,ore
SK-MAIN-60ba74c4,,Water,Copper (and its compounds),Emission,Waterbody,tonnes,,SK-MAIN-60ba74c4,"U, and beneficiation at McClean Lake",0.0,,Ore processed,1,ore
SK-MAIN-60ba74c4,,Water,Lead (and its compounds),Emission,Waterbody,kg,,SK-MAIN-60ba74c4,"U, and beneficiation at McClean Lake",0.0,,Ore processed,1,ore
SK-MAIN-60ba74c4,,Water,Manganese (and its compounds),Emission,Waterbody,tonnes,,SK-MAIN-60ba74c4,"U, and beneficiation at McClean Lake",0.0,,Ore processed,1,ore
SK-MAIN-60ba74c4,,Water,Nickel (and its compounds),Emission,Waterbody,tonnes,,SK-MAIN-60ba74c4,"U, and beneficiation at McClean Lake",0.0,,Ore processed,1,ore
SK-MAIN-60ba74c4,,Water,Nitrate ion in solution at pH >= 6.0,Emission,Waterbody,tonnes,,SK-MAIN-60ba74c4,"U, and beneficiation at McClean Lake",0.0,,Ore processed,1,ore
SK-MAIN-60ba74c4,,Water,Selenium (and its compounds),Emission,Waterbody,kg,,SK-MAIN-60ba74c4,"U, and beneficiation at McClean Lake",0.0,,Ore processed,1,ore
SK-MAIN-60ba74c4,,Water,Thallium (and its compounds),Emission,Waterbody,kg,,SK-MAIN-60ba74c4,"U, and beneficiation at McClean Lake",0.0,,Ore processed,1,ore
SK-MAIN-60ba74c4,,Water,Vanadium (and its compounds),Emission,Waterbody,tonnes,,SK-MAIN-60ba74c4,"U, and beneficiation at McClean Lake",0.0,,Ore processed,1,ore
SK-MAIN-60ba74c4,,Water,Zinc (and its compounds),Emission,Waterbody,tonnes,,SK-MAIN-60ba74c4,"U, and beneficiation at McClean Lake",0.0,,Ore processed,1,ore
ON-MAIN-8825d90d,,Water,Arsenic (and its compounds),Emission,Waterbody,kg,,ON-MAIN-8825d90d,"Au, Open-pit mining and beneficiation at Magino",1165551.0,,Ore processed,1,ore
ON-MAIN-8825d90d,,Water,Chromium (and its compounds),Emission,Waterbody,tonnes,,ON-MAIN-8825d90d,"Au, Open-pit mining and beneficiation at Magino",1165551.0,,Ore processed,1,ore
ON-MAIN-8825d90d,,Water,Cobalt (and its compounds),Emission,Waterbody,kg,,ON-MAIN-8825d90d,"Au, Open-pit mining and beneficiation at Magino",1165551.0,,Ore processed,1,ore
ON-MAIN-8825d90d,,Water,Copper (and its compounds),Emission,Waterbody,tonnes,,ON-MAIN-8825d90d,"Au, Open-pit mining and beneficiation at Magino",1165551.0,,Ore processed,1,ore
ON-MAIN-8825d90d,,Water,Cyanides (ionic),Emission,Waterbody,tonnes,,ON-MAIN-8825d90d,"Au, Open-pit mining and beneficiation at Magino",1165551.0,,Ore processed,1,ore
ON-MAIN-8825d90d,,Water,Lead (and its compounds),Emission,Waterbody,kg,,ON-MAIN-8825d90d,"Au, Open-pit mining and beneficiation at Magino",1165551.0,,Ore processed,1,ore
ON-MAIN-8825d90d,,Water,Manganese (and its compounds),Emission,Waterbody,tonnes,,ON-MAIN-8825d90d,"Au, Open-pit mining and beneficiation at Magino",1165551.0,,Ore processed,1,ore
ON-MAIN-8825d90d,,Water,Mercury (and its compounds),Emission,Waterbody,tonnes,,ON-MAIN-8825d90d,"Au, Open-pit mining and beneficiation at Magino",1165551.0,,Ore processed,1,ore
ON-MAIN-8825d90d,,Water,Nickel (and its compounds),Emission,Waterbody,tonnes,,ON-MAIN-8825d90d,"Au, Open-pit mining and beneficiation at Magino",1165551.0,,Ore processed,1,ore
ON-MAIN-8825d90d,,Water,Phosphorus (total),Emission,Waterbody,tonnes,,ON-MAIN-8825d90d,"Au, Open-pit mining and beneficiation at Magino",1165551.0,,Ore processed,1,ore
ON-MAIN-8825d90d,,Water,Selenium (and its compounds),Emission,Waterbody,kg,,ON-MAIN-8825d90d,"Au, Open-pit mining and beneficiation at Magino",1165551.0,,Ore processed,1,ore
ON-MAIN-8825d90d,,Water,Thallium (and its compounds),Emission,Waterbody,kg,,ON-MAIN-8825d90d,"Au, Open-pit mining and beneficiation at Magino",1165551.0,,Ore processed,1,ore
ON-MAIN-8825d90d,,Water,Vanadium (and its compounds),Emission,Waterbody,tonnes,,ON-MAIN-8825d90d,"Au, Open-pit mining and beneficiation at Magino",1165551.0,,Ore processed,1,ore
ON-MAIN-8825d90d,,Water,Zinc (and its compounds),Emission,Waterbody,tonnes,,ON-MAIN-8825d90d,"Au, Open-pit mining and beneficiation at Magino",1165551.0,,Ore processed,1,ore
NL-MAIN-842ba1b4,,Water,Ammonia (total),Emission,Waterbody,tonnes,,NL-MAIN-842ba1b4,,,,Ore processed,1,ore
NL-MAIN-842ba1b4,,Water,Arsenic (and its compounds),Emission,Waterbody,kg,,NL-MAIN-842ba1b4,,,,Ore processed,1,ore
NL-MAIN-842ba1b4,,Water,Copper (and its compounds),Emission,Waterbody,tonnes,,NL-MAIN-842ba1b4,,,,Ore processed,1,ore
NL-MAIN-842ba1b4,,Water,Lead (and its compounds),Emission,Waterbody,kg,,NL-MAIN-842ba1b4,,,,Ore processed,1,ore
NL-MAIN-842ba1b4,,Water,Zinc (and its compounds),Emission,Waterbody,tonnes,,NL-MAIN-842ba1b4,,,,Ore processed,1,ore
ON-MAIN-7f050560,,Water,Arsenic (and its compounds),Emission,Waterbody,kg,,ON-MAIN-7f050560,"Au, Underground mining and beneficiation at Red Lake",841000.0,,Ore processed,1,ore
ON-MAIN-7f050560,,Water,Cobalt (and its compounds),Emission,Waterbody,kg,,ON-MAIN-7f050560,"Au, Underground mining and beneficiation at Red Lake",841000.0,,Ore processed,1,ore
ON-MAIN-7f050560,,Water,Nitrate ion in solution at pH >= 6.0,Emission,Waterbody,tonnes,,ON-MAIN-7f050560,"Au, Underground mining and beneficiation at Red Lake",841000.0,,Ore processed,1,ore
NL-MAIN-b64bae7a,,Water,Ammonia (total),Emission,Waterbody,tonnes,,NL-MAIN-b64bae7a,,3560000.0,,Ore processed,1,ore
NL-MAIN-b64bae7a,,Water,Arsenic (and its compounds),Emission,Waterbody,kg,,NL-MAIN-b64bae7a,,3560000.0,,Ore processed,1,ore
NL-MAIN-b64bae7a,,Water,Cadmium (and its compounds),Emission,Waterbody,kg,,NL-MAIN-b64bae7a,,3560000.0,,Ore processed,1,ore
NL-MAIN-b64bae7a,,Water,Cobalt (and its compounds),Emission,Waterbody,kg,,NL-MAIN-b64bae7a,,3560000.0,,Ore processed,1,ore
NL-MAIN-b64bae7a,,Water,Lead (and its compounds),Emission,Waterbody,kg,,NL-MAIN-b64bae7a,,3560000.0,,Ore processed,1,ore
NL-MAIN-b64bae7a,,Water,Manganese (and its compounds),Emission,Waterbody,tonnes,,NL-MAIN-b64bae7a,,3560000.0,,Ore processed,1,ore
NL-MAIN-b64bae7a,,Water,Nitrate ion in solution at pH >= 6.0,Emission,Waterbody,tonnes,,NL-MAIN-b64bae7a,,3560000.0,,Ore processed,1,ore
BC-MAIN-bf503b6b,,Water,Arsenic (and its compounds),Emission,Waterbody,kg,,BC-MAIN-bf503b6b,"Cu and Mo, Open-pit mining and beneficiation at Highland Valley",215221530000.0,,Ore processed,1,ore
BC-MAIN-bf503b6b,,Water,Cadmium (and its compounds),Emission,Waterbody,kg,,BC-MAIN-bf503b6b,"Cu and Mo, Open-pit mining and beneficiation at Highland Valley",215221530000.0,,Ore processed,1,ore
BC-MAIN-bf503b6b,,Water,Cobalt (and its compounds),Emission,Waterbody,kg,,BC-MAIN-bf503b6b,"Cu and Mo, Open-pit mining and beneficiation at Highland Valley",215221530000.0,,Ore processed,1,ore
BC-MAIN-bf503b6b,,Water,Lead (and its compounds),Emission,Waterbody,kg,,BC-MAIN-bf503b6b,"Cu and Mo, Open-pit mining and beneficiation at Highland Valley",215221530000.0,,Ore processed,1,ore
BC-MAIN-bf503b6b,,Water,Selenium (and its compounds),Emission,Waterbody,kg,,BC-MAIN-bf503b6b,"Cu and Mo, Open-pit mining and beneficiation at Highland Valley",215221530000.0,,Ore processed,1,ore
NL-MAIN-2d8801d6,,Water,Ammonia (total),Emission,Waterbody,tonnes,,NL-MAIN-2d8801d6,"Cu and Ni, Open-pit and underground mining and beneficiation at Voisey’s Bay",794117.647058823,,Ore processed,1,ore
NL-MAIN-2d8801d6,,Water,Arsenic (and its compounds),Emission,Waterbody,kg,,NL-MAIN-2d8801d6,"Cu and Ni, Open-pit and underground mining and beneficiation at Voisey’s Bay",794117.647058823,,Ore processed,1,ore
NL-MAIN-2d8801d6,,Water,Cadmium (and its compounds),Emission,Waterbody,kg,,NL-MAIN-2d8801d6,"Cu and Ni, Open-pit and underground mining and beneficiation at Voisey’s Bay",794117.647058823,,Ore processed,1,ore
NL-MAIN-2d8801d6,,Water,Chromium (and its compounds),Emission,Waterbody,tonnes,,NL-MAIN-2d8801d6,"Cu and Ni, Open-pit and underground mining and beneficiation at Voisey’s Bay",794117.647058823,,Ore processed,1,ore
NL-MAIN-2d8801d6,,Water,Cobalt (and its compounds),Emission,Waterbody,kg,,NL-MAIN-2d8801d6,"Cu and Ni, Open-pit and underground mining and beneficiation at Voisey’s Bay",794117.647058823,,Ore processed,1,ore
NL-MAIN-2d8801d6,,Water,Copper (and its compounds),Emission,Waterbody,tonnes,,NL-MAIN-2d8801d6,"Cu and Ni, Open-pit and underground mining and beneficiation at Voisey’s Bay",794117.647058823,,Ore processed,1,ore
NL-MAIN-2d8801d6,,Water,Lead (and its compounds),Emission,Waterbody,kg,,NL-MAIN-2d8801d6,"Cu and Ni, Open-pit and underground mining and beneficiation at Voisey’s Bay",794117.647058823,,Ore processed,1,ore
NL-MAIN-2d8801d6,,Water,Manganese (and its compounds),Emission,Waterbody,tonnes,,NL-MAIN-2d8801d6,"Cu and Ni, Open-pit and underground mining and beneficiation at Voisey’s Bay",794117.647058823,,Ore processed,1,ore
NL-MAIN-2d8801d6,,Water,Mercury (and its compounds),Emission,Waterbody,tonnes,,NL-MAIN-2d8801d6,"Cu and Ni, Open-pit and underground mining and beneficiation at Voisey’s Bay",794117.647058823,,Ore processed,1,ore
NL-MAIN-2d8801d6,,Water,Nickel (and its compounds),Emission,Waterbody,tonnes,,NL-MAIN-2d8801d6,"Cu and Ni, Open-pit and underground mining and beneficiation at Voisey’s Bay",794117.647058823,,Ore processed,1,ore
NL-MAIN-2d8801d6,,Water,Phosphorus (total),Emission,Waterbody,tonnes,,NL-MAIN-2d8801d6,"Cu and Ni, Open-pit and underground mining and beneficiation at Voisey’s Bay",794117.647058823,,Ore processed,1,ore
NL-MAIN-2d8801d6,,Water,Selenium (and its compounds),Emission,Waterbody,kg,,NL-MAIN-2d8801d6,"Cu and Ni, Open-pit and underground mining and beneficiation at Voisey’s Bay",794117.647058823,,Ore processed,1,ore
NL-MAIN-2d8801d6,,Water,Silver (and its compounds),Emission,Waterbody,tonnes,,NL-MAIN-2d8801d6,"Cu and Ni, Open-pit and underground mining and beneficiation at Voisey’s Bay",794117.647058823,,Ore processed,1,ore
NL-MAIN-2d8801d6,,Water,Vanadium (and its compounds),Emission,Waterbody,tonnes,,NL-MAIN-2d8801d6,"Cu and Ni, Open-pit and underground mining and beneficiation at Voisey’s Bay",794117.647058823,,Ore processed,1,ore
NL-MAIN-2d8801d6,,Water,Zinc (and its compounds),Emission,Waterbody,tonnes,,NL-MAIN-2d8801d6,"Cu and Ni, Open-pit and underground mining and beneficiation at Voisey’s Bay",794117.647058823,,Ore processed,1,ore
ON-MAIN-cb85213a,,Water,Arsenic (and its compounds),Emission,Waterbody,kg,,ON-MAIN-cb85213a,"Au, Underground mining and beneficiation at Eagle River",222627.0,,Ore processed,1,ore
ON-MAIN-cb85213a,,Water,Copper (and its compounds),Emission,Waterbody,tonnes,,ON-MAIN-cb85213a,"Au, Underground mining and beneficiation at Eagle River",222627.0,,Ore processed,1,ore
ON-MAIN-cb85213a,,Water,Cyanides (ionic),Emission,Waterbody,tonnes,,ON-MAIN-cb85213a,"Au, Underground mining and beneficiation at Eagle River",222627.0,,Ore processed,1,ore
ON-MAIN-cb85213a,,Water,Lead (and its compounds),Emission,Waterbody,kg,,ON-MAIN-cb85213a,"Au, Underground mining and beneficiation at Eagle River",222627.0,,Ore processed,1,ore
ON-MAIN-cb85213a,,Water,Nickel (and its compounds),Emission,Waterbody,tonnes,,ON-MAIN-cb85213a,"Au, Underground mining and beneficiation at Eagle River",222627.0,,Ore processed,1,ore
ON-MAIN-cb85213a,,Water,Zinc (and its compounds),Emission,Waterbody,tonnes,,ON-MAIN-cb85213a,"Au, Underground mining and beneficiation at Eagle River",222627.0,,Ore processed,1,ore
ON-MAIN-6e9be24e,,Water,Ammonia (total),Emission,Waterbody,tonnes,,ON-MAIN-6e9be24e,"Au, Open-pit and underground mining and beneficiation at Hemlo (Williams)",1266009.0,,Ore processed,1,ore
ON-MAIN-6e9be24e,,Water,Antimony (and its compounds),Emission,Waterbody,tonnes,,ON-MAIN-6e9be24e,"Au, Open-pit and underground mining and beneficiation at Hemlo (Williams)",1266009.0,,Ore processed,1,ore
ON-MAIN-6e9be24e,,Water,Arsenic (and its compounds),Emission,Waterbody,kg,,ON-MAIN-6e9be24e,"Au, Open-pit and underground mining and beneficiation at Hemlo (Williams)",1266009.0,,Ore processed,1,ore
ON-MAIN-6e9be24e,,Water,Cadmium (and its compounds),Emission,Waterbody,kg,,ON-MAIN-6e9be24e,"Au, Open-pit and underground mining and beneficiation at Hemlo (Williams)",1266009.0,,Ore processed,1,ore
ON-MAIN-6e9be24e,,Water,Chromium (and its compounds),Emission,Waterbody,tonnes,,ON-MAIN-6e9be24e,"Au, Open-pit and underground mining and beneficiation at Hemlo (Williams)",1266009.0,,Ore processed,1,ore
ON-MAIN-6e9be24e,,Water,Cobalt (and its compounds),Emission,Waterbody,kg,,ON-MAIN-6e9be24e,"Au, Open-pit and underground mining and beneficiation at Hemlo (Williams)",1266009.0,,Ore processed,1,ore
ON-MAIN-6e9be24e,,Water,Copper (and its compounds),Emission,Waterbody,tonnes,,ON-MAIN-6e9be24e,"Au, Open-pit and underground mining and beneficiation at Hemlo (Williams)",1266009.0,,Ore processed,1,ore
ON-MAIN-6e9be24e,,Water,Cyanides (ionic),Emission,Waterbody,tonnes,,ON-MAIN-6e9be24e,"Au, Open-pit and underground mining and beneficiation at Hemlo (Williams)",1266009.0,,Ore processed,1,ore
ON-MAIN-6e9be24e,,Water,Lead (and its compounds),Emission,Waterbody,kg,,ON-MAIN-6e9be24e,"Au, Open-pit and underground mining and beneficiation at Hemlo (Williams)",1266009.0,,Ore processed,1,ore
ON-MAIN-6e9be24e,,Water,Manganese (and its compounds),Emission,Waterbody,tonnes,,ON-MAIN-6e9be24e,"Au, Open-pit and underground mining and beneficiation at Hemlo (Williams)",1266009.0,,Ore processed,1,ore
ON-MAIN-6e9be24e,,Water,Mercury (and its compounds),Emission,Waterbody,tonnes,,ON-MAIN-6e9be24e,"Au, Open-pit and underground mining and beneficiation at Hemlo (Williams)",1266009.0,,Ore processed,1,ore
ON-MAIN-6e9be24e,,Water,Nickel (and its compounds),Emission,Waterbody,tonnes,,ON-MAIN-6e9be24e,"Au, Open-pit and underground mining and beneficiation at Hemlo (Williams)",1266009.0,,Ore processed,1,ore
ON-MAIN-6e9be24e,,Water,Nitrate ion in solution at pH >= 6.0,Emission,Waterbody,tonnes,,ON-MAIN-6e9be24e,"Au, Open-pit and underground mining and beneficiation at Hemlo (Williams)",1266009.0,,Ore processed,1,ore
ON-MAIN-6e9be24e,,Water,Selenium (and its compounds),Emission,Waterbody,kg,,ON-MAIN-6e9be24e,"Au, Open-pit and underground mining and beneficiation at Hemlo (Williams)",1266009.0,,Ore processed,1,ore
ON-MAIN-6e9be24e,,Water,Vanadium (and its compounds),Emission,Waterbody,tonnes,,ON-MAIN-6e9be24e,"Au, Open-pit and underground mining and beneficiation at Hemlo (Williams)",1266009.0,,Ore processed,1,ore
ON-MAIN-6e9be24e,,Water,Zinc (and its compounds),Emission,Waterbody,tonnes,,ON-MAIN-6e9be24e,"Au, Open-pit and underground mining and beneficiation at Hemlo (Williams)",1266009.0,,Ore processed,1,ore
ON-MAIN-1f126a43,,Water,Ammonia (total),Emission,Waterbody,tonnes,,ON-MAIN-1f126a43,"Au, Underground mining and beneficiation at Macassa",441588.0,,Ore processed,1,ore
ON-MAIN-1f126a43,,Water,Arsenic (and its compounds),Emission,Waterbody,kg,,ON-MAIN-1f126a43,"Au, Underground mining and beneficiation at Macassa",441588.0,,Ore processed,1,ore
ON-MAIN-1f126a43,,Water,Cadmium (and its compounds),Emission,Waterbody,kg,,ON-MAIN-1f126a43,"Au, Underground mining and beneficiation at Macassa",441588.0,,Ore processed,1,ore
ON-MAIN-1f126a43,,Water,Chromium (and its compounds),Emission,Waterbody,tonnes,,ON-MAIN-1f126a43,"Au, Underground mining and beneficiation at Macassa",441588.0,,Ore processed,1,ore
ON-MAIN-1f126a43,,Water,Cobalt (and its compounds),Emission,Waterbody,kg,,ON-MAIN-1f126a43,"Au, Underground mining and beneficiation at Macassa",441588.0,,Ore processed,1,ore
ON-MAIN-1f126a43,,Water,Copper (and its compounds),Emission,Waterbody,tonnes,,ON-MAIN-1f126a43,"Au, Underground mining and beneficiation at Macassa",441588.0,,Ore processed,1,ore
ON-MAIN-1f126a43,,Water,Cyanides (ionic),Emission,Waterbody,tonnes,,ON-MAIN-1f126a43,"Au, Underground mining and beneficiation at Macassa",441588.0,,Ore processed,1,ore
ON-MAIN-1f126a43,,Water,Lead (and its compounds),Emission,Waterbody,kg,,ON-MAIN-1f126a43,"Au, Underground mining and beneficiation at Macassa",441588.0,,Ore processed,1,ore
ON-MAIN-1f126a43,,Water,Manganese (and its compounds),Emission,Waterbody,tonnes,,ON-MAIN-1f126a43,"Au, Underground mining and beneficiation at Macassa",441588.0,,Ore processed,1,ore
ON-MAIN-1f126a43,,Water,Mercury (and its compounds),Emission,Waterbody,tonnes,,ON-MAIN-1f126a43,"Au, Underground mining and beneficiation at Macassa",441588.0,,Ore processed,1,ore
ON-MAIN-1f126a43,,Water,Nickel (and its compounds),Emission,Waterbody,tonnes,,ON-MAIN-1f126a43,"Au, Underground mining and beneficiation at Macassa",441588.0,,Ore processed,1,ore
ON-MAIN-1f126a43,,Water,Nitrate ion in solution at pH >= 6.0,Emission,Waterbody,tonnes,,ON-MAIN-1f126a43,"Au, Underground mining and beneficiation at Macassa",441588.0,,Ore processed,1,ore
ON-MAIN-1f126a43,,Water,Phosphorus (total),Emission,Waterbody,tonnes,,ON-MAIN-1f126a43,"Au, Underground mining and beneficiation at Macassa",441588.0,,Ore processed,1,ore
ON-MAIN-1f126a43,,Water,Selenium (and its compounds),Emission,Waterbody,kg,,ON-MAIN-1f126a43,"Au, Underground mining and beneficiation at Macassa",441588.0,,Ore processed,1,ore
ON-MAIN-1f126a43,,Water,Thallium (and its compounds),Emission,Waterbody,kg,,ON-MAIN-1f126a43,"Au, Underground mining and beneficiation at Macassa",441588.0,,Ore processed,1,ore
ON-MAIN-1f126a43,,Water,Vanadium (and its compounds),Emission,Waterbody,tonnes,,ON-MAIN-1f126a43,"Au, Underground mining and beneficiation at Macassa",441588.0,,Ore processed,1,ore
ON-MAIN-1f126a43,,Water,Zinc (and its compounds),Emission,Waterbody,tonnes,,ON-MAIN-1f126a43,"Au, Underground mining and beneficiation at Macassa",441588.0,,Ore processed,1,ore
QC-MAIN-e7e6a960,,Water,Arsenic (and its compounds),Emission,Waterbody,kg,,QC-MAIN-e7e6a960,"Au and Ag, Open-pit mining and beneficiation at Canadian Malartic",17332900.0,,Ore processed,1,ore
QC-MAIN-e7e6a960,,Water,Cadmium (and its compounds),Emission,Waterbody,kg,,QC-MAIN-e7e6a960,"Au and Ag, Open-pit mining and beneficiation at Canadian Malartic",17332900.0,,Ore processed,1,ore
QC-MAIN-e7e6a960,,Water,Chromium (and its compounds),Emission,Waterbody,tonnes,,QC-MAIN-e7e6a960,"Au and Ag, Open-pit mining and beneficiation at Canadian Malartic",17332900.0,,Ore processed,1,ore
QC-MAIN-e7e6a960,,Water,Cobalt (and its compounds),Emission,Waterbody,kg,,QC-MAIN-e7e6a960,"Au and Ag, Open-pit mining and beneficiation at Canadian Malartic",17332900.0,,Ore processed,1,ore
QC-MAIN-e7e6a960,,Water,Copper (and its compounds),Emission,Waterbody,tonnes,,QC-MAIN-e7e6a960,"Au and Ag, Open-pit mining and beneficiation at Canadian Malartic",17332900.0,,Ore processed,1,ore
QC-MAIN-e7e6a960,,Water,Cyanides (ionic),Emission,Waterbody,tonnes,,QC-MAIN-e7e6a960,"Au and Ag, Open-pit mining and beneficiation at Canadian Malartic",17332900.0,,Ore processed,1,ore
QC-MAIN-e7e6a960,,Water,Lead (and its compounds),Emission,Waterbody,kg,,QC-MAIN-e7e6a960,"Au and Ag, Open-pit mining and beneficiation at Canadian Malartic",17332900.0,,Ore processed,1,ore
QC-MAIN-e7e6a960,,Water,Manganese (and its compounds),Emission,Waterbody,tonnes,,QC-MAIN-e7e6a960,"Au and Ag, Open-pit mining and beneficiation at Canadian Malartic",17332900.0,,Ore processed,1,ore
QC-MAIN-e7e6a960,,Water,Mercury (and its compounds),Emission,Waterbody,tonnes,,QC-MAIN-e7e6a960,"Au and Ag, Open-pit mining and beneficiation at Canadian Malartic",17332900.0,,Ore processed,1,ore
QC-MAIN-e7e6a960,,Water,Nickel (and its compounds),Emission,Waterbody,tonnes,,QC-MAIN-e7e6a960,"Au and Ag, Open-pit mining and beneficiation at Canadian Malartic",17332900.0,,Ore processed,1,ore
QC-MAIN-e7e6a960,,Water,Selenium (and its compounds),Emission,Waterbody,kg,,QC-MAIN-e7e6a960,"Au and Ag, Open-pit mining and beneficiation at Canadian Malartic",17332900.0,,Ore processed,1,ore
QC-MAIN-e7e6a960,,Water,Thallium (and its compounds),Emission,Waterbody,kg,,QC-MAIN-e7e6a960,"Au and Ag, Open-pit mining and beneficiation at Canadian Malartic",17332900.0,,Ore processed,1,ore
QC-MAIN-e7e6a960,,Water,Vanadium (and its compounds),Emission,Waterbody,tonnes,,QC-MAIN-e7e6a960,"Au and Ag, Open-pit mining and beneficiation at Canadian Malartic",17332900.0,,Ore processed,1,ore
QC-MAIN-e7e6a960,,Water,Zinc (and its compounds),Emission,Waterbody,tonnes,,QC-MAIN-e7e6a960,"Au and Ag, Open-pit mining and beneficiation at Canadian Malartic",17332900.0,,Ore processed,1,ore
NU-MAIN-8b0264c9,,Water,Arsenic (and its compounds),Emission,Waterbody,kg,,NU-MAIN-8b0264c9,"Au and Ag, Open-pit and underground mining and beneficiation at Meliadine",1918143.0,,Ore processed,1,ore
NU-MAIN-8b0264c9,,Water,Cadmium (and its compounds),Emission,Waterbody,kg,,NU-MAIN-8b0264c9,"Au and Ag, Open-pit and underground mining and beneficiation at Meliadine",1918143.0,,Ore processed,1,ore
NU-MAIN-8b0264c9,,Water,Cobalt (and its compounds),Emission,Waterbody,kg,,NU-MAIN-8b0264c9,"Au and Ag, Open-pit and underground mining and beneficiation at Meliadine",1918143.0,,Ore processed,1,ore
NU-MAIN-8b0264c9,,Water,Copper (and its compounds),Emission,Waterbody,tonnes,,NU-MAIN-8b0264c9,"Au and Ag, Open-pit and underground mining and beneficiation at Meliadine",1918143.0,,Ore processed,1,ore
NU-MAIN-8b0264c9,,Water,Cyanides (ionic),Emission,Waterbody,tonnes,,NU-MAIN-8b0264c9,"Au and Ag, Open-pit and underground mining and beneficiation at Meliadine",1918143.0,,Ore processed,1,ore
NU-MAIN-8b0264c9,,Water,Lead (and its compounds),Emission,Waterbody,kg,,NU-MAIN-8b0264c9,"Au and Ag, Open-pit and underground mining and beneficiation at Meliadine",1918143.0,,Ore processed,1,ore
NU-MAIN-8b0264c9,,Water,Manganese (and its compounds),Emission,Waterbody,tonnes,,NU-MAIN-8b0264c9,"Au and Ag, Open-pit and underground mining and beneficiation at Meliadine",1918143.0,,Ore processed,1,ore
NU-MAIN-8b0264c9,,Water,Nickel (and its compounds),Emission,Waterbody,tonnes,,NU-MAIN-8b0264c9,"Au and Ag, Open-pit and underground mining and beneficiation at Meliadine",1918143.0,,Ore processed,1,ore
NU-MAIN-8b0264c9,,Water,Phosphorus (total),Emission,Waterbody,tonnes,,NU-MAIN-8b0264c9,"Au and Ag, Open-pit and underground mining and beneficiation at Meliadine",1918143.0,,Ore processed,1,ore
NU-MAIN-8b0264c9,,Water,Selenium (and its compounds),Emission,Waterbody,kg,,NU-MAIN-8b0264c9,"Au and Ag, Open-pit and underground mining and beneficiation at Meliadine",1918143.0,,Ore processed,1,ore
NU-MAIN-8b0264c9,,Water,Thallium (and its compounds),Emission,Waterbody,kg,,NU-MAIN-8b0264c9,"Au and Ag, Open-pit and underground mining and beneficiation at Meliadine",1918143.0,,Ore processed,1,ore
NU-MAIN-8b0264c9,,Water,Zinc (and its compounds),Emission,Waterbody,tonnes,,NU-MAIN-8b0264c9,"Au and Ag, Open-pit and underground mining and beneficiation at Meliadine",1918143.0,,Ore processed,1,ore
QC-MAIN-c0660aec,,Water,Arsenic (and its compounds),Emission,Waterbody,kg,,QC-MAIN-c0660aec,"Au and Cu, Underground mining and beneficiation at Goldex",2886927.328724,,Ore processed,1,ore
QC-MAIN-c0660aec,,Water,Cadmium (and its compounds),Emission,Waterbody,kg,,QC-MAIN-c0660aec,"Au and Cu, Underground mining and beneficiation at Goldex",2886927.328724,,Ore processed,1,ore
QC-MAIN-c0660aec,,Water,Chromium (and its compounds),Emission,Waterbody,tonnes,,QC-MAIN-c0660aec,"Au and Cu, Underground mining and beneficiation at Goldex",2886927.328724,,Ore processed,1,ore
QC-MAIN-c0660aec,,Water,Cobalt (and its compounds),Emission,Waterbody,kg,,QC-MAIN-c0660aec,"Au and Cu, Underground mining and beneficiation at Goldex",2886927.328724,,Ore processed,1,ore
QC-MAIN-c0660aec,,Water,Copper (and its compounds),Emission,Waterbody,tonnes,,QC-MAIN-c0660aec,"Au and Cu, Underground mining and beneficiation at Goldex",2886927.328724,,Ore processed,1,ore
QC-MAIN-c0660aec,,Water,Lead (and its compounds),Emission,Waterbody,kg,,QC-MAIN-c0660aec,"Au and Cu, Underground mining and beneficiation at Goldex",2886927.328724,,Ore processed,1,ore
QC-MAIN-c0660aec,,Water,Manganese (and its compounds),Emission,Waterbody,tonnes,,QC-MAIN-c0660aec,"Au and Cu, Underground mining and beneficiation at Goldex",2886927.328724,,Ore processed,1,ore
QC-MAIN-c0660aec,,Water,Nickel (and its compounds),Emission,Waterbody,tonnes,,QC-MAIN-c0660aec,"Au and Cu, Underground mining and beneficiation at Goldex",2886927.328724,,Ore processed,1,ore
QC-MAIN-c0660aec,,Water,Zinc (and its compounds),Emission,Waterbody,tonnes,,QC-MAIN-c0660aec,"Au and Cu, Underground mining and beneficiation at Goldex",2886927.328724,,Ore processed,1,ore
ON-MAIN-687b8c8d,,Water,Ammonia (total),Emission,Waterbody,tonnes,,ON-MAIN-687b8c8d,"Au, Underground mining and beneficiation at Island",439008.0,,Ore processed,1,ore
ON-MAIN-7607a50e,,Water,Ammonia (total),Emission,Waterbody,tonnes,,ON-MAIN-7607a50e,"Au, Underground mining and beneficiation at Young-Davidson",2878047.0,,Ore processed,1,ore
ON-MAIN-7607a50e,,Water,Antimony (and its compounds),Emission,Waterbody,tonnes,,ON-MAIN-7607a50e,"Au, Underground mining and beneficiation at Young-Davidson",2878047.0,,Ore processed,1,ore
ON-MAIN-687b8c8d,,Water,Arsenic (and its compounds),Emission,Waterbody,kg,,ON-MAIN-687b8c8d,"Au, Underground mining and beneficiation at Island",439008.0,,Ore processed,1,ore
ON-MAIN-7607a50e,,Water,Arsenic (and its compounds),Emission,Waterbody,kg,,ON-MAIN-7607a50e,"Au, Underground mining and beneficiation at Young-Davidson",2878047.0,,Ore processed,1,ore
ON-MAIN-687b8c8d,,Water,Cadmium (and its compounds),Emission,Waterbody,kg,,ON-MAIN-687b8c8d,"Au, Underground mining and beneficiation at Island",439008.0,,Ore processed,1,ore
ON-MAIN-7607a50e,,Water,Cadmium (and its compounds),Emission,Waterbody,kg,,ON-MAIN-7607a50e,"Au, Underground mining and beneficiation at Young-Davidson",2878047.0,,Ore processed,1,ore
ON-MAIN-687b8c8d,,Water,Chromium (and its compounds),Emission,Waterbody,tonnes,,ON-MAIN-687b8c8d,"Au, Underground mining and beneficiation at Island",439008.0,,Ore processed,1,ore
ON-MAIN-7607a50e,,Water,Chromium (and its compounds),Emission,Waterbody,tonnes,,ON-MAIN-7607a50e,"Au, Underground mining and beneficiation at Young-Davidson",2878047.0,,Ore processed,1,ore
ON-MAIN-687b8c8d,,Water,Cobalt (and its compounds),Emission,Waterbody,kg,,ON-MAIN-687b8c8d,"Au, Underground mining and beneficiation at Island",439008.0,,Ore processed,1,ore
ON-MAIN-7607a50e,,Water,Cobalt (and its compounds),Emission,Waterbody,kg,,ON-MAIN-7607a50e,"Au, Underground mining and beneficiation at Young-Davidson",2878047.0,,Ore processed,1,ore
ON-MAIN-687b8c8d,,Water,Copper (and its compounds),Emission,Waterbody,tonnes,,ON-MAIN-687b8c8d,"Au, Underground mining and beneficiation at Island",439008.0,,Ore processed,1,ore
ON-MAIN-7607a50e,,Water,Copper (and its compounds),Emission,Waterbody,tonnes,,ON-MAIN-7607a50e,"Au, Underground mining and beneficiation at Young-Davidson",2878047.0,,Ore processed,1,ore
ON-MAIN-687b8c8d,,Water,Cyanides (ionic),Emission,Waterbody,tonnes,,ON-MAIN-687b8c8d,"Au, Underground mining and beneficiation at Island",439008.0,,Ore processed,1,ore
ON-MAIN-687b8c8d,,Water,Lead (and its compounds),Emission,Waterbody,kg,,ON-MAIN-687b8c8d,"Au, Underground mining and beneficiation at Island",439008.0,,Ore processed,1,ore
ON-MAIN-7607a50e,,Water,Lead (and its compounds),Emission,Waterbody,kg,,ON-MAIN-7607a50e,"Au, Underground mining and beneficiation at Young-Davidson",2878047.0,,Ore processed,1,ore
ON-MAIN-687b8c8d,,Water,Manganese (and its compounds),Emission,Waterbody,tonnes,,ON-MAIN-687b8c8d,"Au, Underground mining and beneficiation at Island",439008.0,,Ore processed,1,ore
ON-MAIN-687b8c8d,,Water,Mercury (and its compounds),Emission,Waterbody,tonnes,,ON-MAIN-687b8c8d,"Au, Underground mining and beneficiation at Island",439008.0,,Ore processed,1,ore
ON-MAIN-7607a50e,,Water,Mercury (and its compounds),Emission,Waterbody,tonnes,,ON-MAIN-7607a50e,"Au, Underground mining and beneficiation at Young-Davidson",2878047.0,,Ore processed,1,ore
ON-MAIN-687b8c8d,,Water,Nickel (and its compounds),Emission,Waterbody,tonnes,,ON-MAIN-687b8c8d,"Au, Underground mining and beneficiation at Island",439008.0,,Ore processed,1,ore
ON-MAIN-7607a50e,,Water,Nickel (and its compounds),Emission,Waterbody,tonnes,,ON-MAIN-7607a50e,"Au, Underground mining and beneficiation at Young-Davidson",2878047.0,,Ore processed,1,ore
ON-MAIN-687b8c8d,,Water,Nitrate ion in solution at pH >= 6.0,Emission,Waterbody,tonnes,,ON-MAIN-687b8c8d,"Au, Underground mining and beneficiation at Island",439008.0,,Ore processed,1,ore
ON-MAIN-7607a50e,,Water,Nitrate ion in solution at pH >= 6.0,Emission,Waterbody,tonnes,,ON-MAIN-7607a50e,"Au, Underground mining and beneficiation at Young-Davidson",2878047.0,,Ore processed,1,ore
ON-MAIN-7607a50e,,Water,Phosphorus (total),Emission,Waterbody,tonnes,,ON-MAIN-7607a50e,"Au, Underground mining and beneficiation at Young-Davidson",2878047.0,,Ore processed,1,ore
ON-MAIN-687b8c8d,,Water,Selenium (and its compounds),Emission,Waterbody,kg,,ON-MAIN-687b8c8d,"Au, Underground mining and beneficiation at Island",439008.0,,Ore processed,1,ore
ON-MAIN-7607a50e,,Water,Selenium (and its compounds),Emission,Waterbody,kg,,ON-MAIN-7607a50e,"Au, Underground mining and beneficiation at Young-Davidson",2878047.0,,Ore processed,1,ore
ON-MAIN-7607a50e,,Water,Silver (and its compounds),Emission,Waterbody,tonnes,,ON-MAIN-7607a50e,"Au, Underground mining and beneficiation at Young-Davidson",2878047.0,,Ore processed,1,ore
ON-MAIN-7607a50e,,Water,Thallium (and its compounds),Emission,Waterbody,kg,,ON-MAIN-7607a50e,"Au, Underground mining and beneficiation at Young-Davidson",2878047.0,,Ore processed,1,ore
ON-MAIN-7607a50e,,Water,Vanadium (and its compounds),Emission,Waterbody,tonnes,,ON-MAIN-7607a50e,"Au, Underground mining and beneficiation at Young-Davidson",2878047.0,,Ore processed,1,ore
ON-MAIN-687b8c8d,,Water,Zinc (and its compounds),Emission,Waterbody,tonnes,,ON-MAIN-687b8c8d,"Au, Underground mining and beneficiation at Island",439008.0,,Ore processed,1,ore
ON-MAIN-7607a50e,,Water,Zinc (and its compounds),Emission,Waterbody,tonnes,,ON-MAIN-7607a50e,"Au, Underground mining and beneficiation at Young-Davidson",2878047.0,,Ore processed,1,ore
SK-MAIN-91cf5448,,Water,Arsenic (and its compounds),Emission,Waterbody,kg,,SK-MAIN-91cf5448,"U, Underground mining at Cigar Lake",43726.856187782,,Ore processed,1,ore
SK-MAIN-91cf5448,,Water,Cadmium (and its compounds),Emission,Waterbody,kg,,SK-MAIN-91cf5448,"U, Underground mining at Cigar Lake",43726.856187782,,Ore processed,1,ore
SK-MAIN-91cf5448,,Water,Cobalt (and its compounds),Emission,Waterbody,kg,,SK-MAIN-91cf5448,"U, Underground mining at Cigar Lake",43726.856187782,,Ore processed,1,ore
SK-MAIN-91cf5448,,Water,Lead (and its compounds),Emission,Waterbody,kg,,SK-MAIN-91cf5448,"U, Underground mining at Cigar Lake",43726.856187782,,Ore processed,1,ore
BC-MAIN-599152a0,,Water,Arsenic (and its compounds),Emission,Waterbody,kg,,BC-MAIN-599152a0,"Au and Ag and Cu, Open-pit mining and beneficiation at Copper Mountain",6862152.0,,Ore processed,1,ore
BC-MAIN-599152a0,,Water,Cadmium (and its compounds),Emission,Waterbody,kg,,BC-MAIN-599152a0,"Au and Ag and Cu, Open-pit mining and beneficiation at Copper Mountain",6862152.0,,Ore processed,1,ore
BC-MAIN-599152a0,,Water,Cobalt (and its compounds),Emission,Waterbody,kg,,BC-MAIN-599152a0,"Au and Ag and Cu, Open-pit mining and beneficiation at Copper Mountain",6862152.0,,Ore processed,1,ore
BC-MAIN-599152a0,,Water,Copper (and its compounds),Emission,Waterbody,tonnes,,BC-MAIN-599152a0,"Au and Ag and Cu, Open-pit mining and beneficiation at Copper Mountain",6862152.0,,Ore processed,1,ore
BC-MAIN-599152a0,,Water,Lead (and its compounds),Emission,Waterbody,kg,,BC-MAIN-599152a0,"Au and Ag and Cu, Open-pit mining and beneficiation at Copper Mountain",6862152.0,,Ore processed,1,ore
BC-MAIN-599152a0,,Water,Manganese (and its compounds),Emission,Waterbody,tonnes,,BC-MAIN-599152a0,"Au and Ag and Cu, Open-pit mining and beneficiation at Copper Mountain",6862152.0,,Ore processed,1,ore
BC-MAIN-599152a0,,Water,Mercury (and its compounds),Emission,Waterbody,tonnes,,BC-MAIN-599152a0,"Au and Ag and Cu, Open-pit mining and beneficiation at Copper Mountain",6862152.0,,Ore processed,1,ore
BC-MAIN-599152a0,,Water,Phosphorus (total),Emission,Waterbody,tonnes,,BC-MAIN-599152a0,"Au and Ag and Cu, Open-pit mining and beneficiation at Copper Mountain",6862152.0,,Ore processed,1,ore
BC-MAIN-599152a0,,Water,Selenium (and its compounds),Emission,Waterbody,kg,,BC-MAIN-599152a0,"Au and Ag and Cu, Open-pit mining and beneficiation at Copper Mountain",6862152.0,,Ore processed,1,ore
BC-MAIN-599152a0,,Water,Thallium (and its compounds),Emission,Waterbody,kg,,BC-MAIN-599152a0,"Au and Ag and Cu, Open-pit mining and beneficiation at Copper Mountain",6862152.0,,Ore processed,1,ore
ON-MAIN-7f050560,,Water,Arsenic (and its compounds),Emission,Waterbody,kg,,ON-MAIN-7f050560,"Au, Underground mining and beneficiation at Red Lake",841000.0,,Ore processed,1,ore
ON-MAIN-7f050560,,Water,Cadmium (and its compounds),Emission,Waterbody,kg,,ON-MAIN-7f050560,"Au, Underground mining and beneficiation at Red Lake",841000.0,,Ore processed,1,ore
ON-MAIN-7f050560,,Water,Cobalt (and its compounds),Emission,Waterbody,kg,,ON-MAIN-7f050560,"Au, Underground mining and beneficiation at Red Lake",841000.0,,Ore processed,1,ore
ON-MAIN-7f050560,,Water,Lead (and its compounds),Emission,Waterbody,kg,,ON-MAIN-7f050560,"Au, Underground mining and beneficiation at Red Lake",841000.0,,Ore processed,1,ore
ON-MAIN-7f050560,,Water,Mercury (and its compounds),Emission,Waterbody,tonnes,,ON-MAIN-7f050560,"Au, Underground mining and beneficiation at Red Lake",841000.0,,Ore processed,1,ore
ON-MAIN-7f050560,,Water,Nitrate ion in solution at pH >= 6.0,Emission,Waterbody,tonnes,,ON-MAIN-7f050560,"Au, Underground mining and beneficiation at Red Lake",841000.0,,Ore processed,1,ore
NL-MAIN-c139de6d,,Water,Ammonia (total),Emission,Waterbody,tonnes,,NL-MAIN-c139de6d,,,,Ore processed,1,ore
NL-MAIN-c139de6d,,Water,Copper (and its compounds),Emission,Waterbody,tonnes,,NL-MAIN-c139de6d,,,,Ore processed,1,ore
NL-MAIN-c139de6d,,Water,Lead (and its compounds),Emission,Waterbody,kg,,NL-MAIN-c139de6d,,,,Ore processed,1,ore
NL-MAIN-c139de6d,,Water,Nickel (and its compounds),Emission,Waterbody,tonnes,,NL-MAIN-c139de6d,,,,Ore processed,1,ore
NL-MAIN-c139de6d,,Water,Zinc (and its compounds),Emission,Waterbody,tonnes,,NL-MAIN-c139de6d,,,,Ore processed,1,ore
BC-MAIN-6b4800fe,,Water,Arsenic (and its compounds),Emission,Waterbody,kg,,BC-MAIN-6b4800fe,"Cu and Mo, Open-pit mining and beneficiation at Gibraltar",30000000.0,,Ore processed,1,ore
BC-MAIN-6b4800fe,,Water,Cadmium (and its compounds),Emission,Waterbody,kg,,BC-MAIN-6b4800fe,"Cu and Mo, Open-pit mining and beneficiation at Gibraltar",30000000.0,,Ore processed,1,ore
BC-MAIN-6b4800fe,,Water,Chromium (and its compounds),Emission,Waterbody,tonnes,,BC-MAIN-6b4800fe,"Cu and Mo, Open-pit mining and beneficiation at Gibraltar",30000000.0,,Ore processed,1,ore
BC-MAIN-6b4800fe,,Water,Cobalt (and its compounds),Emission,Waterbody,kg,,BC-MAIN-6b4800fe,"Cu and Mo, Open-pit mining and beneficiation at Gibraltar",30000000.0,,Ore processed,1,ore
BC-MAIN-6b4800fe,,Water,Copper (and its compounds),Emission,Waterbody,tonnes,,BC-MAIN-6b4800fe,"Cu and Mo, Open-pit mining and beneficiation at Gibraltar",30000000.0,,Ore processed,1,ore
BC-MAIN-6b4800fe,,Water,Lead (and its compounds),Emission,Waterbody,kg,,BC-MAIN-6b4800fe,"Cu and Mo, Open-pit mining and beneficiation at Gibraltar",30000000.0,,Ore processed,1,ore
BC-MAIN-6b4800fe,,Water,Manganese (and its compounds),Emission,Waterbody,tonnes,,BC-MAIN-6b4800fe,"Cu and Mo, Open-pit mining and beneficiation at Gibraltar",30000000.0,,Ore processed,1,ore
BC-MAIN-6b4800fe,,Water,Mercury (and its compounds),Emission,Waterbody,tonnes,,BC-MAIN-6b4800fe,"Cu and Mo, Open-pit mining and beneficiation at Gibraltar",30000000.0,,Ore processed,1,ore
BC-MAIN-6b4800fe,,Water,Nickel (and its compounds),Emission,Waterbody,tonnes,,BC-MAIN-6b4800fe,"Cu and Mo, Open-pit mining and beneficiation at Gibraltar",30000000.0,,Ore processed,1,ore
BC-MAIN-6b4800fe,,Water,Selenium (and its compounds),Emission,Waterbody,kg,,BC-MAIN-6b4800fe,"Cu and Mo, Open-pit mining and beneficiation at Gibraltar",30000000.0,,Ore processed,1,ore
BC-MAIN-6b4800fe,,Water,Zinc (and its compounds),Emission,Waterbody,tonnes,,BC-MAIN-6b4800fe,"Cu and Mo, Open-pit mining and beneficiation at Gibraltar",30000000.0,,Ore processed,1,ore
QC-MAIN-a97821c0,,Water,Arsenic (and its compounds),Emission,Waterbody,kg,,QC-MAIN-a97821c0,"Cu and Ni and Co and Pt, Underground mining and beneficiation at Raglan",1500000.0,,Ore processed,1,ore
QC-MAIN-a97821c0,,Water,Cadmium (and its compounds),Emission,Waterbody,kg,,QC-MAIN-a97821c0,"Cu and Ni and Co and Pt, Underground mining and beneficiation at Raglan",1500000.0,,Ore processed,1,ore
QC-MAIN-a97821c0,,Water,Chromium (and its compounds),Emission,Waterbody,tonnes,,QC-MAIN-a97821c0,"Cu and Ni and Co and Pt, Underground mining and beneficiation at Raglan",1500000.0,,Ore processed,1,ore
QC-MAIN-a97821c0,,Water,Cobalt (and its compounds),Emission,Waterbody,kg,,QC-MAIN-a97821c0,"Cu and Ni and Co and Pt, Underground mining and beneficiation at Raglan",1500000.0,,Ore processed,1,ore
QC-MAIN-a97821c0,,Water,Copper (and its compounds),Emission,Waterbody,tonnes,,QC-MAIN-a97821c0,"Cu and Ni and Co and Pt, Underground mining and beneficiation at Raglan",1500000.0,,Ore processed,1,ore
QC-MAIN-a97821c0,,Water,Lead (and its compounds),Emission,Waterbody,kg,,QC-MAIN-a97821c0,"Cu and Ni and Co and Pt, Underground mining and beneficiation at Raglan",1500000.0,,Ore processed,1,ore
QC-MAIN-a97821c0,,Water,Manganese (and its compounds),Emission,Waterbody,tonnes,,QC-MAIN-a97821c0,"Cu and Ni and Co and Pt, Underground mining and beneficiation at Raglan",1500000.0,,Ore processed,1,ore
QC-MAIN-a97821c0,,Water,Mercury (and its compounds),Emission,Waterbody,tonnes,,QC-MAIN-a97821c0,"Cu and Ni and Co and Pt, Underground mining and beneficiation at Raglan",1500000.0,,Ore processed,1,ore
QC-MAIN-a97821c0,,Water,Nickel (and its compounds),Emission,Waterbody,tonnes,,QC-MAIN-a97821c0,"Cu and Ni and Co and Pt, Underground mining and beneficiation at Raglan",1500000.0,,Ore processed,1,ore
QC-MAIN-a97821c0,,Water,Nitrate ion in solution at pH >= 6.0,Emission,Waterbody,tonnes,,QC-MAIN-a97821c0,"Cu and Ni and Co and Pt, Underground mining and beneficiation at Raglan",1500000.0,,Ore processed,1,ore
QC-MAIN-a97821c0,,Water,Phosphorus (total),Emission,Waterbody,tonnes,,QC-MAIN-a97821c0,"Cu and Ni and Co and Pt, Underground mining and beneficiation at Raglan",1500000.0,,Ore processed,1,ore
QC-MAIN-a97821c0,,Water,Selenium (and its compounds),Emission,Waterbody,kg,,QC-MAIN-a97821c0,"Cu and Ni and Co and Pt, Underground mining and beneficiation at Raglan",1500000.0,,Ore processed,1,ore
QC-MAIN-a97821c0,,Water,Thallium (and its compounds),Emission,Waterbody,kg,,QC-MAIN-a97821c0,"Cu and Ni and Co and Pt, Underground mining and beneficiation at Raglan",1500000.0,,Ore processed,1,ore
QC-MAIN-a97821c0,,Water,Zinc (and its compounds),Emission,Waterbody,tonnes,,QC-MAIN-a97821c0,"Cu and Ni and Co and Pt, Underground mining and beneficiation at Raglan",1500000.0,,Ore processed,1,ore
ON-MAIN-f8313ebd,,Water,Arsenic (and its compounds),Emission,Waterbody,kg,,ON-MAIN-f8313ebd,"Ag and Cu and Zn, Underground mining and beneficiation at Kidd Creek",1340000.0,,Ore processed,1,ore
ON-MAIN-f8313ebd,,Water,Cadmium (and its compounds),Emission,Waterbody,kg,,ON-MAIN-f8313ebd,"Ag and Cu and Zn, Underground mining and beneficiation at Kidd Creek",1340000.0,,Ore processed,1,ore
ON-MAIN-f8313ebd,,Water,Copper (and its compounds),Emission,Waterbody,tonnes,,ON-MAIN-f8313ebd,"Ag and Cu and Zn, Underground mining and beneficiation at Kidd Creek",1340000.0,,Ore processed,1,ore
ON-MAIN-f8313ebd,,Water,Lead (and its compounds),Emission,Waterbody,kg,,ON-MAIN-f8313ebd,"Ag and Cu and Zn, Underground mining and beneficiation at Kidd Creek",1340000.0,,Ore processed,1,ore
ON-MAIN-f8313ebd,,Water,Nitrate ion in solution at pH >= 6.0,Emission,Waterbody,tonnes,,ON-MAIN-f8313ebd,"Ag and Cu and Zn, Underground mining and beneficiation at Kidd Creek",1340000.0,,Ore processed,1,ore
ON-MAIN-f8313ebd,,Water,Selenium (and its compounds),Emission,Waterbody,kg,,ON-MAIN-f8313ebd,"Ag and Cu and Zn, Underground mining and beneficiation at Kidd Creek",1340000.0,,Ore processed,1,ore
ON-MAIN-f8313ebd,,Water,Zinc (and its compounds),Emission,Waterbody,tonnes,,ON-MAIN-f8313ebd,"Ag and Cu and Zn, Underground mining and beneficiation at Kidd Creek",1340000.0,,Ore processed,1,ore
ON-MAIN-3b3e5365,,Water,Ammonia (total),Emission,Waterbody,tonnes,,ON-MAIN-3b3e5365,,,,Ore processed,1,ore
ON-MAIN-fefeaee4,,Water,Ammonia (total),Emission,Waterbody,tonnes,,ON-MAIN-fefeaee4,"Au, Underground mining and beneficiation at Musselwhite",1028000.0,,Ore processed,1,ore
QC-MAIN-6dc537e6,,Water,Antimony (and its compounds),Emission,Waterbody,tonnes,,QC-MAIN-6dc537e6,"Au and Ag, Underground mining and beneficiation at Éléonore",1661000.0,,Ore processed,1,ore
ON-MAIN-3b3e5365,,Water,Arsenic (and its compounds),Emission,Waterbody,kg,,ON-MAIN-3b3e5365,,,,Ore processed,1,ore
ON-MAIN-fefeaee4,,Water,Arsenic (and its compounds),Emission,Waterbody,kg,,ON-MAIN-fefeaee4,"Au, Underground mining and beneficiation at Musselwhite",1028000.0,,Ore processed,1,ore
QC-MAIN-6dc537e6,,Water,Arsenic (and its compounds),Emission,Waterbody,kg,,QC-MAIN-6dc537e6,"Au and Ag, Underground mining and beneficiation at Éléonore",1661000.0,,Ore processed,1,ore
ON-MAIN-3b3e5365,,Water,Cadmium (and its compounds),Emission,Waterbody,kg,,ON-MAIN-3b3e5365,,,,Ore processed,1,ore
ON-MAIN-fefeaee4,,Water,Cadmium (and its compounds),Emission,Waterbody,kg,,ON-MAIN-fefeaee4,"Au, Underground mining and beneficiation at Musselwhite",1028000.0,,Ore processed,1,ore
QC-MAIN-6dc537e6,,Water,Cadmium (and its compounds),Emission,Waterbody,kg,,QC-MAIN-6dc537e6,"Au and Ag, Underground mining and beneficiation at Éléonore",1661000.0,,Ore processed,1,ore
ON-MAIN-3b3e5365,,Water,Chromium (and its compounds),Emission,Waterbody,tonnes,,ON-MAIN-3b3e5365,,,,Ore processed,1,ore
QC-MAIN-6dc537e6,,Water,Chromium (and its compounds),Emission,Waterbody,tonnes,,QC-MAIN-6dc537e6,"Au and Ag, Underground mining and beneficiation at Éléonore",1661000.0,,Ore processed,1,ore
ON-MAIN-3b3e5365,,Water,Cobalt (and its compounds),Emission,Waterbody,kg,,ON-MAIN-3b3e5365,,,,Ore processed,1,ore
ON-MAIN-fefeaee4,,Water,Cobalt (and its compounds),Emission,Waterbody,kg,,ON-MAIN-fefeaee4,"Au, Underground mining and beneficiation at Musselwhite",1028000.0,,Ore processed,1,ore
QC-MAIN-6dc537e6,,Water,Cobalt (and its compounds),Emission,Waterbody,kg,,QC-MAIN-6dc537e6,"Au and Ag, Underground mining and beneficiation at Éléonore",1661000.0,,Ore processed,1,ore
ON-MAIN-3b3e5365,,Water,Copper (and its compounds),Emission,Waterbody,tonnes,,ON-MAIN-3b3e5365,,,,Ore processed,1,ore
QC-MAIN-6dc537e6,,Water,Copper (and its compounds),Emission,Waterbody,tonnes,,QC-MAIN-6dc537e6,"Au and Ag, Underground mining and beneficiation at Éléonore",1661000.0,,Ore processed,1,ore
ON-MAIN-3b3e5365,,Water,Cyanides (ionic),Emission,Waterbody,tonnes,,ON-MAIN-3b3e5365,,,,Ore processed,1,ore
QC-MAIN-6dc537e6,,Water,Cyanides (ionic),Emission,Waterbody,tonnes,,QC-MAIN-6dc537e6,"Au and Ag, Underground mining and beneficiation at Éléonore",1661000.0,,Ore processed,1,ore
ON-MAIN-3b3e5365,,Water,Lead (and its compounds),Emission,Waterbody,kg,,ON-MAIN-3b3e5365,,,,Ore processed,1,ore
ON-MAIN-fefeaee4,,Water,Lead (and its compounds),Emission,Waterbody,kg,,ON-MAIN-fefeaee4,"Au, Underground mining and beneficiation at Musselwhite",1028000.0,,Ore processed,1,ore
QC-MAIN-6dc537e6,,Water,Lead (and its compounds),Emission,Waterbody,kg,,QC-MAIN-6dc537e6,"Au and Ag, Underground mining and beneficiation at Éléonore",1661000.0,,Ore processed,1,ore
QC-MAIN-6dc537e6,,Water,Manganese (and its compounds),Emission,Waterbody,tonnes,,QC-MAIN-6dc537e6,"Au and Ag, Underground mining and beneficiation at Éléonore",1661000.0,,Ore processed,1,ore
ON-MAIN-3b3e5365,,Water,Mercury (and its compounds),Emission,Waterbody,tonnes,,ON-MAIN-3b3e5365,,,,Ore processed,1,ore
ON-MAIN-fefeaee4,,Water,Mercury (and its compounds),Emission,Waterbody,tonnes,,ON-MAIN-fefeaee4,"Au, Underground mining and beneficiation at Musselwhite",1028000.0,,Ore processed,1,ore
QC-MAIN-6dc537e6,,Water,Mercury (and its compounds),Emission,Waterbody,tonnes,,QC-MAIN-6dc537e6,"Au and Ag, Underground mining and beneficiation at Éléonore",1661000.0,,Ore processed,1,ore
ON-MAIN-3b3e5365,,Water,Nickel (and its compounds),Emission,Waterbody,tonnes,,ON-MAIN-3b3e5365,,,,Ore processed,1,ore
QC-MAIN-6dc537e6,,Water,Nickel (and its compounds),Emission,Waterbody,tonnes,,QC-MAIN-6dc537e6,"Au and Ag, Underground mining and beneficiation at Éléonore",1661000.0,,Ore processed,1,ore
ON-MAIN-fefeaee4,,Water,Nitrate ion in solution at pH >= 6.0,Emission,Waterbody,tonnes,,ON-MAIN-fefeaee4,"Au, Underground mining and beneficiation at Musselwhite",1028000.0,,Ore processed,1,ore
QC-MAIN-6dc537e6,,Water,Nitrate ion in solution at pH >= 6.0,Emission,Waterbody,tonnes,,QC-MAIN-6dc537e6,"Au and Ag, Underground mining and beneficiation at Éléonore",1661000.0,,Ore processed,1,ore
ON-MAIN-3b3e5365,,Water,Selenium (and its compounds),Emission,Waterbody,kg,,ON-MAIN-3b3e5365,,,,Ore processed,1,ore
ON-MAIN-fefeaee4,,Water,Selenium (and its compounds),Emission,Waterbody,kg,,ON-MAIN-fefeaee4,"Au, Underground mining and beneficiation at Musselwhite",1028000.0,,Ore processed,1,ore
QC-MAIN-6dc537e6,,Water,Selenium (and its compounds),Emission,Waterbody,kg,,QC-MAIN-6dc537e6,"Au and Ag, Underground mining and beneficiation at Éléonore",1661000.0,,Ore processed,1,ore
ON-MAIN-3b3e5365,,Water,Thallium (and its compounds),Emission,Waterbody,kg,,ON-MAIN-3b3e5365,,,,Ore processed,1,ore
ON-MAIN-fefeaee4,,Water,Thallium (and its compounds),Emission,Waterbody,kg,,ON-MAIN-fefeaee4,"Au, Underground mining and beneficiation at Musselwhite",1028000.0,,Ore processed,1,ore
QC-MAIN-6dc537e6,,Water,Thallium (and its compounds),Emission,Waterbody,kg,,QC-MAIN-6dc537e6,"Au and Ag, Underground mining and beneficiation at Éléonore",1661000.0,,Ore processed,1,ore
ON-MAIN-3b3e5365,,Water,Vanadium (and its compounds),Emission,Waterbody,tonnes,,ON-MAIN-3b3e5365,,,,Ore processed,1,ore
QC-MAIN-6dc537e6,,Water,Vanadium (and its compounds),Emission,Waterbody,tonnes,,QC-MAIN-6dc537e6,"Au and Ag, Underground mining and beneficiation at Éléonore",1661000.0,,Ore processed,1,ore
ON-MAIN-3b3e5365,,Water,Zinc (and its compounds),Emission,Waterbody,tonnes,,ON-MAIN-3b3e5365,,,,Ore processed,1,ore
QC-MAIN-6dc537e6,,Water,Zinc (and its compounds),Emission,Waterbody,tonnes,,QC-MAIN-6dc537e6,"Au and Ag, Underground mining and beneficiation at Éléonore",1661000.0,,Ore processed,1,ore
QC-MAIN-b86f7d07,,Water,Ammonia (total),Emission,Waterbody,tonnes,,QC-MAIN-b86f7d07,"Au and Ag, Open-pit and underground mining and beneficiation at Casa Berardi",1361450.0,,Ore processed,1,ore
QC-MAIN-b86f7d07,,Water,Arsenic (and its compounds),Emission,Waterbody,kg,,QC-MAIN-b86f7d07,"Au and Ag, Open-pit and underground mining and beneficiation at Casa Berardi",1361450.0,,Ore processed,1,ore
QC-MAIN-b86f7d07,,Water,Cadmium (and its compounds),Emission,Waterbody,kg,,QC-MAIN-b86f7d07,"Au and Ag, Open-pit and underground mining and beneficiation at Casa Berardi",1361450.0,,Ore processed,1,ore
QC-MAIN-b86f7d07,,Water,Chromium (and its compounds),Emission,Waterbody,tonnes,,QC-MAIN-b86f7d07,"Au and Ag, Open-pit and underground mining and beneficiation at Casa Berardi",1361450.0,,Ore processed,1,ore
QC-MAIN-b86f7d07,,Water,Cobalt (and its compounds),Emission,Waterbody,kg,,QC-MAIN-b86f7d07,"Au and Ag, Open-pit and underground mining and beneficiation at Casa Berardi",1361450.0,,Ore processed,1,ore
QC-MAIN-b86f7d07,,Water,Copper (and its compounds),Emission,Waterbody,tonnes,,QC-MAIN-b86f7d07,"Au and Ag, Open-pit and underground mining and beneficiation at Casa Berardi",1361450.0,,Ore processed,1,ore
QC-MAIN-b86f7d07,,Water,Lead (and its compounds),Emission,Waterbody,kg,,QC-MAIN-b86f7d07,"Au and Ag, Open-pit and underground mining and beneficiation at Casa Berardi",1361450.0,,Ore processed,1,ore
QC-MAIN-b86f7d07,,Water,Manganese (and its compounds),Emission,Waterbody,tonnes,,QC-MAIN-b86f7d07,"Au and Ag, Open-pit and underground mining and beneficiation at Casa Berardi",1361450.0,,Ore processed,1,ore
QC-MAIN-b86f7d07,,Water,Mercury (and its compounds),Emission,Waterbody,tonnes,,QC-MAIN-b86f7d07,"Au and Ag, Open-pit and underground mining and beneficiation at Casa Berardi",1361450.0,,Ore processed,1,ore
QC-MAIN-b86f7d07,,Water,Nickel (and its compounds),Emission,Waterbody,tonnes,,QC-MAIN-b86f7d07,"Au and Ag, Open-pit and underground mining and beneficiation at Casa Berardi",1361450.0,,Ore processed,1,ore
QC-MAIN-b86f7d07,,Water,Nitrate ion in solution at pH >= 6.0,Emission,Waterbody,tonnes,,QC-MAIN-b86f7d07,"Au and Ag, Open-pit and underground mining and beneficiation at Casa Berardi",1361450.0,,Ore processed,1,ore
QC-MAIN-b86f7d07,,Water,Selenium (and its compounds),Emission,Waterbody,kg,,QC-MAIN-b86f7d07,"Au and Ag, Open-pit and underground mining and beneficiation at Casa Berardi",1361450.0,,Ore processed,1,ore
QC-MAIN-b86f7d07,,Water,Zinc (and its compounds),Emission,Waterbody,tonnes,,QC-MAIN-b86f7d07,"Au and Ag, Open-pit and underground mining and beneficiation at Casa Berardi",1361450.0,,Ore processed,1,ore
BC-MAIN-3f490561,,Water,Antimony (and its compounds),Emission,Waterbody,tonnes,,BC-MAIN-3f490561,"Au and Cu, Open-pit mining and beneficiation at Mount Polley",5948239.0,,Ore processed,1,ore
BC-MAIN-3f490561,,Water,Arsenic (and its compounds),Emission,Waterbody,kg,,BC-MAIN-3f490561,"Au and Cu, Open-pit mining and beneficiation at Mount Polley",5948239.0,,Ore processed,1,ore
BC-MAIN-3f490561,,Water,Cadmium (and its compounds),Emission,Waterbody,kg,,BC-MAIN-3f490561,"Au and Cu, Open-pit mining and beneficiation at Mount Polley",5948239.0,,Ore processed,1,ore
BC-MAIN-3f490561,,Water,Cobalt (and its compounds),Emission,Waterbody,kg,,BC-MAIN-3f490561,"Au and Cu, Open-pit mining and beneficiation at Mount Polley",5948239.0,,Ore processed,1,ore
BC-MAIN-3f490561,,Water,Copper (and its compounds),Emission,Waterbody,tonnes,,BC-MAIN-3f490561,"Au and Cu, Open-pit mining and beneficiation at Mount Polley",5948239.0,,Ore processed,1,ore
BC-MAIN-3f490561,,Water,Lead (and its compounds),Emission,Waterbody,kg,,BC-MAIN-3f490561,"Au and Cu, Open-pit mining and beneficiation at Mount Polley",5948239.0,,Ore processed,1,ore
BC-MAIN-3f490561,,Water,Manganese (and its compounds),Emission,Waterbody,tonnes,,BC-MAIN-3f490561,"Au and Cu, Open-pit mining and beneficiation at Mount Polley",5948239.0,,Ore processed,1,ore
BC-MAIN-3f490561,,Water,Nickel (and its compounds),Emission,Waterbody,tonnes,,BC-MAIN-3f490561,"Au and Cu, Open-pit mining and beneficiation at Mount Polley",5948239.0,,Ore processed,1,ore
BC-MAIN-3f490561,,Water,Nitrate ion in solution at pH >= 6.0,Emission,Waterbody,tonnes,,BC-MAIN-3f490561,"Au and Cu, Open-pit mining and beneficiation at Mount Polley",5948239.0,,Ore processed,1,ore
BC-MAIN-3f490561,,Water,Phosphorus (total),Emission,Waterbody,tonnes,,BC-MAIN-3f490561,"Au and Cu, Open-pit mining and beneficiation at Mount Polley",5948239.0,,Ore processed,1,ore
BC-MAIN-3f490561,,Water,Selenium (and its compounds),Emission,Waterbody,kg,,BC-MAIN-3f490561,"Au and Cu, Open-pit mining and beneficiation at Mount Polley",5948239.0,,Ore processed,1,ore
BC-MAIN-3f490561,,Water,Vanadium (and its compounds),Emission,Waterbody,tonnes,,BC-MAIN-3f490561,"Au and Cu, Open-pit mining and beneficiation at Mount Polley",5948239.0,,Ore processed,1,ore
BC-MAIN-3f490561,,Water,Zinc (and its compounds),Emission,Waterbody,tonnes,,BC-MAIN-3f490561,"Au and Cu, Open-pit mining and beneficiation at Mount Polley",5948239.0,,Ore processed,1,ore
NL-MAIN-dd723db4,,Water,Ammonia (total),Emission,Waterbody,tonnes,,NL-MAIN-dd723db4,,16478000.0,,Ore processed,1,ore
NL-MAIN-dd723db4,,Water,Arsenic (and its compounds),Emission,Waterbody,kg,,NL-MAIN-dd723db4,,16478000.0,,Ore processed,1,ore
NL-MAIN-dd723db4,,Water,Cadmium (and its compounds),Emission,Waterbody,kg,,NL-MAIN-dd723db4,,16478000.0,,Ore processed,1,ore
NL-MAIN-dd723db4,,Water,Chromium (and its compounds),Emission,Waterbody,tonnes,,NL-MAIN-dd723db4,,16478000.0,,Ore processed,1,ore
NL-MAIN-dd723db4,,Water,Cobalt (and its compounds),Emission,Waterbody,kg,,NL-MAIN-dd723db4,,16478000.0,,Ore processed,1,ore
NL-MAIN-dd723db4,,Water,Copper (and its compounds),Emission,Waterbody,tonnes,,NL-MAIN-dd723db4,,16478000.0,,Ore processed,1,ore
NL-MAIN-dd723db4,,Water,Lead (and its compounds),Emission,Waterbody,kg,,NL-MAIN-dd723db4,,16478000.0,,Ore processed,1,ore
NL-MAIN-dd723db4,,Water,Manganese (and its compounds),Emission,Waterbody,tonnes,,NL-MAIN-dd723db4,,16478000.0,,Ore processed,1,ore
NL-MAIN-dd723db4,,Water,Nitrate ion in solution at pH >= 6.0,Emission,Waterbody,tonnes,,NL-MAIN-dd723db4,,16478000.0,,Ore processed,1,ore
NL-MAIN-dd723db4,,Water,Phosphorus (total),Emission,Waterbody,tonnes,,NL-MAIN-dd723db4,,16478000.0,,Ore processed,1,ore
NL-MAIN-dd723db4,,Water,Thallium (and its compounds),Emission,Waterbody,kg,,NL-MAIN-dd723db4,,16478000.0,,Ore processed,1,ore
NL-MAIN-dd723db4,,Water,Zinc (and its compounds),Emission,Waterbody,tonnes,,NL-MAIN-dd723db4,,16478000.0,,Ore processed,1,ore
ON-MAIN-aeafbb59,,Water,Arsenic (and its compounds),Emission,Waterbody,kg,,ON-MAIN-aeafbb59,"Au and Ag, Open-pit mining and beneficiation at Detour Lake",25434853.5024164,,Ore processed,1,ore
ON-MAIN-aeafbb59,,Water,Copper (and its compounds),Emission,Waterbody,tonnes,,ON-MAIN-aeafbb59,"Au and Ag, Open-pit mining and beneficiation at Detour Lake",25434853.5024164,,Ore processed,1,ore
ON-MAIN-aeafbb59,,Water,Lead (and its compounds),Emission,Waterbody,kg,,ON-MAIN-aeafbb59,"Au and Ag, Open-pit mining and beneficiation at Detour Lake",25434853.5024164,,Ore processed,1,ore
ON-MAIN-aeafbb59,,Water,Nickel (and its compounds),Emission,Waterbody,tonnes,,ON-MAIN-aeafbb59,"Au and Ag, Open-pit mining and beneficiation at Detour Lake",25434853.5024164,,Ore processed,1,ore
ON-MAIN-aeafbb59,,Water,Zinc (and its compounds),Emission,Waterbody,tonnes,,ON-MAIN-aeafbb59,"Au and Ag, Open-pit mining and beneficiation at Detour Lake",25434853.5024164,,Ore processed,1,ore
QC-MAIN-e51eda66,,Water,Ammonia (total),Emission,Waterbody,tonnes,,QC-MAIN-e51eda66,"Au and Ag and Cu and Zn, Underground mining and beneficiation at LaRonde",1501500.0,,Ore processed,1,ore
QC-MAIN-e51eda66,,Water,Arsenic (and its compounds),Emission,Waterbody,kg,,QC-MAIN-e51eda66,"Au and Ag and Cu and Zn, Underground mining and beneficiation at LaRonde",1501500.0,,Ore processed,1,ore
QC-MAIN-e51eda66,,Water,Cadmium (and its compounds),Emission,Waterbody,kg,,QC-MAIN-e51eda66,"Au and Ag and Cu and Zn, Underground mining and beneficiation at LaRonde",1501500.0,,Ore processed,1,ore
QC-MAIN-e51eda66,,Water,Chromium (and its compounds),Emission,Waterbody,tonnes,,QC-MAIN-e51eda66,"Au and Ag and Cu and Zn, Underground mining and beneficiation at LaRonde",1501500.0,,Ore processed,1,ore
QC-MAIN-e51eda66,,Water,Cobalt (and its compounds),Emission,Waterbody,kg,,QC-MAIN-e51eda66,"Au and Ag and Cu and Zn, Underground mining and beneficiation at LaRonde",1501500.0,,Ore processed,1,ore
QC-MAIN-e51eda66,,Water,Copper (and its compounds),Emission,Waterbody,tonnes,,QC-MAIN-e51eda66,"Au and Ag and Cu and Zn, Underground mining and beneficiation at LaRonde",1501500.0,,Ore processed,1,ore
QC-MAIN-e51eda66,,Water,Cyanides (ionic),Emission,Waterbody,tonnes,,QC-MAIN-e51eda66,"Au and Ag and Cu and Zn, Underground mining and beneficiation at LaRonde",1501500.0,,Ore processed,1,ore
QC-MAIN-e51eda66,,Water,Lead (and its compounds),Emission,Waterbody,kg,,QC-MAIN-e51eda66,"Au and Ag and Cu and Zn, Underground mining and beneficiation at LaRonde",1501500.0,,Ore processed,1,ore
QC-MAIN-e51eda66,,Water,Manganese (and its compounds),Emission,Waterbody,tonnes,,QC-MAIN-e51eda66,"Au and Ag and Cu and Zn, Underground mining and beneficiation at LaRonde",1501500.0,,Ore processed,1,ore
QC-MAIN-e51eda66,,Water,Mercury (and its compounds),Emission,Waterbody,tonnes,,QC-MAIN-e51eda66,"Au and Ag and Cu and Zn, Underground mining and beneficiation at LaRonde",1501500.0,,Ore processed,1,ore
QC-MAIN-e51eda66,,Water,Nickel (and its compounds),Emission,Waterbody,tonnes,,QC-MAIN-e51eda66,"Au and Ag and Cu and Zn, Underground mining and beneficiation at LaRonde",1501500.0,,Ore processed,1,ore
QC-MAIN-e51eda66,,Water,Nitrate ion in solution at pH >= 6.0,Emission,Waterbody,tonnes,,QC-MAIN-e51eda66,"Au and Ag and Cu and Zn, Underground mining and beneficiation at LaRonde",1501500.0,,Ore processed,1,ore
QC-MAIN-e51eda66,,Water,Selenium (and its compounds),Emission,Waterbody,kg,,QC-MAIN-e51eda66,"Au and Ag and Cu and Zn, Underground mining and beneficiation at LaRonde",1501500.0,,Ore processed,1,ore
QC-MAIN-e51eda66,,Water,Zinc (and its compounds),Emission,Waterbody,tonnes,,QC-MAIN-e51eda66,"Au and Ag and Cu and Zn, Underground mining and beneficiation at LaRonde",1501500.0,,Ore processed,1,ore
QC-MAIN-a555d9b9,,Water,Ammonia (total),Emission,Waterbody,tonnes,,QC-MAIN-a555d9b9,"Nb, Underground mining and beneficiation at Niobec",2200000.0,,Ore processed,1,ore
QC-MAIN-a555d9b9,,Water,Arsenic (and its compounds),Emission,Waterbody,kg,,QC-MAIN-a555d9b9,"Nb, Underground mining and beneficiation at Niobec",2200000.0,,Ore processed,1,ore
QC-MAIN-a555d9b9,,Water,Cadmium (and its compounds),Emission,Waterbody,kg,,QC-MAIN-a555d9b9,"Nb, Underground mining and beneficiation at Niobec",2200000.0,,Ore processed,1,ore
QC-MAIN-a555d9b9,,Water,Chromium (and its compounds),Emission,Waterbody,tonnes,,QC-MAIN-a555d9b9,"Nb, Underground mining and beneficiation at Niobec",2200000.0,,Ore processed,1,ore
QC-MAIN-a555d9b9,,Water,Cobalt (and its compounds),Emission,Waterbody,kg,,QC-MAIN-a555d9b9,"Nb, Underground mining and beneficiation at Niobec",2200000.0,,Ore processed,1,ore
QC-MAIN-a555d9b9,,Water,Copper (and its compounds),Emission,Waterbody,tonnes,,QC-MAIN-a555d9b9,"Nb, Underground mining and beneficiation at Niobec",2200000.0,,Ore processed,1,ore
QC-MAIN-a555d9b9,,Water,Fluorine,Emission,Waterbody,tonnes,,QC-MAIN-a555d9b9,"Nb, Underground mining and beneficiation at Niobec",2200000.0,,Ore processed,1,ore
QC-MAIN-a555d9b9,,Water,Lead (and its compounds),Emission,Waterbody,kg,,QC-MAIN-a555d9b9,"Nb, Underground mining and beneficiation at Niobec",2200000.0,,Ore processed,1,ore
QC-MAIN-a555d9b9,,Water,Manganese (and its compounds),Emission,Waterbody,tonnes,,QC-MAIN-a555d9b9,"Nb, Underground mining and beneficiation at Niobec",2200000.0,,Ore processed,1,ore
QC-MAIN-a555d9b9,,Water,Nitrate ion in solution at pH >= 6.0,Emission,Waterbody,tonnes,,QC-MAIN-a555d9b9,"Nb, Underground mining and beneficiation at Niobec",2200000.0,,Ore processed,1,ore
QC-MAIN-a555d9b9,,Water,Phosphorus (total),Emission,Waterbody,tonnes,,QC-MAIN-a555d9b9,"Nb, Underground mining and beneficiation at Niobec",2200000.0,,Ore processed,1,ore
QC-MAIN-a555d9b9,,Water,Selenium (and its compounds),Emission,Waterbody,kg,,QC-MAIN-a555d9b9,"Nb, Underground mining and beneficiation at Niobec",2200000.0,,Ore processed,1,ore
QC-MAIN-a555d9b9,,Water,Zinc (and its compounds),Emission,Waterbody,tonnes,,QC-MAIN-a555d9b9,"Nb, Underground mining and beneficiation at Niobec",2200000.0,,Ore processed,1,ore
ON-MAIN-4e0734b5,,Water,Arsenic (and its compounds),Emission,Waterbody,kg,,ON-MAIN-4e0734b5,"Au and Ag, Open-pit and underground mining and beneficiation at Fox Complex",457000.0,,Ore processed,1,ore
ON-MAIN-4e0734b5,,Water,Cadmium (and its compounds),Emission,Waterbody,kg,,ON-MAIN-4e0734b5,"Au and Ag, Open-pit and underground mining and beneficiation at Fox Complex",457000.0,,Ore processed,1,ore
ON-MAIN-4e0734b5,,Water,Chromium (and its compounds),Emission,Waterbody,tonnes,,ON-MAIN-4e0734b5,"Au and Ag, Open-pit and underground mining and beneficiation at Fox Complex",457000.0,,Ore processed,1,ore
ON-MAIN-4e0734b5,,Water,Cobalt (and its compounds),Emission,Waterbody,kg,,ON-MAIN-4e0734b5,"Au and Ag, Open-pit and underground mining and beneficiation at Fox Complex",457000.0,,Ore processed,1,ore
ON-MAIN-4e0734b5,,Water,Copper (and its compounds),Emission,Waterbody,tonnes,,ON-MAIN-4e0734b5,"Au and Ag, Open-pit and underground mining and beneficiation at Fox Complex",457000.0,,Ore processed,1,ore
ON-MAIN-4e0734b5,,Water,Lead (and its compounds),Emission,Waterbody,kg,,ON-MAIN-4e0734b5,"Au and Ag, Open-pit and underground mining and beneficiation at Fox Complex",457000.0,,Ore processed,1,ore
ON-MAIN-4e0734b5,,Water,Nickel (and its compounds),Emission,Waterbody,tonnes,,ON-MAIN-4e0734b5,"Au and Ag, Open-pit and underground mining and beneficiation at Fox Complex",457000.0,,Ore processed,1,ore
ON-MAIN-4e0734b5,,Water,Nitrate ion in solution at pH >= 6.0,Emission,Waterbody,tonnes,,ON-MAIN-4e0734b5,"Au and Ag, Open-pit and underground mining and beneficiation at Fox Complex",457000.0,,Ore processed,1,ore
ON-MAIN-4e0734b5,,Water,Vanadium (and its compounds),Emission,Waterbody,tonnes,,ON-MAIN-4e0734b5,"Au and Ag, Open-pit and underground mining and beneficiation at Fox Complex",457000.0,,Ore processed,1,ore
ON-MAIN-4e0734b5,,Water,Zinc (and its compounds),Emission,Waterbody,tonnes,,ON-MAIN-4e0734b5,"Au and Ag, Open-pit and underground mining and beneficiation at Fox Complex",457000.0,,Ore processed,1,ore
QC-MAIN-089f3c60,,Water,Arsenic (and its compounds),Emission,Waterbody,kg,,QC-MAIN-089f3c60,,11187000.0,,Ore processed,1,ore
QC-MAIN-089f3c60,,Water,Cadmium (and its compounds),Emission,Waterbody,kg,,QC-MAIN-089f3c60,,11187000.0,,Ore processed,1,ore
QC-MAIN-089f3c60,,Water,Chromium (and its compounds),Emission,Waterbody,tonnes,,QC-MAIN-089f3c60,,11187000.0,,Ore processed,1,ore
QC-MAIN-089f3c60,,Water,Cobalt (and its compounds),Emission,Waterbody,kg,,QC-MAIN-089f3c60,,11187000.0,,Ore processed,1,ore
QC-MAIN-089f3c60,,Water,Copper (and its compounds),Emission,Waterbody,tonnes,,QC-MAIN-089f3c60,,11187000.0,,Ore processed,1,ore
QC-MAIN-089f3c60,,Water,Lead (and its compounds),Emission,Waterbody,kg,,QC-MAIN-089f3c60,,11187000.0,,Ore processed,1,ore
QC-MAIN-089f3c60,,Water,Manganese (and its compounds),Emission,Waterbody,tonnes,,QC-MAIN-089f3c60,,11187000.0,,Ore processed,1,ore
QC-MAIN-089f3c60,,Water,Mercury (and its compounds),Emission,Waterbody,tonnes,,QC-MAIN-089f3c60,,11187000.0,,Ore processed,1,ore
QC-MAIN-089f3c60,,Water,Nickel (and its compounds),Emission,Waterbody,tonnes,,QC-MAIN-089f3c60,,11187000.0,,Ore processed,1,ore
QC-MAIN-089f3c60,,Water,Selenium (and its compounds),Emission,Waterbody,kg,,QC-MAIN-089f3c60,,11187000.0,,Ore processed,1,ore
QC-MAIN-089f3c60,,Water,Thallium (and its compounds),Emission,Waterbody,kg,,QC-MAIN-089f3c60,,11187000.0,,Ore processed,1,ore
QC-MAIN-089f3c60,,Water,Zinc (and its compounds),Emission,Waterbody,tonnes,,QC-MAIN-089f3c60,,11187000.0,,Ore processed,1,ore
BC-MAIN-23155c25,,Water,Ammonia (total),Emission,Waterbody,tonnes,,BC-MAIN-23155c25,,,,Ore processed,1,ore
BC-MAIN-23155c25,,Water,Antimony (and its compounds),Emission,Waterbody,tonnes,,BC-MAIN-23155c25,,,,Ore processed,1,ore
BC-MAIN-23155c25,,Water,Arsenic (and its compounds),Emission,Waterbody,kg,,BC-MAIN-23155c25,,,,Ore processed,1,ore
BC-MAIN-23155c25,,Water,Cadmium (and its compounds),Emission,Waterbody,kg,,BC-MAIN-23155c25,,,,Ore processed,1,ore
BC-MAIN-23155c25,,Water,Chromium (and its compounds),Emission,Waterbody,tonnes,,BC-MAIN-23155c25,,,,Ore processed,1,ore
BC-MAIN-23155c25,,Water,Cobalt (and its compounds),Emission,Waterbody,kg,,BC-MAIN-23155c25,,,,Ore processed,1,ore
BC-MAIN-23155c25,,Water,Copper (and its compounds),Emission,Waterbody,tonnes,,BC-MAIN-23155c25,,,,Ore processed,1,ore
BC-MAIN-23155c25,,Water,Lead (and its compounds),Emission,Waterbody,kg,,BC-MAIN-23155c25,,,,Ore processed,1,ore
BC-MAIN-23155c25,,Water,Manganese (and its compounds),Emission,Waterbody,tonnes,,BC-MAIN-23155c25,,,,Ore processed,1,ore
BC-MAIN-23155c25,,Water,Mercury (and its compounds),Emission,Waterbody,tonnes,,BC-MAIN-23155c25,,,,Ore processed,1,ore
BC-MAIN-23155c25,,Water,Nickel (and its compounds),Emission,Waterbody,tonnes,,BC-MAIN-23155c25,,,,Ore processed,1,ore
BC-MAIN-23155c25,,Water,Nitrate ion in solution at pH >= 6.0,Emission,Waterbody,tonnes,,BC-MAIN-23155c25,,,,Ore processed,1,ore
BC-MAIN-23155c25,,Water,Phosphorus (total),Emission,Waterbody,tonnes,,BC-MAIN-23155c25,,,,Ore processed,1,ore
BC-MAIN-23155c25,,Water,Selenium (and its compounds),Emission,Waterbody,kg,,BC-MAIN-23155c25,,,,Ore processed,1,ore
BC-MAIN-23155c25,,Water,Silver (and its compounds),Emission,Waterbody,tonnes,,BC-MAIN-23155c25,,,,Ore processed,1,ore
BC-MAIN-23155c25,,Water,Thallium (and its compounds),Emission,Waterbody,kg,,BC-MAIN-23155c25,,,,Ore processed,1,ore
BC-MAIN-23155c25,,Water,Vanadium (and its compounds),Emission,Waterbody,tonnes,,BC-MAIN-23155c25,,,,Ore processed,1,ore
BC-MAIN-23155c25,,Water,Zinc (and its compounds),Emission,Waterbody,tonnes,,BC-MAIN-23155c25,,,,Ore processed,1,ore
QC-MAIN-dc1a16f9,,Water,Arsenic (and its compounds),Emission,Waterbody,kg,,QC-MAIN-dc1a16f9,,,,Ore processed,1,ore
QC-MAIN-dc1a16f9,,Water,Lead (and its compounds),Emission,Waterbody,kg,,QC-MAIN-dc1a16f9,,,,Ore processed,1,ore
SK-MAIN-60ba74c4,,Water,Ammonia (total),Emission,Waterbody,tonnes,,SK-MAIN-60ba74c4,"U, and beneficiation at McClean Lake",0.0,,Ore processed,1,ore
SK-MAIN-60ba74c4,,Water,Arsenic (and its compounds),Emission,Waterbody,kg,,SK-MAIN-60ba74c4,"U, and beneficiation at McClean Lake",0.0,,Ore processed,1,ore
SK-MAIN-60ba74c4,,Water,Cadmium (and its compounds),Emission,Waterbody,kg,,SK-MAIN-60ba74c4,"U, and beneficiation at McClean Lake",0.0,,Ore processed,1,ore
SK-MAIN-60ba74c4,,Water,Cobalt (and its compounds),Emission,Waterbody,kg,,SK-MAIN-60ba74c4,"U, and beneficiation at McClean Lake",0.0,,Ore processed,1,ore
SK-MAIN-60ba74c4,,Water,Copper (and its compounds),Emission,Waterbody,tonnes,,SK-MAIN-60ba74c4,"U, and beneficiation at McClean Lake",0.0,,Ore processed,1,ore
SK-MAIN-60ba74c4,,Water,Lead (and its compounds),Emission,Waterbody,kg,,SK-MAIN-60ba74c4,"U, and beneficiation at McClean Lake",0.0,,Ore processed,1,ore
SK-MAIN-60ba74c4,,Water,Manganese (and its compounds),Emission,Waterbody,tonnes,,SK-MAIN-60ba74c4,"U, and beneficiation at McClean Lake",0.0,,Ore processed,1,ore
SK-MAIN-60ba74c4,,Water,Nickel (and its compounds),Emission,Waterbody,tonnes,,SK-MAIN-60ba74c4,"U, and beneficiation at McClean Lake",0.0,,Ore processed,1,ore
SK-MAIN-60ba74c4,,Water,Nitrate ion in solution at pH >= 6.0,Emission,Waterbody,tonnes,,SK-MAIN-60ba74c4,"U, and beneficiation at McClean Lake",0.0,,Ore processed,1,ore
SK-MAIN-60ba74c4,,Water,Selenium (and its compounds),Emission,Waterbody,kg,,SK-MAIN-60ba74c4,"U, and beneficiation at McClean Lake",0.0,,Ore processed,1,ore
SK-MAIN-60ba74c4,,Water,Thallium (and its compounds),Emission,Waterbody,kg,,SK-MAIN-60ba74c4,"U, and beneficiation at McClean Lake",0.0,,Ore processed,1,ore
SK-MAIN-60ba74c4,,Water,Vanadium (and its compounds),Emission,Waterbody,tonnes,,SK-MAIN-60ba74c4,"U, and beneficiation at McClean Lake",0.0,,Ore processed,1,ore
SK-MAIN-60ba74c4,,Water,Zinc (and its compounds),Emission,Waterbody,tonnes,,SK-MAIN-60ba74c4,"U, and beneficiation at McClean Lake",0.0,,Ore processed,1,ore
ON-MAIN-8825d90d,,Water,Arsenic (and its compounds),Emission,Waterbody,kg,,ON-MAIN-8825d90d,"Au, Open-pit mining and beneficiation at Magino",1165551.0,,Ore processed,1,ore
ON-MAIN-8825d90d,,Water,Chromium (and its compounds),Emission,Waterbody,tonnes,,ON-MAIN-8825d90d,"Au, Open-pit mining and beneficiation at Magino",1165551.0,,Ore processed,1,ore
ON-MAIN-8825d90d,,Water,Cobalt (and its compounds),Emission,Waterbody,kg,,ON-MAIN-8825d90d,"Au, Open-pit mining and beneficiation at Magino",1165551.0,,Ore processed,1,ore
ON-MAIN-8825d90d,,Water,Copper (and its compounds),Emission,Waterbody,tonnes,,ON-MAIN-8825d90d,"Au, Open-pit mining and beneficiation at Magino",1165551.0,,Ore processed,1,ore
ON-MAIN-8825d90d,,Water,Cyanides (ionic),Emission,Waterbody,tonnes,,ON-MAIN-8825d90d,"Au, Open-pit mining and beneficiation at Magino",1165551.0,,Ore processed,1,ore
ON-MAIN-8825d90d,,Water,Lead (and its compounds),Emission,Waterbody,kg,,ON-MAIN-8825d90d,"Au, Open-pit mining and beneficiation at Magino",1165551.0,,Ore processed,1,ore
ON-MAIN-8825d90d,,Water,Manganese (and its compounds),Emission,Waterbody,tonnes,,ON-MAIN-8825d90d,"Au, Open-pit mining and beneficiation at Magino",1165551.0,,Ore processed,1,ore
ON-MAIN-8825d90d,,Water,Mercury (and its compounds),Emission,Waterbody,tonnes,,ON-MAIN-8825d90d,"Au, Open-pit mining and beneficiation at Magino",1165551.0,,Ore processed,1,ore
ON-MAIN-8825d90d,,Water,Nickel (and its compounds),Emission,Waterbody,tonnes,,ON-MAIN-8825d90d,"Au, Open-pit mining and beneficiation at Magino",1165551.0,,Ore processed,1,ore
ON-MAIN-8825d90d,,Water,Phosphorus (total),Emission,Waterbody,tonnes,,ON-MAIN-8825d90d,"Au, Open-pit mining and beneficiation at Magino",1165551.0,,Ore processed,1,ore
ON-MAIN-8825d90d,,Water,Selenium (and its compounds),Emission,Waterbody,kg,,ON-MAIN-8825d90d,"Au, Open-pit mining and beneficiation at Magino",1165551.0,,Ore processed,1,ore
ON-MAIN-8825d90d,,Water,Thallium (and its compounds),Emission,Waterbody,kg,,ON-MAIN-8825d90d,"Au, Open-pit mining and beneficiation at Magino",1165551.0,,Ore processed,1,ore
ON-MAIN-8825d90d,,Water,Vanadium (and its compounds),Emission,Waterbody,tonnes,,ON-MAIN-8825d90d,"Au, Open-pit mining and beneficiation at Magino",1165551.0,,Ore processed,1,ore
ON-MAIN-8825d90d,,Water,Zinc (and its compounds),Emission,Waterbody,tonnes,,ON-MAIN-8825d90d,"Au, Open-pit mining and beneficiation at Magino",1165551.0,,Ore processed,1,ore
NL-MAIN-842ba1b4,,Water,Ammonia (total),Emission,Waterbody,tonnes,,NL-MAIN-842ba1b4,,,,Ore processed,1,ore
NL-MAIN-842ba1b4,,Water,Arsenic (and its compounds),Emission,Waterbody,kg,,NL-MAIN-842ba1b4,,,,Ore processed,1,ore
NL-MAIN-842ba1b4,,Water,Copper (and its compounds),Emission,Waterbody,tonnes,,NL-MAIN-842ba1b4,,,,Ore processed,1,ore
NL-MAIN-842ba1b4,,Water,Lead (and its compounds),Emission,Waterbody,kg,,NL-MAIN-842ba1b4,,,,Ore processed,1,ore
NL-MAIN-842ba1b4,,Water,Zinc (and its compounds),Emission,Waterbody,tonnes,,NL-MAIN-842ba1b4,,,,Ore processed,1,ore
ON-MAIN-7f050560,,Water,Arsenic (and its compounds),Emission,Waterbody,kg,,ON-MAIN-7f050560,"Au, Underground mining and beneficiation at Red Lake",841000.0,,Ore processed,1,ore
ON-MAIN-7f050560,,Water,Cobalt (and its compounds),Emission,Waterbody,kg,,ON-MAIN-7f050560,"Au, Underground mining and beneficiation at Red Lake",841000.0,,Ore processed,1,ore
ON-MAIN-7f050560,,Water,Nitrate ion in solution at pH >= 6.0,Emission,Waterbody,tonnes,,ON-MAIN-7f050560,"Au, Underground mining and beneficiation at Red Lake",841000.0,,Ore processed,1,ore
NL-MAIN-b64bae7a,,Water,Ammonia (total),Emission,Waterbody,tonnes,,NL-MAIN-b64bae7a,,3560000.0,,Ore processed,1,ore
NL-MAIN-b64bae7a,,Water,Arsenic (and its compounds),Emission,Waterbody,kg,,NL-MAIN-b64bae7a,,3560000.0,,Ore processed,1,ore
NL-MAIN-b64bae7a,,Water,Cadmium (and its compounds),Emission,Waterbody,kg,,NL-MAIN-b64bae7a,,3560000.0,,Ore processed,1,ore
NL-MAIN-b64bae7a,,Water,Cobalt (and its compounds),Emission,Waterbody,kg,,NL-MAIN-b64bae7a,,3560000.0,,Ore processed,1,ore
NL-MAIN-b64bae7a,,Water,Lead (and its compounds),Emission,Waterbody,kg,,NL-MAIN-b64bae7a,,3560000.0,,Ore processed,1,ore
NL-MAIN-b64bae7a,,Water,Manganese (and its compounds),Emission,Waterbody,tonnes,,NL-MAIN-b64bae7a,,3560000.0,,Ore processed,1,ore
NL-MAIN-b64bae7a,,Water,Nitrate ion in solution at pH >= 6.0,Emission,Waterbody,tonnes,,NL-MAIN-b64bae7a,,3560000.0,,Ore processed,1,ore
BC-MAIN-bf503b6b,,Water,Arsenic (and its compounds),Emission,Waterbody,kg,,BC-MAIN-bf503b6b,"Cu and Mo, Open-pit mining and beneficiation at Highland Valley",215221530000.0,,Ore processed,1,ore
BC-MAIN-bf503b6b,,Water,Cadmium (and its compounds),Emission,Waterbody,kg,,BC-MAIN-bf503b6b,"Cu and Mo, Open-pit mining and beneficiation at Highland Valley",215221530000.0,,Ore processed,1,ore
BC-MAIN-bf503b6b,,Water,Cobalt (and its compounds),Emission,Waterbody,kg,,BC-MAIN-bf503b6b,"Cu and Mo, Open-pit mining and beneficiation at Highland Valley",215221530000.0,,Ore processed,1,ore
BC-MAIN-bf503b6b,,Water,Lead (and its compounds),Emission,Waterbody,kg,,BC-MAIN-bf503b6b,"Cu and Mo, Open-pit mining and beneficiation at Highland Valley",215221530000.0,,Ore processed,1,ore
BC-MAIN-bf503b6b,,Water,Selenium (and its compounds),Emission,Waterbody,kg,,BC-MAIN-bf503b6b,"Cu and Mo, Open-pit mining and beneficiation at Highland Valley",215221530000.0,,Ore processed,1,ore
NL-MAIN-2d8801d6,,Water,Ammonia (total),Emission,Waterbody,tonnes,,NL-MAIN-2d8801d6,"Cu and Ni, Open-pit and underground mining and beneficiation at Voisey’s Bay",794117.647058823,,Ore processed,1,ore
NL-MAIN-2d8801d6,,Water,Arsenic (and its compounds),Emission,Waterbody,kg,,NL-MAIN-2d8801d6,"Cu and Ni, Open-pit and underground mining and beneficiation at Voisey’s Bay",794117.647058823,,Ore processed,1,ore
NL-MAIN-2d8801d6,,Water,Cadmium (and its compounds),Emission,Waterbody,kg,,NL-MAIN-2d8801d6,"Cu and Ni, Open-pit and underground mining and beneficiation at Voisey’s Bay",794117.647058823,,Ore processed,1,ore
NL-MAIN-2d8801d6,,Water,Chromium (and its compounds),Emission,Waterbody,tonnes,,NL-MAIN-2d8801d6,"Cu and Ni, Open-pit and underground mining and beneficiation at Voisey’s Bay",794117.647058823,,Ore processed,1,ore
NL-MAIN-2d8801d6,,Water,Cobalt (and its compounds),Emission,Waterbody,kg,,NL-MAIN-2d8801d6,"Cu and Ni, Open-pit and underground mining and beneficiation at Voisey’s Bay",794117.647058823,,Ore processed,1,ore
NL-MAIN-2d8801d6,,Water,Copper (and its compounds),Emission,Waterbody,tonnes,,NL-MAIN-2d8801d6,"Cu and Ni, Open-pit and underground mining and beneficiation at Voisey’s Bay",794117.647058823,,Ore processed,1,ore
NL-MAIN-2d8801d6,,Water,Lead (and its compounds),Emission,Waterbody,kg,,NL-MAIN-2d8801d6,"Cu and Ni, Open-pit and underground mining and beneficiation at Voisey’s Bay",794117.647058823,,Ore processed,1,ore
NL-MAIN-2d8801d6,,Water,Manganese (and its compounds),Emission,Waterbody,tonnes,,NL-MAIN-2d8801d6,"Cu and Ni, Open-pit and underground mining and beneficiation at Voisey’s Bay",794117.647058823,,Ore processed,1,ore
NL-MAIN-2d8801d6,,Water,Mercury (and its compounds),Emission,Waterbody,tonnes,,NL-MAIN-2d8801d6,"Cu and Ni, Open-pit and underground mining and beneficiation at Voisey’s Bay",794117.647058823,,Ore processed,1,ore
NL-MAIN-2d8801d6,,Water,Nickel (and its compounds),Emission,Waterbody,tonnes,,NL-MAIN-2d8801d6,"Cu and Ni, Open-pit and underground mining and beneficiation at Voisey’s Bay",794117.647058823,,Ore processed,1,ore
NL-MAIN-2d8801d6,,Water,Phosphorus (total),Emission,Waterbody,tonnes,,NL-MAIN-2d8801d6,"Cu and Ni, Open-pit and underground mining and beneficiation at Voisey’s Bay",794117.647058823,,Ore processed,1,ore
NL-MAIN-2d8801d6,,Water,Selenium (and its compounds),Emission,Waterbody,kg,,NL-MAIN-2d8801d6,"Cu and Ni, Open-pit and underground mining and beneficiation at Voisey’s Bay",794117.647058823,,Ore processed,1,ore
NL-MAIN-2d8801d6,,Water,Silver (and its compounds),Emission,Waterbody,tonnes,,NL-MAIN-2d8801d6,"Cu and Ni, Open-pit and underground mining and beneficiation at Voisey’s Bay",794117.647058823,,Ore processed,1,ore
NL-MAIN-2d8801d6,,Water,Vanadium (and its compounds),Emission,Waterbody,tonnes,,NL-MAIN-2d8801d6,"Cu and Ni, Open-pit and underground mining and beneficiation at Voisey’s Bay",794117.647058823,,Ore processed,1,ore
NL-MAIN-2d8801d6,,Water,Zinc (and its compounds),Emission,Waterbody,tonnes,,NL-MAIN-2d8801d6,"Cu and Ni, Open-pit and underground mining and beneficiation at Voisey’s Bay",794117.647058823,,Ore processed,1,ore
ON-MAIN-cb85213a,,Water,Arsenic (and its compounds),Emission,Waterbody,kg,,ON-MAIN-cb85213a,"Au, Underground mining and beneficiation at Eagle River",222627.0,,Ore processed,1,ore
ON-MAIN-cb85213a,,Water,Copper (and its compounds),Emission,Waterbody,tonnes,,ON-MAIN-cb85213a,"Au, Underground mining and beneficiation at Eagle River",222627.0,,Ore processed,1,ore
ON-MAIN-cb85213a,,Water,Cyanides (ionic),Emission,Waterbody,tonnes,,ON-MAIN-cb85213a,"Au, Underground mining and beneficiation at Eagle River",222627.0,,Ore processed,1,ore
ON-MAIN-cb85213a,,Water,Lead (and its compounds),Emission,Waterbody,kg,,ON-MAIN-cb85213a,"Au, Underground mining and beneficiation at Eagle River",222627.0,,Ore processed,1,ore
ON-MAIN-cb85213a,,Water,Nickel (and its compounds),Emission,Waterbody,tonnes,,ON-MAIN-cb85213a,"Au, Underground mining and beneficiation at Eagle River",222627.0,,Ore processed,1,ore
ON-MAIN-cb85213a,,Water,Zinc (and its compounds),Emission,Waterbody,tonnes,,ON-MAIN-cb85213a,"Au, Underground mining and beneficiation at Eagle River",222627.0,,Ore processed,1,ore
ON-MAIN-6e9be24e,,Water,Ammonia (total),Emission,Waterbody,tonnes,,ON-MAIN-6e9be24e,"Au, Open-pit and underground mining and beneficiation at Hemlo (Williams)",1266009.0,,Ore processed,1,ore
ON-MAIN-6e9be24e,,Water,Antimony (and its compounds),Emission,Waterbody,tonnes,,ON-MAIN-6e9be24e,"Au, Open-pit and underground mining and beneficiation at Hemlo (Williams)",1266009.0,,Ore processed,1,ore
ON-MAIN-6e9be24e,,Water,Arsenic (and its compounds),Emission,Waterbody,kg,,ON-MAIN-6e9be24e,"Au, Open-pit and underground mining and beneficiation at Hemlo (Williams)",1266009.0,,Ore processed,1,ore
ON-MAIN-6e9be24e,,Water,Cadmium (and its compounds),Emission,Waterbody,kg,,ON-MAIN-6e9be24e,"Au, Open-pit and underground mining and beneficiation at Hemlo (Williams)",1266009.0,,Ore processed,1,ore
ON-MAIN-6e9be24e,,Water,Chromium (and its compounds),Emission,Waterbody,tonnes,,ON-MAIN-6e9be24e,"Au, Open-pit and underground mining and beneficiation at Hemlo (Williams)",1266009.0,,Ore processed,1,ore
ON-MAIN-6e9be24e,,Water,Cobalt (and its compounds),Emission,Waterbody,kg,,ON-MAIN-6e9be24e,"Au, Open-pit and underground mining and beneficiation at Hemlo (Williams)",1266009.0,,Ore processed,1,ore
ON-MAIN-6e9be24e,,Water,Copper (and its compounds),Emission,Waterbody,tonnes,,ON-MAIN-6e9be24e,"Au, Open-pit and underground mining and beneficiation at Hemlo (Williams)",1266009.0,,Ore processed,1,ore
ON-MAIN-6e9be24e,,Water,Cyanides (ionic),Emission,Waterbody,tonnes,,ON-MAIN-6e9be24e,"Au, Open-pit and underground mining and beneficiation at Hemlo (Williams)",1266009.0,,Ore processed,1,ore
ON-MAIN-6e9be24e,,Water,Lead (and its compounds),Emission,Waterbody,kg,,ON-MAIN-6e9be24e,"Au, Open-pit and underground mining and beneficiation at Hemlo (Williams)",1266009.0,,Ore processed,1,ore
ON-MAIN-6e9be24e,,Water,Manganese (and its compounds),Emission,Waterbody,tonnes,,ON-MAIN-6e9be24e,"Au, Open-pit and underground mining and beneficiation at Hemlo (Williams)",1266009.0,,Ore processed,1,ore
ON-MAIN-6e9be24e,,Water,Mercury (and its compounds),Emission,Waterbody,tonnes,,ON-MAIN-6e9be24e,"Au, Open-pit and underground mining and beneficiation at Hemlo (Williams)",1266009.0,,Ore processed,1,ore
ON-MAIN-6e9be24e,,Water,Nickel (and its compounds),Emission,Waterbody,tonnes,,ON-MAIN-6e9be24e,"Au, Open-pit and underground mining and beneficiation at Hemlo (Williams)",1266009.0,,Ore processed,1,ore
ON-MAIN-6e9be24e,,Water,Nitrate ion in solution at pH >= 6.0,Emission,Waterbody,tonnes,,ON-MAIN-6e9be24e,"Au, Open-pit and underground mining and beneficiation at Hemlo (Williams)",1266009.0,,Ore processed,1,ore
ON-MAIN-6e9be24e,,Water,Selenium (and its compounds),Emission,Waterbody,kg,,ON-MAIN-6e9be24e,"Au, Open-pit and underground mining and beneficiation at Hemlo (Williams)",1266009.0,,Ore processed,1,ore
ON-MAIN-6e9be24e,,Water,Vanadium (and its compounds),Emission,Waterbody,tonnes,,ON-MAIN-6e9be24e,"Au, Open-pit and underground mining and beneficiation at Hemlo (Williams)",1266009.0,,Ore processed,1,ore
ON-MAIN-6e9be24e,,Water,Zinc (and its compounds),Emission,Waterbody,tonnes,,ON-MAIN-6e9be24e,"Au, Open-pit and underground mining and beneficiation at Hemlo (Williams)",1266009.0,,Ore processed,1,ore
ON-MAIN-fefeaee4,,Land,Thallium (and its compounds),Emission,Spills,kg,0.0154,ON-MAIN-fefeaee4,"Au, Underground mining and beneficiation at Musselwhite",1028000.0,1.4980544747081713e-08,Ore processed,1,ore
BC-MAIN-bf503b6b,,Land,Arsenic (and its compounds),Emission,Spills,kg,0.352,BC-MAIN-bf503b6b,"Cu and Mo, Open-pit mining and beneficiation at Highland Valley",215221530000.0,1.6355241039314235e-12,Ore processed,1,ore
BC-MAIN-bf503b6b,,Land,Cadmium (and its compounds),Emission,Spills,kg,0.014,BC-MAIN-bf503b6b,"Cu and Mo, Open-pit mining and beneficiation at Highland Valley",215221530000.0,6.504925413363616e-14,Ore processed,1,ore
BC-MAIN-bf503b6b,,Land,Cobalt (and its compounds),Emission,Spills,kg,0.377,BC-MAIN-bf503b6b,"Cu and Mo, Open-pit mining and beneficiation at Highland Valley",215221530000.0,1.7516834863129167e-12,Ore processed,1,ore
BC-MAIN-bf503b6b,,Land,Lead (and its compounds),Emission,Spills,kg,0.929,BC-MAIN-bf503b6b,"Cu and Mo, Open-pit mining and beneficiation at Highland Valley",215221530000.0,4.3164826492962855e-12,Ore processed,1,ore
BC-MAIN-bf503b6b,,Land,Mercury (and its compounds),Emission,Spills,tonnes,9.000000000000001e-08,BC-MAIN-bf503b6b,"Cu and Mo, Open-pit mining and beneficiation at Highland Valley",215221530000.0,4.181737765733754e-19,Ore processed,1,ore
BC-MAIN-bf503b6b,,Land,Selenium (and its compounds),Emission,Spills,kg,0.062,BC-MAIN-bf503b6b,"Cu and Mo, Open-pit mining and beneficiation at Highland Valley",215221530000.0,2.88075268306103e-13,Ore processed,1,ore
QC-MAIN-a97821c0,,Land,Ethylene glycol,Emission,Other,tonnes,4.1724,QC-MAIN-a97821c0,"Cu and Ni and Co and Pt, Underground mining and beneficiation at Raglan",1500000.0,2.7815999999999998e-06,Ore processed,1,ore
QC-MAIN-6dc537e6,,Land,Lead (and its compounds),Emission,Other,kg,134.05,QC-MAIN-6dc537e6,"Au and Ag, Underground mining and beneficiation at Éléonore",1661000.0,8.070439494280554e-05,Ore processed,1,ore
NL-MAIN-dd723db4,,Land,Methanol,Emission,Other,tonnes,441.082,NL-MAIN-dd723db4,,16478000.0,2.6767933001577862e-05,Ore processed,1,ore
NL-MAIN-2d8801d6,,Land,Ammonia (total),Emission,Other,tonnes,370.969,NL-MAIN-2d8801d6,"Cu and Ni, Open-pit and underground mining and beneficiation at Voisey’s Bay",794117.647058823,0.0004671461481481484,Ore processed,1,ore
NL-MAIN-2d8801d6,,Land,Methanol,Emission,Other,tonnes,106.776,NL-MAIN-2d8801d6,"Cu and Ni, Open-pit and underground mining and beneficiation at Voisey’s Bay",794117.647058823,0.00013445866666666676,Ore processed,1,ore
ON-MAIN-eab8c362,,Air,Arsenic (and its compounds),Emission,Stack Emissions,kg,0.904,ON-MAIN-eab8c362,,,,Ore processed,1,ore
ON-MAIN-eab8c362,,Air,Benzene,Emission,Stack Emissions,tonnes,0.20278,ON-MAIN-eab8c362,,,,Ore processed,1,ore
ON-MAIN-eab8c362,,Air,Cadmium (and its compounds),Emission,Stack Emissions,kg,8.6256,ON-MAIN-eab8c362,,,,Ore processed,1,ore
ON-MAIN-eab8c362,,Air,Carbon monoxide,Emission,Stack Emissions,tonnes,563.7,ON-MAIN-eab8c362,,,,Ore processed,1,ore
ON-MAIN-eab8c362,,Air,Cobalt (and its compounds),Emission,Stack Emissions,kg,0.63948,ON-MAIN-eab8c362,,,,Ore processed,1,ore
ON-MAIN-eab8c362,,Air,Ethylene,Emission,Stack Emissions,tonnes,0.39838,ON-MAIN-eab8c362,,,,Ore processed,1,ore
ON-MAIN-eab8c362,,Air,Hydrogen sulphide,Emission,Stack Emissions,tonnes,12.628,ON-MAIN-eab8c362,,,,Ore processed,1,ore
ON-MAIN-eab8c362,,Air,Lead (and its compounds),Emission,Stack Emissions,kg,317.4456,ON-MAIN-eab8c362,,,,Ore processed,1,ore
ON-MAIN-eab8c362,,Air,Manganese (and its compounds),Emission,Stack Emissions,tonnes,5.16716,ON-MAIN-eab8c362,,,,Ore processed,1,ore
ON-MAIN-eab8c362,,Air,Nickel (and its compounds),Emission,Stack Emissions,tonnes,0.00268,ON-MAIN-eab8c362,,,,Ore processed,1,ore
ON-MAIN-eab8c362,,Air,Nitrogen oxides (expressed as nitrogen dioxide),Emission,Stack Emissions,tonnes,2204.419,ON-MAIN-eab8c362,,,,Ore processed,1,ore
ON-MAIN-eab8c362,,Air,PM10 - Particulate Matter <= 10 Micrometers,Emission,Stack Emissions,tonnes,635.83266,ON-MAIN-eab8c362,,,,Ore processed,1,ore
ON-MAIN-eab8c362,,Air,PM2.5 - Particulate Matter <= 2.5 Micrometers,Emission,Stack Emissions,tonnes,387.52477,ON-MAIN-eab8c362,,,,Ore processed,1,ore
ON-MAIN-eab8c362,,Air,Propylene,Emission,Stack Emissions,tonnes,0.02733,ON-MAIN-eab8c362,,,,Ore processed,1,ore
ON-MAIN-eab8c362,,Air,Sulphur dioxide,Emission,Stack Emissions,tonnes,2852.09,ON-MAIN-eab8c362,,,,Ore processed,1,ore
ON-MAIN-eab8c362,,Air,Toluene,Emission,Stack Emissions,tonnes,0.01007,ON-MAIN-eab8c362,,,,Ore processed,1,ore
ON-MAIN-eab8c362,,Air,Total particulate matter,Emission,Stack Emissions,tonnes,987.64,ON-MAIN-eab8c362,,,,Ore processed,1,ore
ON-MAIN-eab8c362,,Air,Total reduced sulphur (expressed as hydrogen sulphide),Emission,Stack Emissions,tonnes,12.628,ON-MAIN-eab8c362,,,,Ore processed,1,ore
ON-MAIN-eab8c362,,Air,Volatile Organic Compounds (Total),Emission,Stack Emissions,tonnes,34.3719,ON-MAIN-eab8c362,,,,Ore processed,1,ore
ON-MAIN-eab8c362,,Air,Zinc (and its compounds),Emission,Stack Emissions,tonnes,1.87119,ON-MAIN-eab8c362,,,,Ore processed,1,ore
AB-MAIN-9fed34a8,,Air,Arsenic (and its compounds),Emission,Stack Emissions,kg,0.45,AB-MAIN-9fed34a8,,,,Ore processed,1,ore
AB-MAIN-9fed34a8,,Air,Cadmium (and its compounds),Emission,Stack Emissions,kg,0.49,AB-MAIN-9fed34a8,,,,Ore processed,1,ore
AB-MAIN-9fed34a8,,Air,Calcium fluoride,Emission,Stack Emissions,tonnes,0.388,AB-MAIN-9fed34a8,,,,Ore processed,1,ore
AB-MAIN-9fed34a8,,Air,Carbon monoxide,Emission,Stack Emissions,tonnes,569.824522,AB-MAIN-9fed34a8,,,,Ore processed,1,ore
AB-MAIN-9fed34a8,,Air,Chromium (and its compounds),Emission,Stack Emissions,tonnes,0.009,AB-MAIN-9fed34a8,,,,Ore processed,1,ore
AB-MAIN-9fed34a8,,Air,Copper (and its compounds),Emission,Stack Emissions,tonnes,0.018,AB-MAIN-9fed34a8,,,,Ore processed,1,ore
AB-MAIN-9fed34a8,,Air,Dioxins and furans - total,Emission,Stack Emissions,g TEQ,0.077041,AB-MAIN-9fed34a8,,,,Ore processed,1,ore
AB-MAIN-9fed34a8,,Air,Hexachlorobenzene,Emission,Stack Emissions,grams,82.18,AB-MAIN-9fed34a8,,,,Ore processed,1,ore
AB-MAIN-9fed34a8,,Air,Hexavalent chromium (and its compounds),Emission,Stack Emissions,kg,1.14,AB-MAIN-9fed34a8,,,,Ore processed,1,ore
AB-MAIN-9fed34a8,,Air,Lead (and its compounds),Emission,Stack Emissions,kg,21.1,AB-MAIN-9fed34a8,,,,Ore processed,1,ore
AB-MAIN-9fed34a8,,Air,Manganese (and its compounds),Emission,Stack Emissions,tonnes,0.1,AB-MAIN-9fed34a8,,,,Ore processed,1,ore
AB-MAIN-9fed34a8,,Air,Mercury (and its compounds),Emission,Stack Emissions,tonnes,0.0027,AB-MAIN-9fed34a8,,,,Ore processed,1,ore
AB-MAIN-9fed34a8,,Air,Nickel (and its compounds),Emission,Stack Emissions,tonnes,0.002,AB-MAIN-9fed34a8,,,,Ore processed,1,ore
AB-MAIN-9fed34a8,,Air,Nitrogen oxides (expressed as nitrogen dioxide),Emission,Stack Emissions,tonnes,54.515804,AB-MAIN-9fed34a8,,,,Ore processed,1,ore
AB-MAIN-9fed34a8,,Air,PM10 - Particulate Matter <= 10 Micrometers,Emission,Stack Emissions,tonnes,3.348815,AB-MAIN-9fed34a8,,,,Ore processed,1,ore
AB-MAIN-9fed34a8,,Air,PM2.5 - Particulate Matter <= 2.5 Micrometers,Emission,Stack Emissions,tonnes,1.611287,AB-MAIN-9fed34a8,,,,Ore processed,1,ore
AB-MAIN-9fed34a8,,Air,Selenium (and its compounds),Emission,Stack Emissions,kg,1.09,AB-MAIN-9fed34a8,,,,Ore processed,1,ore
AB-MAIN-9fed34a8,,Air,Sulphur dioxide,Emission,Stack Emissions,tonnes,39.151355,AB-MAIN-9fed34a8,,,,Ore processed,1,ore
AB-MAIN-9fed34a8,,Air,Total particulate matter,Emission,Stack Emissions,tonnes,4.971095,AB-MAIN-9fed34a8,,,,Ore processed,1,ore
AB-MAIN-9fed34a8,,Air,Vanadium (and its compounds),Emission,Stack Emissions,tonnes,0.00042,AB-MAIN-9fed34a8,,,,Ore processed,1,ore
AB-MAIN-9fed34a8,,Air,Volatile Organic Compounds (Total),Emission,Stack Emissions,tonnes,5.652373,AB-MAIN-9fed34a8,,,,Ore processed,1,ore
AB-MAIN-9fed34a8,,Air,Zinc (and its compounds),Emission,Stack Emissions,tonnes,0.297,AB-MAIN-9fed34a8,,,,Ore processed,1,ore
QC-MAIN-c8966bdc,,Air,PM10 - Particulate Matter <= 10 Micrometers,Emission,Stack Emissions,tonnes,5.08,QC-MAIN-c8966bdc,,,,Ore processed,1,ore
QC-MAIN-c8966bdc,,Air,PM2.5 - Particulate Matter <= 2.5 Micrometers,Emission,Stack Emissions,tonnes,2.88,QC-MAIN-c8966bdc,,,,Ore processed,1,ore
QC-MAIN-c8966bdc,,Air,Anthracene,Emission,Stack Emissions,kg,7.9,QC-MAIN-c8966bdc,,,,Ore processed,1,ore
QC-MAIN-c8966bdc,,Air,Benz[a]anthracene,Emission,Stack Emissions,kg,3.8,QC-MAIN-c8966bdc,,,,Ore processed,1,ore
QC-MAIN-c8966bdc,,Air,Benzo[a]pyrene,Emission,Stack Emissions,kg,0.0168,QC-MAIN-c8966bdc,,,,Ore processed,1,ore
QC-MAIN-c8966bdc,,Air,Benzo[b]fluoranthene,Emission,Stack Emissions,kg,1.5,QC-MAIN-c8966bdc,,,,Ore processed,1,ore
QC-MAIN-c8966bdc,,Air,Benzo[e]pyrene,Emission,Stack Emissions,kg,0.3,QC-MAIN-c8966bdc,,,,Ore processed,1,ore
QC-MAIN-c8966bdc,,Air,Benzo[ghi]perylene,Emission,Stack Emissions,kg,0.1,QC-MAIN-c8966bdc,,,,Ore processed,1,ore
QC-MAIN-c8966bdc,,Air,Benzo[k]fluoranthene,Emission,Stack Emissions,kg,3.5,QC-MAIN-c8966bdc,,,,Ore processed,1,ore
QC-MAIN-c8966bdc,,Air,Carbon monoxide,Emission,Stack Emissions,tonnes,46115.0,QC-MAIN-c8966bdc,,,,Ore processed,1,ore
QC-MAIN-c8966bdc,,Air,Carbonyl sulphide,Emission,Stack Emissions,tonnes,309.68,QC-MAIN-c8966bdc,,,,Ore processed,1,ore
QC-MAIN-c8966bdc,,Air,Chlorine,Emission,Stack Emissions,tonnes,0.004973,QC-MAIN-c8966bdc,,,,Ore processed,1,ore
QC-MAIN-c8966bdc,,Air,Chrysene,Emission,Stack Emissions,kg,6.3,QC-MAIN-c8966bdc,,,,Ore processed,1,ore
QC-MAIN-c8966bdc,,Air,"Dibenz[a,h]anthracene",Emission,Stack Emissions,kg,0.02,QC-MAIN-c8966bdc,,,,Ore processed,1,ore
QC-MAIN-c8966bdc,,Air,Fluoranthene,Emission,Stack Emissions,kg,44.1,QC-MAIN-c8966bdc,,,,Ore processed,1,ore
QC-MAIN-c8966bdc,,Air,Fluorene,Emission,Stack Emissions,kg,49.3,QC-MAIN-c8966bdc,,,,Ore processed,1,ore
QC-MAIN-c8966bdc,,Air,Hydrogen fluoride,Emission,Stack Emissions,tonnes,59.84,QC-MAIN-c8966bdc,,,,Ore processed,1,ore
QC-MAIN-c8966bdc,,Air,"Indeno[1,2,3-cd]pyrene",Emission,Stack Emissions,kg,0.08,QC-MAIN-c8966bdc,,,,Ore processed,1,ore
QC-MAIN-c8966bdc,,Air,Nitrogen oxides (expressed as nitrogen dioxide),Emission,Stack Emissions,tonnes,52.564,QC-MAIN-c8966bdc,,,,Ore processed,1,ore
QC-MAIN-c8966bdc,,Air,Phenanthrene,Emission,Stack Emissions,kg,141.2,QC-MAIN-c8966bdc,,,,Ore processed,1,ore
QC-MAIN-c8966bdc,,Air,PM10 - Particulate Matter <= 10 Micrometers,Emission,Stack Emissions,tonnes,234.2,QC-MAIN-c8966bdc,,,,Ore processed,1,ore
QC-MAIN-c8966bdc,,Air,PM2.5 - Particulate Matter <= 2.5 Micrometers,Emission,Stack Emissions,tonnes,195.1,QC-MAIN-c8966bdc,,,,Ore processed,1,ore
QC-MAIN-c8966bdc,,Air,Pyrene,Emission,Stack Emissions,kg,24.5,QC-MAIN-c8966bdc,,,,Ore processed,1,ore
QC-MAIN-c8966bdc,,Air,Sulphur dioxide,Emission,Stack Emissions,tonnes,7320.86,QC-MAIN-c8966bdc,,,,Ore processed,1,ore
QC-MAIN-c8966bdc,,Air,Total particulate matter,Emission,Stack Emissions,tonnes,293.55,QC-MAIN-c8966bdc,,,,Ore processed,1,ore
QC-MAIN-c8966bdc,,Air,Total reduced sulphur (expressed as hydrogen sulphide),Emission,Stack Emissions,tonnes,175.49,QC-MAIN-c8966bdc,,,,Ore processed,1,ore
QC-MAIN-c8966bdc,,Air,Volatile Organic Compounds (Total),Emission,Stack Emissions,tonnes,284.224,QC-MAIN-c8966bdc,,,,Ore processed,1,ore
ON-MAIN-4c35e094,,Air,"7H-Dibenzo[c,g]carbazole",Emission,Stack Emissions,kg,0.000117,ON-MAIN-4c35e094,,,,Ore processed,1,ore
ON-MAIN-4c35e094,,Air,Acenaphthene,Emission,Stack Emissions,kg,1.624642,ON-MAIN-4c35e094,,,,Ore processed,1,ore
ON-MAIN-4c35e094,,Air,Acenaphthylene,Emission,Stack Emissions,kg,7.015604,ON-MAIN-4c35e094,,,,Ore processed,1,ore
ON-MAIN-4c35e094,,Air,Ammonia (total),Emission,Stack Emissions,tonnes,40.4846,ON-MAIN-4c35e094,,,,Ore processed,1,ore
ON-MAIN-4c35e094,,Air,Anthracene,Emission,Stack Emissions,kg,0.343438,ON-MAIN-4c35e094,,,,Ore processed,1,ore
ON-MAIN-4c35e094,,Air,Antimony (and its compounds),Emission,Stack Emissions,tonnes,0.018656,ON-MAIN-4c35e094,,,,Ore processed,1,ore
ON-MAIN-4c35e094,,Air,Arsenic (and its compounds),Emission,Stack Emissions,kg,9.209928,ON-MAIN-4c35e094,,,,Ore processed,1,ore
ON-MAIN-4c35e094,,Air,Benz[a]anthracene,Emission,Stack Emissions,kg,0.134628,ON-MAIN-4c35e094,,,,Ore processed,1,ore
ON-MAIN-4c35e094,,Air,Benzene,Emission,Stack Emissions,tonnes,2.017041,ON-MAIN-4c35e094,,,,Ore processed,1,ore
ON-MAIN-4c35e094,,Air,Benzo[a]pyrene,Emission,Stack Emissions,kg,0.125366,ON-MAIN-4c35e094,,,,Ore processed,1,ore
ON-MAIN-4c35e094,,Air,Benzo[b]fluoranthene,Emission,Stack Emissions,kg,0.208645,ON-MAIN-4c35e094,,,,Ore processed,1,ore
ON-MAIN-4c35e094,,Air,Benzo[e]pyrene,Emission,Stack Emissions,kg,0.147256,ON-MAIN-4c35e094,,,,Ore processed,1,ore
ON-MAIN-4c35e094,,Air,Benzo[ghi]perylene,Emission,Stack Emissions,kg,0.13661,ON-MAIN-4c35e094,,,,Ore processed,1,ore
ON-MAIN-4c35e094,,Air,Cadmium (and its compounds),Emission,Stack Emissions,kg,11.951175,ON-MAIN-4c35e094,,,,Ore processed,1,ore
ON-MAIN-4c35e094,,Air,Carbon monoxide,Emission,Stack Emissions,tonnes,8069.05824,ON-MAIN-4c35e094,,,,Ore processed,1,ore
ON-MAIN-4c35e094,,Air,Chromium (and its compounds),Emission,Stack Emissions,tonnes,0.156216,ON-MAIN-4c35e094,,,,Ore processed,1,ore
ON-MAIN-4c35e094,,Air,Cobalt (and its compounds),Emission,Stack Emissions,kg,4.831751,ON-MAIN-4c35e094,,,,Ore processed,1,ore
ON-MAIN-4c35e094,,Air,Copper (and its compounds),Emission,Stack Emissions,tonnes,0.091924,ON-MAIN-4c35e094,,,,Ore processed,1,ore
ON-MAIN-4c35e094,,Air,"Dibenz[a,h]anthracene",Emission,Stack Emissions,kg,0.16293,ON-MAIN-4c35e094,,,,Ore processed,1,ore
ON-MAIN-4c35e094,,Air,"Dibenzo[a,e]pyrene",Emission,Stack Emissions,kg,0.019521,ON-MAIN-4c35e094,,,,Ore processed,1,ore
ON-MAIN-4c35e094,,Air,"Dibenzo[a,i]pyrene",Emission,Stack Emissions,kg,0.154373,ON-MAIN-4c35e094,,,,Ore processed,1,ore
ON-MAIN-4c35e094,,Air,Dioxins and furans - total,Emission,Stack Emissions,g TEQ,0.059628,ON-MAIN-4c35e094,,,,Ore processed,1,ore
ON-MAIN-4c35e094,,Air,Ethylbenzene,Emission,Stack Emissions,tonnes,0.029444,ON-MAIN-4c35e094,,,,Ore processed,1,ore
ON-MAIN-4c35e094,,Air,Ethylene,Emission,Stack Emissions,tonnes,3.558887,ON-MAIN-4c35e094,,,,Ore processed,1,ore
ON-MAIN-4c35e094,,Air,Fluorene,Emission,Stack Emissions,kg,2.248699,ON-MAIN-4c35e094,,,,Ore processed,1,ore
ON-MAIN-4c35e094,,Air,Hexachlorobenzene,Emission,Stack Emissions,grams,40.355417,ON-MAIN-4c35e094,,,,Ore processed,1,ore
ON-MAIN-4c35e094,,Air,Hexavalent chromium (and its compounds),Emission,Stack Emissions,kg,3.158525,ON-MAIN-4c35e094,,,,Ore processed,1,ore
ON-MAIN-4c35e094,,Air,Hydrochloric acid,Emission,Stack Emissions,tonnes,24.207258,ON-MAIN-4c35e094,,,,Ore processed,1,ore
ON-MAIN-4c35e094,,Air,Hydrogen sulphide,Emission,Stack Emissions,tonnes,8.53963,ON-MAIN-4c35e094,,,,Ore processed,1,ore
ON-MAIN-4c35e094,,Air,"Indeno[1,2,3-cd]pyrene",Emission,Stack Emissions,kg,0.14045,ON-MAIN-4c35e094,,,,Ore processed,1,ore
ON-MAIN-4c35e094,,Air,Lead (and its compounds),Emission,Stack Emissions,kg,213.262199,ON-MAIN-4c35e094,,,,Ore processed,1,ore
ON-MAIN-4c35e094,,Air,Manganese (and its compounds),Emission,Stack Emissions,tonnes,3.181083,ON-MAIN-4c35e094,,,,Ore processed,1,ore
ON-MAIN-4c35e094,,Air,Mercury (and its compounds),Emission,Stack Emissions,tonnes,0.058158971000000004,ON-MAIN-4c35e094,,,,Ore processed,1,ore
ON-MAIN-4c35e094,,Air,Naphthalene,Emission,Stack Emissions,tonnes,0.061397,ON-MAIN-4c35e094,,,,Ore processed,1,ore
ON-MAIN-4c35e094,,Air,Nickel (and its compounds),Emission,Stack Emissions,tonnes,0.059363,ON-MAIN-4c35e094,,,,Ore processed,1,ore
ON-MAIN-4c35e094,,Air,Nitrogen oxides (expressed as nitrogen dioxide),Emission,Stack Emissions,tonnes,2647.91649,ON-MAIN-4c35e094,,,,Ore processed,1,ore
ON-MAIN-4c35e094,,Air,Perylene,Emission,Stack Emissions,kg,0.050781,ON-MAIN-4c35e094,,,,Ore processed,1,ore
ON-MAIN-4c35e094,,Air,Phenanthrene,Emission,Stack Emissions,kg,8.780146,ON-MAIN-4c35e094,,,,Ore processed,1,ore
ON-MAIN-4c35e094,,Air,Phenol (and its salts),Emission,Stack Emissions,tonnes,1.401226,ON-MAIN-4c35e094,,,,Ore processed,1,ore
ON-MAIN-4c35e094,,Air,Phosphorus (total),Emission,Stack Emissions,tonnes,0.87465,ON-MAIN-4c35e094,,,,Ore processed,1,ore
ON-MAIN-4c35e094,,Air,PM10 - Particulate Matter <= 10 Micrometers,Emission,Stack Emissions,tonnes,511.49425,ON-MAIN-4c35e094,,,,Ore processed,1,ore
ON-MAIN-4c35e094,,Air,PM2.5 - Particulate Matter <= 2.5 Micrometers,Emission,Stack Emissions,tonnes,436.256332,ON-MAIN-4c35e094,,,,Ore processed,1,ore
ON-MAIN-4c35e094,,Air,Pyrene,Emission,Stack Emissions,kg,0.59082,ON-MAIN-4c35e094,,,,Ore processed,1,ore
ON-MAIN-4c35e094,,Air,Selenium (and its compounds),Emission,Stack Emissions,kg,6.725386,ON-MAIN-4c35e094,,,,Ore processed,1,ore
ON-MAIN-4c35e094,,Air,Styrene,Emission,Stack Emissions,tonnes,0.003902,ON-MAIN-4c35e094,,,,Ore processed,1,ore
ON-MAIN-4c35e094,,Air,Sulphur dioxide,Emission,Stack Emissions,tonnes,5017.201749,ON-MAIN-4c35e094,,,,Ore processed,1,ore
ON-MAIN-4c35e094,,Air,Sulphuric acid,Emission,Stack Emissions,tonnes,0.066925,ON-MAIN-4c35e094,,,,Ore processed,1,ore
ON-MAIN-4c35e094,,Air,Thallium (and its compounds),Emission,Stack Emissions,kg,24.818964,ON-MAIN-4c35e094,,,,Ore processed,1,ore
ON-MAIN-4c35e094,,Air,Toluene,Emission,Stack Emissions,tonnes,0.245054,ON-MAIN-4c35e094,,,,Ore processed,1,ore
ON-MAIN-4c35e094,,Air,Total particulate matter,Emission,Stack Emissions,tonnes,727.504189,ON-MAIN-4c35e094,,,,Ore processed,1,ore
ON-MAIN-4c35e094,,Air,Total reduced sulphur (expressed as hydrogen sulphide),Emission,Stack Emissions,tonnes,8.933556,ON-MAIN-4c35e094,,,,Ore processed,1,ore
ON-MAIN-4c35e094,,Air,Vanadium (and its compounds),Emission,Stack Emissions,tonnes,0.035203,ON-MAIN-4c35e094,,,,Ore processed,1,ore
ON-MAIN-4c35e094,,Air,Volatile Organic Compounds (Total),Emission,Stack Emissions,tonnes,76.565154,ON-MAIN-4c35e094,,,,Ore processed,1,ore
ON-MAIN-4c35e094,,Air,Xylene (all isomers),Emission,Stack Emissions,tonnes,0.067207,ON-MAIN-4c35e094,,,,Ore processed,1,ore
ON-MAIN-4c35e094,,Air,Zinc (and its compounds),Emission,Stack Emissions,tonnes,5.865248,ON-MAIN-4c35e094,,,,Ore processed,1,ore
ON-MAIN-020a683c,,Air,Hydrochloric acid,Emission,Stack Emissions,tonnes,0.898,ON-MAIN-020a683c,,,,Ore processed,1,ore
ON-MAIN-020a683c,,Air,Lead (and its compounds),Emission,Stack Emissions,kg,45.48,ON-MAIN-020a683c,,,,Ore processed,1,ore
ON-MAIN-020a683c,,Air,PM10 - Particulate Matter <= 10 Micrometers,Emission,Stack Emissions,tonnes,11.380661,ON-MAIN-020a683c,,,,Ore processed,1,ore
ON-MAIN-020a683c,,Air,PM2.5 - Particulate Matter <= 2.5 Micrometers,Emission,Stack Emissions,tonnes,7.667088,ON-MAIN-020a683c,,,,Ore processed,1,ore
ON-MAIN-e928d96a,,Air,Arsenic (and its compounds),Emission,Stack Emissions,kg,0.07,ON-MAIN-e928d96a,,,,Ore processed,1,ore
ON-MAIN-e928d96a,,Air,Cadmium (and its compounds),Emission,Stack Emissions,kg,0.13,ON-MAIN-e928d96a,,,,Ore processed,1,ore
ON-MAIN-e928d96a,,Air,Chlorine,Emission,Stack Emissions,tonnes,0.097,ON-MAIN-e928d96a,,,,Ore processed,1,ore
ON-MAIN-e928d96a,,Air,Copper (and its compounds),Emission,Stack Emissions,tonnes,0.002,ON-MAIN-e928d96a,,,,Ore processed,1,ore
ON-MAIN-e928d96a,,Air,Hydrochloric acid,Emission,Stack Emissions,tonnes,1.222,ON-MAIN-e928d96a,,,,Ore processed,1,ore
ON-MAIN-e928d96a,,Air,Lead (and its compounds),Emission,Stack Emissions,kg,4.732,ON-MAIN-e928d96a,,,,Ore processed,1,ore
ON-MAIN-e928d96a,,Air,Silver (and its compounds),Emission,Stack Emissions,tonnes,0.004,ON-MAIN-e928d96a,,,,Ore processed,1,ore
ON-MAIN-e928d96a,,Air,Zinc (and its compounds),Emission,Stack Emissions,tonnes,0.008,ON-MAIN-e928d96a,,,,Ore processed,1,ore
QC-MAIN-eac5a52b,,Air,Acenaphthylene,Emission,Stack Emissions,kg,0.73,QC-MAIN-eac5a52b,,,,Ore processed,1,ore
QC-MAIN-eac5a52b,,Air,Anthracene,Emission,Stack Emissions,kg,0.00219,QC-MAIN-eac5a52b,,,,Ore processed,1,ore
QC-MAIN-eac5a52b,,Air,Benzo[a]pyrene,Emission,Stack Emissions,kg,0.12,QC-MAIN-eac5a52b,,,,Ore processed,1,ore
QC-MAIN-eac5a52b,,Air,Carbon monoxide,Emission,Stack Emissions,tonnes,28450.061,QC-MAIN-eac5a52b,,,,Ore processed,1,ore
QC-MAIN-eac5a52b,,Air,Carbonyl sulphide,Emission,Stack Emissions,tonnes,170.49,QC-MAIN-eac5a52b,,,,Ore processed,1,ore
QC-MAIN-eac5a52b,,Air,Ethylene,Emission,Stack Emissions,tonnes,1.3415,QC-MAIN-eac5a52b,,,,Ore processed,1,ore
QC-MAIN-eac5a52b,,Air,Fluoranthene,Emission,Stack Emissions,kg,4.43,QC-MAIN-eac5a52b,,,,Ore processed,1,ore
QC-MAIN-eac5a52b,,Air,Fluorene,Emission,Stack Emissions,kg,6.01,QC-MAIN-eac5a52b,,,,Ore processed,1,ore
QC-MAIN-eac5a52b,,Air,Hydrogen fluoride,Emission,Stack Emissions,tonnes,19.62,QC-MAIN-eac5a52b,,,,Ore processed,1,ore
QC-MAIN-eac5a52b,,Air,n-Hexane,Emission,Stack Emissions,tonnes,0.1511,QC-MAIN-eac5a52b,,,,Ore processed,1,ore
QC-MAIN-eac5a52b,,Air,Nitrogen oxides (expressed as nitrogen dioxide),Emission,Stack Emissions,tonnes,29.072,QC-MAIN-eac5a52b,,,,Ore processed,1,ore
QC-MAIN-eac5a52b,,Air,Phenanthrene,Emission,Stack Emissions,kg,18.6,QC-MAIN-eac5a52b,,,,Ore processed,1,ore
QC-MAIN-eac5a52b,,Air,PM10 - Particulate Matter <= 10 Micrometers,Emission,Stack Emissions,tonnes,55.313,QC-MAIN-eac5a52b,,,,Ore processed,1,ore
QC-MAIN-eac5a52b,,Air,PM2.5 - Particulate Matter <= 2.5 Micrometers,Emission,Stack Emissions,tonnes,46.522,QC-MAIN-eac5a52b,,,,Ore processed,1,ore
QC-MAIN-eac5a52b,,Air,Pyrene,Emission,Stack Emissions,kg,6.16,QC-MAIN-eac5a52b,,,,Ore processed,1,ore
QC-MAIN-eac5a52b,,Air,Styrene,Emission,Stack Emissions,tonnes,0.0932,QC-MAIN-eac5a52b,,,,Ore processed,1,ore
QC-MAIN-eac5a52b,,Air,Sulphur dioxide,Emission,Stack Emissions,tonnes,4516.523,QC-MAIN-eac5a52b,,,,Ore processed,1,ore
QC-MAIN-eac5a52b,,Air,Toluene,Emission,Stack Emissions,tonnes,0.362,QC-MAIN-eac5a52b,,,,Ore processed,1,ore
QC-MAIN-eac5a52b,,Air,Total particulate matter,Emission,Stack Emissions,tonnes,66.567,QC-MAIN-eac5a52b,,,,Ore processed,1,ore
QC-MAIN-eac5a52b,,Air,Total reduced sulphur (expressed as hydrogen sulphide),Emission,Stack Emissions,tonnes,96.67,QC-MAIN-eac5a52b,,,,Ore processed,1,ore
QC-MAIN-eac5a52b,,Air,Volatile Organic Compounds (Total),Emission,Stack Emissions,tonnes,34.312,QC-MAIN-eac5a52b,,,,Ore processed,1,ore
QC-MAIN-5398dfac,,Air,Carbon monoxide,Emission,Stack Emissions,tonnes,68.85,QC-MAIN-5398dfac,,,,Ore processed,1,ore
QC-MAIN-5398dfac,,Air,Nitrogen oxides (expressed as nitrogen dioxide),Emission,Stack Emissions,tonnes,155.83,QC-MAIN-5398dfac,,,,Ore processed,1,ore
QC-MAIN-5398dfac,,Air,PM10 - Particulate Matter <= 10 Micrometers,Emission,Stack Emissions,tonnes,17.76,QC-MAIN-5398dfac,,,,Ore processed,1,ore
QC-MAIN-5398dfac,,Air,PM2.5 - Particulate Matter <= 2.5 Micrometers,Emission,Stack Emissions,tonnes,13.81,QC-MAIN-5398dfac,,,,Ore processed,1,ore
QC-MAIN-5398dfac,,Air,Sulphur dioxide,Emission,Stack Emissions,tonnes,466.32,QC-MAIN-5398dfac,,,,Ore processed,1,ore
QC-MAIN-5398dfac,,Air,Total particulate matter,Emission,Stack Emissions,tonnes,24.66,QC-MAIN-5398dfac,,,,Ore processed,1,ore
SK-MAIN-26b9aaf3,,Air,Acenaphthylene,Emission,Stack Emissions,kg,69.3983,SK-MAIN-26b9aaf3,,,,Ore processed,1,ore
SK-MAIN-26b9aaf3,,Air,Anthracene,Emission,Stack Emissions,kg,4.7557,SK-MAIN-26b9aaf3,,,,Ore processed,1,ore
SK-MAIN-26b9aaf3,,Air,Arsenic (and its compounds),Emission,Stack Emissions,kg,6.4994,SK-MAIN-26b9aaf3,,,,Ore processed,1,ore
SK-MAIN-26b9aaf3,,Air,Benzo[e]pyrene,Emission,Stack Emissions,kg,1.2132,SK-MAIN-26b9aaf3,,,,Ore processed,1,ore
SK-MAIN-26b9aaf3,,Air,Benzo[ghi]perylene,Emission,Stack Emissions,kg,2.3068,SK-MAIN-26b9aaf3,,,,Ore processed,1,ore
SK-MAIN-26b9aaf3,,Air,Cadmium (and its compounds),Emission,Stack Emissions,kg,54.0331,SK-MAIN-26b9aaf3,,,,Ore processed,1,ore
SK-MAIN-26b9aaf3,,Air,Carbon monoxide,Emission,Stack Emissions,tonnes,1022.0766,SK-MAIN-26b9aaf3,,,,Ore processed,1,ore
SK-MAIN-26b9aaf3,,Air,Chrysene,Emission,Stack Emissions,kg,1.8401,SK-MAIN-26b9aaf3,,,,Ore processed,1,ore
SK-MAIN-26b9aaf3,,Air,Cobalt (and its compounds),Emission,Stack Emissions,kg,3.2354,SK-MAIN-26b9aaf3,,,,Ore processed,1,ore
SK-MAIN-26b9aaf3,,Air,Dioxins and furans - total,Emission,Stack Emissions,g TEQ,2.42043,SK-MAIN-26b9aaf3,,,,Ore processed,1,ore
SK-MAIN-26b9aaf3,,Air,Fluoranthene,Emission,Stack Emissions,kg,29.7652,SK-MAIN-26b9aaf3,,,,Ore processed,1,ore
SK-MAIN-26b9aaf3,,Air,Fluorene,Emission,Stack Emissions,kg,16.0566,SK-MAIN-26b9aaf3,,,,Ore processed,1,ore
SK-MAIN-26b9aaf3,,Air,Hexachlorobenzene,Emission,Stack Emissions,grams,354.7743,SK-MAIN-26b9aaf3,,,,Ore processed,1,ore
SK-MAIN-26b9aaf3,,Air,Hexavalent chromium (and its compounds),Emission,Stack Emissions,kg,0.0201,SK-MAIN-26b9aaf3,,,,Ore processed,1,ore
SK-MAIN-26b9aaf3,,Air,Lead (and its compounds),Emission,Stack Emissions,kg,420.9951,SK-MAIN-26b9aaf3,,,,Ore processed,1,ore
SK-MAIN-26b9aaf3,,Air,Mercury (and its compounds),Emission,Stack Emissions,tonnes,0.0783921,SK-MAIN-26b9aaf3,,,,Ore processed,1,ore
SK-MAIN-26b9aaf3,,Air,Nitrogen oxides (expressed as nitrogen dioxide),Emission,Stack Emissions,tonnes,389.1237,SK-MAIN-26b9aaf3,,,,Ore processed,1,ore
SK-MAIN-26b9aaf3,,Air,Phenanthrene,Emission,Stack Emissions,kg,58.6934,SK-MAIN-26b9aaf3,,,,Ore processed,1,ore
SK-MAIN-26b9aaf3,,Air,PM10 - Particulate Matter <= 10 Micrometers,Emission,Stack Emissions,tonnes,83.255,SK-MAIN-26b9aaf3,,,,Ore processed,1,ore
SK-MAIN-26b9aaf3,,Air,PM2.5 - Particulate Matter <= 2.5 Micrometers,Emission,Stack Emissions,tonnes,55.794,SK-MAIN-26b9aaf3,,,,Ore processed,1,ore
SK-MAIN-26b9aaf3,,Air,Pyrene,Emission,Stack Emissions,kg,28.3672,SK-MAIN-26b9aaf3,,,,Ore processed,1,ore
SK-MAIN-26b9aaf3,,Air,Quinoline,Emission,Stack Emissions,kg,7.9606,SK-MAIN-26b9aaf3,,,,Ore processed,1,ore
SK-MAIN-26b9aaf3,,Air,Selenium (and its compounds),Emission,Stack Emissions,kg,0.4644,SK-MAIN-26b9aaf3,,,,Ore processed,1,ore
SK-MAIN-26b9aaf3,,Air,Sulphur dioxide,Emission,Stack Emissions,tonnes,200.7253,SK-MAIN-26b9aaf3,,,,Ore processed,1,ore
SK-MAIN-26b9aaf3,,Air,Total particulate matter,Emission,Stack Emissions,tonnes,111.0093,SK-MAIN-26b9aaf3,,,,Ore processed,1,ore
SK-MAIN-26b9aaf3,,Air,Volatile Organic Compounds (Total),Emission,Stack Emissions,tonnes,9.517,SK-MAIN-26b9aaf3,,,,Ore processed,1,ore
SK-MAIN-26b9aaf3,,Air,Zinc (and its compounds),Emission,Stack Emissions,tonnes,4.416,SK-MAIN-26b9aaf3,,,,Ore processed,1,ore
ON-MAIN-21b6ab35,,Air,Arsenic (and its compounds),Emission,Stack Emissions,kg,1.696,ON-MAIN-21b6ab35,,,,Ore processed,1,ore
ON-MAIN-21b6ab35,,Air,Cadmium (and its compounds),Emission,Stack Emissions,kg,13.5876,ON-MAIN-21b6ab35,,,,Ore processed,1,ore
MB-MAIN-b4ca1426,,Air,Carbon monoxide,Emission,Stack Emissions,tonnes,354.15888,MB-MAIN-b4ca1426,,,,Ore processed,1,ore
ON-MAIN-21b6ab35,,Air,Carbon monoxide,Emission,Stack Emissions,tonnes,248.9104,ON-MAIN-21b6ab35,,,,Ore processed,1,ore
MB-MAIN-b4ca1426,,Air,Dioxins and furans - total,Emission,Stack Emissions,g TEQ,0.346574,MB-MAIN-b4ca1426,,,,Ore processed,1,ore
ON-MAIN-21b6ab35,,Air,Dioxins and furans - total,Emission,Stack Emissions,g TEQ,0.315157,ON-MAIN-21b6ab35,,,,Ore processed,1,ore
MB-MAIN-b4ca1426,,Air,Hexachlorobenzene,Emission,Stack Emissions,grams,282.208,MB-MAIN-b4ca1426,,,,Ore processed,1,ore
ON-MAIN-21b6ab35,,Air,Hexachlorobenzene,Emission,Stack Emissions,grams,77.0455,ON-MAIN-21b6ab35,,,,Ore processed,1,ore
MB-MAIN-b4ca1426,,Air,Lead (and its compounds),Emission,Stack Emissions,kg,176.68039,MB-MAIN-b4ca1426,,,,Ore processed,1,ore
ON-MAIN-21b6ab35,,Air,Lead (and its compounds),Emission,Stack Emissions,kg,173.2263,ON-MAIN-21b6ab35,,,,Ore processed,1,ore
MB-MAIN-b4ca1426,,Air,Manganese (and its compounds),Emission,Stack Emissions,tonnes,0.6932,MB-MAIN-b4ca1426,,,,Ore processed,1,ore
ON-MAIN-21b6ab35,,Air,Manganese (and its compounds),Emission,Stack Emissions,tonnes,0.4118,ON-MAIN-21b6ab35,,,,Ore processed,1,ore
MB-MAIN-b4ca1426,,Air,Mercury (and its compounds),Emission,Stack Emissions,tonnes,0.017096550000000002,MB-MAIN-b4ca1426,,,,Ore processed,1,ore
ON-MAIN-21b6ab35,,Air,Mercury (and its compounds),Emission,Stack Emissions,tonnes,0.048209,ON-MAIN-21b6ab35,,,,Ore processed,1,ore
MB-MAIN-b4ca1426,,Air,Nitrogen oxides (expressed as nitrogen dioxide),Emission,Stack Emissions,tonnes,113.57368,MB-MAIN-b4ca1426,,,,Ore processed,1,ore
ON-MAIN-21b6ab35,,Air,Nitrogen oxides (expressed as nitrogen dioxide),Emission,Stack Emissions,tonnes,91.0155,ON-MAIN-21b6ab35,,,,Ore processed,1,ore
MB-MAIN-b4ca1426,,Air,PM10 - Particulate Matter <= 10 Micrometers,Emission,Stack Emissions,tonnes,11.00455,MB-MAIN-b4ca1426,,,,Ore processed,1,ore
ON-MAIN-21b6ab35,,Air,PM10 - Particulate Matter <= 10 Micrometers,Emission,Stack Emissions,tonnes,30.7487,ON-MAIN-21b6ab35,,,,Ore processed,1,ore
ON-MAIN-bddeaef0,,Air,PM10 - Particulate Matter <= 10 Micrometers,Emission,Stack Emissions,tonnes,0.976,ON-MAIN-bddeaef0,,,,Ore processed,1,ore
MB-MAIN-b4ca1426,,Air,PM2.5 - Particulate Matter <= 2.5 Micrometers,Emission,Stack Emissions,tonnes,11.00455,MB-MAIN-b4ca1426,,,,Ore processed,1,ore
ON-MAIN-21b6ab35,,Air,PM2.5 - Particulate Matter <= 2.5 Micrometers,Emission,Stack Emissions,tonnes,28.8656,ON-MAIN-21b6ab35,,,,Ore processed,1,ore
ON-MAIN-bddeaef0,,Air,PM2.5 - Particulate Matter <= 2.5 Micrometers,Emission,Stack Emissions,tonnes,0.976,ON-MAIN-bddeaef0,,,,Ore processed,1,ore
MB-MAIN-b4ca1426,,Air,Selenium (and its compounds),Emission,Stack Emissions,kg,4.30993,MB-MAIN-b4ca1426,,,,Ore processed,1,ore
MB-MAIN-b4ca1426,,Air,Sulphur dioxide,Emission,Stack Emissions,tonnes,78.78146,MB-MAIN-b4ca1426,,,,Ore processed,1,ore
ON-MAIN-21b6ab35,,Air,Sulphur dioxide,Emission,Stack Emissions,tonnes,92.1227,ON-MAIN-21b6ab35,,,,Ore processed,1,ore
MB-MAIN-b4ca1426,,Air,Total particulate matter,Emission,Stack Emissions,tonnes,24.69232,MB-MAIN-b4ca1426,,,,Ore processed,1,ore
ON-MAIN-21b6ab35,,Air,Total particulate matter,Emission,Stack Emissions,tonnes,43.3091,ON-MAIN-21b6ab35,,,,Ore processed,1,ore
MB-MAIN-b4ca1426,,Air,Volatile Organic Compounds (Total),Emission,Stack Emissions,tonnes,26.97587,MB-MAIN-b4ca1426,,,,Ore processed,1,ore
MB-MAIN-b4ca1426,,Air,Zinc (and its compounds),Emission,Stack Emissions,tonnes,1.58901,MB-MAIN-b4ca1426,,,,Ore processed,1,ore
ON-MAIN-21b6ab35,,Air,Zinc (and its compounds),Emission,Stack Emissions,tonnes,3.8048,ON-MAIN-21b6ab35,,,,Ore processed,1,ore
ON-MAIN-fc6f1a44,,Air,Acenaphthene,Emission,Stack Emissions,kg,5.119453,ON-MAIN-fc6f1a44,,,,Ore processed,1,ore
ON-MAIN-fc6f1a44,,Air,Acenaphthylene,Emission,Stack Emissions,kg,28.695351,ON-MAIN-fc6f1a44,,,,Ore processed,1,ore
ON-MAIN-fc6f1a44,,Air,Anthracene,Emission,Stack Emissions,kg,11.22162,ON-MAIN-fc6f1a44,,,,Ore processed,1,ore
ON-MAIN-fc6f1a44,,Air,Arsenic (and its compounds),Emission,Stack Emissions,kg,1.57056,ON-MAIN-fc6f1a44,,,,Ore processed,1,ore
ON-MAIN-fc6f1a44,,Air,Cadmium (and its compounds),Emission,Stack Emissions,kg,1.04424,ON-MAIN-fc6f1a44,,,,Ore processed,1,ore
ON-MAIN-fc6f1a44,,Air,Carbon monoxide,Emission,Stack Emissions,tonnes,58.821096,ON-MAIN-fc6f1a44,,,,Ore processed,1,ore
ON-MAIN-fc6f1a44,,Air,Cobalt (and its compounds),Emission,Stack Emissions,kg,1.647881,ON-MAIN-fc6f1a44,,,,Ore processed,1,ore
ON-MAIN-fc6f1a44,,Air,Dioxins and furans - total,Emission,Stack Emissions,g TEQ,0.352554,ON-MAIN-fc6f1a44,,,,Ore processed,1,ore
ON-MAIN-fc6f1a44,,Air,Fluoranthene,Emission,Stack Emissions,kg,7.224203,ON-MAIN-fc6f1a44,,,,Ore processed,1,ore
ON-MAIN-fc6f1a44,,Air,Fluorene,Emission,Stack Emissions,kg,9.151649,ON-MAIN-fc6f1a44,,,,Ore processed,1,ore
ON-MAIN-fc6f1a44,,Air,Hexachlorobenzene,Emission,Stack Emissions,grams,66.369663,ON-MAIN-fc6f1a44,,,,Ore processed,1,ore
ON-MAIN-fc6f1a44,,Air,Lead (and its compounds),Emission,Stack Emissions,kg,3.432688,ON-MAIN-fc6f1a44,,,,Ore processed,1,ore
ON-MAIN-fc6f1a44,,Air,Mercury (and its compounds),Emission,Stack Emissions,tonnes,0.013602537,ON-MAIN-fc6f1a44,,,,Ore processed,1,ore
ON-MAIN-fc6f1a44,,Air,Nitrogen oxides (expressed as nitrogen dioxide),Emission,Stack Emissions,tonnes,150.744122,ON-MAIN-fc6f1a44,,,,Ore processed,1,ore
ON-MAIN-fc6f1a44,,Air,Phenanthrene,Emission,Stack Emissions,kg,19.993532,ON-MAIN-fc6f1a44,,,,Ore processed,1,ore
ON-MAIN-fc6f1a44,,Air,PM10 - Particulate Matter <= 10 Micrometers,Emission,Stack Emissions,tonnes,21.234848,ON-MAIN-fc6f1a44,,,,Ore processed,1,ore
ON-MAIN-fc6f1a44,,Air,PM2.5 - Particulate Matter <= 2.5 Micrometers,Emission,Stack Emissions,tonnes,20.730811,ON-MAIN-fc6f1a44,,,,Ore processed,1,ore
ON-MAIN-fc6f1a44,,Air,Pyrene,Emission,Stack Emissions,kg,8.656695,ON-MAIN-fc6f1a44,,,,Ore processed,1,ore
ON-MAIN-fc6f1a44,,Air,Quinoline,Emission,Stack Emissions,kg,6.594147,ON-MAIN-fc6f1a44,,,,Ore processed,1,ore
ON-MAIN-fc6f1a44,,Air,Sulphur dioxide,Emission,Stack Emissions,tonnes,29.323874,ON-MAIN-fc6f1a44,,,,Ore processed,1,ore
ON-MAIN-fc6f1a44,,Air,Total particulate matter,Emission,Stack Emissions,tonnes,27.282669,ON-MAIN-fc6f1a44,,,,Ore processed,1,ore
QC-MAIN-52c01ae4,,Air,Anthracene,Emission,Stack Emissions,kg,0.203,QC-MAIN-52c01ae4,,,,Ore processed,1,ore
QC-MAIN-52c01ae4,,Air,Benz[a]anthracene,Emission,Stack Emissions,kg,0.203,QC-MAIN-52c01ae4,,,,Ore processed,1,ore
QC-MAIN-52c01ae4,,Air,Benzo[a]pyrene,Emission,Stack Emissions,kg,0.203,QC-MAIN-52c01ae4,,,,Ore processed,1,ore
QC-MAIN-52c01ae4,,Air,Benzo[b]fluoranthene,Emission,Stack Emissions,kg,0.098,QC-MAIN-52c01ae4,,,,Ore processed,1,ore
QC-MAIN-52c01ae4,,Air,Benzo[e]pyrene,Emission,Stack Emissions,kg,0.203,QC-MAIN-52c01ae4,,,,Ore processed,1,ore
QC-MAIN-52c01ae4,,Air,Benzo[ghi]perylene,Emission,Stack Emissions,kg,0.203,QC-MAIN-52c01ae4,,,,Ore processed,1,ore
QC-MAIN-52c01ae4,,Air,Benzo[j]fluoranthene,Emission,Stack Emissions,kg,0.098,QC-MAIN-52c01ae4,,,,Ore processed,1,ore
QC-MAIN-52c01ae4,,Air,Benzo[k]fluoranthene,Emission,Stack Emissions,kg,0.203,QC-MAIN-52c01ae4,,,,Ore processed,1,ore
QC-MAIN-52c01ae4,,Air,Carbon monoxide,Emission,Stack Emissions,tonnes,33750.7,QC-MAIN-52c01ae4,,,,Ore processed,1,ore
QC-MAIN-52c01ae4,,Air,Carbonyl sulphide,Emission,Stack Emissions,tonnes,215.88,QC-MAIN-52c01ae4,,,,Ore processed,1,ore
QC-MAIN-52c01ae4,,Air,Chrysene,Emission,Stack Emissions,kg,0.203,QC-MAIN-52c01ae4,,,,Ore processed,1,ore
QC-MAIN-52c01ae4,,Air,"Dibenz[a,h]anthracene",Emission,Stack Emissions,kg,0.203,QC-MAIN-52c01ae4,,,,Ore processed,1,ore
QC-MAIN-52c01ae4,,Air,Fluoranthene,Emission,Stack Emissions,kg,0.203,QC-MAIN-52c01ae4,,,,Ore processed,1,ore
QC-MAIN-52c01ae4,,Air,Fluorene,Emission,Stack Emissions,kg,0.203,QC-MAIN-52c01ae4,,,,Ore processed,1,ore
QC-MAIN-52c01ae4,,Air,Hydrogen fluoride,Emission,Stack Emissions,tonnes,6.8,QC-MAIN-52c01ae4,,,,Ore processed,1,ore
QC-MAIN-52c01ae4,,Air,"Indeno[1,2,3-cd]pyrene",Emission,Stack Emissions,kg,0.203,QC-MAIN-52c01ae4,,,,Ore processed,1,ore
QC-MAIN-52c01ae4,,Air,Nitrogen oxides (expressed as nitrogen dioxide),Emission,Stack Emissions,tonnes,31.198,QC-MAIN-52c01ae4,,,,Ore processed,1,ore
QC-MAIN-52c01ae4,,Air,Phenanthrene,Emission,Stack Emissions,kg,0.203,QC-MAIN-52c01ae4,,,,Ore processed,1,ore
QC-MAIN-52c01ae4,,Air,PM10 - Particulate Matter <= 10 Micrometers,Emission,Stack Emissions,tonnes,41.215,QC-MAIN-52c01ae4,,,,Ore processed,1,ore
QC-MAIN-52c01ae4,,Air,PM2.5 - Particulate Matter <= 2.5 Micrometers,Emission,Stack Emissions,tonnes,35.637,QC-MAIN-52c01ae4,,,,Ore processed,1,ore
QC-MAIN-52c01ae4,,Air,Pyrene,Emission,Stack Emissions,kg,0.301,QC-MAIN-52c01ae4,,,,Ore processed,1,ore
QC-MAIN-52c01ae4,,Air,Sulphur dioxide,Emission,Stack Emissions,tonnes,4383.489,QC-MAIN-52c01ae4,,,,Ore processed,1,ore
QC-MAIN-52c01ae4,,Air,Total particulate matter,Emission,Stack Emissions,tonnes,56.743,QC-MAIN-52c01ae4,,,,Ore processed,1,ore
QC-MAIN-52c01ae4,,Air,Total reduced sulphur (expressed as hydrogen sulphide),Emission,Stack Emissions,tonnes,123.31,QC-MAIN-52c01ae4,,,,Ore processed,1,ore
QC-MAIN-52c01ae4,,Air,Volatile Organic Compounds (Total),Emission,Stack Emissions,tonnes,32.738,QC-MAIN-52c01ae4,,,,Ore processed,1,ore
ON-MAIN-6bd6cc80,,Air,PM10 - Particulate Matter <= 10 Micrometers,Emission,Stack Emissions,tonnes,2.905,ON-MAIN-6bd6cc80,,,,Ore processed,1,ore
ON-MAIN-6bd6cc80,,Air,PM2.5 - Particulate Matter <= 2.5 Micrometers,Emission,Stack Emissions,tonnes,0.627,ON-MAIN-6bd6cc80,,,,Ore processed,1,ore
AB-MAIN-d3a4aba9,,Air,Ammonia (total),Emission,Stack Emissions,tonnes,127.312,AB-MAIN-d3a4aba9,"Ni and Co, refining at The Cobalt Refinery Company Inc.",0.0,inf,Ore processed,1,ore
AB-MAIN-d3a4aba9,,Air,Carbon monoxide,Emission,Stack Emissions,tonnes,189.137,AB-MAIN-d3a4aba9,"Ni and Co, refining at The Cobalt Refinery Company Inc.",0.0,inf,Ore processed,1,ore
AB-MAIN-d3a4aba9,,Air,Nitrogen oxides (expressed as nitrogen dioxide),Emission,Stack Emissions,tonnes,1099.925,AB-MAIN-d3a4aba9,"Ni and Co, refining at The Cobalt Refinery Company Inc.",0.0,inf,Ore processed,1,ore
AB-MAIN-d3a4aba9,,Air,PM10 - Particulate Matter <= 10 Micrometers,Emission,Stack Emissions,tonnes,43.701,AB-MAIN-d3a4aba9,"Ni and Co, refining at The Cobalt Refinery Company Inc.",0.0,inf,Ore processed,1,ore
AB-MAIN-d3a4aba9,,Air,PM2.5 - Particulate Matter <= 2.5 Micrometers,Emission,Stack Emissions,tonnes,8.343,AB-MAIN-d3a4aba9,"Ni and Co, refining at The Cobalt Refinery Company Inc.",0.0,inf,Ore processed,1,ore
AB-MAIN-d3a4aba9,,Air,Sulphur dioxide,Emission,Stack Emissions,tonnes,85.916,AB-MAIN-d3a4aba9,"Ni and Co, refining at The Cobalt Refinery Company Inc.",0.0,inf,Ore processed,1,ore
AB-MAIN-d3a4aba9,,Air,Sulphuric acid,Emission,Stack Emissions,tonnes,3.846,AB-MAIN-d3a4aba9,"Ni and Co, refining at The Cobalt Refinery Company Inc.",0.0,inf,Ore processed,1,ore
AB-MAIN-d3a4aba9,,Air,Total particulate matter,Emission,Stack Emissions,tonnes,44.265,AB-MAIN-d3a4aba9,"Ni and Co, refining at The Cobalt Refinery Company Inc.",0.0,inf,Ore processed,1,ore
QC-MAIN-c1cc9f7c,,Air,Acenaphthene,Emission,Stack Emissions,kg,11.323,QC-MAIN-c1cc9f7c,,,,Ore processed,1,ore
QC-MAIN-c1cc9f7c,,Air,Acenaphthylene,Emission,Stack Emissions,kg,23.98,QC-MAIN-c1cc9f7c,,,,Ore processed,1,ore
QC-MAIN-c1cc9f7c,,Air,Carbon monoxide,Emission,Stack Emissions,tonnes,825.983,QC-MAIN-c1cc9f7c,,,,Ore processed,1,ore
QC-MAIN-c1cc9f7c,,Air,Fluorene,Emission,Stack Emissions,kg,24.919,QC-MAIN-c1cc9f7c,,,,Ore processed,1,ore
QC-MAIN-c1cc9f7c,,Air,Nitrogen oxides (expressed as nitrogen dioxide),Emission,Stack Emissions,tonnes,1553.648,QC-MAIN-c1cc9f7c,,,,Ore processed,1,ore
QC-MAIN-c1cc9f7c,,Air,"PAHs, total unspeciated",Emission,Stack Emissions,kg,297.949,QC-MAIN-c1cc9f7c,,,,Ore processed,1,ore
QC-MAIN-c1cc9f7c,,Air,Phenanthrene,Emission,Stack Emissions,kg,88.04,QC-MAIN-c1cc9f7c,,,,Ore processed,1,ore
QC-MAIN-c1cc9f7c,,Air,PM10 - Particulate Matter <= 10 Micrometers,Emission,Stack Emissions,tonnes,198.0,QC-MAIN-c1cc9f7c,,,,Ore processed,1,ore
QC-MAIN-c1cc9f7c,,Air,PM2.5 - Particulate Matter <= 2.5 Micrometers,Emission,Stack Emissions,tonnes,172.788,QC-MAIN-c1cc9f7c,,,,Ore processed,1,ore
QC-MAIN-c1cc9f7c,,Air,Sulphur dioxide,Emission,Stack Emissions,tonnes,828.545,QC-MAIN-c1cc9f7c,,,,Ore processed,1,ore
QC-MAIN-c1cc9f7c,,Air,Total particulate matter,Emission,Stack Emissions,tonnes,198.0,QC-MAIN-c1cc9f7c,,,,Ore processed,1,ore
QC-MAIN-c1cc9f7c,,Air,Volatile Organic Compounds (Total),Emission,Stack Emissions,tonnes,245.232,QC-MAIN-c1cc9f7c,,,,Ore processed,1,ore
ON-MAIN-020a683c,,Air,Acenaphthylene,Emission,Stack Emissions,kg,0.0018,ON-MAIN-020a683c,,,,Ore processed,1,ore
ON-MAIN-020a683c,,Air,Anthracene,Emission,Stack Emissions,kg,0.0024,ON-MAIN-020a683c,,,,Ore processed,1,ore
ON-MAIN-020a683c,,Air,Benz[a]anthracene,Emission,Stack Emissions,kg,22.6689,ON-MAIN-020a683c,,,,Ore processed,1,ore
ON-MAIN-020a683c,,Air,Benzene,Emission,Stack Emissions,tonnes,0.002132,ON-MAIN-020a683c,,,,Ore processed,1,ore
ON-MAIN-020a683c,,Air,Benzo[a]pyrene,Emission,Stack Emissions,kg,16.0898,ON-MAIN-020a683c,,,,Ore processed,1,ore
ON-MAIN-020a683c,,Air,Benzo[b]fluoranthene,Emission,Stack Emissions,kg,19.7442,ON-MAIN-020a683c,,,,Ore processed,1,ore
ON-MAIN-020a683c,,Air,Benzo[e]pyrene,Emission,Stack Emissions,kg,15.3551,ON-MAIN-020a683c,,,,Ore processed,1,ore
ON-MAIN-020a683c,,Air,Benzo[ghi]perylene,Emission,Stack Emissions,kg,11.5541,ON-MAIN-020a683c,,,,Ore processed,1,ore
ON-MAIN-020a683c,,Air,Benzo[j]fluoranthene,Emission,Stack Emissions,kg,7.312,ON-MAIN-020a683c,,,,Ore processed,1,ore
ON-MAIN-020a683c,,Air,Benzo[k]fluoranthene,Emission,Stack Emissions,kg,7.3138,ON-MAIN-020a683c,,,,Ore processed,1,ore
ON-MAIN-020a683c,,Air,Carbon monoxide,Emission,Stack Emissions,tonnes,158.8229,ON-MAIN-020a683c,,,,Ore processed,1,ore
ON-MAIN-020a683c,,Air,Chrysene,Emission,Stack Emissions,kg,26.6905,ON-MAIN-020a683c,,,,Ore processed,1,ore
ON-MAIN-020a683c,,Air,"Dibenz[a,h]anthracene",Emission,Stack Emissions,kg,1.9023,ON-MAIN-020a683c,,,,Ore processed,1,ore
ON-MAIN-020a683c,,Air,Ethylene,Emission,Stack Emissions,tonnes,0.324224,ON-MAIN-020a683c,,,,Ore processed,1,ore
ON-MAIN-020a683c,,Air,Fluoranthene,Emission,Stack Emissions,kg,84.4564,ON-MAIN-020a683c,,,,Ore processed,1,ore
ON-MAIN-020a683c,,Air,Hydrogen sulphide,Emission,Stack Emissions,tonnes,16.982,ON-MAIN-020a683c,,,,Ore processed,1,ore
ON-MAIN-020a683c,,Air,"Indeno[1,2,3-cd]pyrene",Emission,Stack Emissions,kg,7.9719,ON-MAIN-020a683c,,,,Ore processed,1,ore
ON-MAIN-020a683c,,Air,Lead (and its compounds),Emission,Stack Emissions,kg,0.5075,ON-MAIN-020a683c,,,,Ore processed,1,ore
ON-MAIN-020a683c,,Air,Naphthalene,Emission,Stack Emissions,tonnes,0.000619,ON-MAIN-020a683c,,,,Ore processed,1,ore
ON-MAIN-020a683c,,Air,n-Hexane,Emission,Stack Emissions,tonnes,1.827,ON-MAIN-020a683c,,,,Ore processed,1,ore
ON-MAIN-020a683c,,Air,Nitrogen oxides (expressed as nitrogen dioxide),Emission,Stack Emissions,tonnes,1152.5022,ON-MAIN-020a683c,,,,Ore processed,1,ore
ON-MAIN-020a683c,,Air,Perylene,Emission,Stack Emissions,kg,4.3141,ON-MAIN-020a683c,,,,Ore processed,1,ore
ON-MAIN-020a683c,,Air,Phenanthrene,Emission,Stack Emissions,kg,196.3438,ON-MAIN-020a683c,,,,Ore processed,1,ore
ON-MAIN-020a683c,,Air,PM10 - Particulate Matter <= 10 Micrometers,Emission,Stack Emissions,tonnes,197.9609,ON-MAIN-020a683c,,,,Ore processed,1,ore
ON-MAIN-020a683c,,Air,PM2.5 - Particulate Matter <= 2.5 Micrometers,Emission,Stack Emissions,tonnes,185.9294,ON-MAIN-020a683c,,,,Ore processed,1,ore
ON-MAIN-020a683c,,Air,Pyrene,Emission,Stack Emissions,kg,54.4793,ON-MAIN-020a683c,,,,Ore processed,1,ore
ON-MAIN-020a683c,,Air,Sulphur dioxide,Emission,Stack Emissions,tonnes,1863.7741,ON-MAIN-020a683c,,,,Ore processed,1,ore
ON-MAIN-020a683c,,Air,Toluene,Emission,Stack Emissions,tonnes,0.22332,ON-MAIN-020a683c,,,,Ore processed,1,ore
ON-MAIN-020a683c,,Air,Total particulate matter,Emission,Stack Emissions,tonnes,371.3478,ON-MAIN-020a683c,,,,Ore processed,1,ore
ON-MAIN-020a683c,,Air,Total reduced sulphur (expressed as hydrogen sulphide),Emission,Stack Emissions,tonnes,16.982,ON-MAIN-020a683c,,,,Ore processed,1,ore
ON-MAIN-020a683c,,Air,Volatile Organic Compounds (Total),Emission,Stack Emissions,tonnes,52.5031,ON-MAIN-020a683c,,,,Ore processed,1,ore
BC-MAIN-3bb6b7cd,,Air,Ammonia (total),Emission,Stack Emissions,tonnes,301.14,BC-MAIN-3bb6b7cd,"Zn, refining at Trail",0.0,inf,Ore processed,1,ore
BC-MAIN-3bb6b7cd,,Air,Anthracene,Emission,Stack Emissions,kg,0.002,BC-MAIN-3bb6b7cd,"Zn, refining at Trail",0.0,inf,Ore processed,1,ore
BC-MAIN-3bb6b7cd,,Air,Antimony (and its compounds),Emission,Stack Emissions,tonnes,0.1783,BC-MAIN-3bb6b7cd,"Zn, refining at Trail",0.0,inf,Ore processed,1,ore
BC-MAIN-3bb6b7cd,,Air,Arsenic (and its compounds),Emission,Stack Emissions,kg,150.03,BC-MAIN-3bb6b7cd,"Zn, refining at Trail",0.0,inf,Ore processed,1,ore
BC-MAIN-3bb6b7cd,,Air,Cadmium (and its compounds),Emission,Stack Emissions,kg,88.26,BC-MAIN-3bb6b7cd,"Zn, refining at Trail",0.0,inf,Ore processed,1,ore
BC-MAIN-3bb6b7cd,,Air,Carbon monoxide,Emission,Stack Emissions,tonnes,83.88,BC-MAIN-3bb6b7cd,"Zn, refining at Trail",0.0,inf,Ore processed,1,ore
BC-MAIN-3bb6b7cd,,Air,Chromium (and its compounds),Emission,Stack Emissions,tonnes,0.16,BC-MAIN-3bb6b7cd,"Zn, refining at Trail",0.0,inf,Ore processed,1,ore
BC-MAIN-3bb6b7cd,,Air,Copper (and its compounds),Emission,Stack Emissions,tonnes,0.0503,BC-MAIN-3bb6b7cd,"Zn, refining at Trail",0.0,inf,Ore processed,1,ore
BC-MAIN-3bb6b7cd,,Air,Lead (and its compounds),Emission,Stack Emissions,kg,227.88,BC-MAIN-3bb6b7cd,"Zn, refining at Trail",0.0,inf,Ore processed,1,ore
BC-MAIN-3bb6b7cd,,Air,Manganese (and its compounds),Emission,Stack Emissions,tonnes,0.0327,BC-MAIN-3bb6b7cd,"Zn, refining at Trail",0.0,inf,Ore processed,1,ore
BC-MAIN-3bb6b7cd,,Air,Mercury (and its compounds),Emission,Stack Emissions,tonnes,0.26733999999999997,BC-MAIN-3bb6b7cd,"Zn, refining at Trail",0.0,inf,Ore processed,1,ore
BC-MAIN-3bb6b7cd,,Air,Methanol,Emission,Stack Emissions,tonnes,4.74,BC-MAIN-3bb6b7cd,"Zn, refining at Trail",0.0,inf,Ore processed,1,ore
BC-MAIN-3bb6b7cd,,Air,Naphthalene,Emission,Stack Emissions,tonnes,5.54,BC-MAIN-3bb6b7cd,"Zn, refining at Trail",0.0,inf,Ore processed,1,ore
BC-MAIN-3bb6b7cd,,Air,n-Hexane,Emission,Stack Emissions,tonnes,1.249,BC-MAIN-3bb6b7cd,"Zn, refining at Trail",0.0,inf,Ore processed,1,ore
BC-MAIN-3bb6b7cd,,Air,Nitrogen oxides (expressed as nitrogen dioxide),Emission,Stack Emissions,tonnes,453.05,BC-MAIN-3bb6b7cd,"Zn, refining at Trail",0.0,inf,Ore processed,1,ore
BC-MAIN-3bb6b7cd,,Air,Phenanthrene,Emission,Stack Emissions,kg,289.87,BC-MAIN-3bb6b7cd,"Zn, refining at Trail",0.0,inf,Ore processed,1,ore
BC-MAIN-3bb6b7cd,,Air,PM10 - Particulate Matter <= 10 Micrometers,Emission,Stack Emissions,tonnes,71.57,BC-MAIN-3bb6b7cd,"Zn, refining at Trail",0.0,inf,Ore processed,1,ore
BC-MAIN-3bb6b7cd,,Air,PM2.5 - Particulate Matter <= 2.5 Micrometers,Emission,Stack Emissions,tonnes,46.658,BC-MAIN-3bb6b7cd,"Zn, refining at Trail",0.0,inf,Ore processed,1,ore
BC-MAIN-3bb6b7cd,,Air,Silver (and its compounds),Emission,Stack Emissions,tonnes,0.0279,BC-MAIN-3bb6b7cd,"Zn, refining at Trail",0.0,inf,Ore processed,1,ore
BC-MAIN-3bb6b7cd,,Air,Sulphur dioxide,Emission,Stack Emissions,tonnes,1916.11,BC-MAIN-3bb6b7cd,"Zn, refining at Trail",0.0,inf,Ore processed,1,ore
BC-MAIN-3bb6b7cd,,Air,Sulphuric acid,Emission,Stack Emissions,tonnes,22.0,BC-MAIN-3bb6b7cd,"Zn, refining at Trail",0.0,inf,Ore processed,1,ore
BC-MAIN-3bb6b7cd,,Air,Thallium (and its compounds),Emission,Stack Emissions,kg,98.5,BC-MAIN-3bb6b7cd,"Zn, refining at Trail",0.0,inf,Ore processed,1,ore
BC-MAIN-3bb6b7cd,,Air,Total particulate matter,Emission,Stack Emissions,tonnes,71.569,BC-MAIN-3bb6b7cd,"Zn, refining at Trail",0.0,inf,Ore processed,1,ore
BC-MAIN-3bb6b7cd,,Air,Volatile Organic Compounds (Total),Emission,Stack Emissions,tonnes,12.516,BC-MAIN-3bb6b7cd,"Zn, refining at Trail",0.0,inf,Ore processed,1,ore
BC-MAIN-3bb6b7cd,,Air,Zinc (and its compounds),Emission,Stack Emissions,tonnes,86.76,BC-MAIN-3bb6b7cd,"Zn, refining at Trail",0.0,inf,Ore processed,1,ore
AB-MAIN-d3a4aba9,,Air,Ammonia (total),Emission,Stack Emissions,tonnes,149.518,AB-MAIN-d3a4aba9,"Ni and Co, refining at The Cobalt Refinery Company Inc.",0.0,inf,Ore processed,1,ore
AB-MAIN-d3a4aba9,,Air,PM10 - Particulate Matter <= 10 Micrometers,Emission,Stack Emissions,tonnes,4.108,AB-MAIN-d3a4aba9,"Ni and Co, refining at The Cobalt Refinery Company Inc.",0.0,inf,Ore processed,1,ore
AB-MAIN-d3a4aba9,,Air,PM2.5 - Particulate Matter <= 2.5 Micrometers,Emission,Stack Emissions,tonnes,0.45,AB-MAIN-d3a4aba9,"Ni and Co, refining at The Cobalt Refinery Company Inc.",0.0,inf,Ore processed,1,ore
AB-MAIN-d3a4aba9,,Air,Total particulate matter,Emission,Stack Emissions,tonnes,4.167,AB-MAIN-d3a4aba9,"Ni and Co, refining at The Cobalt Refinery Company Inc.",0.0,inf,Ore processed,1,ore
ON-MAIN-387b06fe,,Air,Cadmium (and its compounds),Emission,Stack Emissions,kg,2.2,ON-MAIN-387b06fe,,,,Ore processed,1,ore
ON-MAIN-387b06fe,,Air,Calcium fluoride,Emission,Stack Emissions,tonnes,0.029,ON-MAIN-387b06fe,,,,Ore processed,1,ore
ON-MAIN-387b06fe,,Air,Chromium (and its compounds),Emission,Stack Emissions,tonnes,0.026,ON-MAIN-387b06fe,,,,Ore processed,1,ore
ON-MAIN-387b06fe,,Air,Cobalt (and its compounds),Emission,Stack Emissions,kg,2.6,ON-MAIN-387b06fe,,,,Ore processed,1,ore
ON-MAIN-387b06fe,,Air,Copper (and its compounds),Emission,Stack Emissions,tonnes,0.024,ON-MAIN-387b06fe,,,,Ore processed,1,ore
ON-MAIN-387b06fe,,Air,Dioxins and furans - total,Emission,Stack Emissions,g TEQ,0.009194,ON-MAIN-387b06fe,,,,Ore processed,1,ore
ON-MAIN-387b06fe,,Air,Lead (and its compounds),Emission,Stack Emissions,kg,19.5,ON-MAIN-387b06fe,,,,Ore processed,1,ore
ON-MAIN-387b06fe,,Air,Manganese (and its compounds),Emission,Stack Emissions,tonnes,0.063,ON-MAIN-387b06fe,,,,Ore processed,1,ore
ON-MAIN-387b06fe,,Air,Mercury (and its compounds),Emission,Stack Emissions,tonnes,0.0023,ON-MAIN-387b06fe,,,,Ore processed,1,ore
ON-MAIN-387b06fe,,Air,Nickel (and its compounds),Emission,Stack Emissions,tonnes,0.036,ON-MAIN-387b06fe,,,,Ore processed,1,ore
ON-MAIN-387b06fe,,Air,PM10 - Particulate Matter <= 10 Micrometers,Emission,Stack Emissions,tonnes,2.62,ON-MAIN-387b06fe,,,,Ore processed,1,ore
ON-MAIN-387b06fe,,Air,PM2.5 - Particulate Matter <= 2.5 Micrometers,Emission,Stack Emissions,tonnes,1.75,ON-MAIN-387b06fe,,,,Ore processed,1,ore
ON-MAIN-387b06fe,,Air,Zinc (and its compounds),Emission,Stack Emissions,tonnes,0.261,ON-MAIN-387b06fe,,,,Ore processed,1,ore
ON-MAIN-2e13aaa0,,Air,Arsenic (and its compounds),Emission,Stack Emissions,kg,2.5,ON-MAIN-2e13aaa0,,,,Ore processed,1,ore
ON-MAIN-2e13aaa0,,Air,Cadmium (and its compounds),Emission,Stack Emissions,kg,0.082,ON-MAIN-2e13aaa0,,,,Ore processed,1,ore
ON-MAIN-2e13aaa0,,Air,Chlorine,Emission,Stack Emissions,tonnes,0.1,ON-MAIN-2e13aaa0,,,,Ore processed,1,ore
ON-MAIN-2e13aaa0,,Air,Cobalt (and its compounds),Emission,Stack Emissions,kg,4.14,ON-MAIN-2e13aaa0,,,,Ore processed,1,ore
ON-MAIN-2e13aaa0,,Air,Copper (and its compounds),Emission,Stack Emissions,tonnes,0.0036,ON-MAIN-2e13aaa0,,,,Ore processed,1,ore
ON-MAIN-2e13aaa0,,Air,Lead (and its compounds),Emission,Stack Emissions,kg,2.25,ON-MAIN-2e13aaa0,,,,Ore processed,1,ore
ON-MAIN-2e13aaa0,,Air,Nickel (and its compounds),Emission,Stack Emissions,tonnes,0.018,ON-MAIN-2e13aaa0,,,,Ore processed,1,ore
ON-MAIN-2e13aaa0,,Air,Nitric acid,Emission,Stack Emissions,tonnes,0.1,ON-MAIN-2e13aaa0,,,,Ore processed,1,ore
ON-MAIN-2e13aaa0,,Air,PM10 - Particulate Matter <= 10 Micrometers,Emission,Stack Emissions,tonnes,0.081,ON-MAIN-2e13aaa0,,,,Ore processed,1,ore
ON-MAIN-2e13aaa0,,Air,PM2.5 - Particulate Matter <= 2.5 Micrometers,Emission,Stack Emissions,tonnes,0.0087,ON-MAIN-2e13aaa0,,,,Ore processed,1,ore
ON-MAIN-2e13aaa0,,Air,Selenium (and its compounds),Emission,Stack Emissions,kg,0.98,ON-MAIN-2e13aaa0,,,,Ore processed,1,ore
ON-MAIN-2e13aaa0,,Air,Sulphur dioxide,Emission,Stack Emissions,tonnes,0.45,ON-MAIN-2e13aaa0,,,,Ore processed,1,ore
ON-MAIN-2e13aaa0,,Air,Total particulate matter,Emission,Stack Emissions,tonnes,0.8302,ON-MAIN-2e13aaa0,,,,Ore processed,1,ore
NL-MAIN-d9036091,,Air,Cadmium (and its compounds),Emission,Stack Emissions,kg,1.01,NL-MAIN-d9036091,"Ni, refining at Long Harbour",0.0,inf,Ore processed,1,ore
NL-MAIN-d9036091,,Air,Cobalt (and its compounds),Emission,Stack Emissions,kg,14.04,NL-MAIN-d9036091,"Ni, refining at Long Harbour",0.0,inf,Ore processed,1,ore
NL-MAIN-d9036091,,Air,Copper (and its compounds),Emission,Stack Emissions,tonnes,0.034,NL-MAIN-d9036091,"Ni, refining at Long Harbour",0.0,inf,Ore processed,1,ore
NL-MAIN-d9036091,,Air,Hydrogen sulphide,Emission,Stack Emissions,tonnes,0.485,NL-MAIN-d9036091,"Ni, refining at Long Harbour",0.0,inf,Ore processed,1,ore
NL-MAIN-d9036091,,Air,Lead (and its compounds),Emission,Stack Emissions,kg,0.58,NL-MAIN-d9036091,"Ni, refining at Long Harbour",0.0,inf,Ore processed,1,ore
NL-MAIN-d9036091,,Air,Manganese (and its compounds),Emission,Stack Emissions,tonnes,0.0029,NL-MAIN-d9036091,"Ni, refining at Long Harbour",0.0,inf,Ore processed,1,ore
NL-MAIN-d9036091,,Air,Nickel (and its compounds),Emission,Stack Emissions,tonnes,0.256,NL-MAIN-d9036091,"Ni, refining at Long Harbour",0.0,inf,Ore processed,1,ore
NL-MAIN-d9036091,,Air,Nitrogen oxides (expressed as nitrogen dioxide),Emission,Stack Emissions,tonnes,13.2801,NL-MAIN-d9036091,"Ni, refining at Long Harbour",0.0,inf,Ore processed,1,ore
NL-MAIN-d9036091,,Air,PM10 - Particulate Matter <= 10 Micrometers,Emission,Stack Emissions,tonnes,9.1898,NL-MAIN-d9036091,"Ni, refining at Long Harbour",0.0,inf,Ore processed,1,ore
NL-MAIN-d9036091,,Air,PM2.5 - Particulate Matter <= 2.5 Micrometers,Emission,Stack Emissions,tonnes,7.86,NL-MAIN-d9036091,"Ni, refining at Long Harbour",0.0,inf,Ore processed,1,ore
NL-MAIN-d9036091,,Air,Sulphur dioxide,Emission,Stack Emissions,tonnes,4.405,NL-MAIN-d9036091,"Ni, refining at Long Harbour",0.0,inf,Ore processed,1,ore
NL-MAIN-d9036091,,Air,Sulphuric acid,Emission,Stack Emissions,tonnes,0.2475,NL-MAIN-d9036091,"Ni, refining at Long Harbour",0.0,inf,Ore processed,1,ore
NL-MAIN-d9036091,,Air,Total particulate matter,Emission,Stack Emissions,tonnes,11.3973,NL-MAIN-d9036091,"Ni, refining at Long Harbour",0.0,inf,Ore processed,1,ore
NL-MAIN-d9036091,,Air,Total reduced sulphur (expressed as hydrogen sulphide),Emission,Stack Emissions,tonnes,0.485,NL-MAIN-d9036091,"Ni, refining at Long Harbour",0.0,inf,Ore processed,1,ore
NL-MAIN-d9036091,,Air,Zinc (and its compounds),Emission,Stack Emissions,tonnes,0.0203,NL-MAIN-d9036091,"Ni, refining at Long Harbour",0.0,inf,Ore processed,1,ore
ON-MAIN-eab8c362,,Air,Volatile Organic Compounds (Total),Emission,Storage / Handling,tonnes,3.1414,ON-MAIN-eab8c362,,,,Ore processed,1,ore
ON-MAIN-4c35e094,,Air,Ammonia (total),Emission,Storage / Handling,tonnes,0.000271,ON-MAIN-4c35e094,,,,Ore processed,1,ore
ON-MAIN-4c35e094,,Air,Antimony (and its compounds),Emission,Storage / Handling,tonnes,0.002383,ON-MAIN-4c35e094,,,,Ore processed,1,ore
ON-MAIN-4c35e094,,Air,Arsenic (and its compounds),Emission,Storage / Handling,kg,0.786574,ON-MAIN-4c35e094,,,,Ore processed,1,ore
ON-MAIN-4c35e094,,Air,Benzene,Emission,Storage / Handling,tonnes,0.000903,ON-MAIN-4c35e094,,,,Ore processed,1,ore
ON-MAIN-4c35e094,,Air,Cadmium (and its compounds),Emission,Storage / Handling,kg,0.043325,ON-MAIN-4c35e094,,,,Ore processed,1,ore
ON-MAIN-4c35e094,,Air,Chromium (and its compounds),Emission,Storage / Handling,tonnes,0.016055,ON-MAIN-4c35e094,,,,Ore processed,1,ore
ON-MAIN-4c35e094,,Air,Cobalt (and its compounds),Emission,Storage / Handling,kg,0.32494,ON-MAIN-4c35e094,,,,Ore processed,1,ore
ON-MAIN-4c35e094,,Air,Copper (and its compounds),Emission,Storage / Handling,tonnes,0.001158,ON-MAIN-4c35e094,,,,Ore processed,1,ore
ON-MAIN-4c35e094,,Air,Hydrogen sulphide,Emission,Storage / Handling,tonnes,5.5e-05,ON-MAIN-4c35e094,,,,Ore processed,1,ore
ON-MAIN-4c35e094,,Air,Lead (and its compounds),Emission,Storage / Handling,kg,3.944787,ON-MAIN-4c35e094,,,,Ore processed,1,ore
ON-MAIN-4c35e094,,Air,Manganese (and its compounds),Emission,Storage / Handling,tonnes,0.23696,ON-MAIN-4c35e094,,,,Ore processed,1,ore
ON-MAIN-4c35e094,,Air,Naphthalene,Emission,Storage / Handling,tonnes,9.5e-05,ON-MAIN-4c35e094,,,,Ore processed,1,ore
ON-MAIN-4c35e094,,Air,Nickel (and its compounds),Emission,Storage / Handling,tonnes,0.000433,ON-MAIN-4c35e094,,,,Ore processed,1,ore
ON-MAIN-4c35e094,,Air,Phosphorus (total),Emission,Storage / Handling,tonnes,0.031489,ON-MAIN-4c35e094,,,,Ore processed,1,ore
ON-MAIN-4c35e094,,Air,PM10 - Particulate Matter <= 10 Micrometers,Emission,Storage / Handling,tonnes,43.019708,ON-MAIN-4c35e094,,,,Ore processed,1,ore
ON-MAIN-4c35e094,,Air,PM2.5 - Particulate Matter <= 2.5 Micrometers,Emission,Storage / Handling,tonnes,7.856294,ON-MAIN-4c35e094,,,,Ore processed,1,ore
ON-MAIN-4c35e094,,Air,Selenium (and its compounds),Emission,Storage / Handling,kg,0.649881,ON-MAIN-4c35e094,,,,Ore processed,1,ore
ON-MAIN-4c35e094,,Air,Thallium (and its compounds),Emission,Storage / Handling,kg,1.083135,ON-MAIN-4c35e094,,,,Ore processed,1,ore
ON-MAIN-4c35e094,,Air,Total particulate matter,Emission,Storage / Handling,tonnes,91.177901,ON-MAIN-4c35e094,,,,Ore processed,1,ore
ON-MAIN-4c35e094,,Air,Total reduced sulphur (expressed as hydrogen sulphide),Emission,Storage / Handling,tonnes,6.8e-05,ON-MAIN-4c35e094,,,,Ore processed,1,ore
ON-MAIN-4c35e094,,Air,Vanadium (and its compounds),Emission,Storage / Handling,tonnes,0.004353,ON-MAIN-4c35e094,,,,Ore processed,1,ore
ON-MAIN-4c35e094,,Air,Volatile Organic Compounds (Total),Emission,Storage / Handling,tonnes,0.001246,ON-MAIN-4c35e094,,,,Ore processed,1,ore
ON-MAIN-4c35e094,,Air,Xylene (all isomers),Emission,Storage / Handling,tonnes,0.000137,ON-MAIN-4c35e094,,,,Ore processed,1,ore
ON-MAIN-4c35e094,,Air,Zinc (and its compounds),Emission,Storage / Handling,tonnes,0.004975,ON-MAIN-4c35e094,,,,Ore processed,1,ore
SK-MAIN-26b9aaf3,,Air,Arsenic (and its compounds),Emission,Storage / Handling,kg,0.0159,SK-MAIN-26b9aaf3,,,,Ore processed,1,ore
SK-MAIN-26b9aaf3,,Air,Cadmium (and its compounds),Emission,Storage / Handling,kg,0.0046,SK-MAIN-26b9aaf3,,,,Ore processed,1,ore
SK-MAIN-26b9aaf3,,Air,Cobalt (and its compounds),Emission,Storage / Handling,kg,0.0103,SK-MAIN-26b9aaf3,,,,Ore processed,1,ore
SK-MAIN-26b9aaf3,,Air,Hexavalent chromium (and its compounds),Emission,Storage / Handling,kg,0.0015,SK-MAIN-26b9aaf3,,,,Ore processed,1,ore
SK-MAIN-26b9aaf3,,Air,Lead (and its compounds),Emission,Storage / Handling,kg,0.0881,SK-MAIN-26b9aaf3,,,,Ore processed,1,ore
SK-MAIN-26b9aaf3,,Air,PM10 - Particulate Matter <= 10 Micrometers,Emission,Storage / Handling,tonnes,3.4022,SK-MAIN-26b9aaf3,,,,Ore processed,1,ore
SK-MAIN-26b9aaf3,,Air,PM2.5 - Particulate Matter <= 2.5 Micrometers,Emission,Storage / Handling,tonnes,0.5086,SK-MAIN-26b9aaf3,,,,Ore processed,1,ore
SK-MAIN-26b9aaf3,,Air,Selenium (and its compounds),Emission,Storage / Handling,kg,0.0026,SK-MAIN-26b9aaf3,,,,Ore processed,1,ore
SK-MAIN-26b9aaf3,,Air,Total particulate matter,Emission,Storage / Handling,tonnes,7.1258,SK-MAIN-26b9aaf3,,,,Ore processed,1,ore
SK-MAIN-26b9aaf3,,Air,Volatile Organic Compounds (Total),Emission,Storage / Handling,tonnes,0.2323,SK-MAIN-26b9aaf3,,,,Ore processed,1,ore
SK-MAIN-26b9aaf3,,Air,Zinc (and its compounds),Emission,Storage / Handling,tonnes,0.0013,SK-MAIN-26b9aaf3,,,,Ore processed,1,ore
ON-MAIN-21b6ab35,,Air,Arsenic (and its compounds),Emission,Storage / Handling,kg,0.005,ON-MAIN-21b6ab35,,,,Ore processed,1,ore
ON-MAIN-21b6ab35,,Air,Cadmium (and its compounds),Emission,Storage / Handling,kg,0.0208,ON-MAIN-21b6ab35,,,,Ore processed,1,ore
MB-MAIN-b4ca1426,,Air,Lead (and its compounds),Emission,Storage / Handling,kg,0.03254,MB-MAIN-b4ca1426,,,,Ore processed,1,ore
ON-MAIN-21b6ab35,,Air,Lead (and its compounds),Emission,Storage / Handling,kg,0.6576,ON-MAIN-21b6ab35,,,,Ore processed,1,ore
MB-MAIN-b4ca1426,,Air,Manganese (and its compounds),Emission,Storage / Handling,tonnes,0.0004,MB-MAIN-b4ca1426,,,,Ore processed,1,ore
ON-MAIN-21b6ab35,,Air,Manganese (and its compounds),Emission,Storage / Handling,tonnes,0.0098,ON-MAIN-21b6ab35,,,,Ore processed,1,ore
MB-MAIN-b4ca1426,,Air,Mercury (and its compounds),Emission,Storage / Handling,tonnes,7.1e-08,MB-MAIN-b4ca1426,,,,Ore processed,1,ore
MB-MAIN-b4ca1426,,Air,PM10 - Particulate Matter <= 10 Micrometers,Emission,Storage / Handling,tonnes,1.6092,MB-MAIN-b4ca1426,,,,Ore processed,1,ore
ON-MAIN-21b6ab35,,Air,PM10 - Particulate Matter <= 10 Micrometers,Emission,Storage / Handling,tonnes,0.4479,ON-MAIN-21b6ab35,,,,Ore processed,1,ore
MB-MAIN-b4ca1426,,Air,PM2.5 - Particulate Matter <= 2.5 Micrometers,Emission,Storage / Handling,tonnes,0.57613,MB-MAIN-b4ca1426,,,,Ore processed,1,ore
ON-MAIN-21b6ab35,,Air,PM2.5 - Particulate Matter <= 2.5 Micrometers,Emission,Storage / Handling,tonnes,0.0489,ON-MAIN-21b6ab35,,,,Ore processed,1,ore
MB-MAIN-b4ca1426,,Air,Total particulate matter,Emission,Storage / Handling,tonnes,3.23819,MB-MAIN-b4ca1426,,,,Ore processed,1,ore
ON-MAIN-21b6ab35,,Air,Total particulate matter,Emission,Storage / Handling,tonnes,0.862,ON-MAIN-21b6ab35,,,,Ore processed,1,ore
MB-MAIN-b4ca1426,,Air,Zinc (and its compounds),Emission,Storage / Handling,tonnes,0.00082,MB-MAIN-b4ca1426,,,,Ore processed,1,ore
ON-MAIN-21b6ab35,,Air,Zinc (and its compounds),Emission,Storage / Handling,tonnes,0.0002,ON-MAIN-21b6ab35,,,,Ore processed,1,ore
ON-MAIN-387b06fe,,Air,Carbon monoxide,Emission,Storage / Handling,tonnes,68.0,ON-MAIN-387b06fe,,,,Ore processed,1,ore
NL-MAIN-d9036091,,Air,Hydrochloric acid,Emission,Storage / Handling,tonnes,0.0584,NL-MAIN-d9036091,"Ni, refining at Long Harbour",0.0,inf,Ore processed,1,ore
ON-MAIN-eab8c362,,Air,Acenaphthene,Emission,Fugitive Emissions,kg,108.045,ON-MAIN-eab8c362,,,,Ore processed,1,ore
ON-MAIN-eab8c362,,Air,Ammonia (total),Emission,Fugitive Emissions,tonnes,1.15419,ON-MAIN-eab8c362,,,,Ore processed,1,ore
ON-MAIN-eab8c362,,Air,Anthracene,Emission,Fugitive Emissions,kg,0.03339,ON-MAIN-eab8c362,,,,Ore processed,1,ore
ON-MAIN-eab8c362,,Air,Benz[a]anthracene,Emission,Fugitive Emissions,kg,30.488,ON-MAIN-eab8c362,,,,Ore processed,1,ore
ON-MAIN-eab8c362,,Air,Benzene,Emission,Fugitive Emissions,tonnes,11.2724,ON-MAIN-eab8c362,,,,Ore processed,1,ore
ON-MAIN-eab8c362,,Air,Benzo[a]pyrene,Emission,Fugitive Emissions,kg,28.227,ON-MAIN-eab8c362,,,,Ore processed,1,ore
ON-MAIN-eab8c362,,Air,Benzo[e]pyrene,Emission,Fugitive Emissions,kg,28.227,ON-MAIN-eab8c362,,,,Ore processed,1,ore
ON-MAIN-eab8c362,,Air,Benzo[ghi]perylene,Emission,Fugitive Emissions,kg,16.88,ON-MAIN-eab8c362,,,,Ore processed,1,ore
ON-MAIN-eab8c362,,Air,Benzo[k]fluoranthene,Emission,Fugitive Emissions,kg,19.786,ON-MAIN-eab8c362,,,,Ore processed,1,ore
ON-MAIN-eab8c362,,Air,Cadmium (and its compounds),Emission,Fugitive Emissions,kg,0.03468,ON-MAIN-eab8c362,,,,Ore processed,1,ore
ON-MAIN-eab8c362,,Air,Calcium fluoride,Emission,Fugitive Emissions,tonnes,132.834,ON-MAIN-eab8c362,,,,Ore processed,1,ore
ON-MAIN-eab8c362,,Air,Cobalt (and its compounds),Emission,Fugitive Emissions,kg,0.786,ON-MAIN-eab8c362,,,,Ore processed,1,ore
ON-MAIN-eab8c362,,Air,"Dibenz[a,h]acridine",Emission,Fugitive Emissions,kg,0.59244,ON-MAIN-eab8c362,,,,Ore processed,1,ore
ON-MAIN-eab8c362,,Air,"Dibenz[a,h]anthracene",Emission,Fugitive Emissions,kg,0.174,ON-MAIN-eab8c362,,,,Ore processed,1,ore
ON-MAIN-eab8c362,,Air,"Dibenz[a,j]acridine",Emission,Fugitive Emissions,kg,1.319,ON-MAIN-eab8c362,,,,Ore processed,1,ore
ON-MAIN-eab8c362,,Air,Ethylbenzene,Emission,Fugitive Emissions,tonnes,0.01148,ON-MAIN-eab8c362,,,,Ore processed,1,ore
ON-MAIN-eab8c362,,Air,Ethylene,Emission,Fugitive Emissions,tonnes,5.3749,ON-MAIN-eab8c362,,,,Ore processed,1,ore
ON-MAIN-eab8c362,,Air,Fluoranthene,Emission,Fugitive Emissions,kg,108.045,ON-MAIN-eab8c362,,,,Ore processed,1,ore
ON-MAIN-eab8c362,,Air,Fluorene,Emission,Fugitive Emissions,kg,57.399,ON-MAIN-eab8c362,,,,Ore processed,1,ore
ON-MAIN-eab8c362,,Air,Hydrochloric acid,Emission,Fugitive Emissions,tonnes,0.58231,ON-MAIN-eab8c362,,,,Ore processed,1,ore
ON-MAIN-eab8c362,,Air,Hydrogen sulphide,Emission,Fugitive Emissions,tonnes,0.506,ON-MAIN-eab8c362,,,,Ore processed,1,ore
ON-MAIN-eab8c362,,Air,"Indeno[1,2,3-cd]pyrene",Emission,Fugitive Emissions,kg,12.6277,ON-MAIN-eab8c362,,,,Ore processed,1,ore
ON-MAIN-eab8c362,,Air,Isopropyl alcohol,Emission,Fugitive Emissions,tonnes,30.0,ON-MAIN-eab8c362,,,,Ore processed,1,ore
ON-MAIN-eab8c362,,Air,Lead (and its compounds),Emission,Fugitive Emissions,kg,0.35184,ON-MAIN-eab8c362,,,,Ore processed,1,ore
ON-MAIN-eab8c362,,Air,Manganese (and its compounds),Emission,Fugitive Emissions,tonnes,0.01181,ON-MAIN-eab8c362,,,,Ore processed,1,ore
ON-MAIN-eab8c362,,Air,Mercury (and its compounds),Emission,Fugitive Emissions,tonnes,0.01566466,ON-MAIN-eab8c362,,,,Ore processed,1,ore
ON-MAIN-eab8c362,,Air,Naphthalene,Emission,Fugitive Emissions,tonnes,0.191,ON-MAIN-eab8c362,,,,Ore processed,1,ore
ON-MAIN-eab8c362,,Air,Nickel (and its compounds),Emission,Fugitive Emissions,tonnes,0.00118,ON-MAIN-eab8c362,,,,Ore processed,1,ore
ON-MAIN-eab8c362,,Air,Nitrogen oxides (expressed as nitrogen dioxide),Emission,Fugitive Emissions,tonnes,0.349,ON-MAIN-eab8c362,,,,Ore processed,1,ore
ON-MAIN-eab8c362,,Air,Phenanthrene,Emission,Fugitive Emissions,kg,13.5056,ON-MAIN-eab8c362,,,,Ore processed,1,ore
ON-MAIN-eab8c362,,Air,PM10 - Particulate Matter <= 10 Micrometers,Emission,Fugitive Emissions,tonnes,28.207,ON-MAIN-eab8c362,,,,Ore processed,1,ore
ON-MAIN-eab8c362,,Air,PM2.5 - Particulate Matter <= 2.5 Micrometers,Emission,Fugitive Emissions,tonnes,14.458,ON-MAIN-eab8c362,,,,Ore processed,1,ore
ON-MAIN-eab8c362,,Air,Propylene,Emission,Fugitive Emissions,tonnes,1.0661,ON-MAIN-eab8c362,,,,Ore processed,1,ore
ON-MAIN-eab8c362,,Air,Pyrene,Emission,Fugitive Emissions,kg,111.421,ON-MAIN-eab8c362,,,,Ore processed,1,ore
ON-MAIN-eab8c362,,Air,Sulphur dioxide,Emission,Fugitive Emissions,tonnes,424.53,ON-MAIN-eab8c362,,,,Ore processed,1,ore
ON-MAIN-eab8c362,,Air,Toluene,Emission,Fugitive Emissions,tonnes,0.6903,ON-MAIN-eab8c362,,,,Ore processed,1,ore
ON-MAIN-eab8c362,,Air,Total particulate matter,Emission,Fugitive Emissions,tonnes,50.5,ON-MAIN-eab8c362,,,,Ore processed,1,ore
ON-MAIN-eab8c362,,Air,Total reduced sulphur (expressed as hydrogen sulphide),Emission,Fugitive Emissions,tonnes,0.50834,ON-MAIN-eab8c362,,,,Ore processed,1,ore
ON-MAIN-eab8c362,,Air,Volatile Organic Compounds (Total),Emission,Fugitive Emissions,tonnes,61.2842,ON-MAIN-eab8c362,,,,Ore processed,1,ore
ON-MAIN-eab8c362,,Air,Xylene (all isomers),Emission,Fugitive Emissions,tonnes,0.062,ON-MAIN-eab8c362,,,,Ore processed,1,ore
ON-MAIN-eab8c362,,Air,Zinc (and its compounds),Emission,Fugitive Emissions,tonnes,0.01753,ON-MAIN-eab8c362,,,,Ore processed,1,ore
AB-MAIN-9fed34a8,,Air,Arsenic (and its compounds),Emission,Fugitive Emissions,kg,25.483,AB-MAIN-9fed34a8,,,,Ore processed,1,ore
AB-MAIN-9fed34a8,,Air,Cadmium (and its compounds),Emission,Fugitive Emissions,kg,3.058,AB-MAIN-9fed34a8,,,,Ore processed,1,ore
AB-MAIN-9fed34a8,,Air,Calcium fluoride,Emission,Fugitive Emissions,tonnes,2.239,AB-MAIN-9fed34a8,,,,Ore processed,1,ore
AB-MAIN-9fed34a8,,Air,Carbon monoxide,Emission,Fugitive Emissions,tonnes,105.23,AB-MAIN-9fed34a8,,,,Ore processed,1,ore
AB-MAIN-9fed34a8,,Air,Chromium (and its compounds),Emission,Fugitive Emissions,tonnes,0.106,AB-MAIN-9fed34a8,,,,Ore processed,1,ore
AB-MAIN-9fed34a8,,Air,Copper (and its compounds),Emission,Fugitive Emissions,tonnes,0.273,AB-MAIN-9fed34a8,,,,Ore processed,1,ore
AB-MAIN-9fed34a8,,Air,Dioxins and furans - total,Emission,Fugitive Emissions,g TEQ,0.011651,AB-MAIN-9fed34a8,,,,Ore processed,1,ore
AB-MAIN-9fed34a8,,Air,Hexachlorobenzene,Emission,Fugitive Emissions,grams,12.3,AB-MAIN-9fed34a8,,,,Ore processed,1,ore
AB-MAIN-9fed34a8,,Air,Hexavalent chromium (and its compounds),Emission,Fugitive Emissions,kg,12.985,AB-MAIN-9fed34a8,,,,Ore processed,1,ore
AB-MAIN-9fed34a8,,Air,Lead (and its compounds),Emission,Fugitive Emissions,kg,330.45,AB-MAIN-9fed34a8,,,,Ore processed,1,ore
AB-MAIN-9fed34a8,,Air,Manganese (and its compounds),Emission,Fugitive Emissions,tonnes,0.902,AB-MAIN-9fed34a8,,,,Ore processed,1,ore
AB-MAIN-9fed34a8,,Air,Mercury (and its compounds),Emission,Fugitive Emissions,tonnes,0.001317,AB-MAIN-9fed34a8,,,,Ore processed,1,ore
AB-MAIN-9fed34a8,,Air,Nickel (and its compounds),Emission,Fugitive Emissions,tonnes,0.083,AB-MAIN-9fed34a8,,,,Ore processed,1,ore
AB-MAIN-9fed34a8,,Air,Nitrogen oxides (expressed as nitrogen dioxide),Emission,Fugitive Emissions,tonnes,28.24,AB-MAIN-9fed34a8,,,,Ore processed,1,ore
AB-MAIN-9fed34a8,,Air,PM10 - Particulate Matter <= 10 Micrometers,Emission,Fugitive Emissions,tonnes,27.01,AB-MAIN-9fed34a8,,,,Ore processed,1,ore
AB-MAIN-9fed34a8,,Air,PM2.5 - Particulate Matter <= 2.5 Micrometers,Emission,Fugitive Emissions,tonnes,15.45,AB-MAIN-9fed34a8,,,,Ore processed,1,ore
AB-MAIN-9fed34a8,,Air,Selenium (and its compounds),Emission,Fugitive Emissions,kg,15.619,AB-MAIN-9fed34a8,,,,Ore processed,1,ore
AB-MAIN-9fed34a8,,Air,Sulphur dioxide,Emission,Fugitive Emissions,tonnes,6.01,AB-MAIN-9fed34a8,,,,Ore processed,1,ore
AB-MAIN-9fed34a8,,Air,Total particulate matter,Emission,Fugitive Emissions,tonnes,61.84,AB-MAIN-9fed34a8,,,,Ore processed,1,ore
AB-MAIN-9fed34a8,,Air,Vanadium (and its compounds),Emission,Fugitive Emissions,tonnes,0.042,AB-MAIN-9fed34a8,,,,Ore processed,1,ore
AB-MAIN-9fed34a8,,Air,Volatile Organic Compounds (Total),Emission,Fugitive Emissions,tonnes,3.7,AB-MAIN-9fed34a8,,,,Ore processed,1,ore
AB-MAIN-9fed34a8,,Air,Zinc (and its compounds),Emission,Fugitive Emissions,tonnes,1.724,AB-MAIN-9fed34a8,,,,Ore processed,1,ore
QC-MAIN-c8966bdc,,Air,Anthracene,Emission,Fugitive Emissions,kg,2.2,QC-MAIN-c8966bdc,,,,Ore processed,1,ore
QC-MAIN-c8966bdc,,Air,Benz[a]anthracene,Emission,Fugitive Emissions,kg,0.1,QC-MAIN-c8966bdc,,,,Ore processed,1,ore
QC-MAIN-c8966bdc,,Air,Benzo[a]pyrene,Emission,Fugitive Emissions,kg,0.2039,QC-MAIN-c8966bdc,,,,Ore processed,1,ore
QC-MAIN-c8966bdc,,Air,Benzo[b]fluoranthene,Emission,Fugitive Emissions,kg,1.7,QC-MAIN-c8966bdc,,,,Ore processed,1,ore
QC-MAIN-c8966bdc,,Air,Benzo[e]pyrene,Emission,Fugitive Emissions,kg,1.0,QC-MAIN-c8966bdc,,,,Ore processed,1,ore
QC-MAIN-c8966bdc,,Air,Benzo[ghi]perylene,Emission,Fugitive Emissions,kg,0.1,QC-MAIN-c8966bdc,,,,Ore processed,1,ore
QC-MAIN-c8966bdc,,Air,Benzo[j]fluoranthene,Emission,Fugitive Emissions,kg,0.06058,QC-MAIN-c8966bdc,,,,Ore processed,1,ore
QC-MAIN-c8966bdc,,Air,Benzo[k]fluoranthene,Emission,Fugitive Emissions,kg,0.1,QC-MAIN-c8966bdc,,,,Ore processed,1,ore
QC-MAIN-c8966bdc,,Air,Carbon monoxide,Emission,Fugitive Emissions,tonnes,923.2,QC-MAIN-c8966bdc,,,,Ore processed,1,ore
QC-MAIN-c8966bdc,,Air,Carbonyl sulphide,Emission,Fugitive Emissions,tonnes,3.13,QC-MAIN-c8966bdc,,,,Ore processed,1,ore
QC-MAIN-c8966bdc,,Air,Chrysene,Emission,Fugitive Emissions,kg,4.2,QC-MAIN-c8966bdc,,,,Ore processed,1,ore
QC-MAIN-c8966bdc,,Air,"Dibenz[a,h]anthracene",Emission,Fugitive Emissions,kg,0.003,QC-MAIN-c8966bdc,,,,Ore processed,1,ore
QC-MAIN-c8966bdc,,Air,Fluoranthene,Emission,Fugitive Emissions,kg,32.6,QC-MAIN-c8966bdc,,,,Ore processed,1,ore
QC-MAIN-c8966bdc,,Air,Fluorene,Emission,Fugitive Emissions,kg,34.0,QC-MAIN-c8966bdc,,,,Ore processed,1,ore
QC-MAIN-c8966bdc,,Air,Hydrogen fluoride,Emission,Fugitive Emissions,tonnes,204.41,QC-MAIN-c8966bdc,,,,Ore processed,1,ore
QC-MAIN-c8966bdc,,Air,"Indeno[1,2,3-cd]pyrene",Emission,Fugitive Emissions,kg,0.04,QC-MAIN-c8966bdc,,,,Ore processed,1,ore
QC-MAIN-c8966bdc,,Air,Nitrogen oxides (expressed as nitrogen dioxide),Emission,Fugitive Emissions,tonnes,0.014,QC-MAIN-c8966bdc,,,,Ore processed,1,ore
QC-MAIN-c8966bdc,,Air,Phenanthrene,Emission,Fugitive Emissions,kg,61.1,QC-MAIN-c8966bdc,,,,Ore processed,1,ore
QC-MAIN-c8966bdc,,Air,PM10 - Particulate Matter <= 10 Micrometers,Emission,Fugitive Emissions,tonnes,301.7,QC-MAIN-c8966bdc,,,,Ore processed,1,ore
QC-MAIN-c8966bdc,,Air,PM2.5 - Particulate Matter <= 2.5 Micrometers,Emission,Fugitive Emissions,tonnes,222.1,QC-MAIN-c8966bdc,,,,Ore processed,1,ore
QC-MAIN-c8966bdc,,Air,Pyrene,Emission,Fugitive Emissions,kg,5.3,QC-MAIN-c8966bdc,,,,Ore processed,1,ore
QC-MAIN-c8966bdc,,Air,Sulphur dioxide,Emission,Fugitive Emissions,tonnes,129.23,QC-MAIN-c8966bdc,,,,Ore processed,1,ore
QC-MAIN-c8966bdc,,Air,Total particulate matter,Emission,Fugitive Emissions,tonnes,419.06,QC-MAIN-c8966bdc,,,,Ore processed,1,ore
QC-MAIN-c8966bdc,,Air,Total reduced sulphur (expressed as hydrogen sulphide),Emission,Fugitive Emissions,tonnes,1.77,QC-MAIN-c8966bdc,,,,Ore processed,1,ore
QC-MAIN-c8966bdc,,Air,Volatile Organic Compounds (Total),Emission,Fugitive Emissions,tonnes,5.59,QC-MAIN-c8966bdc,,,,Ore processed,1,ore
ON-MAIN-4c35e094,,Air,"7,12-Dimethylbenz[a]anthracene",Emission,Fugitive Emissions,kg,0.840042,ON-MAIN-4c35e094,,,,Ore processed,1,ore
ON-MAIN-4c35e094,,Air,Acenaphthene,Emission,Fugitive Emissions,kg,111.989299,ON-MAIN-4c35e094,,,,Ore processed,1,ore
ON-MAIN-4c35e094,,Air,Ammonia (total),Emission,Fugitive Emissions,tonnes,6.561403,ON-MAIN-4c35e094,,,,Ore processed,1,ore
ON-MAIN-4c35e094,,Air,Anthracene,Emission,Fugitive Emissions,kg,81.958794,ON-MAIN-4c35e094,,,,Ore processed,1,ore
ON-MAIN-4c35e094,,Air,Antimony (and its compounds),Emission,Fugitive Emissions,tonnes,0.010668,ON-MAIN-4c35e094,,,,Ore processed,1,ore
ON-MAIN-4c35e094,,Air,Arsenic (and its compounds),Emission,Fugitive Emissions,kg,3.640784,ON-MAIN-4c35e094,,,,Ore processed,1,ore
ON-MAIN-4c35e094,,Air,Benz[a]anthracene,Emission,Fugitive Emissions,kg,37.622231,ON-MAIN-4c35e094,,,,Ore processed,1,ore
ON-MAIN-4c35e094,,Air,Benzene,Emission,Fugitive Emissions,tonnes,13.128929,ON-MAIN-4c35e094,,,,Ore processed,1,ore
ON-MAIN-4c35e094,,Air,Benzo[a]pyrene,Emission,Fugitive Emissions,kg,36.12558,ON-MAIN-4c35e094,,,,Ore processed,1,ore
ON-MAIN-4c35e094,,Air,Benzo[b]fluoranthene,Emission,Fugitive Emissions,kg,35.493966,ON-MAIN-4c35e094,,,,Ore processed,1,ore
ON-MAIN-4c35e094,,Air,Benzo[e]pyrene,Emission,Fugitive Emissions,kg,1.427997,ON-MAIN-4c35e094,,,,Ore processed,1,ore
ON-MAIN-4c35e094,,Air,Benzo[ghi]perylene,Emission,Fugitive Emissions,kg,0.988613,ON-MAIN-4c35e094,,,,Ore processed,1,ore
ON-MAIN-4c35e094,,Air,Benzo[j]fluoranthene,Emission,Fugitive Emissions,kg,2.430341,ON-MAIN-4c35e094,,,,Ore processed,1,ore
ON-MAIN-4c35e094,,Air,Benzo[k]fluoranthene,Emission,Fugitive Emissions,kg,22.806761,ON-MAIN-4c35e094,,,,Ore processed,1,ore
ON-MAIN-4c35e094,,Air,Cadmium (and its compounds),Emission,Fugitive Emissions,kg,1.755802,ON-MAIN-4c35e094,,,,Ore processed,1,ore
ON-MAIN-4c35e094,,Air,Carbon monoxide,Emission,Fugitive Emissions,tonnes,75.823304,ON-MAIN-4c35e094,,,,Ore processed,1,ore
ON-MAIN-4c35e094,,Air,Chromium (and its compounds),Emission,Fugitive Emissions,tonnes,0.117898,ON-MAIN-4c35e094,,,,Ore processed,1,ore
ON-MAIN-4c35e094,,Air,Chrysene,Emission,Fugitive Emissions,kg,57.696575,ON-MAIN-4c35e094,,,,Ore processed,1,ore
ON-MAIN-4c35e094,,Air,Cobalt (and its compounds),Emission,Fugitive Emissions,kg,3.24782,ON-MAIN-4c35e094,,,,Ore processed,1,ore
ON-MAIN-4c35e094,,Air,Copper (and its compounds),Emission,Fugitive Emissions,tonnes,0.023537,ON-MAIN-4c35e094,,,,Ore processed,1,ore
ON-MAIN-4c35e094,,Air,"Dibenz[a,h]acridine",Emission,Fugitive Emissions,kg,0.033605,ON-MAIN-4c35e094,,,,Ore processed,1,ore
ON-MAIN-4c35e094,,Air,"Dibenz[a,h]anthracene",Emission,Fugitive Emissions,kg,40.326229,ON-MAIN-4c35e094,,,,Ore processed,1,ore
ON-MAIN-4c35e094,,Air,"Dibenz[a,j]acridine",Emission,Fugitive Emissions,kg,0.033605,ON-MAIN-4c35e094,,,,Ore processed,1,ore
ON-MAIN-4c35e094,,Air,"Dibenzo[a,i]pyrene",Emission,Fugitive Emissions,kg,36.12558,ON-MAIN-4c35e094,,,,Ore processed,1,ore
ON-MAIN-4c35e094,,Air,Ethylbenzene,Emission,Fugitive Emissions,tonnes,0.119649,ON-MAIN-4c35e094,,,,Ore processed,1,ore
ON-MAIN-4c35e094,,Air,Ethylene,Emission,Fugitive Emissions,tonnes,1.718913,ON-MAIN-4c35e094,,,,Ore processed,1,ore
ON-MAIN-4c35e094,,Air,Fluoranthene,Emission,Fugitive Emissions,kg,75.894076,ON-MAIN-4c35e094,,,,Ore processed,1,ore
ON-MAIN-4c35e094,,Air,Fluorene,Emission,Fugitive Emissions,kg,3.727896,ON-MAIN-4c35e094,,,,Ore processed,1,ore
ON-MAIN-4c35e094,,Air,Hexavalent chromium (and its compounds),Emission,Fugitive Emissions,kg,0.168319,ON-MAIN-4c35e094,,,,Ore processed,1,ore
ON-MAIN-4c35e094,,Air,Hydrochloric acid,Emission,Fugitive Emissions,tonnes,0.104823,ON-MAIN-4c35e094,,,,Ore processed,1,ore
ON-MAIN-4c35e094,,Air,Hydrogen sulphide,Emission,Fugitive Emissions,tonnes,31.631641,ON-MAIN-4c35e094,,,,Ore processed,1,ore
ON-MAIN-4c35e094,,Air,"Indeno[1,2,3-cd]pyrene",Emission,Fugitive Emissions,kg,13.660934,ON-MAIN-4c35e094,,,,Ore processed,1,ore
ON-MAIN-4c35e094,,Air,Lead (and its compounds),Emission,Fugitive Emissions,kg,69.791343,ON-MAIN-4c35e094,,,,Ore processed,1,ore
ON-MAIN-4c35e094,,Air,Manganese (and its compounds),Emission,Fugitive Emissions,tonnes,2.928128,ON-MAIN-4c35e094,,,,Ore processed,1,ore
ON-MAIN-4c35e094,,Air,Mercury (and its compounds),Emission,Fugitive Emissions,tonnes,0.012649582000000001,ON-MAIN-4c35e094,,,,Ore processed,1,ore
ON-MAIN-4c35e094,,Air,Naphthalene,Emission,Fugitive Emissions,tonnes,1.549411,ON-MAIN-4c35e094,,,,Ore processed,1,ore
ON-MAIN-4c35e094,,Air,Nickel (and its compounds),Emission,Fugitive Emissions,tonnes,0.010957,ON-MAIN-4c35e094,,,,Ore processed,1,ore
ON-MAIN-4c35e094,,Air,Nitrogen oxides (expressed as nitrogen dioxide),Emission,Fugitive Emissions,tonnes,88.820866,ON-MAIN-4c35e094,,,,Ore processed,1,ore
ON-MAIN-4c35e094,,Air,Perylene,Emission,Fugitive Emissions,kg,9.63898,ON-MAIN-4c35e094,,,,Ore processed,1,ore
ON-MAIN-4c35e094,,Air,Phenanthrene,Emission,Fugitive Emissions,kg,118.394759,ON-MAIN-4c35e094,,,,Ore processed,1,ore
ON-MAIN-4c35e094,,Air,Phenol (and its salts),Emission,Fugitive Emissions,tonnes,0.135673,ON-MAIN-4c35e094,,,,Ore processed,1,ore
ON-MAIN-4c35e094,,Air,Phosphorus (total),Emission,Fugitive Emissions,tonnes,0.29037,ON-MAIN-4c35e094,,,,Ore processed,1,ore
ON-MAIN-4c35e094,,Air,PM10 - Particulate Matter <= 10 Micrometers,Emission,Fugitive Emissions,tonnes,97.769566,ON-MAIN-4c35e094,,,,Ore processed,1,ore
ON-MAIN-4c35e094,,Air,PM2.5 - Particulate Matter <= 2.5 Micrometers,Emission,Fugitive Emissions,tonnes,55.071945,ON-MAIN-4c35e094,,,,Ore processed,1,ore
ON-MAIN-4c35e094,,Air,Pyrene,Emission,Fugitive Emissions,kg,63.53214,ON-MAIN-4c35e094,,,,Ore processed,1,ore
ON-MAIN-4c35e094,,Air,Selenium (and its compounds),Emission,Fugitive Emissions,kg,2.909575,ON-MAIN-4c35e094,,,,Ore processed,1,ore
ON-MAIN-4c35e094,,Air,Styrene,Emission,Fugitive Emissions,tonnes,0.165586,ON-MAIN-4c35e094,,,,Ore processed,1,ore
ON-MAIN-4c35e094,,Air,Sulphur dioxide,Emission,Fugitive Emissions,tonnes,52.42101,ON-MAIN-4c35e094,,,,Ore processed,1,ore
ON-MAIN-4c35e094,,Air,Sulphuric acid,Emission,Fugitive Emissions,tonnes,0.003266,ON-MAIN-4c35e094,,,,Ore processed,1,ore
ON-MAIN-4c35e094,,Air,Thallium (and its compounds),Emission,Fugitive Emissions,kg,4.849291,ON-MAIN-4c35e094,,,,Ore processed,1,ore
ON-MAIN-4c35e094,,Air,Toluene,Emission,Fugitive Emissions,tonnes,1.603304,ON-MAIN-4c35e094,,,,Ore processed,1,ore
ON-MAIN-4c35e094,,Air,Total particulate matter,Emission,Fugitive Emissions,tonnes,207.028236,ON-MAIN-4c35e094,,,,Ore processed,1,ore
ON-MAIN-4c35e094,,Air,Total reduced sulphur (expressed as hydrogen sulphide),Emission,Fugitive Emissions,tonnes,32.288103,ON-MAIN-4c35e094,,,,Ore processed,1,ore
ON-MAIN-4c35e094,,Air,Vanadium (and its compounds),Emission,Fugitive Emissions,tonnes,0.036967,ON-MAIN-4c35e094,,,,Ore processed,1,ore
ON-MAIN-4c35e094,,Air,Volatile Organic Compounds (Total),Emission,Fugitive Emissions,tonnes,44.660787,ON-MAIN-4c35e094,,,,Ore processed,1,ore
ON-MAIN-4c35e094,,Air,Xylene (all isomers),Emission,Fugitive Emissions,tonnes,0.783669,ON-MAIN-4c35e094,,,,Ore processed,1,ore
ON-MAIN-4c35e094,,Air,Zinc (and its compounds),Emission,Fugitive Emissions,tonnes,5.983093,ON-MAIN-4c35e094,,,,Ore processed,1,ore
QC-MAIN-eac5a52b,,Air,Carbon monoxide,Emission,Fugitive Emissions,tonnes,284.696,QC-MAIN-eac5a52b,,,,Ore processed,1,ore
QC-MAIN-eac5a52b,,Air,Carbonyl sulphide,Emission,Fugitive Emissions,tonnes,1.72,QC-MAIN-eac5a52b,,,,Ore processed,1,ore
QC-MAIN-eac5a52b,,Air,Fluorene,Emission,Fugitive Emissions,kg,0.31,QC-MAIN-eac5a52b,,,,Ore processed,1,ore
QC-MAIN-eac5a52b,,Air,Hydrogen fluoride,Emission,Fugitive Emissions,tonnes,66.48,QC-MAIN-eac5a52b,,,,Ore processed,1,ore
QC-MAIN-eac5a52b,,Air,n-Hexane,Emission,Fugitive Emissions,tonnes,1.1499,QC-MAIN-eac5a52b,,,,Ore processed,1,ore
QC-MAIN-eac5a52b,,Air,Nitrogen oxides (expressed as nitrogen dioxide),Emission,Fugitive Emissions,tonnes,0.018,QC-MAIN-eac5a52b,,,,Ore processed,1,ore
QC-MAIN-eac5a52b,,Air,Phenanthrene,Emission,Fugitive Emissions,kg,0.92,QC-MAIN-eac5a52b,,,,Ore processed,1,ore
QC-MAIN-eac5a52b,,Air,PM10 - Particulate Matter <= 10 Micrometers,Emission,Fugitive Emissions,tonnes,100.6,QC-MAIN-eac5a52b,,,,Ore processed,1,ore
QC-MAIN-eac5a52b,,Air,PM2.5 - Particulate Matter <= 2.5 Micrometers,Emission,Fugitive Emissions,tonnes,74.05,QC-MAIN-eac5a52b,,,,Ore processed,1,ore
QC-MAIN-eac5a52b,,Air,Styrene,Emission,Fugitive Emissions,tonnes,5.7497,QC-MAIN-eac5a52b,,,,Ore processed,1,ore
QC-MAIN-eac5a52b,,Air,Sulphur dioxide,Emission,Fugitive Emissions,tonnes,34.926,QC-MAIN-eac5a52b,,,,Ore processed,1,ore
QC-MAIN-eac5a52b,,Air,Toluene,Emission,Fugitive Emissions,tonnes,45.9972,QC-MAIN-eac5a52b,,,,Ore processed,1,ore
QC-MAIN-eac5a52b,,Air,Total particulate matter,Emission,Fugitive Emissions,tonnes,139.72,QC-MAIN-eac5a52b,,,,Ore processed,1,ore
QC-MAIN-eac5a52b,,Air,Total reduced sulphur (expressed as hydrogen sulphide),Emission,Fugitive Emissions,tonnes,0.98,QC-MAIN-eac5a52b,,,,Ore processed,1,ore
QC-MAIN-eac5a52b,,Air,Volatile Organic Compounds (Total),Emission,Fugitive Emissions,tonnes,143.741,QC-MAIN-eac5a52b,,,,Ore processed,1,ore
ON-MAIN-6664e89b,,Air,Cobalt (and its compounds),Emission,Fugitive Emissions,kg,0.0072,ON-MAIN-6664e89b,,,,Ore processed,1,ore
SK-MAIN-26b9aaf3,,Air,Arsenic (and its compounds),Emission,Fugitive Emissions,kg,0.0532,SK-MAIN-26b9aaf3,,,,Ore processed,1,ore
SK-MAIN-26b9aaf3,,Air,Carbon monoxide,Emission,Fugitive Emissions,tonnes,33.8989,SK-MAIN-26b9aaf3,,,,Ore processed,1,ore
SK-MAIN-26b9aaf3,,Air,Cobalt (and its compounds),Emission,Fugitive Emissions,kg,0.0774,SK-MAIN-26b9aaf3,,,,Ore processed,1,ore
SK-MAIN-26b9aaf3,,Air,Hexavalent chromium (and its compounds),Emission,Fugitive Emissions,kg,1.0659,SK-MAIN-26b9aaf3,,,,Ore processed,1,ore
SK-MAIN-26b9aaf3,,Air,Lead (and its compounds),Emission,Fugitive Emissions,kg,0.0202,SK-MAIN-26b9aaf3,,,,Ore processed,1,ore
SK-MAIN-26b9aaf3,,Air,Nitrogen oxides (expressed as nitrogen dioxide),Emission,Fugitive Emissions,tonnes,111.601,SK-MAIN-26b9aaf3,,,,Ore processed,1,ore
SK-MAIN-26b9aaf3,,Air,PM10 - Particulate Matter <= 10 Micrometers,Emission,Fugitive Emissions,tonnes,8.5556,SK-MAIN-26b9aaf3,,,,Ore processed,1,ore
SK-MAIN-26b9aaf3,,Air,PM2.5 - Particulate Matter <= 2.5 Micrometers,Emission,Fugitive Emissions,tonnes,6.7023,SK-MAIN-26b9aaf3,,,,Ore processed,1,ore
SK-MAIN-26b9aaf3,,Air,Selenium (and its compounds),Emission,Fugitive Emissions,kg,0.0031,SK-MAIN-26b9aaf3,,,,Ore processed,1,ore
SK-MAIN-26b9aaf3,,Air,Sulphur dioxide,Emission,Fugitive Emissions,tonnes,4.6787,SK-MAIN-26b9aaf3,,,,Ore processed,1,ore
SK-MAIN-26b9aaf3,,Air,Total particulate matter,Emission,Fugitive Emissions,tonnes,13.4626,SK-MAIN-26b9aaf3,,,,Ore processed,1,ore
SK-MAIN-26b9aaf3,,Air,Volatile Organic Compounds (Total),Emission,Fugitive Emissions,tonnes,11.4289,SK-MAIN-26b9aaf3,,,,Ore processed,1,ore
SK-MAIN-26b9aaf3,,Air,Zinc (and its compounds),Emission,Fugitive Emissions,tonnes,0.0061,SK-MAIN-26b9aaf3,,,,Ore processed,1,ore
ON-MAIN-21b6ab35,,Air,Arsenic (and its compounds),Emission,Fugitive Emissions,kg,1.2679,ON-MAIN-21b6ab35,,,,Ore processed,1,ore
ON-MAIN-21b6ab35,,Air,Cadmium (and its compounds),Emission,Fugitive Emissions,kg,1.7518,ON-MAIN-21b6ab35,,,,Ore processed,1,ore
ON-MAIN-21b6ab35,,Air,Lead (and its compounds),Emission,Fugitive Emissions,kg,0.0732,ON-MAIN-21b6ab35,,,,Ore processed,1,ore
ON-MAIN-21b6ab35,,Air,Manganese (and its compounds),Emission,Fugitive Emissions,tonnes,0.075,ON-MAIN-21b6ab35,,,,Ore processed,1,ore
ON-MAIN-21b6ab35,,Air,Mercury (and its compounds),Emission,Fugitive Emissions,tonnes,2.5e-06,ON-MAIN-21b6ab35,,,,Ore processed,1,ore
ON-MAIN-21b6ab35,,Air,Nitrogen oxides (expressed as nitrogen dioxide),Emission,Fugitive Emissions,tonnes,0.0017,ON-MAIN-21b6ab35,,,,Ore processed,1,ore
MB-MAIN-b4ca1426,,Air,PM10 - Particulate Matter <= 10 Micrometers,Emission,Fugitive Emissions,tonnes,0.17241,MB-MAIN-b4ca1426,,,,Ore processed,1,ore
ON-MAIN-21b6ab35,,Air,PM10 - Particulate Matter <= 10 Micrometers,Emission,Fugitive Emissions,tonnes,3.6767,ON-MAIN-21b6ab35,,,,Ore processed,1,ore
MB-MAIN-b4ca1426,,Air,PM2.5 - Particulate Matter <= 2.5 Micrometers,Emission,Fugitive Emissions,tonnes,0.17241,MB-MAIN-b4ca1426,,,,Ore processed,1,ore
ON-MAIN-21b6ab35,,Air,PM2.5 - Particulate Matter <= 2.5 Micrometers,Emission,Fugitive Emissions,tonnes,2.7258,ON-MAIN-21b6ab35,,,,Ore processed,1,ore
MB-MAIN-b4ca1426,,Air,Total particulate matter,Emission,Fugitive Emissions,tonnes,0.17241,MB-MAIN-b4ca1426,,,,Ore processed,1,ore
ON-MAIN-21b6ab35,,Air,Total particulate matter,Emission,Fugitive Emissions,tonnes,6.7577,ON-MAIN-21b6ab35,,,,Ore processed,1,ore
MB-MAIN-b4ca1426,,Air,Volatile Organic Compounds (Total),Emission,Fugitive Emissions,tonnes,7.05483,MB-MAIN-b4ca1426,,,,Ore processed,1,ore
ON-MAIN-21b6ab35,,Air,Zinc (and its compounds),Emission,Fugitive Emissions,tonnes,0.6297,ON-MAIN-21b6ab35,,,,Ore processed,1,ore
ON-MAIN-fc6f1a44,,Air,Arsenic (and its compounds),Emission,Fugitive Emissions,kg,0.00168,ON-MAIN-fc6f1a44,,,,Ore processed,1,ore
ON-MAIN-fc6f1a44,,Air,Cadmium (and its compounds),Emission,Fugitive Emissions,kg,7.5e-05,ON-MAIN-fc6f1a44,,,,Ore processed,1,ore
ON-MAIN-fc6f1a44,,Air,Cobalt (and its compounds),Emission,Fugitive Emissions,kg,0.00086,ON-MAIN-fc6f1a44,,,,Ore processed,1,ore
ON-MAIN-fc6f1a44,,Air,Lead (and its compounds),Emission,Fugitive Emissions,kg,0.001297,ON-MAIN-fc6f1a44,,,,Ore processed,1,ore
ON-MAIN-fc6f1a44,,Air,Mercury (and its compounds),Emission,Fugitive Emissions,tonnes,2.5999999999999998e-08,ON-MAIN-fc6f1a44,,,,Ore processed,1,ore
ON-MAIN-fc6f1a44,,Air,PM10 - Particulate Matter <= 10 Micrometers,Emission,Fugitive Emissions,tonnes,0.081346,ON-MAIN-fc6f1a44,,,,Ore processed,1,ore
ON-MAIN-fc6f1a44,,Air,PM2.5 - Particulate Matter <= 2.5 Micrometers,Emission,Fugitive Emissions,tonnes,0.012318,ON-MAIN-fc6f1a44,,,,Ore processed,1,ore
ON-MAIN-fc6f1a44,,Air,Total particulate matter,Emission,Fugitive Emissions,tonnes,0.171988,ON-MAIN-fc6f1a44,,,,Ore processed,1,ore
QC-MAIN-52c01ae4,,Air,Anthracene,Emission,Fugitive Emissions,kg,6.992,QC-MAIN-52c01ae4,,,,Ore processed,1,ore
QC-MAIN-52c01ae4,,Air,Benzo[b]fluoranthene,Emission,Fugitive Emissions,kg,3.627,QC-MAIN-52c01ae4,,,,Ore processed,1,ore
QC-MAIN-52c01ae4,,Air,Benzo[e]pyrene,Emission,Fugitive Emissions,kg,4.37,QC-MAIN-52c01ae4,,,,Ore processed,1,ore
QC-MAIN-52c01ae4,,Air,Benzo[ghi]perylene,Emission,Fugitive Emissions,kg,1.311,QC-MAIN-52c01ae4,,,,Ore processed,1,ore
QC-MAIN-52c01ae4,,Air,Benzo[j]fluoranthene,Emission,Fugitive Emissions,kg,3.627,QC-MAIN-52c01ae4,,,,Ore processed,1,ore
QC-MAIN-52c01ae4,,Air,Benzo[k]fluoranthene,Emission,Fugitive Emissions,kg,3.627,QC-MAIN-52c01ae4,,,,Ore processed,1,ore
QC-MAIN-52c01ae4,,Air,Carbon monoxide,Emission,Fugitive Emissions,tonnes,688.7,QC-MAIN-52c01ae4,,,,Ore processed,1,ore
QC-MAIN-52c01ae4,,Air,Carbonyl sulphide,Emission,Fugitive Emissions,tonnes,4.41,QC-MAIN-52c01ae4,,,,Ore processed,1,ore
QC-MAIN-52c01ae4,,Air,Chrysene,Emission,Fugitive Emissions,kg,8.739,QC-MAIN-52c01ae4,,,,Ore processed,1,ore
QC-MAIN-52c01ae4,,Air,Fluoranthene,Emission,Fugitive Emissions,kg,34.521,QC-MAIN-52c01ae4,,,,Ore processed,1,ore
QC-MAIN-52c01ae4,,Air,Fluorene,Emission,Fugitive Emissions,kg,20.538,QC-MAIN-52c01ae4,,,,Ore processed,1,ore
QC-MAIN-52c01ae4,,Air,Hydrogen fluoride,Emission,Fugitive Emissions,tonnes,108.23,QC-MAIN-52c01ae4,,,,Ore processed,1,ore
QC-MAIN-52c01ae4,,Air,Nitrogen oxides (expressed as nitrogen dioxide),Emission,Fugitive Emissions,tonnes,0.146,QC-MAIN-52c01ae4,,,,Ore processed,1,ore
QC-MAIN-52c01ae4,,Air,Phenanthrene,Emission,Fugitive Emissions,kg,70.353,QC-MAIN-52c01ae4,,,,Ore processed,1,ore
QC-MAIN-52c01ae4,,Air,PM10 - Particulate Matter <= 10 Micrometers,Emission,Fugitive Emissions,tonnes,317.408,QC-MAIN-52c01ae4,,,,Ore processed,1,ore
QC-MAIN-52c01ae4,,Air,PM2.5 - Particulate Matter <= 2.5 Micrometers,Emission,Fugitive Emissions,tonnes,233.563,QC-MAIN-52c01ae4,,,,Ore processed,1,ore
QC-MAIN-52c01ae4,,Air,Pyrene,Emission,Fugitive Emissions,kg,26.218,QC-MAIN-52c01ae4,,,,Ore processed,1,ore
QC-MAIN-52c01ae4,,Air,Sulphur dioxide,Emission,Fugitive Emissions,tonnes,89.445,QC-MAIN-52c01ae4,,,,Ore processed,1,ore
QC-MAIN-52c01ae4,,Air,Total particulate matter,Emission,Fugitive Emissions,tonnes,451.37,QC-MAIN-52c01ae4,,,,Ore processed,1,ore
QC-MAIN-52c01ae4,,Air,Total reduced sulphur (expressed as hydrogen sulphide),Emission,Fugitive Emissions,tonnes,2.5,QC-MAIN-52c01ae4,,,,Ore processed,1,ore
QC-MAIN-52c01ae4,,Air,Volatile Organic Compounds (Total),Emission,Fugitive Emissions,tonnes,161.904,QC-MAIN-52c01ae4,,,,Ore processed,1,ore
AB-MAIN-d3a4aba9,,Air,Ammonia (total),Emission,Fugitive Emissions,tonnes,9.603,AB-MAIN-d3a4aba9,"Ni and Co, refining at The Cobalt Refinery Company Inc.",0.0,inf,Ore processed,1,ore
AB-MAIN-d3a4aba9,,Air,Carbon monoxide,Emission,Fugitive Emissions,tonnes,0.322,AB-MAIN-d3a4aba9,"Ni and Co, refining at The Cobalt Refinery Company Inc.",0.0,inf,Ore processed,1,ore
AB-MAIN-d3a4aba9,,Air,Nitrogen oxides (expressed as nitrogen dioxide),Emission,Fugitive Emissions,tonnes,1.611,AB-MAIN-d3a4aba9,"Ni and Co, refining at The Cobalt Refinery Company Inc.",0.0,inf,Ore processed,1,ore
AB-MAIN-d3a4aba9,,Air,PM10 - Particulate Matter <= 10 Micrometers,Emission,Fugitive Emissions,tonnes,0.286,AB-MAIN-d3a4aba9,"Ni and Co, refining at The Cobalt Refinery Company Inc.",0.0,inf,Ore processed,1,ore
AB-MAIN-d3a4aba9,,Air,PM2.5 - Particulate Matter <= 2.5 Micrometers,Emission,Fugitive Emissions,tonnes,0.251,AB-MAIN-d3a4aba9,"Ni and Co, refining at The Cobalt Refinery Company Inc.",0.0,inf,Ore processed,1,ore
AB-MAIN-d3a4aba9,,Air,Sulphur dioxide,Emission,Fugitive Emissions,tonnes,0.371,AB-MAIN-d3a4aba9,"Ni and Co, refining at The Cobalt Refinery Company Inc.",0.0,inf,Ore processed,1,ore
AB-MAIN-d3a4aba9,,Air,Total particulate matter,Emission,Fugitive Emissions,tonnes,0.489,AB-MAIN-d3a4aba9,"Ni and Co, refining at The Cobalt Refinery Company Inc.",0.0,inf,Ore processed,1,ore
ON-MAIN-020a683c,,Air,Anthracene,Emission,Fugitive Emissions,kg,0.6555,ON-MAIN-020a683c,,,,Ore processed,1,ore
ON-MAIN-020a683c,,Air,Benz[a]anthracene,Emission,Fugitive Emissions,kg,0.3008,ON-MAIN-020a683c,,,,Ore processed,1,ore
ON-MAIN-020a683c,,Air,Benzene,Emission,Fugitive Emissions,tonnes,15.5737,ON-MAIN-020a683c,,,,Ore processed,1,ore
ON-MAIN-020a683c,,Air,Benzo[a]pyrene,Emission,Fugitive Emissions,kg,0.2889,ON-MAIN-020a683c,,,,Ore processed,1,ore
ON-MAIN-020a683c,,Air,Benzo[b]fluoranthene,Emission,Fugitive Emissions,kg,0.284,ON-MAIN-020a683c,,,,Ore processed,1,ore
ON-MAIN-020a683c,,Air,Benzo[e]pyrene,Emission,Fugitive Emissions,kg,0.0116,ON-MAIN-020a683c,,,,Ore processed,1,ore
ON-MAIN-020a683c,,Air,Benzo[ghi]perylene,Emission,Fugitive Emissions,kg,0.0078,ON-MAIN-020a683c,,,,Ore processed,1,ore
ON-MAIN-020a683c,,Air,Benzo[j]fluoranthene,Emission,Fugitive Emissions,kg,0.0194,ON-MAIN-020a683c,,,,Ore processed,1,ore
ON-MAIN-020a683c,,Air,Benzo[k]fluoranthene,Emission,Fugitive Emissions,kg,0.1823,ON-MAIN-020a683c,,,,Ore processed,1,ore
ON-MAIN-020a683c,,Air,Chrysene,Emission,Fugitive Emissions,kg,0.4614,ON-MAIN-020a683c,,,,Ore processed,1,ore
ON-MAIN-020a683c,,Air,"Dibenz[a,h]anthracene",Emission,Fugitive Emissions,kg,0.3224,ON-MAIN-020a683c,,,,Ore processed,1,ore
ON-MAIN-020a683c,,Air,"Dibenzo[a,i]pyrene",Emission,Fugitive Emissions,kg,0.2889,ON-MAIN-020a683c,,,,Ore processed,1,ore
ON-MAIN-020a683c,,Air,Ethylene,Emission,Fugitive Emissions,tonnes,15.0107,ON-MAIN-020a683c,,,,Ore processed,1,ore
ON-MAIN-020a683c,,Air,Fluoranthene,Emission,Fugitive Emissions,kg,0.607,ON-MAIN-020a683c,,,,Ore processed,1,ore
ON-MAIN-020a683c,,Air,Hydrogen sulphide,Emission,Fugitive Emissions,tonnes,0.471286,ON-MAIN-020a683c,,,,Ore processed,1,ore
ON-MAIN-020a683c,,Air,"Indeno[1,2,3-cd]pyrene",Emission,Fugitive Emissions,kg,0.1092,ON-MAIN-020a683c,,,,Ore processed,1,ore
ON-MAIN-020a683c,,Air,Mercury (and its compounds),Emission,Fugitive Emissions,tonnes,0.0157095,ON-MAIN-020a683c,,,,Ore processed,1,ore
ON-MAIN-020a683c,,Air,Methanol,Emission,Fugitive Emissions,tonnes,12.0549,ON-MAIN-020a683c,,,,Ore processed,1,ore
ON-MAIN-020a683c,,Air,Naphthalene,Emission,Fugitive Emissions,tonnes,1.8677,ON-MAIN-020a683c,,,,Ore processed,1,ore
ON-MAIN-020a683c,,Air,Nitrogen oxides (expressed as nitrogen dioxide),Emission,Fugitive Emissions,tonnes,7.2974,ON-MAIN-020a683c,,,,Ore processed,1,ore
ON-MAIN-020a683c,,Air,Perylene,Emission,Fugitive Emissions,kg,0.0771,ON-MAIN-020a683c,,,,Ore processed,1,ore
ON-MAIN-020a683c,,Air,Phenanthrene,Emission,Fugitive Emissions,kg,0.9468,ON-MAIN-020a683c,,,,Ore processed,1,ore
ON-MAIN-020a683c,,Air,PM10 - Particulate Matter <= 10 Micrometers,Emission,Fugitive Emissions,tonnes,44.6241,ON-MAIN-020a683c,,,,Ore processed,1,ore
ON-MAIN-020a683c,,Air,PM2.5 - Particulate Matter <= 2.5 Micrometers,Emission,Fugitive Emissions,tonnes,14.7988,ON-MAIN-020a683c,,,,Ore processed,1,ore
ON-MAIN-020a683c,,Air,Pyrene,Emission,Fugitive Emissions,kg,0.5082,ON-MAIN-020a683c,,,,Ore processed,1,ore
ON-MAIN-020a683c,,Air,Styrene,Emission,Fugitive Emissions,tonnes,0.042099,ON-MAIN-020a683c,,,,Ore processed,1,ore
ON-MAIN-020a683c,,Air,Sulphur dioxide,Emission,Fugitive Emissions,tonnes,41.6783,ON-MAIN-020a683c,,,,Ore processed,1,ore
ON-MAIN-020a683c,,Air,Toluene,Emission,Fugitive Emissions,tonnes,0.767618,ON-MAIN-020a683c,,,,Ore processed,1,ore
ON-MAIN-020a683c,,Air,Total particulate matter,Emission,Fugitive Emissions,tonnes,83.5882,ON-MAIN-020a683c,,,,Ore processed,1,ore
ON-MAIN-020a683c,,Air,Total reduced sulphur (expressed as hydrogen sulphide),Emission,Fugitive Emissions,tonnes,0.471287,ON-MAIN-020a683c,,,,Ore processed,1,ore
ON-MAIN-020a683c,,Air,Volatile Organic Compounds (Total),Emission,Fugitive Emissions,tonnes,89.5452,ON-MAIN-020a683c,,,,Ore processed,1,ore
BC-MAIN-3bb6b7cd,,Air,Antimony (and its compounds),Emission,Fugitive Emissions,tonnes,0.017,BC-MAIN-3bb6b7cd,"Zn, refining at Trail",0.0,inf,Ore processed,1,ore
BC-MAIN-3bb6b7cd,,Air,Arsenic (and its compounds),Emission,Fugitive Emissions,kg,16.51,BC-MAIN-3bb6b7cd,"Zn, refining at Trail",0.0,inf,Ore processed,1,ore
BC-MAIN-3bb6b7cd,,Air,Cadmium (and its compounds),Emission,Fugitive Emissions,kg,6.17,BC-MAIN-3bb6b7cd,"Zn, refining at Trail",0.0,inf,Ore processed,1,ore
BC-MAIN-3bb6b7cd,,Air,Cobalt (and its compounds),Emission,Fugitive Emissions,kg,0.002,BC-MAIN-3bb6b7cd,"Zn, refining at Trail",0.0,inf,Ore processed,1,ore
BC-MAIN-3bb6b7cd,,Air,Copper (and its compounds),Emission,Fugitive Emissions,tonnes,0.0076,BC-MAIN-3bb6b7cd,"Zn, refining at Trail",0.0,inf,Ore processed,1,ore
BC-MAIN-3bb6b7cd,,Air,Lead (and its compounds),Emission,Fugitive Emissions,kg,311.76,BC-MAIN-3bb6b7cd,"Zn, refining at Trail",0.0,inf,Ore processed,1,ore
BC-MAIN-3bb6b7cd,,Air,Manganese (and its compounds),Emission,Fugitive Emissions,tonnes,0.0019,BC-MAIN-3bb6b7cd,"Zn, refining at Trail",0.0,inf,Ore processed,1,ore
BC-MAIN-3bb6b7cd,,Air,Mercury (and its compounds),Emission,Fugitive Emissions,tonnes,2.6e-06,BC-MAIN-3bb6b7cd,"Zn, refining at Trail",0.0,inf,Ore processed,1,ore
BC-MAIN-3bb6b7cd,,Air,PM10 - Particulate Matter <= 10 Micrometers,Emission,Fugitive Emissions,tonnes,1.198,BC-MAIN-3bb6b7cd,"Zn, refining at Trail",0.0,inf,Ore processed,1,ore
BC-MAIN-3bb6b7cd,,Air,PM2.5 - Particulate Matter <= 2.5 Micrometers,Emission,Fugitive Emissions,tonnes,0.646,BC-MAIN-3bb6b7cd,"Zn, refining at Trail",0.0,inf,Ore processed,1,ore
BC-MAIN-3bb6b7cd,,Air,Silver (and its compounds),Emission,Fugitive Emissions,tonnes,0.0017,BC-MAIN-3bb6b7cd,"Zn, refining at Trail",0.0,inf,Ore processed,1,ore
BC-MAIN-3bb6b7cd,,Air,Total particulate matter,Emission,Fugitive Emissions,tonnes,1.307,BC-MAIN-3bb6b7cd,"Zn, refining at Trail",0.0,inf,Ore processed,1,ore
BC-MAIN-3bb6b7cd,,Air,Zinc (and its compounds),Emission,Fugitive Emissions,tonnes,0.18,BC-MAIN-3bb6b7cd,"Zn, refining at Trail",0.0,inf,Ore processed,1,ore
AB-MAIN-d3a4aba9,,Air,Ammonia (total),Emission,Fugitive Emissions,tonnes,9.187,AB-MAIN-d3a4aba9,"Ni and Co, refining at The Cobalt Refinery Company Inc.",0.0,inf,Ore processed,1,ore
AB-MAIN-d3a4aba9,,Air,Cobalt (and its compounds),Emission,Fugitive Emissions,kg,119.042,AB-MAIN-d3a4aba9,"Ni and Co, refining at The Cobalt Refinery Company Inc.",0.0,inf,Ore processed,1,ore
AB-MAIN-d3a4aba9,,Air,Nickel (and its compounds),Emission,Fugitive Emissions,tonnes,1.216,AB-MAIN-d3a4aba9,"Ni and Co, refining at The Cobalt Refinery Company Inc.",0.0,inf,Ore processed,1,ore
AB-MAIN-d3a4aba9,,Air,PM10 - Particulate Matter <= 10 Micrometers,Emission,Fugitive Emissions,tonnes,3.861,AB-MAIN-d3a4aba9,"Ni and Co, refining at The Cobalt Refinery Company Inc.",0.0,inf,Ore processed,1,ore
AB-MAIN-d3a4aba9,,Air,PM2.5 - Particulate Matter <= 2.5 Micrometers,Emission,Fugitive Emissions,tonnes,0.967,AB-MAIN-d3a4aba9,"Ni and Co, refining at The Cobalt Refinery Company Inc.",0.0,inf,Ore processed,1,ore
AB-MAIN-d3a4aba9,,Air,Total particulate matter,Emission,Fugitive Emissions,tonnes,4.58,AB-MAIN-d3a4aba9,"Ni and Co, refining at The Cobalt Refinery Company Inc.",0.0,inf,Ore processed,1,ore
AB-MAIN-d3a4aba9,,Air,Total reduced sulphur (expressed as hydrogen sulphide),Emission,Fugitive Emissions,tonnes,0.003,AB-MAIN-d3a4aba9,"Ni and Co, refining at The Cobalt Refinery Company Inc.",0.0,inf,Ore processed,1,ore
AB-MAIN-d3a4aba9,,Air,Zinc (and its compounds),Emission,Fugitive Emissions,tonnes,0.02,AB-MAIN-d3a4aba9,"Ni and Co, refining at The Cobalt Refinery Company Inc.",0.0,inf,Ore processed,1,ore
ON-MAIN-387b06fe,,Air,Cadmium (and its compounds),Emission,Fugitive Emissions,kg,3.0,ON-MAIN-387b06fe,,,,Ore processed,1,ore
ON-MAIN-387b06fe,,Air,Calcium fluoride,Emission,Fugitive Emissions,tonnes,0.245,ON-MAIN-387b06fe,,,,Ore processed,1,ore
ON-MAIN-387b06fe,,Air,Chromium (and its compounds),Emission,Fugitive Emissions,tonnes,0.021,ON-MAIN-387b06fe,,,,Ore processed,1,ore
ON-MAIN-387b06fe,,Air,Cobalt (and its compounds),Emission,Fugitive Emissions,kg,2.1,ON-MAIN-387b06fe,,,,Ore processed,1,ore
ON-MAIN-387b06fe,,Air,Copper (and its compounds),Emission,Fugitive Emissions,tonnes,0.031,ON-MAIN-387b06fe,,,,Ore processed,1,ore
ON-MAIN-387b06fe,,Air,Dioxins and furans - total,Emission,Fugitive Emissions,g TEQ,0.03911,ON-MAIN-387b06fe,,,,Ore processed,1,ore
ON-MAIN-387b06fe,,Air,Lead (and its compounds),Emission,Fugitive Emissions,kg,26.9,ON-MAIN-387b06fe,,,,Ore processed,1,ore
ON-MAIN-387b06fe,,Air,Manganese (and its compounds),Emission,Fugitive Emissions,tonnes,0.084,ON-MAIN-387b06fe,,,,Ore processed,1,ore
ON-MAIN-387b06fe,,Air,Mercury (and its compounds),Emission,Fugitive Emissions,tonnes,0.0031000000000000003,ON-MAIN-387b06fe,,,,Ore processed,1,ore
ON-MAIN-387b06fe,,Air,Nickel (and its compounds),Emission,Fugitive Emissions,tonnes,0.03,ON-MAIN-387b06fe,,,,Ore processed,1,ore
ON-MAIN-387b06fe,,Air,PM10 - Particulate Matter <= 10 Micrometers,Emission,Fugitive Emissions,tonnes,3.37,ON-MAIN-387b06fe,,,,Ore processed,1,ore
ON-MAIN-387b06fe,,Air,PM2.5 - Particulate Matter <= 2.5 Micrometers,Emission,Fugitive Emissions,tonnes,2.2,ON-MAIN-387b06fe,,,,Ore processed,1,ore
ON-MAIN-387b06fe,,Air,Zinc (and its compounds),Emission,Fugitive Emissions,tonnes,0.362,ON-MAIN-387b06fe,,,,Ore processed,1,ore
ON-MAIN-eab8c362,,Air,Carbon monoxide,Emission,Spills,tonnes,14.315,ON-MAIN-eab8c362,,,,Ore processed,1,ore
SK-MAIN-26b9aaf3,,Air,Carbon monoxide,Emission,Spills,tonnes,1.2948,SK-MAIN-26b9aaf3,,,,Ore processed,1,ore
SK-MAIN-26b9aaf3,,Air,Nitrogen oxides (expressed as nitrogen dioxide),Emission,Spills,tonnes,0.23,SK-MAIN-26b9aaf3,,,,Ore processed,1,ore
SK-MAIN-26b9aaf3,,Air,PM10 - Particulate Matter <= 10 Micrometers,Emission,Spills,tonnes,0.2349,SK-MAIN-26b9aaf3,,,,Ore processed,1,ore
SK-MAIN-26b9aaf3,,Air,PM2.5 - Particulate Matter <= 2.5 Micrometers,Emission,Spills,tonnes,0.2355,SK-MAIN-26b9aaf3,,,,Ore processed,1,ore
SK-MAIN-26b9aaf3,,Air,Sulphur dioxide,Emission,Spills,tonnes,0.0995,SK-MAIN-26b9aaf3,,,,Ore processed,1,ore
SK-MAIN-26b9aaf3,,Air,Total particulate matter,Emission,Spills,tonnes,0.7589,SK-MAIN-26b9aaf3,,,,Ore processed,1,ore
SK-MAIN-26b9aaf3,,Air,Volatile Organic Compounds (Total),Emission,Spills,tonnes,0.322,SK-MAIN-26b9aaf3,,,,Ore processed,1,ore
AB-MAIN-d3a4aba9,,Air,Ammonia (total),Emission,Spills,tonnes,0.048,AB-MAIN-d3a4aba9,"Ni and Co, refining at The Cobalt Refinery Company Inc.",0.0,inf,Ore processed,1,ore
QC-MAIN-c8966bdc,,Air,Chrysene,Emission,Other,kg,0.129,QC-MAIN-c8966bdc,,,,Ore processed,1,ore
ON-MAIN-4c35e094,,Air,"1,2,4-Trimethylbenzene",Emission,Other,tonnes,0.204141,ON-MAIN-4c35e094,,,,Ore processed,1,ore
ON-MAIN-4c35e094,,Air,Calcium fluoride,Emission,Other,tonnes,0.000497,ON-MAIN-4c35e094,,,,Ore processed,1,ore
ON-MAIN-4c35e094,,Air,Ethylbenzene,Emission,Other,tonnes,0.067606,ON-MAIN-4c35e094,,,,Ore processed,1,ore
ON-MAIN-4c35e094,,Air,Ethylene glycol,Emission,Other,tonnes,0.000969,ON-MAIN-4c35e094,,,,Ore processed,1,ore
ON-MAIN-4c35e094,,Air,Methanol,Emission,Other,tonnes,0.000248,ON-MAIN-4c35e094,,,,Ore processed,1,ore
ON-MAIN-4c35e094,,Air,Naphthalene,Emission,Other,tonnes,0.007899,ON-MAIN-4c35e094,,,,Ore processed,1,ore
ON-MAIN-4c35e094,,Air,Toluene,Emission,Other,tonnes,0.453626,ON-MAIN-4c35e094,,,,Ore processed,1,ore
ON-MAIN-4c35e094,,Air,Xylene (all isomers),Emission,Other,tonnes,0.417814,ON-MAIN-4c35e094,,,,Ore processed,1,ore
ON-MAIN-bddeaef0,,Air,PM10 - Particulate Matter <= 10 Micrometers,Emission,Other,tonnes,0.088,ON-MAIN-bddeaef0,,,,Ore processed,1,ore
ON-MAIN-020a683c,,Air,Anthracene,Emission,Other,kg,0.087367,ON-MAIN-020a683c,,,,Ore processed,1,ore
ON-MAIN-020a683c,,Air,Benz[a]anthracene,Emission,Other,kg,0.2668,ON-MAIN-020a683c,,,,Ore processed,1,ore
ON-MAIN-020a683c,,Air,Benzo[a]pyrene,Emission,Other,kg,0.1675,ON-MAIN-020a683c,,,,Ore processed,1,ore
ON-MAIN-020a683c,,Air,Benzo[b]fluoranthene,Emission,Other,kg,0.3164,ON-MAIN-020a683c,,,,Ore processed,1,ore
ON-MAIN-020a683c,,Air,Benzo[e]pyrene,Emission,Other,kg,0.2089,ON-MAIN-020a683c,,,,Ore processed,1,ore
ON-MAIN-020a683c,,Air,Benzo[ghi]perylene,Emission,Other,kg,0.1786,ON-MAIN-020a683c,,,,Ore processed,1,ore
ON-MAIN-020a683c,,Air,Benzo[j]fluoranthene,Emission,Other,kg,0.1256,ON-MAIN-020a683c,,,,Ore processed,1,ore
ON-MAIN-020a683c,,Air,Benzo[k]fluoranthene,Emission,Other,kg,0.1608,ON-MAIN-020a683c,,,,Ore processed,1,ore
ON-MAIN-020a683c,,Air,Chromium (and its compounds),Emission,Other,tonnes,0.060816,ON-MAIN-020a683c,,,,Ore processed,1,ore
ON-MAIN-020a683c,,Air,Chrysene,Emission,Other,kg,0.3941,ON-MAIN-020a683c,,,,Ore processed,1,ore
ON-MAIN-020a683c,,Air,"Dibenz[a,h]anthracene",Emission,Other,kg,0.0463,ON-MAIN-020a683c,,,,Ore processed,1,ore
ON-MAIN-020a683c,,Air,"Dibenzo[a,i]pyrene",Emission,Other,kg,0.0039,ON-MAIN-020a683c,,,,Ore processed,1,ore
ON-MAIN-020a683c,,Air,Fluoranthene,Emission,Other,kg,0.7299,ON-MAIN-020a683c,,,,Ore processed,1,ore
ON-MAIN-020a683c,,Air,"Indeno[1,2,3-cd]pyrene",Emission,Other,kg,0.2225,ON-MAIN-020a683c,,,,Ore processed,1,ore
ON-MAIN-020a683c,,Air,Lead (and its compounds),Emission,Other,kg,15.7958,ON-MAIN-020a683c,,,,Ore processed,1,ore
ON-MAIN-020a683c,,Air,Manganese (and its compounds),Emission,Other,tonnes,1.33842,ON-MAIN-020a683c,,,,Ore processed,1,ore
ON-MAIN-020a683c,,Air,Naphthalene,Emission,Other,tonnes,0.000298,ON-MAIN-020a683c,,,,Ore processed,1,ore
ON-MAIN-020a683c,,Air,Perylene,Emission,Other,kg,0.0425,ON-MAIN-020a683c,,,,Ore processed,1,ore
ON-MAIN-020a683c,,Air,Phenanthrene,Emission,Other,kg,0.5,ON-MAIN-020a683c,,,,Ore processed,1,ore
ON-MAIN-020a683c,,Air,Phosphorus (total),Emission,Other,tonnes,0.062857,ON-MAIN-020a683c,,,,Ore processed,1,ore
ON-MAIN-020a683c,,Air,PM10 - Particulate Matter <= 10 Micrometers,Emission,Other,tonnes,2.2242,ON-MAIN-020a683c,,,,Ore processed,1,ore
ON-MAIN-020a683c,,Air,PM2.5 - Particulate Matter <= 2.5 Micrometers,Emission,Other,tonnes,0.3988,ON-MAIN-020a683c,,,,Ore processed,1,ore
ON-MAIN-020a683c,,Air,Pyrene,Emission,Other,kg,0.5161,ON-MAIN-020a683c,,,,Ore processed,1,ore
ON-MAIN-020a683c,,Air,Selenium (and its compounds),Emission,Other,kg,0.1791,ON-MAIN-020a683c,,,,Ore processed,1,ore
ON-MAIN-020a683c,,Air,Total particulate matter,Emission,Other,tonnes,111.9309,ON-MAIN-020a683c,,,,Ore processed,1,ore
ON-MAIN-020a683c,,Air,Zinc (and its compounds),Emission,Other,tonnes,0.081811,ON-MAIN-020a683c,,,,Ore processed,1,ore
AB-MAIN-d3a4aba9,,Air,Ammonia (total),Emission,Other,tonnes,215.454,AB-MAIN-d3a4aba9,"Ni and Co, refining at The Cobalt Refinery Company Inc.",0.0,inf,Ore processed,1,ore
ON-MAIN-eab8c362,,Water,Ammonia (total),Emission,Direct Discharge,tonnes,17.515,ON-MAIN-eab8c362,,,,Ore processed,1,ore
ON-MAIN-eab8c362,,Water,Benzene,Emission,Direct Discharge,tonnes,0.014526,ON-MAIN-eab8c362,,,,Ore processed,1,ore
ON-MAIN-eab8c362,,Water,Benzo[a]pyrene,Emission,Direct Discharge,kg,3.12,ON-MAIN-eab8c362,,,,Ore processed,1,ore
ON-MAIN-eab8c362,,Water,Lead (and its compounds),Emission,Direct Discharge,kg,98.092,ON-MAIN-eab8c362,,,,Ore processed,1,ore
ON-MAIN-eab8c362,,Water,Manganese (and its compounds),Emission,Direct Discharge,tonnes,1.511,ON-MAIN-eab8c362,,,,Ore processed,1,ore
ON-MAIN-eab8c362,,Water,Naphthalene,Emission,Direct Discharge,tonnes,0.007,ON-MAIN-eab8c362,,,,Ore processed,1,ore
ON-MAIN-eab8c362,,Water,Nickel (and its compounds),Emission,Direct Discharge,tonnes,0.865,ON-MAIN-eab8c362,,,,Ore processed,1,ore
ON-MAIN-eab8c362,,Water,Nitrate ion in solution at pH >= 6.0,Emission,Direct Discharge,tonnes,118.885,ON-MAIN-eab8c362,,,,Ore processed,1,ore
ON-MAIN-eab8c362,,Water,Zinc (and its compounds),Emission,Direct Discharge,tonnes,4.586,ON-MAIN-eab8c362,,,,Ore processed,1,ore
AB-MAIN-9fed34a8,,Water,Arsenic (and its compounds),Emission,Direct Discharge,kg,0.335,AB-MAIN-9fed34a8,,,,Ore processed,1,ore
AB-MAIN-9fed34a8,,Water,Cadmium (and its compounds),Emission,Direct Discharge,kg,0.0202,AB-MAIN-9fed34a8,,,,Ore processed,1,ore
AB-MAIN-9fed34a8,,Water,Chromium (and its compounds),Emission,Direct Discharge,tonnes,0.0006,AB-MAIN-9fed34a8,,,,Ore processed,1,ore
AB-MAIN-9fed34a8,,Water,Copper (and its compounds),Emission,Direct Discharge,tonnes,0.0004,AB-MAIN-9fed34a8,,,,Ore processed,1,ore
AB-MAIN-9fed34a8,,Water,Lead (and its compounds),Emission,Direct Discharge,kg,0.0806,AB-MAIN-9fed34a8,,,,Ore processed,1,ore
AB-MAIN-9fed34a8,,Water,Manganese (and its compounds),Emission,Direct Discharge,tonnes,0.0069,AB-MAIN-9fed34a8,,,,Ore processed,1,ore
AB-MAIN-9fed34a8,,Water,Mercury (and its compounds),Emission,Direct Discharge,tonnes,2.0000000000000002e-07,AB-MAIN-9fed34a8,,,,Ore processed,1,ore
AB-MAIN-9fed34a8,,Water,Nickel (and its compounds),Emission,Direct Discharge,tonnes,0.0013,AB-MAIN-9fed34a8,,,,Ore processed,1,ore
AB-MAIN-9fed34a8,,Water,Selenium (and its compounds),Emission,Direct Discharge,kg,0.0845,AB-MAIN-9fed34a8,,,,Ore processed,1,ore
AB-MAIN-9fed34a8,,Water,Vanadium (and its compounds),Emission,Direct Discharge,tonnes,0.0016,AB-MAIN-9fed34a8,,,,Ore processed,1,ore
AB-MAIN-9fed34a8,,Water,Zinc (and its compounds),Emission,Direct Discharge,tonnes,0.0008,AB-MAIN-9fed34a8,,,,Ore processed,1,ore
ON-MAIN-4c35e094,,Water,Ammonia (total),Emission,Direct Discharge,tonnes,37.1129,ON-MAIN-4c35e094,,,,Ore processed,1,ore
ON-MAIN-4c35e094,,Water,Antimony (and its compounds),Emission,Direct Discharge,tonnes,0.097695,ON-MAIN-4c35e094,,,,Ore processed,1,ore
ON-MAIN-4c35e094,,Water,Arsenic (and its compounds),Emission,Direct Discharge,kg,13.323,ON-MAIN-4c35e094,,,,Ore processed,1,ore
ON-MAIN-4c35e094,,Water,Benzene,Emission,Direct Discharge,tonnes,0.000192,ON-MAIN-4c35e094,,,,Ore processed,1,ore
ON-MAIN-4c35e094,,Water,Chromium (and its compounds),Emission,Direct Discharge,tonnes,0.061613,ON-MAIN-4c35e094,,,,Ore processed,1,ore
ON-MAIN-4c35e094,,Water,Copper (and its compounds),Emission,Direct Discharge,tonnes,0.082353,ON-MAIN-4c35e094,,,,Ore processed,1,ore
ON-MAIN-4c35e094,,Water,Hexavalent chromium (and its compounds),Emission,Direct Discharge,kg,0.641,ON-MAIN-4c35e094,,,,Ore processed,1,ore
ON-MAIN-4c35e094,,Water,Lead (and its compounds),Emission,Direct Discharge,kg,107.437,ON-MAIN-4c35e094,,,,Ore processed,1,ore
ON-MAIN-4c35e094,,Water,Manganese (and its compounds),Emission,Direct Discharge,tonnes,0.642125,ON-MAIN-4c35e094,,,,Ore processed,1,ore
ON-MAIN-4c35e094,,Water,Naphthalene,Emission,Direct Discharge,tonnes,0.000212,ON-MAIN-4c35e094,,,,Ore processed,1,ore
ON-MAIN-4c35e094,,Water,Nickel (and its compounds),Emission,Direct Discharge,tonnes,0.04278,ON-MAIN-4c35e094,,,,Ore processed,1,ore
ON-MAIN-4c35e094,,Water,Phenol (and its salts),Emission,Direct Discharge,tonnes,0.064439,ON-MAIN-4c35e094,,,,Ore processed,1,ore
ON-MAIN-4c35e094,,Water,Phosphorus (total),Emission,Direct Discharge,tonnes,0.554008,ON-MAIN-4c35e094,,,,Ore processed,1,ore
ON-MAIN-4c35e094,,Water,Vanadium (and its compounds),Emission,Direct Discharge,tonnes,0.022505,ON-MAIN-4c35e094,,,,Ore processed,1,ore
ON-MAIN-4c35e094,,Water,Zinc (and its compounds),Emission,Direct Discharge,tonnes,1.487855,ON-MAIN-4c35e094,,,,Ore processed,1,ore
ON-MAIN-020a683c,,Water,Lead (and its compounds),Emission,Direct Discharge,kg,0.387,ON-MAIN-020a683c,,,,Ore processed,1,ore
ON-MAIN-6664e89b,,Water,Cobalt (and its compounds),Emission,Direct Discharge,kg,1.6,ON-MAIN-6664e89b,,,,Ore processed,1,ore
ON-MAIN-21b6ab35,,Water,Arsenic (and its compounds),Emission,Direct Discharge,kg,0.9496,ON-MAIN-21b6ab35,,,,Ore processed,1,ore
ON-MAIN-21b6ab35,,Water,Cadmium (and its compounds),Emission,Direct Discharge,kg,0.0228,ON-MAIN-21b6ab35,,,,Ore processed,1,ore
MB-MAIN-b4ca1426,,Water,Lead (and its compounds),Emission,Direct Discharge,kg,12.9271,MB-MAIN-b4ca1426,,,,Ore processed,1,ore
ON-MAIN-21b6ab35,,Water,Lead (and its compounds),Emission,Direct Discharge,kg,0.4074,ON-MAIN-21b6ab35,,,,Ore processed,1,ore
MB-MAIN-b4ca1426,,Water,Manganese (and its compounds),Emission,Direct Discharge,tonnes,0.0723,MB-MAIN-b4ca1426,,,,Ore processed,1,ore
ON-MAIN-21b6ab35,,Water,Manganese (and its compounds),Emission,Direct Discharge,tonnes,0.0346,ON-MAIN-21b6ab35,,,,Ore processed,1,ore
MB-MAIN-b4ca1426,,Water,Mercury (and its compounds),Emission,Direct Discharge,tonnes,6.8e-06,MB-MAIN-b4ca1426,,,,Ore processed,1,ore
MB-MAIN-b4ca1426,,Water,Selenium (and its compounds),Emission,Direct Discharge,kg,4.2064,MB-MAIN-b4ca1426,,,,Ore processed,1,ore
MB-MAIN-b4ca1426,,Water,Zinc (and its compounds),Emission,Direct Discharge,tonnes,0.523,MB-MAIN-b4ca1426,,,,Ore processed,1,ore
ON-MAIN-21b6ab35,,Water,Zinc (and its compounds),Emission,Direct Discharge,tonnes,0.0038,ON-MAIN-21b6ab35,,,,Ore processed,1,ore
QC-MAIN-52c01ae4,,Water,Benz[a]anthracene,Emission,Direct Discharge,kg,0.013,QC-MAIN-52c01ae4,,,,Ore processed,1,ore
QC-MAIN-52c01ae4,,Water,Benzo[a]pyrene,Emission,Direct Discharge,kg,0.018,QC-MAIN-52c01ae4,,,,Ore processed,1,ore
QC-MAIN-52c01ae4,,Water,Benzo[b]fluoranthene,Emission,Direct Discharge,kg,0.019,QC-MAIN-52c01ae4,,,,Ore processed,1,ore
QC-MAIN-52c01ae4,,Water,Benzo[j]fluoranthene,Emission,Direct Discharge,kg,0.019,QC-MAIN-52c01ae4,,,,Ore processed,1,ore
QC-MAIN-52c01ae4,,Water,Benzo[k]fluoranthene,Emission,Direct Discharge,kg,0.012,QC-MAIN-52c01ae4,,,,Ore processed,1,ore
QC-MAIN-52c01ae4,,Water,Chrysene,Emission,Direct Discharge,kg,0.026,QC-MAIN-52c01ae4,,,,Ore processed,1,ore
QC-MAIN-52c01ae4,,Water,"Dibenzo[a,i]pyrene",Emission,Direct Discharge,kg,0.004,QC-MAIN-52c01ae4,,,,Ore processed,1,ore
QC-MAIN-52c01ae4,,Water,"Indeno[1,2,3-cd]pyrene",Emission,Direct Discharge,kg,0.016,QC-MAIN-52c01ae4,,,,Ore processed,1,ore
ON-MAIN-020a683c,,Water,Benzo[a]pyrene,Emission,Direct Discharge,kg,1.0,ON-MAIN-020a683c,,,,Ore processed,1,ore
ON-MAIN-020a683c,,Water,Chromium (and its compounds),Emission,Direct Discharge,tonnes,0.1424,ON-MAIN-020a683c,,,,Ore processed,1,ore
ON-MAIN-020a683c,,Water,Lead (and its compounds),Emission,Direct Discharge,kg,27.6,ON-MAIN-020a683c,,,,Ore processed,1,ore
ON-MAIN-020a683c,,Water,Naphthalene,Emission,Direct Discharge,tonnes,0.0007,ON-MAIN-020a683c,,,,Ore processed,1,ore
ON-MAIN-020a683c,,Water,Phosphorus (total),Emission,Direct Discharge,tonnes,0.6492,ON-MAIN-020a683c,,,,Ore processed,1,ore
ON-MAIN-020a683c,,Water,Zinc (and its compounds),Emission,Direct Discharge,tonnes,0.2709,ON-MAIN-020a683c,,,,Ore processed,1,ore
BC-MAIN-3bb6b7cd,,Water,Ammonia (total),Emission,Direct Discharge,tonnes,14.58,BC-MAIN-3bb6b7cd,"Zn, refining at Trail",0.0,inf,Ore processed,1,ore
BC-MAIN-3bb6b7cd,,Water,Antimony (and its compounds),Emission,Direct Discharge,tonnes,1.2651,BC-MAIN-3bb6b7cd,"Zn, refining at Trail",0.0,inf,Ore processed,1,ore
BC-MAIN-3bb6b7cd,,Water,Arsenic (and its compounds),Emission,Direct Discharge,kg,325.12,BC-MAIN-3bb6b7cd,"Zn, refining at Trail",0.0,inf,Ore processed,1,ore
BC-MAIN-3bb6b7cd,,Water,Cadmium (and its compounds),Emission,Direct Discharge,kg,68.41,BC-MAIN-3bb6b7cd,"Zn, refining at Trail",0.0,inf,Ore processed,1,ore
BC-MAIN-3bb6b7cd,,Water,Copper (and its compounds),Emission,Direct Discharge,tonnes,0.1743,BC-MAIN-3bb6b7cd,"Zn, refining at Trail",0.0,inf,Ore processed,1,ore
BC-MAIN-3bb6b7cd,,Water,Lead (and its compounds),Emission,Direct Discharge,kg,560.19,BC-MAIN-3bb6b7cd,"Zn, refining at Trail",0.0,inf,Ore processed,1,ore
BC-MAIN-3bb6b7cd,,Water,Manganese (and its compounds),Emission,Direct Discharge,tonnes,1.3275,BC-MAIN-3bb6b7cd,"Zn, refining at Trail",0.0,inf,Ore processed,1,ore
BC-MAIN-3bb6b7cd,,Water,Mercury (and its compounds),Emission,Direct Discharge,tonnes,0.00165,BC-MAIN-3bb6b7cd,"Zn, refining at Trail",0.0,inf,Ore processed,1,ore
BC-MAIN-3bb6b7cd,,Water,Nitrate ion in solution at pH >= 6.0,Emission,Direct Discharge,tonnes,3.52,BC-MAIN-3bb6b7cd,"Zn, refining at Trail",0.0,inf,Ore processed,1,ore
BC-MAIN-3bb6b7cd,,Water,Selenium (and its compounds),Emission,Direct Discharge,kg,760.78,BC-MAIN-3bb6b7cd,"Zn, refining at Trail",0.0,inf,Ore processed,1,ore
BC-MAIN-3bb6b7cd,,Water,Thallium (and its compounds),Emission,Direct Discharge,kg,398.28,BC-MAIN-3bb6b7cd,"Zn, refining at Trail",0.0,inf,Ore processed,1,ore
BC-MAIN-3bb6b7cd,,Water,Zinc (and its compounds),Emission,Direct Discharge,tonnes,4.0,BC-MAIN-3bb6b7cd,"Zn, refining at Trail",0.0,inf,Ore processed,1,ore
ON-MAIN-2e13aaa0,,Water,Arsenic (and its compounds),Emission,Direct Discharge,kg,504.0,ON-MAIN-2e13aaa0,,,,Ore processed,1,ore
ON-MAIN-2e13aaa0,,Water,Cadmium (and its compounds),Emission,Direct Discharge,kg,0.07,ON-MAIN-2e13aaa0,,,,Ore processed,1,ore
ON-MAIN-2e13aaa0,,Water,Cobalt (and its compounds),Emission,Direct Discharge,kg,104.7,ON-MAIN-2e13aaa0,,,,Ore processed,1,ore
ON-MAIN-2e13aaa0,,Water,Copper (and its compounds),Emission,Direct Discharge,tonnes,0.08,ON-MAIN-2e13aaa0,,,,Ore processed,1,ore
ON-MAIN-2e13aaa0,,Water,Lead (and its compounds),Emission,Direct Discharge,kg,4.37,ON-MAIN-2e13aaa0,,,,Ore processed,1,ore
ON-MAIN-2e13aaa0,,Water,Nickel (and its compounds),Emission,Direct Discharge,tonnes,0.84,ON-MAIN-2e13aaa0,,,,Ore processed,1,ore
ON-MAIN-2e13aaa0,,Water,Selenium (and its compounds),Emission,Direct Discharge,kg,187.17,ON-MAIN-2e13aaa0,,,,Ore processed,1,ore
NL-MAIN-d9036091,,Water,Copper (and its compounds),Emission,Direct Discharge,tonnes,0.017867,NL-MAIN-d9036091,"Ni, refining at Long Harbour",0.0,inf,Ore processed,1,ore
NL-MAIN-d9036091,,Water,Lead (and its compounds),Emission,Direct Discharge,kg,4.1359,NL-MAIN-d9036091,"Ni, refining at Long Harbour",0.0,inf,Ore processed,1,ore
NL-MAIN-d9036091,,Water,Nickel (and its compounds),Emission,Direct Discharge,tonnes,0.428025,NL-MAIN-d9036091,"Ni, refining at Long Harbour",0.0,inf,Ore processed,1,ore
NL-MAIN-d9036091,,Water,Zinc (and its compounds),Emission,Direct Discharge,tonnes,0.054154,NL-MAIN-d9036091,"Ni, refining at Long Harbour",0.0,inf,Ore processed,1,ore
ON-MAIN-eab8c362,,Water,Ammonia (total),Emission,Waterbody,tonnes,,ON-MAIN-eab8c362,,,,Ore processed,1,ore
ON-MAIN-eab8c362,,Water,Benzene,Emission,Waterbody,tonnes,,ON-MAIN-eab8c362,,,,Ore processed,1,ore
ON-MAIN-eab8c362,,Water,Benzo[a]pyrene,Emission,Waterbody,kg,,ON-MAIN-eab8c362,,,,Ore processed,1,ore
ON-MAIN-eab8c362,,Water,Lead (and its compounds),Emission,Waterbody,kg,,ON-MAIN-eab8c362,,,,Ore processed,1,ore
ON-MAIN-eab8c362,,Water,Manganese (and its compounds),Emission,Waterbody,tonnes,,ON-MAIN-eab8c362,,,,Ore processed,1,ore
ON-MAIN-eab8c362,,Water,Naphthalene,Emission,Waterbody,tonnes,,ON-MAIN-eab8c362,,,,Ore processed,1,ore
ON-MAIN-eab8c362,,Water,Nickel (and its compounds),Emission,Waterbody,tonnes,,ON-MAIN-eab8c362,,,,Ore processed,1,ore
ON-MAIN-eab8c362,,Water,Nitrate ion in solution at pH >= 6.0,Emission,Waterbody,tonnes,,ON-MAIN-eab8c362,,,,Ore processed,1,ore
ON-MAIN-eab8c362,,Water,Benzene,Emission,Waterbody,tonnes,,ON-MAIN-eab8c362,,,,Ore processed,1,ore
ON-MAIN-eab8c362,,Water,Zinc (and its compounds),Emission,Waterbody,tonnes,,ON-MAIN-eab8c362,,,,Ore processed,1,ore
AB-MAIN-9fed34a8,,Water,Arsenic (and its compounds),Emission,Waterbody,kg,,AB-MAIN-9fed34a8,,,,Ore processed,1,ore
AB-MAIN-9fed34a8,,Water,Cadmium (and its compounds),Emission,Waterbody,kg,,AB-MAIN-9fed34a8,,,,Ore processed,1,ore
AB-MAIN-9fed34a8,,Water,Chromium (and its compounds),Emission,Waterbody,tonnes,,AB-MAIN-9fed34a8,,,,Ore processed,1,ore
AB-MAIN-9fed34a8,,Water,Copper (and its compounds),Emission,Waterbody,tonnes,,AB-MAIN-9fed34a8,,,,Ore processed,1,ore
AB-MAIN-9fed34a8,,Water,Lead (and its compounds),Emission,Waterbody,kg,,AB-MAIN-9fed34a8,,,,Ore processed,1,ore
AB-MAIN-9fed34a8,,Water,Manganese (and its compounds),Emission,Waterbody,tonnes,,AB-MAIN-9fed34a8,,,,Ore processed,1,ore
AB-MAIN-9fed34a8,,Water,Mercury (and its compounds),Emission,Waterbody,tonnes,,AB-MAIN-9fed34a8,,,,Ore processed,1,ore
AB-MAIN-9fed34a8,,Water,Nickel (and its compounds),Emission,Waterbody,tonnes,,AB-MAIN-9fed34a8,,,,Ore processed,1,ore
AB-MAIN-9fed34a8,,Water,Selenium (and its compounds),Emission,Waterbody,kg,,AB-MAIN-9fed34a8,,,,Ore processed,1,ore
AB-MAIN-9fed34a8,,Water,Vanadium (and its compounds),Emission,Waterbody,tonnes,,AB-MAIN-9fed34a8,,,,Ore processed,1,ore
AB-MAIN-9fed34a8,,Water,Zinc (and its compounds),Emission,Waterbody,tonnes,,AB-MAIN-9fed34a8,,,,Ore processed,1,ore
ON-MAIN-4c35e094,,Water,Ammonia (total),Emission,Waterbody,tonnes,,ON-MAIN-4c35e094,,,,Ore processed,1,ore
ON-MAIN-4c35e094,,Water,Antimony (and its compounds),Emission,Waterbody,tonnes,,ON-MAIN-4c35e094,,,,Ore processed,1,ore
ON-MAIN-4c35e094,,Water,Arsenic (and its compounds),Emission,Waterbody,kg,,ON-MAIN-4c35e094,,,,Ore processed,1,ore
ON-MAIN-4c35e094,,Water,Benzene,Emission,Waterbody,tonnes,,ON-MAIN-4c35e094,,,,Ore processed,1,ore
ON-MAIN-4c35e094,,Water,Chromium (and its compounds),Emission,Waterbody,tonnes,,ON-MAIN-4c35e094,,,,Ore processed,1,ore
ON-MAIN-4c35e094,,Water,Copper (and its compounds),Emission,Waterbody,tonnes,,ON-MAIN-4c35e094,,,,Ore processed,1,ore
ON-MAIN-4c35e094,,Water,Hexavalent chromium (and its compounds),Emission,Waterbody,kg,,ON-MAIN-4c35e094,,,,Ore processed,1,ore
ON-MAIN-4c35e094,,Water,Lead (and its compounds),Emission,Waterbody,kg,,ON-MAIN-4c35e094,,,,Ore processed,1,ore
ON-MAIN-4c35e094,,Water,Manganese (and its compounds),Emission,Waterbody,tonnes,,ON-MAIN-4c35e094,,,,Ore processed,1,ore
ON-MAIN-4c35e094,,Water,Naphthalene,Emission,Waterbody,tonnes,,ON-MAIN-4c35e094,,,,Ore processed,1,ore
ON-MAIN-4c35e094,,Water,Nickel (and its compounds),Emission,Waterbody,tonnes,,ON-MAIN-4c35e094,,,,Ore processed,1,ore
ON-MAIN-4c35e094,,Water,Phenol (and its salts),Emission,Waterbody,tonnes,,ON-MAIN-4c35e094,,,,Ore processed,1,ore
ON-MAIN-4c35e094,,Water,Phosphorus (total),Emission,Waterbody,tonnes,,ON-MAIN-4c35e094,,,,Ore processed,1,ore
ON-MAIN-4c35e094,,Water,Benzene,Emission,Waterbody,tonnes,,ON-MAIN-4c35e094,,,,Ore processed,1,ore
ON-MAIN-4c35e094,,Water,Vanadium (and its compounds),Emission,Waterbody,tonnes,,ON-MAIN-4c35e094,,,,Ore processed,1,ore
ON-MAIN-4c35e094,,Water,Zinc (and its compounds),Emission,Waterbody,tonnes,,ON-MAIN-4c35e094,,,,Ore processed,1,ore
ON-MAIN-020a683c,,Water,Lead (and its compounds),Emission,Waterbody,kg,,ON-MAIN-020a683c,,,,Ore processed,1,ore
ON-MAIN-6664e89b,,Water,Cobalt (and its compounds),Emission,Waterbody,kg,,ON-MAIN-6664e89b,,,,Ore processed,1,ore
ON-MAIN-21b6ab35,,Water,Arsenic (and its compounds),Emission,Waterbody,kg,,ON-MAIN-21b6ab35,,,,Ore processed,1,ore
ON-MAIN-21b6ab35,,Water,Cadmium (and its compounds),Emission,Waterbody,kg,,ON-MAIN-21b6ab35,,,,Ore processed,1,ore
MB-MAIN-b4ca1426,,Water,Lead (and its compounds),Emission,Waterbody,kg,,MB-MAIN-b4ca1426,,,,Ore processed,1,ore
ON-MAIN-21b6ab35,,Water,Lead (and its compounds),Emission,Waterbody,kg,,ON-MAIN-21b6ab35,,,,Ore processed,1,ore
MB-MAIN-b4ca1426,,Water,Manganese (and its compounds),Emission,Waterbody,tonnes,,MB-MAIN-b4ca1426,,,,Ore processed,1,ore
ON-MAIN-21b6ab35,,Water,Manganese (and its compounds),Emission,Waterbody,tonnes,,ON-MAIN-21b6ab35,,,,Ore processed,1,ore
MB-MAIN-b4ca1426,,Water,Mercury (and its compounds),Emission,Waterbody,tonnes,,MB-MAIN-b4ca1426,,,,Ore processed,1,ore
MB-MAIN-b4ca1426,,Water,Selenium (and its compounds),Emission,Waterbody,kg,,MB-MAIN-b4ca1426,,,,Ore processed,1,ore
MB-MAIN-b4ca1426,,Water,Zinc (and its compounds),Emission,Waterbody,tonnes,,MB-MAIN-b4ca1426,,,,Ore processed,1,ore
ON-MAIN-21b6ab35,,Water,Zinc (and its compounds),Emission,Waterbody,tonnes,,ON-MAIN-21b6ab35,,,,Ore processed,1,ore
QC-MAIN-52c01ae4,,Water,Benz[a]anthracene,Emission,Waterbody,kg,,QC-MAIN-52c01ae4,,,,Ore processed,1,ore
QC-MAIN-52c01ae4,,Water,Benzo[a]pyrene,Emission,Waterbody,kg,,QC-MAIN-52c01ae4,,,,Ore processed,1,ore
QC-MAIN-52c01ae4,,Water,Benzo[b]fluoranthene,Emission,Waterbody,kg,,QC-MAIN-52c01ae4,,,,Ore processed,1,ore
QC-MAIN-52c01ae4,,Water,Benzo[j]fluoranthene,Emission,Waterbody,kg,,QC-MAIN-52c01ae4,,,,Ore processed,1,ore
QC-MAIN-52c01ae4,,Water,Benzo[k]fluoranthene,Emission,Waterbody,kg,,QC-MAIN-52c01ae4,,,,Ore processed,1,ore
QC-MAIN-52c01ae4,,Water,Chrysene,Emission,Waterbody,kg,,QC-MAIN-52c01ae4,,,,Ore processed,1,ore
QC-MAIN-52c01ae4,,Water,"Dibenzo[a,i]pyrene",Emission,Waterbody,kg,,QC-MAIN-52c01ae4,,,,Ore processed,1,ore
QC-MAIN-52c01ae4,,Water,"Indeno[1,2,3-cd]pyrene",Emission,Waterbody,kg,,QC-MAIN-52c01ae4,,,,Ore processed,1,ore
ON-MAIN-020a683c,,Water,Benzo[a]pyrene,Emission,Waterbody,kg,,ON-MAIN-020a683c,,,,Ore processed,1,ore
ON-MAIN-020a683c,,Water,Chromium (and its compounds),Emission,Waterbody,tonnes,,ON-MAIN-020a683c,,,,Ore processed,1,ore
ON-MAIN-020a683c,,Water,Lead (and its compounds),Emission,Waterbody,kg,,ON-MAIN-020a683c,,,,Ore processed,1,ore
ON-MAIN-020a683c,,Water,Naphthalene,Emission,Waterbody,tonnes,,ON-MAIN-020a683c,,,,Ore processed,1,ore
ON-MAIN-020a683c,,Water,Phosphorus (total),Emission,Waterbody,tonnes,,ON-MAIN-020a683c,,,,Ore processed,1,ore
ON-MAIN-020a683c,,Water,Zinc (and its compounds),Emission,Waterbody,tonnes,,ON-MAIN-020a683c,,,,Ore processed,1,ore
BC-MAIN-3bb6b7cd,,Water,Ammonia (total),Emission,Waterbody,tonnes,,BC-MAIN-3bb6b7cd,"Zn, refining at Trail",0.0,,Ore processed,1,ore
BC-MAIN-3bb6b7cd,,Water,Antimony (and its compounds),Emission,Waterbody,tonnes,,BC-MAIN-3bb6b7cd,"Zn, refining at Trail",0.0,,Ore processed,1,ore
BC-MAIN-3bb6b7cd,,Water,Arsenic (and its compounds),Emission,Waterbody,kg,,BC-MAIN-3bb6b7cd,"Zn, refining at Trail",0.0,,Ore processed,1,ore
BC-MAIN-3bb6b7cd,,Water,Cadmium (and its compounds),Emission,Waterbody,kg,,BC-MAIN-3bb6b7cd,"Zn, refining at Trail",0.0,,Ore processed,1,ore
BC-MAIN-3bb6b7cd,,Water,Copper (and its compounds),Emission,Waterbody,tonnes,,BC-MAIN-3bb6b7cd,"Zn, refining at Trail",0.0,,Ore processed,1,ore
BC-MAIN-3bb6b7cd,,Water,Lead (and its compounds),Emission,Waterbody,kg,,BC-MAIN-3bb6b7cd,"Zn, refining at Trail",0.0,,Ore processed,1,ore
BC-MAIN-3bb6b7cd,,Water,Manganese (and its compounds),Emission,Waterbody,tonnes,,BC-MAIN-3bb6b7cd,"Zn, refining at Trail",0.0,,Ore processed,1,ore
BC-MAIN-3bb6b7cd,,Water,Mercury (and its compounds),Emission,Waterbody,tonnes,,BC-MAIN-3bb6b7cd,"Zn, refining at Trail",0.0,,Ore processed,1,ore
BC-MAIN-3bb6b7cd,,Water,Nitrate ion in solution at pH >= 6.0,Emission,Waterbody,tonnes,,BC-MAIN-3bb6b7cd,"Zn, refining at Trail",0.0,,Ore processed,1,ore
BC-MAIN-3bb6b7cd,,Water,Selenium (and its compounds),Emission,Waterbody,kg,,BC-MAIN-3bb6b7cd,"Zn, refining at Trail",0.0,,Ore processed,1,ore
BC-MAIN-3bb6b7cd,,Water,Thallium (and its compounds),Emission,Waterbody,kg,,BC-MAIN-3bb6b7cd,"Zn, refining at Trail",0.0,,Ore processed,1,ore
BC-MAIN-3bb6b7cd,,Water,Zinc (and its compounds),Emission,Waterbody,tonnes,,BC-MAIN-3bb6b7cd,"Zn, refining at Trail",0.0,,Ore processed,1,ore
ON-MAIN-2e13aaa0,,Water,Arsenic (and its compounds),Emission,Waterbody,kg,,ON-MAIN-2e13aaa0,,,,Ore processed,1,ore
ON-MAIN-2e13aaa0,,Water,Cadmium (and its compounds),Emission,Waterbody,kg,,ON-MAIN-2e13aaa0,,,,Ore processed,1,ore
ON-MAIN-2e13aaa0,,Water,Cobalt (and its compounds),Emission,Waterbody,kg,,ON-MAIN-2e13aaa0,,,,Ore processed,1,ore
ON-MAIN-2e13aaa0,,Water,Copper (and its compounds),Emission,Waterbody,tonnes,,ON-MAIN-2e13aaa0,,,,Ore processed,1,ore
ON-MAIN-2e13aaa0,,Water,Lead (and its compounds),Emission,Waterbody,kg,,ON-MAIN-2e13aaa0,,,,Ore processed,1,ore
ON-MAIN-2e13aaa0,,Water,Nickel (and its compounds),Emission,Waterbody,tonnes,,ON-MAIN-2e13aaa0,,,,Ore processed,1,ore
ON-MAIN-2e13aaa0,,Water,Selenium (and its compounds),Emission,Waterbody,kg,,ON-MAIN-2e13aaa0,,,,Ore processed,1,ore
NL-MAIN-d9036091,,Water,Copper (and its compounds),Emission,Waterbody,tonnes,,NL-MAIN-d9036091,"Ni, refining at Long Harbour",0.0,,Ore processed,1,ore
NL-MAIN-d9036091,,Water,Lead (and its compounds),Emission,Waterbody,kg,,NL-MAIN-d9036091,"Ni, refining at Long Harbour",0.0,,Ore processed,1,ore
NL-MAIN-d9036091,,Water,Nickel (and its compounds),Emission,Waterbody,tonnes,,NL-MAIN-d9036091,"Ni, refining at Long Harbour",0.0,,Ore processed,1,ore
NL-MAIN-d9036091,,Water,Zinc (and its compounds),Emission,Waterbody,tonnes,,NL-MAIN-d9036091,"Ni, refining at Long Harbour",0.0,,Ore processed,1,ore
ON-MAIN-eab8c362,,Water,Ammonia (total),Emission,Waterbody,tonnes,,ON-MAIN-eab8c362,,,,Ore processed,1,ore
ON-MAIN-eab8c362,,Water,Benzene,Emission,Waterbody,tonnes,,ON-MAIN-eab8c362,,,,Ore processed,1,ore
ON-MAIN-eab8c362,,Water,Benzo[a]pyrene,Emission,Waterbody,kg,,ON-MAIN-eab8c362,,,,Ore processed,1,ore
ON-MAIN-eab8c362,,Water,Lead (and its compounds),Emission,Waterbody,kg,,ON-MAIN-eab8c362,,,,Ore processed,1,ore
ON-MAIN-eab8c362,,Water,Manganese (and its compounds),Emission,Waterbody,tonnes,,ON-MAIN-eab8c362,,,,Ore processed,1,ore
ON-MAIN-eab8c362,,Water,Naphthalene,Emission,Waterbody,tonnes,,ON-MAIN-eab8c362,,,,Ore processed,1,ore
ON-MAIN-eab8c362,,Water,Nickel (and its compounds),Emission,Waterbody,tonnes,,ON-MAIN-eab8c362,,,,Ore processed,1,ore
ON-MAIN-eab8c362,,Water,Nitrate ion in solution at pH >= 6.0,Emission,Waterbody,tonnes,,ON-MAIN-eab8c362,,,,Ore processed,1,ore
ON-MAIN-eab8c362,,Water,Benzene,Emission,Waterbody,tonnes,,ON-MAIN-eab8c362,,,,Ore processed,1,ore
ON-MAIN-eab8c362,,Water,Zinc (and its compounds),Emission,Waterbody,tonnes,,ON-MAIN-eab8c362,,,,Ore processed,1,ore
AB-MAIN-9fed34a8,,Water,Arsenic (and its compounds),Emission,Waterbody,kg,,AB-MAIN-9fed34a8,,,,Ore processed,1,ore
AB-MAIN-9fed34a8,,Water,Cadmium (and its compounds),Emission,Waterbody,kg,,AB-MAIN-9fed34a8,,,,Ore processed,1,ore
AB-MAIN-9fed34a8,,Water,Chromium (and its compounds),Emission,Waterbody,tonnes,,AB-MAIN-9fed34a8,,,,Ore processed,1,ore
AB-MAIN-9fed34a8,,Water,Copper (and its compounds),Emission,Waterbody,tonnes,,AB-MAIN-9fed34a8,,,,Ore processed,1,ore
AB-MAIN-9fed34a8,,Water,Lead (and its compounds),Emission,Waterbody,kg,,AB-MAIN-9fed34a8,,,,Ore processed,1,ore
AB-MAIN-9fed34a8,,Water,Manganese (and its compounds),Emission,Waterbody,tonnes,,AB-MAIN-9fed34a8,,,,Ore processed,1,ore
AB-MAIN-9fed34a8,,Water,Mercury (and its compounds),Emission,Waterbody,tonnes,,AB-MAIN-9fed34a8,,,,Ore processed,1,ore
AB-MAIN-9fed34a8,,Water,Nickel (and its compounds),Emission,Waterbody,tonnes,,AB-MAIN-9fed34a8,,,,Ore processed,1,ore
AB-MAIN-9fed34a8,,Water,Selenium (and its compounds),Emission,Waterbody,kg,,AB-MAIN-9fed34a8,,,,Ore processed,1,ore
AB-MAIN-9fed34a8,,Water,Vanadium (and its compounds),Emission,Waterbody,tonnes,,AB-MAIN-9fed34a8,,,,Ore processed,1,ore
AB-MAIN-9fed34a8,,Water,Zinc (and its compounds),Emission,Waterbody,tonnes,,AB-MAIN-9fed34a8,,,,Ore processed,1,ore
ON-MAIN-4c35e094,,Water,Ammonia (total),Emission,Waterbody,tonnes,,ON-MAIN-4c35e094,,,,Ore processed,1,ore
ON-MAIN-4c35e094,,Water,Antimony (and its compounds),Emission,Waterbody,tonnes,,ON-MAIN-4c35e094,,,,Ore processed,1,ore
ON-MAIN-4c35e094,,Water,Arsenic (and its compounds),Emission,Waterbody,kg,,ON-MAIN-4c35e094,,,,Ore processed,1,ore
ON-MAIN-4c35e094,,Water,Benzene,Emission,Waterbody,tonnes,,ON-MAIN-4c35e094,,,,Ore processed,1,ore
ON-MAIN-4c35e094,,Water,Chromium (and its compounds),Emission,Waterbody,tonnes,,ON-MAIN-4c35e094,,,,Ore processed,1,ore
ON-MAIN-4c35e094,,Water,Copper (and its compounds),Emission,Waterbody,tonnes,,ON-MAIN-4c35e094,,,,Ore processed,1,ore
ON-MAIN-4c35e094,,Water,Hexavalent chromium (and its compounds),Emission,Waterbody,kg,,ON-MAIN-4c35e094,,,,Ore processed,1,ore
ON-MAIN-4c35e094,,Water,Lead (and its compounds),Emission,Waterbody,kg,,ON-MAIN-4c35e094,,,,Ore processed,1,ore
ON-MAIN-4c35e094,,Water,Manganese (and its compounds),Emission,Waterbody,tonnes,,ON-MAIN-4c35e094,,,,Ore processed,1,ore
ON-MAIN-4c35e094,,Water,Naphthalene,Emission,Waterbody,tonnes,,ON-MAIN-4c35e094,,,,Ore processed,1,ore
ON-MAIN-4c35e094,,Water,Nickel (and its compounds),Emission,Waterbody,tonnes,,ON-MAIN-4c35e094,,,,Ore processed,1,ore
ON-MAIN-4c35e094,,Water,Phenol (and its salts),Emission,Waterbody,tonnes,,ON-MAIN-4c35e094,,,,Ore processed,1,ore
ON-MAIN-4c35e094,,Water,Phosphorus (total),Emission,Waterbody,tonnes,,ON-MAIN-4c35e094,,,,Ore processed,1,ore
ON-MAIN-4c35e094,,Water,Benzene,Emission,Waterbody,tonnes,,ON-MAIN-4c35e094,,,,Ore processed,1,ore
ON-MAIN-4c35e094,,Water,Vanadium (and its compounds),Emission,Waterbody,tonnes,,ON-MAIN-4c35e094,,,,Ore processed,1,ore
ON-MAIN-4c35e094,,Water,Zinc (and its compounds),Emission,Waterbody,tonnes,,ON-MAIN-4c35e094,,,,Ore processed,1,ore
ON-MAIN-020a683c,,Water,Lead (and its compounds),Emission,Waterbody,kg,,ON-MAIN-020a683c,,,,Ore processed,1,ore
ON-MAIN-6664e89b,,Water,Cobalt (and its compounds),Emission,Waterbody,kg,,ON-MAIN-6664e89b,,,,Ore processed,1,ore
ON-MAIN-21b6ab35,,Water,Arsenic (and its compounds),Emission,Waterbody,kg,,ON-MAIN-21b6ab35,,,,Ore processed,1,ore
ON-MAIN-21b6ab35,,Water,Cadmium (and its compounds),Emission,Waterbody,kg,,ON-MAIN-21b6ab35,,,,Ore processed,1,ore
MB-MAIN-b4ca1426,,Water,Lead (and its compounds),Emission,Waterbody,kg,,MB-MAIN-b4ca1426,,,,Ore processed,1,ore
ON-MAIN-21b6ab35,,Water,Lead (and its compounds),Emission,Waterbody,kg,,ON-MAIN-21b6ab35,,,,Ore processed,1,ore
MB-MAIN-b4ca1426,,Water,Manganese (and its compounds),Emission,Waterbody,tonnes,,MB-MAIN-b4ca1426,,,,Ore processed,1,ore
ON-MAIN-21b6ab35,,Water,Manganese (and its compounds),Emission,Waterbody,tonnes,,ON-MAIN-21b6ab35,,,,Ore processed,1,ore
MB-MAIN-b4ca1426,,Water,Mercury (and its compounds),Emission,Waterbody,tonnes,,MB-MAIN-b4ca1426,,,,Ore processed,1,ore
MB-MAIN-b4ca1426,,Water,Selenium (and its compounds),Emission,Waterbody,kg,,MB-MAIN-b4ca1426,,,,Ore processed,1,ore
MB-MAIN-b4ca1426,,Water,Zinc (and its compounds),Emission,Waterbody,tonnes,,MB-MAIN-b4ca1426,,,,Ore processed,1,ore
ON-MAIN-21b6ab35,,Water,Zinc (and its compounds),Emission,Waterbody,tonnes,,ON-MAIN-21b6ab35,,,,Ore processed,1,ore
QC-MAIN-52c01ae4,,Water,Benz[a]anthracene,Emission,Waterbody,kg,,QC-MAIN-52c01ae4,,,,Ore processed,1,ore
QC-MAIN-52c01ae4,,Water,Benzo[a]pyrene,Emission,Waterbody,kg,,QC-MAIN-52c01ae4,,,,Ore processed,1,ore
QC-MAIN-52c01ae4,,Water,Benzo[b]fluoranthene,Emission,Waterbody,kg,,QC-MAIN-52c01ae4,,,,Ore processed,1,ore
QC-MAIN-52c01ae4,,Water,Benzo[j]fluoranthene,Emission,Waterbody,kg,,QC-MAIN-52c01ae4,,,,Ore processed,1,ore
QC-MAIN-52c01ae4,,Water,Benzo[k]fluoranthene,Emission,Waterbody,kg,,QC-MAIN-52c01ae4,,,,Ore processed,1,ore
QC-MAIN-52c01ae4,,Water,Chrysene,Emission,Waterbody,kg,,QC-MAIN-52c01ae4,,,,Ore processed,1,ore
QC-MAIN-52c01ae4,,Water,"Dibenzo[a,i]pyrene",Emission,Waterbody,kg,,QC-MAIN-52c01ae4,,,,Ore processed,1,ore
QC-MAIN-52c01ae4,,Water,"Indeno[1,2,3-cd]pyrene",Emission,Waterbody,kg,,QC-MAIN-52c01ae4,,,,Ore processed,1,ore
ON-MAIN-020a683c,,Water,Benzo[a]pyrene,Emission,Waterbody,kg,,ON-MAIN-020a683c,,,,Ore processed,1,ore
ON-MAIN-020a683c,,Water,Chromium (and its compounds),Emission,Waterbody,tonnes,,ON-MAIN-020a683c,,,,Ore processed,1,ore
ON-MAIN-020a683c,,Water,Lead (and its compounds),Emission,Waterbody,kg,,ON-MAIN-020a683c,,,,Ore processed,1,ore
ON-MAIN-020a683c,,Water,Naphthalene,Emission,Waterbody,tonnes,,ON-MAIN-020a683c,,,,Ore processed,1,ore
ON-MAIN-020a683c,,Water,Phosphorus (total),Emission,Waterbody,tonnes,,ON-MAIN-020a683c,,,,Ore processed,1,ore
ON-MAIN-020a683c,,Water,Zinc (and its compounds),Emission,Waterbody,tonnes,,ON-MAIN-020a683c,,,,Ore processed,1,ore
BC-MAIN-3bb6b7cd,,Water,Ammonia (total),Emission,Waterbody,tonnes,,BC-MAIN-3bb6b7cd,"Zn, refining at Trail",0.0,,Ore processed,1,ore
BC-MAIN-3bb6b7cd,,Water,Antimony (and its compounds),Emission,Waterbody,tonnes,,BC-MAIN-3bb6b7cd,"Zn, refining at Trail",0.0,,Ore processed,1,ore
BC-MAIN-3bb6b7cd,,Water,Arsenic (and its compounds),Emission,Waterbody,kg,,BC-MAIN-3bb6b7cd,"Zn, refining at Trail",0.0,,Ore processed,1,ore
BC-MAIN-3bb6b7cd,,Water,Cadmium (and its compounds),Emission,Waterbody,kg,,BC-MAIN-3bb6b7cd,"Zn, refining at Trail",0.0,,Ore processed,1,ore
BC-MAIN-3bb6b7cd,,Water,Copper (and its compounds),Emission,Waterbody,tonnes,,BC-MAIN-3bb6b7cd,"Zn, refining at Trail",0.0,,Ore processed,1,ore
BC-MAIN-3bb6b7cd,,Water,Lead (and its compounds),Emission,Waterbody,kg,,BC-MAIN-3bb6b7cd,"Zn, refining at Trail",0.0,,Ore processed,1,ore
BC-MAIN-3bb6b7cd,,Water,Manganese (and its compounds),Emission,Waterbody,tonnes,,BC-MAIN-3bb6b7cd,"Zn, refining at Trail",0.0,,Ore processed,1,ore
BC-MAIN-3bb6b7cd,,Water,Mercury (and its compounds),Emission,Waterbody,tonnes,,BC-MAIN-3bb6b7cd,"Zn, refining at Trail",0.0,,Ore processed,1,ore
BC-MAIN-3bb6b7cd,,Water,Nitrate ion in solution at pH >= 6.0,Emission,Waterbody,tonnes,,BC-MAIN-3bb6b7cd,"Zn, refining at Trail",0.0,,Ore processed,1,ore
BC-MAIN-3bb6b7cd,,Water,Selenium (and its compounds),Emission,Waterbody,kg,,BC-MAIN-3bb6b7cd,"Zn, refining at Trail",0.0,,Ore processed,1,ore
BC-MAIN-3bb6b7cd,,Water,Thallium (and its compounds),Emission,Waterbody,kg,,BC-MAIN-3bb6b7cd,"Zn, refining at Trail",0.0,,Ore processed,1,ore
BC-MAIN-3bb6b7cd,,Water,Zinc (and its compounds),Emission,Waterbody,tonnes,,BC-MAIN-3bb6b7cd,"Zn, refining at Trail",0.0,,Ore processed,1,ore
ON-MAIN-2e13aaa0,,Water,Arsenic (and its compounds),Emission,Waterbody,kg,,ON-MAIN-2e13aaa0,,,,Ore processed,1,ore
ON-MAIN-2e13aaa0,,Water,Cadmium (and its compounds),Emission,Waterbody,kg,,ON-MAIN-2e13aaa0,,,,Ore processed,1,ore
ON-MAIN-2e13aaa0,,Water,Cobalt (and its compounds),Emission,Waterbody,kg,,ON-MAIN-2e13aaa0,,,,Ore processed,1,ore
ON-MAIN-2e13aaa0,,Water,Copper (and its compounds),Emission,Waterbody,tonnes,,ON-MAIN-2e13aaa0,,,,Ore processed,1,ore
ON-MAIN-2e13aaa0,,Water,Lead (and its compounds),Emission,Waterbody,kg,,ON-MAIN-2e13aaa0,,,,Ore processed,1,ore
ON-MAIN-2e13aaa0,,Water,Nickel (and its compounds),Emission,Waterbody,tonnes,,ON-MAIN-2e13aaa0,,,,Ore processed,1,ore
ON-MAIN-2e13aaa0,,Water,Selenium (and its compounds),Emission,Waterbody,kg,,ON-MAIN-2e13aaa0,,,,Ore processed,1,ore
NL-MAIN-d9036091,,Water,Copper (and its compounds),Emission,Waterbody,tonnes,,NL-MAIN-d9036091,"Ni, refining at Long Harbour",0.0,,Ore processed,1,ore
NL-MAIN-d9036091,,Water,Lead (and its compounds),Emission,Waterbody,kg,,NL-MAIN-d9036091,"Ni, refining at Long Harbour",0.0,,Ore processed,1,ore
NL-MAIN-d9036091,,Water,Nickel (and its compounds),Emission,Waterbody,tonnes,,NL-MAIN-d9036091,"Ni, refining at Long Harbour",0.0,,Ore processed,1,ore
NL-MAIN-d9036091,,Water,Zinc (and its compounds),Emission,Waterbody,tonnes,,NL-MAIN-d9036091,"Ni, refining at Long Harbour",0.0,,Ore processed,1,ore
SK-MAIN-26b9aaf3,,Land,Zinc (and its compounds),Emission,Spills,tonnes,0.012,SK-MAIN-26b9aaf3,,,,Ore processed,1,ore
BC-MAIN-3bb6b7cd,,Land,Ammonia (total),Emission,Spills,tonnes,2.2958,BC-MAIN-3bb6b7cd,"Zn, refining at Trail",0.0,inf,Ore processed,1,ore
BC-MAIN-3bb6b7cd,,Land,Sulphuric acid,Emission,Spills,tonnes,0.602641,BC-MAIN-3bb6b7cd,"Zn, refining at Trail",0.0,inf,Ore processed,1,ore
SK-MAIN-26b9aaf3,,Land,Arsenic (and its compounds),Emission,Other,kg,0.7718,SK-MAIN-26b9aaf3,,,,Ore processed,1,ore
SK-MAIN-26b9aaf3,,Land,Cadmium (and its compounds),Emission,Other,kg,0.01,SK-MAIN-26b9aaf3,,,,Ore processed,1,ore
SK-MAIN-26b9aaf3,,Land,Cobalt (and its compounds),Emission,Other,kg,0.1503,SK-MAIN-26b9aaf3,,,,Ore processed,1,ore
SK-MAIN-26b9aaf3,,Land,Lead (and its compounds),Emission,Other,kg,0.256,SK-MAIN-26b9aaf3,,,,Ore processed,1,ore
SK-MAIN-26b9aaf3,,Land,Selenium (and its compounds),Emission,Other,kg,0.0802,SK-MAIN-26b9aaf3,,,,Ore processed,1,ore
SK-MAIN-26b9aaf3,,Land,Zinc (and its compounds),Emission,Other,tonnes,0.0197,SK-MAIN-26b9aaf3,,,,Ore processed,1,ore
NL-MAIN-dd723db4,,Air,GHG,Emission,Unspecified,tCO2eq,780520.0,NL-MAIN-dd723db4,,16478000.0,0.047367398956184005,Ore processed,1,ore
NT-MAIN-6c1d6ee6,,Air,GHG,Emission,Unspecified,tCO2eq,170090.0,NT-MAIN-6c1d6ee6,,,,Ore processed,1,ore
QC-MAIN-a97821c0,,Air,GHG,Emission,Unspecified,tCO2eq,158000.0,QC-MAIN-a97821c0,"Cu and Ni and Co and Pt, Underground mining and beneficiation at Raglan",1500000.0,0.10533333333333333,Ore processed,1,ore
NL-MAIN-b64bae7a,,Air,GHG,Emission,Unspecified,tCO2eq,110500.0,NL-MAIN-b64bae7a,,3560000.0,0.03103932584269663,Ore processed,1,ore
NT-MAIN-0ec39ce0,,Air,GHG,Emission,Unspecified,tCO2eq,172620.0,NT-MAIN-0ec39ce0,,,,Ore processed,1,ore
BC-MAIN-bf503b6b,,Air,GHG,Emission,Unspecified,tCO2eq,184180.0,BC-MAIN-bf503b6b,"Cu and Mo, Open-pit mining and beneficiation at Highland Valley",215221530000.0,8.557694018809364e-07,Ore processed,1,ore
ON-MAIN-fefeaee4,,Air,GHG,Emission,Unspecified,tCO2eq,36870.0,ON-MAIN-fefeaee4,"Au, Underground mining and beneficiation at Musselwhite",1028000.0,0.035865758754863815,Ore processed,1,ore
MB-MAIN-e0a6250e,,Air,GHG,Emission,Unspecified,tCO2eq,18830.0,MB-MAIN-e0a6250e,"Cu and Ni, Open-pit and underground mining and beneficiation at Thompson (T-1 and T-3)",464705.882352941,0.04052025316455698,Ore processed,1,ore
NL-MAIN-2d8801d6,,Air,GHG,Emission,Unspecified,tCO2eq,173790.0,NL-MAIN-2d8801d6,"Cu and Ni, Open-pit and underground mining and beneficiation at Voisey’s Bay",794117.647058823,0.2188466666666668,Ore processed,1,ore
BC-MAIN-3f490561,,Air,GHG,Emission,Unspecified,tCO2eq,49470.0,BC-MAIN-3f490561,"Au and Cu, Open-pit mining and beneficiation at Mount Polley",5948239.0,0.00831674719189999,Ore processed,1,ore
ON-MAIN-1f126a43,,Air,GHG,Emission,Unspecified,tCO2eq,25320.0,ON-MAIN-1f126a43,"Au, Underground mining and beneficiation at Macassa",441588.0,0.057338514633549824,Ore processed,1,ore
QC-MAIN-e7e6a960,,Air,GHG,Emission,Unspecified,tCO2eq,195810.0,QC-MAIN-e7e6a960,"Au and Ag, Open-pit mining and beneficiation at Canadian Malartic",17332900.0,0.011297013194560633,Ore processed,1,ore
BC-MAIN-6b4800fe,,Air,GHG,Emission,Unspecified,tCO2eq,129509.99999999999,BC-MAIN-6b4800fe,"Cu and Mo, Open-pit mining and beneficiation at Gibraltar",30000000.0,0.004317,Ore processed,1,ore
QC-MAIN-089f3c60,,Air,GHG,Emission,Unspecified,tCO2eq,119160.0,QC-MAIN-089f3c60,,11187000.0,0.010651649235720033,Ore processed,1,ore
ON-MAIN-aeafbb59,,Air,GHG,Emission,Unspecified,tCO2eq,294610.0,ON-MAIN-aeafbb59,"Au and Ag, Open-pit mining and beneficiation at Detour Lake",25434853.5024164,0.011582924980165938,Ore processed,1,ore
BC-MAIN-23155c25,,Air,GHG,Emission,Unspecified,tCO2eq,34050.0,BC-MAIN-23155c25,,,,Ore processed,1,ore
NU-MAIN-5154702a,,Air,GHG,Emission,Unspecified,tCO2eq,90110.0,NU-MAIN-5154702a,,5600000.0,0.01609107142857143,Ore processed,1,ore
ON-MAIN-6e9be24e,,Air,GHG,Emission,Unspecified,tCO2eq,19250.0,ON-MAIN-6e9be24e,"Au, Open-pit and underground mining and beneficiation at Hemlo (Williams)",1266009.0,0.015205263153737453,Ore processed,1,ore
NU-MAIN-8b0264c9,,Air,GHG,Emission,Unspecified,tCO2eq,138130.0,NU-MAIN-8b0264c9,"Au and Ag, Open-pit and underground mining and beneficiation at Meliadine",1918143.0,0.07201235778562912,Ore processed,1,ore
BC-MAIN-857b7b89,,Air,GHG,Emission,Unspecified,tCO2eq,27340.0,BC-MAIN-857b7b89,"Au, Underground mining and beneficiation at Brucejack",166000.0,0.1646987951807229,Ore processed,1,ore
QC-MAIN-b86f7d07,,Air,GHG,Emission,Unspecified,tCO2eq,33410.0,QC-MAIN-b86f7d07,"Au and Ag, Open-pit and underground mining and beneficiation at Casa Berardi",1361450.0,0.02454001248668699,Ore processed,1,ore
QC-MAIN-a555d9b9,,Air,GHG,Emission,Unspecified,tCO2eq,12480.0,QC-MAIN-a555d9b9,"Nb, Underground mining and beneficiation at Niobec",2200000.0,0.005672727272727273,Ore processed,1,ore
SK-MAIN-60ba74c4,,Air,GHG,Emission,Unspecified,tCO2eq,23630.0,SK-MAIN-60ba74c4,"U, and beneficiation at McClean Lake",0.0,inf,Ore processed,1,ore
QC-MAIN-02884fb5,,Air,GHG,Emission,Unspecified,tCO2eq,16420.0,QC-MAIN-02884fb5,"Au and Ag, Underground mining and beneficiation at Westwood-Doyon",1034000.0,0.015880077369439072,Ore processed,1,ore
ON-MAIN-687b8c8d,,Air,GHG,Emission,Unspecified,tCO2eq,20110.0,ON-MAIN-687b8c8d,"Au, Underground mining and beneficiation at Island",439008.0,0.04580782126977185,Ore processed,1,ore
SK-MAIN-91cf5448,,Air,GHG,Emission,Unspecified,tCO2eq,20010.0,SK-MAIN-91cf5448,"U, Underground mining at Cigar Lake",43726.856187782,0.4576135067672924,Ore processed,1,ore
ON-MAIN-3b3e5365,,Air,GHG,Emission,Unspecified,tCO2eq,53780.0,ON-MAIN-3b3e5365,,,,Ore processed,1,ore
ON-MAIN-a3c56a83,,Air,GHG,Emission,Unspecified,tCO2eq,56110.0,ON-MAIN-a3c56a83,"Au and Pt and Pd, Open-pit and underground mining and beneficiation at Lac des Iles",3798000.0,0.01477356503422854,Ore processed,1,ore
ON-MAIN-7607a50e,,Air,GHG,Emission,Unspecified,tCO2eq,21630.0,ON-MAIN-7607a50e,"Au, Underground mining and beneficiation at Young-Davidson",2878047.0,0.0075155131240038815,Ore processed,1,ore
QC-MAIN-5ce331b8,,Air,GHG,Emission,Unspecified,tCO2eq,134260.0,QC-MAIN-5ce331b8,"Cu and Ni, Open-pit and underground mining and beneficiation at Nunavik Nickel",1082352.94117647,0.12404456521739138,Ore processed,1,ore
NT-MAIN-94e652a5,,Air,GHG,Emission,Unspecified,tCO2eq,134750.0,NT-MAIN-94e652a5,,,,Ore processed,1,ore
ON-MAIN-0aadf28f,,Air,GHG,Emission,Unspecified,tCO2eq,124990.0,ON-MAIN-0aadf28f,"Au, Open-pit and underground mining and beneficiation at Rainy River",8764000.0,0.014261752624372433,Ore processed,1,ore
QC-MAIN-3032c251,,Air,GHG,Emission,Unspecified,tCO2eq,57680.0,QC-MAIN-3032c251,,,,Ore processed,1,ore
QC-MAIN-dc1a16f9,,Air,GHG,Emission,Unspecified,tCO2eq,27250.0,QC-MAIN-dc1a16f9,,,,Ore processed,1,ore
QC-MAIN-c0660aec,,Air,GHG,Emission,Unspecified,tCO2eq,14210.0,QC-MAIN-c0660aec,"Au and Cu, Underground mining and beneficiation at Goldex",2886927.328724,0.004922188327574117,Ore processed,1,ore
QC-MAIN-e51eda66,,Air,GHG,Emission,Unspecified,tCO2eq,45470.0,QC-MAIN-e51eda66,"Au and Ag and Cu and Zn, Underground mining and beneficiation at LaRonde",1501500.0,0.030283050283050283,Ore processed,1,ore
QC-MAIN-6dc537e6,,Air,GHG,Emission,Unspecified,tCO2eq,37250.0,QC-MAIN-6dc537e6,"Au and Ag, Underground mining and beneficiation at Éléonore",1661000.0,0.0224262492474413,Ore processed,1,ore
BC-MAIN-599152a0,,Air,GHG,Emission,Unspecified,tCO2eq,70400.0,BC-MAIN-599152a0,"Au and Ag and Cu, Open-pit mining and beneficiation at Copper Mountain",6862152.0,0.010259172341271367,Ore processed,1,ore
ON-MAIN-7f050560,,Air,GHG,Emission,Unspecified,tCO2eq,26800.0,ON-MAIN-7f050560,"Au, Underground mining and beneficiation at Red Lake",841000.0,0.03186682520808561,Ore processed,1,ore
ON-MAIN-cb85213a,,Air,GHG,Emission,Unspecified,tCO2eq,12400.0,ON-MAIN-cb85213a,"Au, Underground mining and beneficiation at Eagle River",222627.0,0.055698545100100166,Ore processed,1,ore
YT-MAIN-e05ed9fe,,Air,GHG,Emission,Unspecified,tCO2eq,53740.0,YT-MAIN-e05ed9fe,,,,Ore processed,1,ore
BC-MAIN-8eb8be0d,,Air,GHG,Emission,Unspecified,tCO2eq,95700.0,BC-MAIN-8eb8be0d,"Au and Cu, Open-pit mining and beneficiation at Red Chris",1139000.0,0.08402107111501317,Ore processed,1,ore
ON-MAIN-eab8c362,,Air,GHG,Emission,Unspecified,tCO2eq,4292170.0,ON-MAIN-eab8c362,,,,Ore processed,1,ore
QC-MAIN-52c01ae4,,Air,GHG,Emission,Unspecified,tCO2eq,537950.0,QC-MAIN-52c01ae4,,,,Ore processed,1,ore
QC-MAIN-c8966bdc,,Air,GHG,Emission,Unspecified,tCO2eq,819810.0,QC-MAIN-c8966bdc,,,,Ore processed,1,ore
ON-MAIN-4c35e094,,Air,GHG,Emission,Unspecified,tCO2eq,4168279.9999999995,ON-MAIN-4c35e094,,,,Ore processed,1,ore
QC-MAIN-5398dfac,,Air,GHG,Emission,Unspecified,tCO2eq,115960.0,QC-MAIN-5398dfac,,,,Ore processed,1,ore
AB-MAIN-d3a4aba9,,Air,GHG,Emission,Unspecified,tCO2eq,305170.0,AB-MAIN-d3a4aba9,"Ni and Co, refining at The Cobalt Refinery Company Inc.",0.0,inf,Ore processed,1,ore
ON-MAIN-21b6ab35,,Air,GHG,Emission,Unspecified,tCO2eq,97160.0,ON-MAIN-21b6ab35,,,,Ore processed,1,ore
SK-MAIN-26b9aaf3,,Air,GHG,Emission,Unspecified,tCO2eq,213770.0,SK-MAIN-26b9aaf3,,,,Ore processed,1,ore
ON-MAIN-020a683c,,Air,GHG,Emission,Unspecified,tCO2eq,254750.0,ON-MAIN-020a683c,,,,Ore processed,1,ore
ON-MAIN-b2e5c9bb,,Air,GHG,Emission,Unspecified,tCO2eq,3781720.0,ON-MAIN-b2e5c9bb,,,,Ore processed,1,ore
BC-MAIN-3bb6b7cd,,Air,GHG,Emission,Unspecified,tCO2eq,372860.0,BC-MAIN-3bb6b7cd,"Zn, refining at Trail",0.0,inf,Ore processed,1,ore
QC-MAIN-eac5a52b,,Air,GHG,Emission,Unspecified,tCO2eq,517539.99999999994,QC-MAIN-eac5a52b,,,,Ore processed,1,ore
AB-MAIN-9fed34a8,,Air,GHG,Emission,Unspecified,tCO2eq,80750.0,AB-MAIN-9fed34a8,,,,Ore processed,1,ore
ON-MAIN-fc6f1a44,,Air,GHG,Emission,Unspecified,tCO2eq,106690.0,ON-MAIN-fc6f1a44,,,,Ore processed,1,ore
QC-MAIN-c1cc9f7c,,Air,GHG,Emission,Unspecified,tCO2eq,184550.0,QC-MAIN-c1cc9f7c,,,,Ore processed,1,ore
MB-MAIN-b4ca1426,,Air,GHG,Emission,Unspecified,tCO2eq,45260.0,MB-MAIN-b4ca1426,,,,Ore processed,1,ore
ON-MAIN-bddeaef0,,Air,GHG,Emission,Unspecified,tCO2eq,14780.0,ON-MAIN-bddeaef0,,,,Ore processed,1,ore
NL-MAIN-d9036091,,Air,GHG,Emission,Unspecified,tCO2eq,41040.0,NL-MAIN-d9036091,"Ni, refining at Long Harbour",0.0,inf,Ore processed,1,ore
ON-MAIN-387b06fe,,Air,GHG,Emission,Unspecified,tCO2eq,18900.0,ON-MAIN-387b06fe,,,,Ore processed,1,ore
ON-MAIN-2e13aaa0,,Air,GHG,Emission,Unspecified,tCO2eq,13660.0,ON-MAIN-2e13aaa0,,,,Ore processed,1,ore
ON-MAIN-4c35e094,,Air,GHG,Emission,Unspecified,tCO2eq,15600.0,ON-MAIN-4c35e094,,,,Ore processed,1,ore
QC-MAIN-e7e6a960,,Air,NOx,Emission,,tonnes,4802.0,QC-MAIN-e7e6a960,"Au and Ag, Open-pit mining and beneficiation at Canadian Malartic",17332900.0,0.00027704538767315336,Ore processed,1,ore
QC-MAIN-e7e6a960,,Air,SOx,Emission,,tonnes,315.0,QC-MAIN-e7e6a960,"Au and Ag, Open-pit mining and beneficiation at Canadian Malartic",17332900.0,1.8173531261358456e-05,Ore processed,1,ore
BC-MAIN-857b7b89,,Water,Water,Withdrawal,,m3,7000.0,BC-MAIN-857b7b89,"Au, Underground mining and beneficiation at Brucejack",166000.0,0.04216867469879518,Ore processed,1,ore
QC-MAIN-e7e6a960,,Water,Water,Withdrawal,,m3,12904502.0,QC-MAIN-e7e6a960,"Au and Ag, Open-pit mining and beneficiation at Canadian Malartic",17332900.0,0.7445091127278182,Ore processed,1,ore
QC-MAIN-e7e6a960,,Water,Water,Consumption,,m3,12929907.0,QC-MAIN-e7e6a960,"Au and Ag, Open-pit mining and beneficiation at Canadian Malartic",17332900.0,0.7459748224474843,Ore processed,1,ore
QC-MAIN-e7e6a960,,Water,Water,Discharged,,m3,7468148.0,QC-MAIN-e7e6a960,"Au and Ag, Open-pit mining and beneficiation at Canadian Malartic",17332900.0,0.4308654639442909,Ore processed,1,ore
QC-MAIN-e7e6a960,,Land,,Occupation and transformation,,ha,2445.0,QC-MAIN-e7e6a960,"Au and Ag, Open-pit mining and beneficiation at Canadian Malartic",17332900.0,0.00014106121883816327,Ore processed,1,ore
QC-MAIN-e7e6a960,,Land,,Occupation and transformation,,ha,2074.0,QC-MAIN-e7e6a960,"Au and Ag, Open-pit mining and beneficiation at Canadian Malartic",17332900.0,0.00011965683757478552,Ore processed,1,ore
QC-MAIN-e7e6a960,,Land,,Occupation and transformation,,ha,371.0,QC-MAIN-e7e6a960,"Au and Ag, Open-pit mining and beneficiation at Canadian Malartic",17332900.0,2.140438126337774e-05,Ore processed,1,ore
ON-MAIN-aeafbb59,,Air,NOx,Emission,,tonnes,7414.0,ON-MAIN-aeafbb59,"Au and Ag, Open-pit mining and beneficiation at Detour Lake",25434853.5024164,0.0002914897858285539,Ore processed,1,ore
ON-MAIN-aeafbb59,,Air,SOx,Emission,,tonnes,486.0,ON-MAIN-aeafbb59,"Au and Ag, Open-pit mining and beneficiation at Detour Lake",25434853.5024164,1.9107639049457403e-05,Ore processed,1,ore
QC-MAIN-e7e6a960,,Water,Water,Withdrawal,,m3,635385.0,QC-MAIN-e7e6a960,"Au and Ag, Open-pit mining and beneficiation at Canadian Malartic",17332900.0,0.03665774336666109,Ore processed,1,ore
ON-MAIN-aeafbb59,,Water,Water,Withdrawal,,m3,595540.0,ON-MAIN-aeafbb59,"Au and Ag, Open-pit mining and beneficiation at Detour Lake",25434853.5024164,0.023414327900234285,Ore processed,1,ore
ON-MAIN-aeafbb59,,Water,Water,Consumption,,m3,6298809.0,ON-MAIN-aeafbb59,"Au and Ag, Open-pit mining and beneficiation at Detour Lake",25434853.5024164,0.24764479179727109,Ore processed,1,ore
ON-MAIN-aeafbb59,,Water,Water,Discharged,,m3,4374352.0,ON-MAIN-aeafbb59,"Au and Ag, Open-pit mining and beneficiation at Detour Lake",25434853.5024164,0.1719825907227821,Ore processed,1,ore
ON-MAIN-aeafbb59,,Land,,Occupation and transformation,,ha,64093.0,ON-MAIN-aeafbb59,"Au and Ag, Open-pit mining and beneficiation at Detour Lake",25434853.5024164,0.002519888702874225,Ore processed,1,ore
ON-MAIN-aeafbb59,,Land,,Occupation and transformation,,ha,3399.0,ON-MAIN-aeafbb59,"Au and Ag, Open-pit mining and beneficiation at Detour Lake",25434853.5024164,0.00013363552495700764,Ore processed,1,ore
ON-MAIN-aeafbb59,,Land,,Occupation and transformation,,ha,60694.0,ON-MAIN-aeafbb59,"Au and Ag, Open-pit mining and beneficiation at Detour Lake",25434853.5024164,0.0023862531779172175,Ore processed,1,ore
QC-MAIN-c0660aec,,Air,NOx,Emission,,tonnes,4.0,QC-MAIN-c0660aec,"Au and Cu, Underground mining and beneficiation at Goldex",2886927.328724,1.3855561794719541e-06,Ore processed,1,ore
QC-MAIN-c0660aec,,Air,SOx,Emission,,tonnes,38.0,QC-MAIN-c0660aec,"Au and Cu, Underground mining and beneficiation at Goldex",2886927.328724,1.3162783704983564e-05,Ore processed,1,ore
ON-MAIN-aeafbb59,,Water,Water,Withdrawal,,m3,595540.0,ON-MAIN-aeafbb59,"Au and Ag, Open-pit mining and beneficiation at Detour Lake",25434853.5024164,0.023414327900234285,Ore processed,1,ore
ON-MAIN-cb85213a,,Water,Water,Consumption,,m3,29350.0,ON-MAIN-cb85213a,"Au, Underground mining and beneficiation at Eagle River",222627.0,0.13183486279741452,Ore processed,1,ore
ON-MAIN-cb85213a,,Water,Water,Discharged,,m3,324347.0,ON-MAIN-cb85213a,"Au, Underground mining and beneficiation at Eagle River",222627.0,1.4569077425469508,Ore processed,1,ore
ON-MAIN-cb85213a,,Water,Water,Withdrawal,,m3,518856.0,ON-MAIN-cb85213a,"Au, Underground mining and beneficiation at Eagle River",222627.0,2.3306067997143205,Ore processed,1,ore
QC-MAIN-c0660aec,,Land,,Occupation and transformation,,ha,519.0,QC-MAIN-c0660aec,"Au and Cu, Underground mining and beneficiation at Goldex",2886927.328724,0.00017977591428648606,Ore processed,1,ore
QC-MAIN-c0660aec,,Land,,Occupation and transformation,,ha,330.0,QC-MAIN-c0660aec,"Au and Cu, Underground mining and beneficiation at Goldex",2886927.328724,0.00011430838480643622,Ore processed,1,ore
QC-MAIN-c0660aec,,Land,,Occupation and transformation,,ha,189.0,QC-MAIN-c0660aec,"Au and Cu, Underground mining and beneficiation at Goldex",2886927.328724,6.546752948004984e-05,Ore processed,1,ore
QC-MAIN-e51eda66,,Air,NOx,Emission,,tonnes,75.0,QC-MAIN-e51eda66,"Au and Ag and Cu and Zn, Underground mining and beneficiation at LaRonde",1501500.0,4.995004995004995e-05,Ore processed,1,ore
QC-MAIN-e51eda66,,Air,SOx,Emission,,tonnes,48.0,QC-MAIN-e51eda66,"Au and Ag and Cu and Zn, Underground mining and beneficiation at LaRonde",1501500.0,3.196803196803197e-05,Ore processed,1,ore
ON-MAIN-cb85213a,,Water,Water,Withdrawal,,m3,518856.0,ON-MAIN-cb85213a,"Au, Underground mining and beneficiation at Eagle River",222627.0,2.3306067997143205,Ore processed,1,ore
QC-MAIN-6dc537e6,,Water,Water,Discharged,,m3,2226014.0,QC-MAIN-6dc537e6,"Au and Ag, Underground mining and beneficiation at Éléonore",1661000.0,1.3401649608669477,Ore processed,1,ore
QC-MAIN-6dc537e6,,Water,Water,Consumption,,m3,1006445.0,QC-MAIN-6dc537e6,"Au and Ag, Underground mining and beneficiation at Éléonore",1661000.0,0.6059271523178807,Ore processed,1,ore
QC-MAIN-6dc537e6,,Water,Water,Withdrawal,,m3,3232459.0,QC-MAIN-6dc537e6,"Au and Ag, Underground mining and beneficiation at Éléonore",1661000.0,1.9460921131848283,Ore processed,1,ore
QC-MAIN-e51eda66,,Land,,Occupation and transformation,,ha,1367.0,QC-MAIN-e51eda66,"Au and Ag and Cu and Zn, Underground mining and beneficiation at LaRonde",1501500.0,0.0009104229104229104,Ore processed,1,ore
QC-MAIN-e51eda66,,Land,,Occupation and transformation,,ha,608.0,QC-MAIN-e51eda66,"Au and Ag and Cu and Zn, Underground mining and beneficiation at LaRonde",1501500.0,0.0004049284049284049,Ore processed,1,ore
QC-MAIN-e51eda66,,Land,,Occupation and transformation,,ha,759.0,QC-MAIN-e51eda66,"Au and Ag and Cu and Zn, Underground mining and beneficiation at LaRonde",1501500.0,0.0005054945054945055,Ore processed,1,ore
ON-MAIN-1f126a43,,Air,NOx,Emission,,tonnes,188.0,ON-MAIN-1f126a43,"Au, Underground mining and beneficiation at Macassa",441588.0,0.000425736206599817,Ore processed,1,ore
ON-MAIN-1f126a43,,Air,SOx,Emission,,tonnes,12.0,ON-MAIN-1f126a43,"Au, Underground mining and beneficiation at Macassa",441588.0,2.7174651485094703e-05,Ore processed,1,ore
BC-MAIN-6b4800fe,,Water,Water,Withdrawal,,m3,141000.0,BC-MAIN-6b4800fe,"Cu and Mo, Open-pit mining and beneficiation at Gibraltar",30000000.0,0.0047,Ore processed,1,ore
BC-MAIN-6b4800fe,,Water,Water,Consumption,,m3,6140000.0,BC-MAIN-6b4800fe,"Cu and Mo, Open-pit mining and beneficiation at Gibraltar",30000000.0,0.20466666666666666,Ore processed,1,ore
QC-MAIN-c0660aec,,Water,Water,Withdrawal,,m3,1823142.8,QC-MAIN-c0660aec,"Au and Cu, Underground mining and beneficiation at Goldex",2886927.328724,0.6315166931499503,Ore processed,1,ore
QC-MAIN-c0660aec,,Water,Water,Consumption,,m3,762807.5999999996,QC-MAIN-c0660aec,"Au and Cu, Underground mining and beneficiation at Goldex",2886927.328724,0.26422819598204256,Ore processed,1,ore
ON-MAIN-1f126a43,,Land,,Occupation and transformation,,ha,4039.0,ON-MAIN-1f126a43,"Au, Underground mining and beneficiation at Macassa",441588.0,0.009146534779024792,Ore processed,1,ore
ON-MAIN-1f126a43,,Land,,Occupation and transformation,,ha,410.0,ON-MAIN-1f126a43,"Au, Underground mining and beneficiation at Macassa",441588.0,0.000928467259074069,Ore processed,1,ore
ON-MAIN-1f126a43,,Land,,Occupation and transformation,,ha,3629.0,ON-MAIN-1f126a43,"Au, Underground mining and beneficiation at Macassa",441588.0,0.008218067519950724,Ore processed,1,ore
QC-MAIN-c0660aec,,Water,Water,Discharged,,m3,4366105.0,QC-MAIN-c0660aec,"Au and Cu, Underground mining and beneficiation at Goldex",2886927.328724,1.5123709407433492,Ore processed,1,ore
QC-MAIN-c0660aec,,Water,Water,Withdrawal,,m3,1823142.8,QC-MAIN-c0660aec,"Au and Cu, Underground mining and beneficiation at Goldex",2886927.328724,0.6315166931499503,Ore processed,1,ore
ON-MAIN-6e9be24e,,Water,Water,Discharged,,m3,2145.0,ON-MAIN-6e9be24e,"Au, Open-pit and underground mining and beneficiation at Hemlo (Williams)",1266009.0,0.0016943007514164591,Ore processed,1,ore
ON-MAIN-6e9be24e,,Water,Water,Consumption,,m3,39664.0,ON-MAIN-6e9be24e,"Au, Open-pit and underground mining and beneficiation at Hemlo (Williams)",1266009.0,0.0313299510509009,Ore processed,1,ore
NU-MAIN-8b0264c9,,Air,NOx,Emission,,tonnes,3625.0,NU-MAIN-8b0264c9,"Au and Ag, Open-pit and underground mining and beneficiation at Meliadine",1918143.0,0.00188984867134515,Ore processed,1,ore
NU-MAIN-8b0264c9,,Air,SOx,Emission,,tonnes,238.0,NU-MAIN-8b0264c9,"Au and Ag, Open-pit and underground mining and beneficiation at Meliadine",1918143.0,0.00012407834035314363,Ore processed,1,ore
ON-MAIN-6e9be24e,,Water,Water,Withdrawal,,m3,3343.0,ON-MAIN-6e9be24e,"Au, Open-pit and underground mining and beneficiation at Hemlo (Williams)",1266009.0,0.002640581544049055,Ore processed,1,ore
BC-MAIN-bf503b6b,,Water,Water,Discharged,,m3,1986930.9000000001,BC-MAIN-bf503b6b,"Cu and Mo, Open-pit mining and beneficiation at Highland Valley",215221530000.0,9.232026647148175e-06,Ore processed,1,ore
BC-MAIN-bf503b6b,,Water,Water,Consumption,,m3,23241256.0,BC-MAIN-bf503b6b,"Cu and Mo, Open-pit mining and beneficiation at Highland Valley",215221530000.0,0.00010798759770920688,Ore processed,1,ore
BC-MAIN-bf503b6b,,Water,Water,Withdrawal,,m3,17062697.5,BC-MAIN-bf503b6b,"Cu and Mo, Open-pit mining and beneficiation at Highland Valley",215221530000.0,7.92796961344899e-05,Ore processed,1,ore
NU-MAIN-8b0264c9,,Land,,Occupation and transformation,,ha,906.75,NU-MAIN-8b0264c9,"Au and Ag, Open-pit and underground mining and beneficiation at Meliadine",1918143.0,0.000472722836618542,Ore processed,1,ore
NU-MAIN-8b0264c9,,Land,,Occupation and transformation,,ha,633.0,NU-MAIN-8b0264c9,"Au and Ag, Open-pit and underground mining and beneficiation at Meliadine",1918143.0,0.00033000667833420135,Ore processed,1,ore
NU-MAIN-8b0264c9,,Land,,Occupation and transformation,,ha,273.75,NU-MAIN-8b0264c9,"Au and Ag, Open-pit and underground mining and beneficiation at Meliadine",1918143.0,0.00014271615828434064,Ore processed,1,ore
ON-MAIN-687b8c8d,,Air,Carbon monoxide,Emission,,tonnes,322.2,ON-MAIN-687b8c8d,"Au, Underground mining and beneficiation at Island",439008.0,0.000733927399956265,Ore processed,1,ore
ON-MAIN-687b8c8d,,Air,GHG,Emission,,tCO2eq,20111.0,ON-MAIN-687b8c8d,"Au, Underground mining and beneficiation at Island",439008.0,0.04581009913258984,Ore processed,1,ore
ON-MAIN-687b8c8d,,Air,GHG,Emission,,tCO2eq,2785.0,ON-MAIN-687b8c8d,"Au, Underground mining and beneficiation at Island",439008.0,0.006343847948101174,Ore processed,1,ore
ON-MAIN-687b8c8d,,Air,GHG,Emission,,tCO2eq,72766.0,ON-MAIN-687b8c8d,"Au, Underground mining and beneficiation at Island",439008.0,0.16575096581383483,Ore processed,1,ore
ON-MAIN-687b8c8d,,Air,Lead (and its compounds),Emission,,kg,0.332575576998,ON-MAIN-687b8c8d,"Au, Underground mining and beneficiation at Island",439008.0,7.575615410151979e-07,Ore processed,1,ore
ON-MAIN-687b8c8d,,Air,Mercury (and its compounds),Emission,,tonnes,1.90290400308735e-05,ON-MAIN-687b8c8d,"Au, Underground mining and beneficiation at Island",439008.0,4.334554274836336e-11,Ore processed,1,ore
ON-MAIN-687b8c8d,,Air,N2O,Emission,,tCO2eq,127.0,ON-MAIN-687b8c8d,"Au, Underground mining and beneficiation at Island",439008.0,0.0002892885778846855,Ore processed,1,ore
ON-MAIN-687b8c8d,,Air,NOx,Emission,,tonnes,440.2,ON-MAIN-687b8c8d,"Au, Underground mining and beneficiation at Island",439008.0,0.0010027152124790436,Ore processed,1,ore
ON-MAIN-687b8c8d,,Air,PM10 - Particulate Matter <= 10 Micrometers,Emission,,tonnes,83.19,ON-MAIN-687b8c8d,"Au, Underground mining and beneficiation at Island",439008.0,0.00018949540782855893,Ore processed,1,ore
ON-MAIN-687b8c8d,,Air,PFCs,Emission,,tCO2eq,31.0,ON-MAIN-687b8c8d,"Au, Underground mining and beneficiation at Island",439008.0,7.061374735767913e-05,Ore processed,1,ore
ON-MAIN-687b8c8d,,Air,PM2.5 - Particulate Matter <= 2.5 Micrometers,Emission,,tonnes,61.61,ON-MAIN-687b8c8d,"Au, Underground mining and beneficiation at Island",439008.0,0.0001403391282163423,Ore processed,1,ore
ON-MAIN-687b8c8d,,Air,Polycyclic aromatic hydrocarbons (PAH),Emission,,t,0.418,ON-MAIN-687b8c8d,"Au, Underground mining and beneficiation at Island",439008.0,9.521466579196734e-07,Ore processed,1,ore
ON-MAIN-687b8c8d,,Air,SOx,Emission,,tonnes,0.66,ON-MAIN-687b8c8d,"Au, Underground mining and beneficiation at Island",439008.0,1.5033894598731686e-06,Ore processed,1,ore
ON-MAIN-687b8c8d,,Air,Volatile Organic Compounds (Total),Emission,,tonnes,8.5,ON-MAIN-687b8c8d,"Au, Underground mining and beneficiation at Island",439008.0,1.936183395291202e-05,Ore processed,1,ore
ON-MAIN-687b8c8d,,Water,Water,Withdrawal,,m3,944300.0,ON-MAIN-687b8c8d,"Au, Underground mining and beneficiation at Island",439008.0,2.150985859027626,Ore processed,1,ore
ON-MAIN-687b8c8d,,Water,Water,Discharged,,m3,1428900.0,ON-MAIN-687b8c8d,"Au, Underground mining and beneficiation at Island",439008.0,3.25483818062541,Ore processed,1,ore
ON-MAIN-687b8c8d,,Water,Water,Consumption,,m3,-484600.0,ON-MAIN-687b8c8d,"Au, Underground mining and beneficiation at Island",439008.0,-1.103852321597784,Ore processed,1,ore
ON-MAIN-687b8c8d,,Land,,Occupation and transformation,,ha,1375.0,ON-MAIN-687b8c8d,"Au, Underground mining and beneficiation at Island",439008.0,0.003132061374735768,Ore processed,1,ore
ON-MAIN-687b8c8d,,Land,,Occupation and transformation,,ha,235.0,ON-MAIN-687b8c8d,"Au, Underground mining and beneficiation at Island",439008.0,0.0005352977622275676,Ore processed,1,ore
ON-MAIN-7607a50e,,Air,Carbon monoxide,Emission,,tonnes,187.6,ON-MAIN-7607a50e,"Au, Underground mining and beneficiation at Young-Davidson",2878047.0,6.51830911725903e-05,Ore processed,1,ore
ON-MAIN-7607a50e,,Air,GHG,Emission,,tCO2eq,21634.0,ON-MAIN-7607a50e,"Au, Underground mining and beneficiation at Young-Davidson",2878047.0,0.0075169029553721674,Ore processed,1,ore
ON-MAIN-7607a50e,,Air,GHG,Emission,,tCO2eq,8006.0,ON-MAIN-7607a50e,"Au, Underground mining and beneficiation at Young-Davidson",2878047.0,0.002781747483623443,Ore processed,1,ore
ON-MAIN-7607a50e,,Air,GHG,Emission,,tCO2eq,98564.0,ON-MAIN-7607a50e,"Au, Underground mining and beneficiation at Young-Davidson",2878047.0,0.03424683474592319,Ore processed,1,ore
ON-MAIN-7607a50e,,Air,N2O,Emission,,tCO2eq,73.0,ON-MAIN-7607a50e,"Au, Underground mining and beneficiation at Young-Davidson",2878047.0,2.536442247121051e-05,Ore processed,1,ore
ON-MAIN-7607a50e,,Air,NOx,Emission,,tonnes,28.103,ON-MAIN-7607a50e,"Au, Underground mining and beneficiation at Young-Davidson",2878047.0,9.764607735731905e-06,Ore processed,1,ore
ON-MAIN-7607a50e,,Air,PM10 - Particulate Matter <= 10 Micrometers,Emission,,tonnes,8.6,ON-MAIN-7607a50e,"Au, Underground mining and beneficiation at Young-Davidson",2878047.0,2.988137441813841e-06,Ore processed,1,ore
ON-MAIN-7607a50e,,Air,PM2.5 - Particulate Matter <= 2.5 Micrometers,Emission,,tonnes,2.6,ON-MAIN-7607a50e,"Au, Underground mining and beneficiation at Young-Davidson",2878047.0,9.033903893855799e-07,Ore processed,1,ore
ON-MAIN-7607a50e,,Air,Polycyclic aromatic hydrocarbons (PAH),Emission,,t,38.54224,ON-MAIN-7607a50e,"Au, Underground mining and beneficiation at Young-Davidson",2878047.0,1.3391803538997104e-05,Ore processed,1,ore
ON-MAIN-7607a50e,,Air,SOx,Emission,,tonnes,0.243,ON-MAIN-7607a50e,"Au, Underground mining and beneficiation at Young-Davidson",2878047.0,8.443225562334458e-08,Ore processed,1,ore
ON-MAIN-7607a50e,,Air,Volatile Organic Compounds (Total),Emission,,tonnes,31.552,ON-MAIN-7607a50e,"Au, Underground mining and beneficiation at Young-Davidson",2878047.0,1.0962989833036083e-05,Ore processed,1,ore
QC-MAIN-9de9bb0d,,Water,Water,Consumption,,m3,82144.0,QC-MAIN-9de9bb0d,"Au and Ag, Open-pit mining and beneficiation at Kiena",191148.0,0.4297403059409463,Ore processed,1,ore
QC-MAIN-9de9bb0d,,Water,Water,Discharged,,m3,536420.0,QC-MAIN-9de9bb0d,"Au and Ag, Open-pit mining and beneficiation at Kiena",191148.0,2.806307154665495,Ore processed,1,ore
QC-MAIN-9de9bb0d,,Water,Water,Withdrawal,,m3,168115.0,QC-MAIN-9de9bb0d,"Au and Ag, Open-pit mining and beneficiation at Kiena",191148.0,0.8795017473371419,Ore processed,1,ore
ON-MAIN-7607a50e,,Land,,Occupation and transformation,,ha,1413.0,ON-MAIN-7607a50e,"Au, Underground mining and beneficiation at Young-Davidson",2878047.0,0.0004909579308468555,Ore processed,1,ore
ON-MAIN-7607a50e,,Land,,Occupation and transformation,,ha,432.0,ON-MAIN-7607a50e,"Au, Underground mining and beneficiation at Young-Davidson",2878047.0,0.00015010178777483482,Ore processed,1,ore
NU-MAIN-5154702a,,Air,GHG,Emission,,tCO2eq,168888.0,NU-MAIN-5154702a,,5600000.0,0.030158571428571427,Ore processed,1,ore
NU-MAIN-5154702a,,Air,NOx,Emission,,tonnes,3702.0,NU-MAIN-5154702a,,5600000.0,0.0006610714285714286,Ore processed,1,ore
NU-MAIN-5154702a,,Air,SO2,Emission,,t,13.0,NU-MAIN-5154702a,,5600000.0,2.3214285714285715e-06,Ore processed,1,ore
NU-MAIN-5154702a,,Land,,Occupation and transformation,,ha,613.0,NU-MAIN-5154702a,,5600000.0,0.00010946428571428572,Ore processed,1,ore
ON-MAIN-6e9be24e,,Air,GHG,Emission,,tCO2eq,20000.0,ON-MAIN-6e9be24e,"Au, Open-pit and underground mining and beneficiation at Hemlo (Williams)",1266009.0,0.015797676003883068,Ore processed,1,ore
ON-MAIN-6e9be24e,,Air,GHG,Emission,,tCO2eq,5000.0,ON-MAIN-6e9be24e,"Au, Open-pit and underground mining and beneficiation at Hemlo (Williams)",1266009.0,0.003949419000970767,Ore processed,1,ore
QC-MAIN-9de9bb0d,,Water,Water,Withdrawal,,m3,168115.0,QC-MAIN-9de9bb0d,"Au and Ag, Open-pit mining and beneficiation at Kiena",191148.0,0.8795017473371419,Ore processed,1,ore
ON-MAIN-a3c56a83,,Water,Water,Withdrawal,,m3,2027000.0,ON-MAIN-a3c56a83,"Au and Pt and Pd, Open-pit and underground mining and beneficiation at Lac des Iles",3798000.0,0.5337019483938915,Ore processed,1,ore
ON-MAIN-a3c56a83,,Water,Water,Consumption,,m3,8930000.0,ON-MAIN-a3c56a83,"Au and Pt and Pd, Open-pit and underground mining and beneficiation at Lac des Iles",3798000.0,2.3512374934175884,Ore processed,1,ore
QC-MAIN-5ce331b8,,Air,GHG,Emission,,tCO2eq,50653.0,QC-MAIN-5ce331b8,"Cu and Ni, Open-pit and underground mining and beneficiation at Nunavik Nickel",1082352.94117647,0.046798967391304375,Ore processed,1,ore
QC-MAIN-5ce331b8,,Air,GHG,Emission,,tCO2eq,79822.0,QC-MAIN-5ce331b8,"Cu and Ni, Open-pit and underground mining and beneficiation at Nunavik Nickel",1082352.94117647,0.07374858695652178,Ore processed,1,ore
BC-MAIN-ed23117f,,Air,Carbon monoxide,Emission,,tonnes,150.43,BC-MAIN-ed23117f,"Au and Cu, Open-pit mining and beneficiation at Mount Milligan",21680000.0,6.938653136531365e-06,Ore processed,1,ore
BC-MAIN-ed23117f,,Air,GHG,Emission,,tCO2eq,72492.0,BC-MAIN-ed23117f,"Au and Cu, Open-pit mining and beneficiation at Mount Milligan",21680000.0,0.0033437269372693728,Ore processed,1,ore
BC-MAIN-ed23117f,,Air,GHG,Emission,,tCO2eq,7075.0,BC-MAIN-ed23117f,"Au and Cu, Open-pit mining and beneficiation at Mount Milligan",21680000.0,0.00032633763837638377,Ore processed,1,ore
BC-MAIN-ed23117f,,Air,NOx,Emission,,tonnes,61.0,BC-MAIN-ed23117f,"Au and Cu, Open-pit mining and beneficiation at Mount Milligan",21680000.0,2.8136531365313655e-06,Ore processed,1,ore
BC-MAIN-ed23117f,,Air,PM10 - Particulate Matter <= 10 Micrometers,Emission,,tonnes,2368.41,BC-MAIN-ed23117f,"Au and Cu, Open-pit mining and beneficiation at Mount Milligan",21680000.0,0.0001092440036900369,Ore processed,1,ore
BC-MAIN-ed23117f,,Air,PM2.5 - Particulate Matter <= 2.5 Micrometers,Emission,,tonnes,42.96,BC-MAIN-ed23117f,"Au and Cu, Open-pit mining and beneficiation at Mount Milligan",21680000.0,1.981549815498155e-06,Ore processed,1,ore
ON-MAIN-a3c56a83,,Water,Water,Discharged,,m3,1038000.0,ON-MAIN-a3c56a83,"Au and Pt and Pd, Open-pit and underground mining and beneficiation at Lac des Iles",3798000.0,0.27330173775671407,Ore processed,1,ore
QC-MAIN-f9e41c2a,,Water,Water,Withdrawal,,m3,3499000.0,QC-MAIN-f9e41c2a,"Au and Ag, Underground mining and beneficiation at Lamaque",838419.0,4.173330995600052,Ore processed,1,ore
QC-MAIN-f9e41c2a,,Air,GHG,Emission,,tCO2eq,18188.0,QC-MAIN-f9e41c2a,"Au and Ag, Underground mining and beneficiation at Lamaque",838419.0,0.021693210673899326,Ore processed,1,ore
QC-MAIN-f9e41c2a,,Air,GHG,Emission,,tCO2eq,100.0,QC-MAIN-f9e41c2a,"Au and Ag, Underground mining and beneficiation at Lamaque",838419.0,0.00011927210619034159,Ore processed,1,ore
QC-MAIN-f9e41c2a,,Water,Water,Consumption,,m3,1088000.0,QC-MAIN-f9e41c2a,"Au and Ag, Underground mining and beneficiation at Lamaque",838419.0,1.2976805153509163,Ore processed,1,ore
QC-MAIN-f9e41c2a,,Water,Water,Discharged,,m3,2411000.0,QC-MAIN-f9e41c2a,"Au and Ag, Underground mining and beneficiation at Lamaque",838419.0,2.8756504802491354,Ore processed,1,ore
QC-MAIN-e51eda66,,Water,Water,Withdrawal,,m3,1486950.0,QC-MAIN-e51eda66,"Au and Ag and Cu and Zn, Underground mining and beneficiation at LaRonde",1501500.0,0.9903096903096903,Ore processed,1,ore
QC-MAIN-f9e41c2a,,Land,,Occupation and transformation,,ha,277.6,QC-MAIN-f9e41c2a,"Au and Ag, Underground mining and beneficiation at Lamaque",838419.0,0.00033109936678438824,Ore processed,1,ore
ON-MAIN-7f050560,,Air,Carbon monoxide,Emission,,tonnes,1079.77,ON-MAIN-7f050560,"Au, Underground mining and beneficiation at Red Lake",841000.0,0.001283912009512485,Ore processed,1,ore
ON-MAIN-7f050560,,Air,GHG,Emission,,tCO2eq,25750.7471650174,ON-MAIN-7f050560,"Au, Underground mining and beneficiation at Red Lake",841000.0,0.030619199958403568,Ore processed,1,ore
ON-MAIN-7f050560,,Air,GHG,Emission,,tCO2eq,7448.959330755,ON-MAIN-7f050560,"Au, Underground mining and beneficiation at Red Lake",841000.0,0.008857264364750298,Ore processed,1,ore
ON-MAIN-7f050560,,Air,Lead (and its compounds),Emission,,kg,20.6055999999999,ON-MAIN-7f050560,"Au, Underground mining and beneficiation at Red Lake",841000.0,2.450130796670618e-05,Ore processed,1,ore
ON-MAIN-7f050560,,Air,Mercury (and its compounds),Emission,,tonnes,0.01356,ON-MAIN-7f050560,"Au, Underground mining and beneficiation at Red Lake",841000.0,1.6123662306777646e-08,Ore processed,1,ore
ON-MAIN-7f050560,,Air,NOx,Emission,,tonnes,17.688,ON-MAIN-7f050560,"Au, Underground mining and beneficiation at Red Lake",841000.0,2.1032104637336503e-05,Ore processed,1,ore
ON-MAIN-7f050560,,Air,PM10 - Particulate Matter <= 10 Micrometers,Emission,,tonnes,126.5,ON-MAIN-7f050560,"Au, Underground mining and beneficiation at Red Lake",841000.0,0.00015041617122473245,Ore processed,1,ore
ON-MAIN-7f050560,,Air,PM2.5 - Particulate Matter <= 2.5 Micrometers,Emission,,tonnes,112.97,ON-MAIN-7f050560,"Au, Underground mining and beneficiation at Red Lake",841000.0,0.0001343281807372176,Ore processed,1,ore
ON-MAIN-7f050560,,Air,SOx,Emission,,tonnes,1.438,ON-MAIN-7f050560,"Au, Underground mining and beneficiation at Red Lake",841000.0,1.7098692033293697e-06,Ore processed,1,ore
ON-MAIN-7f050560,,Air,Volatile Organic Compounds (Total),Emission,,tonnes,4.716,ON-MAIN-7f050560,"Au, Underground mining and beneficiation at Red Lake",841000.0,5.607609988109394e-06,Ore processed,1,ore
QC-MAIN-e51eda66,,Water,Water,Consumption,,m3,1014537.0500000004,QC-MAIN-e51eda66,"Au and Ag and Cu and Zn, Underground mining and beneficiation at LaRonde",1501500.0,0.6756823509823513,Ore processed,1,ore
QC-MAIN-e51eda66,,Water,Water,Discharged,,m3,4118213.9,QC-MAIN-e51eda66,"Au and Ag and Cu and Zn, Underground mining and beneficiation at LaRonde",1501500.0,2.7427332001332,Ore processed,1,ore
QC-MAIN-e51eda66,,Water,Water,Withdrawal,,m3,1486950.0,QC-MAIN-e51eda66,"Au and Ag and Cu and Zn, Underground mining and beneficiation at LaRonde",1501500.0,0.9903096903096903,Ore processed,1,ore
QC-MAIN-b86f7d07,,Air,GHG,Emission,,tCO2eq,33340.0,QC-MAIN-b86f7d07,"Au and Ag, Open-pit and underground mining and beneficiation at Casa Berardi",1361450.0,0.024488596716735832,Ore processed,1,ore
QC-MAIN-b86f7d07,,Air,GHG,Emission,,tCO2eq,179.0,QC-MAIN-b86f7d07,"Au and Ag, Open-pit and underground mining and beneficiation at Casa Berardi",1361450.0,0.0001314774688750964,Ore processed,1,ore
YT-MAIN-44857446,,Air,GHG,Emission,,tCO2eq,7271.0,YT-MAIN-44857446,"Ag and Zn and Pb, Underground mining and beneficiation at Keno Hill Silver District",127307.0,0.05711390575537873,Ore processed,1,ore
YT-MAIN-44857446,,Air,GHG,Emission,,tCO2eq,1408.0,YT-MAIN-44857446,"Ag and Zn and Pb, Underground mining and beneficiation at Keno Hill Silver District",127307.0,0.011059878875474247,Ore processed,1,ore
BC-MAIN-599152a0,,Air,GHG,Emission,,tCO2eq,67000.0,BC-MAIN-599152a0,"Au and Ag and Cu, Open-pit mining and beneficiation at Copper Mountain",6862152.0,0.009763700949789513,Ore processed,1,ore
BC-MAIN-599152a0,,Air,GHG,Emission,,tCO2eq,8000.0,BC-MAIN-599152a0,"Au and Ag and Cu, Open-pit mining and beneficiation at Copper Mountain",6862152.0,0.0011658150387808372,Ore processed,1,ore
QC-MAIN-02884fb5,,Air,Carbon monoxide,Emission,,tonnes,2.235,QC-MAIN-02884fb5,"Au and Ag, Underground mining and beneficiation at Westwood-Doyon",1034000.0,2.1615087040618954e-06,Ore processed,1,ore
QC-MAIN-02884fb5,,Air,GHG,Emission,,tCO2eq,18521.1,QC-MAIN-02884fb5,"Au and Ag, Underground mining and beneficiation at Westwood-Doyon",1034000.0,0.017912088974854933,Ore processed,1,ore
QC-MAIN-02884fb5,,Air,GHG,Emission,,tCO2eq,189.9,QC-MAIN-02884fb5,"Au and Ag, Underground mining and beneficiation at Westwood-Doyon",1034000.0,0.00018365570599613153,Ore processed,1,ore
QC-MAIN-02884fb5,,Air,NOx,Emission,,tonnes,7.518,QC-MAIN-02884fb5,"Au and Ag, Underground mining and beneficiation at Westwood-Doyon",1034000.0,7.2707930367504835e-06,Ore processed,1,ore
QC-MAIN-02884fb5,,Air,PM10 - Particulate Matter <= 10 Micrometers,Emission,,tonnes,54.561,QC-MAIN-02884fb5,"Au and Ag, Underground mining and beneficiation at Westwood-Doyon",1034000.0,5.2766924564796904e-05,Ore processed,1,ore
QC-MAIN-02884fb5,,Air,PM2.5 - Particulate Matter <= 2.5 Micrometers,Emission,,tonnes,5.636,QC-MAIN-02884fb5,"Au and Ag, Underground mining and beneficiation at Westwood-Doyon",1034000.0,5.450676982591876e-06,Ore processed,1,ore
QC-MAIN-02884fb5,,Air,SOx,Emission,,tonnes,0.016300000000000002,QC-MAIN-02884fb5,"Au and Ag, Underground mining and beneficiation at Westwood-Doyon",1034000.0,1.5764023210831724e-08,Ore processed,1,ore
QC-MAIN-02884fb5,,Air,Volatile Organic Compounds (Total),Emission,,tonnes,0.1524,QC-MAIN-02884fb5,"Au and Ag, Underground mining and beneficiation at Westwood-Doyon",1034000.0,1.4738878143133464e-07,Ore processed,1,ore
ON-MAIN-1f126a43,,Water,Water,Withdrawal,,m3,193004.0,ON-MAIN-1f126a43,"Au, Underground mining and beneficiation at Macassa",441588.0,0.4370680362691015,Ore processed,1,ore
ON-MAIN-1f126a43,,Water,Water,Consumption,,m3,3069283.0,ON-MAIN-1f126a43,"Au, Underground mining and beneficiation at Macassa",441588.0,6.95055798617716,Ore processed,1,ore
ON-MAIN-1f126a43,,Water,Water,Discharged,,m3,3803986.0,ON-MAIN-1f126a43,"Au, Underground mining and beneficiation at Macassa",441588.0,8.614332817014954,Ore processed,1,ore
QC-MAIN-02884fb5,,Land,,Occupation and transformation,,ha,1014.81,QC-MAIN-02884fb5,"Au and Ag, Underground mining and beneficiation at Westwood-Doyon",1034000.0,0.000981441005802708,Ore processed,1,ore
ON-MAIN-a3c56a83,,Air,GHG,Emission,,tCO2eq,59145.0,ON-MAIN-a3c56a83,"Au and Pt and Pd, Open-pit and underground mining and beneficiation at Lac des Iles",3798000.0,0.01557266982622433,Ore processed,1,ore
ON-MAIN-a3c56a83,,Air,GHG,Emission,,tCO2eq,13365.0,ON-MAIN-a3c56a83,"Au and Pt and Pd, Open-pit and underground mining and beneficiation at Lac des Iles",3798000.0,0.003518957345971564,Ore processed,1,ore
ON-MAIN-1f126a43,,Water,Water,Withdrawal,,m3,193004.0,ON-MAIN-1f126a43,"Au, Underground mining and beneficiation at Macassa",441588.0,0.4370680362691015,Ore processed,1,ore
ON-MAIN-a3c56a83,,Land,,Occupation and transformation,,ha,6070.0,ON-MAIN-a3c56a83,"Au and Pt and Pd, Open-pit and underground mining and beneficiation at Lac des Iles",3798000.0,0.0015982095839915745,Ore processed,1,ore
NL-MAIN-dd723db4,,Air,GHG,Emission,,tCO2eq,896.0,NL-MAIN-dd723db4,,16478000.0,5.437553101104503e-05,Ore processed,1,ore
BC-MAIN-aa76f6f2,,Air,GHG,Emission,,tCO2eq,15908.3,BC-MAIN-aa76f6f2,"Au and Cu, Underground mining and beneficiation at New Afton",3065000.0,0.005190309951060359,Ore processed,1,ore
BC-MAIN-aa76f6f2,,Air,GHG,Emission,,tCO2eq,2326.7,BC-MAIN-aa76f6f2,"Au and Cu, Underground mining and beneficiation at New Afton",3065000.0,0.0007591190864600325,Ore processed,1,ore
NU-MAIN-8b0264c9,,Water,Water,Withdrawal,,m3,525400.0,NU-MAIN-8b0264c9,"Au and Ag, Open-pit and underground mining and beneficiation at Meliadine",1918143.0,0.2739107563930322,Ore processed,1,ore
BC-MAIN-aa76f6f2,,Land,,Occupation and transformation,,ha,377.5,BC-MAIN-aa76f6f2,"Au and Cu, Underground mining and beneficiation at New Afton",3065000.0,0.0001231647634584013,Ore processed,1,ore
ON-MAIN-0aadf28f,,Air,GHG,Emission,,tCO2eq,127029.0,ON-MAIN-0aadf28f,"Au, Open-pit and underground mining and beneficiation at Rainy River",8764000.0,0.0144944089456869,Ore processed,1,ore
ON-MAIN-0aadf28f,,Air,GHG,Emission,,tCO2eq,12459.0,ON-MAIN-0aadf28f,"Au, Open-pit and underground mining and beneficiation at Rainy River",8764000.0,0.0014216111364673664,Ore processed,1,ore
NU-MAIN-8b0264c9,,Water,Water,Withdrawal,,m3,525400.0,NU-MAIN-8b0264c9,"Au and Ag, Open-pit and underground mining and beneficiation at Meliadine",1918143.0,0.2739107563930322,Ore processed,1,ore
NU-MAIN-8b0264c9,,Water,Water,Consumption,,m3,454993.0,NU-MAIN-8b0264c9,"Au and Ag, Open-pit and underground mining and beneficiation at Meliadine",1918143.0,0.23720494248864657,Ore processed,1,ore
NU-MAIN-8b0264c9,,Water,Water,Discharged,,m3,419380.0,NU-MAIN-8b0264c9,"Au and Ag, Open-pit and underground mining and beneficiation at Meliadine",1918143.0,0.2186385478037873,Ore processed,1,ore
ON-MAIN-0aadf28f,,Land,,Occupation and transformation,,ha,3019.4,ON-MAIN-0aadf28f,"Au, Open-pit and underground mining and beneficiation at Rainy River",8764000.0,0.00034452304883614786,Ore processed,1,ore
BC-MAIN-857b7b89,,Air,GHG,Emission,,tCO2eq,30881.4624643865,BC-MAIN-857b7b89,"Au, Underground mining and beneficiation at Brucejack",166000.0,0.18603290641196688,Ore processed,1,ore
BC-MAIN-857b7b89,,Air,GHG,Emission,,tCO2eq,1153.8249914,BC-MAIN-857b7b89,"Au, Underground mining and beneficiation at Brucejack",166000.0,0.006950752960240964,Ore processed,1,ore
BC-MAIN-857b7b89,,Air,GHG,Emission,,tCO2eq,77581.0333833111,BC-MAIN-857b7b89,"Au, Underground mining and beneficiation at Brucejack",166000.0,0.46735562279103077,Ore processed,1,ore
BC-MAIN-ed23117f,,Water,Water,Withdrawal,,m3,8109999.999999999,BC-MAIN-ed23117f,"Au and Cu, Open-pit mining and beneficiation at Mount Milligan",21680000.0,0.3740774907749077,Ore processed,1,ore
QC-MAIN-6dc537e6,,Air,Carbon monoxide,Emission,,tonnes,159.2,QC-MAIN-6dc537e6,"Au and Ag, Underground mining and beneficiation at Éléonore",1661000.0,9.584587597832631e-05,Ore processed,1,ore
QC-MAIN-6dc537e6,,Air,GHG,Emission,,tCO2eq,39711.8671411138,QC-MAIN-6dc537e6,"Au and Ag, Underground mining and beneficiation at Éléonore",1661000.0,0.023908408874842746,Ore processed,1,ore
QC-MAIN-6dc537e6,,Air,GHG,Emission,,tCO2eq,371.76247935,QC-MAIN-6dc537e6,"Au and Ag, Underground mining and beneficiation at Éléonore",1661000.0,0.00022381847040939192,Ore processed,1,ore
QC-MAIN-6dc537e6,,Air,GHG,Emission,,tCO2eq,98442.9768080408,QC-MAIN-6dc537e6,"Au and Ag, Underground mining and beneficiation at Éléonore",1661000.0,0.05926729488744178,Ore processed,1,ore
QC-MAIN-6dc537e6,,Air,NOx,Emission,,tonnes,111.3,QC-MAIN-6dc537e6,"Au and Ag, Underground mining and beneficiation at Éléonore",1661000.0,6.700782661047562e-05,Ore processed,1,ore
QC-MAIN-6dc537e6,,Air,PM10 - Particulate Matter <= 10 Micrometers,Emission,,tonnes,900.0,QC-MAIN-6dc537e6,"Au and Ag, Underground mining and beneficiation at Éléonore",1661000.0,0.0005418422636965683,Ore processed,1,ore
QC-MAIN-6dc537e6,,Air,PM2.5 - Particulate Matter <= 2.5 Micrometers,Emission,,tonnes,321.7,QC-MAIN-6dc537e6,"Au and Ag, Underground mining and beneficiation at Éléonore",1661000.0,0.00019367850692354003,Ore processed,1,ore
QC-MAIN-6dc537e6,,Air,Polycyclic aromatic hydrocarbons (PAH),Emission,,t,0.0011,QC-MAIN-6dc537e6,"Au and Ag, Underground mining and beneficiation at Éléonore",1661000.0,6.622516556291391e-10,Ore processed,1,ore
QC-MAIN-6dc537e6,,Air,SOx,Emission,,tonnes,4.8,QC-MAIN-6dc537e6,"Au and Ag, Underground mining and beneficiation at Éléonore",1661000.0,2.8898254063816975e-06,Ore processed,1,ore
QC-MAIN-6dc537e6,,Air,Volatile Organic Compounds (Total),Emission,,tonnes,2.4,QC-MAIN-6dc537e6,"Au and Ag, Underground mining and beneficiation at Éléonore",1661000.0,1.4449127031908487e-06,Ore processed,1,ore
BC-MAIN-ed23117f,,Water,Water,Consumption,,m3,9110000.0,BC-MAIN-ed23117f,"Au and Cu, Open-pit mining and beneficiation at Mount Milligan",21680000.0,0.4202029520295203,Ore processed,1,ore
ON-MAIN-fefeaee4,,Water,Water,Withdrawal,,m3,1552393.1809999999,ON-MAIN-fefeaee4,"Au, Underground mining and beneficiation at Musselwhite",1028000.0,1.5101100982490272,Ore processed,1,ore
ON-MAIN-fefeaee4,,Water,Water,Discharged,,m3,1543354.5,ON-MAIN-fefeaee4,"Au, Underground mining and beneficiation at Musselwhite",1028000.0,1.501317607003891,Ore processed,1,ore
QC-MAIN-6dc537e6,,Land,,Occupation and transformation,,ha,398.0604,QC-MAIN-6dc537e6,"Au and Ag, Underground mining and beneficiation at Éléonore",1661000.0,0.00023965105358217942,Ore processed,1,ore
ON-MAIN-fefeaee4,,Air,Arsenic (and its compounds),Emission,,kg,5.6701,ON-MAIN-fefeaee4,"Au, Underground mining and beneficiation at Musselwhite",1028000.0,5.515661478599221e-06,Ore processed,1,ore
ON-MAIN-fefeaee4,,Air,Carbon monoxide,Emission,,tonnes,226.22,ON-MAIN-fefeaee4,"Au, Underground mining and beneficiation at Musselwhite",1028000.0,0.00022005836575875485,Ore processed,1,ore
ON-MAIN-fefeaee4,,Air,GHG,Emission,,tCO2eq,40394.4169076851,ON-MAIN-fefeaee4,"Au, Underground mining and beneficiation at Musselwhite",1028000.0,0.03929417987128901,Ore processed,1,ore
ON-MAIN-fefeaee4,,Air,GHG,Emission,,tCO2eq,3597.5544,ON-MAIN-fefeaee4,"Au, Underground mining and beneficiation at Musselwhite",1028000.0,0.0034995665369649807,Ore processed,1,ore
ON-MAIN-fefeaee4,,Air,GHG,Emission,,tCO2eq,71787.5495982785,ON-MAIN-fefeaee4,"Au, Underground mining and beneficiation at Musselwhite",1028000.0,0.0698322466909324,Ore processed,1,ore
ON-MAIN-fefeaee4,,Air,Lead (and its compounds),Emission,,kg,89.9133,ON-MAIN-fefeaee4,"Au, Underground mining and beneficiation at Musselwhite",1028000.0,8.746429961089495e-05,Ore processed,1,ore
ON-MAIN-fefeaee4,,Air,Mercury (and its compounds),Emission,,tonnes,0.0002713,ON-MAIN-fefeaee4,"Au, Underground mining and beneficiation at Musselwhite",1028000.0,2.639105058365759e-10,Ore processed,1,ore
ON-MAIN-fefeaee4,,Air,NOx,Emission,,tonnes,298.296,ON-MAIN-fefeaee4,"Au, Underground mining and beneficiation at Musselwhite",1028000.0,0.00029017120622568094,Ore processed,1,ore
ON-MAIN-fefeaee4,,Air,PM10 - Particulate Matter <= 10 Micrometers,Emission,,tonnes,72.34,ON-MAIN-fefeaee4,"Au, Underground mining and beneficiation at Musselwhite",1028000.0,7.036964980544748e-05,Ore processed,1,ore
ON-MAIN-fefeaee4,,Air,PM2.5 - Particulate Matter <= 2.5 Micrometers,Emission,,tonnes,36.22,ON-MAIN-fefeaee4,"Au, Underground mining and beneficiation at Musselwhite",1028000.0,3.523346303501945e-05,Ore processed,1,ore
ON-MAIN-fefeaee4,,Air,Selenium (and its compounds),Emission,,kg,0.7141,ON-MAIN-fefeaee4,"Au, Underground mining and beneficiation at Musselwhite",1028000.0,6.946498054474708e-07,Ore processed,1,ore
ON-MAIN-fefeaee4,,Air,SOx,Emission,,tonnes,1.878,ON-MAIN-fefeaee4,"Au, Underground mining and beneficiation at Musselwhite",1028000.0,1.8268482490272372e-06,Ore processed,1,ore
ON-MAIN-fefeaee4,,Air,Volatile Organic Compounds (Total),Emission,,tonnes,4.625,ON-MAIN-fefeaee4,"Au, Underground mining and beneficiation at Musselwhite",1028000.0,4.499027237354085e-06,Ore processed,1,ore
ON-MAIN-fefeaee4,,Water,Water,Consumption,,m3,562159.181,ON-MAIN-fefeaee4,"Au, Underground mining and beneficiation at Musselwhite",1028000.0,0.5468474523346303,Ore processed,1,ore
BC-MAIN-aa76f6f2,,Water,Water,Discharged,,m3,0.0,BC-MAIN-aa76f6f2,"Au and Cu, Underground mining and beneficiation at New Afton",3065000.0,0.0,Ore processed,1,ore
BC-MAIN-aa76f6f2,,Water,Water,Consumption,,m3,3111320.0,BC-MAIN-aa76f6f2,"Au and Cu, Underground mining and beneficiation at New Afton",3065000.0,1.0151125611745513,Ore processed,1,ore
ON-MAIN-fefeaee4,,Land,,Occupation and transformation,,ha,701.81,ON-MAIN-fefeaee4,"Au, Underground mining and beneficiation at Musselwhite",1028000.0,0.0006826945525291829,Ore processed,1,ore
BC-MAIN-aa76f6f2,,Water,Water,Withdrawal,,m3,1534552.0,BC-MAIN-aa76f6f2,"Au and Cu, Underground mining and beneficiation at New Afton",3065000.0,0.5006694942903752,Ore processed,1,ore
BC-MAIN-8eb8be0d,,Air,GHG,Emission,,tCO2eq,112383.583535172,BC-MAIN-8eb8be0d,"Au and Cu, Open-pit mining and beneficiation at Red Chris",1139000.0,0.09866864226090606,Ore processed,1,ore
BC-MAIN-8eb8be0d,,Air,GHG,Emission,,tCO2eq,2584.5738038,BC-MAIN-8eb8be0d,"Au and Cu, Open-pit mining and beneficiation at Red Chris",1139000.0,0.00226916049499561,Ore processed,1,ore
BC-MAIN-8eb8be0d,,Air,GHG,Emission,,tCO2eq,226738.876758327,BC-MAIN-8eb8be0d,"Au and Cu, Open-pit mining and beneficiation at Red Chris",1139000.0,0.19906837292214838,Ore processed,1,ore
ON-MAIN-0aadf28f,,Water,Water,Discharged,,m3,4552517.0,ON-MAIN-0aadf28f,"Au, Open-pit and underground mining and beneficiation at Rainy River",8764000.0,0.519456526700137,Ore processed,1,ore
ON-MAIN-0aadf28f,,Water,Water,Consumption,,m3,6336704.0,ON-MAIN-0aadf28f,"Au, Open-pit and underground mining and beneficiation at Rainy River",8764000.0,0.72303788224555,Ore processed,1,ore
ON-MAIN-0aadf28f,,Water,Water,Withdrawal,,m3,9600732.0,ON-MAIN-0aadf28f,"Au, Open-pit and underground mining and beneficiation at Rainy River",8764000.0,1.0954737562756731,Ore processed,1,ore
BC-MAIN-8eb8be0d,,Water,Water,Withdrawal,,m3,1042000.0,BC-MAIN-8eb8be0d,"Au and Cu, Open-pit mining and beneficiation at Red Chris",1139000.0,0.9148375768217735,Ore processed,1,ore
ON-MAIN-7f050560,,Water,Water,Withdrawal,,m3,2565000.0,ON-MAIN-7f050560,"Au, Underground mining and beneficiation at Red Lake",841000.0,3.0499405469678953,Ore processed,1,ore
ON-MAIN-7f050560,,Water,Water,Consumption,,m3,2565000.0,ON-MAIN-7f050560,"Au, Underground mining and beneficiation at Red Lake",841000.0,3.0499405469678953,Ore processed,1,ore
NL-MAIN-b64bae7a,,Air,GHG,Emission,,tCO2eq,103569.0,NL-MAIN-b64bae7a,,3560000.0,0.02909241573033708,Ore processed,1,ore
NL-MAIN-b64bae7a,,Air,GHG,Emission,,tCO2eq,5821.0,NL-MAIN-b64bae7a,,3560000.0,0.0016351123595505618,Ore processed,1,ore
ON-MAIN-7f050560,,Water,Water,Discharged,,m3,1968.41493,ON-MAIN-7f050560,"Au, Underground mining and beneficiation at Red Lake",841000.0,0.002340564720570749,Ore processed,1,ore
BC-MAIN-bf503b6b,,Air,Carbon monoxide,Emission,,tonnes,707.8,BC-MAIN-bf503b6b,"Cu and Mo, Open-pit mining and beneficiation at Highland Valley",215221530000.0,3.288704433984834e-09,Ore processed,1,ore
BC-MAIN-bf503b6b,,Air,NO2,Emission,,t,175.6,BC-MAIN-bf503b6b,"Cu and Mo, Open-pit mining and beneficiation at Highland Valley",215221530000.0,8.159035018476079e-10,Ore processed,1,ore
BC-MAIN-bf503b6b,,Air,SO2,Emission,,t,1.701,BC-MAIN-bf503b6b,"Cu and Mo, Open-pit mining and beneficiation at Highland Valley",215221530000.0,7.903484377236794e-12,Ore processed,1,ore
BC-MAIN-bf503b6b,,Air,Total particulate matter,Emission,,tonnes,7.74,BC-MAIN-bf503b6b,"Cu and Mo, Open-pit mining and beneficiation at Highland Valley",215221530000.0,3.596294478531028e-11,Ore processed,1,ore
BC-MAIN-bf503b6b,,Air,Volatile Organic Compounds (Total),Emission,,tonnes,45.9,BC-MAIN-bf503b6b,"Cu and Mo, Open-pit mining and beneficiation at Highland Valley",215221530000.0,2.1326862605242143e-10,Ore processed,1,ore
BC-MAIN-3bb6b7cd,,Air,Carbon monoxide,Emission,,tonnes,83.88,BC-MAIN-3bb6b7cd,"Zn, refining at Trail",0.0,inf,Ore processed,1,ore
BC-MAIN-3bb6b7cd,,Air,Mercury (and its compounds),Emission,,tonnes,0.26734,BC-MAIN-3bb6b7cd,"Zn, refining at Trail",0.0,inf,Ore processed,1,ore
BC-MAIN-3bb6b7cd,,Air,NO2,Emission,,t,453.05,BC-MAIN-3bb6b7cd,"Zn, refining at Trail",0.0,inf,Ore processed,1,ore
BC-MAIN-3bb6b7cd,,Air,SO2,Emission,,t,1916.1,BC-MAIN-3bb6b7cd,"Zn, refining at Trail",0.0,inf,Ore processed,1,ore
BC-MAIN-3bb6b7cd,,Air,Total particulate matter,Emission,,tonnes,67.37,BC-MAIN-3bb6b7cd,"Zn, refining at Trail",0.0,inf,Ore processed,1,ore
BC-MAIN-3bb6b7cd,,Air,Volatile Organic Compounds (Total),Emission,,tonnes,12.52,BC-MAIN-3bb6b7cd,"Zn, refining at Trail",0.0,inf,Ore processed,1,ore
BC-MAIN-3bb6b7cd,,Water,Water,Withdrawal,,m3,73097570.0,BC-MAIN-3bb6b7cd,"Zn, refining at Trail",0.0,inf,Ore processed,1,ore
ON-MAIN-cb85213a,,Air,Carbon monoxide,Emission,,tonnes,18.67,ON-MAIN-cb85213a,"Au, Underground mining and beneficiation at Eagle River",222627.0,8.386224492087663e-05,Ore processed,1,ore
ON-MAIN-cb85213a,,Air,GHG,Emission,,tCO2eq,12303.0,ON-MAIN-cb85213a,"Au, Underground mining and beneficiation at Eagle River",222627.0,0.05526283873923648,Ore processed,1,ore
ON-MAIN-cb85213a,,Air,GHG,Emission,,tCO2eq,2791.0,ON-MAIN-cb85213a,"Au, Underground mining and beneficiation at Eagle River",222627.0,0.012536664465675772,Ore processed,1,ore
ON-MAIN-cb85213a,,Air,Lead (and its compounds),Emission,,kg,0.05,ON-MAIN-cb85213a,"Au, Underground mining and beneficiation at Eagle River",222627.0,2.2459090766169423e-07,Ore processed,1,ore
ON-MAIN-cb85213a,,Air,Mercury (and its compounds),Emission,,tonnes,0.0,ON-MAIN-cb85213a,"Au, Underground mining and beneficiation at Eagle River",222627.0,0.0,Ore processed,1,ore
ON-MAIN-cb85213a,,Air,NO2,Emission,,t,10.92,ON-MAIN-cb85213a,"Au, Underground mining and beneficiation at Eagle River",222627.0,4.905065423331402e-05,Ore processed,1,ore
ON-MAIN-cb85213a,,Air,SO2,Emission,,t,0.61,ON-MAIN-cb85213a,"Au, Underground mining and beneficiation at Eagle River",222627.0,2.7400090734726696e-06,Ore processed,1,ore
ON-MAIN-cb85213a,,Air,Volatile Organic Compounds (Total),Emission,,tonnes,0.2,ON-MAIN-cb85213a,"Au, Underground mining and beneficiation at Eagle River",222627.0,8.983636306467769e-07,Ore processed,1,ore
BC-MAIN-3bb6b7cd,,Water,Water,Discharged,,m3,66314803.0,BC-MAIN-3bb6b7cd,"Zn, refining at Trail",0.0,inf,Ore processed,1,ore
BC-MAIN-3bb6b7cd,,Water,Water,Consumption,,m3,6782767.0,BC-MAIN-3bb6b7cd,"Zn, refining at Trail",0.0,inf,Ore processed,1,ore
QC-MAIN-02884fb5,,Water,Water,Discharged,,m3,6038800.0,QC-MAIN-02884fb5,"Au and Ag, Underground mining and beneficiation at Westwood-Doyon",1034000.0,5.840232108317215,Ore processed,1,ore
QC-MAIN-02884fb5,,Water,Water,Consumption,,m3,-893699.9999999998,QC-MAIN-02884fb5,"Au and Ag, Underground mining and beneficiation at Westwood-Doyon",1034000.0,-0.8643133462282396,Ore processed,1,ore
QC-MAIN-9de9bb0d,,Air,Carbon monoxide,Emission,,tonnes,21.85,QC-MAIN-9de9bb0d,"Au and Ag, Open-pit mining and beneficiation at Kiena",191148.0,0.0001143093309895997,Ore processed,1,ore
QC-MAIN-9de9bb0d,,Air,GHG,Emission,,tCO2eq,4109.0,QC-MAIN-9de9bb0d,"Au and Ag, Open-pit mining and beneficiation at Kiena",191148.0,0.021496432084039594,Ore processed,1,ore
QC-MAIN-9de9bb0d,,Air,GHG,Emission,,tCO2eq,64.0,QC-MAIN-9de9bb0d,"Au and Ag, Open-pit mining and beneficiation at Kiena",191148.0,0.0003348190930587817,Ore processed,1,ore
QC-MAIN-9de9bb0d,,Air,Lead (and its compounds),Emission,,kg,0.00061,QC-MAIN-9de9bb0d,"Au and Ag, Open-pit mining and beneficiation at Kiena",191148.0,3.191244480716513e-09,Ore processed,1,ore
QC-MAIN-9de9bb0d,,Air,Mercury (and its compounds),Emission,,tonnes,1.5e-07,QC-MAIN-9de9bb0d,"Au and Ag, Open-pit mining and beneficiation at Kiena",191148.0,7.847322493565195e-13,Ore processed,1,ore
QC-MAIN-9de9bb0d,,Air,NO2,Emission,,t,1.47,QC-MAIN-9de9bb0d,"Au and Ag, Open-pit mining and beneficiation at Kiena",191148.0,7.69037604369389e-06,Ore processed,1,ore
QC-MAIN-9de9bb0d,,Air,SO2,Emission,,t,1.14,QC-MAIN-9de9bb0d,"Au and Ag, Open-pit mining and beneficiation at Kiena",191148.0,5.963965095109548e-06,Ore processed,1,ore
QC-MAIN-9de9bb0d,,Air,Volatile Organic Compounds (Total),Emission,,tonnes,0.99,QC-MAIN-9de9bb0d,"Au and Ag, Open-pit mining and beneficiation at Kiena",191148.0,5.179232845753029e-06,Ore processed,1,ore
QC-MAIN-02884fb5,,Water,Water,Withdrawal,,m3,5145100.0,QC-MAIN-02884fb5,"Au and Ag, Underground mining and beneficiation at Westwood-Doyon",1034000.0,4.975918762088975,Ore processed,1,ore
ON-MAIN-7607a50e,,Water,Water,Withdrawal,,m3,2879300.0,ON-MAIN-7607a50e,"Au, Underground mining and beneficiation at Young-Davidson",2878047.0,1.0004353646761155,Ore processed,1,ore
ON-MAIN-7607a50e,,Water,Water,Discharged,,m3,1088500.0,ON-MAIN-7607a50e,"Au, Underground mining and beneficiation at Young-Davidson",2878047.0,0.37820786109469373,Ore processed,1,ore
ON-MAIN-7607a50e,,Water,Water,Consumption,,m3,1790810.0,ON-MAIN-7607a50e,"Au, Underground mining and beneficiation at Young-Davidson",2878047.0,0.6222309781598424,Ore processed,1,ore
,GRP-0a2c0d69,Air,Nitrogen oxides (expressed as nitrogen dioxide),Emission,Fugitive Emissions,tonnes,0.12,GRP-0a2c0d69,"Au and Ag, Open-pit and underground mining at Meadowbank complex",3842649.005728,3.122845719739778e-08,Ore processed,1,ore
,GRP-0a2c0d69,Air,Nitrogen oxides (expressed as nitrogen dioxide),Emission,Stack Emissions,tonnes,2137.153436,GRP-0a2c0d69,"Au and Ag, Open-pit and underground mining at Meadowbank complex",3842649.005728,0.0005561667050033134,Ore processed,1,ore
,GRP-0a2c0d69,Air,Carbon monoxide,Emission,Fugitive Emissions,tonnes,388.343952,GRP-0a2c0d69,"Au and Ag, Open-pit and underground mining at Meadowbank complex",3842649.005728,0.00010106152069083584,Ore processed,1,ore
,GRP-0a2c0d69,Air,Carbon monoxide,Emission,Stack Emissions,tonnes,565.29706,GRP-0a2c0d69,"Au and Ag, Open-pit and underground mining at Meadowbank complex",3842649.005728,0.0001471112920168734,Ore processed,1,ore
,GRP-0a2c0d69,Air,Hydrogen sulphide,Emission,Fugitive Emissions,tonnes,193.916976,GRP-0a2c0d69,"Au and Ag, Open-pit and underground mining at Meadowbank complex",3842649.005728,5.046439987387345e-05,Ore processed,1,ore
,GRP-0a2c0d69,Air,Antimony (and its compounds),Emission,Fugitive Emissions,tonnes,0.00014,GRP-0a2c0d69,"Au and Ag, Open-pit and underground mining at Meadowbank complex",3842649.005728,3.643320006363075e-11,Ore processed,1,ore
,GRP-0a2c0d69,Air,Arsenic (and its compounds),Emission,Fugitive Emissions,kg,37.416019,GRP-0a2c0d69,"Au and Ag, Open-pit and underground mining at Meadowbank complex",3842649.005728,9.737037898654352e-06,Ore processed,1,ore
,GRP-0a2c0d69,Air,Arsenic (and its compounds),Emission,Stack Emissions,kg,4.104485,GRP-0a2c0d69,"Au and Ag, Open-pit and underground mining at Meadowbank complex",3842649.005728,1.0681394511655105e-06,Ore processed,1,ore
,GRP-0a2c0d69,Air,Cadmium (and its compounds),Emission,Fugitive Emissions,kg,0.009691,GRP-0a2c0d69,"Au and Ag, Open-pit and underground mining at Meadowbank complex",3842649.005728,2.5219581558331826e-09,Ore processed,1,ore
,GRP-0a2c0d69,Air,Cadmium (and its compounds),Emission,Stack Emissions,kg,0.420661,GRP-0a2c0d69,"Au and Ag, Open-pit and underground mining at Meadowbank complex",3842649.005728,1.0947161694262125e-07,Ore processed,1,ore
,GRP-0a2c0d69,Air,Chromium (and its compounds),Emission,Fugitive Emissions,tonnes,0.020422,GRP-0a2c0d69,"Au and Ag, Open-pit and underground mining at Meadowbank complex",3842649.005728,5.314562940710479e-09,Ore processed,1,ore
,GRP-0a2c0d69,Air,Chromium (and its compounds),Emission,Other,tonnes,0.000269,GRP-0a2c0d69,"Au and Ag, Open-pit and underground mining at Meadowbank complex",3842649.005728,7.000379155083336e-11,Ore processed,1,ore
,GRP-0a2c0d69,Air,Chromium (and its compounds),Emission,Stack Emissions,tonnes,0.000809,GRP-0a2c0d69,"Au and Ag, Open-pit and underground mining at Meadowbank complex",3842649.005728,2.105318489391234e-10,Ore processed,1,ore
,GRP-0a2c0d69,Air,Cobalt (and its compounds),Emission,Fugitive Emissions,kg,2.279924,GRP-0a2c0d69,"Au and Ag, Open-pit and underground mining at Meadowbank complex",3842649.005728,5.933209087276662e-07,Ore processed,1,ore
,GRP-0a2c0d69,Air,Cobalt (and its compounds),Emission,Other,kg,2e-06,GRP-0a2c0d69,"Au and Ag, Open-pit and underground mining at Meadowbank complex",3842649.005728,5.204742866232964e-13,Ore processed,1,ore
,GRP-0a2c0d69,Air,Cobalt (and its compounds),Emission,Stack Emissions,kg,0.007625,GRP-0a2c0d69,"Au and Ag, Open-pit and underground mining at Meadowbank complex",3842649.005728,1.9843082177513174e-09,Ore processed,1,ore
,GRP-0a2c0d69,Air,Copper (and its compounds),Emission,Fugitive Emissions,tonnes,0.002371,GRP-0a2c0d69,"Au and Ag, Open-pit and underground mining at Meadowbank complex",3842649.005728,6.170222667919179e-10,Ore processed,1,ore
,GRP-0a2c0d69,Air,Copper (and its compounds),Emission,Other,tonnes,0.000156,GRP-0a2c0d69,"Au and Ag, Open-pit and underground mining at Meadowbank complex",3842649.005728,4.059699435661712e-11,Ore processed,1,ore
,GRP-0a2c0d69,Air,Copper (and its compounds),Emission,Stack Emissions,tonnes,0.000166,GRP-0a2c0d69,"Au and Ag, Open-pit and underground mining at Meadowbank complex",3842649.005728,4.31993657897336e-11,Ore processed,1,ore
,GRP-0a2c0d69,Air,Cyanides (ionic),Emission,Fugitive Emissions,tonnes,11.136658,GRP-0a2c0d69,"Au and Ag, Open-pit and underground mining at Meadowbank complex",3842649.005728,2.898172063958814e-06,Ore processed,1,ore
,GRP-0a2c0d69,Air,Lead (and its compounds),Emission,Fugitive Emissions,kg,0.614669,GRP-0a2c0d69,"Au and Ag, Open-pit and underground mining at Meadowbank complex",3842649.005728,1.599597046422275e-07,Ore processed,1,ore
,GRP-0a2c0d69,Air,Lead (and its compounds),Emission,Other,kg,8e-06,GRP-0a2c0d69,"Au and Ag, Open-pit and underground mining at Meadowbank complex",3842649.005728,2.0818971464931858e-12,Ore processed,1,ore
,GRP-0a2c0d69,Air,Lead (and its compounds),Emission,Stack Emissions,kg,0.806544,GRP-0a2c0d69,"Au and Ag, Open-pit and underground mining at Meadowbank complex",3842649.005728,2.0989270651515e-07,Ore processed,1,ore
,GRP-0a2c0d69,Air,Manganese (and its compounds),Emission,Fugitive Emissions,tonnes,0.103022,GRP-0a2c0d69,"Au and Ag, Open-pit and underground mining at Meadowbank complex",3842649.005728,2.6810150978252623e-08,Ore processed,1,ore
,GRP-0a2c0d69,Air,Manganese (and its compounds),Emission,Other,tonnes,0.00477,GRP-0a2c0d69,"Au and Ag, Open-pit and underground mining at Meadowbank complex",3842649.005728,1.241331173596562e-09,Ore processed,1,ore
,GRP-0a2c0d69,Air,Manganese (and its compounds),Emission,Stack Emissions,tonnes,0.002635,GRP-0a2c0d69,"Au and Ag, Open-pit and underground mining at Meadowbank complex",3842649.005728,6.85724872626193e-10,Ore processed,1,ore
,GRP-0a2c0d69,Air,Nickel (and its compounds),Emission,Fugitive Emissions,tonnes,0.022244,GRP-0a2c0d69,"Au and Ag, Open-pit and underground mining at Meadowbank complex",3842649.005728,5.7887150158243025e-09,Ore processed,1,ore
,GRP-0a2c0d69,Air,Nickel (and its compounds),Emission,Other,tonnes,0.000317,GRP-0a2c0d69,"Au and Ag, Open-pit and underground mining at Meadowbank complex",3842649.005728,8.249517442979248e-11,Ore processed,1,ore
,GRP-0a2c0d69,Air,Nickel (and its compounds),Emission,Stack Emissions,tonnes,0.000482,GRP-0a2c0d69,"Au and Ag, Open-pit and underground mining at Meadowbank complex",3842649.005728,1.2543430307621444e-10,Ore processed,1,ore
,GRP-0a2c0d69,Air,Selenium (and its compounds),Emission,Fugitive Emissions,kg,0.027072,GRP-0a2c0d69,"Au and Ag, Open-pit and underground mining at Meadowbank complex",3842649.005728,7.04513994373294e-09,Ore processed,1,ore
,GRP-0a2c0d69,Air,Selenium (and its compounds),Emission,Stack Emissions,kg,0.415012,GRP-0a2c0d69,"Au and Ag, Open-pit and underground mining at Meadowbank complex",3842649.005728,1.0800153732005375e-07,Ore processed,1,ore
,GRP-0a2c0d69,Air,Zinc (and its compounds),Emission,Fugitive Emissions,tonnes,0.004424,GRP-0a2c0d69,"Au and Ag, Open-pit and underground mining at Meadowbank complex",3842649.005728,1.1512891220107316e-09,Ore processed,1,ore
,GRP-0a2c0d69,Air,Zinc (and its compounds),Emission,Other,tonnes,0.006086,GRP-0a2c0d69,"Au and Ag, Open-pit and underground mining at Meadowbank complex",3842649.005728,1.583803254194691e-09,Ore processed,1,ore
,GRP-0a2c0d69,Air,Zinc (and its compounds),Emission,Stack Emissions,tonnes,0.000111,GRP-0a2c0d69,"Au and Ag, Open-pit and underground mining at Meadowbank complex",3842649.005728,2.8886322907592953e-11,Ore processed,1,ore
,GRP-0a2c0d69,Air,Phosphorus (total),Emission,Fugitive Emissions,tonnes,0.030685,GRP-0a2c0d69,"Au and Ag, Open-pit and underground mining at Meadowbank complex",3842649.005728,7.985376742517925e-09,Ore processed,1,ore
,GRP-0a2c0d69,Air,Thallium (and its compounds),Emission,Fugitive Emissions,kg,0.019203,GRP-0a2c0d69,"Au and Ag, Open-pit and underground mining at Meadowbank complex",3842649.005728,4.997333863013581e-09,Ore processed,1,ore
,GRP-0a2c0d69,Air,Vanadium (and its compounds),Emission,Fugitive Emissions,tonnes,0.005977,GRP-0a2c0d69,"Au and Ag, Open-pit and underground mining at Meadowbank complex",3842649.005728,1.5554374055737212e-09,Ore processed,1,ore
,GRP-0a2c0d69,Air,GHG,Emission,Unspecified,tCO2eq,253810.0,GRP-0a2c0d69,"Au and Ag, Open-pit and underground mining at Meadowbank complex",3842649.005728,0.06605078934392944,Ore processed,1,ore
,GRP-0a2c0d69,Air,Total particulate matter,Emission,Fugitive Emissions,tonnes,200.42791,GRP-0a2c0d69,"Au and Ag, Open-pit and underground mining at Meadowbank complex",3842649.005728,5.215878673832413e-05,Ore processed,1,ore
,GRP-0a2c0d69,Air,Total particulate matter,Emission,Other,tonnes,0.082589,GRP-0a2c0d69,"Au and Ag, Open-pit and underground mining at Meadowbank complex",3842649.005728,2.1492725428965712e-08,Ore processed,1,ore
,GRP-0a2c0d69,Air,Total particulate matter,Emission,Stack Emissions,tonnes,45.905494,GRP-0a2c0d69,"Au and Ag, Open-pit and underground mining at Meadowbank complex",3842649.005728,1.1946314620870007e-05,Ore processed,1,ore
,GRP-0a2c0d69,Air,PM10 - Particulate Matter <= 10 Micrometers,Emission,Fugitive Emissions,tonnes,99.937265,GRP-0a2c0d69,"Au and Ag, Open-pit and underground mining at Meadowbank complex",3842649.005728,2.6007388353979163e-05,Ore processed,1,ore
,GRP-0a2c0d69,Air,PM10 - Particulate Matter <= 10 Micrometers,Emission,Other,tonnes,0.082589,GRP-0a2c0d69,"Au and Ag, Open-pit and underground mining at Meadowbank complex",3842649.005728,2.1492725428965712e-08,Ore processed,1,ore
,GRP-0a2c0d69,Air,PM10 - Particulate Matter <= 10 Micrometers,Emission,Stack Emissions,tonnes,37.240894,GRP-0a2c0d69,"Au and Ag, Open-pit and underground mining at Meadowbank complex",3842649.005728,9.691463868931899e-06,Ore processed,1,ore
,GRP-0a2c0d69,Air,PM2.5 - Particulate Matter <= 2.5 Micrometers,Emission,Fugitive Emissions,tonnes,41.623072,GRP-0a2c0d69,"Au and Ag, Open-pit and underground mining at Meadowbank complex",3842649.005728,1.0831869353135051e-05,Ore processed,1,ore
,GRP-0a2c0d69,Air,PM2.5 - Particulate Matter <= 2.5 Micrometers,Emission,Other,tonnes,0.061942,GRP-0a2c0d69,"Au and Ag, Open-pit and underground mining at Meadowbank complex",3842649.005728,1.6119609131010112e-08,Ore processed,1,ore
,GRP-0a2c0d69,Air,PM2.5 - Particulate Matter <= 2.5 Micrometers,Emission,Stack Emissions,tonnes,35.679527,GRP-0a2c0d69,"Au and Ag, Open-pit and underground mining at Meadowbank complex",3842649.005728,9.285138181190821e-06,Ore processed,1,ore
,GRP-0a2c0d69,Air,Total reduced sulphur (expressed as hydrogen sulphide),Emission,Fugitive Emissions,tonnes,193.916976,GRP-0a2c0d69,"Au and Ag, Open-pit and underground mining at Meadowbank complex",3842649.005728,5.046439987387345e-05,Ore processed,1,ore
,GRP-0a2c0d69,Air,Volatile Organic Compounds (Total),Emission,Stack Emissions,tonnes,57.203572,GRP-0a2c0d69,"Au and Ag, Open-pit and underground mining at Meadowbank complex",3842649.005728,1.4886494164502186e-05,Ore processed,1,ore
,GRP-0a2c0d69,Air,NOx,Emission,,tonnes,6726.0,GRP-0a2c0d69,"Au and Ag, Open-pit and underground mining at Meadowbank complex",3842649.005728,0.001750355025914146,Ore processed,1,ore
,GRP-0a2c0d69,Air,SOx,Emission,,tonnes,442.0,GRP-0a2c0d69,"Au and Ag, Open-pit and underground mining at Meadowbank complex",3842649.005728,0.00011502481734374851,Ore processed,1,ore
,GRP-0a2c0d69,Land,Ethylene glycol,Emission,Spills,tonnes,0.6204,GRP-0a2c0d69,"Au and Ag, Open-pit and underground mining at Meadowbank complex",3842649.005728,1.6145112371054654e-07,Ore processed,1,ore
,GRP-0a2c0d69,Land,,Occupation and transformation,,ha,7191.02,GRP-0a2c0d69,"Au and Ag, Open-pit and underground mining at Meadowbank complex",3842649.005728,0.0018713705022969287,Ore processed,1,ore
,GRP-0a2c0d69,Water,Water,Consumption,,m3,1400259.0,GRP-0a2c0d69,"Au and Ag, Open-pit and underground mining at Meadowbank complex",3842649.005728,0.36439940205642524,Ore processed,1,ore
,GRP-0a2c0d69,Water,Water,Discharged,,m3,1993390.0,GRP-0a2c0d69,"Au and Ag, Open-pit and underground mining at Meadowbank complex",3842649.005728,0.5187541191060064,Ore processed,1,ore
,GRP-0a2c0d69,Water,Water,Withdrawal,,m3,1937578.0,GRP-0a2c0d69,"Au and Ag, Open-pit and underground mining at Meadowbank complex",3842649.005728,0.5042297636634967,Ore processed,1,ore
,GRP-0a2c0d69,Water,Antimony (and its compounds),Emission,Direct Discharge,tonnes,0.005733,GRP-0a2c0d69,"Au and Ag, Open-pit and underground mining at Meadowbank complex",3842649.005728,1.4919395426056792e-09,Ore processed,1,ore
,GRP-0a2c0d69,Water,Antimony (and its compounds),Emission,Waterbody,tonnes,0.0,GRP-0a2c0d69,"Au and Ag, Open-pit and underground mining at Meadowbank complex",3842649.005728,0.0,Ore processed,1,ore
,GRP-0a2c0d69,Water,Arsenic (and its compounds),Emission,Direct Discharge,kg,9.469933,GRP-0a2c0d69,"Au and Ag, Open-pit and underground mining at Meadowbank complex",3842649.005728,2.4644283112727065e-06,Ore processed,1,ore
,GRP-0a2c0d69,Water,Arsenic (and its compounds),Emission,Waterbody,kg,0.0,GRP-0a2c0d69,"Au and Ag, Open-pit and underground mining at Meadowbank complex",3842649.005728,0.0,Ore processed,1,ore
,GRP-0a2c0d69,Water,Cadmium (and its compounds),Emission,Direct Discharge,kg,0.020111,GRP-0a2c0d69,"Au and Ag, Open-pit and underground mining at Meadowbank complex",3842649.005728,5.233629189140557e-09,Ore processed,1,ore
,GRP-0a2c0d69,Water,Cadmium (and its compounds),Emission,Waterbody,kg,0.0,GRP-0a2c0d69,"Au and Ag, Open-pit and underground mining at Meadowbank complex",3842649.005728,0.0,Ore processed,1,ore
,GRP-0a2c0d69,Water,Chromium (and its compounds),Emission,Direct Discharge,tonnes,0.001816,GRP-0a2c0d69,"Au and Ag, Open-pit and underground mining at Meadowbank complex",3842649.005728,4.725906522539531e-10,Ore processed,1,ore
,GRP-0a2c0d69,Water,Chromium (and its compounds),Emission,Waterbody,tonnes,0.0,GRP-0a2c0d69,"Au and Ag, Open-pit and underground mining at Meadowbank complex",3842649.005728,0.0,Ore processed,1,ore
,GRP-0a2c0d69,Water,Cobalt (and its compounds),Emission,Direct Discharge,kg,1.950833,GRP-0a2c0d69,"Au and Ag, Open-pit and underground mining at Meadowbank complex",3842649.005728,5.076792069980926e-07,Ore processed,1,ore
,GRP-0a2c0d69,Water,Cobalt (and its compounds),Emission,Waterbody,kg,0.0,GRP-0a2c0d69,"Au and Ag, Open-pit and underground mining at Meadowbank complex",3842649.005728,0.0,Ore processed,1,ore
,GRP-0a2c0d69,Water,Copper (and its compounds),Emission,Direct Discharge,tonnes,0.002213,GRP-0a2c0d69,"Au and Ag, Open-pit and underground mining at Meadowbank complex",3842649.005728,5.759047981486775e-10,Ore processed,1,ore
,GRP-0a2c0d69,Water,Copper (and its compounds),Emission,Waterbody,tonnes,0.0,GRP-0a2c0d69,"Au and Ag, Open-pit and underground mining at Meadowbank complex",3842649.005728,0.0,Ore processed,1,ore
,GRP-0a2c0d69,Water,Cyanides (ionic),Emission,Direct Discharge,tonnes,0.027004,GRP-0a2c0d69,"Au and Ag, Open-pit and underground mining at Meadowbank complex",3842649.005728,7.027443817987749e-09,Ore processed,1,ore
,GRP-0a2c0d69,Water,Cyanides (ionic),Emission,Waterbody,tonnes,0.0,GRP-0a2c0d69,"Au and Ag, Open-pit and underground mining at Meadowbank complex",3842649.005728,0.0,Ore processed,1,ore
,GRP-0a2c0d69,Water,Lead (and its compounds),Emission,Direct Discharge,kg,0.19403,GRP-0a2c0d69,"Au and Ag, Open-pit and underground mining at Meadowbank complex",3842649.005728,5.0493812916759106e-08,Ore processed,1,ore
,GRP-0a2c0d69,Water,Lead (and its compounds),Emission,Waterbody,kg,0.0,GRP-0a2c0d69,"Au and Ag, Open-pit and underground mining at Meadowbank complex",3842649.005728,0.0,Ore processed,1,ore
,GRP-0a2c0d69,Water,Manganese (and its compounds),Emission,Direct Discharge,tonnes,0.422174,GRP-0a2c0d69,"Au and Ag, Open-pit and underground mining at Meadowbank complex",3842649.005728,1.0986535574045177e-07,Ore processed,1,ore
,GRP-0a2c0d69,Water,Manganese (and its compounds),Emission,Waterbody,tonnes,0.0,GRP-0a2c0d69,"Au and Ag, Open-pit and underground mining at Meadowbank complex",3842649.005728,0.0,Ore processed,1,ore
,GRP-0a2c0d69,Water,Nickel (and its compounds),Emission,Direct Discharge,tonnes,0.022557,GRP-0a2c0d69,"Au and Ag, Open-pit and underground mining at Meadowbank complex",3842649.005728,5.8701692416808485e-09,Ore processed,1,ore
,GRP-0a2c0d69,Water,Nickel (and its compounds),Emission,Waterbody,tonnes,0.0,GRP-0a2c0d69,"Au and Ag, Open-pit and underground mining at Meadowbank complex",3842649.005728,0.0,Ore processed,1,ore
,GRP-0a2c0d69,Water,Selenium (and its compounds),Emission,Direct Discharge,kg,0.299828,GRP-0a2c0d69,"Au and Ag, Open-pit and underground mining at Meadowbank complex",3842649.005728,7.802638220484486e-08,Ore processed,1,ore
,GRP-0a2c0d69,Water,Selenium (and its compounds),Emission,Waterbody,kg,0.0,GRP-0a2c0d69,"Au and Ag, Open-pit and underground mining at Meadowbank complex",3842649.005728,0.0,Ore processed,1,ore
,GRP-0a2c0d69,Water,Zinc (and its compounds),Emission,Direct Discharge,tonnes,0.013241,GRP-0a2c0d69,"Au and Ag, Open-pit and underground mining at Meadowbank complex",3842649.005728,3.445800014589534e-09,Ore processed,1,ore
,GRP-0a2c0d69,Water,Zinc (and its compounds),Emission,Waterbody,tonnes,0.0,GRP-0a2c0d69,"Au and Ag, Open-pit and underground mining at Meadowbank complex",3842649.005728,0.0,Ore processed,1,ore
,GRP-0a2c0d69,Water,Phosphorus (total),Emission,Direct Discharge,tonnes,0.002241,GRP-0a2c0d69,"Au and Ag, Open-pit and underground mining at Meadowbank complex",3842649.005728,5.831914381614037e-10,Ore processed,1,ore
,GRP-0a2c0d69,Water,Phosphorus (total),Emission,Waterbody,tonnes,0.0,GRP-0a2c0d69,"Au and Ag, Open-pit and underground mining at Meadowbank complex",3842649.005728,0.0,Ore processed,1,ore
,GRP-0a2c0d69,Water,Thallium (and its compounds),Emission,Direct Discharge,kg,0.029394,GRP-0a2c0d69,"Au and Ag, Open-pit and underground mining at Meadowbank complex",3842649.005728,7.649410590502588e-09,Ore processed,1,ore
,GRP-0a2c0d69,Water,Thallium (and its compounds),Emission,Waterbody,kg,0.0,GRP-0a2c0d69,"Au and Ag, Open-pit and underground mining at Meadowbank complex",3842649.005728,0.0,Ore processed,1,ore
,GRP-0d911886,Air,Carbon monoxide,Emission,,tonnes,58.1,GRP-0d911886,"Au, Open-pit and underground mining at Porcupine complex",2911000.0,1.9958777052559258e-05,Ore processed,1,ore
,GRP-0d911886,Air,Hydrochloric acid,Emission,Stack Emissions,tonnes,0.004109,GRP-0d911886,"Au, Open-pit and underground mining at Porcupine complex",2911000.0,1.4115424252834076e-09,Ore processed,1,ore
,GRP-0d911886,Air,Arsenic (and its compounds),Emission,Fugitive Emissions,kg,0.059145,GRP-0d911886,"Au, Open-pit and underground mining at Porcupine complex",2911000.0,2.031776021985572e-08,Ore processed,1,ore
,GRP-0d911886,Air,Arsenic (and its compounds),Emission,Stack Emissions,kg,0.093748,GRP-0d911886,"Au, Open-pit and underground mining at Porcupine complex",2911000.0,3.2204740638955683e-08,Ore processed,1,ore
,GRP-0d911886,Air,Arsenic (and its compounds),Emission,,kg,30.0,GRP-0d911886,"Au, Open-pit and underground mining at Porcupine complex",2911000.0,1.0305736860185502e-05,Ore processed,1,ore
,GRP-0d911886,Air,Cadmium (and its compounds),Emission,Fugitive Emissions,kg,0.00165,GRP-0d911886,"Au, Open-pit and underground mining at Porcupine complex",2911000.0,5.668155273102027e-10,Ore processed,1,ore
,GRP-0d911886,Air,Cadmium (and its compounds),Emission,Stack Emissions,kg,0.018764,GRP-0d911886,"Au, Open-pit and underground mining at Porcupine complex",2911000.0,6.445894881484026e-09,Ore processed,1,ore
,GRP-0d911886,Air,Chromium (and its compounds),Emission,Fugitive Emissions,tonnes,0.000399,GRP-0d911886,"Au, Open-pit and underground mining at Porcupine complex",2911000.0,1.370663002404672e-10,Ore processed,1,ore
,GRP-0d911886,Air,Chromium (and its compounds),Emission,Stack Emissions,tonnes,0.000618,GRP-0d911886,"Au, Open-pit and underground mining at Porcupine complex",2911000.0,2.1229817931982134e-10,Ore processed,1,ore
,GRP-0d911886,Air,Cobalt (and its compounds),Emission,Fugitive Emissions,kg,0.21069,GRP-0d911886,"Au, Open-pit and underground mining at Porcupine complex",2911000.0,7.237718996908278e-08,Ore processed,1,ore
,GRP-0d911886,Air,Cobalt (and its compounds),Emission,Stack Emissions,kg,0.320211,GRP-0d911886,"Au, Open-pit and underground mining at Porcupine complex",2911000.0,1.1000034352456202e-07,Ore processed,1,ore
,GRP-0d911886,Air,Copper (and its compounds),Emission,Fugitive Emissions,tonnes,0.000431,GRP-0d911886,"Au, Open-pit and underground mining at Porcupine complex",2911000.0,1.4805908622466508e-10,Ore processed,1,ore
,GRP-0d911886,Air,Copper (and its compounds),Emission,Stack Emissions,tonnes,0.000658,GRP-0d911886,"Au, Open-pit and underground mining at Porcupine complex",2911000.0,2.2603916180006868e-10,Ore processed,1,ore
,GRP-0d911886,Air,Lead (and its compounds),Emission,Fugitive Emissions,kg,0.064905,GRP-0d911886,"Au, Open-pit and underground mining at Porcupine complex",2911000.0,2.2296461697011337e-08,Ore processed,1,ore
,GRP-0d911886,Air,Lead (and its compounds),Emission,Stack Emissions,kg,0.103103,GRP-0d911886,"Au, Open-pit and underground mining at Porcupine complex",2911000.0,3.541841291652353e-08,Ore processed,1,ore
,GRP-0d911886,Air,Lead (and its compounds),Emission,,kg,60.0,GRP-0d911886,"Au, Open-pit and underground mining at Porcupine complex",2911000.0,2.0611473720371005e-05,Ore processed,1,ore
,GRP-0d911886,Air,Manganese (and its compounds),Emission,Fugitive Emissions,tonnes,0.005024,GRP-0d911886,"Au, Open-pit and underground mining at Porcupine complex",2911000.0,1.7258673995190656e-09,Ore processed,1,ore
,GRP-0d911886,Air,Manganese (and its compounds),Emission,Stack Emissions,tonnes,0.00753,GRP-0d911886,"Au, Open-pit and underground mining at Porcupine complex",2911000.0,2.5867399519065612e-09,Ore processed,1,ore
,GRP-0d911886,Air,Mercury (and its compounds),Emission,,tonnes,0.09,GRP-0d911886,"Au, Open-pit and underground mining at Porcupine complex",2911000.0,3.091721058055651e-08,Ore processed,1,ore
,GRP-0d911886,Air,Nickel (and its compounds),Emission,Fugitive Emissions,tonnes,0.000234,GRP-0d911886,"Au, Open-pit and underground mining at Porcupine complex",2911000.0,8.038474750944692e-11,Ore processed,1,ore
,GRP-0d911886,Air,Nickel (and its compounds),Emission,Stack Emissions,tonnes,0.000382,GRP-0d911886,"Au, Open-pit and underground mining at Porcupine complex",2911000.0,1.3122638268636207e-10,Ore processed,1,ore
,GRP-0d911886,Air,Zinc (and its compounds),Emission,Fugitive Emissions,tonnes,0.000789,GRP-0d911886,"Au, Open-pit and underground mining at Porcupine complex",2911000.0,2.7104087942287874e-10,Ore processed,1,ore
,GRP-0d911886,Air,Zinc (and its compounds),Emission,Stack Emissions,tonnes,0.001611,GRP-0d911886,"Au, Open-pit and underground mining at Porcupine complex",2911000.0,5.534180693919616e-10,Ore processed,1,ore
,GRP-0d911886,Air,Thallium (and its compounds),Emission,Fugitive Emissions,kg,0.008506,GRP-0d911886,"Au, Open-pit and underground mining at Porcupine complex",2911000.0,2.9220199244245964e-09,Ore processed,1,ore
,GRP-0d911886,Air,Thallium (and its compounds),Emission,Stack Emissions,kg,0.012513,GRP-0d911886,"Au, Open-pit and underground mining at Porcupine complex",2911000.0,4.2985228443833736e-09,Ore processed,1,ore
,GRP-0d911886,Air,Vanadium (and its compounds),Emission,Fugitive Emissions,tonnes,0.000458,GRP-0d911886,"Au, Open-pit and underground mining at Porcupine complex",2911000.0,1.5733424939883201e-10,Ore processed,1,ore
,GRP-0d911886,Air,Vanadium (and its compounds),Emission,Stack Emissions,tonnes,0.00072,GRP-0d911886,"Au, Open-pit and underground mining at Porcupine complex",2911000.0,2.473376846444521e-10,Ore processed,1,ore
,GRP-0d911886,Air,GHG,Emission,,tCO2eq,175679.6003086601,GRP-0d911886,"Au, Open-pit and underground mining at Porcupine complex",2911000.0,0.06035025774945383,Ore processed,1,ore
,GRP-0d911886,Air,Total particulate matter,Emission,Fugitive Emissions,tonnes,8.342477,GRP-0d911886,"Au, Open-pit and underground mining at Porcupine complex",2911000.0,2.8658457574716593e-06,Ore processed,1,ore
,GRP-0d911886,Air,Total particulate matter,Emission,Stack Emissions,tonnes,12.296195,GRP-0d911886,"Au, Open-pit and underground mining at Porcupine complex",2911000.0,4.224045001717623e-06,Ore processed,1,ore
,GRP-0d911886,Air,PM10 - Particulate Matter <= 10 Micrometers,Emission,Fugitive Emissions,tonnes,1.772417,GRP-0d911886,"Au, Open-pit and underground mining at Porcupine complex",2911000.0,6.088687736173136e-07,Ore processed,1,ore
,GRP-0d911886,Air,PM10 - Particulate Matter <= 10 Micrometers,Emission,Stack Emissions,tonnes,6.407605,GRP-0d911886,"Au, Open-pit and underground mining at Porcupine complex",2911000.0,2.201169701133631e-06,Ore processed,1,ore
,GRP-0d911886,Air,PM10 - Particulate Matter <= 10 Micrometers,Emission,,tonnes,25.99,GRP-0d911886,"Au, Open-pit and underground mining at Porcupine complex",2911000.0,8.928203366540708e-06,Ore processed,1,ore
,GRP-0d911886,Air,PM2.5 - Particulate Matter <= 2.5 Micrometers,Emission,Fugitive Emissions,tonnes,0.855209,GRP-0d911886,"Au, Open-pit and underground mining at Porcupine complex",2911000.0,2.9378529714874616e-07,Ore processed,1,ore
,GRP-0d911886,Air,PM2.5 - Particulate Matter <= 2.5 Micrometers,Emission,Stack Emissions,tonnes,6.389031,GRP-0d911886,"Au, Open-pit and underground mining at Porcupine complex",2911000.0,2.1947890759189283e-06,Ore processed,1,ore
,GRP-0d911886,Air,PM2.5 - Particulate Matter <= 2.5 Micrometers,Emission,,tonnes,13.74,GRP-0d911886,"Au, Open-pit and underground mining at Porcupine complex",2911000.0,4.720027481964961e-06,Ore processed,1,ore
,GRP-0d911886,Air,NOx,Emission,,tonnes,113.09,GRP-0d911886,"Au, Open-pit and underground mining at Porcupine complex",2911000.0,3.884919271727929e-05,Ore processed,1,ore
,GRP-0d911886,Air,SOx,Emission,,tonnes,0.44,GRP-0d911886,"Au, Open-pit and underground mining at Porcupine complex",2911000.0,1.5115080728272071e-07,Ore processed,1,ore
,GRP-0d911886,Land,,Occupation and transformation,,ha,2784.23,GRP-0d911886,"Au, Open-pit and underground mining at Porcupine complex",2911000.0,0.0009564513912744761,Ore processed,1,ore
,GRP-0d911886,Water,Water,Consumption,,m3,4907818.6729999995,GRP-0d911886,"Au, Open-pit and underground mining at Porcupine complex",2911000.0,1.6859562600480933,Ore processed,1,ore
,GRP-0d911886,Water,Water,Discharged,,m3,9170580.9,GRP-0d911886,"Au, Open-pit and underground mining at Porcupine complex",2911000.0,3.1503197870147717,Ore processed,1,ore
,GRP-0d911886,Water,Water,Withdrawal,,m3,5314082.972999999,GRP-0d911886,"Au, Open-pit and underground mining at Porcupine complex",2911000.0,1.825518025764342,Ore processed,1,ore
,GRP-0d911886,Water,Arsenic (and its compounds),Emission,Direct Discharge,kg,0.303758,GRP-0d911886,"Au, Open-pit and underground mining at Porcupine complex",2911000.0,1.0434833390587425e-07,Ore processed,1,ore
,GRP-0d911886,Water,Arsenic (and its compounds),Emission,Waterbody,kg,0.0,GRP-0d911886,"Au, Open-pit and underground mining at Porcupine complex",2911000.0,0.0,Ore processed,1,ore
,GRP-0d911886,Water,Cadmium (and its compounds),Emission,Direct Discharge,kg,0.00726,GRP-0d911886,"Au, Open-pit and underground mining at Porcupine complex",2911000.0,2.4939883201648918e-09,Ore processed,1,ore
,GRP-0d911886,Water,Cadmium (and its compounds),Emission,Waterbody,kg,0.0,GRP-0d911886,"Au, Open-pit and underground mining at Porcupine complex",2911000.0,0.0,Ore processed,1,ore
,GRP-0d911886,Water,Chromium (and its compounds),Emission,Direct Discharge,tonnes,0.000255,GRP-0d911886,"Au, Open-pit and underground mining at Porcupine complex",2911000.0,8.759876331157679e-11,Ore processed,1,ore
,GRP-0d911886,Water,Chromium (and its compounds),Emission,Waterbody,tonnes,0.0,GRP-0d911886,"Au, Open-pit and underground mining at Porcupine complex",2911000.0,0.0,Ore processed,1,ore
,GRP-0d911886,Water,Cobalt (and its compounds),Emission,Direct Discharge,kg,0.463582,GRP-0d911886,"Au, Open-pit and underground mining at Porcupine complex",2911000.0,1.5925180350395054e-07,Ore processed,1,ore
,GRP-0d911886,Water,Cobalt (and its compounds),Emission,Waterbody,kg,0.0,GRP-0d911886,"Au, Open-pit and underground mining at Porcupine complex",2911000.0,0.0,Ore processed,1,ore
,GRP-0d911886,Water,Copper (and its compounds),Emission,Direct Discharge,tonnes,0.000782,GRP-0d911886,"Au, Open-pit and underground mining at Porcupine complex",2911000.0,2.6863620748883547e-10,Ore processed,1,ore
,GRP-0d911886,Water,Copper (and its compounds),Emission,Waterbody,tonnes,0.0,GRP-0d911886,"Au, Open-pit and underground mining at Porcupine complex",2911000.0,0.0,Ore processed,1,ore
,GRP-0d911886,Water,Lead (and its compounds),Emission,Direct Discharge,kg,0.071967,GRP-0d911886,"Au, Open-pit and underground mining at Porcupine complex",2911000.0,2.4722432153899004e-08,Ore processed,1,ore
,GRP-0d911886,Water,Lead (and its compounds),Emission,Waterbody,kg,0.0,GRP-0d911886,"Au, Open-pit and underground mining at Porcupine complex",2911000.0,0.0,Ore processed,1,ore
,GRP-0d911886,Water,Nickel (and its compounds),Emission,Direct Discharge,tonnes,0.003096,GRP-0d911886,"Au, Open-pit and underground mining at Porcupine complex",2911000.0,1.0635520439711439e-09,Ore processed,1,ore
,GRP-0d911886,Water,Nickel (and its compounds),Emission,Waterbody,tonnes,0.0,GRP-0d911886,"Au, Open-pit and underground mining at Porcupine complex",2911000.0,0.0,Ore processed,1,ore
,GRP-0d911886,Water,Zinc (and its compounds),Emission,Direct Discharge,tonnes,0.003984,GRP-0d911886,"Au, Open-pit and underground mining at Porcupine complex",2911000.0,1.3686018550326347e-09,Ore processed,1,ore
,GRP-0d911886,Water,Zinc (and its compounds),Emission,Waterbody,tonnes,0.0,GRP-0d911886,"Au, Open-pit and underground mining at Porcupine complex",2911000.0,0.0,Ore processed,1,ore
,GRP-0d911886,Water,Thallium (and its compounds),Emission,Direct Discharge,kg,0.01807,GRP-0d911886,"Au, Open-pit and underground mining at Porcupine complex",2911000.0,6.207488835451734e-09,Ore processed,1,ore
,GRP-0d911886,Water,Thallium (and its compounds),Emission,Waterbody,kg,0.0,GRP-0d911886,"Au, Open-pit and underground mining at Porcupine complex",2911000.0,0.0,Ore processed,1,ore
,GRP-0d911886,Water,Vanadium (and its compounds),Emission,Direct Discharge,tonnes,0.000262,GRP-0d911886,"Au, Open-pit and underground mining at Porcupine complex",2911000.0,9.000343524562008e-11,Ore processed,1,ore
,GRP-0d911886,Water,Vanadium (and its compounds),Emission,Waterbody,tonnes,0.0,GRP-0d911886,"Au, Open-pit and underground mining at Porcupine complex",2911000.0,0.0,Ore processed,1,ore
,GRP-1402249f,Air,Nitrogen oxides (expressed as nitrogen dioxide),Emission,Fugitive Emissions,tonnes,602.4639999999999,GRP-1402249f,,,,Ore processed,1,ore
,GRP-1402249f,Air,Nitrogen oxides (expressed as nitrogen dioxide),Emission,Stack Emissions,tonnes,5582.448,GRP-1402249f,,,,Ore processed,1,ore
,GRP-1402249f,Air,Hexachlorobenzene,Emission,Stack Emissions,grams,360.0,GRP-1402249f,,,,Ore processed,1,ore
,GRP-1402249f,Air,Pyrene,Emission,Stack Emissions,kg,5.538,GRP-1402249f,,,,Ore processed,1,ore
,GRP-1402249f,Air,Fluoranthene,Emission,Stack Emissions,kg,7.889,GRP-1402249f,,,,Ore processed,1,ore
,GRP-1402249f,Air,Carbon monoxide,Emission,Fugitive Emissions,tonnes,2560.473,GRP-1402249f,,,,Ore processed,1,ore
,GRP-1402249f,Air,Carbon monoxide,Emission,Stack Emissions,tonnes,9543.022,GRP-1402249f,,,,Ore processed,1,ore
,GRP-1402249f,Air,Sulphur dioxide,Emission,Fugitive Emissions,tonnes,0.008,GRP-1402249f,,,,Ore processed,1,ore
,GRP-1402249f,Air,Sulphur dioxide,Emission,Stack Emissions,tonnes,4340.789000000001,GRP-1402249f,,,,Ore processed,1,ore
,GRP-1402249f,Air,Acetaldehyde,Emission,Stack Emissions,tonnes,7.121,GRP-1402249f,,,,Ore processed,1,ore
,GRP-1402249f,Air,Hydrochloric acid,Emission,Stack Emissions,tonnes,74.627,GRP-1402249f,,,,Ore processed,1,ore
,GRP-1402249f,Air,Hydrogen fluoride,Emission,Stack Emissions,tonnes,21.019,GRP-1402249f,,,,Ore processed,1,ore
,GRP-1402249f,Air,Sulphuric acid,Emission,Stack Emissions,tonnes,140.482,GRP-1402249f,,,,Ore processed,1,ore
,GRP-1402249f,Air,Hydrogen sulphide,Emission,Stack Emissions,tonnes,41.151,GRP-1402249f,,,,Ore processed,1,ore
,GRP-1402249f,Air,Phenanthrene,Emission,Stack Emissions,kg,33.411,GRP-1402249f,,,,Ore processed,1,ore
,GRP-1402249f,Air,Arsenic (and its compounds),Emission,Stack Emissions,kg,107.454,GRP-1402249f,,,,Ore processed,1,ore
,GRP-1402249f,Air,Cadmium (and its compounds),Emission,Stack Emissions,kg,2.331,GRP-1402249f,,,,Ore processed,1,ore
,GRP-1402249f,Air,Chromium (and its compounds),Emission,Stack Emissions,tonnes,0.0212,GRP-1402249f,,,,Ore processed,1,ore
,GRP-1402249f,Air,Cobalt (and its compounds),Emission,Stack Emissions,kg,2.649,GRP-1402249f,,,,Ore processed,1,ore
,GRP-1402249f,Air,Copper (and its compounds),Emission,Stack Emissions,tonnes,0.002,GRP-1402249f,,,,Ore processed,1,ore
,GRP-1402249f,Air,Lead (and its compounds),Emission,Stack Emissions,kg,138.403,GRP-1402249f,,,,Ore processed,1,ore
,GRP-1402249f,Air,Manganese (and its compounds),Emission,Stack Emissions,tonnes,0.119,GRP-1402249f,,,,Ore processed,1,ore
,GRP-1402249f,Air,Mercury (and its compounds),Emission,Stack Emissions,tonnes,0.046275,GRP-1402249f,,,,Ore processed,1,ore
,GRP-1402249f,Air,Nickel (and its compounds),Emission,Stack Emissions,tonnes,0.035,GRP-1402249f,,,,Ore processed,1,ore
,GRP-1402249f,Air,Selenium (and its compounds),Emission,Stack Emissions,kg,0.129,GRP-1402249f,,,,Ore processed,1,ore
,GRP-1402249f,Air,Zinc (and its compounds),Emission,Stack Emissions,tonnes,0.056,GRP-1402249f,,,,Ore processed,1,ore
,GRP-1402249f,Air,Phosphorus (total),Emission,Stack Emissions,tonnes,0.291,GRP-1402249f,,,,Ore processed,1,ore
,GRP-1402249f,Air,Thallium (and its compounds),Emission,Stack Emissions,kg,32.539,GRP-1402249f,,,,Ore processed,1,ore
,GRP-1402249f,Air,Vanadium (and its compounds),Emission,Stack Emissions,tonnes,0.068,GRP-1402249f,,,,Ore processed,1,ore
,GRP-1402249f,Air,Dioxins and furans - total,Emission,Stack Emissions,g TEQ,2.97752,GRP-1402249f,,,,Ore processed,1,ore
,GRP-1402249f,Air,GHG,Emission,Unspecified,tCO2eq,1128700.0,GRP-1402249f,,,,Ore processed,1,ore
,GRP-1402249f,Air,Total particulate matter,Emission,Fugitive Emissions,tonnes,175.212,GRP-1402249f,,,,Ore processed,1,ore
,GRP-1402249f,Air,Total particulate matter,Emission,Stack Emissions,tonnes,205.17399999999998,GRP-1402249f,,,,Ore processed,1,ore
,GRP-1402249f,Air,Total particulate matter,Emission,Storage / Handling,tonnes,2.598,GRP-1402249f,,,,Ore processed,1,ore
,GRP-1402249f,Air,PM10 - Particulate Matter <= 10 Micrometers,Emission,Fugitive Emissions,tonnes,88.89399999999999,GRP-1402249f,,,,Ore processed,1,ore
,GRP-1402249f,Air,PM10 - Particulate Matter <= 10 Micrometers,Emission,Stack Emissions,tonnes,179.739,GRP-1402249f,,,,Ore processed,1,ore
,GRP-1402249f,Air,PM10 - Particulate Matter <= 10 Micrometers,Emission,Storage / Handling,tonnes,1.2289999999999999,GRP-1402249f,,,,Ore processed,1,ore
,GRP-1402249f,Air,PM2.5 - Particulate Matter <= 2.5 Micrometers,Emission,Fugitive Emissions,tonnes,11.141,GRP-1402249f,,,,Ore processed,1,ore
,GRP-1402249f,Air,PM2.5 - Particulate Matter <= 2.5 Micrometers,Emission,Stack Emissions,tonnes,121.879,GRP-1402249f,,,,Ore processed,1,ore
,GRP-1402249f,Air,PM2.5 - Particulate Matter <= 2.5 Micrometers,Emission,Storage / Handling,tonnes,0.373,GRP-1402249f,,,,Ore processed,1,ore
,GRP-1402249f,Air,Total reduced sulphur (expressed as hydrogen sulphide),Emission,Stack Emissions,tonnes,41.151,GRP-1402249f,,,,Ore processed,1,ore
,GRP-1402249f,Air,Volatile Organic Compounds (Total),Emission,Stack Emissions,tonnes,38.348,GRP-1402249f,,,,Ore processed,1,ore
,GRP-1402249f,Air,"PAHs, total unspeciated",Emission,Stack Emissions,kg,104.065,GRP-1402249f,,,,Ore processed,1,ore
,GRP-1402249f,Water,Arsenic (and its compounds),Emission,Direct Discharge,kg,64.351,GRP-1402249f,,,,Ore processed,1,ore
,GRP-1402249f,Water,Arsenic (and its compounds),Emission,Waterbody,kg,0.0,GRP-1402249f,,,,Ore processed,1,ore
,GRP-1402249f,Water,Cadmium (and its compounds),Emission,Direct Discharge,kg,7.805000000000001,GRP-1402249f,,,,Ore processed,1,ore
,GRP-1402249f,Water,Cadmium (and its compounds),Emission,Waterbody,kg,0.0,GRP-1402249f,,,,Ore processed,1,ore
,GRP-1402249f,Water,Chromium (and its compounds),Emission,Direct Discharge,tonnes,0.08399999999999999,GRP-1402249f,,,,Ore processed,1,ore
,GRP-1402249f,Water,Chromium (and its compounds),Emission,Waterbody,tonnes,0.0,GRP-1402249f,,,,Ore processed,1,ore
,GRP-1402249f,Water,Cobalt (and its compounds),Emission,Direct Discharge,kg,138.039,GRP-1402249f,,,,Ore processed,1,ore
,GRP-1402249f,Water,Cobalt (and its compounds),Emission,Waterbody,kg,0.0,GRP-1402249f,,,,Ore processed,1,ore
,GRP-1402249f,Water,Copper (and its compounds),Emission,Direct Discharge,tonnes,0.078,GRP-1402249f,,,,Ore processed,1,ore
,GRP-1402249f,Water,Copper (and its compounds),Emission,Waterbody,tonnes,0.0,GRP-1402249f,,,,Ore processed,1,ore
,GRP-1402249f,Water,Lead (and its compounds),Emission,Direct Discharge,kg,46.116,GRP-1402249f,,,,Ore processed,1,ore
,GRP-1402249f,Water,Lead (and its compounds),Emission,Waterbody,kg,0.0,GRP-1402249f,,,,Ore processed,1,ore
,GRP-1402249f,Water,Manganese (and its compounds),Emission,Direct Discharge,tonnes,10.57,GRP-1402249f,,,,Ore processed,1,ore
,GRP-1402249f,Water,Manganese (and its compounds),Emission,Waterbody,tonnes,0.0,GRP-1402249f,,,,Ore processed,1,ore
,GRP-1402249f,Water,Mercury (and its compounds),Emission,Direct Discharge,tonnes,0.000549,GRP-1402249f,,,,Ore processed,1,ore
,GRP-1402249f,Water,Mercury (and its compounds),Emission,Waterbody,tonnes,0.0,GRP-1402249f,,,,Ore processed,1,ore
,GRP-1402249f,Water,Nickel (and its compounds),Emission,Direct Discharge,tonnes,1.201,GRP-1402249f,,,,Ore processed,1,ore
,GRP-1402249f,Water,Nickel (and its compounds),Emission,Waterbody,tonnes,0.0,GRP-1402249f,,,,Ore processed,1,ore
,GRP-1402249f,Water,Selenium (and its compounds),Emission,Direct Discharge,kg,77.469,GRP-1402249f,,,,Ore processed,1,ore
,GRP-1402249f,Water,Selenium (and its compounds),Emission,Waterbody,kg,0.0,GRP-1402249f,,,,Ore processed,1,ore
,GRP-1402249f,Water,Zinc (and its compounds),Emission,Direct Discharge,tonnes,1.969,GRP-1402249f,,,,Ore processed,1,ore
,GRP-1402249f,Water,Zinc (and its compounds),Emission,Waterbody,tonnes,0.0,GRP-1402249f,,,,Ore processed,1,ore
,GRP-1402249f,Water,Nitrate ion in solution at pH >= 6.0,Emission,Direct Discharge,tonnes,436.313,GRP-1402249f,,,,Ore processed,1,ore
,GRP-1402249f,Water,Nitrate ion in solution at pH >= 6.0,Emission,Waterbody,tonnes,0.0,GRP-1402249f,,,,Ore processed,1,ore
,GRP-1402249f,Water,Phosphorus (total),Emission,Direct Discharge,tonnes,0.9530000000000001,GRP-1402249f,,,,Ore processed,1,ore
,GRP-1402249f,Water,Phosphorus (total),Emission,Waterbody,tonnes,0.0,GRP-1402249f,,,,Ore processed,1,ore
,GRP-1402249f,Water,Thallium (and its compounds),Emission,Direct Discharge,kg,20.248,GRP-1402249f,,,,Ore processed,1,ore
,GRP-1402249f,Water,Thallium (and its compounds),Emission,Waterbody,kg,0.0,GRP-1402249f,,,,Ore processed,1,ore
,GRP-1402249f,Water,Vanadium (and its compounds),Emission,Direct Discharge,tonnes,0.193,GRP-1402249f,,,,Ore processed,1,ore
,GRP-1402249f,Water,Vanadium (and its compounds),Emission,Waterbody,tonnes,0.0,GRP-1402249f,,,,Ore processed,1,ore
,GRP-147b3123,Air,Carbon monoxide,Emission,Stack Emissions,tonnes,21.348,GRP-147b3123,"Au, Underground mining and beneficiation at Timmins Operation",1574000.0,1.3562897077509529e-05,Ore processed,1,ore
,GRP-147b3123,Air,Carbon monoxide,Emission,,tonnes,162.2103272336618,GRP-147b3123,"Au, Underground mining and beneficiation at Timmins Operation",1574000.0,0.00010305611641274573,Ore processed,1,ore
,GRP-147b3123,Air,Nitric acid,Emission,Stack Emissions,tonnes,0.327,GRP-147b3123,"Au, Underground mining and beneficiation at Timmins Operation",1574000.0,2.0775095298602288e-07,Ore processed,1,ore
,GRP-147b3123,Air,Arsenic (and its compounds),Emission,Fugitive Emissions,kg,1.1212,GRP-147b3123,"Au, Underground mining and beneficiation at Timmins Operation",1574000.0,7.123252858958069e-07,Ore processed,1,ore
,GRP-147b3123,Air,Arsenic (and its compounds),Emission,Stack Emissions,kg,2.8051,GRP-147b3123,"Au, Underground mining and beneficiation at Timmins Operation",1574000.0,1.7821473951715374e-06,Ore processed,1,ore
,GRP-147b3123,Air,Cadmium (and its compounds),Emission,Fugitive Emissions,kg,0.0059,GRP-147b3123,"Au, Underground mining and beneficiation at Timmins Operation",1574000.0,3.748411689961881e-09,Ore processed,1,ore
,GRP-147b3123,Air,Cadmium (and its compounds),Emission,Stack Emissions,kg,0.0039,GRP-147b3123,"Au, Underground mining and beneficiation at Timmins Operation",1574000.0,2.4777636594663276e-09,Ore processed,1,ore
,GRP-147b3123,Air,Chromium (and its compounds),Emission,Fugitive Emissions,tonnes,0.0007,GRP-147b3123,"Au, Underground mining and beneficiation at Timmins Operation",1574000.0,4.4472681067344344e-10,Ore processed,1,ore
,GRP-147b3123,Air,Chromium (and its compounds),Emission,Stack Emissions,tonnes,0.0008,GRP-147b3123,"Au, Underground mining and beneficiation at Timmins Operation",1574000.0,5.082592121982212e-10,Ore processed,1,ore
,GRP-147b3123,Air,Cobalt (and its compounds),Emission,Fugitive Emissions,kg,0.3854,GRP-147b3123,"Au, Underground mining and beneficiation at Timmins Operation",1574000.0,2.4485387547649304e-07,Ore processed,1,ore
,GRP-147b3123,Air,Cobalt (and its compounds),Emission,Stack Emissions,kg,0.3608,GRP-147b3123,"Au, Underground mining and beneficiation at Timmins Operation",1574000.0,2.2922490470139771e-07,Ore processed,1,ore
,GRP-147b3123,Air,Copper (and its compounds),Emission,Fugitive Emissions,tonnes,0.0009,GRP-147b3123,"Au, Underground mining and beneficiation at Timmins Operation",1574000.0,5.717916137229987e-10,Ore processed,1,ore
,GRP-147b3123,Air,Copper (and its compounds),Emission,Stack Emissions,tonnes,0.0015,GRP-147b3123,"Au, Underground mining and beneficiation at Timmins Operation",1574000.0,9.529860228716645e-10,Ore processed,1,ore
,GRP-147b3123,Air,Cyanides (ionic),Emission,Stack Emissions,tonnes,2.484,GRP-147b3123,"Au, Underground mining and beneficiation at Timmins Operation",1574000.0,1.5781448538754765e-06,Ore processed,1,ore
,GRP-147b3123,Air,Lead (and its compounds),Emission,Fugitive Emissions,kg,2.27,GRP-147b3123,"Au, Underground mining and beneficiation at Timmins Operation",1574000.0,1.4421855146124524e-06,Ore processed,1,ore
,GRP-147b3123,Air,Lead (and its compounds),Emission,Stack Emissions,kg,112.188,GRP-147b3123,"Au, Underground mining and beneficiation at Timmins Operation",1574000.0,7.127573062261754e-05,Ore processed,1,ore
,GRP-147b3123,Air,Manganese (and its compounds),Emission,Fugitive Emissions,tonnes,0.015,GRP-147b3123,"Au, Underground mining and beneficiation at Timmins Operation",1574000.0,9.529860228716645e-09,Ore processed,1,ore
,GRP-147b3123,Air,Manganese (and its compounds),Emission,Stack Emissions,tonnes,0.018,GRP-147b3123,"Au, Underground mining and beneficiation at Timmins Operation",1574000.0,1.1435832274459973e-08,Ore processed,1,ore
,GRP-147b3123,Air,Nickel (and its compounds),Emission,Fugitive Emissions,tonnes,0.0008,GRP-147b3123,"Au, Underground mining and beneficiation at Timmins Operation",1574000.0,5.082592121982212e-10,Ore processed,1,ore
,GRP-147b3123,Air,Nickel (and its compounds),Emission,Stack Emissions,tonnes,0.0007,GRP-147b3123,"Au, Underground mining and beneficiation at Timmins Operation",1574000.0,4.4472681067344344e-10,Ore processed,1,ore
,GRP-147b3123,Air,Selenium (and its compounds),Emission,Fugitive Emissions,kg,0.027,GRP-147b3123,"Au, Underground mining and beneficiation at Timmins Operation",1574000.0,1.7153748411689963e-08,Ore processed,1,ore
,GRP-147b3123,Air,Selenium (and its compounds),Emission,Stack Emissions,kg,0.064,GRP-147b3123,"Au, Underground mining and beneficiation at Timmins Operation",1574000.0,4.066073697585769e-08,Ore processed,1,ore
,GRP-147b3123,Air,Zinc (and its compounds),Emission,Fugitive Emissions,tonnes,0.0022,GRP-147b3123,"Au, Underground mining and beneficiation at Timmins Operation",1574000.0,1.397712833545108e-09,Ore processed,1,ore
,GRP-147b3123,Air,Zinc (and its compounds),Emission,Stack Emissions,tonnes,0.0019,GRP-147b3123,"Au, Underground mining and beneficiation at Timmins Operation",1574000.0,1.2071156289707752e-09,Ore processed,1,ore
,GRP-147b3123,Air,Phosphorus (total),Emission,Fugitive Emissions,tonnes,0.001,GRP-147b3123,"Au, Underground mining and beneficiation at Timmins Operation",1574000.0,6.353240152477764e-10,Ore processed,1,ore
,GRP-147b3123,Air,Phosphorus (total),Emission,Stack Emissions,tonnes,0.002,GRP-147b3123,"Au, Underground mining and beneficiation at Timmins Operation",1574000.0,1.2706480304955528e-09,Ore processed,1,ore
,GRP-147b3123,Air,Thallium (and its compounds),Emission,Fugitive Emissions,kg,0.002,GRP-147b3123,"Au, Underground mining and beneficiation at Timmins Operation",1574000.0,1.2706480304955528e-09,Ore processed,1,ore
,GRP-147b3123,Air,Thallium (and its compounds),Emission,Stack Emissions,kg,0.002,GRP-147b3123,"Au, Underground mining and beneficiation at Timmins Operation",1574000.0,1.2706480304955528e-09,Ore processed,1,ore
,GRP-147b3123,Air,Vanadium (and its compounds),Emission,Fugitive Emissions,tonnes,0.0017,GRP-147b3123,"Au, Underground mining and beneficiation at Timmins Operation",1574000.0,1.0800508259212197e-09,Ore processed,1,ore
,GRP-147b3123,Air,Vanadium (and its compounds),Emission,Stack Emissions,tonnes,0.0015,GRP-147b3123,"Au, Underground mining and beneficiation at Timmins Operation",1574000.0,9.529860228716645e-10,Ore processed,1,ore
,GRP-147b3123,Air,GHG,Emission,Unspecified,tCO2eq,37940.0,GRP-147b3123,"Au, Underground mining and beneficiation at Timmins Operation",1574000.0,0.024104193138500634,Ore processed,1,ore
,GRP-147b3123,Air,GHG,Emission,,tCO2eq,41154.070225595,GRP-147b3123,"Au, Underground mining and beneficiation at Timmins Operation",1574000.0,0.026146169139513977,Ore processed,1,ore
,GRP-147b3123,Air,Total particulate matter,Emission,Fugitive Emissions,tonnes,18.01,GRP-147b3123,"Au, Underground mining and beneficiation at Timmins Operation",1574000.0,1.1442185514612454e-05,Ore processed,1,ore
,GRP-147b3123,Air,Total particulate matter,Emission,Stack Emissions,tonnes,24.782,GRP-147b3123,"Au, Underground mining and beneficiation at Timmins Operation",1574000.0,1.5744599745870395e-05,Ore processed,1,ore
,GRP-147b3123,Air,PM10 - Particulate Matter <= 10 Micrometers,Emission,Fugitive Emissions,tonnes,8.552,GRP-147b3123,"Au, Underground mining and beneficiation at Timmins Operation",1574000.0,5.433290978398983e-06,Ore processed,1,ore
,GRP-147b3123,Air,PM10 - Particulate Matter <= 10 Micrometers,Emission,Stack Emissions,tonnes,12.978,GRP-147b3123,"Au, Underground mining and beneficiation at Timmins Operation",1574000.0,8.245235069885642e-06,Ore processed,1,ore
,GRP-147b3123,Air,PM10 - Particulate Matter <= 10 Micrometers,Emission,,tonnes,50.80330038861595,GRP-147b3123,"Au, Underground mining and beneficiation at Timmins Operation",1574000.0,3.22765567907344e-05,Ore processed,1,ore
,GRP-147b3123,Air,PM2.5 - Particulate Matter <= 2.5 Micrometers,Emission,Fugitive Emissions,tonnes,1.492,GRP-147b3123,"Au, Underground mining and beneficiation at Timmins Operation",1574000.0,9.479034307496823e-07,Ore processed,1,ore
,GRP-147b3123,Air,PM2.5 - Particulate Matter <= 2.5 Micrometers,Emission,Stack Emissions,tonnes,4.468,GRP-147b3123,"Au, Underground mining and beneficiation at Timmins Operation",1574000.0,2.8386277001270646e-06,Ore processed,1,ore
,GRP-147b3123,Air,Volatile Organic Compounds (Total),Emission,,tonnes,60.86381506924382,GRP-147b3123,"Au, Underground mining and beneficiation at Timmins Operation",1574000.0,3.86682433730901e-05,Ore processed,1,ore
,GRP-147b3123,Air,NOx,Emission,,tonnes,319.1923189073236,GRP-147b3123,"Au, Underground mining and beneficiation at Timmins Operation",1574000.0,0.00020279054568444956,Ore processed,1,ore
,GRP-147b3123,Air,SOx,Emission,,tonnes,47.44216474180202,GRP-147b3123,"Au, Underground mining and beneficiation at Timmins Operation",1574000.0,3.0141146595808143e-05,Ore processed,1,ore
,GRP-147b3123,Land,Arsenic (and its compounds),Emission,Other,kg,8443.727,GRP-147b3123,"Au, Underground mining and beneficiation at Timmins Operation",1574000.0,0.005364502541296061,Ore processed,1,ore
,GRP-147b3123,Land,Cadmium (and its compounds),Emission,Other,kg,19.398,GRP-147b3123,"Au, Underground mining and beneficiation at Timmins Operation",1574000.0,1.2324015247776365e-05,Ore processed,1,ore
,GRP-147b3123,Land,Chromium (and its compounds),Emission,Other,tonnes,12.836,GRP-147b3123,"Au, Underground mining and beneficiation at Timmins Operation",1574000.0,8.155019059720457e-06,Ore processed,1,ore
,GRP-147b3123,Land,Cobalt (and its compounds),Emission,Other,kg,1898.038,GRP-147b3123,"Au, Underground mining and beneficiation at Timmins Operation",1574000.0,0.001205869123252859,Ore processed,1,ore
,GRP-147b3123,Land,Copper (and its compounds),Emission,Other,tonnes,4.256,GRP-147b3123,"Au, Underground mining and beneficiation at Timmins Operation",1574000.0,2.7039390088945364e-06,Ore processed,1,ore
,GRP-147b3123,Land,Lead (and its compounds),Emission,Other,kg,2103.902,GRP-147b3123,"Au, Underground mining and beneficiation at Timmins Operation",1574000.0,0.0013366594663278273,Ore processed,1,ore
,GRP-147b3123,Land,Manganese (and its compounds),Emission,Other,tonnes,80.184,GRP-147b3123,"Au, Underground mining and beneficiation at Timmins Operation",1574000.0,5.09428208386277e-05,Ore processed,1,ore
,GRP-147b3123,Land,Nickel (and its compounds),Emission,Other,tonnes,4.916,GRP-147b3123,"Au, Underground mining and beneficiation at Timmins Operation",1574000.0,3.123252858958069e-06,Ore processed,1,ore
,GRP-147b3123,Land,Selenium (and its compounds),Emission,Other,kg,98.118,GRP-147b3123,"Au, Underground mining and beneficiation at Timmins Operation",1574000.0,6.233672172808132e-05,Ore processed,1,ore
,GRP-147b3123,Land,Zinc (and its compounds),Emission,Other,tonnes,8.502,GRP-147b3123,"Au, Underground mining and beneficiation at Timmins Operation",1574000.0,5.401524777636595e-06,Ore processed,1,ore
,GRP-147b3123,Land,Phosphorus (total),Emission,Other,tonnes,75.009,GRP-147b3123,"Au, Underground mining and beneficiation at Timmins Operation",1574000.0,4.765501905972046e-05,Ore processed,1,ore
,GRP-147b3123,Land,Thallium (and its compounds),Emission,Other,kg,24.525,GRP-147b3123,"Au, Underground mining and beneficiation at Timmins Operation",1574000.0,1.5581321473951716e-05,Ore processed,1,ore
,GRP-147b3123,Land,Vanadium (and its compounds),Emission,Other,tonnes,8.346,GRP-147b3123,"Au, Underground mining and beneficiation at Timmins Operation",1574000.0,5.302414231257942e-06,Ore processed,1,ore
,GRP-147b3123,Land,,Occupation and transformation,,ha,370.0,GRP-147b3123,"Au, Underground mining and beneficiation at Timmins Operation",1574000.0,0.00023506988564167726,Ore processed,1,ore
,GRP-147b3123,Water,Water,Consumption,,m3,749557.379698017,GRP-147b3123,"Au, Underground mining and beneficiation at Timmins Operation",1574000.0,0.4762118041283463,Ore processed,1,ore
,GRP-147b3123,Water,Water,Discharged,,m3,1743711.5,GRP-147b3123,"Au, Underground mining and beneficiation at Timmins Operation",1574000.0,1.107821791613723,Ore processed,1,ore
,GRP-147b3123,Water,Water,Withdrawal,,m3,974971.403348017,GRP-147b3123,"Au, Underground mining and beneficiation at Timmins Operation",1574000.0,0.6194227467268215,Ore processed,1,ore
,GRP-147b3123,Water,Arsenic (and its compounds),Emission,Direct Discharge,kg,19.673099999999998,GRP-147b3123,"Au, Underground mining and beneficiation at Timmins Operation",1574000.0,1.2498792884371028e-05,Ore processed,1,ore
,GRP-147b3123,Water,Arsenic (and its compounds),Emission,Waterbody,kg,0.0,GRP-147b3123,"Au, Underground mining and beneficiation at Timmins Operation",1574000.0,0.0,Ore processed,1,ore
,GRP-147b3123,Water,Cadmium (and its compounds),Emission,Direct Discharge,kg,0.028,GRP-147b3123,"Au, Underground mining and beneficiation at Timmins Operation",1574000.0,1.778907242693774e-08,Ore processed,1,ore
,GRP-147b3123,Water,Cadmium (and its compounds),Emission,Waterbody,kg,0.0,GRP-147b3123,"Au, Underground mining and beneficiation at Timmins Operation",1574000.0,0.0,Ore processed,1,ore
,GRP-147b3123,Water,Chromium (and its compounds),Emission,Direct Discharge,tonnes,0.002,GRP-147b3123,"Au, Underground mining and beneficiation at Timmins Operation",1574000.0,1.2706480304955528e-09,Ore processed,1,ore
,GRP-147b3123,Water,Chromium (and its compounds),Emission,Waterbody,tonnes,0.0,GRP-147b3123,"Au, Underground mining and beneficiation at Timmins Operation",1574000.0,0.0,Ore processed,1,ore
,GRP-147b3123,Water,Cobalt (and its compounds),Emission,Direct Discharge,kg,0.042,GRP-147b3123,"Au, Underground mining and beneficiation at Timmins Operation",1574000.0,2.668360864040661e-08,Ore processed,1,ore
,GRP-147b3123,Water,Cobalt (and its compounds),Emission,Waterbody,kg,0.0,GRP-147b3123,"Au, Underground mining and beneficiation at Timmins Operation",1574000.0,0.0,Ore processed,1,ore
,GRP-147b3123,Water,Copper (and its compounds),Emission,Direct Discharge,tonnes,0.011,GRP-147b3123,"Au, Underground mining and beneficiation at Timmins Operation",1574000.0,6.98856416772554e-09,Ore processed,1,ore
,GRP-147b3123,Water,Copper (and its compounds),Emission,Waterbody,tonnes,0.0,GRP-147b3123,"Au, Underground mining and beneficiation at Timmins Operation",1574000.0,0.0,Ore processed,1,ore
,GRP-147b3123,Water,Cyanides (ionic),Emission,Direct Discharge,tonnes,0.028,GRP-147b3123,"Au, Underground mining and beneficiation at Timmins Operation",1574000.0,1.778907242693774e-08,Ore processed,1,ore
,GRP-147b3123,Water,Cyanides (ionic),Emission,Waterbody,tonnes,0.0,GRP-147b3123,"Au, Underground mining and beneficiation at Timmins Operation",1574000.0,0.0,Ore processed,1,ore
,GRP-147b3123,Water,Lead (and its compounds),Emission,Direct Discharge,kg,0.154,GRP-147b3123,"Au, Underground mining and beneficiation at Timmins Operation",1574000.0,9.783989834815756e-08,Ore processed,1,ore
,GRP-147b3123,Water,Lead (and its compounds),Emission,Waterbody,kg,0.0,GRP-147b3123,"Au, Underground mining and beneficiation at Timmins Operation",1574000.0,0.0,Ore processed,1,ore
,GRP-147b3123,Water,Manganese (and its compounds),Emission,Direct Discharge,tonnes,0.027,GRP-147b3123,"Au, Underground mining and beneficiation at Timmins Operation",1574000.0,1.7153748411689963e-08,Ore processed,1,ore
,GRP-147b3123,Water,Manganese (and its compounds),Emission,Waterbody,tonnes,0.0,GRP-147b3123,"Au, Underground mining and beneficiation at Timmins Operation",1574000.0,0.0,Ore processed,1,ore
,GRP-147b3123,Water,Nickel (and its compounds),Emission,Direct Discharge,tonnes,0.036,GRP-147b3123,"Au, Underground mining and beneficiation at Timmins Operation",1574000.0,2.2871664548919946e-08,Ore processed,1,ore
,GRP-147b3123,Water,Nickel (and its compounds),Emission,Waterbody,tonnes,0.0,GRP-147b3123,"Au, Underground mining and beneficiation at Timmins Operation",1574000.0,0.0,Ore processed,1,ore
,GRP-147b3123,Water,Selenium (and its compounds),Emission,Direct Discharge,kg,10.222,GRP-147b3123,"Au, Underground mining and beneficiation at Timmins Operation",1574000.0,6.49428208386277e-06,Ore processed,1,ore
,GRP-147b3123,Water,Selenium (and its compounds),Emission,Waterbody,kg,0.0,GRP-147b3123,"Au, Underground mining and beneficiation at Timmins Operation",1574000.0,0.0,Ore processed,1,ore
,GRP-147b3123,Water,Zinc (and its compounds),Emission,Direct Discharge,tonnes,0.006,GRP-147b3123,"Au, Underground mining and beneficiation at Timmins Operation",1574000.0,3.811944091486658e-09,Ore processed,1,ore
,GRP-147b3123,Water,Zinc (and its compounds),Emission,Waterbody,tonnes,0.0,GRP-147b3123,"Au, Underground mining and beneficiation at Timmins Operation",1574000.0,0.0,Ore processed,1,ore
,GRP-147b3123,Water,Phosphorus (total),Emission,Direct Discharge,tonnes,0.07,GRP-147b3123,"Au, Underground mining and beneficiation at Timmins Operation",1574000.0,4.447268106734435e-08,Ore processed,1,ore
,GRP-147b3123,Water,Phosphorus (total),Emission,Waterbody,tonnes,0.0,GRP-147b3123,"Au, Underground mining and beneficiation at Timmins Operation",1574000.0,0.0,Ore processed,1,ore
,GRP-147b3123,Water,Thallium (and its compounds),Emission,Direct Discharge,kg,0.14,GRP-147b3123,"Au, Underground mining and beneficiation at Timmins Operation",1574000.0,8.89453621346887e-08,Ore processed,1,ore
,GRP-147b3123,Water,Thallium (and its compounds),Emission,Waterbody,kg,0.0,GRP-147b3123,"Au, Underground mining and beneficiation at Timmins Operation",1574000.0,0.0,Ore processed,1,ore
,GRP-147b3123,Water,Vanadium (and its compounds),Emission,Direct Discharge,tonnes,0.005,GRP-147b3123,"Au, Underground mining and beneficiation at Timmins Operation",1574000.0,3.176620076238882e-09,Ore processed,1,ore
,GRP-147b3123,Water,Vanadium (and its compounds),Emission,Waterbody,tonnes,0.0,GRP-147b3123,"Au, Underground mining and beneficiation at Timmins Operation",1574000.0,0.0,Ore processed,1,ore
,GRP-14bfbb82,Air,Nitrogen oxides (expressed as nitrogen dioxide),Emission,Other,tonnes,13.88,GRP-14bfbb82,,122000.0,0.0001137704918032787,Ore processed,1,ore
,GRP-14bfbb82,Air,Arsenic (and its compounds),Emission,Other,kg,0.97,GRP-14bfbb82,,122000.0,7.950819672131147e-06,Ore processed,1,ore
,GRP-14bfbb82,Air,Cadmium (and its compounds),Emission,Other,kg,0.08,GRP-14bfbb82,,122000.0,6.557377049180328e-07,Ore processed,1,ore
,GRP-14bfbb82,Air,Lead (and its compounds),Emission,Other,kg,0.05,GRP-14bfbb82,,122000.0,4.098360655737705e-07,Ore processed,1,ore
,GRP-14bfbb82,Air,Manganese (and its compounds),Emission,Stack Emissions,tonnes,0.001,GRP-14bfbb82,,122000.0,8.19672131147541e-09,Ore processed,1,ore
,GRP-14bfbb82,Air,GHG,Emission,Unspecified,tCO2eq,13320.0,GRP-14bfbb82,,122000.0,0.10918032786885246,Ore processed,1,ore
,GRP-14bfbb82,Air,GHG,Emission,,tCO2eq,44059.0,GRP-14bfbb82,,122000.0,0.3611393442622951,Ore processed,1,ore
,GRP-14bfbb82,Air,Total particulate matter,Emission,Other,tonnes,10.196,GRP-14bfbb82,,122000.0,8.357377049180327e-05,Ore processed,1,ore
,GRP-14bfbb82,Air,PM10 - Particulate Matter <= 10 Micrometers,Emission,Other,tonnes,4.644,GRP-14bfbb82,,122000.0,3.806557377049181e-05,Ore processed,1,ore
,GRP-14bfbb82,Air,PM2.5 - Particulate Matter <= 2.5 Micrometers,Emission,Other,tonnes,1.836,GRP-14bfbb82,,122000.0,1.5049180327868853e-05,Ore processed,1,ore
,GRP-14bfbb82,Water,Water,Consumption,,m3,147624.0,GRP-14bfbb82,,122000.0,1.2100327868852458,Ore processed,1,ore
,GRP-14bfbb82,Water,Water,Discharged,,m3,25131.0,GRP-14bfbb82,,122000.0,0.20599180327868852,Ore processed,1,ore
,GRP-14bfbb82,Water,Water,Withdrawal,,m3,183118.0,GRP-14bfbb82,,122000.0,1.500967213114754,Ore processed,1,ore
,GRP-14bfbb82,Water,Arsenic (and its compounds),Emission,Direct Discharge,kg,0.043954,GRP-14bfbb82,,122000.0,3.6027868852459016e-07,Ore processed,1,ore
,GRP-14bfbb82,Water,Arsenic (and its compounds),Emission,Waterbody,kg,0.0,GRP-14bfbb82,,122000.0,0.0,Ore processed,1,ore
,GRP-14bfbb82,Water,Cadmium (and its compounds),Emission,Direct Discharge,kg,0.003035,GRP-14bfbb82,,122000.0,2.487704918032787e-08,Ore processed,1,ore
,GRP-14bfbb82,Water,Cadmium (and its compounds),Emission,Waterbody,kg,0.0,GRP-14bfbb82,,122000.0,0.0,Ore processed,1,ore
,GRP-14bfbb82,Water,Chromium (and its compounds),Emission,Direct Discharge,tonnes,1.7e-05,GRP-14bfbb82,,122000.0,1.3934426229508197e-10,Ore processed,1,ore
,GRP-14bfbb82,Water,Chromium (and its compounds),Emission,Waterbody,tonnes,0.0,GRP-14bfbb82,,122000.0,0.0,Ore processed,1,ore
,GRP-14bfbb82,Water,Cobalt (and its compounds),Emission,Direct Discharge,kg,1.96346,GRP-14bfbb82,,122000.0,1.6093934426229508e-05,Ore processed,1,ore
,GRP-14bfbb82,Water,Cobalt (and its compounds),Emission,Waterbody,kg,0.0,GRP-14bfbb82,,122000.0,0.0,Ore processed,1,ore
,GRP-14bfbb82,Water,Copper (and its compounds),Emission,Direct Discharge,tonnes,0.001181,GRP-14bfbb82,,122000.0,9.68032786885246e-09,Ore processed,1,ore
,GRP-14bfbb82,Water,Copper (and its compounds),Emission,Waterbody,tonnes,0.0,GRP-14bfbb82,,122000.0,0.0,Ore processed,1,ore
,GRP-14bfbb82,Water,Cyanides (ionic),Emission,Direct Discharge,tonnes,0.000292,GRP-14bfbb82,,122000.0,2.3934426229508196e-09,Ore processed,1,ore
,GRP-14bfbb82,Water,Cyanides (ionic),Emission,Waterbody,tonnes,0.0,GRP-14bfbb82,,122000.0,0.0,Ore processed,1,ore
,GRP-14bfbb82,Water,Lead (and its compounds),Emission,Direct Discharge,kg,0.016528,GRP-14bfbb82,,122000.0,1.3547540983606558e-07,Ore processed,1,ore
,GRP-14bfbb82,Water,Lead (and its compounds),Emission,Waterbody,kg,0.0,GRP-14bfbb82,,122000.0,0.0,Ore processed,1,ore
,GRP-14bfbb82,Water,Manganese (and its compounds),Emission,Direct Discharge,tonnes,0.020576,GRP-14bfbb82,,122000.0,1.6865573770491805e-07,Ore processed,1,ore
,GRP-14bfbb82,Water,Manganese (and its compounds),Emission,Waterbody,tonnes,0.0,GRP-14bfbb82,,122000.0,0.0,Ore processed,1,ore
,GRP-14bfbb82,Water,Nickel (and its compounds),Emission,Direct Discharge,tonnes,0.001261,GRP-14bfbb82,,122000.0,1.0336065573770492e-08,Ore processed,1,ore
,GRP-14bfbb82,Water,Nickel (and its compounds),Emission,Waterbody,tonnes,0.0,GRP-14bfbb82,,122000.0,0.0,Ore processed,1,ore
,GRP-14bfbb82,Water,Selenium (and its compounds),Emission,Direct Discharge,kg,0.047552,GRP-14bfbb82,,122000.0,3.897704918032787e-07,Ore processed,1,ore
,GRP-14bfbb82,Water,Selenium (and its compounds),Emission,Waterbody,kg,0.0,GRP-14bfbb82,,122000.0,0.0,Ore processed,1,ore
,GRP-14bfbb82,Water,Zinc (and its compounds),Emission,Direct Discharge,tonnes,0.000478,GRP-14bfbb82,,122000.0,3.918032786885246e-09,Ore processed,1,ore
,GRP-14bfbb82,Water,Zinc (and its compounds),Emission,Waterbody,tonnes,0.0,GRP-14bfbb82,,122000.0,0.0,Ore processed,1,ore
,GRP-14bfbb82,Water,Ammonia (total),Emission,Direct Discharge,tonnes,0.2498,GRP-14bfbb82,,122000.0,2.0475409836065573e-06,Ore processed,1,ore
,GRP-14bfbb82,Water,Ammonia (total),Emission,Waterbody,tonnes,0.0,GRP-14bfbb82,,122000.0,0.0,Ore processed,1,ore
,GRP-14bfbb82,Water,Nitrate ion in solution at pH >= 6.0,Emission,Direct Discharge,tonnes,48.97,GRP-14bfbb82,,122000.0,0.0004013934426229508,Ore processed,1,ore
,GRP-14bfbb82,Water,Nitrate ion in solution at pH >= 6.0,Emission,Waterbody,tonnes,0.0,GRP-14bfbb82,,122000.0,0.0,Ore processed,1,ore
,GRP-14bfbb82,Water,Phosphorus (total),Emission,Direct Discharge,tonnes,0.005531,GRP-14bfbb82,,122000.0,4.53360655737705e-08,Ore processed,1,ore
,GRP-14bfbb82,Water,Phosphorus (total),Emission,Waterbody,tonnes,0.0,GRP-14bfbb82,,122000.0,0.0,Ore processed,1,ore
,GRP-14bfbb82,Water,Vanadium (and its compounds),Emission,Direct Discharge,tonnes,0.000193,GRP-14bfbb82,,122000.0,1.581967213114754e-09,Ore processed,1,ore
,GRP-14bfbb82,Water,Vanadium (and its compounds),Emission,Waterbody,tonnes,0.0,GRP-14bfbb82,,122000.0,0.0,Ore processed,1,ore
,GRP-21eee27d,Air,Nitrogen oxides (expressed as nitrogen dioxide),Emission,Fugitive Emissions,tonnes,0.311,GRP-21eee27d,"U, Underground mining and beneficiation at Key Lake + McArthur River",98408.8710325432,3.160284197317478e-06,Ore processed,1,ore
,GRP-21eee27d,Air,Nitrogen oxides (expressed as nitrogen dioxide),Emission,Stack Emissions,tonnes,75.035,GRP-21eee27d,"U, Underground mining and beneficiation at Key Lake + McArthur River",98408.8710325432,0.0007624820731373535,Ore processed,1,ore
,GRP-21eee27d,Air,Carbon monoxide,Emission,Stack Emissions,tonnes,87.328,GRP-21eee27d,"U, Underground mining and beneficiation at Key Lake + McArthur River",98408.8710325432,0.0008873996732583302,Ore processed,1,ore
,GRP-21eee27d,Air,Arsenic (and its compounds),Emission,Stack Emissions,kg,2.737,GRP-21eee27d,"U, Underground mining and beneficiation at Key Lake + McArthur River",98408.8710325432,2.781253327349819e-05,Ore processed,1,ore
,GRP-21eee27d,Air,Cobalt (and its compounds),Emission,Fugitive Emissions,kg,0.0003,GRP-21eee27d,"U, Underground mining and beneficiation at Key Lake + McArthur River",98408.8710325432,3.048505656576345e-09,Ore processed,1,ore
,GRP-21eee27d,Air,Copper (and its compounds),Emission,Stack Emissions,tonnes,0.0016,GRP-21eee27d,"U, Underground mining and beneficiation at Key Lake + McArthur River",98408.8710325432,1.625869683507384e-08,Ore processed,1,ore
,GRP-21eee27d,Air,Lead (and its compounds),Emission,Fugitive Emissions,kg,0.0049,GRP-21eee27d,"U, Underground mining and beneficiation at Key Lake + McArthur River",98408.8710325432,4.979225905741364e-08,Ore processed,1,ore
,GRP-21eee27d,Air,Lead (and its compounds),Emission,Stack Emissions,kg,2.8181,GRP-21eee27d,"U, Underground mining and beneficiation at Key Lake + McArthur River",98408.8710325432,2.8636645969325995e-05,Ore processed,1,ore
,GRP-21eee27d,Air,Manganese (and its compounds),Emission,Fugitive Emissions,tonnes,0.0009,GRP-21eee27d,"U, Underground mining and beneficiation at Key Lake + McArthur River",98408.8710325432,9.145516969729036e-09,Ore processed,1,ore
,GRP-21eee27d,Air,Nickel (and its compounds),Emission,Fugitive Emissions,tonnes,6e-05,GRP-21eee27d,"U, Underground mining and beneficiation at Key Lake + McArthur River",98408.8710325432,6.09701131315269e-10,Ore processed,1,ore
,GRP-21eee27d,Air,Nickel (and its compounds),Emission,Stack Emissions,tonnes,0.0015,GRP-21eee27d,"U, Underground mining and beneficiation at Key Lake + McArthur River",98408.8710325432,1.5242528282881725e-08,Ore processed,1,ore
,GRP-21eee27d,Air,Selenium (and its compounds),Emission,Stack Emissions,kg,8.626,GRP-21eee27d,"U, Underground mining and beneficiation at Key Lake + McArthur River",98408.8710325432,8.765469931209183e-05,Ore processed,1,ore
,GRP-21eee27d,Air,Zinc (and its compounds),Emission,Fugitive Emissions,tonnes,0.001,GRP-21eee27d,"U, Underground mining and beneficiation at Key Lake + McArthur River",98408.8710325432,1.016168552192115e-08,Ore processed,1,ore
,GRP-21eee27d,Air,Zinc (and its compounds),Emission,Stack Emissions,tonnes,0.046,GRP-21eee27d,"U, Underground mining and beneficiation at Key Lake + McArthur River",98408.8710325432,4.6743753400837293e-07,Ore processed,1,ore
,GRP-21eee27d,Air,Ammonia (total),Emission,Stack Emissions,tonnes,15.897,GRP-21eee27d,"U, Underground mining and beneficiation at Key Lake + McArthur River",98408.8710325432,0.00016154031474198053,Ore processed,1,ore
,GRP-21eee27d,Air,GHG,Emission,Unspecified,tCO2eq,22360.0,GRP-21eee27d,"U, Underground mining and beneficiation at Key Lake + McArthur River",98408.8710325432,0.22721528827015694,Ore processed,1,ore
,GRP-21eee27d,Air,Total particulate matter,Emission,Fugitive Emissions,tonnes,53.525999999999996,GRP-21eee27d,"U, Underground mining and beneficiation at Key Lake + McArthur River",98408.8710325432,0.0005439143792463515,Ore processed,1,ore
,GRP-21eee27d,Air,Total particulate matter,Emission,Stack Emissions,tonnes,18.522,GRP-21eee27d,"U, Underground mining and beneficiation at Key Lake + McArthur River",98408.8710325432,0.00018821473923702353,Ore processed,1,ore
,GRP-21eee27d,Air,PM10 - Particulate Matter <= 10 Micrometers,Emission,Fugitive Emissions,tonnes,19.668,GRP-21eee27d,"U, Underground mining and beneficiation at Key Lake + McArthur River",98408.8710325432,0.00019986003084514518,Ore processed,1,ore
,GRP-21eee27d,Air,PM10 - Particulate Matter <= 10 Micrometers,Emission,Stack Emissions,tonnes,1.256,GRP-21eee27d,"U, Underground mining and beneficiation at Key Lake + McArthur River",98408.8710325432,1.2763077015532965e-05,Ore processed,1,ore
,GRP-21eee27d,Air,PM2.5 - Particulate Matter <= 2.5 Micrometers,Emission,Fugitive Emissions,tonnes,5.484,GRP-21eee27d,"U, Underground mining and beneficiation at Key Lake + McArthur River",98408.8710325432,5.572668340221559e-05,Ore processed,1,ore
,GRP-21eee27d,Air,PM2.5 - Particulate Matter <= 2.5 Micrometers,Emission,Stack Emissions,tonnes,1.246,GRP-21eee27d,"U, Underground mining and beneficiation at Key Lake + McArthur River",98408.8710325432,1.2661460160313753e-05,Ore processed,1,ore
,GRP-21eee27d,Air,Volatile Organic Compounds (Total),Emission,Fugitive Emissions,tonnes,14.26,GRP-21eee27d,"U, Underground mining and beneficiation at Key Lake + McArthur River",98408.8710325432,0.0001449056355425956,Ore processed,1,ore
,GRP-21eee27d,Air,Volatile Organic Compounds (Total),Emission,Other,tonnes,1.042,GRP-21eee27d,"U, Underground mining and beneficiation at Key Lake + McArthur River",98408.8710325432,1.058847631384184e-05,Ore processed,1,ore
,GRP-21eee27d,Air,Volatile Organic Compounds (Total),Emission,Stack Emissions,tonnes,57.776,GRP-21eee27d,"U, Underground mining and beneficiation at Key Lake + McArthur River",98408.8710325432,0.0005871015427145165,Ore processed,1,ore
,GRP-21eee27d,Air,Volatile Organic Compounds (Total),Emission,Storage / Handling,tonnes,1.053,GRP-21eee27d,"U, Underground mining and beneficiation at Key Lake + McArthur River",98408.8710325432,1.0700254854582971e-05,Ore processed,1,ore
,GRP-21eee27d,Water,Arsenic (and its compounds),Emission,Direct Discharge,kg,7.079,GRP-21eee27d,"U, Underground mining and beneficiation at Key Lake + McArthur River",98408.8710325432,7.193457180967983e-05,Ore processed,1,ore
,GRP-21eee27d,Water,Arsenic (and its compounds),Emission,Waterbody,kg,0.0,GRP-21eee27d,"U, Underground mining and beneficiation at Key Lake + McArthur River",98408.8710325432,0.0,Ore processed,1,ore
,GRP-21eee27d,Water,Cadmium (and its compounds),Emission,Direct Discharge,kg,0.156,GRP-21eee27d,"U, Underground mining and beneficiation at Key Lake + McArthur River",98408.8710325432,1.5852229414196995e-06,Ore processed,1,ore
,GRP-21eee27d,Water,Cadmium (and its compounds),Emission,Waterbody,kg,0.0,GRP-21eee27d,"U, Underground mining and beneficiation at Key Lake + McArthur River",98408.8710325432,0.0,Ore processed,1,ore
,GRP-21eee27d,Water,Cobalt (and its compounds),Emission,Direct Discharge,kg,23.844,GRP-21eee27d,"U, Underground mining and beneficiation at Key Lake + McArthur River",98408.8710325432,0.00024229522958468794,Ore processed,1,ore
,GRP-21eee27d,Water,Cobalt (and its compounds),Emission,Waterbody,kg,0.0,GRP-21eee27d,"U, Underground mining and beneficiation at Key Lake + McArthur River",98408.8710325432,0.0,Ore processed,1,ore
,GRP-21eee27d,Water,Copper (and its compounds),Emission,Direct Discharge,tonnes,0.00906,GRP-21eee27d,"U, Underground mining and beneficiation at Key Lake + McArthur River",98408.8710325432,9.206487082860563e-08,Ore processed,1,ore
,GRP-21eee27d,Water,Copper (and its compounds),Emission,Waterbody,tonnes,0.0,GRP-21eee27d,"U, Underground mining and beneficiation at Key Lake + McArthur River",98408.8710325432,0.0,Ore processed,1,ore
,GRP-21eee27d,Water,Lead (and its compounds),Emission,Direct Discharge,kg,1.0550000000000002,GRP-21eee27d,"U, Underground mining and beneficiation at Key Lake + McArthur River",98408.8710325432,1.0720578225626816e-05,Ore processed,1,ore
,GRP-21eee27d,Water,Lead (and its compounds),Emission,Waterbody,kg,0.0,GRP-21eee27d,"U, Underground mining and beneficiation at Key Lake + McArthur River",98408.8710325432,0.0,Ore processed,1,ore
,GRP-21eee27d,Water,Manganese (and its compounds),Emission,Direct Discharge,tonnes,0.0599,GRP-21eee27d,"U, Underground mining and beneficiation at Key Lake + McArthur River",98408.8710325432,6.086849627630769e-07,Ore processed,1,ore
,GRP-21eee27d,Water,Manganese (and its compounds),Emission,Waterbody,tonnes,0.0,GRP-21eee27d,"U, Underground mining and beneficiation at Key Lake + McArthur River",98408.8710325432,0.0,Ore processed,1,ore
,GRP-21eee27d,Water,Nickel (and its compounds),Emission,Direct Discharge,tonnes,0.3307,GRP-21eee27d,"U, Underground mining and beneficiation at Key Lake + McArthur River",98408.8710325432,3.3604694020993244e-06,Ore processed,1,ore
,GRP-21eee27d,Water,Nickel (and its compounds),Emission,Waterbody,tonnes,0.0,GRP-21eee27d,"U, Underground mining and beneficiation at Key Lake + McArthur River",98408.8710325432,0.0,Ore processed,1,ore
,GRP-21eee27d,Water,Selenium (and its compounds),Emission,Direct Discharge,kg,28.666,GRP-21eee27d,"U, Underground mining and beneficiation at Key Lake + McArthur River",98408.8710325432,0.0002912948771713917,Ore processed,1,ore
,GRP-21eee27d,Water,Selenium (and its compounds),Emission,Waterbody,kg,0.0,GRP-21eee27d,"U, Underground mining and beneficiation at Key Lake + McArthur River",98408.8710325432,0.0,Ore processed,1,ore
,GRP-21eee27d,Water,Zinc (and its compounds),Emission,Direct Discharge,tonnes,0.0149,GRP-21eee27d,"U, Underground mining and beneficiation at Key Lake + McArthur River",98408.8710325432,1.5140911427662515e-07,Ore processed,1,ore
,GRP-21eee27d,Water,Zinc (and its compounds),Emission,Waterbody,tonnes,0.0,GRP-21eee27d,"U, Underground mining and beneficiation at Key Lake + McArthur River",98408.8710325432,0.0,Ore processed,1,ore
,GRP-21eee27d,Water,Ammonia (total),Emission,Direct Discharge,tonnes,30.567,GRP-21eee27d,"U, Underground mining and beneficiation at Key Lake + McArthur River",98408.8710325432,0.00031061224134856384,Ore processed,1,ore
,GRP-21eee27d,Water,Ammonia (total),Emission,Waterbody,tonnes,0.0,GRP-21eee27d,"U, Underground mining and beneficiation at Key Lake + McArthur River",98408.8710325432,0.0,Ore processed,1,ore
,GRP-21eee27d,Water,Nitrate ion in solution at pH >= 6.0,Emission,Direct Discharge,tonnes,63.153000000000006,GRP-21eee27d,"U, Underground mining and beneficiation at Key Lake + McArthur River",98408.8710325432,0.0006417409257658865,Ore processed,1,ore
,GRP-21eee27d,Water,Nitrate ion in solution at pH >= 6.0,Emission,Waterbody,tonnes,0.0,GRP-21eee27d,"U, Underground mining and beneficiation at Key Lake + McArthur River",98408.8710325432,0.0,Ore processed,1,ore
,GRP-21eee27d,Water,Vanadium (and its compounds),Emission,Direct Discharge,tonnes,0.0023,GRP-21eee27d,"U, Underground mining and beneficiation at Key Lake + McArthur River",98408.8710325432,2.3371876700418647e-08,Ore processed,1,ore
,GRP-21eee27d,Water,Vanadium (and its compounds),Emission,Waterbody,tonnes,0.0,GRP-21eee27d,"U, Underground mining and beneficiation at Key Lake + McArthur River",98408.8710325432,0.0,Ore processed,1,ore
,GRP-25483238,Air,Nitrogen oxides (expressed as nitrogen dioxide),Emission,Stack Emissions,tonnes,566.0,GRP-25483238,,,,Ore processed,1,ore
,GRP-25483238,Air,Pyrene,Emission,Stack Emissions,kg,93.0,GRP-25483238,,,,Ore processed,1,ore
,GRP-25483238,Air,Benzo[e]pyrene,Emission,Stack Emissions,kg,3.602,GRP-25483238,,,,Ore processed,1,ore
,GRP-25483238,Air,Benzo[b]fluoranthene,Emission,Stack Emissions,kg,9.005,GRP-25483238,,,,Ore processed,1,ore
,GRP-25483238,Air,Fluoranthene,Emission,Stack Emissions,kg,69.0,GRP-25483238,,,,Ore processed,1,ore
,GRP-25483238,Air,Acenaphthylene,Emission,Stack Emissions,kg,156.4,GRP-25483238,,,,Ore processed,1,ore
,GRP-25483238,Air,Carbon monoxide,Emission,Stack Emissions,tonnes,5362.0,GRP-25483238,,,,Ore processed,1,ore
,GRP-25483238,Air,Aluminum (fume or dust only),Emission,Stack Emissions,tonnes,4.4,GRP-25483238,,,,Ore processed,1,ore
,GRP-25483238,Air,Sulphur dioxide,Emission,Stack Emissions,tonnes,1967.0,GRP-25483238,,,,Ore processed,1,ore
,GRP-25483238,Air,Hydrochloric acid,Emission,Stack Emissions,tonnes,18.9,GRP-25483238,,,,Ore processed,1,ore
,GRP-25483238,Air,Phenanthrene,Emission,Stack Emissions,kg,162.37,GRP-25483238,,,,Ore processed,1,ore
,GRP-25483238,Air,Arsenic (and its compounds),Emission,Stack Emissions,kg,11.4,GRP-25483238,,,,Ore processed,1,ore
,GRP-25483238,Air,Cadmium (and its compounds),Emission,Stack Emissions,kg,0.013,GRP-25483238,,,,Ore processed,1,ore
,GRP-25483238,Air,Chromium (and its compounds),Emission,Stack Emissions,tonnes,3.4,GRP-25483238,,,,Ore processed,1,ore
,GRP-25483238,Air,Cobalt (and its compounds),Emission,Stack Emissions,kg,144.0,GRP-25483238,,,,Ore processed,1,ore
,GRP-25483238,Air,Copper (and its compounds),Emission,Stack Emissions,tonnes,0.41,GRP-25483238,,,,Ore processed,1,ore
,GRP-25483238,Air,Lead (and its compounds),Emission,Stack Emissions,kg,135.0,GRP-25483238,,,,Ore processed,1,ore
,GRP-25483238,Air,Manganese (and its compounds),Emission,Stack Emissions,tonnes,2.4,GRP-25483238,,,,Ore processed,1,ore
,GRP-25483238,Air,Mercury (and its compounds),Emission,Stack Emissions,tonnes,0.00816,GRP-25483238,,,,Ore processed,1,ore
,GRP-25483238,Air,Nickel (and its compounds),Emission,Stack Emissions,tonnes,0.8,GRP-25483238,,,,Ore processed,1,ore
,GRP-25483238,Air,Selenium (and its compounds),Emission,Stack Emissions,kg,0.3,GRP-25483238,,,,Ore processed,1,ore
,GRP-25483238,Air,Zinc (and its compounds),Emission,Stack Emissions,tonnes,1.0,GRP-25483238,,,,Ore processed,1,ore
,GRP-25483238,Air,Phosphorus (total),Emission,Stack Emissions,tonnes,0.01,GRP-25483238,,,,Ore processed,1,ore
,GRP-25483238,Air,GHG,Emission,Unspecified,tCO2eq,885630.0,GRP-25483238,,,,Ore processed,1,ore
,GRP-25483238,Air,Total particulate matter,Emission,Fugitive Emissions,tonnes,16.67,GRP-25483238,,,,Ore processed,1,ore
,GRP-25483238,Air,Total particulate matter,Emission,Stack Emissions,tonnes,782.0,GRP-25483238,,,,Ore processed,1,ore
,GRP-25483238,Air,PM10 - Particulate Matter <= 10 Micrometers,Emission,Fugitive Emissions,tonnes,6.11,GRP-25483238,,,,Ore processed,1,ore
,GRP-25483238,Air,PM10 - Particulate Matter <= 10 Micrometers,Emission,Stack Emissions,tonnes,538.9,GRP-25483238,,,,Ore processed,1,ore
,GRP-25483238,Air,PM2.5 - Particulate Matter <= 2.5 Micrometers,Emission,Stack Emissions,tonnes,520.6,GRP-25483238,,,,Ore processed,1,ore
,GRP-25483238,Air,"PAHs, total unspeciated",Emission,Stack Emissions,kg,13.91,GRP-25483238,,,,Ore processed,1,ore
,GRP-25483238,Water,Arsenic (and its compounds),Emission,Direct Discharge,kg,173.0,GRP-25483238,,,,Ore processed,1,ore
,GRP-25483238,Water,Arsenic (and its compounds),Emission,Waterbody,kg,0.0,GRP-25483238,,,,Ore processed,1,ore
,GRP-25483238,Water,Cadmium (and its compounds),Emission,Direct Discharge,kg,0.2,GRP-25483238,,,,Ore processed,1,ore
,GRP-25483238,Water,Cadmium (and its compounds),Emission,Waterbody,kg,0.0,GRP-25483238,,,,Ore processed,1,ore
,GRP-25483238,Water,Chromium (and its compounds),Emission,Direct Discharge,tonnes,0.02021,GRP-25483238,,,,Ore processed,1,ore
,GRP-25483238,Water,Chromium (and its compounds),Emission,Waterbody,tonnes,0.0,GRP-25483238,,,,Ore processed,1,ore
,GRP-25483238,Water,Cobalt (and its compounds),Emission,Direct Discharge,kg,45.7,GRP-25483238,,,,Ore processed,1,ore
,GRP-25483238,Water,Cobalt (and its compounds),Emission,Waterbody,kg,0.0,GRP-25483238,,,,Ore processed,1,ore
,GRP-25483238,Water,Copper (and its compounds),Emission,Direct Discharge,tonnes,0.37,GRP-25483238,,,,Ore processed,1,ore
,GRP-25483238,Water,Copper (and its compounds),Emission,Waterbody,tonnes,0.0,GRP-25483238,,,,Ore processed,1,ore
,GRP-25483238,Water,Lead (and its compounds),Emission,Direct Discharge,kg,848.1,GRP-25483238,,,,Ore processed,1,ore
,GRP-25483238,Water,Lead (and its compounds),Emission,Waterbody,kg,0.0,GRP-25483238,,,,Ore processed,1,ore
,GRP-25483238,Water,Manganese (and its compounds),Emission,Direct Discharge,tonnes,1.13,GRP-25483238,,,,Ore processed,1,ore
,GRP-25483238,Water,Manganese (and its compounds),Emission,Waterbody,tonnes,0.0,GRP-25483238,,,,Ore processed,1,ore
,GRP-25483238,Water,Mercury (and its compounds),Emission,Direct Discharge,tonnes,0.0023,GRP-25483238,,,,Ore processed,1,ore
,GRP-25483238,Water,Mercury (and its compounds),Emission,Waterbody,tonnes,0.0,GRP-25483238,,,,Ore processed,1,ore
,GRP-25483238,Water,Nickel (and its compounds),Emission,Direct Discharge,tonnes,0.677,GRP-25483238,,,,Ore processed,1,ore
,GRP-25483238,Water,Nickel (and its compounds),Emission,Waterbody,tonnes,0.0,GRP-25483238,,,,Ore processed,1,ore
,GRP-25483238,Water,Selenium (and its compounds),Emission,Direct Discharge,kg,8.5,GRP-25483238,,,,Ore processed,1,ore
,GRP-25483238,Water,Selenium (and its compounds),Emission,Waterbody,kg,0.0,GRP-25483238,,,,Ore processed,1,ore
,GRP-25483238,Water,Zinc (and its compounds),Emission,Direct Discharge,tonnes,5.77,GRP-25483238,,,,Ore processed,1,ore
,GRP-25483238,Water,Zinc (and its compounds),Emission,Waterbody,tonnes,0.0,GRP-25483238,,,,Ore processed,1,ore
,GRP-25483238,Water,Phosphorus (total),Emission,Direct Discharge,tonnes,0.2,GRP-25483238,,,,Ore processed,1,ore
,GRP-25483238,Water,Phosphorus (total),Emission,Waterbody,tonnes,0.0,GRP-25483238,,,,Ore processed,1,ore
,GRP-2a663492,Air,Nitrogen oxides (expressed as nitrogen dioxide),Emission,Stack Emissions,tonnes,915.5,GRP-2a663492,,,,Ore processed,1,ore
,GRP-2a663492,Air,Carbon monoxide,Emission,Stack Emissions,tonnes,300.9,GRP-2a663492,,,,Ore processed,1,ore
,GRP-2a663492,Air,GHG,Emission,Unspecified,tCO2eq,51600.0,GRP-2a663492,,,,Ore processed,1,ore
,GRP-2a663492,Air,Total particulate matter,Emission,Stack Emissions,tonnes,49.8,GRP-2a663492,,,,Ore processed,1,ore
,GRP-2a663492,Air,Total particulate matter,Emission,Storage / Handling,tonnes,101.5,GRP-2a663492,,,,Ore processed,1,ore
,GRP-2a663492,Air,PM10 - Particulate Matter <= 10 Micrometers,Emission,Stack Emissions,tonnes,49.4,GRP-2a663492,,,,Ore processed,1,ore
,GRP-2a663492,Air,PM10 - Particulate Matter <= 10 Micrometers,Emission,Storage / Handling,tonnes,50.1,GRP-2a663492,,,,Ore processed,1,ore
,GRP-2a663492,Air,PM2.5 - Particulate Matter <= 2.5 Micrometers,Emission,Stack Emissions,tonnes,46.9,GRP-2a663492,,,,Ore processed,1,ore
,GRP-2a663492,Air,PM2.5 - Particulate Matter <= 2.5 Micrometers,Emission,Storage / Handling,tonnes,9.1,GRP-2a663492,,,,Ore processed,1,ore
,GRP-2a663492,Air,Volatile Organic Compounds (Total),Emission,Stack Emissions,tonnes,53.8,GRP-2a663492,,,,Ore processed,1,ore
,GRP-677b5973,Air,Nitrogen oxides (expressed as nitrogen dioxide),Emission,Fugitive Emissions,tonnes,0.843,GRP-677b5973,,,,Ore processed,1,ore
,GRP-677b5973,Air,Nitrogen oxides (expressed as nitrogen dioxide),Emission,Stack Emissions,tonnes,688.4544,GRP-677b5973,,,,Ore processed,1,ore
,GRP-677b5973,Air,Anthracene,Emission,Fugitive Emissions,kg,99.791,GRP-677b5973,,,,Ore processed,1,ore
,GRP-677b5973,Air,Anthracene,Emission,Stack Emissions,kg,254.023,GRP-677b5973,,,,Ore processed,1,ore
,GRP-677b5973,Air,Pyrene,Emission,Fugitive Emissions,kg,187.436,GRP-677b5973,,,,Ore processed,1,ore
,GRP-677b5973,Air,Pyrene,Emission,Stack Emissions,kg,185.5902,GRP-677b5973,,,,Ore processed,1,ore
,GRP-677b5973,Air,"Dibenzo[a,i]pyrene",Emission,Fugitive Emissions,kg,1.035,GRP-677b5973,,,,Ore processed,1,ore
,GRP-677b5973,Air,"Dibenzo[a,i]pyrene",Emission,Stack Emissions,kg,0.0066,GRP-677b5973,,,,Ore processed,1,ore
,GRP-677b5973,Air,"Dibenzo[a,h]pyrene",Emission,Fugitive Emissions,kg,0.896,GRP-677b5973,,,,Ore processed,1,ore
,GRP-677b5973,Air,Benzo[ghi]perylene,Emission,Fugitive Emissions,kg,5.901300000000001,GRP-677b5973,,,,Ore processed,1,ore
,GRP-677b5973,Air,Benzo[ghi]perylene,Emission,Stack Emissions,kg,0.8743000000000001,GRP-677b5973,,,,Ore processed,1,ore
,GRP-677b5973,Air,"Dibenzo[a,e]pyrene",Emission,Fugitive Emissions,kg,0.312,GRP-677b5973,,,,Ore processed,1,ore
,GRP-677b5973,Air,"Dibenzo[a,e]pyrene",Emission,Stack Emissions,kg,0.0038,GRP-677b5973,,,,Ore processed,1,ore
,GRP-677b5973,Air,Benzo[e]pyrene,Emission,Fugitive Emissions,kg,12.882200000000001,GRP-677b5973,,,,Ore processed,1,ore
,GRP-677b5973,Air,Benzo[e]pyrene,Emission,Stack Emissions,kg,4.2346,GRP-677b5973,,,,Ore processed,1,ore
,GRP-677b5973,Air,"Indeno[1,2,3-cd]pyrene",Emission,Fugitive Emissions,kg,5.8271,GRP-677b5973,,,,Ore processed,1,ore
,GRP-677b5973,Air,"Indeno[1,2,3-cd]pyrene",Emission,Stack Emissions,kg,1.0091999999999999,GRP-677b5973,,,,Ore processed,1,ore
,GRP-677b5973,Air,Perylene,Emission,Fugitive Emissions,kg,0.0958,GRP-677b5973,,,,Ore processed,1,ore
,GRP-677b5973,Air,Perylene,Emission,Stack Emissions,kg,0.0089,GRP-677b5973,,,,Ore processed,1,ore
,GRP-677b5973,Air,Benzo[j]fluoranthene,Emission,Fugitive Emissions,kg,11.536299999999999,GRP-677b5973,,,,Ore processed,1,ore
,GRP-677b5973,Air,Benzo[j]fluoranthene,Emission,Stack Emissions,kg,1.6920000000000002,GRP-677b5973,,,,Ore processed,1,ore
,GRP-677b5973,Air,Benzo[b]fluoranthene,Emission,Fugitive Emissions,kg,21.9158,GRP-677b5973,,,,Ore processed,1,ore
,GRP-677b5973,Air,Benzo[b]fluoranthene,Emission,Stack Emissions,kg,7.592,GRP-677b5973,,,,Ore processed,1,ore
,GRP-677b5973,Air,Fluoranthene,Emission,Fugitive Emissions,kg,344.6751,GRP-677b5973,,,,Ore processed,1,ore
,GRP-677b5973,Air,Fluoranthene,Emission,Stack Emissions,kg,336.10047000000003,GRP-677b5973,,,,Ore processed,1,ore
,GRP-677b5973,Air,Benzo[k]fluoranthene,Emission,Fugitive Emissions,kg,11.761899999999999,GRP-677b5973,,,,Ore processed,1,ore
,GRP-677b5973,Air,Benzo[k]fluoranthene,Emission,Stack Emissions,kg,1.6279,GRP-677b5973,,,,Ore processed,1,ore
,GRP-677b5973,Air,Acenaphthylene,Emission,Fugitive Emissions,kg,7.7321,GRP-677b5973,,,,Ore processed,1,ore
,GRP-677b5973,Air,Acenaphthylene,Emission,Stack Emissions,kg,129.9059,GRP-677b5973,,,,Ore processed,1,ore
,GRP-677b5973,Air,Chrysene,Emission,Fugitive Emissions,kg,34.9279,GRP-677b5973,,,,Ore processed,1,ore
,GRP-677b5973,Air,Chrysene,Emission,Stack Emissions,kg,23.0918,GRP-677b5973,,,,Ore processed,1,ore
,GRP-677b5973,Air,Carbonyl sulphide,Emission,Fugitive Emissions,tonnes,42.958,GRP-677b5973,,,,Ore processed,1,ore
,GRP-677b5973,Air,Carbonyl sulphide,Emission,Stack Emissions,tonnes,1424.543,GRP-677b5973,,,,Ore processed,1,ore
,GRP-677b5973,Air,Benzo[a]pyrene,Emission,Fugitive Emissions,kg,4.9075,GRP-677b5973,,,,Ore processed,1,ore
,GRP-677b5973,Air,Benzo[a]pyrene,Emission,Stack Emissions,kg,1.8322,GRP-677b5973,,,,Ore processed,1,ore
,GRP-677b5973,Air,"Dibenz[a,h]anthracene",Emission,Fugitive Emissions,kg,4.2177,GRP-677b5973,,,,Ore processed,1,ore
,GRP-677b5973,Air,"Dibenz[a,h]anthracene",Emission,Stack Emissions,kg,0.1831,GRP-677b5973,,,,Ore processed,1,ore
,GRP-677b5973,Air,"Dibenzo[a,e]fluoranthene",Emission,Fugitive Emissions,kg,0.2126,GRP-677b5973,,,,Ore processed,1,ore
,GRP-677b5973,Air,"Dibenzo[a,e]fluoranthene",Emission,Stack Emissions,kg,0.0075,GRP-677b5973,,,,Ore processed,1,ore
,GRP-677b5973,Air,Benz[a]anthracene,Emission,Fugitive Emissions,kg,13.7254,GRP-677b5973,,,,Ore processed,1,ore
,GRP-677b5973,Air,Benz[a]anthracene,Emission,Stack Emissions,kg,10.2344,GRP-677b5973,,,,Ore processed,1,ore
,GRP-677b5973,Air,Carbon monoxide,Emission,Fugitive Emissions,tonnes,8311.969,GRP-677b5973,,,,Ore processed,1,ore
,GRP-677b5973,Air,Carbon monoxide,Emission,Stack Emissions,tonnes,227691.559,GRP-677b5973,,,,Ore processed,1,ore
,GRP-677b5973,Air,Sulphur dioxide,Emission,Fugitive Emissions,tonnes,872.555,GRP-677b5973,,,,Ore processed,1,ore
,GRP-677b5973,Air,Sulphur dioxide,Emission,Stack Emissions,tonnes,37141.441,GRP-677b5973,,,,Ore processed,1,ore
,GRP-677b5973,Air,Carbon disulphide,Emission,Stack Emissions,tonnes,0.877,GRP-677b5973,,,,Ore processed,1,ore
,GRP-677b5973,Air,Hydrochloric acid,Emission,Stack Emissions,tonnes,37.864999999999995,GRP-677b5973,,,,Ore processed,1,ore
,GRP-677b5973,Air,Hydrogen fluoride,Emission,Fugitive Emissions,tonnes,575.198,GRP-677b5973,,,,Ore processed,1,ore
,GRP-677b5973,Air,Hydrogen fluoride,Emission,Stack Emissions,tonnes,58.668,GRP-677b5973,,,,Ore processed,1,ore
,GRP-677b5973,Air,Calcium fluoride,Emission,Stack Emissions,tonnes,1.8,GRP-677b5973,,,,Ore processed,1,ore
,GRP-677b5973,Air,Acenaphthene,Emission,Fugitive Emissions,kg,242.7381,GRP-677b5973,,,,Ore processed,1,ore
,GRP-677b5973,Air,Acenaphthene,Emission,Stack Emissions,kg,1202.1899,GRP-677b5973,,,,Ore processed,1,ore
,GRP-677b5973,Air,Phenanthrene,Emission,Fugitive Emissions,kg,922.0821,GRP-677b5973,,,,Ore processed,1,ore
,GRP-677b5973,Air,Phenanthrene,Emission,Stack Emissions,kg,4134.721399999999,GRP-677b5973,,,,Ore processed,1,ore
,GRP-677b5973,Air,Fluorene,Emission,Fugitive Emissions,kg,391.8102,GRP-677b5973,,,,Ore processed,1,ore
,GRP-677b5973,Air,Fluorene,Emission,Stack Emissions,kg,2056.0459100000003,GRP-677b5973,,,,Ore processed,1,ore
,GRP-677b5973,Air,Naphthalene,Emission,Fugitive Emissions,tonnes,0.05,GRP-677b5973,,,,Ore processed,1,ore
,GRP-677b5973,Air,Naphthalene,Emission,Stack Emissions,tonnes,2.325,GRP-677b5973,,,,Ore processed,1,ore
,GRP-677b5973,Air,Mercury (and its compounds),Emission,Stack Emissions,tonnes,0.019681,GRP-677b5973,,,,Ore processed,1,ore
,GRP-677b5973,Air,GHG,Emission,Unspecified,tCO2eq,3716190.0,GRP-677b5973,,,,Ore processed,1,ore
,GRP-677b5973,Air,Total particulate matter,Emission,Fugitive Emissions,tonnes,2992.8720000000003,GRP-677b5973,,,,Ore processed,1,ore
,GRP-677b5973,Air,Total particulate matter,Emission,Stack Emissions,tonnes,1385.6779999999999,GRP-677b5973,,,,Ore processed,1,ore
,GRP-677b5973,Air,PM10 - Particulate Matter <= 10 Micrometers,Emission,Fugitive Emissions,tonnes,1983.711,GRP-677b5973,,,,Ore processed,1,ore
,GRP-677b5973,Air,PM10 - Particulate Matter <= 10 Micrometers,Emission,Stack Emissions,tonnes,1208.768,GRP-677b5973,,,,Ore processed,1,ore
,GRP-677b5973,Air,PM2.5 - Particulate Matter <= 2.5 Micrometers,Emission,Fugitive Emissions,tonnes,1524.239,GRP-677b5973,,,,Ore processed,1,ore
,GRP-677b5973,Air,PM2.5 - Particulate Matter <= 2.5 Micrometers,Emission,Stack Emissions,tonnes,1080.059,GRP-677b5973,,,,Ore processed,1,ore
,GRP-677b5973,Air,Total reduced sulphur (expressed as hydrogen sulphide),Emission,Fugitive Emissions,tonnes,24.142,GRP-677b5973,,,,Ore processed,1,ore
,GRP-677b5973,Air,Total reduced sulphur (expressed as hydrogen sulphide),Emission,Stack Emissions,tonnes,807.511,GRP-677b5973,,,,Ore processed,1,ore
,GRP-677b5973,Air,Volatile Organic Compounds (Total),Emission,Fugitive Emissions,tonnes,910.3998,GRP-677b5973,,,,Ore processed,1,ore
,GRP-677b5973,Air,Volatile Organic Compounds (Total),Emission,Stack Emissions,tonnes,311.1411,GRP-677b5973,,,,Ore processed,1,ore
,GRP-677b5973,Water,Pyrene,Emission,Direct Discharge,kg,0.0046,GRP-677b5973,,,,Ore processed,1,ore
,GRP-677b5973,Water,Pyrene,Emission,Waterbody,kg,0.0,GRP-677b5973,,,,Ore processed,1,ore
,GRP-677b5973,Water,"Indeno[1,2,3-cd]pyrene",Emission,Direct Discharge,kg,0.205322,GRP-677b5973,,,,Ore processed,1,ore
,GRP-677b5973,Water,"Indeno[1,2,3-cd]pyrene",Emission,Waterbody,kg,0.0,GRP-677b5973,,,,Ore processed,1,ore
,GRP-677b5973,Water,Benzo[b]fluoranthene,Emission,Direct Discharge,kg,0.0758,GRP-677b5973,,,,Ore processed,1,ore
,GRP-677b5973,Water,Benzo[b]fluoranthene,Emission,Waterbody,kg,0.0,GRP-677b5973,,,,Ore processed,1,ore
,GRP-677b5973,Water,Fluoranthene,Emission,Direct Discharge,kg,0.006,GRP-677b5973,,,,Ore processed,1,ore
,GRP-677b5973,Water,Fluoranthene,Emission,Waterbody,kg,0.0,GRP-677b5973,,,,Ore processed,1,ore
,GRP-677b5973,Water,Benzo[k]fluoranthene,Emission,Direct Discharge,kg,0.0095,GRP-677b5973,,,,Ore processed,1,ore
,GRP-677b5973,Water,Benzo[k]fluoranthene,Emission,Waterbody,kg,0.0,GRP-677b5973,,,,Ore processed,1,ore
,GRP-677b5973,Water,Chrysene,Emission,Direct Discharge,kg,0.359769,GRP-677b5973,,,,Ore processed,1,ore
,GRP-677b5973,Water,Chrysene,Emission,Waterbody,kg,0.0,GRP-677b5973,,,,Ore processed,1,ore
,GRP-677b5973,Water,Benzo[a]pyrene,Emission,Direct Discharge,kg,0.229735,GRP-677b5973,,,,Ore processed,1,ore
,GRP-677b5973,Water,Benzo[a]pyrene,Emission,Waterbody,kg,0.0,GRP-677b5973,,,,Ore processed,1,ore
,GRP-677b5973,Water,Benz[a]anthracene,Emission,Direct Discharge,kg,0.17669900000000002,GRP-677b5973,,,,Ore processed,1,ore
,GRP-677b5973,Water,Benz[a]anthracene,Emission,Waterbody,kg,0.0,GRP-677b5973,,,,Ore processed,1,ore
,GRP-677b5973,Water,Phenanthrene,Emission,Direct Discharge,kg,0.0038,GRP-677b5973,,,,Ore processed,1,ore
,GRP-677b5973,Water,Phenanthrene,Emission,Waterbody,kg,0.0,GRP-677b5973,,,,Ore processed,1,ore
,GRP-7a9ba115,Air,Nitrogen oxides (expressed as nitrogen dioxide),Emission,Stack Emissions,tonnes,601.7239999999999,GRP-7a9ba115,,,,Ore processed,1,ore
,GRP-7a9ba115,Air,Hexachlorobenzene,Emission,Stack Emissions,grams,82.691,GRP-7a9ba115,,,,Ore processed,1,ore
,GRP-7a9ba115,Air,Pyrene,Emission,Stack Emissions,kg,4.048,GRP-7a9ba115,,,,Ore processed,1,ore
,GRP-7a9ba115,Air,Fluoranthene,Emission,Stack Emissions,kg,6.227,GRP-7a9ba115,,,,Ore processed,1,ore
,GRP-7a9ba115,Air,Acenaphthylene,Emission,Stack Emissions,kg,16.601,GRP-7a9ba115,,,,Ore processed,1,ore
,GRP-7a9ba115,Air,Carbon monoxide,Emission,Stack Emissions,tonnes,1392.983,GRP-7a9ba115,,,,Ore processed,1,ore
,GRP-7a9ba115,Air,Aluminum (fume or dust only),Emission,Stack Emissions,tonnes,1.807,GRP-7a9ba115,,,,Ore processed,1,ore
,GRP-7a9ba115,Air,Sulphur dioxide,Emission,Stack Emissions,tonnes,82.606,GRP-7a9ba115,,,,Ore processed,1,ore
,GRP-7a9ba115,Air,Acenaphthene,Emission,Stack Emissions,kg,2.901,GRP-7a9ba115,,,,Ore processed,1,ore
,GRP-7a9ba115,Air,Phenanthrene,Emission,Stack Emissions,kg,23.337,GRP-7a9ba115,,,,Ore processed,1,ore
,GRP-7a9ba115,Air,Fluorene,Emission,Stack Emissions,kg,9.424,GRP-7a9ba115,,,,Ore processed,1,ore
,GRP-7a9ba115,Air,Arsenic (and its compounds),Emission,Stack Emissions,kg,7.465,GRP-7a9ba115,,,,Ore processed,1,ore
,GRP-7a9ba115,Air,Cadmium (and its compounds),Emission,Stack Emissions,kg,17.022,GRP-7a9ba115,,,,Ore processed,1,ore
,GRP-7a9ba115,Air,Chromium (and its compounds),Emission,Stack Emissions,tonnes,0.244,GRP-7a9ba115,,,,Ore processed,1,ore
,GRP-7a9ba115,Air,Copper (and its compounds),Emission,Stack Emissions,tonnes,0.176,GRP-7a9ba115,,,,Ore processed,1,ore
,GRP-7a9ba115,Air,Lead (and its compounds),Emission,Stack Emissions,kg,694.066,GRP-7a9ba115,,,,Ore processed,1,ore
,GRP-7a9ba115,Air,Manganese (and its compounds),Emission,Stack Emissions,tonnes,3.657,GRP-7a9ba115,,,,Ore processed,1,ore
,GRP-7a9ba115,Air,Mercury (and its compounds),Emission,Stack Emissions,tonnes,0.024132,GRP-7a9ba115,,,,Ore processed,1,ore
,GRP-7a9ba115,Air,Selenium (and its compounds),Emission,Stack Emissions,kg,8.602,GRP-7a9ba115,,,,Ore processed,1,ore
,GRP-7a9ba115,Air,Zinc (and its compounds),Emission,Stack Emissions,tonnes,11.482,GRP-7a9ba115,,,,Ore processed,1,ore
,GRP-7a9ba115,Air,Dioxins and furans - total,Emission,Stack Emissions,g TEQ,0.34834899999999996,GRP-7a9ba115,,,,Ore processed,1,ore
,GRP-7a9ba115,Air,GHG,Emission,Unspecified,tCO2eq,1047500.0,GRP-7a9ba115,,,,Ore processed,1,ore
,GRP-7a9ba115,Air,Total particulate matter,Emission,Stack Emissions,tonnes,741.794,GRP-7a9ba115,,,,Ore processed,1,ore
,GRP-7a9ba115,Air,PM10 - Particulate Matter <= 10 Micrometers,Emission,Stack Emissions,tonnes,570.1980000000001,GRP-7a9ba115,,,,Ore processed,1,ore
,GRP-7a9ba115,Air,PM2.5 - Particulate Matter <= 2.5 Micrometers,Emission,Stack Emissions,tonnes,365.692,GRP-7a9ba115,,,,Ore processed,1,ore
,GRP-7a9ba115,Air,Volatile Organic Compounds (Total),Emission,Stack Emissions,tonnes,12.077,GRP-7a9ba115,,,,Ore processed,1,ore
,GRP-7a9ba115,Water,Arsenic (and its compounds),Emission,Direct Discharge,kg,12.482000000000001,GRP-7a9ba115,,,,Ore processed,1,ore
,GRP-7a9ba115,Water,Arsenic (and its compounds),Emission,Waterbody,kg,0.0,GRP-7a9ba115,,,,Ore processed,1,ore
,GRP-7a9ba115,Water,Cadmium (and its compounds),Emission,Direct Discharge,kg,1.01488,GRP-7a9ba115,,,,Ore processed,1,ore
,GRP-7a9ba115,Water,Cadmium (and its compounds),Emission,Waterbody,kg,0.0,GRP-7a9ba115,,,,Ore processed,1,ore
,GRP-7a9ba115,Water,Chromium (and its compounds),Emission,Direct Discharge,tonnes,0.0767,GRP-7a9ba115,,,,Ore processed,1,ore
,GRP-7a9ba115,Water,Chromium (and its compounds),Emission,Waterbody,tonnes,0.0,GRP-7a9ba115,,,,Ore processed,1,ore
,GRP-7a9ba115,Water,Copper (and its compounds),Emission,Direct Discharge,tonnes,0.1723,GRP-7a9ba115,,,,Ore processed,1,ore
,GRP-7a9ba115,Water,Copper (and its compounds),Emission,Waterbody,tonnes,0.0,GRP-7a9ba115,,,,Ore processed,1,ore
,GRP-7a9ba115,Water,Lead (and its compounds),Emission,Direct Discharge,kg,10.636000000000001,GRP-7a9ba115,,,,Ore processed,1,ore
,GRP-7a9ba115,Water,Lead (and its compounds),Emission,Waterbody,kg,0.0,GRP-7a9ba115,,,,Ore processed,1,ore
,GRP-7a9ba115,Water,Manganese (and its compounds),Emission,Direct Discharge,tonnes,0.6724,GRP-7a9ba115,,,,Ore processed,1,ore
,GRP-7a9ba115,Water,Manganese (and its compounds),Emission,Waterbody,tonnes,0.0,GRP-7a9ba115,,,,Ore processed,1,ore
,GRP-7a9ba115,Water,Mercury (and its compounds),Emission,Direct Discharge,tonnes,3.8e-06,GRP-7a9ba115,,,,Ore processed,1,ore
,GRP-7a9ba115,Water,Mercury (and its compounds),Emission,Waterbody,tonnes,0.0,GRP-7a9ba115,,,,Ore processed,1,ore
,GRP-7a9ba115,Water,Selenium (and its compounds),Emission,Direct Discharge,kg,0.00136,GRP-7a9ba115,,,,Ore processed,1,ore
,GRP-7a9ba115,Water,Selenium (and its compounds),Emission,Waterbody,kg,0.0,GRP-7a9ba115,,,,Ore processed,1,ore
,GRP-7a9ba115,Water,Zinc (and its compounds),Emission,Direct Discharge,tonnes,0.838,GRP-7a9ba115,,,,Ore processed,1,ore
,GRP-7a9ba115,Water,Zinc (and its compounds),Emission,Waterbody,tonnes,0.0,GRP-7a9ba115,,,,Ore processed,1,ore
,GRP-a13779f8,Air,GHG,Emission,,tCO2eq,29000.0,GRP-a13779f8,"Au and Ag and Cu and Zn, Underground mining and beneficiation at Snow Lake",2123641.0,0.013655792104221005,Ore processed,1,ore
,GRP-a13779f8,Air,GHG,,,tCO2eq,24084.00010305703,GRP-a13779f8,"Au and Ag and Cu and Zn, Underground mining and beneficiation at Snow Lake",2123641.0,0.011340899946392554,Ore processed,1,ore
,GRP-a13779f8,Air,Total particulate matter,Emission,Fugitive Emissions,tonnes,62.104,GRP-a13779f8,"Au and Ag and Cu and Zn, Underground mining and beneficiation at Snow Lake",2123641.0,2.9244114235880734e-05,Ore processed,1,ore
,GRP-a13779f8,Air,PM10 - Particulate Matter <= 10 Micrometers,Emission,Fugitive Emissions,tonnes,35.562,GRP-a13779f8,"Au and Ag and Cu and Zn, Underground mining and beneficiation at Snow Lake",2123641.0,1.6745768234838184e-05,Ore processed,1,ore
,GRP-a13779f8,Air,PM2.5 - Particulate Matter <= 2.5 Micrometers,Emission,Fugitive Emissions,tonnes,12.46,GRP-a13779f8,"Au and Ag and Cu and Zn, Underground mining and beneficiation at Snow Lake",2123641.0,5.867281710985991e-06,Ore processed,1,ore
,GRP-a13779f8,Air,Particulate,Emission,,t,0.55,GRP-a13779f8,"Au and Ag and Cu and Zn, Underground mining and beneficiation at Snow Lake",2123641.0,2.5898916059729496e-07,Ore processed,1,ore
,GRP-a13779f8,Land,Manganese (and its compounds),Emission,Other,tonnes,0.0032,GRP-a13779f8,"Au and Ag and Cu and Zn, Underground mining and beneficiation at Snow Lake",2123641.0,1.5068460252933524e-09,Ore processed,1,ore
,GRP-a13779f8,Land,,Occupation and transformation,,ha,603658.0,GRP-a13779f8,"Au and Ag and Cu and Zn, Underground mining and beneficiation at Snow Lake",2123641.0,0.284256143105167,Ore processed,1,ore
,GRP-a13779f8,Water,Arsenic (and its compounds),Emission,Direct Discharge,kg,93.398,GRP-a13779f8,"Au and Ag and Cu and Zn, Underground mining and beneficiation at Snow Lake",2123641.0,4.398012658448391e-05,Ore processed,1,ore
,GRP-a13779f8,Water,Arsenic (and its compounds),Emission,Waterbody,kg,0.0,GRP-a13779f8,"Au and Ag and Cu and Zn, Underground mining and beneficiation at Snow Lake",2123641.0,0.0,Ore processed,1,ore
,GRP-a13779f8,Water,Cadmium (and its compounds),Emission,Direct Discharge,kg,1.26,GRP-a13779f8,"Au and Ag and Cu and Zn, Underground mining and beneficiation at Snow Lake",2123641.0,5.933206224592575e-07,Ore processed,1,ore
,GRP-a13779f8,Water,Cadmium (and its compounds),Emission,Waterbody,kg,0.0,GRP-a13779f8,"Au and Ag and Cu and Zn, Underground mining and beneficiation at Snow Lake",2123641.0,0.0,Ore processed,1,ore
,GRP-a13779f8,Water,Copper (and its compounds),Emission,Direct Discharge,tonnes,0.163,GRP-a13779f8,"Au and Ag and Cu and Zn, Underground mining and beneficiation at Snow Lake",2123641.0,7.675496941338013e-08,Ore processed,1,ore
,GRP-a13779f8,Water,Copper (and its compounds),Emission,Waterbody,tonnes,0.0,GRP-a13779f8,"Au and Ag and Cu and Zn, Underground mining and beneficiation at Snow Lake",2123641.0,0.0,Ore processed,1,ore
,GRP-a13779f8,Water,Lead (and its compounds),Emission,Direct Discharge,kg,14.5213,GRP-a13779f8,"Au and Ag and Cu and Zn, Underground mining and beneficiation at Snow Lake",2123641.0,6.837925995966362e-06,Ore processed,1,ore
,GRP-a13779f8,Water,Lead (and its compounds),Emission,Waterbody,kg,0.0,GRP-a13779f8,"Au and Ag and Cu and Zn, Underground mining and beneficiation at Snow Lake",2123641.0,0.0,Ore processed,1,ore
,GRP-a13779f8,Water,Manganese (and its compounds),Emission,Direct Discharge,tonnes,0.794,GRP-a13779f8,"Au and Ag and Cu and Zn, Underground mining and beneficiation at Snow Lake",2123641.0,3.7388617002591307e-07,Ore processed,1,ore
,GRP-a13779f8,Water,Manganese (and its compounds),Emission,Waterbody,tonnes,0.0,GRP-a13779f8,"Au and Ag and Cu and Zn, Underground mining and beneficiation at Snow Lake",2123641.0,0.0,Ore processed,1,ore
,GRP-a13779f8,Water,Zinc (and its compounds),Emission,Direct Discharge,tonnes,0.143,GRP-a13779f8,"Au and Ag and Cu and Zn, Underground mining and beneficiation at Snow Lake",2123641.0,6.733718175529668e-08,Ore processed,1,ore
,GRP-a13779f8,Water,Zinc (and its compounds),Emission,Waterbody,tonnes,0.0,GRP-a13779f8,"Au and Ag and Cu and Zn, Underground mining and beneficiation at Snow Lake",2123641.0,0.0,Ore processed,1,ore
,GRP-a13779f8,Water,Ammonia (total),Emission,Direct Discharge,tonnes,154.16,GRP-a13779f8,"Au and Ag and Cu and Zn, Underground mining and beneficiation at Snow Lake",2123641.0,7.259230726850724e-05,Ore processed,1,ore
,GRP-a13779f8,Water,Ammonia (total),Emission,Waterbody,tonnes,0.0,GRP-a13779f8,"Au and Ag and Cu and Zn, Underground mining and beneficiation at Snow Lake",2123641.0,0.0,Ore processed,1,ore
,GRP-b48ec279,Air,Nitrogen oxides (expressed as nitrogen dioxide),Emission,Fugitive Emissions,tonnes,20.577199999999998,GRP-b48ec279,,,,Ore processed,1,ore
,GRP-b48ec279,Air,Nitrogen oxides (expressed as nitrogen dioxide),Emission,Stack Emissions,tonnes,103.364,GRP-b48ec279,,,,Ore processed,1,ore
,GRP-b48ec279,Air,Hexachlorobenzene,Emission,Stack Emissions,grams,96.5727,GRP-b48ec279,,,,Ore processed,1,ore
,GRP-b48ec279,Air,Carbon monoxide,Emission,Fugitive Emissions,tonnes,14.6478,GRP-b48ec279,,,,Ore processed,1,ore
,GRP-b48ec279,Air,Carbon monoxide,Emission,Stack Emissions,tonnes,138.2745,GRP-b48ec279,,,,Ore processed,1,ore
,GRP-b48ec279,Air,Sulphur dioxide,Emission,Fugitive Emissions,tonnes,0.18771000000000002,GRP-b48ec279,,,,Ore processed,1,ore
,GRP-b48ec279,Air,Sulphur dioxide,Emission,Stack Emissions,tonnes,10000.289700000001,GRP-b48ec279,,,,Ore processed,1,ore
,GRP-b48ec279,Air,Hydrochloric acid,Emission,Fugitive Emissions,tonnes,0.02735,GRP-b48ec279,,,,Ore processed,1,ore
,GRP-b48ec279,Air,Hydrochloric acid,Emission,Stack Emissions,tonnes,0.58272,GRP-b48ec279,,,,Ore processed,1,ore
,GRP-b48ec279,Air,Sulphuric acid,Emission,Fugitive Emissions,tonnes,0.31032,GRP-b48ec279,,,,Ore processed,1,ore
,GRP-b48ec279,Air,Sulphuric acid,Emission,Stack Emissions,tonnes,14.41358,GRP-b48ec279,,,,Ore processed,1,ore
,GRP-b48ec279,Air,Fluorine,Emission,Stack Emissions,tonnes,1.7725,GRP-b48ec279,,,,Ore processed,1,ore
,GRP-b48ec279,Air,Antimony (and its compounds),Emission,Fugitive Emissions,tonnes,0.11286,GRP-b48ec279,,,,Ore processed,1,ore
,GRP-b48ec279,Air,Antimony (and its compounds),Emission,Stack Emissions,tonnes,0.45117,GRP-b48ec279,,,,Ore processed,1,ore
,GRP-b48ec279,Air,Arsenic (and its compounds),Emission,Fugitive Emissions,kg,1438.8836,GRP-b48ec279,,,,Ore processed,1,ore
,GRP-b48ec279,Air,Arsenic (and its compounds),Emission,Stack Emissions,kg,10037.3819,GRP-b48ec279,,,,Ore processed,1,ore
,GRP-b48ec279,Air,Cadmium (and its compounds),Emission,Fugitive Emissions,kg,149.4357,GRP-b48ec279,,,,Ore processed,1,ore
,GRP-b48ec279,Air,Cadmium (and its compounds),Emission,Stack Emissions,kg,546.514,GRP-b48ec279,,,,Ore processed,1,ore
,GRP-b48ec279,Air,Chromium (and its compounds),Emission,Fugitive Emissions,tonnes,0.07561999999999999,GRP-b48ec279,,,,Ore processed,1,ore
,GRP-b48ec279,Air,Chromium (and its compounds),Emission,Stack Emissions,tonnes,0.35524,GRP-b48ec279,,,,Ore processed,1,ore
,GRP-b48ec279,Air,Cobalt (and its compounds),Emission,Fugitive Emissions,kg,4.6974,GRP-b48ec279,,,,Ore processed,1,ore
,GRP-b48ec279,Air,Cobalt (and its compounds),Emission,Stack Emissions,kg,12.001199999999999,GRP-b48ec279,,,,Ore processed,1,ore
,GRP-b48ec279,Air,Copper (and its compounds),Emission,Fugitive Emissions,tonnes,19.358539999999998,GRP-b48ec279,,,,Ore processed,1,ore
,GRP-b48ec279,Air,Copper (and its compounds),Emission,Stack Emissions,tonnes,66.85364,GRP-b48ec279,,,,Ore processed,1,ore
,GRP-b48ec279,Air,Lead (and its compounds),Emission,Fugitive Emissions,kg,9252.6104,GRP-b48ec279,,,,Ore processed,1,ore
,GRP-b48ec279,Air,Lead (and its compounds),Emission,Stack Emissions,kg,49973.350900000005,GRP-b48ec279,,,,Ore processed,1,ore
,GRP-b48ec279,Air,Manganese (and its compounds),Emission,Fugitive Emissions,tonnes,0.0064,GRP-b48ec279,,,,Ore processed,1,ore
,GRP-b48ec279,Air,Manganese (and its compounds),Emission,Stack Emissions,tonnes,0.1809,GRP-b48ec279,,,,Ore processed,1,ore
,GRP-b48ec279,Air,Mercury (and its compounds),Emission,Fugitive Emissions,tonnes,0.0001,GRP-b48ec279,,,,Ore processed,1,ore
,GRP-b48ec279,Air,Mercury (and its compounds),Emission,Stack Emissions,tonnes,0.0247229,GRP-b48ec279,,,,Ore processed,1,ore
,GRP-b48ec279,Air,Nickel (and its compounds),Emission,Fugitive Emissions,tonnes,0.32049,GRP-b48ec279,,,,Ore processed,1,ore
,GRP-b48ec279,Air,Nickel (and its compounds),Emission,Stack Emissions,tonnes,0.72073,GRP-b48ec279,,,,Ore processed,1,ore
,GRP-b48ec279,Air,Selenium (and its compounds),Emission,Fugitive Emissions,kg,771.9340000000001,GRP-b48ec279,,,,Ore processed,1,ore
,GRP-b48ec279,Air,Selenium (and its compounds),Emission,Stack Emissions,kg,3956.7391000000002,GRP-b48ec279,,,,Ore processed,1,ore
,GRP-b48ec279,Air,Silver (and its compounds),Emission,Fugitive Emissions,tonnes,0.00068,GRP-b48ec279,,,,Ore processed,1,ore
,GRP-b48ec279,Air,Silver (and its compounds),Emission,Stack Emissions,tonnes,0.26378,GRP-b48ec279,,,,Ore processed,1,ore
,GRP-b48ec279,Air,Zinc (and its compounds),Emission,Fugitive Emissions,tonnes,3.24823,GRP-b48ec279,,,,Ore processed,1,ore
,GRP-b48ec279,Air,Zinc (and its compounds),Emission,Stack Emissions,tonnes,11.784799999999999,GRP-b48ec279,,,,Ore processed,1,ore
,GRP-b48ec279,Air,Dioxins and furans - total,Emission,Fugitive Emissions,g TEQ,0.0139,GRP-b48ec279,,,,Ore processed,1,ore
,GRP-b48ec279,Air,Dioxins and furans - total,Emission,Stack Emissions,g TEQ,0.06831999999999999,GRP-b48ec279,,,,Ore processed,1,ore
,GRP-b48ec279,Air,GHG,Emission,Unspecified,tCO2eq,180700.0,GRP-b48ec279,,,,Ore processed,1,ore
,GRP-b48ec279,Air,GHG,,,tCO2eq,0.0,GRP-b48ec279,,,,Ore processed,1,ore
,GRP-b48ec279,Air,Total particulate matter,Emission,Fugitive Emissions,tonnes,109.79289999999999,GRP-b48ec279,,,,Ore processed,1,ore
,GRP-b48ec279,Air,Total particulate matter,Emission,Stack Emissions,tonnes,339.2116,GRP-b48ec279,,,,Ore processed,1,ore
,GRP-b48ec279,Air,PM10 - Particulate Matter <= 10 Micrometers,Emission,Fugitive Emissions,tonnes,17.0077,GRP-b48ec279,,,,Ore processed,1,ore
,GRP-b48ec279,Air,PM10 - Particulate Matter <= 10 Micrometers,Emission,Stack Emissions,tonnes,262.43907,GRP-b48ec279,,,,Ore processed,1,ore
,GRP-b48ec279,Air,PM2.5 - Particulate Matter <= 2.5 Micrometers,Emission,Fugitive Emissions,tonnes,3.2012,GRP-b48ec279,,,,Ore processed,1,ore
,GRP-b48ec279,Air,PM2.5 - Particulate Matter <= 2.5 Micrometers,Emission,Stack Emissions,tonnes,242.43587,GRP-b48ec279,,,,Ore processed,1,ore
,GRP-b48ec279,Water,Fluorine,Emission,Direct Discharge,tonnes,62.909659,GRP-b48ec279,,,,Ore processed,1,ore
,GRP-b48ec279,Water,Fluorine,Emission,Waterbody,tonnes,0.0,GRP-b48ec279,,,,Ore processed,1,ore
,GRP-b48ec279,Water,Arsenic (and its compounds),Emission,Direct Discharge,kg,97.6145,GRP-b48ec279,,,,Ore processed,1,ore
,GRP-b48ec279,Water,Arsenic (and its compounds),Emission,Waterbody,kg,0.0,GRP-b48ec279,,,,Ore processed,1,ore
,GRP-b48ec279,Water,Cadmium (and its compounds),Emission,Direct Discharge,kg,88.8962,GRP-b48ec279,,,,Ore processed,1,ore
,GRP-b48ec279,Water,Cadmium (and its compounds),Emission,Waterbody,kg,0.0,GRP-b48ec279,,,,Ore processed,1,ore
,GRP-b48ec279,Water,Chromium (and its compounds),Emission,Direct Discharge,tonnes,0.049088,GRP-b48ec279,,,,Ore processed,1,ore
,GRP-b48ec279,Water,Chromium (and its compounds),Emission,Waterbody,tonnes,0.0,GRP-b48ec279,,,,Ore processed,1,ore
,GRP-b48ec279,Water,Cobalt (and its compounds),Emission,Direct Discharge,kg,164.5818,GRP-b48ec279,,,,Ore processed,1,ore
,GRP-b48ec279,Water,Cobalt (and its compounds),Emission,Waterbody,kg,0.0,GRP-b48ec279,,,,Ore processed,1,ore
,GRP-b48ec279,Water,Copper (and its compounds),Emission,Direct Discharge,tonnes,2.289055,GRP-b48ec279,,,,Ore processed,1,ore
,GRP-b48ec279,Water,Copper (and its compounds),Emission,Waterbody,tonnes,0.0,GRP-b48ec279,,,,Ore processed,1,ore
,GRP-b48ec279,Water,Lead (and its compounds),Emission,Direct Discharge,kg,59.1616,GRP-b48ec279,,,,Ore processed,1,ore
,GRP-b48ec279,Water,Lead (and its compounds),Emission,Waterbody,kg,0.0,GRP-b48ec279,,,,Ore processed,1,ore
,GRP-b48ec279,Water,Manganese (and its compounds),Emission,Direct Discharge,tonnes,3.997856,GRP-b48ec279,,,,Ore processed,1,ore
,GRP-b48ec279,Water,Manganese (and its compounds),Emission,Waterbody,tonnes,0.0,GRP-b48ec279,,,,Ore processed,1,ore
,GRP-b48ec279,Water,Mercury (and its compounds),Emission,Direct Discharge,tonnes,0.001211,GRP-b48ec279,,,,Ore processed,1,ore
,GRP-b48ec279,Water,Mercury (and its compounds),Emission,Waterbody,tonnes,0.0,GRP-b48ec279,,,,Ore processed,1,ore
,GRP-b48ec279,Water,Nickel (and its compounds),Emission,Direct Discharge,tonnes,0.26245,GRP-b48ec279,,,,Ore processed,1,ore
,GRP-b48ec279,Water,Nickel (and its compounds),Emission,Waterbody,tonnes,0.0,GRP-b48ec279,,,,Ore processed,1,ore
,GRP-b48ec279,Water,Selenium (and its compounds),Emission,Direct Discharge,kg,263.1814,GRP-b48ec279,,,,Ore processed,1,ore
,GRP-b48ec279,Water,Selenium (and its compounds),Emission,Waterbody,kg,0.0,GRP-b48ec279,,,,Ore processed,1,ore
,GRP-b48ec279,Water,Silver (and its compounds),Emission,Direct Discharge,tonnes,0.007077,GRP-b48ec279,,,,Ore processed,1,ore
,GRP-b48ec279,Water,Silver (and its compounds),Emission,Waterbody,tonnes,0.0,GRP-b48ec279,,,,Ore processed,1,ore
,GRP-b48ec279,Water,Zinc (and its compounds),Emission,Direct Discharge,tonnes,3.711167,GRP-b48ec279,,,,Ore processed,1,ore
,GRP-b48ec279,Water,Zinc (and its compounds),Emission,Waterbody,tonnes,0.0,GRP-b48ec279,,,,Ore processed,1,ore
,GRP-dc07540b,Air,Nitrogen oxides (expressed as nitrogen dioxide),Emission,Fugitive Emissions,tonnes,55.763,GRP-dc07540b,,,,Ore processed,1,ore
,GRP-dc07540b,Air,Nitrogen oxides (expressed as nitrogen dioxide),Emission,Stack Emissions,tonnes,534.7,GRP-dc07540b,,,,Ore processed,1,ore
,GRP-dc07540b,Air,Nitrogen oxides (expressed as nitrogen dioxide),Emission,Storage / Handling,tonnes,26.81,GRP-dc07540b,,,,Ore processed,1,ore
,GRP-dc07540b,Air,Carbon monoxide,Emission,Fugitive Emissions,tonnes,73.96000000000001,GRP-dc07540b,,,,Ore processed,1,ore
,GRP-dc07540b,Air,Carbon monoxide,Emission,Stack Emissions,tonnes,264.36,GRP-dc07540b,,,,Ore processed,1,ore
,GRP-dc07540b,Air,Sulphur dioxide,Emission,Fugitive Emissions,tonnes,461.83000000000004,GRP-dc07540b,,,,Ore processed,1,ore
,GRP-dc07540b,Air,Sulphur dioxide,Emission,Stack Emissions,tonnes,17628.03,GRP-dc07540b,,,,Ore processed,1,ore
,GRP-dc07540b,Air,Carbon disulphide,Emission,Fugitive Emissions,tonnes,28.218,GRP-dc07540b,,,,Ore processed,1,ore
,GRP-dc07540b,Air,Sulphuric acid,Emission,Fugitive Emissions,tonnes,6.505,GRP-dc07540b,,,,Ore processed,1,ore
,GRP-dc07540b,Air,Sulphuric acid,Emission,Stack Emissions,tonnes,164.56,GRP-dc07540b,,,,Ore processed,1,ore
,GRP-dc07540b,Air,Arsenic (and its compounds),Emission,Fugitive Emissions,kg,101.467,GRP-dc07540b,,,,Ore processed,1,ore
,GRP-dc07540b,Air,Arsenic (and its compounds),Emission,Stack Emissions,kg,1792.2469999999998,GRP-dc07540b,,,,Ore processed,1,ore
,GRP-dc07540b,Air,Cadmium (and its compounds),Emission,Fugitive Emissions,kg,12.95,GRP-dc07540b,,,,Ore processed,1,ore
,GRP-dc07540b,Air,Cadmium (and its compounds),Emission,Stack Emissions,kg,16.305,GRP-dc07540b,,,,Ore processed,1,ore
,GRP-dc07540b,Air,Chromium (and its compounds),Emission,Fugitive Emissions,tonnes,0.11800000000000001,GRP-dc07540b,,,,Ore processed,1,ore
,GRP-dc07540b,Air,Chromium (and its compounds),Emission,Stack Emissions,tonnes,0.119,GRP-dc07540b,,,,Ore processed,1,ore
,GRP-dc07540b,Air,Cobalt (and its compounds),Emission,Fugitive Emissions,kg,130.226,GRP-dc07540b,,,,Ore processed,1,ore
,GRP-dc07540b,Air,Cobalt (and its compounds),Emission,Stack Emissions,kg,206.99499999999998,GRP-dc07540b,,,,Ore processed,1,ore
,GRP-dc07540b,Air,Copper (and its compounds),Emission,Fugitive Emissions,tonnes,2.3129999999999997,GRP-dc07540b,,,,Ore processed,1,ore
,GRP-dc07540b,Air,Copper (and its compounds),Emission,Stack Emissions,tonnes,4.13,GRP-dc07540b,,,,Ore processed,1,ore
,GRP-dc07540b,Air,Lead (and its compounds),Emission,Fugitive Emissions,kg,601.1320000000001,GRP-dc07540b,,,,Ore processed,1,ore
,GRP-dc07540b,Air,Lead (and its compounds),Emission,Stack Emissions,kg,1308.1390000000001,GRP-dc07540b,,,,Ore processed,1,ore
,GRP-dc07540b,Air,Manganese (and its compounds),Emission,Fugitive Emissions,tonnes,0.0002,GRP-dc07540b,,,,Ore processed,1,ore
,GRP-dc07540b,Air,Manganese (and its compounds),Emission,Stack Emissions,tonnes,0.007,GRP-dc07540b,,,,Ore processed,1,ore
,GRP-dc07540b,Air,Mercury (and its compounds),Emission,Fugitive Emissions,tonnes,5.7e-05,GRP-dc07540b,,,,Ore processed,1,ore
,GRP-dc07540b,Air,Nickel (and its compounds),Emission,Fugitive Emissions,tonnes,3.4550799999999997,GRP-dc07540b,,,,Ore processed,1,ore
,GRP-dc07540b,Air,Nickel (and its compounds),Emission,Stack Emissions,tonnes,7.6317,GRP-dc07540b,,,,Ore processed,1,ore
,GRP-dc07540b,Air,Selenium (and its compounds),Emission,Fugitive Emissions,kg,128.7338,GRP-dc07540b,,,,Ore processed,1,ore
,GRP-dc07540b,Air,Selenium (and its compounds),Emission,Stack Emissions,kg,1246.577,GRP-dc07540b,,,,Ore processed,1,ore
,GRP-dc07540b,Air,Zinc (and its compounds),Emission,Fugitive Emissions,tonnes,0.096,GRP-dc07540b,,,,Ore processed,1,ore
,GRP-dc07540b,Air,Zinc (and its compounds),Emission,Stack Emissions,tonnes,0.792,GRP-dc07540b,,,,Ore processed,1,ore
,GRP-dc07540b,Air,Thallium (and its compounds),Emission,Fugitive Emissions,kg,6.986,GRP-dc07540b,,,,Ore processed,1,ore
,GRP-dc07540b,Air,Thallium (and its compounds),Emission,Stack Emissions,kg,0.035,GRP-dc07540b,,,,Ore processed,1,ore
,GRP-dc07540b,Air,GHG,Emission,Unspecified,tCO2eq,325430.0,GRP-dc07540b,,,,Ore processed,1,ore
,GRP-dc07540b,Air,GHG,,,tCO2eq,22244.00009518355,GRP-dc07540b,,,,Ore processed,1,ore
,GRP-dc07540b,Air,Total particulate matter,Emission,Fugitive Emissions,tonnes,113.859,GRP-dc07540b,,,,Ore processed,1,ore
,GRP-dc07540b,Air,Total particulate matter,Emission,Stack Emissions,tonnes,441.32500000000005,GRP-dc07540b,,,,Ore processed,1,ore
,GRP-dc07540b,Air,PM10 - Particulate Matter <= 10 Micrometers,Emission,Fugitive Emissions,tonnes,28.933,GRP-dc07540b,,,,Ore processed,1,ore
,GRP-dc07540b,Air,PM10 - Particulate Matter <= 10 Micrometers,Emission,Stack Emissions,tonnes,280.66700000000003,GRP-dc07540b,,,,Ore processed,1,ore
,GRP-dc07540b,Air,PM2.5 - Particulate Matter <= 2.5 Micrometers,Emission,Fugitive Emissions,tonnes,12.14,GRP-dc07540b,,,,Ore processed,1,ore
,GRP-dc07540b,Air,PM2.5 - Particulate Matter <= 2.5 Micrometers,Emission,Stack Emissions,tonnes,209.873,GRP-dc07540b,,,,Ore processed,1,ore
,GRP-dc07540b,Air,Total reduced sulphur (expressed as hydrogen sulphide),Emission,Stack Emissions,tonnes,25.248,GRP-dc07540b,,,,Ore processed,1,ore
,GRP-dc07540b,Air,Volatile Organic Compounds (Total),Emission,Fugitive Emissions,tonnes,29.02,GRP-dc07540b,,,,Ore processed,1,ore
,GRP-dc07540b,Water,Arsenic (and its compounds),Emission,Direct Discharge,kg,29.71,GRP-dc07540b,,,,Ore processed,1,ore
,GRP-dc07540b,Water,Arsenic (and its compounds),Emission,Waterbody,kg,0.0,GRP-dc07540b,,,,Ore processed,1,ore
,GRP-dc07540b,Water,Cadmium (and its compounds),Emission,Direct Discharge,kg,2.9899999999999998,GRP-dc07540b,,,,Ore processed,1,ore
,GRP-dc07540b,Water,Cadmium (and its compounds),Emission,Waterbody,kg,0.0,GRP-dc07540b,,,,Ore processed,1,ore
,GRP-dc07540b,Water,Chromium (and its compounds),Emission,Direct Discharge,tonnes,0.005,GRP-dc07540b,,,,Ore processed,1,ore
,GRP-dc07540b,Water,Chromium (and its compounds),Emission,Waterbody,tonnes,0.0,GRP-dc07540b,,,,Ore processed,1,ore
,GRP-dc07540b,Water,Cobalt (and its compounds),Emission,Direct Discharge,kg,130.09,GRP-dc07540b,,,,Ore processed,1,ore
,GRP-dc07540b,Water,Cobalt (and its compounds),Emission,Waterbody,kg,0.0,GRP-dc07540b,,,,Ore processed,1,ore
,GRP-dc07540b,Water,Copper (and its compounds),Emission,Direct Discharge,tonnes,0.5240400000000001,GRP-dc07540b,,,,Ore processed,1,ore
,GRP-dc07540b,Water,Copper (and its compounds),Emission,Waterbody,tonnes,0.0,GRP-dc07540b,,,,Ore processed,1,ore
,GRP-dc07540b,Water,Lead (and its compounds),Emission,Direct Discharge,kg,4.27,GRP-dc07540b,,,,Ore processed,1,ore
,GRP-dc07540b,Water,Lead (and its compounds),Emission,Waterbody,kg,0.0,GRP-dc07540b,,,,Ore processed,1,ore
,GRP-dc07540b,Water,Manganese (and its compounds),Emission,Direct Discharge,tonnes,0.52,GRP-dc07540b,,,,Ore processed,1,ore
,GRP-dc07540b,Water,Manganese (and its compounds),Emission,Waterbody,tonnes,0.0,GRP-dc07540b,,,,Ore processed,1,ore
,GRP-dc07540b,Water,Mercury (and its compounds),Emission,Direct Discharge,tonnes,0.00024000000000000003,GRP-dc07540b,,,,Ore processed,1,ore
,GRP-dc07540b,Water,Mercury (and its compounds),Emission,Waterbody,tonnes,0.0,GRP-dc07540b,,,,Ore processed,1,ore
,GRP-dc07540b,Water,Nickel (and its compounds),Emission,Direct Discharge,tonnes,5.272,GRP-dc07540b,,,,Ore processed,1,ore
,GRP-dc07540b,Water,Nickel (and its compounds),Emission,Waterbody,tonnes,0.0,GRP-dc07540b,,,,Ore processed,1,ore
,GRP-dc07540b,Water,Selenium (and its compounds),Emission,Direct Discharge,kg,1273.24,GRP-dc07540b,,,,Ore processed,1,ore
,GRP-dc07540b,Water,Selenium (and its compounds),Emission,Waterbody,kg,0.0,GRP-dc07540b,,,,Ore processed,1,ore
,GRP-dc07540b,Water,Zinc (and its compounds),Emission,Direct Discharge,tonnes,0.066,GRP-dc07540b,,,,Ore processed,1,ore
,GRP-dc07540b,Water,Zinc (and its compounds),Emission,Waterbody,tonnes,0.0,GRP-dc07540b,,,,Ore processed,1,ore
,GRP-dc07540b,Water,Ammonia (total),Emission,Direct Discharge,tonnes,86.67,GRP-dc07540b,,,,Ore processed,1,ore
,GRP-dc07540b,Water,Ammonia (total),Emission,Waterbody,tonnes,0.0,GRP-dc07540b,,,,Ore processed,1,ore
,GRP-dc07540b,Water,Nitrate ion in solution at pH >= 6.0,Emission,Direct Discharge,tonnes,72.912,GRP-dc07540b,,,,Ore processed,1,ore
,GRP-dc07540b,Water,Nitrate ion in solution at pH >= 6.0,Emission,Waterbody,tonnes,0.0,GRP-dc07540b,,,,Ore processed,1,ore
,GRP-dc07540b,Water,Thallium (and its compounds),Emission,Direct Discharge,kg,3.82,GRP-dc07540b,,,,Ore processed,1,ore
,GRP-dc07540b,Water,Thallium (and its compounds),Emission,Waterbody,kg,0.0,GRP-dc07540b,,,,Ore processed,1,ore
,GRP-de097f20,Air,Nitrogen oxides (expressed as nitrogen dioxide),Emission,Fugitive Emissions,tonnes,0.0502,GRP-de097f20,,,,Ore processed,1,ore
,GRP-de097f20,Air,Nitrogen oxides (expressed as nitrogen dioxide),Emission,Stack Emissions,tonnes,304.248961,GRP-de097f20,,,,Ore processed,1,ore
,GRP-de097f20,Air,Hexachlorobenzene,Emission,Stack Emissions,grams,382.9089,GRP-de097f20,,,,Ore processed,1,ore
,GRP-de097f20,Air,Carbon monoxide,Emission,Fugitive Emissions,tonnes,0.0008,GRP-de097f20,,,,Ore processed,1,ore
,GRP-de097f20,Air,Carbon monoxide,Emission,Stack Emissions,tonnes,1418.5240250000002,GRP-de097f20,,,,Ore processed,1,ore
,GRP-de097f20,Air,Sulphur dioxide,Emission,Fugitive Emissions,tonnes,72.5985,GRP-de097f20,,,,Ore processed,1,ore
,GRP-de097f20,Air,Sulphur dioxide,Emission,Stack Emissions,tonnes,24576.1669,GRP-de097f20,,,,Ore processed,1,ore
,GRP-de097f20,Air,Carbon disulphide,Emission,Stack Emissions,tonnes,16.285677,GRP-de097f20,,,,Ore processed,1,ore
,GRP-de097f20,Air,Hydrochloric acid,Emission,Fugitive Emissions,tonnes,0.0019,GRP-de097f20,,,,Ore processed,1,ore
,GRP-de097f20,Air,Hydrochloric acid,Emission,Stack Emissions,tonnes,123.6286,GRP-de097f20,,,,Ore processed,1,ore
,GRP-de097f20,Air,Hydrogen fluoride,Emission,Fugitive Emissions,tonnes,0.0255,GRP-de097f20,,,,Ore processed,1,ore
,GRP-de097f20,Air,Hydrogen fluoride,Emission,Stack Emissions,tonnes,61.4701,GRP-de097f20,,,,Ore processed,1,ore
,GRP-de097f20,Air,Hydrogen fluoride,Emission,Storage / Handling,tonnes,0.0022,GRP-de097f20,,,,Ore processed,1,ore
,GRP-de097f20,Air,Sulphuric acid,Emission,Stack Emissions,tonnes,95.42696699999999,GRP-de097f20,,,,Ore processed,1,ore
,GRP-de097f20,Air,Sulphuric acid,Emission,Storage / Handling,tonnes,0.0041,GRP-de097f20,,,,Ore processed,1,ore
,GRP-de097f20,Air,i-Butyl alcohol,Emission,Stack Emissions,tonnes,27.277143,GRP-de097f20,,,,Ore processed,1,ore
,GRP-de097f20,Air,Arsenic (and its compounds),Emission,Fugitive Emissions,kg,20.430899999999998,GRP-de097f20,,,,Ore processed,1,ore
,GRP-de097f20,Air,Arsenic (and its compounds),Emission,Stack Emissions,kg,111.80181,GRP-de097f20,,,,Ore processed,1,ore
,GRP-de097f20,Air,Arsenic (and its compounds),Emission,Storage / Handling,kg,0.3481,GRP-de097f20,,,,Ore processed,1,ore
,GRP-de097f20,Air,Cadmium (and its compounds),Emission,Fugitive Emissions,kg,115.311335,GRP-de097f20,,,,Ore processed,1,ore
,GRP-de097f20,Air,Cadmium (and its compounds),Emission,Stack Emissions,kg,862.8777560000001,GRP-de097f20,,,,Ore processed,1,ore
,GRP-de097f20,Air,Cadmium (and its compounds),Emission,Storage / Handling,kg,0.0673,GRP-de097f20,,,,Ore processed,1,ore
,GRP-de097f20,Air,Chromium (and its compounds),Emission,Fugitive Emissions,tonnes,0.178049,GRP-de097f20,,,,Ore processed,1,ore
,GRP-de097f20,Air,Chromium (and its compounds),Emission,Stack Emissions,tonnes,0.23527900000000002,GRP-de097f20,,,,Ore processed,1,ore
,GRP-de097f20,Air,Chromium (and its compounds),Emission,Storage / Handling,tonnes,0.0265,GRP-de097f20,,,,Ore processed,1,ore
,GRP-de097f20,Air,Cobalt (and its compounds),Emission,Fugitive Emissions,kg,245.633793,GRP-de097f20,,,,Ore processed,1,ore
,GRP-de097f20,Air,Cobalt (and its compounds),Emission,Stack Emissions,kg,1064.4667279999999,GRP-de097f20,,,,Ore processed,1,ore
,GRP-de097f20,Air,Cobalt (and its compounds),Emission,Storage / Handling,kg,26.9041,GRP-de097f20,,,,Ore processed,1,ore
,GRP-de097f20,Air,Copper (and its compounds),Emission,Fugitive Emissions,tonnes,0.998896,GRP-de097f20,,,,Ore processed,1,ore
,GRP-de097f20,Air,Copper (and its compounds),Emission,Stack Emissions,tonnes,8.499355000000001,GRP-de097f20,,,,Ore processed,1,ore
,GRP-de097f20,Air,Copper (and its compounds),Emission,Storage / Handling,tonnes,0.0609,GRP-de097f20,,,,Ore processed,1,ore
,GRP-de097f20,Air,Lead (and its compounds),Emission,Fugitive Emissions,kg,484.88726199999996,GRP-de097f20,,,,Ore processed,1,ore
,GRP-de097f20,Air,Lead (and its compounds),Emission,Stack Emissions,kg,2290.163641,GRP-de097f20,,,,Ore processed,1,ore
,GRP-de097f20,Air,Lead (and its compounds),Emission,Storage / Handling,kg,0.7162,GRP-de097f20,,,,Ore processed,1,ore
,GRP-de097f20,Air,Manganese (and its compounds),Emission,Fugitive Emissions,tonnes,0.132591,GRP-de097f20,,,,Ore processed,1,ore
,GRP-de097f20,Air,Manganese (and its compounds),Emission,Stack Emissions,tonnes,0.39051,GRP-de097f20,,,,Ore processed,1,ore
,GRP-de097f20,Air,Manganese (and its compounds),Emission,Storage / Handling,tonnes,0.0089,GRP-de097f20,,,,Ore processed,1,ore
,GRP-de097f20,Air,Mercury (and its compounds),Emission,Fugitive Emissions,tonnes,1.4e-05,GRP-de097f20,,,,Ore processed,1,ore
,GRP-de097f20,Air,Mercury (and its compounds),Emission,Stack Emissions,tonnes,0.0367441,GRP-de097f20,,,,Ore processed,1,ore
,GRP-de097f20,Air,Mercury (and its compounds),Emission,Storage / Handling,tonnes,1e-06,GRP-de097f20,,,,Ore processed,1,ore
,GRP-de097f20,Air,Nickel (and its compounds),Emission,Fugitive Emissions,tonnes,2.278866,GRP-de097f20,,,,Ore processed,1,ore
,GRP-de097f20,Air,Nickel (and its compounds),Emission,Stack Emissions,tonnes,13.743074,GRP-de097f20,,,,Ore processed,1,ore
,GRP-de097f20,Air,Nickel (and its compounds),Emission,Storage / Handling,tonnes,0.2153,GRP-de097f20,,,,Ore processed,1,ore
,GRP-de097f20,Air,Selenium (and its compounds),Emission,Fugitive Emissions,kg,19.0959,GRP-de097f20,,,,Ore processed,1,ore
,GRP-de097f20,Air,Selenium (and its compounds),Emission,Stack Emissions,kg,697.0745949999999,GRP-de097f20,,,,Ore processed,1,ore
,GRP-de097f20,Air,Selenium (and its compounds),Emission,Storage / Handling,kg,0.1423,GRP-de097f20,,,,Ore processed,1,ore
,GRP-de097f20,Air,Silver (and its compounds),Emission,Stack Emissions,tonnes,0.000366,GRP-de097f20,,,,Ore processed,1,ore
,GRP-de097f20,Air,Zinc (and its compounds),Emission,Fugitive Emissions,tonnes,0.746784,GRP-de097f20,,,,Ore processed,1,ore
,GRP-de097f20,Air,Zinc (and its compounds),Emission,Stack Emissions,tonnes,2.833265,GRP-de097f20,,,,Ore processed,1,ore
,GRP-de097f20,Air,Zinc (and its compounds),Emission,Storage / Handling,tonnes,0.0044,GRP-de097f20,,,,Ore processed,1,ore
,GRP-de097f20,Air,Ammonia (total),Emission,Stack Emissions,tonnes,8.988993,GRP-de097f20,,,,Ore processed,1,ore
,GRP-de097f20,Air,Phosphorus (total),Emission,Fugitive Emissions,tonnes,0.187,GRP-de097f20,,,,Ore processed,1,ore
,GRP-de097f20,Air,Phosphorus (total),Emission,Stack Emissions,tonnes,1.4155,GRP-de097f20,,,,Ore processed,1,ore
,GRP-de097f20,Air,Phosphorus (total),Emission,Storage / Handling,tonnes,0.0007,GRP-de097f20,,,,Ore processed,1,ore
,GRP-de097f20,Air,Thallium (and its compounds),Emission,Fugitive Emissions,kg,2.2514,GRP-de097f20,,,,Ore processed,1,ore
,GRP-de097f20,Air,Thallium (and its compounds),Emission,Stack Emissions,kg,34.776261,GRP-de097f20,,,,Ore processed,1,ore
,GRP-de097f20,Air,Thallium (and its compounds),Emission,Storage / Handling,kg,0.0092,GRP-de097f20,,,,Ore processed,1,ore
,GRP-de097f20,Air,Vanadium (and its compounds),Emission,Fugitive Emissions,tonnes,0.015589,GRP-de097f20,,,,Ore processed,1,ore
,GRP-de097f20,Air,Vanadium (and its compounds),Emission,Stack Emissions,tonnes,0.035479,GRP-de097f20,,,,Ore processed,1,ore
,GRP-de097f20,Air,Vanadium (and its compounds),Emission,Storage / Handling,tonnes,0.0012,GRP-de097f20,,,,Ore processed,1,ore
,GRP-de097f20,Air,Dioxins and furans - total,Emission,Stack Emissions,g TEQ,0.092528,GRP-de097f20,,,,Ore processed,1,ore
,GRP-de097f20,Air,GHG,Emission,Unspecified,tCO2eq,135330.0,GRP-de097f20,,,,Ore processed,1,ore
,GRP-de097f20,Air,GHG,,,tCO2eq,15939.000068204035,GRP-de097f20,,,,Ore processed,1,ore
,GRP-de097f20,Air,Total particulate matter,Emission,Fugitive Emissions,tonnes,123.501802,GRP-de097f20,,,,Ore processed,1,ore
,GRP-de097f20,Air,Total particulate matter,Emission,Stack Emissions,tonnes,286.422531,GRP-de097f20,,,,Ore processed,1,ore
,GRP-de097f20,Air,Total particulate matter,Emission,Storage / Handling,tonnes,6.1017,GRP-de097f20,,,,Ore processed,1,ore
,GRP-de097f20,Air,PM10 - Particulate Matter <= 10 Micrometers,Emission,Fugitive Emissions,tonnes,61.940342,GRP-de097f20,,,,Ore processed,1,ore
,GRP-de097f20,Air,PM10 - Particulate Matter <= 10 Micrometers,Emission,Stack Emissions,tonnes,174.590014,GRP-de097f20,,,,Ore processed,1,ore
,GRP-de097f20,Air,PM10 - Particulate Matter <= 10 Micrometers,Emission,Storage / Handling,tonnes,3.2752,GRP-de097f20,,,,Ore processed,1,ore
,GRP-de097f20,Air,PM2.5 - Particulate Matter <= 2.5 Micrometers,Emission,Fugitive Emissions,tonnes,14.894678,GRP-de097f20,,,,Ore processed,1,ore
,GRP-de097f20,Air,PM2.5 - Particulate Matter <= 2.5 Micrometers,Emission,Stack Emissions,tonnes,137.25492,GRP-de097f20,,,,Ore processed,1,ore
,GRP-de097f20,Air,PM2.5 - Particulate Matter <= 2.5 Micrometers,Emission,Storage / Handling,tonnes,0.4839,GRP-de097f20,,,,Ore processed,1,ore
,GRP-de097f20,Air,Total reduced sulphur (expressed as hydrogen sulphide),Emission,Stack Emissions,tonnes,14.575681,GRP-de097f20,,,,Ore processed,1,ore
,GRP-de097f20,Air,Volatile Organic Compounds (Total),Emission,Fugitive Emissions,tonnes,46.074040000000004,GRP-de097f20,,,,Ore processed,1,ore
,GRP-de097f20,Air,Volatile Organic Compounds (Total),Emission,Stack Emissions,tonnes,10.6969,GRP-de097f20,,,,Ore processed,1,ore
,GRP-de097f20,Water,Arsenic (and its compounds),Emission,Direct Discharge,kg,45.6087,GRP-de097f20,,,,Ore processed,1,ore
,GRP-de097f20,Water,Arsenic (and its compounds),Emission,Waterbody,kg,0.0,GRP-de097f20,,,,Ore processed,1,ore
,GRP-de097f20,Water,Cadmium (and its compounds),Emission,Direct Discharge,kg,4.1769,GRP-de097f20,,,,Ore processed,1,ore
,GRP-de097f20,Water,Cadmium (and its compounds),Emission,Waterbody,kg,0.0,GRP-de097f20,,,,Ore processed,1,ore
,GRP-de097f20,Water,Chromium (and its compounds),Emission,Direct Discharge,tonnes,0.106068,GRP-de097f20,,,,Ore processed,1,ore
,GRP-de097f20,Water,Chromium (and its compounds),Emission,Waterbody,tonnes,0.0,GRP-de097f20,,,,Ore processed,1,ore
,GRP-de097f20,Water,Cobalt (and its compounds),Emission,Direct Discharge,kg,56.255799999999994,GRP-de097f20,,,,Ore processed,1,ore
,GRP-de097f20,Water,Cobalt (and its compounds),Emission,Waterbody,kg,0.0,GRP-de097f20,,,,Ore processed,1,ore
,GRP-de097f20,Water,Copper (and its compounds),Emission,Direct Discharge,tonnes,0.45685,GRP-de097f20,,,,Ore processed,1,ore
,GRP-de097f20,Water,Copper (and its compounds),Emission,Waterbody,tonnes,0.0,GRP-de097f20,,,,Ore processed,1,ore
,GRP-de097f20,Water,Lead (and its compounds),Emission,Direct Discharge,kg,18.6184,GRP-de097f20,,,,Ore processed,1,ore
,GRP-de097f20,Water,Lead (and its compounds),Emission,Waterbody,kg,0.0,GRP-de097f20,,,,Ore processed,1,ore
,GRP-de097f20,Water,Manganese (and its compounds),Emission,Direct Discharge,tonnes,0.694043,GRP-de097f20,,,,Ore processed,1,ore
,GRP-de097f20,Water,Manganese (and its compounds),Emission,Waterbody,tonnes,0.0,GRP-de097f20,,,,Ore processed,1,ore
,GRP-de097f20,Water,Mercury (and its compounds),Emission,Direct Discharge,tonnes,5.32e-05,GRP-de097f20,,,,Ore processed,1,ore
,GRP-de097f20,Water,Mercury (and its compounds),Emission,Waterbody,tonnes,0.0,GRP-de097f20,,,,Ore processed,1,ore
,GRP-de097f20,Water,Nickel (and its compounds),Emission,Direct Discharge,tonnes,2.062707,GRP-de097f20,,,,Ore processed,1,ore
,GRP-de097f20,Water,Nickel (and its compounds),Emission,Waterbody,tonnes,0.0,GRP-de097f20,,,,Ore processed,1,ore
,GRP-de097f20,Water,Selenium (and its compounds),Emission,Direct Discharge,kg,53.325900000000004,GRP-de097f20,,,,Ore processed,1,ore
,GRP-de097f20,Water,Selenium (and its compounds),Emission,Waterbody,kg,0.0,GRP-de097f20,,,,Ore processed,1,ore
,GRP-de097f20,Water,Zinc (and its compounds),Emission,Direct Discharge,tonnes,0.284524,GRP-de097f20,,,,Ore processed,1,ore
,GRP-de097f20,Water,Zinc (and its compounds),Emission,Waterbody,tonnes,0.0,GRP-de097f20,,,,Ore processed,1,ore
,GRP-de097f20,Water,Ammonia (total),Emission,Direct Discharge,tonnes,19.349485,GRP-de097f20,,,,Ore processed,1,ore
,GRP-de097f20,Water,Ammonia (total),Emission,Waterbody,tonnes,0.0,GRP-de097f20,,,,Ore processed,1,ore
,GRP-de097f20,Water,Nitrate ion in solution at pH >= 6.0,Emission,Direct Discharge,tonnes,19.996318,GRP-de097f20,,,,Ore processed,1,ore
,GRP-de097f20,Water,Nitrate ion in solution at pH >= 6.0,Emission,Waterbody,tonnes,0.0,GRP-de097f20,,,,Ore processed,1,ore
,GRP-de097f20,Water,Thallium (and its compounds),Emission,Direct Discharge,kg,0.0021,GRP-de097f20,,,,Ore processed,1,ore
,GRP-de097f20,Water,Thallium (and its compounds),Emission,Waterbody,kg,0.0,GRP-de097f20,,,,Ore processed,1,ore
,GRP-de097f20,Water,Vanadium (and its compounds),Emission,Direct Discharge,tonnes,0.007037,GRP-de097f20,,,,Ore processed,1,ore
,GRP-de097f20,Water,Vanadium (and its compounds),Emission,Waterbody,tonnes,0.0,GRP-de097f20,,,,Ore processed,1,ore
